[2026-06-18T16:50:14.462+0000] {processor.py:161} INFO - Started process (PID=59) to work on /home/airflow/.local/lib/python3.8/site-packages/airflow/example_dags/example_params_trigger_ui.py
[2026-06-18T16:50:14.463+0000] {processor.py:830} INFO - Processing file /home/airflow/.local/lib/python3.8/site-packages/airflow/example_dags/example_params_trigger_ui.py for tasks to queue
[2026-06-18T16:50:14.471+0000] {logging_mixin.py:188} INFO - [2026-06-18T16:50:14.466+0000] {dagbag.py:538} INFO - Filling up the DagBag from /home/airflow/.local/lib/python3.8/site-packages/airflow/example_dags/example_params_trigger_ui.py
[2026-06-18T16:50:14.526+0000] {processor.py:840} INFO - DAG(s) 'example_params_trigger_ui' retrieved from /home/airflow/.local/lib/python3.8/site-packages/airflow/example_dags/example_params_trigger_ui.py
[2026-06-18T16:50:14.677+0000] {logging_mixin.py:188} INFO - [2026-06-18T16:50:14.677+0000] {dag.py:3036} INFO - Sync 1 DAGs
[2026-06-18T16:50:14.703+0000] {logging_mixin.py:188} INFO - [2026-06-18T16:50:14.703+0000] {dag.py:3823} INFO - Setting next_dagrun for example_params_trigger_ui to None, run_after=None
[2026-06-18T16:50:14.775+0000] {processor.py:183} INFO - Processing /home/airflow/.local/lib/python3.8/site-packages/airflow/example_dags/example_params_trigger_ui.py took 0.331 seconds
[2026-06-18T16:50:44.889+0000] {processor.py:161} INFO - Started process (PID=125) to work on /home/airflow/.local/lib/python3.8/site-packages/airflow/example_dags/example_params_trigger_ui.py
[2026-06-18T16:50:44.891+0000] {processor.py:830} INFO - Processing file /home/airflow/.local/lib/python3.8/site-packages/airflow/example_dags/example_params_trigger_ui.py for tasks to queue
[2026-06-18T16:50:44.895+0000] {logging_mixin.py:188} INFO - [2026-06-18T16:50:44.894+0000] {dagbag.py:538} INFO - Filling up the DagBag from /home/airflow/.local/lib/python3.8/site-packages/airflow/example_dags/example_params_trigger_ui.py
[2026-06-18T16:50:44.921+0000] {processor.py:840} INFO - DAG(s) 'example_params_trigger_ui' retrieved from /home/airflow/.local/lib/python3.8/site-packages/airflow/example_dags/example_params_trigger_ui.py
[2026-06-18T16:50:45.058+0000] {logging_mixin.py:188} INFO - [2026-06-18T16:50:45.058+0000] {dag.py:3036} INFO - Sync 1 DAGs
[2026-06-18T16:50:45.083+0000] {logging_mixin.py:188} INFO - [2026-06-18T16:50:45.082+0000] {dag.py:3823} INFO - Setting next_dagrun for example_params_trigger_ui to None, run_after=None
[2026-06-18T16:50:45.123+0000] {processor.py:183} INFO - Processing /home/airflow/.local/lib/python3.8/site-packages/airflow/example_dags/example_params_trigger_ui.py took 0.240 seconds
[2026-06-18T16:51:15.844+0000] {processor.py:161} INFO - Started process (PID=192) to work on /home/airflow/.local/lib/python3.8/site-packages/airflow/example_dags/example_params_trigger_ui.py
[2026-06-18T16:51:15.846+0000] {processor.py:830} INFO - Processing file /home/airflow/.local/lib/python3.8/site-packages/airflow/example_dags/example_params_trigger_ui.py for tasks to queue
[2026-06-18T16:51:15.850+0000] {logging_mixin.py:188} INFO - [2026-06-18T16:51:15.849+0000] {dagbag.py:538} INFO - Filling up the DagBag from /home/airflow/.local/lib/python3.8/site-packages/airflow/example_dags/example_params_trigger_ui.py
[2026-06-18T16:51:15.878+0000] {processor.py:840} INFO - DAG(s) 'example_params_trigger_ui' retrieved from /home/airflow/.local/lib/python3.8/site-packages/airflow/example_dags/example_params_trigger_ui.py
[2026-06-18T16:51:15.997+0000] {logging_mixin.py:188} INFO - [2026-06-18T16:51:15.997+0000] {dag.py:3036} INFO - Sync 1 DAGs
[2026-06-18T16:51:16.022+0000] {logging_mixin.py:188} INFO - [2026-06-18T16:51:16.022+0000] {dag.py:3823} INFO - Setting next_dagrun for example_params_trigger_ui to None, run_after=None
[2026-06-18T16:51:16.058+0000] {processor.py:183} INFO - Processing /home/airflow/.local/lib/python3.8/site-packages/airflow/example_dags/example_params_trigger_ui.py took 0.228 seconds
[2026-06-18T16:51:47.079+0000] {processor.py:161} INFO - Started process (PID=258) to work on /home/airflow/.local/lib/python3.8/site-packages/airflow/example_dags/example_params_trigger_ui.py
[2026-06-18T16:51:47.081+0000] {processor.py:830} INFO - Processing file /home/airflow/.local/lib/python3.8/site-packages/airflow/example_dags/example_params_trigger_ui.py for tasks to queue
[2026-06-18T16:51:47.083+0000] {logging_mixin.py:188} INFO - [2026-06-18T16:51:47.083+0000] {dagbag.py:538} INFO - Filling up the DagBag from /home/airflow/.local/lib/python3.8/site-packages/airflow/example_dags/example_params_trigger_ui.py
[2026-06-18T16:51:47.105+0000] {processor.py:840} INFO - DAG(s) 'example_params_trigger_ui' retrieved from /home/airflow/.local/lib/python3.8/site-packages/airflow/example_dags/example_params_trigger_ui.py
[2026-06-18T16:51:47.209+0000] {logging_mixin.py:188} INFO - [2026-06-18T16:51:47.209+0000] {dag.py:3036} INFO - Sync 1 DAGs
[2026-06-18T16:51:47.229+0000] {logging_mixin.py:188} INFO - [2026-06-18T16:51:47.228+0000] {dag.py:3823} INFO - Setting next_dagrun for example_params_trigger_ui to None, run_after=None
[2026-06-18T16:51:47.259+0000] {processor.py:183} INFO - Processing /home/airflow/.local/lib/python3.8/site-packages/airflow/example_dags/example_params_trigger_ui.py took 0.186 seconds
[2026-06-18T16:52:18.008+0000] {processor.py:161} INFO - Started process (PID=324) to work on /home/airflow/.local/lib/python3.8/site-packages/airflow/example_dags/example_params_trigger_ui.py
[2026-06-18T16:52:18.011+0000] {processor.py:830} INFO - Processing file /home/airflow/.local/lib/python3.8/site-packages/airflow/example_dags/example_params_trigger_ui.py for tasks to queue
[2026-06-18T16:52:18.013+0000] {logging_mixin.py:188} INFO - [2026-06-18T16:52:18.013+0000] {dagbag.py:538} INFO - Filling up the DagBag from /home/airflow/.local/lib/python3.8/site-packages/airflow/example_dags/example_params_trigger_ui.py
[2026-06-18T16:52:18.036+0000] {processor.py:840} INFO - DAG(s) 'example_params_trigger_ui' retrieved from /home/airflow/.local/lib/python3.8/site-packages/airflow/example_dags/example_params_trigger_ui.py
[2026-06-18T16:52:18.141+0000] {logging_mixin.py:188} INFO - [2026-06-18T16:52:18.141+0000] {dag.py:3036} INFO - Sync 1 DAGs
[2026-06-18T16:52:18.162+0000] {logging_mixin.py:188} INFO - [2026-06-18T16:52:18.162+0000] {dag.py:3823} INFO - Setting next_dagrun for example_params_trigger_ui to None, run_after=None
[2026-06-18T16:52:18.195+0000] {processor.py:183} INFO - Processing /home/airflow/.local/lib/python3.8/site-packages/airflow/example_dags/example_params_trigger_ui.py took 0.192 seconds
[2026-06-18T16:52:48.587+0000] {processor.py:161} INFO - Started process (PID=392) to work on /home/airflow/.local/lib/python3.8/site-packages/airflow/example_dags/example_params_trigger_ui.py
[2026-06-18T16:52:48.589+0000] {processor.py:830} INFO - Processing file /home/airflow/.local/lib/python3.8/site-packages/airflow/example_dags/example_params_trigger_ui.py for tasks to queue
[2026-06-18T16:52:48.592+0000] {logging_mixin.py:188} INFO - [2026-06-18T16:52:48.591+0000] {dagbag.py:538} INFO - Filling up the DagBag from /home/airflow/.local/lib/python3.8/site-packages/airflow/example_dags/example_params_trigger_ui.py
[2026-06-18T16:52:48.612+0000] {processor.py:840} INFO - DAG(s) 'example_params_trigger_ui' retrieved from /home/airflow/.local/lib/python3.8/site-packages/airflow/example_dags/example_params_trigger_ui.py
[2026-06-18T16:52:48.714+0000] {logging_mixin.py:188} INFO - [2026-06-18T16:52:48.714+0000] {dag.py:3036} INFO - Sync 1 DAGs
[2026-06-18T16:52:48.735+0000] {logging_mixin.py:188} INFO - [2026-06-18T16:52:48.735+0000] {dag.py:3823} INFO - Setting next_dagrun for example_params_trigger_ui to None, run_after=None
[2026-06-18T16:52:48.765+0000] {processor.py:183} INFO - Processing /home/airflow/.local/lib/python3.8/site-packages/airflow/example_dags/example_params_trigger_ui.py took 0.183 seconds
[2026-06-18T16:53:18.901+0000] {processor.py:161} INFO - Started process (PID=458) to work on /home/airflow/.local/lib/python3.8/site-packages/airflow/example_dags/example_params_trigger_ui.py
[2026-06-18T16:53:18.902+0000] {processor.py:830} INFO - Processing file /home/airflow/.local/lib/python3.8/site-packages/airflow/example_dags/example_params_trigger_ui.py for tasks to queue
[2026-06-18T16:53:18.904+0000] {logging_mixin.py:188} INFO - [2026-06-18T16:53:18.904+0000] {dagbag.py:538} INFO - Filling up the DagBag from /home/airflow/.local/lib/python3.8/site-packages/airflow/example_dags/example_params_trigger_ui.py
[2026-06-18T16:53:18.929+0000] {processor.py:840} INFO - DAG(s) 'example_params_trigger_ui' retrieved from /home/airflow/.local/lib/python3.8/site-packages/airflow/example_dags/example_params_trigger_ui.py
[2026-06-18T16:53:19.042+0000] {logging_mixin.py:188} INFO - [2026-06-18T16:53:19.042+0000] {dag.py:3036} INFO - Sync 1 DAGs
[2026-06-18T16:53:19.064+0000] {logging_mixin.py:188} INFO - [2026-06-18T16:53:19.063+0000] {dag.py:3823} INFO - Setting next_dagrun for example_params_trigger_ui to None, run_after=None
[2026-06-18T16:53:19.098+0000] {processor.py:183} INFO - Processing /home/airflow/.local/lib/python3.8/site-packages/airflow/example_dags/example_params_trigger_ui.py took 0.202 seconds
[2026-06-18T16:53:49.148+0000] {processor.py:161} INFO - Started process (PID=525) to work on /home/airflow/.local/lib/python3.8/site-packages/airflow/example_dags/example_params_trigger_ui.py
[2026-06-18T16:53:49.150+0000] {processor.py:830} INFO - Processing file /home/airflow/.local/lib/python3.8/site-packages/airflow/example_dags/example_params_trigger_ui.py for tasks to queue
[2026-06-18T16:53:49.152+0000] {logging_mixin.py:188} INFO - [2026-06-18T16:53:49.152+0000] {dagbag.py:538} INFO - Filling up the DagBag from /home/airflow/.local/lib/python3.8/site-packages/airflow/example_dags/example_params_trigger_ui.py
[2026-06-18T16:53:49.177+0000] {processor.py:840} INFO - DAG(s) 'example_params_trigger_ui' retrieved from /home/airflow/.local/lib/python3.8/site-packages/airflow/example_dags/example_params_trigger_ui.py
[2026-06-18T16:53:49.300+0000] {logging_mixin.py:188} INFO - [2026-06-18T16:53:49.299+0000] {dag.py:3036} INFO - Sync 1 DAGs
[2026-06-18T16:53:49.319+0000] {logging_mixin.py:188} INFO - [2026-06-18T16:53:49.318+0000] {dag.py:3823} INFO - Setting next_dagrun for example_params_trigger_ui to None, run_after=None
[2026-06-18T16:53:49.356+0000] {processor.py:183} INFO - Processing /home/airflow/.local/lib/python3.8/site-packages/airflow/example_dags/example_params_trigger_ui.py took 0.213 seconds
[2026-06-18T16:54:19.788+0000] {processor.py:161} INFO - Started process (PID=592) to work on /home/airflow/.local/lib/python3.8/site-packages/airflow/example_dags/example_params_trigger_ui.py
[2026-06-18T16:54:19.789+0000] {processor.py:830} INFO - Processing file /home/airflow/.local/lib/python3.8/site-packages/airflow/example_dags/example_params_trigger_ui.py for tasks to queue
[2026-06-18T16:54:19.792+0000] {logging_mixin.py:188} INFO - [2026-06-18T16:54:19.791+0000] {dagbag.py:538} INFO - Filling up the DagBag from /home/airflow/.local/lib/python3.8/site-packages/airflow/example_dags/example_params_trigger_ui.py
[2026-06-18T16:54:19.816+0000] {processor.py:840} INFO - DAG(s) 'example_params_trigger_ui' retrieved from /home/airflow/.local/lib/python3.8/site-packages/airflow/example_dags/example_params_trigger_ui.py
[2026-06-18T16:54:19.926+0000] {logging_mixin.py:188} INFO - [2026-06-18T16:54:19.925+0000] {dag.py:3036} INFO - Sync 1 DAGs
[2026-06-18T16:54:19.946+0000] {logging_mixin.py:188} INFO - [2026-06-18T16:54:19.946+0000] {dag.py:3823} INFO - Setting next_dagrun for example_params_trigger_ui to None, run_after=None
[2026-06-18T16:54:19.975+0000] {processor.py:183} INFO - Processing /home/airflow/.local/lib/python3.8/site-packages/airflow/example_dags/example_params_trigger_ui.py took 0.192 seconds
[2026-06-18T16:54:50.229+0000] {processor.py:161} INFO - Started process (PID=657) to work on /home/airflow/.local/lib/python3.8/site-packages/airflow/example_dags/example_params_trigger_ui.py
[2026-06-18T16:54:50.231+0000] {processor.py:830} INFO - Processing file /home/airflow/.local/lib/python3.8/site-packages/airflow/example_dags/example_params_trigger_ui.py for tasks to queue
[2026-06-18T16:54:50.234+0000] {logging_mixin.py:188} INFO - [2026-06-18T16:54:50.233+0000] {dagbag.py:538} INFO - Filling up the DagBag from /home/airflow/.local/lib/python3.8/site-packages/airflow/example_dags/example_params_trigger_ui.py
[2026-06-18T16:54:50.255+0000] {processor.py:840} INFO - DAG(s) 'example_params_trigger_ui' retrieved from /home/airflow/.local/lib/python3.8/site-packages/airflow/example_dags/example_params_trigger_ui.py
[2026-06-18T16:54:50.359+0000] {logging_mixin.py:188} INFO - [2026-06-18T16:54:50.358+0000] {dag.py:3036} INFO - Sync 1 DAGs
[2026-06-18T16:54:50.378+0000] {logging_mixin.py:188} INFO - [2026-06-18T16:54:50.378+0000] {dag.py:3823} INFO - Setting next_dagrun for example_params_trigger_ui to None, run_after=None
[2026-06-18T16:54:50.414+0000] {processor.py:183} INFO - Processing /home/airflow/.local/lib/python3.8/site-packages/airflow/example_dags/example_params_trigger_ui.py took 0.190 seconds
[2026-06-18T16:55:20.725+0000] {processor.py:161} INFO - Started process (PID=731) to work on /home/airflow/.local/lib/python3.8/site-packages/airflow/example_dags/example_params_trigger_ui.py
[2026-06-18T16:55:20.727+0000] {processor.py:830} INFO - Processing file /home/airflow/.local/lib/python3.8/site-packages/airflow/example_dags/example_params_trigger_ui.py for tasks to queue
[2026-06-18T16:55:20.729+0000] {logging_mixin.py:188} INFO - [2026-06-18T16:55:20.729+0000] {dagbag.py:538} INFO - Filling up the DagBag from /home/airflow/.local/lib/python3.8/site-packages/airflow/example_dags/example_params_trigger_ui.py
[2026-06-18T16:55:20.754+0000] {processor.py:840} INFO - DAG(s) 'example_params_trigger_ui' retrieved from /home/airflow/.local/lib/python3.8/site-packages/airflow/example_dags/example_params_trigger_ui.py
[2026-06-18T16:55:20.856+0000] {logging_mixin.py:188} INFO - [2026-06-18T16:55:20.855+0000] {dag.py:3036} INFO - Sync 1 DAGs
[2026-06-18T16:55:20.877+0000] {logging_mixin.py:188} INFO - [2026-06-18T16:55:20.876+0000] {dag.py:3823} INFO - Setting next_dagrun for example_params_trigger_ui to None, run_after=None
[2026-06-18T16:55:20.915+0000] {processor.py:183} INFO - Processing /home/airflow/.local/lib/python3.8/site-packages/airflow/example_dags/example_params_trigger_ui.py took 0.194 seconds
[2026-06-18T16:55:51.028+0000] {processor.py:161} INFO - Started process (PID=799) to work on /home/airflow/.local/lib/python3.8/site-packages/airflow/example_dags/example_params_trigger_ui.py
[2026-06-18T16:55:51.031+0000] {processor.py:830} INFO - Processing file /home/airflow/.local/lib/python3.8/site-packages/airflow/example_dags/example_params_trigger_ui.py for tasks to queue
[2026-06-18T16:55:51.034+0000] {logging_mixin.py:188} INFO - [2026-06-18T16:55:51.033+0000] {dagbag.py:538} INFO - Filling up the DagBag from /home/airflow/.local/lib/python3.8/site-packages/airflow/example_dags/example_params_trigger_ui.py
[2026-06-18T16:55:51.057+0000] {processor.py:840} INFO - DAG(s) 'example_params_trigger_ui' retrieved from /home/airflow/.local/lib/python3.8/site-packages/airflow/example_dags/example_params_trigger_ui.py
[2026-06-18T16:55:51.153+0000] {logging_mixin.py:188} INFO - [2026-06-18T16:55:51.152+0000] {dag.py:3036} INFO - Sync 1 DAGs
[2026-06-18T16:55:51.171+0000] {logging_mixin.py:188} INFO - [2026-06-18T16:55:51.171+0000] {dag.py:3823} INFO - Setting next_dagrun for example_params_trigger_ui to None, run_after=None
[2026-06-18T16:55:51.200+0000] {processor.py:183} INFO - Processing /home/airflow/.local/lib/python3.8/site-packages/airflow/example_dags/example_params_trigger_ui.py took 0.177 seconds
[2026-06-18T16:56:21.490+0000] {processor.py:161} INFO - Started process (PID=865) to work on /home/airflow/.local/lib/python3.8/site-packages/airflow/example_dags/example_params_trigger_ui.py
[2026-06-18T16:56:21.492+0000] {processor.py:830} INFO - Processing file /home/airflow/.local/lib/python3.8/site-packages/airflow/example_dags/example_params_trigger_ui.py for tasks to queue
[2026-06-18T16:56:21.495+0000] {logging_mixin.py:188} INFO - [2026-06-18T16:56:21.495+0000] {dagbag.py:538} INFO - Filling up the DagBag from /home/airflow/.local/lib/python3.8/site-packages/airflow/example_dags/example_params_trigger_ui.py
[2026-06-18T16:56:21.521+0000] {processor.py:840} INFO - DAG(s) 'example_params_trigger_ui' retrieved from /home/airflow/.local/lib/python3.8/site-packages/airflow/example_dags/example_params_trigger_ui.py
[2026-06-18T16:56:21.649+0000] {logging_mixin.py:188} INFO - [2026-06-18T16:56:21.648+0000] {dag.py:3036} INFO - Sync 1 DAGs
[2026-06-18T16:56:21.668+0000] {logging_mixin.py:188} INFO - [2026-06-18T16:56:21.668+0000] {dag.py:3823} INFO - Setting next_dagrun for example_params_trigger_ui to None, run_after=None
[2026-06-18T16:56:21.701+0000] {processor.py:183} INFO - Processing /home/airflow/.local/lib/python3.8/site-packages/airflow/example_dags/example_params_trigger_ui.py took 0.219 seconds
[2026-06-18T16:56:52.424+0000] {processor.py:161} INFO - Started process (PID=931) to work on /home/airflow/.local/lib/python3.8/site-packages/airflow/example_dags/example_params_trigger_ui.py
[2026-06-18T16:56:52.426+0000] {processor.py:830} INFO - Processing file /home/airflow/.local/lib/python3.8/site-packages/airflow/example_dags/example_params_trigger_ui.py for tasks to queue
[2026-06-18T16:56:52.429+0000] {logging_mixin.py:188} INFO - [2026-06-18T16:56:52.429+0000] {dagbag.py:538} INFO - Filling up the DagBag from /home/airflow/.local/lib/python3.8/site-packages/airflow/example_dags/example_params_trigger_ui.py
[2026-06-18T16:56:52.451+0000] {processor.py:840} INFO - DAG(s) 'example_params_trigger_ui' retrieved from /home/airflow/.local/lib/python3.8/site-packages/airflow/example_dags/example_params_trigger_ui.py
[2026-06-18T16:56:52.561+0000] {logging_mixin.py:188} INFO - [2026-06-18T16:56:52.560+0000] {dag.py:3036} INFO - Sync 1 DAGs
[2026-06-18T16:56:52.587+0000] {logging_mixin.py:188} INFO - [2026-06-18T16:56:52.587+0000] {dag.py:3823} INFO - Setting next_dagrun for example_params_trigger_ui to None, run_after=None
[2026-06-18T16:56:52.641+0000] {processor.py:183} INFO - Processing /home/airflow/.local/lib/python3.8/site-packages/airflow/example_dags/example_params_trigger_ui.py took 0.223 seconds
[2026-06-18T16:57:23.170+0000] {processor.py:161} INFO - Started process (PID=996) to work on /home/airflow/.local/lib/python3.8/site-packages/airflow/example_dags/example_params_trigger_ui.py
[2026-06-18T16:57:23.172+0000] {processor.py:830} INFO - Processing file /home/airflow/.local/lib/python3.8/site-packages/airflow/example_dags/example_params_trigger_ui.py for tasks to queue
[2026-06-18T16:57:23.175+0000] {logging_mixin.py:188} INFO - [2026-06-18T16:57:23.175+0000] {dagbag.py:538} INFO - Filling up the DagBag from /home/airflow/.local/lib/python3.8/site-packages/airflow/example_dags/example_params_trigger_ui.py
[2026-06-18T16:57:23.196+0000] {processor.py:840} INFO - DAG(s) 'example_params_trigger_ui' retrieved from /home/airflow/.local/lib/python3.8/site-packages/airflow/example_dags/example_params_trigger_ui.py
[2026-06-18T16:57:23.306+0000] {logging_mixin.py:188} INFO - [2026-06-18T16:57:23.306+0000] {dag.py:3036} INFO - Sync 1 DAGs
[2026-06-18T16:57:23.330+0000] {logging_mixin.py:188} INFO - [2026-06-18T16:57:23.329+0000] {dag.py:3823} INFO - Setting next_dagrun for example_params_trigger_ui to None, run_after=None
[2026-06-18T16:57:23.367+0000] {processor.py:183} INFO - Processing /home/airflow/.local/lib/python3.8/site-packages/airflow/example_dags/example_params_trigger_ui.py took 0.203 seconds
[2026-06-18T16:57:54.041+0000] {processor.py:161} INFO - Started process (PID=1061) to work on /home/airflow/.local/lib/python3.8/site-packages/airflow/example_dags/example_params_trigger_ui.py
[2026-06-18T16:57:54.043+0000] {processor.py:830} INFO - Processing file /home/airflow/.local/lib/python3.8/site-packages/airflow/example_dags/example_params_trigger_ui.py for tasks to queue
[2026-06-18T16:57:54.046+0000] {logging_mixin.py:188} INFO - [2026-06-18T16:57:54.046+0000] {dagbag.py:538} INFO - Filling up the DagBag from /home/airflow/.local/lib/python3.8/site-packages/airflow/example_dags/example_params_trigger_ui.py
[2026-06-18T16:57:54.074+0000] {processor.py:840} INFO - DAG(s) 'example_params_trigger_ui' retrieved from /home/airflow/.local/lib/python3.8/site-packages/airflow/example_dags/example_params_trigger_ui.py
[2026-06-18T16:57:54.187+0000] {logging_mixin.py:188} INFO - [2026-06-18T16:57:54.186+0000] {dag.py:3036} INFO - Sync 1 DAGs
[2026-06-18T16:57:54.207+0000] {logging_mixin.py:188} INFO - [2026-06-18T16:57:54.206+0000] {dag.py:3823} INFO - Setting next_dagrun for example_params_trigger_ui to None, run_after=None
[2026-06-18T16:57:54.238+0000] {processor.py:183} INFO - Processing /home/airflow/.local/lib/python3.8/site-packages/airflow/example_dags/example_params_trigger_ui.py took 0.202 seconds
[2026-06-18T16:58:24.643+0000] {processor.py:161} INFO - Started process (PID=1126) to work on /home/airflow/.local/lib/python3.8/site-packages/airflow/example_dags/example_params_trigger_ui.py
[2026-06-18T16:58:24.645+0000] {processor.py:830} INFO - Processing file /home/airflow/.local/lib/python3.8/site-packages/airflow/example_dags/example_params_trigger_ui.py for tasks to queue
[2026-06-18T16:58:24.647+0000] {logging_mixin.py:188} INFO - [2026-06-18T16:58:24.647+0000] {dagbag.py:538} INFO - Filling up the DagBag from /home/airflow/.local/lib/python3.8/site-packages/airflow/example_dags/example_params_trigger_ui.py
[2026-06-18T16:58:24.671+0000] {processor.py:840} INFO - DAG(s) 'example_params_trigger_ui' retrieved from /home/airflow/.local/lib/python3.8/site-packages/airflow/example_dags/example_params_trigger_ui.py
[2026-06-18T16:58:24.704+0000] {logging_mixin.py:188} INFO - [2026-06-18T16:58:24.704+0000] {dag.py:3036} INFO - Sync 1 DAGs
[2026-06-18T16:58:24.735+0000] {logging_mixin.py:188} INFO - [2026-06-18T16:58:24.734+0000] {dag.py:3823} INFO - Setting next_dagrun for example_params_trigger_ui to None, run_after=None
[2026-06-18T16:58:24.787+0000] {processor.py:183} INFO - Processing /home/airflow/.local/lib/python3.8/site-packages/airflow/example_dags/example_params_trigger_ui.py took 0.150 seconds
[2026-06-18T16:58:55.037+0000] {processor.py:161} INFO - Started process (PID=1192) to work on /home/airflow/.local/lib/python3.8/site-packages/airflow/example_dags/example_params_trigger_ui.py
[2026-06-18T16:58:55.039+0000] {processor.py:830} INFO - Processing file /home/airflow/.local/lib/python3.8/site-packages/airflow/example_dags/example_params_trigger_ui.py for tasks to queue
[2026-06-18T16:58:55.042+0000] {logging_mixin.py:188} INFO - [2026-06-18T16:58:55.042+0000] {dagbag.py:538} INFO - Filling up the DagBag from /home/airflow/.local/lib/python3.8/site-packages/airflow/example_dags/example_params_trigger_ui.py
[2026-06-18T16:58:55.064+0000] {processor.py:840} INFO - DAG(s) 'example_params_trigger_ui' retrieved from /home/airflow/.local/lib/python3.8/site-packages/airflow/example_dags/example_params_trigger_ui.py
[2026-06-18T16:58:55.315+0000] {logging_mixin.py:188} INFO - [2026-06-18T16:58:55.314+0000] {dag.py:3036} INFO - Sync 1 DAGs
[2026-06-18T16:58:55.334+0000] {logging_mixin.py:188} INFO - [2026-06-18T16:58:55.333+0000] {dag.py:3823} INFO - Setting next_dagrun for example_params_trigger_ui to None, run_after=None
[2026-06-18T16:58:55.368+0000] {processor.py:183} INFO - Processing /home/airflow/.local/lib/python3.8/site-packages/airflow/example_dags/example_params_trigger_ui.py took 0.336 seconds
[2026-06-18T16:59:25.479+0000] {processor.py:161} INFO - Started process (PID=1258) to work on /home/airflow/.local/lib/python3.8/site-packages/airflow/example_dags/example_params_trigger_ui.py
[2026-06-18T16:59:25.481+0000] {processor.py:830} INFO - Processing file /home/airflow/.local/lib/python3.8/site-packages/airflow/example_dags/example_params_trigger_ui.py for tasks to queue
[2026-06-18T16:59:25.483+0000] {logging_mixin.py:188} INFO - [2026-06-18T16:59:25.483+0000] {dagbag.py:538} INFO - Filling up the DagBag from /home/airflow/.local/lib/python3.8/site-packages/airflow/example_dags/example_params_trigger_ui.py
[2026-06-18T16:59:25.504+0000] {processor.py:840} INFO - DAG(s) 'example_params_trigger_ui' retrieved from /home/airflow/.local/lib/python3.8/site-packages/airflow/example_dags/example_params_trigger_ui.py
[2026-06-18T16:59:25.605+0000] {logging_mixin.py:188} INFO - [2026-06-18T16:59:25.605+0000] {dag.py:3036} INFO - Sync 1 DAGs
[2026-06-18T16:59:25.625+0000] {logging_mixin.py:188} INFO - [2026-06-18T16:59:25.625+0000] {dag.py:3823} INFO - Setting next_dagrun for example_params_trigger_ui to None, run_after=None
[2026-06-18T16:59:25.658+0000] {processor.py:183} INFO - Processing /home/airflow/.local/lib/python3.8/site-packages/airflow/example_dags/example_params_trigger_ui.py took 0.184 seconds
[2026-06-18T16:59:55.962+0000] {processor.py:161} INFO - Started process (PID=1324) to work on /home/airflow/.local/lib/python3.8/site-packages/airflow/example_dags/example_params_trigger_ui.py
[2026-06-18T16:59:55.964+0000] {processor.py:830} INFO - Processing file /home/airflow/.local/lib/python3.8/site-packages/airflow/example_dags/example_params_trigger_ui.py for tasks to queue
[2026-06-18T16:59:55.967+0000] {logging_mixin.py:188} INFO - [2026-06-18T16:59:55.967+0000] {dagbag.py:538} INFO - Filling up the DagBag from /home/airflow/.local/lib/python3.8/site-packages/airflow/example_dags/example_params_trigger_ui.py
[2026-06-18T16:59:55.998+0000] {processor.py:840} INFO - DAG(s) 'example_params_trigger_ui' retrieved from /home/airflow/.local/lib/python3.8/site-packages/airflow/example_dags/example_params_trigger_ui.py
[2026-06-18T16:59:56.194+0000] {logging_mixin.py:188} INFO - [2026-06-18T16:59:56.194+0000] {dag.py:3036} INFO - Sync 1 DAGs
[2026-06-18T16:59:56.221+0000] {logging_mixin.py:188} INFO - [2026-06-18T16:59:56.221+0000] {dag.py:3823} INFO - Setting next_dagrun for example_params_trigger_ui to None, run_after=None
[2026-06-18T16:59:56.293+0000] {processor.py:183} INFO - Processing /home/airflow/.local/lib/python3.8/site-packages/airflow/example_dags/example_params_trigger_ui.py took 0.336 seconds
[2026-06-18T17:00:26.380+0000] {processor.py:161} INFO - Started process (PID=1390) to work on /home/airflow/.local/lib/python3.8/site-packages/airflow/example_dags/example_params_trigger_ui.py
[2026-06-18T17:00:26.383+0000] {processor.py:830} INFO - Processing file /home/airflow/.local/lib/python3.8/site-packages/airflow/example_dags/example_params_trigger_ui.py for tasks to queue
[2026-06-18T17:00:26.387+0000] {logging_mixin.py:188} INFO - [2026-06-18T17:00:26.386+0000] {dagbag.py:538} INFO - Filling up the DagBag from /home/airflow/.local/lib/python3.8/site-packages/airflow/example_dags/example_params_trigger_ui.py
[2026-06-18T17:00:26.414+0000] {processor.py:840} INFO - DAG(s) 'example_params_trigger_ui' retrieved from /home/airflow/.local/lib/python3.8/site-packages/airflow/example_dags/example_params_trigger_ui.py
[2026-06-18T17:00:26.662+0000] {logging_mixin.py:188} INFO - [2026-06-18T17:00:26.662+0000] {dag.py:3036} INFO - Sync 1 DAGs
[2026-06-18T17:00:26.681+0000] {logging_mixin.py:188} INFO - [2026-06-18T17:00:26.681+0000] {dag.py:3823} INFO - Setting next_dagrun for example_params_trigger_ui to None, run_after=None
[2026-06-18T17:00:26.721+0000] {processor.py:183} INFO - Processing /home/airflow/.local/lib/python3.8/site-packages/airflow/example_dags/example_params_trigger_ui.py took 0.348 seconds
[2026-06-18T17:00:56.814+0000] {processor.py:161} INFO - Started process (PID=1455) to work on /home/airflow/.local/lib/python3.8/site-packages/airflow/example_dags/example_params_trigger_ui.py
[2026-06-18T17:00:56.815+0000] {processor.py:830} INFO - Processing file /home/airflow/.local/lib/python3.8/site-packages/airflow/example_dags/example_params_trigger_ui.py for tasks to queue
[2026-06-18T17:00:56.818+0000] {logging_mixin.py:188} INFO - [2026-06-18T17:00:56.817+0000] {dagbag.py:538} INFO - Filling up the DagBag from /home/airflow/.local/lib/python3.8/site-packages/airflow/example_dags/example_params_trigger_ui.py
[2026-06-18T17:00:56.839+0000] {processor.py:840} INFO - DAG(s) 'example_params_trigger_ui' retrieved from /home/airflow/.local/lib/python3.8/site-packages/airflow/example_dags/example_params_trigger_ui.py
[2026-06-18T17:00:56.946+0000] {logging_mixin.py:188} INFO - [2026-06-18T17:00:56.945+0000] {dag.py:3036} INFO - Sync 1 DAGs
[2026-06-18T17:00:56.973+0000] {logging_mixin.py:188} INFO - [2026-06-18T17:00:56.973+0000] {dag.py:3823} INFO - Setting next_dagrun for example_params_trigger_ui to None, run_after=None
[2026-06-18T17:00:57.008+0000] {processor.py:183} INFO - Processing /home/airflow/.local/lib/python3.8/site-packages/airflow/example_dags/example_params_trigger_ui.py took 0.199 seconds
[2026-06-18T17:01:27.267+0000] {processor.py:161} INFO - Started process (PID=1521) to work on /home/airflow/.local/lib/python3.8/site-packages/airflow/example_dags/example_params_trigger_ui.py
[2026-06-18T17:01:27.269+0000] {processor.py:830} INFO - Processing file /home/airflow/.local/lib/python3.8/site-packages/airflow/example_dags/example_params_trigger_ui.py for tasks to queue
[2026-06-18T17:01:27.271+0000] {logging_mixin.py:188} INFO - [2026-06-18T17:01:27.271+0000] {dagbag.py:538} INFO - Filling up the DagBag from /home/airflow/.local/lib/python3.8/site-packages/airflow/example_dags/example_params_trigger_ui.py
[2026-06-18T17:01:27.291+0000] {processor.py:840} INFO - DAG(s) 'example_params_trigger_ui' retrieved from /home/airflow/.local/lib/python3.8/site-packages/airflow/example_dags/example_params_trigger_ui.py
[2026-06-18T17:01:27.436+0000] {logging_mixin.py:188} INFO - [2026-06-18T17:01:27.436+0000] {dag.py:3036} INFO - Sync 1 DAGs
[2026-06-18T17:01:27.456+0000] {logging_mixin.py:188} INFO - [2026-06-18T17:01:27.456+0000] {dag.py:3823} INFO - Setting next_dagrun for example_params_trigger_ui to None, run_after=None
[2026-06-18T17:01:27.488+0000] {processor.py:183} INFO - Processing /home/airflow/.local/lib/python3.8/site-packages/airflow/example_dags/example_params_trigger_ui.py took 0.226 seconds
[2026-06-18T17:01:57.999+0000] {processor.py:161} INFO - Started process (PID=1587) to work on /home/airflow/.local/lib/python3.8/site-packages/airflow/example_dags/example_params_trigger_ui.py
[2026-06-18T17:01:58.000+0000] {processor.py:830} INFO - Processing file /home/airflow/.local/lib/python3.8/site-packages/airflow/example_dags/example_params_trigger_ui.py for tasks to queue
[2026-06-18T17:01:58.003+0000] {logging_mixin.py:188} INFO - [2026-06-18T17:01:58.002+0000] {dagbag.py:538} INFO - Filling up the DagBag from /home/airflow/.local/lib/python3.8/site-packages/airflow/example_dags/example_params_trigger_ui.py
[2026-06-18T17:01:58.024+0000] {processor.py:840} INFO - DAG(s) 'example_params_trigger_ui' retrieved from /home/airflow/.local/lib/python3.8/site-packages/airflow/example_dags/example_params_trigger_ui.py
[2026-06-18T17:01:58.121+0000] {logging_mixin.py:188} INFO - [2026-06-18T17:01:58.121+0000] {dag.py:3036} INFO - Sync 1 DAGs
[2026-06-18T17:01:58.141+0000] {logging_mixin.py:188} INFO - [2026-06-18T17:01:58.141+0000] {dag.py:3823} INFO - Setting next_dagrun for example_params_trigger_ui to None, run_after=None
[2026-06-18T17:01:58.171+0000] {processor.py:183} INFO - Processing /home/airflow/.local/lib/python3.8/site-packages/airflow/example_dags/example_params_trigger_ui.py took 0.178 seconds
[2026-06-18T17:02:28.614+0000] {processor.py:161} INFO - Started process (PID=1653) to work on /home/airflow/.local/lib/python3.8/site-packages/airflow/example_dags/example_params_trigger_ui.py
[2026-06-18T17:02:28.616+0000] {processor.py:830} INFO - Processing file /home/airflow/.local/lib/python3.8/site-packages/airflow/example_dags/example_params_trigger_ui.py for tasks to queue
[2026-06-18T17:02:28.618+0000] {logging_mixin.py:188} INFO - [2026-06-18T17:02:28.618+0000] {dagbag.py:538} INFO - Filling up the DagBag from /home/airflow/.local/lib/python3.8/site-packages/airflow/example_dags/example_params_trigger_ui.py
[2026-06-18T17:02:28.639+0000] {processor.py:840} INFO - DAG(s) 'example_params_trigger_ui' retrieved from /home/airflow/.local/lib/python3.8/site-packages/airflow/example_dags/example_params_trigger_ui.py
[2026-06-18T17:02:28.740+0000] {logging_mixin.py:188} INFO - [2026-06-18T17:02:28.740+0000] {dag.py:3036} INFO - Sync 1 DAGs
[2026-06-18T17:02:28.765+0000] {logging_mixin.py:188} INFO - [2026-06-18T17:02:28.765+0000] {dag.py:3823} INFO - Setting next_dagrun for example_params_trigger_ui to None, run_after=None
[2026-06-18T17:02:28.800+0000] {processor.py:183} INFO - Processing /home/airflow/.local/lib/python3.8/site-packages/airflow/example_dags/example_params_trigger_ui.py took 0.192 seconds
[2026-06-18T17:02:59.135+0000] {processor.py:161} INFO - Started process (PID=1718) to work on /home/airflow/.local/lib/python3.8/site-packages/airflow/example_dags/example_params_trigger_ui.py
[2026-06-18T17:02:59.137+0000] {processor.py:830} INFO - Processing file /home/airflow/.local/lib/python3.8/site-packages/airflow/example_dags/example_params_trigger_ui.py for tasks to queue
[2026-06-18T17:02:59.140+0000] {logging_mixin.py:188} INFO - [2026-06-18T17:02:59.139+0000] {dagbag.py:538} INFO - Filling up the DagBag from /home/airflow/.local/lib/python3.8/site-packages/airflow/example_dags/example_params_trigger_ui.py
[2026-06-18T17:02:59.160+0000] {processor.py:840} INFO - DAG(s) 'example_params_trigger_ui' retrieved from /home/airflow/.local/lib/python3.8/site-packages/airflow/example_dags/example_params_trigger_ui.py
[2026-06-18T17:02:59.281+0000] {logging_mixin.py:188} INFO - [2026-06-18T17:02:59.280+0000] {dag.py:3036} INFO - Sync 1 DAGs
[2026-06-18T17:02:59.308+0000] {logging_mixin.py:188} INFO - [2026-06-18T17:02:59.307+0000] {dag.py:3823} INFO - Setting next_dagrun for example_params_trigger_ui to None, run_after=None
[2026-06-18T17:02:59.367+0000] {processor.py:183} INFO - Processing /home/airflow/.local/lib/python3.8/site-packages/airflow/example_dags/example_params_trigger_ui.py took 0.237 seconds
[2026-06-18T17:03:30.007+0000] {processor.py:161} INFO - Started process (PID=1791) to work on /home/airflow/.local/lib/python3.8/site-packages/airflow/example_dags/example_params_trigger_ui.py
[2026-06-18T17:03:30.009+0000] {processor.py:830} INFO - Processing file /home/airflow/.local/lib/python3.8/site-packages/airflow/example_dags/example_params_trigger_ui.py for tasks to queue
[2026-06-18T17:03:30.012+0000] {logging_mixin.py:188} INFO - [2026-06-18T17:03:30.011+0000] {dagbag.py:538} INFO - Filling up the DagBag from /home/airflow/.local/lib/python3.8/site-packages/airflow/example_dags/example_params_trigger_ui.py
[2026-06-18T17:03:30.037+0000] {processor.py:840} INFO - DAG(s) 'example_params_trigger_ui' retrieved from /home/airflow/.local/lib/python3.8/site-packages/airflow/example_dags/example_params_trigger_ui.py
[2026-06-18T17:03:30.166+0000] {logging_mixin.py:188} INFO - [2026-06-18T17:03:30.166+0000] {dag.py:3036} INFO - Sync 1 DAGs
[2026-06-18T17:03:30.192+0000] {logging_mixin.py:188} INFO - [2026-06-18T17:03:30.192+0000] {dag.py:3823} INFO - Setting next_dagrun for example_params_trigger_ui to None, run_after=None
[2026-06-18T17:03:30.227+0000] {processor.py:183} INFO - Processing /home/airflow/.local/lib/python3.8/site-packages/airflow/example_dags/example_params_trigger_ui.py took 0.225 seconds
[2026-06-18T17:04:00.396+0000] {processor.py:161} INFO - Started process (PID=1858) to work on /home/airflow/.local/lib/python3.8/site-packages/airflow/example_dags/example_params_trigger_ui.py
[2026-06-18T17:04:00.398+0000] {processor.py:830} INFO - Processing file /home/airflow/.local/lib/python3.8/site-packages/airflow/example_dags/example_params_trigger_ui.py for tasks to queue
[2026-06-18T17:04:00.401+0000] {logging_mixin.py:188} INFO - [2026-06-18T17:04:00.400+0000] {dagbag.py:538} INFO - Filling up the DagBag from /home/airflow/.local/lib/python3.8/site-packages/airflow/example_dags/example_params_trigger_ui.py
[2026-06-18T17:04:00.424+0000] {processor.py:840} INFO - DAG(s) 'example_params_trigger_ui' retrieved from /home/airflow/.local/lib/python3.8/site-packages/airflow/example_dags/example_params_trigger_ui.py
[2026-06-18T17:04:00.553+0000] {logging_mixin.py:188} INFO - [2026-06-18T17:04:00.552+0000] {dag.py:3036} INFO - Sync 1 DAGs
[2026-06-18T17:04:00.578+0000] {logging_mixin.py:188} INFO - [2026-06-18T17:04:00.578+0000] {dag.py:3823} INFO - Setting next_dagrun for example_params_trigger_ui to None, run_after=None
[2026-06-18T17:04:00.616+0000] {processor.py:183} INFO - Processing /home/airflow/.local/lib/python3.8/site-packages/airflow/example_dags/example_params_trigger_ui.py took 0.225 seconds
[2026-06-18T17:04:30.801+0000] {processor.py:161} INFO - Started process (PID=1925) to work on /home/airflow/.local/lib/python3.8/site-packages/airflow/example_dags/example_params_trigger_ui.py
[2026-06-18T17:04:30.804+0000] {processor.py:830} INFO - Processing file /home/airflow/.local/lib/python3.8/site-packages/airflow/example_dags/example_params_trigger_ui.py for tasks to queue
[2026-06-18T17:04:30.807+0000] {logging_mixin.py:188} INFO - [2026-06-18T17:04:30.807+0000] {dagbag.py:538} INFO - Filling up the DagBag from /home/airflow/.local/lib/python3.8/site-packages/airflow/example_dags/example_params_trigger_ui.py
[2026-06-18T17:04:30.835+0000] {processor.py:840} INFO - DAG(s) 'example_params_trigger_ui' retrieved from /home/airflow/.local/lib/python3.8/site-packages/airflow/example_dags/example_params_trigger_ui.py
[2026-06-18T17:04:30.990+0000] {logging_mixin.py:188} INFO - [2026-06-18T17:04:30.989+0000] {dag.py:3036} INFO - Sync 1 DAGs
[2026-06-18T17:04:31.028+0000] {logging_mixin.py:188} INFO - [2026-06-18T17:04:31.027+0000] {dag.py:3823} INFO - Setting next_dagrun for example_params_trigger_ui to None, run_after=None
[2026-06-18T17:04:31.065+0000] {processor.py:183} INFO - Processing /home/airflow/.local/lib/python3.8/site-packages/airflow/example_dags/example_params_trigger_ui.py took 0.270 seconds
[2026-06-18T17:05:01.250+0000] {processor.py:161} INFO - Started process (PID=1990) to work on /home/airflow/.local/lib/python3.8/site-packages/airflow/example_dags/example_params_trigger_ui.py
[2026-06-18T17:05:01.252+0000] {processor.py:830} INFO - Processing file /home/airflow/.local/lib/python3.8/site-packages/airflow/example_dags/example_params_trigger_ui.py for tasks to queue
[2026-06-18T17:05:01.255+0000] {logging_mixin.py:188} INFO - [2026-06-18T17:05:01.255+0000] {dagbag.py:538} INFO - Filling up the DagBag from /home/airflow/.local/lib/python3.8/site-packages/airflow/example_dags/example_params_trigger_ui.py
[2026-06-18T17:05:01.278+0000] {processor.py:840} INFO - DAG(s) 'example_params_trigger_ui' retrieved from /home/airflow/.local/lib/python3.8/site-packages/airflow/example_dags/example_params_trigger_ui.py
[2026-06-18T17:05:01.396+0000] {logging_mixin.py:188} INFO - [2026-06-18T17:05:01.395+0000] {dag.py:3036} INFO - Sync 1 DAGs
[2026-06-18T17:05:01.421+0000] {logging_mixin.py:188} INFO - [2026-06-18T17:05:01.421+0000] {dag.py:3823} INFO - Setting next_dagrun for example_params_trigger_ui to None, run_after=None
[2026-06-18T17:05:01.460+0000] {processor.py:183} INFO - Processing /home/airflow/.local/lib/python3.8/site-packages/airflow/example_dags/example_params_trigger_ui.py took 0.215 seconds
[2026-06-18T17:05:31.925+0000] {processor.py:161} INFO - Started process (PID=2056) to work on /home/airflow/.local/lib/python3.8/site-packages/airflow/example_dags/example_params_trigger_ui.py
[2026-06-18T17:05:31.928+0000] {processor.py:830} INFO - Processing file /home/airflow/.local/lib/python3.8/site-packages/airflow/example_dags/example_params_trigger_ui.py for tasks to queue
[2026-06-18T17:05:31.931+0000] {logging_mixin.py:188} INFO - [2026-06-18T17:05:31.930+0000] {dagbag.py:538} INFO - Filling up the DagBag from /home/airflow/.local/lib/python3.8/site-packages/airflow/example_dags/example_params_trigger_ui.py
[2026-06-18T17:05:31.955+0000] {processor.py:840} INFO - DAG(s) 'example_params_trigger_ui' retrieved from /home/airflow/.local/lib/python3.8/site-packages/airflow/example_dags/example_params_trigger_ui.py
[2026-06-18T17:05:32.066+0000] {logging_mixin.py:188} INFO - [2026-06-18T17:05:32.066+0000] {dag.py:3036} INFO - Sync 1 DAGs
[2026-06-18T17:05:32.092+0000] {logging_mixin.py:188} INFO - [2026-06-18T17:05:32.091+0000] {dag.py:3823} INFO - Setting next_dagrun for example_params_trigger_ui to None, run_after=None
[2026-06-18T17:05:32.128+0000] {processor.py:183} INFO - Processing /home/airflow/.local/lib/python3.8/site-packages/airflow/example_dags/example_params_trigger_ui.py took 0.209 seconds
[2026-06-18T17:06:02.875+0000] {processor.py:161} INFO - Started process (PID=2121) to work on /home/airflow/.local/lib/python3.8/site-packages/airflow/example_dags/example_params_trigger_ui.py
[2026-06-18T17:06:02.877+0000] {processor.py:830} INFO - Processing file /home/airflow/.local/lib/python3.8/site-packages/airflow/example_dags/example_params_trigger_ui.py for tasks to queue
[2026-06-18T17:06:02.880+0000] {logging_mixin.py:188} INFO - [2026-06-18T17:06:02.879+0000] {dagbag.py:538} INFO - Filling up the DagBag from /home/airflow/.local/lib/python3.8/site-packages/airflow/example_dags/example_params_trigger_ui.py
[2026-06-18T17:06:02.902+0000] {processor.py:840} INFO - DAG(s) 'example_params_trigger_ui' retrieved from /home/airflow/.local/lib/python3.8/site-packages/airflow/example_dags/example_params_trigger_ui.py
[2026-06-18T17:06:03.007+0000] {logging_mixin.py:188} INFO - [2026-06-18T17:06:03.007+0000] {dag.py:3036} INFO - Sync 1 DAGs
[2026-06-18T17:06:03.030+0000] {logging_mixin.py:188} INFO - [2026-06-18T17:06:03.029+0000] {dag.py:3823} INFO - Setting next_dagrun for example_params_trigger_ui to None, run_after=None
[2026-06-18T17:06:03.064+0000] {processor.py:183} INFO - Processing /home/airflow/.local/lib/python3.8/site-packages/airflow/example_dags/example_params_trigger_ui.py took 0.195 seconds
[2026-06-18T17:06:33.413+0000] {processor.py:161} INFO - Started process (PID=2187) to work on /home/airflow/.local/lib/python3.8/site-packages/airflow/example_dags/example_params_trigger_ui.py
[2026-06-18T17:06:33.415+0000] {processor.py:830} INFO - Processing file /home/airflow/.local/lib/python3.8/site-packages/airflow/example_dags/example_params_trigger_ui.py for tasks to queue
[2026-06-18T17:06:33.418+0000] {logging_mixin.py:188} INFO - [2026-06-18T17:06:33.418+0000] {dagbag.py:538} INFO - Filling up the DagBag from /home/airflow/.local/lib/python3.8/site-packages/airflow/example_dags/example_params_trigger_ui.py
[2026-06-18T17:06:33.439+0000] {processor.py:840} INFO - DAG(s) 'example_params_trigger_ui' retrieved from /home/airflow/.local/lib/python3.8/site-packages/airflow/example_dags/example_params_trigger_ui.py
[2026-06-18T17:06:33.550+0000] {logging_mixin.py:188} INFO - [2026-06-18T17:06:33.550+0000] {dag.py:3036} INFO - Sync 1 DAGs
[2026-06-18T17:06:33.575+0000] {logging_mixin.py:188} INFO - [2026-06-18T17:06:33.574+0000] {dag.py:3823} INFO - Setting next_dagrun for example_params_trigger_ui to None, run_after=None
[2026-06-18T17:06:33.609+0000] {processor.py:183} INFO - Processing /home/airflow/.local/lib/python3.8/site-packages/airflow/example_dags/example_params_trigger_ui.py took 0.201 seconds
[2026-06-18T17:07:03.739+0000] {processor.py:161} INFO - Started process (PID=2253) to work on /home/airflow/.local/lib/python3.8/site-packages/airflow/example_dags/example_params_trigger_ui.py
[2026-06-18T17:07:03.741+0000] {processor.py:830} INFO - Processing file /home/airflow/.local/lib/python3.8/site-packages/airflow/example_dags/example_params_trigger_ui.py for tasks to queue
[2026-06-18T17:07:03.744+0000] {logging_mixin.py:188} INFO - [2026-06-18T17:07:03.743+0000] {dagbag.py:538} INFO - Filling up the DagBag from /home/airflow/.local/lib/python3.8/site-packages/airflow/example_dags/example_params_trigger_ui.py
[2026-06-18T17:07:03.766+0000] {processor.py:840} INFO - DAG(s) 'example_params_trigger_ui' retrieved from /home/airflow/.local/lib/python3.8/site-packages/airflow/example_dags/example_params_trigger_ui.py
[2026-06-18T17:07:03.902+0000] {logging_mixin.py:188} INFO - [2026-06-18T17:07:03.902+0000] {dag.py:3036} INFO - Sync 1 DAGs
[2026-06-18T17:07:03.928+0000] {logging_mixin.py:188} INFO - [2026-06-18T17:07:03.928+0000] {dag.py:3823} INFO - Setting next_dagrun for example_params_trigger_ui to None, run_after=None
[2026-06-18T17:07:03.963+0000] {processor.py:183} INFO - Processing /home/airflow/.local/lib/python3.8/site-packages/airflow/example_dags/example_params_trigger_ui.py took 0.229 seconds
[2026-06-18T17:07:34.600+0000] {processor.py:161} INFO - Started process (PID=2318) to work on /home/airflow/.local/lib/python3.8/site-packages/airflow/example_dags/example_params_trigger_ui.py
[2026-06-18T17:07:34.602+0000] {processor.py:830} INFO - Processing file /home/airflow/.local/lib/python3.8/site-packages/airflow/example_dags/example_params_trigger_ui.py for tasks to queue
[2026-06-18T17:07:34.605+0000] {logging_mixin.py:188} INFO - [2026-06-18T17:07:34.604+0000] {dagbag.py:538} INFO - Filling up the DagBag from /home/airflow/.local/lib/python3.8/site-packages/airflow/example_dags/example_params_trigger_ui.py
[2026-06-18T17:07:34.626+0000] {processor.py:840} INFO - DAG(s) 'example_params_trigger_ui' retrieved from /home/airflow/.local/lib/python3.8/site-packages/airflow/example_dags/example_params_trigger_ui.py
[2026-06-18T17:07:34.725+0000] {logging_mixin.py:188} INFO - [2026-06-18T17:07:34.724+0000] {dag.py:3036} INFO - Sync 1 DAGs
[2026-06-18T17:07:34.745+0000] {logging_mixin.py:188} INFO - [2026-06-18T17:07:34.744+0000] {dag.py:3823} INFO - Setting next_dagrun for example_params_trigger_ui to None, run_after=None
[2026-06-18T17:07:34.776+0000] {processor.py:183} INFO - Processing /home/airflow/.local/lib/python3.8/site-packages/airflow/example_dags/example_params_trigger_ui.py took 0.181 seconds
[2026-06-18T17:08:04.890+0000] {processor.py:161} INFO - Started process (PID=2385) to work on /home/airflow/.local/lib/python3.8/site-packages/airflow/example_dags/example_params_trigger_ui.py
[2026-06-18T17:08:04.891+0000] {processor.py:830} INFO - Processing file /home/airflow/.local/lib/python3.8/site-packages/airflow/example_dags/example_params_trigger_ui.py for tasks to queue
[2026-06-18T17:08:04.894+0000] {logging_mixin.py:188} INFO - [2026-06-18T17:08:04.893+0000] {dagbag.py:538} INFO - Filling up the DagBag from /home/airflow/.local/lib/python3.8/site-packages/airflow/example_dags/example_params_trigger_ui.py
[2026-06-18T17:08:04.914+0000] {processor.py:840} INFO - DAG(s) 'example_params_trigger_ui' retrieved from /home/airflow/.local/lib/python3.8/site-packages/airflow/example_dags/example_params_trigger_ui.py
[2026-06-18T17:08:05.036+0000] {logging_mixin.py:188} INFO - [2026-06-18T17:08:05.035+0000] {dag.py:3036} INFO - Sync 1 DAGs
[2026-06-18T17:08:05.060+0000] {logging_mixin.py:188} INFO - [2026-06-18T17:08:05.060+0000] {dag.py:3823} INFO - Setting next_dagrun for example_params_trigger_ui to None, run_after=None
[2026-06-18T17:08:05.094+0000] {processor.py:183} INFO - Processing /home/airflow/.local/lib/python3.8/site-packages/airflow/example_dags/example_params_trigger_ui.py took 0.210 seconds
[2026-06-18T17:08:35.228+0000] {processor.py:161} INFO - Started process (PID=2452) to work on /home/airflow/.local/lib/python3.8/site-packages/airflow/example_dags/example_params_trigger_ui.py
[2026-06-18T17:08:35.230+0000] {processor.py:830} INFO - Processing file /home/airflow/.local/lib/python3.8/site-packages/airflow/example_dags/example_params_trigger_ui.py for tasks to queue
[2026-06-18T17:08:35.233+0000] {logging_mixin.py:188} INFO - [2026-06-18T17:08:35.232+0000] {dagbag.py:538} INFO - Filling up the DagBag from /home/airflow/.local/lib/python3.8/site-packages/airflow/example_dags/example_params_trigger_ui.py
[2026-06-18T17:08:35.254+0000] {processor.py:840} INFO - DAG(s) 'example_params_trigger_ui' retrieved from /home/airflow/.local/lib/python3.8/site-packages/airflow/example_dags/example_params_trigger_ui.py
[2026-06-18T17:08:35.364+0000] {logging_mixin.py:188} INFO - [2026-06-18T17:08:35.364+0000] {dag.py:3036} INFO - Sync 1 DAGs
[2026-06-18T17:08:35.386+0000] {logging_mixin.py:188} INFO - [2026-06-18T17:08:35.386+0000] {dag.py:3823} INFO - Setting next_dagrun for example_params_trigger_ui to None, run_after=None
[2026-06-18T17:08:35.422+0000] {processor.py:183} INFO - Processing /home/airflow/.local/lib/python3.8/site-packages/airflow/example_dags/example_params_trigger_ui.py took 0.199 seconds
[2026-06-18T17:09:05.679+0000] {processor.py:161} INFO - Started process (PID=2523) to work on /home/airflow/.local/lib/python3.8/site-packages/airflow/example_dags/example_params_trigger_ui.py
[2026-06-18T17:09:05.682+0000] {processor.py:830} INFO - Processing file /home/airflow/.local/lib/python3.8/site-packages/airflow/example_dags/example_params_trigger_ui.py for tasks to queue
[2026-06-18T17:09:05.685+0000] {logging_mixin.py:188} INFO - [2026-06-18T17:09:05.684+0000] {dagbag.py:538} INFO - Filling up the DagBag from /home/airflow/.local/lib/python3.8/site-packages/airflow/example_dags/example_params_trigger_ui.py
[2026-06-18T17:09:05.711+0000] {processor.py:840} INFO - DAG(s) 'example_params_trigger_ui' retrieved from /home/airflow/.local/lib/python3.8/site-packages/airflow/example_dags/example_params_trigger_ui.py
[2026-06-18T17:09:05.838+0000] {logging_mixin.py:188} INFO - [2026-06-18T17:09:05.838+0000] {dag.py:3036} INFO - Sync 1 DAGs
[2026-06-18T17:09:05.864+0000] {logging_mixin.py:188} INFO - [2026-06-18T17:09:05.864+0000] {dag.py:3823} INFO - Setting next_dagrun for example_params_trigger_ui to None, run_after=None
[2026-06-18T17:09:05.901+0000] {processor.py:183} INFO - Processing /home/airflow/.local/lib/python3.8/site-packages/airflow/example_dags/example_params_trigger_ui.py took 0.227 seconds
[2026-06-18T17:09:36.411+0000] {processor.py:161} INFO - Started process (PID=2592) to work on /home/airflow/.local/lib/python3.8/site-packages/airflow/example_dags/example_params_trigger_ui.py
[2026-06-18T17:09:36.413+0000] {processor.py:830} INFO - Processing file /home/airflow/.local/lib/python3.8/site-packages/airflow/example_dags/example_params_trigger_ui.py for tasks to queue
[2026-06-18T17:09:36.415+0000] {logging_mixin.py:188} INFO - [2026-06-18T17:09:36.415+0000] {dagbag.py:538} INFO - Filling up the DagBag from /home/airflow/.local/lib/python3.8/site-packages/airflow/example_dags/example_params_trigger_ui.py
[2026-06-18T17:09:36.436+0000] {processor.py:840} INFO - DAG(s) 'example_params_trigger_ui' retrieved from /home/airflow/.local/lib/python3.8/site-packages/airflow/example_dags/example_params_trigger_ui.py
[2026-06-18T17:09:36.542+0000] {logging_mixin.py:188} INFO - [2026-06-18T17:09:36.541+0000] {dag.py:3036} INFO - Sync 1 DAGs
[2026-06-18T17:09:36.562+0000] {logging_mixin.py:188} INFO - [2026-06-18T17:09:36.561+0000] {dag.py:3823} INFO - Setting next_dagrun for example_params_trigger_ui to None, run_after=None
[2026-06-18T17:09:36.598+0000] {processor.py:183} INFO - Processing /home/airflow/.local/lib/python3.8/site-packages/airflow/example_dags/example_params_trigger_ui.py took 0.192 seconds
[2026-06-18T17:10:07.204+0000] {processor.py:161} INFO - Started process (PID=2658) to work on /home/airflow/.local/lib/python3.8/site-packages/airflow/example_dags/example_params_trigger_ui.py
[2026-06-18T17:10:07.205+0000] {processor.py:830} INFO - Processing file /home/airflow/.local/lib/python3.8/site-packages/airflow/example_dags/example_params_trigger_ui.py for tasks to queue
[2026-06-18T17:10:07.208+0000] {logging_mixin.py:188} INFO - [2026-06-18T17:10:07.208+0000] {dagbag.py:538} INFO - Filling up the DagBag from /home/airflow/.local/lib/python3.8/site-packages/airflow/example_dags/example_params_trigger_ui.py
[2026-06-18T17:10:07.236+0000] {processor.py:840} INFO - DAG(s) 'example_params_trigger_ui' retrieved from /home/airflow/.local/lib/python3.8/site-packages/airflow/example_dags/example_params_trigger_ui.py
[2026-06-18T17:10:07.363+0000] {logging_mixin.py:188} INFO - [2026-06-18T17:10:07.363+0000] {dag.py:3036} INFO - Sync 1 DAGs
[2026-06-18T17:10:07.388+0000] {logging_mixin.py:188} INFO - [2026-06-18T17:10:07.387+0000] {dag.py:3823} INFO - Setting next_dagrun for example_params_trigger_ui to None, run_after=None
[2026-06-18T17:10:07.424+0000] {processor.py:183} INFO - Processing /home/airflow/.local/lib/python3.8/site-packages/airflow/example_dags/example_params_trigger_ui.py took 0.226 seconds
[2026-06-18T17:10:38.229+0000] {processor.py:161} INFO - Started process (PID=2723) to work on /home/airflow/.local/lib/python3.8/site-packages/airflow/example_dags/example_params_trigger_ui.py
[2026-06-18T17:10:38.231+0000] {processor.py:830} INFO - Processing file /home/airflow/.local/lib/python3.8/site-packages/airflow/example_dags/example_params_trigger_ui.py for tasks to queue
[2026-06-18T17:10:38.234+0000] {logging_mixin.py:188} INFO - [2026-06-18T17:10:38.233+0000] {dagbag.py:538} INFO - Filling up the DagBag from /home/airflow/.local/lib/python3.8/site-packages/airflow/example_dags/example_params_trigger_ui.py
[2026-06-18T17:10:38.261+0000] {processor.py:840} INFO - DAG(s) 'example_params_trigger_ui' retrieved from /home/airflow/.local/lib/python3.8/site-packages/airflow/example_dags/example_params_trigger_ui.py
[2026-06-18T17:10:38.393+0000] {logging_mixin.py:188} INFO - [2026-06-18T17:10:38.393+0000] {dag.py:3036} INFO - Sync 1 DAGs
[2026-06-18T17:10:38.419+0000] {logging_mixin.py:188} INFO - [2026-06-18T17:10:38.418+0000] {dag.py:3823} INFO - Setting next_dagrun for example_params_trigger_ui to None, run_after=None
[2026-06-18T17:10:38.454+0000] {processor.py:183} INFO - Processing /home/airflow/.local/lib/python3.8/site-packages/airflow/example_dags/example_params_trigger_ui.py took 0.231 seconds
[2026-06-18T17:11:09.175+0000] {processor.py:161} INFO - Started process (PID=2790) to work on /home/airflow/.local/lib/python3.8/site-packages/airflow/example_dags/example_params_trigger_ui.py
[2026-06-18T17:11:09.176+0000] {processor.py:830} INFO - Processing file /home/airflow/.local/lib/python3.8/site-packages/airflow/example_dags/example_params_trigger_ui.py for tasks to queue
[2026-06-18T17:11:09.180+0000] {logging_mixin.py:188} INFO - [2026-06-18T17:11:09.179+0000] {dagbag.py:538} INFO - Filling up the DagBag from /home/airflow/.local/lib/python3.8/site-packages/airflow/example_dags/example_params_trigger_ui.py
[2026-06-18T17:11:09.202+0000] {processor.py:840} INFO - DAG(s) 'example_params_trigger_ui' retrieved from /home/airflow/.local/lib/python3.8/site-packages/airflow/example_dags/example_params_trigger_ui.py
[2026-06-18T17:11:09.325+0000] {logging_mixin.py:188} INFO - [2026-06-18T17:11:09.325+0000] {dag.py:3036} INFO - Sync 1 DAGs
[2026-06-18T17:11:09.346+0000] {logging_mixin.py:188} INFO - [2026-06-18T17:11:09.345+0000] {dag.py:3823} INFO - Setting next_dagrun for example_params_trigger_ui to None, run_after=None
[2026-06-18T17:11:09.384+0000] {processor.py:183} INFO - Processing /home/airflow/.local/lib/python3.8/site-packages/airflow/example_dags/example_params_trigger_ui.py took 0.214 seconds
[2026-06-18T17:11:39.636+0000] {processor.py:161} INFO - Started process (PID=2855) to work on /home/airflow/.local/lib/python3.8/site-packages/airflow/example_dags/example_params_trigger_ui.py
[2026-06-18T17:11:39.638+0000] {processor.py:830} INFO - Processing file /home/airflow/.local/lib/python3.8/site-packages/airflow/example_dags/example_params_trigger_ui.py for tasks to queue
[2026-06-18T17:11:39.641+0000] {logging_mixin.py:188} INFO - [2026-06-18T17:11:39.641+0000] {dagbag.py:538} INFO - Filling up the DagBag from /home/airflow/.local/lib/python3.8/site-packages/airflow/example_dags/example_params_trigger_ui.py
[2026-06-18T17:11:39.662+0000] {processor.py:840} INFO - DAG(s) 'example_params_trigger_ui' retrieved from /home/airflow/.local/lib/python3.8/site-packages/airflow/example_dags/example_params_trigger_ui.py
[2026-06-18T17:11:39.761+0000] {logging_mixin.py:188} INFO - [2026-06-18T17:11:39.760+0000] {dag.py:3036} INFO - Sync 1 DAGs
[2026-06-18T17:11:39.784+0000] {logging_mixin.py:188} INFO - [2026-06-18T17:11:39.783+0000] {dag.py:3823} INFO - Setting next_dagrun for example_params_trigger_ui to None, run_after=None
[2026-06-18T17:11:39.823+0000] {processor.py:183} INFO - Processing /home/airflow/.local/lib/python3.8/site-packages/airflow/example_dags/example_params_trigger_ui.py took 0.192 seconds
[2026-06-18T17:12:10.409+0000] {processor.py:161} INFO - Started process (PID=2921) to work on /home/airflow/.local/lib/python3.8/site-packages/airflow/example_dags/example_params_trigger_ui.py
[2026-06-18T17:12:10.412+0000] {processor.py:830} INFO - Processing file /home/airflow/.local/lib/python3.8/site-packages/airflow/example_dags/example_params_trigger_ui.py for tasks to queue
[2026-06-18T17:12:10.415+0000] {logging_mixin.py:188} INFO - [2026-06-18T17:12:10.414+0000] {dagbag.py:538} INFO - Filling up the DagBag from /home/airflow/.local/lib/python3.8/site-packages/airflow/example_dags/example_params_trigger_ui.py
[2026-06-18T17:12:10.440+0000] {processor.py:840} INFO - DAG(s) 'example_params_trigger_ui' retrieved from /home/airflow/.local/lib/python3.8/site-packages/airflow/example_dags/example_params_trigger_ui.py
[2026-06-18T17:12:10.555+0000] {logging_mixin.py:188} INFO - [2026-06-18T17:12:10.555+0000] {dag.py:3036} INFO - Sync 1 DAGs
[2026-06-18T17:12:10.579+0000] {logging_mixin.py:188} INFO - [2026-06-18T17:12:10.578+0000] {dag.py:3823} INFO - Setting next_dagrun for example_params_trigger_ui to None, run_after=None
[2026-06-18T17:12:10.615+0000] {processor.py:183} INFO - Processing /home/airflow/.local/lib/python3.8/site-packages/airflow/example_dags/example_params_trigger_ui.py took 0.212 seconds
[2026-06-18T17:12:41.907+0000] {processor.py:161} INFO - Started process (PID=2988) to work on /home/airflow/.local/lib/python3.8/site-packages/airflow/example_dags/example_params_trigger_ui.py
[2026-06-18T17:12:41.908+0000] {processor.py:830} INFO - Processing file /home/airflow/.local/lib/python3.8/site-packages/airflow/example_dags/example_params_trigger_ui.py for tasks to queue
[2026-06-18T17:12:41.911+0000] {logging_mixin.py:188} INFO - [2026-06-18T17:12:41.911+0000] {dagbag.py:538} INFO - Filling up the DagBag from /home/airflow/.local/lib/python3.8/site-packages/airflow/example_dags/example_params_trigger_ui.py
[2026-06-18T17:12:41.936+0000] {processor.py:840} INFO - DAG(s) 'example_params_trigger_ui' retrieved from /home/airflow/.local/lib/python3.8/site-packages/airflow/example_dags/example_params_trigger_ui.py
[2026-06-18T17:12:42.269+0000] {logging_mixin.py:188} INFO - [2026-06-18T17:12:42.268+0000] {dag.py:3036} INFO - Sync 1 DAGs
[2026-06-18T17:12:42.289+0000] {logging_mixin.py:188} INFO - [2026-06-18T17:12:42.289+0000] {dag.py:3823} INFO - Setting next_dagrun for example_params_trigger_ui to None, run_after=None
[2026-06-18T17:12:42.322+0000] {processor.py:183} INFO - Processing /home/airflow/.local/lib/python3.8/site-packages/airflow/example_dags/example_params_trigger_ui.py took 0.420 seconds
[2026-06-18T17:13:12.441+0000] {processor.py:161} INFO - Started process (PID=3051) to work on /home/airflow/.local/lib/python3.8/site-packages/airflow/example_dags/example_params_trigger_ui.py
[2026-06-18T17:13:12.443+0000] {processor.py:830} INFO - Processing file /home/airflow/.local/lib/python3.8/site-packages/airflow/example_dags/example_params_trigger_ui.py for tasks to queue
[2026-06-18T17:13:12.446+0000] {logging_mixin.py:188} INFO - [2026-06-18T17:13:12.446+0000] {dagbag.py:538} INFO - Filling up the DagBag from /home/airflow/.local/lib/python3.8/site-packages/airflow/example_dags/example_params_trigger_ui.py
[2026-06-18T17:13:12.471+0000] {processor.py:840} INFO - DAG(s) 'example_params_trigger_ui' retrieved from /home/airflow/.local/lib/python3.8/site-packages/airflow/example_dags/example_params_trigger_ui.py
[2026-06-18T17:13:12.575+0000] {logging_mixin.py:188} INFO - [2026-06-18T17:13:12.575+0000] {dag.py:3036} INFO - Sync 1 DAGs
[2026-06-18T17:13:12.600+0000] {logging_mixin.py:188} INFO - [2026-06-18T17:13:12.600+0000] {dag.py:3823} INFO - Setting next_dagrun for example_params_trigger_ui to None, run_after=None
[2026-06-18T17:13:12.830+0000] {processor.py:183} INFO - Processing /home/airflow/.local/lib/python3.8/site-packages/airflow/example_dags/example_params_trigger_ui.py took 0.394 seconds
[2026-06-18T17:13:43.354+0000] {processor.py:161} INFO - Started process (PID=3116) to work on /home/airflow/.local/lib/python3.8/site-packages/airflow/example_dags/example_params_trigger_ui.py
[2026-06-18T17:13:43.355+0000] {processor.py:830} INFO - Processing file /home/airflow/.local/lib/python3.8/site-packages/airflow/example_dags/example_params_trigger_ui.py for tasks to queue
[2026-06-18T17:13:43.358+0000] {logging_mixin.py:188} INFO - [2026-06-18T17:13:43.358+0000] {dagbag.py:538} INFO - Filling up the DagBag from /home/airflow/.local/lib/python3.8/site-packages/airflow/example_dags/example_params_trigger_ui.py
[2026-06-18T17:13:43.383+0000] {processor.py:840} INFO - DAG(s) 'example_params_trigger_ui' retrieved from /home/airflow/.local/lib/python3.8/site-packages/airflow/example_dags/example_params_trigger_ui.py
[2026-06-18T17:13:43.485+0000] {logging_mixin.py:188} INFO - [2026-06-18T17:13:43.484+0000] {dag.py:3036} INFO - Sync 1 DAGs
[2026-06-18T17:13:43.507+0000] {logging_mixin.py:188} INFO - [2026-06-18T17:13:43.506+0000] {dag.py:3823} INFO - Setting next_dagrun for example_params_trigger_ui to None, run_after=None
[2026-06-18T17:13:43.552+0000] {processor.py:183} INFO - Processing /home/airflow/.local/lib/python3.8/site-packages/airflow/example_dags/example_params_trigger_ui.py took 0.203 seconds
[2026-06-18T17:14:14.472+0000] {processor.py:161} INFO - Started process (PID=3181) to work on /home/airflow/.local/lib/python3.8/site-packages/airflow/example_dags/example_params_trigger_ui.py
[2026-06-18T17:14:14.474+0000] {processor.py:830} INFO - Processing file /home/airflow/.local/lib/python3.8/site-packages/airflow/example_dags/example_params_trigger_ui.py for tasks to queue
[2026-06-18T17:14:14.477+0000] {logging_mixin.py:188} INFO - [2026-06-18T17:14:14.476+0000] {dagbag.py:538} INFO - Filling up the DagBag from /home/airflow/.local/lib/python3.8/site-packages/airflow/example_dags/example_params_trigger_ui.py
[2026-06-18T17:14:14.506+0000] {processor.py:840} INFO - DAG(s) 'example_params_trigger_ui' retrieved from /home/airflow/.local/lib/python3.8/site-packages/airflow/example_dags/example_params_trigger_ui.py
[2026-06-18T17:14:14.621+0000] {logging_mixin.py:188} INFO - [2026-06-18T17:14:14.620+0000] {dag.py:3036} INFO - Sync 1 DAGs
[2026-06-18T17:14:14.641+0000] {logging_mixin.py:188} INFO - [2026-06-18T17:14:14.641+0000] {dag.py:3823} INFO - Setting next_dagrun for example_params_trigger_ui to None, run_after=None
[2026-06-18T17:14:14.672+0000] {processor.py:183} INFO - Processing /home/airflow/.local/lib/python3.8/site-packages/airflow/example_dags/example_params_trigger_ui.py took 0.209 seconds
[2026-06-18T17:14:44.879+0000] {processor.py:161} INFO - Started process (PID=3247) to work on /home/airflow/.local/lib/python3.8/site-packages/airflow/example_dags/example_params_trigger_ui.py
[2026-06-18T17:14:44.880+0000] {processor.py:830} INFO - Processing file /home/airflow/.local/lib/python3.8/site-packages/airflow/example_dags/example_params_trigger_ui.py for tasks to queue
[2026-06-18T17:14:44.883+0000] {logging_mixin.py:188} INFO - [2026-06-18T17:14:44.883+0000] {dagbag.py:538} INFO - Filling up the DagBag from /home/airflow/.local/lib/python3.8/site-packages/airflow/example_dags/example_params_trigger_ui.py
[2026-06-18T17:14:44.908+0000] {processor.py:840} INFO - DAG(s) 'example_params_trigger_ui' retrieved from /home/airflow/.local/lib/python3.8/site-packages/airflow/example_dags/example_params_trigger_ui.py
[2026-06-18T17:14:45.013+0000] {logging_mixin.py:188} INFO - [2026-06-18T17:14:45.012+0000] {dag.py:3036} INFO - Sync 1 DAGs
[2026-06-18T17:14:45.038+0000] {logging_mixin.py:188} INFO - [2026-06-18T17:14:45.037+0000] {dag.py:3823} INFO - Setting next_dagrun for example_params_trigger_ui to None, run_after=None
[2026-06-18T17:14:45.079+0000] {processor.py:183} INFO - Processing /home/airflow/.local/lib/python3.8/site-packages/airflow/example_dags/example_params_trigger_ui.py took 0.205 seconds
[2026-06-18T17:15:15.167+0000] {processor.py:161} INFO - Started process (PID=3314) to work on /home/airflow/.local/lib/python3.8/site-packages/airflow/example_dags/example_params_trigger_ui.py
[2026-06-18T17:15:15.169+0000] {processor.py:830} INFO - Processing file /home/airflow/.local/lib/python3.8/site-packages/airflow/example_dags/example_params_trigger_ui.py for tasks to queue
[2026-06-18T17:15:15.172+0000] {logging_mixin.py:188} INFO - [2026-06-18T17:15:15.171+0000] {dagbag.py:538} INFO - Filling up the DagBag from /home/airflow/.local/lib/python3.8/site-packages/airflow/example_dags/example_params_trigger_ui.py
[2026-06-18T17:15:15.198+0000] {processor.py:840} INFO - DAG(s) 'example_params_trigger_ui' retrieved from /home/airflow/.local/lib/python3.8/site-packages/airflow/example_dags/example_params_trigger_ui.py
[2026-06-18T17:15:15.328+0000] {logging_mixin.py:188} INFO - [2026-06-18T17:15:15.327+0000] {dag.py:3036} INFO - Sync 1 DAGs
[2026-06-18T17:15:15.349+0000] {logging_mixin.py:188} INFO - [2026-06-18T17:15:15.348+0000] {dag.py:3823} INFO - Setting next_dagrun for example_params_trigger_ui to None, run_after=None
[2026-06-18T17:15:15.384+0000] {processor.py:183} INFO - Processing /home/airflow/.local/lib/python3.8/site-packages/airflow/example_dags/example_params_trigger_ui.py took 0.223 seconds
[2026-06-18T17:15:45.454+0000] {processor.py:161} INFO - Started process (PID=3379) to work on /home/airflow/.local/lib/python3.8/site-packages/airflow/example_dags/example_params_trigger_ui.py
[2026-06-18T17:15:45.458+0000] {processor.py:830} INFO - Processing file /home/airflow/.local/lib/python3.8/site-packages/airflow/example_dags/example_params_trigger_ui.py for tasks to queue
[2026-06-18T17:15:45.463+0000] {logging_mixin.py:188} INFO - [2026-06-18T17:15:45.463+0000] {dagbag.py:538} INFO - Filling up the DagBag from /home/airflow/.local/lib/python3.8/site-packages/airflow/example_dags/example_params_trigger_ui.py
[2026-06-18T17:15:45.503+0000] {processor.py:840} INFO - DAG(s) 'example_params_trigger_ui' retrieved from /home/airflow/.local/lib/python3.8/site-packages/airflow/example_dags/example_params_trigger_ui.py
[2026-06-18T17:15:45.629+0000] {logging_mixin.py:188} INFO - [2026-06-18T17:15:45.629+0000] {dag.py:3036} INFO - Sync 1 DAGs
[2026-06-18T17:15:45.653+0000] {logging_mixin.py:188} INFO - [2026-06-18T17:15:45.652+0000] {dag.py:3823} INFO - Setting next_dagrun for example_params_trigger_ui to None, run_after=None
[2026-06-18T17:15:45.684+0000] {processor.py:183} INFO - Processing /home/airflow/.local/lib/python3.8/site-packages/airflow/example_dags/example_params_trigger_ui.py took 0.248 seconds
[2026-06-18T17:16:15.904+0000] {processor.py:161} INFO - Started process (PID=3451) to work on /home/airflow/.local/lib/python3.8/site-packages/airflow/example_dags/example_params_trigger_ui.py
[2026-06-18T17:16:15.906+0000] {processor.py:830} INFO - Processing file /home/airflow/.local/lib/python3.8/site-packages/airflow/example_dags/example_params_trigger_ui.py for tasks to queue
[2026-06-18T17:16:15.909+0000] {logging_mixin.py:188} INFO - [2026-06-18T17:16:15.909+0000] {dagbag.py:538} INFO - Filling up the DagBag from /home/airflow/.local/lib/python3.8/site-packages/airflow/example_dags/example_params_trigger_ui.py
[2026-06-18T17:16:15.931+0000] {processor.py:840} INFO - DAG(s) 'example_params_trigger_ui' retrieved from /home/airflow/.local/lib/python3.8/site-packages/airflow/example_dags/example_params_trigger_ui.py
[2026-06-18T17:16:16.061+0000] {logging_mixin.py:188} INFO - [2026-06-18T17:16:16.061+0000] {dag.py:3036} INFO - Sync 1 DAGs
[2026-06-18T17:16:16.091+0000] {logging_mixin.py:188} INFO - [2026-06-18T17:16:16.091+0000] {dag.py:3823} INFO - Setting next_dagrun for example_params_trigger_ui to None, run_after=None
[2026-06-18T17:16:16.136+0000] {processor.py:183} INFO - Processing /home/airflow/.local/lib/python3.8/site-packages/airflow/example_dags/example_params_trigger_ui.py took 0.237 seconds
[2026-06-18T17:16:46.228+0000] {processor.py:161} INFO - Started process (PID=3518) to work on /home/airflow/.local/lib/python3.8/site-packages/airflow/example_dags/example_params_trigger_ui.py
[2026-06-18T17:16:46.230+0000] {processor.py:830} INFO - Processing file /home/airflow/.local/lib/python3.8/site-packages/airflow/example_dags/example_params_trigger_ui.py for tasks to queue
[2026-06-18T17:16:46.233+0000] {logging_mixin.py:188} INFO - [2026-06-18T17:16:46.232+0000] {dagbag.py:538} INFO - Filling up the DagBag from /home/airflow/.local/lib/python3.8/site-packages/airflow/example_dags/example_params_trigger_ui.py
[2026-06-18T17:16:46.256+0000] {processor.py:840} INFO - DAG(s) 'example_params_trigger_ui' retrieved from /home/airflow/.local/lib/python3.8/site-packages/airflow/example_dags/example_params_trigger_ui.py
[2026-06-18T17:16:46.377+0000] {logging_mixin.py:188} INFO - [2026-06-18T17:16:46.376+0000] {dag.py:3036} INFO - Sync 1 DAGs
[2026-06-18T17:16:46.399+0000] {logging_mixin.py:188} INFO - [2026-06-18T17:16:46.399+0000] {dag.py:3823} INFO - Setting next_dagrun for example_params_trigger_ui to None, run_after=None
[2026-06-18T17:16:46.435+0000] {processor.py:183} INFO - Processing /home/airflow/.local/lib/python3.8/site-packages/airflow/example_dags/example_params_trigger_ui.py took 0.213 seconds
[2026-06-18T17:17:16.528+0000] {processor.py:161} INFO - Started process (PID=3585) to work on /home/airflow/.local/lib/python3.8/site-packages/airflow/example_dags/example_params_trigger_ui.py
[2026-06-18T17:17:16.530+0000] {processor.py:830} INFO - Processing file /home/airflow/.local/lib/python3.8/site-packages/airflow/example_dags/example_params_trigger_ui.py for tasks to queue
[2026-06-18T17:17:16.533+0000] {logging_mixin.py:188} INFO - [2026-06-18T17:17:16.532+0000] {dagbag.py:538} INFO - Filling up the DagBag from /home/airflow/.local/lib/python3.8/site-packages/airflow/example_dags/example_params_trigger_ui.py
[2026-06-18T17:17:16.560+0000] {processor.py:840} INFO - DAG(s) 'example_params_trigger_ui' retrieved from /home/airflow/.local/lib/python3.8/site-packages/airflow/example_dags/example_params_trigger_ui.py
[2026-06-18T17:17:16.693+0000] {logging_mixin.py:188} INFO - [2026-06-18T17:17:16.693+0000] {dag.py:3036} INFO - Sync 1 DAGs
[2026-06-18T17:17:16.719+0000] {logging_mixin.py:188} INFO - [2026-06-18T17:17:16.718+0000] {dag.py:3823} INFO - Setting next_dagrun for example_params_trigger_ui to None, run_after=None
[2026-06-18T17:17:16.754+0000] {processor.py:183} INFO - Processing /home/airflow/.local/lib/python3.8/site-packages/airflow/example_dags/example_params_trigger_ui.py took 0.232 seconds
[2026-06-18T17:17:47.008+0000] {processor.py:161} INFO - Started process (PID=3651) to work on /home/airflow/.local/lib/python3.8/site-packages/airflow/example_dags/example_params_trigger_ui.py
[2026-06-18T17:17:47.010+0000] {processor.py:830} INFO - Processing file /home/airflow/.local/lib/python3.8/site-packages/airflow/example_dags/example_params_trigger_ui.py for tasks to queue
[2026-06-18T17:17:47.014+0000] {logging_mixin.py:188} INFO - [2026-06-18T17:17:47.013+0000] {dagbag.py:538} INFO - Filling up the DagBag from /home/airflow/.local/lib/python3.8/site-packages/airflow/example_dags/example_params_trigger_ui.py
[2026-06-18T17:17:47.040+0000] {processor.py:840} INFO - DAG(s) 'example_params_trigger_ui' retrieved from /home/airflow/.local/lib/python3.8/site-packages/airflow/example_dags/example_params_trigger_ui.py
[2026-06-18T17:17:47.203+0000] {logging_mixin.py:188} INFO - [2026-06-18T17:17:47.203+0000] {dag.py:3036} INFO - Sync 1 DAGs
[2026-06-18T17:17:47.241+0000] {logging_mixin.py:188} INFO - [2026-06-18T17:17:47.240+0000] {dag.py:3823} INFO - Setting next_dagrun for example_params_trigger_ui to None, run_after=None
[2026-06-18T17:17:47.290+0000] {processor.py:183} INFO - Processing /home/airflow/.local/lib/python3.8/site-packages/airflow/example_dags/example_params_trigger_ui.py took 0.287 seconds
[2026-06-18T17:18:17.696+0000] {processor.py:161} INFO - Started process (PID=3718) to work on /home/airflow/.local/lib/python3.8/site-packages/airflow/example_dags/example_params_trigger_ui.py
[2026-06-18T17:18:17.699+0000] {processor.py:830} INFO - Processing file /home/airflow/.local/lib/python3.8/site-packages/airflow/example_dags/example_params_trigger_ui.py for tasks to queue
[2026-06-18T17:18:17.702+0000] {logging_mixin.py:188} INFO - [2026-06-18T17:18:17.701+0000] {dagbag.py:538} INFO - Filling up the DagBag from /home/airflow/.local/lib/python3.8/site-packages/airflow/example_dags/example_params_trigger_ui.py
[2026-06-18T17:18:17.726+0000] {processor.py:840} INFO - DAG(s) 'example_params_trigger_ui' retrieved from /home/airflow/.local/lib/python3.8/site-packages/airflow/example_dags/example_params_trigger_ui.py
[2026-06-18T17:18:17.824+0000] {logging_mixin.py:188} INFO - [2026-06-18T17:18:17.823+0000] {dag.py:3036} INFO - Sync 1 DAGs
[2026-06-18T17:18:17.847+0000] {logging_mixin.py:188} INFO - [2026-06-18T17:18:17.846+0000] {dag.py:3823} INFO - Setting next_dagrun for example_params_trigger_ui to None, run_after=None
[2026-06-18T17:18:17.881+0000] {processor.py:183} INFO - Processing /home/airflow/.local/lib/python3.8/site-packages/airflow/example_dags/example_params_trigger_ui.py took 0.190 seconds
[2026-06-18T17:18:48.225+0000] {processor.py:161} INFO - Started process (PID=3784) to work on /home/airflow/.local/lib/python3.8/site-packages/airflow/example_dags/example_params_trigger_ui.py
[2026-06-18T17:18:48.227+0000] {processor.py:830} INFO - Processing file /home/airflow/.local/lib/python3.8/site-packages/airflow/example_dags/example_params_trigger_ui.py for tasks to queue
[2026-06-18T17:18:48.230+0000] {logging_mixin.py:188} INFO - [2026-06-18T17:18:48.230+0000] {dagbag.py:538} INFO - Filling up the DagBag from /home/airflow/.local/lib/python3.8/site-packages/airflow/example_dags/example_params_trigger_ui.py
[2026-06-18T17:18:48.257+0000] {processor.py:840} INFO - DAG(s) 'example_params_trigger_ui' retrieved from /home/airflow/.local/lib/python3.8/site-packages/airflow/example_dags/example_params_trigger_ui.py
[2026-06-18T17:18:48.378+0000] {logging_mixin.py:188} INFO - [2026-06-18T17:18:48.378+0000] {dag.py:3036} INFO - Sync 1 DAGs
[2026-06-18T17:18:48.400+0000] {logging_mixin.py:188} INFO - [2026-06-18T17:18:48.399+0000] {dag.py:3823} INFO - Setting next_dagrun for example_params_trigger_ui to None, run_after=None
[2026-06-18T17:18:48.434+0000] {processor.py:183} INFO - Processing /home/airflow/.local/lib/python3.8/site-packages/airflow/example_dags/example_params_trigger_ui.py took 0.214 seconds
[2026-06-18T17:19:18.607+0000] {processor.py:161} INFO - Started process (PID=3850) to work on /home/airflow/.local/lib/python3.8/site-packages/airflow/example_dags/example_params_trigger_ui.py
[2026-06-18T17:19:18.609+0000] {processor.py:830} INFO - Processing file /home/airflow/.local/lib/python3.8/site-packages/airflow/example_dags/example_params_trigger_ui.py for tasks to queue
[2026-06-18T17:19:18.612+0000] {logging_mixin.py:188} INFO - [2026-06-18T17:19:18.611+0000] {dagbag.py:538} INFO - Filling up the DagBag from /home/airflow/.local/lib/python3.8/site-packages/airflow/example_dags/example_params_trigger_ui.py
[2026-06-18T17:19:18.638+0000] {processor.py:840} INFO - DAG(s) 'example_params_trigger_ui' retrieved from /home/airflow/.local/lib/python3.8/site-packages/airflow/example_dags/example_params_trigger_ui.py
[2026-06-18T17:19:18.747+0000] {logging_mixin.py:188} INFO - [2026-06-18T17:19:18.747+0000] {dag.py:3036} INFO - Sync 1 DAGs
[2026-06-18T17:19:18.769+0000] {logging_mixin.py:188} INFO - [2026-06-18T17:19:18.769+0000] {dag.py:3823} INFO - Setting next_dagrun for example_params_trigger_ui to None, run_after=None
[2026-06-18T17:19:18.803+0000] {processor.py:183} INFO - Processing /home/airflow/.local/lib/python3.8/site-packages/airflow/example_dags/example_params_trigger_ui.py took 0.202 seconds
[2026-06-18T17:19:48.924+0000] {processor.py:161} INFO - Started process (PID=3919) to work on /home/airflow/.local/lib/python3.8/site-packages/airflow/example_dags/example_params_trigger_ui.py
[2026-06-18T17:19:48.926+0000] {processor.py:830} INFO - Processing file /home/airflow/.local/lib/python3.8/site-packages/airflow/example_dags/example_params_trigger_ui.py for tasks to queue
[2026-06-18T17:19:48.928+0000] {logging_mixin.py:188} INFO - [2026-06-18T17:19:48.928+0000] {dagbag.py:538} INFO - Filling up the DagBag from /home/airflow/.local/lib/python3.8/site-packages/airflow/example_dags/example_params_trigger_ui.py
[2026-06-18T17:19:48.956+0000] {processor.py:840} INFO - DAG(s) 'example_params_trigger_ui' retrieved from /home/airflow/.local/lib/python3.8/site-packages/airflow/example_dags/example_params_trigger_ui.py
[2026-06-18T17:19:49.082+0000] {logging_mixin.py:188} INFO - [2026-06-18T17:19:49.082+0000] {dag.py:3036} INFO - Sync 1 DAGs
[2026-06-18T17:19:49.108+0000] {logging_mixin.py:188} INFO - [2026-06-18T17:19:49.107+0000] {dag.py:3823} INFO - Setting next_dagrun for example_params_trigger_ui to None, run_after=None
[2026-06-18T17:19:49.149+0000] {processor.py:183} INFO - Processing /home/airflow/.local/lib/python3.8/site-packages/airflow/example_dags/example_params_trigger_ui.py took 0.230 seconds
[2026-06-18T17:20:19.442+0000] {processor.py:161} INFO - Started process (PID=3985) to work on /home/airflow/.local/lib/python3.8/site-packages/airflow/example_dags/example_params_trigger_ui.py
[2026-06-18T17:20:19.444+0000] {processor.py:830} INFO - Processing file /home/airflow/.local/lib/python3.8/site-packages/airflow/example_dags/example_params_trigger_ui.py for tasks to queue
[2026-06-18T17:20:19.447+0000] {logging_mixin.py:188} INFO - [2026-06-18T17:20:19.446+0000] {dagbag.py:538} INFO - Filling up the DagBag from /home/airflow/.local/lib/python3.8/site-packages/airflow/example_dags/example_params_trigger_ui.py
[2026-06-18T17:20:19.470+0000] {processor.py:840} INFO - DAG(s) 'example_params_trigger_ui' retrieved from /home/airflow/.local/lib/python3.8/site-packages/airflow/example_dags/example_params_trigger_ui.py
[2026-06-18T17:20:19.576+0000] {logging_mixin.py:188} INFO - [2026-06-18T17:20:19.575+0000] {dag.py:3036} INFO - Sync 1 DAGs
[2026-06-18T17:20:19.596+0000] {logging_mixin.py:188} INFO - [2026-06-18T17:20:19.596+0000] {dag.py:3823} INFO - Setting next_dagrun for example_params_trigger_ui to None, run_after=None
[2026-06-18T17:20:19.629+0000] {processor.py:183} INFO - Processing /home/airflow/.local/lib/python3.8/site-packages/airflow/example_dags/example_params_trigger_ui.py took 0.192 seconds
[2026-06-18T17:20:49.704+0000] {processor.py:161} INFO - Started process (PID=4052) to work on /home/airflow/.local/lib/python3.8/site-packages/airflow/example_dags/example_params_trigger_ui.py
[2026-06-18T17:20:49.705+0000] {processor.py:830} INFO - Processing file /home/airflow/.local/lib/python3.8/site-packages/airflow/example_dags/example_params_trigger_ui.py for tasks to queue
[2026-06-18T17:20:49.708+0000] {logging_mixin.py:188} INFO - [2026-06-18T17:20:49.707+0000] {dagbag.py:538} INFO - Filling up the DagBag from /home/airflow/.local/lib/python3.8/site-packages/airflow/example_dags/example_params_trigger_ui.py
[2026-06-18T17:20:49.733+0000] {processor.py:840} INFO - DAG(s) 'example_params_trigger_ui' retrieved from /home/airflow/.local/lib/python3.8/site-packages/airflow/example_dags/example_params_trigger_ui.py
[2026-06-18T17:20:49.845+0000] {logging_mixin.py:188} INFO - [2026-06-18T17:20:49.845+0000] {dag.py:3036} INFO - Sync 1 DAGs
[2026-06-18T17:20:49.871+0000] {logging_mixin.py:188} INFO - [2026-06-18T17:20:49.870+0000] {dag.py:3823} INFO - Setting next_dagrun for example_params_trigger_ui to None, run_after=None
[2026-06-18T17:20:49.913+0000] {processor.py:183} INFO - Processing /home/airflow/.local/lib/python3.8/site-packages/airflow/example_dags/example_params_trigger_ui.py took 0.217 seconds
[2026-06-18T17:21:20.403+0000] {processor.py:161} INFO - Started process (PID=4118) to work on /home/airflow/.local/lib/python3.8/site-packages/airflow/example_dags/example_params_trigger_ui.py
[2026-06-18T17:21:20.405+0000] {processor.py:830} INFO - Processing file /home/airflow/.local/lib/python3.8/site-packages/airflow/example_dags/example_params_trigger_ui.py for tasks to queue
[2026-06-18T17:21:20.407+0000] {logging_mixin.py:188} INFO - [2026-06-18T17:21:20.406+0000] {dagbag.py:538} INFO - Filling up the DagBag from /home/airflow/.local/lib/python3.8/site-packages/airflow/example_dags/example_params_trigger_ui.py
[2026-06-18T17:21:20.433+0000] {processor.py:840} INFO - DAG(s) 'example_params_trigger_ui' retrieved from /home/airflow/.local/lib/python3.8/site-packages/airflow/example_dags/example_params_trigger_ui.py
[2026-06-18T17:21:20.543+0000] {logging_mixin.py:188} INFO - [2026-06-18T17:21:20.543+0000] {dag.py:3036} INFO - Sync 1 DAGs
[2026-06-18T17:21:20.569+0000] {logging_mixin.py:188} INFO - [2026-06-18T17:21:20.568+0000] {dag.py:3823} INFO - Setting next_dagrun for example_params_trigger_ui to None, run_after=None
[2026-06-18T17:21:20.599+0000] {processor.py:183} INFO - Processing /home/airflow/.local/lib/python3.8/site-packages/airflow/example_dags/example_params_trigger_ui.py took 0.201 seconds
[2026-06-18T17:21:50.769+0000] {processor.py:161} INFO - Started process (PID=4184) to work on /home/airflow/.local/lib/python3.8/site-packages/airflow/example_dags/example_params_trigger_ui.py
[2026-06-18T17:21:50.771+0000] {processor.py:830} INFO - Processing file /home/airflow/.local/lib/python3.8/site-packages/airflow/example_dags/example_params_trigger_ui.py for tasks to queue
[2026-06-18T17:21:50.774+0000] {logging_mixin.py:188} INFO - [2026-06-18T17:21:50.774+0000] {dagbag.py:538} INFO - Filling up the DagBag from /home/airflow/.local/lib/python3.8/site-packages/airflow/example_dags/example_params_trigger_ui.py
[2026-06-18T17:21:50.795+0000] {processor.py:840} INFO - DAG(s) 'example_params_trigger_ui' retrieved from /home/airflow/.local/lib/python3.8/site-packages/airflow/example_dags/example_params_trigger_ui.py
[2026-06-18T17:21:50.889+0000] {logging_mixin.py:188} INFO - [2026-06-18T17:21:50.888+0000] {dag.py:3036} INFO - Sync 1 DAGs
[2026-06-18T17:21:50.912+0000] {logging_mixin.py:188} INFO - [2026-06-18T17:21:50.912+0000] {dag.py:3823} INFO - Setting next_dagrun for example_params_trigger_ui to None, run_after=None
[2026-06-18T17:21:50.945+0000] {processor.py:183} INFO - Processing /home/airflow/.local/lib/python3.8/site-packages/airflow/example_dags/example_params_trigger_ui.py took 0.182 seconds
[2026-06-18T17:22:21.060+0000] {processor.py:161} INFO - Started process (PID=4250) to work on /home/airflow/.local/lib/python3.8/site-packages/airflow/example_dags/example_params_trigger_ui.py
[2026-06-18T17:22:21.062+0000] {processor.py:830} INFO - Processing file /home/airflow/.local/lib/python3.8/site-packages/airflow/example_dags/example_params_trigger_ui.py for tasks to queue
[2026-06-18T17:22:21.065+0000] {logging_mixin.py:188} INFO - [2026-06-18T17:22:21.064+0000] {dagbag.py:538} INFO - Filling up the DagBag from /home/airflow/.local/lib/python3.8/site-packages/airflow/example_dags/example_params_trigger_ui.py
[2026-06-18T17:22:21.085+0000] {processor.py:840} INFO - DAG(s) 'example_params_trigger_ui' retrieved from /home/airflow/.local/lib/python3.8/site-packages/airflow/example_dags/example_params_trigger_ui.py
[2026-06-18T17:22:21.180+0000] {logging_mixin.py:188} INFO - [2026-06-18T17:22:21.179+0000] {dag.py:3036} INFO - Sync 1 DAGs
[2026-06-18T17:22:21.201+0000] {logging_mixin.py:188} INFO - [2026-06-18T17:22:21.201+0000] {dag.py:3823} INFO - Setting next_dagrun for example_params_trigger_ui to None, run_after=None
[2026-06-18T17:22:21.233+0000] {processor.py:183} INFO - Processing /home/airflow/.local/lib/python3.8/site-packages/airflow/example_dags/example_params_trigger_ui.py took 0.177 seconds
[2026-06-18T17:22:51.402+0000] {processor.py:161} INFO - Started process (PID=4324) to work on /home/airflow/.local/lib/python3.8/site-packages/airflow/example_dags/example_params_trigger_ui.py
[2026-06-18T17:22:51.405+0000] {processor.py:830} INFO - Processing file /home/airflow/.local/lib/python3.8/site-packages/airflow/example_dags/example_params_trigger_ui.py for tasks to queue
[2026-06-18T17:22:51.408+0000] {logging_mixin.py:188} INFO - [2026-06-18T17:22:51.407+0000] {dagbag.py:538} INFO - Filling up the DagBag from /home/airflow/.local/lib/python3.8/site-packages/airflow/example_dags/example_params_trigger_ui.py
[2026-06-18T17:22:51.434+0000] {processor.py:840} INFO - DAG(s) 'example_params_trigger_ui' retrieved from /home/airflow/.local/lib/python3.8/site-packages/airflow/example_dags/example_params_trigger_ui.py
[2026-06-18T17:22:51.554+0000] {logging_mixin.py:188} INFO - [2026-06-18T17:22:51.554+0000] {dag.py:3036} INFO - Sync 1 DAGs
[2026-06-18T17:22:51.580+0000] {logging_mixin.py:188} INFO - [2026-06-18T17:22:51.580+0000] {dag.py:3823} INFO - Setting next_dagrun for example_params_trigger_ui to None, run_after=None
[2026-06-18T17:22:51.617+0000] {processor.py:183} INFO - Processing /home/airflow/.local/lib/python3.8/site-packages/airflow/example_dags/example_params_trigger_ui.py took 0.221 seconds
[2026-06-18T17:23:22.161+0000] {processor.py:161} INFO - Started process (PID=4390) to work on /home/airflow/.local/lib/python3.8/site-packages/airflow/example_dags/example_params_trigger_ui.py
[2026-06-18T17:23:22.169+0000] {processor.py:830} INFO - Processing file /home/airflow/.local/lib/python3.8/site-packages/airflow/example_dags/example_params_trigger_ui.py for tasks to queue
[2026-06-18T17:23:22.174+0000] {logging_mixin.py:188} INFO - [2026-06-18T17:23:22.173+0000] {dagbag.py:538} INFO - Filling up the DagBag from /home/airflow/.local/lib/python3.8/site-packages/airflow/example_dags/example_params_trigger_ui.py
[2026-06-18T17:23:22.208+0000] {processor.py:840} INFO - DAG(s) 'example_params_trigger_ui' retrieved from /home/airflow/.local/lib/python3.8/site-packages/airflow/example_dags/example_params_trigger_ui.py
[2026-06-18T17:23:22.335+0000] {logging_mixin.py:188} INFO - [2026-06-18T17:23:22.335+0000] {dag.py:3036} INFO - Sync 1 DAGs
[2026-06-18T17:23:22.364+0000] {logging_mixin.py:188} INFO - [2026-06-18T17:23:22.364+0000] {dag.py:3823} INFO - Setting next_dagrun for example_params_trigger_ui to None, run_after=None
[2026-06-18T17:23:22.401+0000] {processor.py:183} INFO - Processing /home/airflow/.local/lib/python3.8/site-packages/airflow/example_dags/example_params_trigger_ui.py took 0.247 seconds
[2026-06-18T17:23:52.591+0000] {processor.py:161} INFO - Started process (PID=4455) to work on /home/airflow/.local/lib/python3.8/site-packages/airflow/example_dags/example_params_trigger_ui.py
[2026-06-18T17:23:52.593+0000] {processor.py:830} INFO - Processing file /home/airflow/.local/lib/python3.8/site-packages/airflow/example_dags/example_params_trigger_ui.py for tasks to queue
[2026-06-18T17:23:52.596+0000] {logging_mixin.py:188} INFO - [2026-06-18T17:23:52.596+0000] {dagbag.py:538} INFO - Filling up the DagBag from /home/airflow/.local/lib/python3.8/site-packages/airflow/example_dags/example_params_trigger_ui.py
[2026-06-18T17:23:52.623+0000] {processor.py:840} INFO - DAG(s) 'example_params_trigger_ui' retrieved from /home/airflow/.local/lib/python3.8/site-packages/airflow/example_dags/example_params_trigger_ui.py
[2026-06-18T17:23:52.752+0000] {logging_mixin.py:188} INFO - [2026-06-18T17:23:52.751+0000] {dag.py:3036} INFO - Sync 1 DAGs
[2026-06-18T17:23:52.780+0000] {logging_mixin.py:188} INFO - [2026-06-18T17:23:52.779+0000] {dag.py:3823} INFO - Setting next_dagrun for example_params_trigger_ui to None, run_after=None
[2026-06-18T17:23:52.815+0000] {processor.py:183} INFO - Processing /home/airflow/.local/lib/python3.8/site-packages/airflow/example_dags/example_params_trigger_ui.py took 0.229 seconds
[2026-06-18T17:24:22.959+0000] {processor.py:161} INFO - Started process (PID=4521) to work on /home/airflow/.local/lib/python3.8/site-packages/airflow/example_dags/example_params_trigger_ui.py
[2026-06-18T17:24:22.961+0000] {processor.py:830} INFO - Processing file /home/airflow/.local/lib/python3.8/site-packages/airflow/example_dags/example_params_trigger_ui.py for tasks to queue
[2026-06-18T17:24:22.964+0000] {logging_mixin.py:188} INFO - [2026-06-18T17:24:22.964+0000] {dagbag.py:538} INFO - Filling up the DagBag from /home/airflow/.local/lib/python3.8/site-packages/airflow/example_dags/example_params_trigger_ui.py
[2026-06-18T17:24:22.991+0000] {processor.py:840} INFO - DAG(s) 'example_params_trigger_ui' retrieved from /home/airflow/.local/lib/python3.8/site-packages/airflow/example_dags/example_params_trigger_ui.py
[2026-06-18T17:24:23.128+0000] {logging_mixin.py:188} INFO - [2026-06-18T17:24:23.128+0000] {dag.py:3036} INFO - Sync 1 DAGs
[2026-06-18T17:24:23.153+0000] {logging_mixin.py:188} INFO - [2026-06-18T17:24:23.153+0000] {dag.py:3823} INFO - Setting next_dagrun for example_params_trigger_ui to None, run_after=None
[2026-06-18T17:24:23.188+0000] {processor.py:183} INFO - Processing /home/airflow/.local/lib/python3.8/site-packages/airflow/example_dags/example_params_trigger_ui.py took 0.235 seconds
[2026-06-18T17:24:53.705+0000] {processor.py:161} INFO - Started process (PID=4588) to work on /home/airflow/.local/lib/python3.8/site-packages/airflow/example_dags/example_params_trigger_ui.py
[2026-06-18T17:24:53.707+0000] {processor.py:830} INFO - Processing file /home/airflow/.local/lib/python3.8/site-packages/airflow/example_dags/example_params_trigger_ui.py for tasks to queue
[2026-06-18T17:24:53.710+0000] {logging_mixin.py:188} INFO - [2026-06-18T17:24:53.709+0000] {dagbag.py:538} INFO - Filling up the DagBag from /home/airflow/.local/lib/python3.8/site-packages/airflow/example_dags/example_params_trigger_ui.py
[2026-06-18T17:24:53.734+0000] {processor.py:840} INFO - DAG(s) 'example_params_trigger_ui' retrieved from /home/airflow/.local/lib/python3.8/site-packages/airflow/example_dags/example_params_trigger_ui.py
[2026-06-18T17:24:53.849+0000] {logging_mixin.py:188} INFO - [2026-06-18T17:24:53.848+0000] {dag.py:3036} INFO - Sync 1 DAGs
[2026-06-18T17:24:53.869+0000] {logging_mixin.py:188} INFO - [2026-06-18T17:24:53.869+0000] {dag.py:3823} INFO - Setting next_dagrun for example_params_trigger_ui to None, run_after=None
[2026-06-18T17:24:53.901+0000] {processor.py:183} INFO - Processing /home/airflow/.local/lib/python3.8/site-packages/airflow/example_dags/example_params_trigger_ui.py took 0.201 seconds
[2026-06-18T17:25:24.026+0000] {processor.py:161} INFO - Started process (PID=4654) to work on /home/airflow/.local/lib/python3.8/site-packages/airflow/example_dags/example_params_trigger_ui.py
[2026-06-18T17:25:24.028+0000] {processor.py:830} INFO - Processing file /home/airflow/.local/lib/python3.8/site-packages/airflow/example_dags/example_params_trigger_ui.py for tasks to queue
[2026-06-18T17:25:24.030+0000] {logging_mixin.py:188} INFO - [2026-06-18T17:25:24.030+0000] {dagbag.py:538} INFO - Filling up the DagBag from /home/airflow/.local/lib/python3.8/site-packages/airflow/example_dags/example_params_trigger_ui.py
[2026-06-18T17:25:24.054+0000] {processor.py:840} INFO - DAG(s) 'example_params_trigger_ui' retrieved from /home/airflow/.local/lib/python3.8/site-packages/airflow/example_dags/example_params_trigger_ui.py
[2026-06-18T17:25:24.155+0000] {logging_mixin.py:188} INFO - [2026-06-18T17:25:24.155+0000] {dag.py:3036} INFO - Sync 1 DAGs
[2026-06-18T17:25:24.177+0000] {logging_mixin.py:188} INFO - [2026-06-18T17:25:24.177+0000] {dag.py:3823} INFO - Setting next_dagrun for example_params_trigger_ui to None, run_after=None
[2026-06-18T17:25:24.211+0000] {processor.py:183} INFO - Processing /home/airflow/.local/lib/python3.8/site-packages/airflow/example_dags/example_params_trigger_ui.py took 0.190 seconds
[2026-06-18T17:25:54.423+0000] {processor.py:161} INFO - Started process (PID=4720) to work on /home/airflow/.local/lib/python3.8/site-packages/airflow/example_dags/example_params_trigger_ui.py
[2026-06-18T17:25:54.424+0000] {processor.py:830} INFO - Processing file /home/airflow/.local/lib/python3.8/site-packages/airflow/example_dags/example_params_trigger_ui.py for tasks to queue
[2026-06-18T17:25:54.427+0000] {logging_mixin.py:188} INFO - [2026-06-18T17:25:54.427+0000] {dagbag.py:538} INFO - Filling up the DagBag from /home/airflow/.local/lib/python3.8/site-packages/airflow/example_dags/example_params_trigger_ui.py
[2026-06-18T17:25:54.451+0000] {processor.py:840} INFO - DAG(s) 'example_params_trigger_ui' retrieved from /home/airflow/.local/lib/python3.8/site-packages/airflow/example_dags/example_params_trigger_ui.py
[2026-06-18T17:25:54.547+0000] {logging_mixin.py:188} INFO - [2026-06-18T17:25:54.547+0000] {dag.py:3036} INFO - Sync 1 DAGs
[2026-06-18T17:25:54.567+0000] {logging_mixin.py:188} INFO - [2026-06-18T17:25:54.567+0000] {dag.py:3823} INFO - Setting next_dagrun for example_params_trigger_ui to None, run_after=None
[2026-06-18T17:25:54.597+0000] {processor.py:183} INFO - Processing /home/airflow/.local/lib/python3.8/site-packages/airflow/example_dags/example_params_trigger_ui.py took 0.180 seconds
[2026-06-18T17:26:24.726+0000] {processor.py:161} INFO - Started process (PID=4787) to work on /home/airflow/.local/lib/python3.8/site-packages/airflow/example_dags/example_params_trigger_ui.py
[2026-06-18T17:26:24.728+0000] {processor.py:830} INFO - Processing file /home/airflow/.local/lib/python3.8/site-packages/airflow/example_dags/example_params_trigger_ui.py for tasks to queue
[2026-06-18T17:26:24.730+0000] {logging_mixin.py:188} INFO - [2026-06-18T17:26:24.730+0000] {dagbag.py:538} INFO - Filling up the DagBag from /home/airflow/.local/lib/python3.8/site-packages/airflow/example_dags/example_params_trigger_ui.py
[2026-06-18T17:26:24.755+0000] {processor.py:840} INFO - DAG(s) 'example_params_trigger_ui' retrieved from /home/airflow/.local/lib/python3.8/site-packages/airflow/example_dags/example_params_trigger_ui.py
[2026-06-18T17:26:24.870+0000] {logging_mixin.py:188} INFO - [2026-06-18T17:26:24.869+0000] {dag.py:3036} INFO - Sync 1 DAGs
[2026-06-18T17:26:24.891+0000] {logging_mixin.py:188} INFO - [2026-06-18T17:26:24.890+0000] {dag.py:3823} INFO - Setting next_dagrun for example_params_trigger_ui to None, run_after=None
[2026-06-18T17:26:24.923+0000] {processor.py:183} INFO - Processing /home/airflow/.local/lib/python3.8/site-packages/airflow/example_dags/example_params_trigger_ui.py took 0.203 seconds
[2026-06-18T17:26:55.276+0000] {processor.py:161} INFO - Started process (PID=4853) to work on /home/airflow/.local/lib/python3.8/site-packages/airflow/example_dags/example_params_trigger_ui.py
[2026-06-18T17:26:55.277+0000] {processor.py:830} INFO - Processing file /home/airflow/.local/lib/python3.8/site-packages/airflow/example_dags/example_params_trigger_ui.py for tasks to queue
[2026-06-18T17:26:55.280+0000] {logging_mixin.py:188} INFO - [2026-06-18T17:26:55.279+0000] {dagbag.py:538} INFO - Filling up the DagBag from /home/airflow/.local/lib/python3.8/site-packages/airflow/example_dags/example_params_trigger_ui.py
[2026-06-18T17:26:55.303+0000] {processor.py:840} INFO - DAG(s) 'example_params_trigger_ui' retrieved from /home/airflow/.local/lib/python3.8/site-packages/airflow/example_dags/example_params_trigger_ui.py
[2026-06-18T17:26:55.432+0000] {logging_mixin.py:188} INFO - [2026-06-18T17:26:55.432+0000] {dag.py:3036} INFO - Sync 1 DAGs
[2026-06-18T17:26:55.453+0000] {logging_mixin.py:188} INFO - [2026-06-18T17:26:55.452+0000] {dag.py:3823} INFO - Setting next_dagrun for example_params_trigger_ui to None, run_after=None
[2026-06-18T17:26:55.482+0000] {processor.py:183} INFO - Processing /home/airflow/.local/lib/python3.8/site-packages/airflow/example_dags/example_params_trigger_ui.py took 0.211 seconds
[2026-06-18T17:27:25.649+0000] {processor.py:161} INFO - Started process (PID=4919) to work on /home/airflow/.local/lib/python3.8/site-packages/airflow/example_dags/example_params_trigger_ui.py
[2026-06-18T17:27:25.651+0000] {processor.py:830} INFO - Processing file /home/airflow/.local/lib/python3.8/site-packages/airflow/example_dags/example_params_trigger_ui.py for tasks to queue
[2026-06-18T17:27:25.654+0000] {logging_mixin.py:188} INFO - [2026-06-18T17:27:25.654+0000] {dagbag.py:538} INFO - Filling up the DagBag from /home/airflow/.local/lib/python3.8/site-packages/airflow/example_dags/example_params_trigger_ui.py
[2026-06-18T17:27:25.684+0000] {processor.py:840} INFO - DAG(s) 'example_params_trigger_ui' retrieved from /home/airflow/.local/lib/python3.8/site-packages/airflow/example_dags/example_params_trigger_ui.py
[2026-06-18T17:27:25.799+0000] {logging_mixin.py:188} INFO - [2026-06-18T17:27:25.799+0000] {dag.py:3036} INFO - Sync 1 DAGs
[2026-06-18T17:27:25.824+0000] {logging_mixin.py:188} INFO - [2026-06-18T17:27:25.824+0000] {dag.py:3823} INFO - Setting next_dagrun for example_params_trigger_ui to None, run_after=None
[2026-06-18T17:27:25.857+0000] {processor.py:183} INFO - Processing /home/airflow/.local/lib/python3.8/site-packages/airflow/example_dags/example_params_trigger_ui.py took 0.214 seconds
[2026-06-18T17:27:56.013+0000] {processor.py:161} INFO - Started process (PID=4986) to work on /home/airflow/.local/lib/python3.8/site-packages/airflow/example_dags/example_params_trigger_ui.py
[2026-06-18T17:27:56.015+0000] {processor.py:830} INFO - Processing file /home/airflow/.local/lib/python3.8/site-packages/airflow/example_dags/example_params_trigger_ui.py for tasks to queue
[2026-06-18T17:27:56.018+0000] {logging_mixin.py:188} INFO - [2026-06-18T17:27:56.018+0000] {dagbag.py:538} INFO - Filling up the DagBag from /home/airflow/.local/lib/python3.8/site-packages/airflow/example_dags/example_params_trigger_ui.py
[2026-06-18T17:27:56.043+0000] {processor.py:840} INFO - DAG(s) 'example_params_trigger_ui' retrieved from /home/airflow/.local/lib/python3.8/site-packages/airflow/example_dags/example_params_trigger_ui.py
[2026-06-18T17:27:56.151+0000] {logging_mixin.py:188} INFO - [2026-06-18T17:27:56.150+0000] {dag.py:3036} INFO - Sync 1 DAGs
[2026-06-18T17:27:56.171+0000] {logging_mixin.py:188} INFO - [2026-06-18T17:27:56.171+0000] {dag.py:3823} INFO - Setting next_dagrun for example_params_trigger_ui to None, run_after=None
[2026-06-18T17:27:56.201+0000] {processor.py:183} INFO - Processing /home/airflow/.local/lib/python3.8/site-packages/airflow/example_dags/example_params_trigger_ui.py took 0.193 seconds
[2026-06-18T17:28:26.307+0000] {processor.py:161} INFO - Started process (PID=5051) to work on /home/airflow/.local/lib/python3.8/site-packages/airflow/example_dags/example_params_trigger_ui.py
[2026-06-18T17:28:26.308+0000] {processor.py:830} INFO - Processing file /home/airflow/.local/lib/python3.8/site-packages/airflow/example_dags/example_params_trigger_ui.py for tasks to queue
[2026-06-18T17:28:26.311+0000] {logging_mixin.py:188} INFO - [2026-06-18T17:28:26.310+0000] {dagbag.py:538} INFO - Filling up the DagBag from /home/airflow/.local/lib/python3.8/site-packages/airflow/example_dags/example_params_trigger_ui.py
[2026-06-18T17:28:26.335+0000] {processor.py:840} INFO - DAG(s) 'example_params_trigger_ui' retrieved from /home/airflow/.local/lib/python3.8/site-packages/airflow/example_dags/example_params_trigger_ui.py
[2026-06-18T17:28:26.437+0000] {logging_mixin.py:188} INFO - [2026-06-18T17:28:26.437+0000] {dag.py:3036} INFO - Sync 1 DAGs
[2026-06-18T17:28:26.459+0000] {logging_mixin.py:188} INFO - [2026-06-18T17:28:26.459+0000] {dag.py:3823} INFO - Setting next_dagrun for example_params_trigger_ui to None, run_after=None
[2026-06-18T17:28:26.491+0000] {processor.py:183} INFO - Processing /home/airflow/.local/lib/python3.8/site-packages/airflow/example_dags/example_params_trigger_ui.py took 0.190 seconds
[2026-06-18T17:28:56.788+0000] {processor.py:161} INFO - Started process (PID=5117) to work on /home/airflow/.local/lib/python3.8/site-packages/airflow/example_dags/example_params_trigger_ui.py
[2026-06-18T17:28:56.789+0000] {processor.py:830} INFO - Processing file /home/airflow/.local/lib/python3.8/site-packages/airflow/example_dags/example_params_trigger_ui.py for tasks to queue
[2026-06-18T17:28:56.792+0000] {logging_mixin.py:188} INFO - [2026-06-18T17:28:56.791+0000] {dagbag.py:538} INFO - Filling up the DagBag from /home/airflow/.local/lib/python3.8/site-packages/airflow/example_dags/example_params_trigger_ui.py
[2026-06-18T17:28:56.813+0000] {processor.py:840} INFO - DAG(s) 'example_params_trigger_ui' retrieved from /home/airflow/.local/lib/python3.8/site-packages/airflow/example_dags/example_params_trigger_ui.py
[2026-06-18T17:28:56.929+0000] {logging_mixin.py:188} INFO - [2026-06-18T17:28:56.929+0000] {dag.py:3036} INFO - Sync 1 DAGs
[2026-06-18T17:28:56.949+0000] {logging_mixin.py:188} INFO - [2026-06-18T17:28:56.949+0000] {dag.py:3823} INFO - Setting next_dagrun for example_params_trigger_ui to None, run_after=None
[2026-06-18T17:28:56.982+0000] {processor.py:183} INFO - Processing /home/airflow/.local/lib/python3.8/site-packages/airflow/example_dags/example_params_trigger_ui.py took 0.199 seconds
[2026-06-18T17:29:27.106+0000] {processor.py:161} INFO - Started process (PID=5188) to work on /home/airflow/.local/lib/python3.8/site-packages/airflow/example_dags/example_params_trigger_ui.py
[2026-06-18T17:29:27.107+0000] {processor.py:830} INFO - Processing file /home/airflow/.local/lib/python3.8/site-packages/airflow/example_dags/example_params_trigger_ui.py for tasks to queue
[2026-06-18T17:29:27.111+0000] {logging_mixin.py:188} INFO - [2026-06-18T17:29:27.111+0000] {dagbag.py:538} INFO - Filling up the DagBag from /home/airflow/.local/lib/python3.8/site-packages/airflow/example_dags/example_params_trigger_ui.py
[2026-06-18T17:29:27.135+0000] {processor.py:840} INFO - DAG(s) 'example_params_trigger_ui' retrieved from /home/airflow/.local/lib/python3.8/site-packages/airflow/example_dags/example_params_trigger_ui.py
[2026-06-18T17:29:27.241+0000] {logging_mixin.py:188} INFO - [2026-06-18T17:29:27.240+0000] {dag.py:3036} INFO - Sync 1 DAGs
[2026-06-18T17:29:27.263+0000] {logging_mixin.py:188} INFO - [2026-06-18T17:29:27.263+0000] {dag.py:3823} INFO - Setting next_dagrun for example_params_trigger_ui to None, run_after=None
[2026-06-18T17:29:27.293+0000] {processor.py:183} INFO - Processing /home/airflow/.local/lib/python3.8/site-packages/airflow/example_dags/example_params_trigger_ui.py took 0.195 seconds
[2026-06-18T17:29:57.797+0000] {processor.py:161} INFO - Started process (PID=5253) to work on /home/airflow/.local/lib/python3.8/site-packages/airflow/example_dags/example_params_trigger_ui.py
[2026-06-18T17:29:57.800+0000] {processor.py:830} INFO - Processing file /home/airflow/.local/lib/python3.8/site-packages/airflow/example_dags/example_params_trigger_ui.py for tasks to queue
[2026-06-18T17:29:57.804+0000] {logging_mixin.py:188} INFO - [2026-06-18T17:29:57.803+0000] {dagbag.py:538} INFO - Filling up the DagBag from /home/airflow/.local/lib/python3.8/site-packages/airflow/example_dags/example_params_trigger_ui.py
[2026-06-18T17:29:57.831+0000] {processor.py:840} INFO - DAG(s) 'example_params_trigger_ui' retrieved from /home/airflow/.local/lib/python3.8/site-packages/airflow/example_dags/example_params_trigger_ui.py
[2026-06-18T17:29:57.958+0000] {logging_mixin.py:188} INFO - [2026-06-18T17:29:57.957+0000] {dag.py:3036} INFO - Sync 1 DAGs
[2026-06-18T17:29:57.982+0000] {logging_mixin.py:188} INFO - [2026-06-18T17:29:57.982+0000] {dag.py:3823} INFO - Setting next_dagrun for example_params_trigger_ui to None, run_after=None
[2026-06-18T17:29:58.011+0000] {processor.py:183} INFO - Processing /home/airflow/.local/lib/python3.8/site-packages/airflow/example_dags/example_params_trigger_ui.py took 0.228 seconds
[2026-06-18T17:30:28.340+0000] {processor.py:161} INFO - Started process (PID=5319) to work on /home/airflow/.local/lib/python3.8/site-packages/airflow/example_dags/example_params_trigger_ui.py
[2026-06-18T17:30:28.341+0000] {processor.py:830} INFO - Processing file /home/airflow/.local/lib/python3.8/site-packages/airflow/example_dags/example_params_trigger_ui.py for tasks to queue
[2026-06-18T17:30:28.344+0000] {logging_mixin.py:188} INFO - [2026-06-18T17:30:28.344+0000] {dagbag.py:538} INFO - Filling up the DagBag from /home/airflow/.local/lib/python3.8/site-packages/airflow/example_dags/example_params_trigger_ui.py
[2026-06-18T17:30:28.371+0000] {processor.py:840} INFO - DAG(s) 'example_params_trigger_ui' retrieved from /home/airflow/.local/lib/python3.8/site-packages/airflow/example_dags/example_params_trigger_ui.py
[2026-06-18T17:30:28.481+0000] {logging_mixin.py:188} INFO - [2026-06-18T17:30:28.480+0000] {dag.py:3036} INFO - Sync 1 DAGs
[2026-06-18T17:30:28.501+0000] {logging_mixin.py:188} INFO - [2026-06-18T17:30:28.501+0000] {dag.py:3823} INFO - Setting next_dagrun for example_params_trigger_ui to None, run_after=None
[2026-06-18T17:30:28.528+0000] {processor.py:183} INFO - Processing /home/airflow/.local/lib/python3.8/site-packages/airflow/example_dags/example_params_trigger_ui.py took 0.194 seconds
[2026-06-18T17:30:58.948+0000] {processor.py:161} INFO - Started process (PID=5385) to work on /home/airflow/.local/lib/python3.8/site-packages/airflow/example_dags/example_params_trigger_ui.py
[2026-06-18T17:30:58.950+0000] {processor.py:830} INFO - Processing file /home/airflow/.local/lib/python3.8/site-packages/airflow/example_dags/example_params_trigger_ui.py for tasks to queue
[2026-06-18T17:30:58.954+0000] {logging_mixin.py:188} INFO - [2026-06-18T17:30:58.953+0000] {dagbag.py:538} INFO - Filling up the DagBag from /home/airflow/.local/lib/python3.8/site-packages/airflow/example_dags/example_params_trigger_ui.py
[2026-06-18T17:30:58.987+0000] {processor.py:840} INFO - DAG(s) 'example_params_trigger_ui' retrieved from /home/airflow/.local/lib/python3.8/site-packages/airflow/example_dags/example_params_trigger_ui.py
[2026-06-18T17:30:59.125+0000] {logging_mixin.py:188} INFO - [2026-06-18T17:30:59.124+0000] {dag.py:3036} INFO - Sync 1 DAGs
[2026-06-18T17:30:59.149+0000] {logging_mixin.py:188} INFO - [2026-06-18T17:30:59.149+0000] {dag.py:3823} INFO - Setting next_dagrun for example_params_trigger_ui to None, run_after=None
[2026-06-18T17:30:59.193+0000] {processor.py:183} INFO - Processing /home/airflow/.local/lib/python3.8/site-packages/airflow/example_dags/example_params_trigger_ui.py took 0.252 seconds
[2026-06-18T17:31:29.916+0000] {processor.py:161} INFO - Started process (PID=5450) to work on /home/airflow/.local/lib/python3.8/site-packages/airflow/example_dags/example_params_trigger_ui.py
[2026-06-18T17:31:29.917+0000] {processor.py:830} INFO - Processing file /home/airflow/.local/lib/python3.8/site-packages/airflow/example_dags/example_params_trigger_ui.py for tasks to queue
[2026-06-18T17:31:29.921+0000] {logging_mixin.py:188} INFO - [2026-06-18T17:31:29.920+0000] {dagbag.py:538} INFO - Filling up the DagBag from /home/airflow/.local/lib/python3.8/site-packages/airflow/example_dags/example_params_trigger_ui.py
[2026-06-18T17:31:29.947+0000] {processor.py:840} INFO - DAG(s) 'example_params_trigger_ui' retrieved from /home/airflow/.local/lib/python3.8/site-packages/airflow/example_dags/example_params_trigger_ui.py
[2026-06-18T17:31:30.074+0000] {logging_mixin.py:188} INFO - [2026-06-18T17:31:30.073+0000] {dag.py:3036} INFO - Sync 1 DAGs
[2026-06-18T17:31:30.099+0000] {logging_mixin.py:188} INFO - [2026-06-18T17:31:30.099+0000] {dag.py:3823} INFO - Setting next_dagrun for example_params_trigger_ui to None, run_after=None
[2026-06-18T17:31:30.152+0000] {processor.py:183} INFO - Processing /home/airflow/.local/lib/python3.8/site-packages/airflow/example_dags/example_params_trigger_ui.py took 0.242 seconds
[2026-06-18T17:32:00.895+0000] {processor.py:161} INFO - Started process (PID=5516) to work on /home/airflow/.local/lib/python3.8/site-packages/airflow/example_dags/example_params_trigger_ui.py
[2026-06-18T17:32:00.897+0000] {processor.py:830} INFO - Processing file /home/airflow/.local/lib/python3.8/site-packages/airflow/example_dags/example_params_trigger_ui.py for tasks to queue
[2026-06-18T17:32:00.900+0000] {logging_mixin.py:188} INFO - [2026-06-18T17:32:00.899+0000] {dagbag.py:538} INFO - Filling up the DagBag from /home/airflow/.local/lib/python3.8/site-packages/airflow/example_dags/example_params_trigger_ui.py
[2026-06-18T17:32:00.925+0000] {processor.py:840} INFO - DAG(s) 'example_params_trigger_ui' retrieved from /home/airflow/.local/lib/python3.8/site-packages/airflow/example_dags/example_params_trigger_ui.py
[2026-06-18T17:32:01.031+0000] {logging_mixin.py:188} INFO - [2026-06-18T17:32:01.031+0000] {dag.py:3036} INFO - Sync 1 DAGs
[2026-06-18T17:32:01.055+0000] {logging_mixin.py:188} INFO - [2026-06-18T17:32:01.055+0000] {dag.py:3823} INFO - Setting next_dagrun for example_params_trigger_ui to None, run_after=None
[2026-06-18T17:32:01.087+0000] {processor.py:183} INFO - Processing /home/airflow/.local/lib/python3.8/site-packages/airflow/example_dags/example_params_trigger_ui.py took 0.198 seconds
[2026-06-18T17:32:31.297+0000] {processor.py:161} INFO - Started process (PID=5582) to work on /home/airflow/.local/lib/python3.8/site-packages/airflow/example_dags/example_params_trigger_ui.py
[2026-06-18T17:32:31.298+0000] {processor.py:830} INFO - Processing file /home/airflow/.local/lib/python3.8/site-packages/airflow/example_dags/example_params_trigger_ui.py for tasks to queue
[2026-06-18T17:32:31.301+0000] {logging_mixin.py:188} INFO - [2026-06-18T17:32:31.300+0000] {dagbag.py:538} INFO - Filling up the DagBag from /home/airflow/.local/lib/python3.8/site-packages/airflow/example_dags/example_params_trigger_ui.py
[2026-06-18T17:32:31.324+0000] {processor.py:840} INFO - DAG(s) 'example_params_trigger_ui' retrieved from /home/airflow/.local/lib/python3.8/site-packages/airflow/example_dags/example_params_trigger_ui.py
[2026-06-18T17:32:31.427+0000] {logging_mixin.py:188} INFO - [2026-06-18T17:32:31.426+0000] {dag.py:3036} INFO - Sync 1 DAGs
[2026-06-18T17:32:31.449+0000] {logging_mixin.py:188} INFO - [2026-06-18T17:32:31.448+0000] {dag.py:3823} INFO - Setting next_dagrun for example_params_trigger_ui to None, run_after=None
[2026-06-18T17:32:31.479+0000] {processor.py:183} INFO - Processing /home/airflow/.local/lib/python3.8/site-packages/airflow/example_dags/example_params_trigger_ui.py took 0.188 seconds
[2026-06-18T17:33:01.660+0000] {processor.py:161} INFO - Started process (PID=5648) to work on /home/airflow/.local/lib/python3.8/site-packages/airflow/example_dags/example_params_trigger_ui.py
[2026-06-18T17:33:01.662+0000] {processor.py:830} INFO - Processing file /home/airflow/.local/lib/python3.8/site-packages/airflow/example_dags/example_params_trigger_ui.py for tasks to queue
[2026-06-18T17:33:01.664+0000] {logging_mixin.py:188} INFO - [2026-06-18T17:33:01.664+0000] {dagbag.py:538} INFO - Filling up the DagBag from /home/airflow/.local/lib/python3.8/site-packages/airflow/example_dags/example_params_trigger_ui.py
[2026-06-18T17:33:01.684+0000] {processor.py:840} INFO - DAG(s) 'example_params_trigger_ui' retrieved from /home/airflow/.local/lib/python3.8/site-packages/airflow/example_dags/example_params_trigger_ui.py
[2026-06-18T17:33:01.777+0000] {logging_mixin.py:188} INFO - [2026-06-18T17:33:01.777+0000] {dag.py:3036} INFO - Sync 1 DAGs
[2026-06-18T17:33:01.798+0000] {logging_mixin.py:188} INFO - [2026-06-18T17:33:01.798+0000] {dag.py:3823} INFO - Setting next_dagrun for example_params_trigger_ui to None, run_after=None
[2026-06-18T17:33:01.828+0000] {processor.py:183} INFO - Processing /home/airflow/.local/lib/python3.8/site-packages/airflow/example_dags/example_params_trigger_ui.py took 0.174 seconds
[2026-06-18T17:33:32.456+0000] {processor.py:161} INFO - Started process (PID=5714) to work on /home/airflow/.local/lib/python3.8/site-packages/airflow/example_dags/example_params_trigger_ui.py
[2026-06-18T17:33:32.458+0000] {processor.py:830} INFO - Processing file /home/airflow/.local/lib/python3.8/site-packages/airflow/example_dags/example_params_trigger_ui.py for tasks to queue
[2026-06-18T17:33:32.461+0000] {logging_mixin.py:188} INFO - [2026-06-18T17:33:32.460+0000] {dagbag.py:538} INFO - Filling up the DagBag from /home/airflow/.local/lib/python3.8/site-packages/airflow/example_dags/example_params_trigger_ui.py
[2026-06-18T17:33:32.482+0000] {processor.py:840} INFO - DAG(s) 'example_params_trigger_ui' retrieved from /home/airflow/.local/lib/python3.8/site-packages/airflow/example_dags/example_params_trigger_ui.py
[2026-06-18T17:33:32.585+0000] {logging_mixin.py:188} INFO - [2026-06-18T17:33:32.584+0000] {dag.py:3036} INFO - Sync 1 DAGs
[2026-06-18T17:33:32.605+0000] {logging_mixin.py:188} INFO - [2026-06-18T17:33:32.605+0000] {dag.py:3823} INFO - Setting next_dagrun for example_params_trigger_ui to None, run_after=None
[2026-06-18T17:33:32.645+0000] {processor.py:183} INFO - Processing /home/airflow/.local/lib/python3.8/site-packages/airflow/example_dags/example_params_trigger_ui.py took 0.194 seconds
[2026-06-18T17:34:02.795+0000] {processor.py:161} INFO - Started process (PID=5780) to work on /home/airflow/.local/lib/python3.8/site-packages/airflow/example_dags/example_params_trigger_ui.py
[2026-06-18T17:34:02.797+0000] {processor.py:830} INFO - Processing file /home/airflow/.local/lib/python3.8/site-packages/airflow/example_dags/example_params_trigger_ui.py for tasks to queue
[2026-06-18T17:34:02.799+0000] {logging_mixin.py:188} INFO - [2026-06-18T17:34:02.799+0000] {dagbag.py:538} INFO - Filling up the DagBag from /home/airflow/.local/lib/python3.8/site-packages/airflow/example_dags/example_params_trigger_ui.py
[2026-06-18T17:34:02.822+0000] {processor.py:840} INFO - DAG(s) 'example_params_trigger_ui' retrieved from /home/airflow/.local/lib/python3.8/site-packages/airflow/example_dags/example_params_trigger_ui.py
[2026-06-18T17:34:02.936+0000] {logging_mixin.py:188} INFO - [2026-06-18T17:34:02.935+0000] {dag.py:3036} INFO - Sync 1 DAGs
[2026-06-18T17:34:02.958+0000] {logging_mixin.py:188} INFO - [2026-06-18T17:34:02.957+0000] {dag.py:3823} INFO - Setting next_dagrun for example_params_trigger_ui to None, run_after=None
[2026-06-18T17:34:02.993+0000] {processor.py:183} INFO - Processing /home/airflow/.local/lib/python3.8/site-packages/airflow/example_dags/example_params_trigger_ui.py took 0.203 seconds
[2026-06-18T17:34:33.370+0000] {processor.py:161} INFO - Started process (PID=5845) to work on /home/airflow/.local/lib/python3.8/site-packages/airflow/example_dags/example_params_trigger_ui.py
[2026-06-18T17:34:33.372+0000] {processor.py:830} INFO - Processing file /home/airflow/.local/lib/python3.8/site-packages/airflow/example_dags/example_params_trigger_ui.py for tasks to queue
[2026-06-18T17:34:33.374+0000] {logging_mixin.py:188} INFO - [2026-06-18T17:34:33.374+0000] {dagbag.py:538} INFO - Filling up the DagBag from /home/airflow/.local/lib/python3.8/site-packages/airflow/example_dags/example_params_trigger_ui.py
[2026-06-18T17:34:33.395+0000] {processor.py:840} INFO - DAG(s) 'example_params_trigger_ui' retrieved from /home/airflow/.local/lib/python3.8/site-packages/airflow/example_dags/example_params_trigger_ui.py
[2026-06-18T17:34:33.495+0000] {logging_mixin.py:188} INFO - [2026-06-18T17:34:33.495+0000] {dag.py:3036} INFO - Sync 1 DAGs
[2026-06-18T17:34:33.515+0000] {logging_mixin.py:188} INFO - [2026-06-18T17:34:33.515+0000] {dag.py:3823} INFO - Setting next_dagrun for example_params_trigger_ui to None, run_after=None
[2026-06-18T17:34:33.544+0000] {processor.py:183} INFO - Processing /home/airflow/.local/lib/python3.8/site-packages/airflow/example_dags/example_params_trigger_ui.py took 0.180 seconds
[2026-06-18T17:35:04.181+0000] {processor.py:161} INFO - Started process (PID=5911) to work on /home/airflow/.local/lib/python3.8/site-packages/airflow/example_dags/example_params_trigger_ui.py
[2026-06-18T17:35:04.183+0000] {processor.py:830} INFO - Processing file /home/airflow/.local/lib/python3.8/site-packages/airflow/example_dags/example_params_trigger_ui.py for tasks to queue
[2026-06-18T17:35:04.186+0000] {logging_mixin.py:188} INFO - [2026-06-18T17:35:04.185+0000] {dagbag.py:538} INFO - Filling up the DagBag from /home/airflow/.local/lib/python3.8/site-packages/airflow/example_dags/example_params_trigger_ui.py
[2026-06-18T17:35:04.211+0000] {processor.py:840} INFO - DAG(s) 'example_params_trigger_ui' retrieved from /home/airflow/.local/lib/python3.8/site-packages/airflow/example_dags/example_params_trigger_ui.py
[2026-06-18T17:35:04.337+0000] {logging_mixin.py:188} INFO - [2026-06-18T17:35:04.336+0000] {dag.py:3036} INFO - Sync 1 DAGs
[2026-06-18T17:35:04.361+0000] {logging_mixin.py:188} INFO - [2026-06-18T17:35:04.360+0000] {dag.py:3823} INFO - Setting next_dagrun for example_params_trigger_ui to None, run_after=None
[2026-06-18T17:35:04.396+0000] {processor.py:183} INFO - Processing /home/airflow/.local/lib/python3.8/site-packages/airflow/example_dags/example_params_trigger_ui.py took 0.220 seconds
[2026-06-18T17:35:34.641+0000] {processor.py:161} INFO - Started process (PID=5983) to work on /home/airflow/.local/lib/python3.8/site-packages/airflow/example_dags/example_params_trigger_ui.py
[2026-06-18T17:35:34.644+0000] {processor.py:830} INFO - Processing file /home/airflow/.local/lib/python3.8/site-packages/airflow/example_dags/example_params_trigger_ui.py for tasks to queue
[2026-06-18T17:35:34.654+0000] {logging_mixin.py:188} INFO - [2026-06-18T17:35:34.653+0000] {dagbag.py:538} INFO - Filling up the DagBag from /home/airflow/.local/lib/python3.8/site-packages/airflow/example_dags/example_params_trigger_ui.py
[2026-06-18T17:35:34.688+0000] {processor.py:840} INFO - DAG(s) 'example_params_trigger_ui' retrieved from /home/airflow/.local/lib/python3.8/site-packages/airflow/example_dags/example_params_trigger_ui.py
[2026-06-18T17:35:34.867+0000] {logging_mixin.py:188} INFO - [2026-06-18T17:35:34.867+0000] {dag.py:3036} INFO - Sync 1 DAGs
[2026-06-18T17:35:34.899+0000] {logging_mixin.py:188} INFO - [2026-06-18T17:35:34.899+0000] {dag.py:3823} INFO - Setting next_dagrun for example_params_trigger_ui to None, run_after=None
[2026-06-18T17:35:34.937+0000] {processor.py:183} INFO - Processing /home/airflow/.local/lib/python3.8/site-packages/airflow/example_dags/example_params_trigger_ui.py took 0.306 seconds
[2026-06-18T17:36:05.373+0000] {processor.py:161} INFO - Started process (PID=6050) to work on /home/airflow/.local/lib/python3.8/site-packages/airflow/example_dags/example_params_trigger_ui.py
[2026-06-18T17:36:05.374+0000] {processor.py:830} INFO - Processing file /home/airflow/.local/lib/python3.8/site-packages/airflow/example_dags/example_params_trigger_ui.py for tasks to queue
[2026-06-18T17:36:05.377+0000] {logging_mixin.py:188} INFO - [2026-06-18T17:36:05.377+0000] {dagbag.py:538} INFO - Filling up the DagBag from /home/airflow/.local/lib/python3.8/site-packages/airflow/example_dags/example_params_trigger_ui.py
[2026-06-18T17:36:05.404+0000] {processor.py:840} INFO - DAG(s) 'example_params_trigger_ui' retrieved from /home/airflow/.local/lib/python3.8/site-packages/airflow/example_dags/example_params_trigger_ui.py
[2026-06-18T17:36:05.519+0000] {logging_mixin.py:188} INFO - [2026-06-18T17:36:05.518+0000] {dag.py:3036} INFO - Sync 1 DAGs
[2026-06-18T17:36:05.540+0000] {logging_mixin.py:188} INFO - [2026-06-18T17:36:05.540+0000] {dag.py:3823} INFO - Setting next_dagrun for example_params_trigger_ui to None, run_after=None
[2026-06-18T17:36:05.577+0000] {processor.py:183} INFO - Processing /home/airflow/.local/lib/python3.8/site-packages/airflow/example_dags/example_params_trigger_ui.py took 0.210 seconds
[2026-06-18T17:36:35.677+0000] {processor.py:161} INFO - Started process (PID=6116) to work on /home/airflow/.local/lib/python3.8/site-packages/airflow/example_dags/example_params_trigger_ui.py
[2026-06-18T17:36:35.679+0000] {processor.py:830} INFO - Processing file /home/airflow/.local/lib/python3.8/site-packages/airflow/example_dags/example_params_trigger_ui.py for tasks to queue
[2026-06-18T17:36:35.683+0000] {logging_mixin.py:188} INFO - [2026-06-18T17:36:35.682+0000] {dagbag.py:538} INFO - Filling up the DagBag from /home/airflow/.local/lib/python3.8/site-packages/airflow/example_dags/example_params_trigger_ui.py
[2026-06-18T17:36:35.725+0000] {processor.py:840} INFO - DAG(s) 'example_params_trigger_ui' retrieved from /home/airflow/.local/lib/python3.8/site-packages/airflow/example_dags/example_params_trigger_ui.py
[2026-06-18T17:36:35.869+0000] {logging_mixin.py:188} INFO - [2026-06-18T17:36:35.869+0000] {dag.py:3036} INFO - Sync 1 DAGs
[2026-06-18T17:36:35.903+0000] {logging_mixin.py:188} INFO - [2026-06-18T17:36:35.902+0000] {dag.py:3823} INFO - Setting next_dagrun for example_params_trigger_ui to None, run_after=None
[2026-06-18T17:36:35.945+0000] {processor.py:183} INFO - Processing /home/airflow/.local/lib/python3.8/site-packages/airflow/example_dags/example_params_trigger_ui.py took 0.273 seconds
[2026-06-18T17:37:06.004+0000] {processor.py:161} INFO - Started process (PID=6182) to work on /home/airflow/.local/lib/python3.8/site-packages/airflow/example_dags/example_params_trigger_ui.py
[2026-06-18T17:37:06.005+0000] {processor.py:830} INFO - Processing file /home/airflow/.local/lib/python3.8/site-packages/airflow/example_dags/example_params_trigger_ui.py for tasks to queue
[2026-06-18T17:37:06.008+0000] {logging_mixin.py:188} INFO - [2026-06-18T17:37:06.007+0000] {dagbag.py:538} INFO - Filling up the DagBag from /home/airflow/.local/lib/python3.8/site-packages/airflow/example_dags/example_params_trigger_ui.py
[2026-06-18T17:37:06.030+0000] {processor.py:840} INFO - DAG(s) 'example_params_trigger_ui' retrieved from /home/airflow/.local/lib/python3.8/site-packages/airflow/example_dags/example_params_trigger_ui.py
[2026-06-18T17:37:06.144+0000] {logging_mixin.py:188} INFO - [2026-06-18T17:37:06.144+0000] {dag.py:3036} INFO - Sync 1 DAGs
[2026-06-18T17:37:06.168+0000] {logging_mixin.py:188} INFO - [2026-06-18T17:37:06.167+0000] {dag.py:3823} INFO - Setting next_dagrun for example_params_trigger_ui to None, run_after=None
[2026-06-18T17:37:06.205+0000] {processor.py:183} INFO - Processing /home/airflow/.local/lib/python3.8/site-packages/airflow/example_dags/example_params_trigger_ui.py took 0.207 seconds
[2026-06-18T17:37:36.354+0000] {processor.py:161} INFO - Started process (PID=6247) to work on /home/airflow/.local/lib/python3.8/site-packages/airflow/example_dags/example_params_trigger_ui.py
[2026-06-18T17:37:36.356+0000] {processor.py:830} INFO - Processing file /home/airflow/.local/lib/python3.8/site-packages/airflow/example_dags/example_params_trigger_ui.py for tasks to queue
[2026-06-18T17:37:36.358+0000] {logging_mixin.py:188} INFO - [2026-06-18T17:37:36.358+0000] {dagbag.py:538} INFO - Filling up the DagBag from /home/airflow/.local/lib/python3.8/site-packages/airflow/example_dags/example_params_trigger_ui.py
[2026-06-18T17:37:36.380+0000] {processor.py:840} INFO - DAG(s) 'example_params_trigger_ui' retrieved from /home/airflow/.local/lib/python3.8/site-packages/airflow/example_dags/example_params_trigger_ui.py
[2026-06-18T17:37:36.479+0000] {logging_mixin.py:188} INFO - [2026-06-18T17:37:36.478+0000] {dag.py:3036} INFO - Sync 1 DAGs
[2026-06-18T17:37:36.502+0000] {logging_mixin.py:188} INFO - [2026-06-18T17:37:36.501+0000] {dag.py:3823} INFO - Setting next_dagrun for example_params_trigger_ui to None, run_after=None
[2026-06-18T17:37:36.536+0000] {processor.py:183} INFO - Processing /home/airflow/.local/lib/python3.8/site-packages/airflow/example_dags/example_params_trigger_ui.py took 0.188 seconds
[2026-06-18T17:38:06.765+0000] {processor.py:161} INFO - Started process (PID=6312) to work on /home/airflow/.local/lib/python3.8/site-packages/airflow/example_dags/example_params_trigger_ui.py
[2026-06-18T17:38:06.766+0000] {processor.py:830} INFO - Processing file /home/airflow/.local/lib/python3.8/site-packages/airflow/example_dags/example_params_trigger_ui.py for tasks to queue
[2026-06-18T17:38:06.768+0000] {logging_mixin.py:188} INFO - [2026-06-18T17:38:06.768+0000] {dagbag.py:538} INFO - Filling up the DagBag from /home/airflow/.local/lib/python3.8/site-packages/airflow/example_dags/example_params_trigger_ui.py
[2026-06-18T17:38:06.791+0000] {processor.py:840} INFO - DAG(s) 'example_params_trigger_ui' retrieved from /home/airflow/.local/lib/python3.8/site-packages/airflow/example_dags/example_params_trigger_ui.py
[2026-06-18T17:38:06.916+0000] {logging_mixin.py:188} INFO - [2026-06-18T17:38:06.915+0000] {dag.py:3036} INFO - Sync 1 DAGs
[2026-06-18T17:38:06.940+0000] {logging_mixin.py:188} INFO - [2026-06-18T17:38:06.940+0000] {dag.py:3823} INFO - Setting next_dagrun for example_params_trigger_ui to None, run_after=None
[2026-06-18T17:38:06.976+0000] {processor.py:183} INFO - Processing /home/airflow/.local/lib/python3.8/site-packages/airflow/example_dags/example_params_trigger_ui.py took 0.217 seconds
[2026-06-18T17:38:37.039+0000] {processor.py:161} INFO - Started process (PID=6378) to work on /home/airflow/.local/lib/python3.8/site-packages/airflow/example_dags/example_params_trigger_ui.py
[2026-06-18T17:38:37.041+0000] {processor.py:830} INFO - Processing file /home/airflow/.local/lib/python3.8/site-packages/airflow/example_dags/example_params_trigger_ui.py for tasks to queue
[2026-06-18T17:38:37.044+0000] {logging_mixin.py:188} INFO - [2026-06-18T17:38:37.043+0000] {dagbag.py:538} INFO - Filling up the DagBag from /home/airflow/.local/lib/python3.8/site-packages/airflow/example_dags/example_params_trigger_ui.py
[2026-06-18T17:38:37.065+0000] {processor.py:840} INFO - DAG(s) 'example_params_trigger_ui' retrieved from /home/airflow/.local/lib/python3.8/site-packages/airflow/example_dags/example_params_trigger_ui.py
[2026-06-18T17:38:37.161+0000] {logging_mixin.py:188} INFO - [2026-06-18T17:38:37.161+0000] {dag.py:3036} INFO - Sync 1 DAGs
[2026-06-18T17:38:37.183+0000] {logging_mixin.py:188} INFO - [2026-06-18T17:38:37.183+0000] {dag.py:3823} INFO - Setting next_dagrun for example_params_trigger_ui to None, run_after=None
[2026-06-18T17:38:37.216+0000] {processor.py:183} INFO - Processing /home/airflow/.local/lib/python3.8/site-packages/airflow/example_dags/example_params_trigger_ui.py took 0.182 seconds
[2026-06-18T17:39:07.907+0000] {processor.py:161} INFO - Started process (PID=6442) to work on /home/airflow/.local/lib/python3.8/site-packages/airflow/example_dags/example_params_trigger_ui.py
[2026-06-18T17:39:07.909+0000] {processor.py:830} INFO - Processing file /home/airflow/.local/lib/python3.8/site-packages/airflow/example_dags/example_params_trigger_ui.py for tasks to queue
[2026-06-18T17:39:07.912+0000] {logging_mixin.py:188} INFO - [2026-06-18T17:39:07.912+0000] {dagbag.py:538} INFO - Filling up the DagBag from /home/airflow/.local/lib/python3.8/site-packages/airflow/example_dags/example_params_trigger_ui.py
[2026-06-18T17:39:07.939+0000] {processor.py:840} INFO - DAG(s) 'example_params_trigger_ui' retrieved from /home/airflow/.local/lib/python3.8/site-packages/airflow/example_dags/example_params_trigger_ui.py
[2026-06-18T17:39:08.069+0000] {logging_mixin.py:188} INFO - [2026-06-18T17:39:08.069+0000] {dag.py:3036} INFO - Sync 1 DAGs
[2026-06-18T17:39:08.093+0000] {logging_mixin.py:188} INFO - [2026-06-18T17:39:08.093+0000] {dag.py:3823} INFO - Setting next_dagrun for example_params_trigger_ui to None, run_after=None
[2026-06-18T17:39:08.129+0000] {processor.py:183} INFO - Processing /home/airflow/.local/lib/python3.8/site-packages/airflow/example_dags/example_params_trigger_ui.py took 0.229 seconds
[2026-06-18T17:39:38.207+0000] {processor.py:161} INFO - Started process (PID=6508) to work on /home/airflow/.local/lib/python3.8/site-packages/airflow/example_dags/example_params_trigger_ui.py
[2026-06-18T17:39:38.209+0000] {processor.py:830} INFO - Processing file /home/airflow/.local/lib/python3.8/site-packages/airflow/example_dags/example_params_trigger_ui.py for tasks to queue
[2026-06-18T17:39:38.212+0000] {logging_mixin.py:188} INFO - [2026-06-18T17:39:38.211+0000] {dagbag.py:538} INFO - Filling up the DagBag from /home/airflow/.local/lib/python3.8/site-packages/airflow/example_dags/example_params_trigger_ui.py
[2026-06-18T17:39:38.235+0000] {processor.py:840} INFO - DAG(s) 'example_params_trigger_ui' retrieved from /home/airflow/.local/lib/python3.8/site-packages/airflow/example_dags/example_params_trigger_ui.py
[2026-06-18T17:39:38.352+0000] {logging_mixin.py:188} INFO - [2026-06-18T17:39:38.352+0000] {dag.py:3036} INFO - Sync 1 DAGs
[2026-06-18T17:39:38.377+0000] {logging_mixin.py:188} INFO - [2026-06-18T17:39:38.376+0000] {dag.py:3823} INFO - Setting next_dagrun for example_params_trigger_ui to None, run_after=None
[2026-06-18T17:39:38.412+0000] {processor.py:183} INFO - Processing /home/airflow/.local/lib/python3.8/site-packages/airflow/example_dags/example_params_trigger_ui.py took 0.210 seconds
[2026-06-18T17:40:09.052+0000] {processor.py:161} INFO - Started process (PID=6574) to work on /home/airflow/.local/lib/python3.8/site-packages/airflow/example_dags/example_params_trigger_ui.py
[2026-06-18T17:40:09.054+0000] {processor.py:830} INFO - Processing file /home/airflow/.local/lib/python3.8/site-packages/airflow/example_dags/example_params_trigger_ui.py for tasks to queue
[2026-06-18T17:40:09.056+0000] {logging_mixin.py:188} INFO - [2026-06-18T17:40:09.056+0000] {dagbag.py:538} INFO - Filling up the DagBag from /home/airflow/.local/lib/python3.8/site-packages/airflow/example_dags/example_params_trigger_ui.py
[2026-06-18T17:40:09.079+0000] {processor.py:840} INFO - DAG(s) 'example_params_trigger_ui' retrieved from /home/airflow/.local/lib/python3.8/site-packages/airflow/example_dags/example_params_trigger_ui.py
[2026-06-18T17:40:09.175+0000] {logging_mixin.py:188} INFO - [2026-06-18T17:40:09.175+0000] {dag.py:3036} INFO - Sync 1 DAGs
[2026-06-18T17:40:09.198+0000] {logging_mixin.py:188} INFO - [2026-06-18T17:40:09.198+0000] {dag.py:3823} INFO - Setting next_dagrun for example_params_trigger_ui to None, run_after=None
[2026-06-18T17:40:09.231+0000] {processor.py:183} INFO - Processing /home/airflow/.local/lib/python3.8/site-packages/airflow/example_dags/example_params_trigger_ui.py took 0.184 seconds
[2026-06-18T17:40:39.284+0000] {processor.py:161} INFO - Started process (PID=6640) to work on /home/airflow/.local/lib/python3.8/site-packages/airflow/example_dags/example_params_trigger_ui.py
[2026-06-18T17:40:39.286+0000] {processor.py:830} INFO - Processing file /home/airflow/.local/lib/python3.8/site-packages/airflow/example_dags/example_params_trigger_ui.py for tasks to queue
[2026-06-18T17:40:39.288+0000] {logging_mixin.py:188} INFO - [2026-06-18T17:40:39.288+0000] {dagbag.py:538} INFO - Filling up the DagBag from /home/airflow/.local/lib/python3.8/site-packages/airflow/example_dags/example_params_trigger_ui.py
[2026-06-18T17:40:39.310+0000] {processor.py:840} INFO - DAG(s) 'example_params_trigger_ui' retrieved from /home/airflow/.local/lib/python3.8/site-packages/airflow/example_dags/example_params_trigger_ui.py
[2026-06-18T17:40:39.419+0000] {logging_mixin.py:188} INFO - [2026-06-18T17:40:39.419+0000] {dag.py:3036} INFO - Sync 1 DAGs
[2026-06-18T17:40:39.445+0000] {logging_mixin.py:188} INFO - [2026-06-18T17:40:39.444+0000] {dag.py:3823} INFO - Setting next_dagrun for example_params_trigger_ui to None, run_after=None
[2026-06-18T17:40:39.481+0000] {processor.py:183} INFO - Processing /home/airflow/.local/lib/python3.8/site-packages/airflow/example_dags/example_params_trigger_ui.py took 0.203 seconds
[2026-06-18T17:41:09.628+0000] {processor.py:161} INFO - Started process (PID=6706) to work on /home/airflow/.local/lib/python3.8/site-packages/airflow/example_dags/example_params_trigger_ui.py
[2026-06-18T17:41:09.630+0000] {processor.py:830} INFO - Processing file /home/airflow/.local/lib/python3.8/site-packages/airflow/example_dags/example_params_trigger_ui.py for tasks to queue
[2026-06-18T17:41:09.633+0000] {logging_mixin.py:188} INFO - [2026-06-18T17:41:09.633+0000] {dagbag.py:538} INFO - Filling up the DagBag from /home/airflow/.local/lib/python3.8/site-packages/airflow/example_dags/example_params_trigger_ui.py
[2026-06-18T17:41:09.659+0000] {processor.py:840} INFO - DAG(s) 'example_params_trigger_ui' retrieved from /home/airflow/.local/lib/python3.8/site-packages/airflow/example_dags/example_params_trigger_ui.py
[2026-06-18T17:41:09.767+0000] {logging_mixin.py:188} INFO - [2026-06-18T17:41:09.767+0000] {dag.py:3036} INFO - Sync 1 DAGs
[2026-06-18T17:41:09.788+0000] {logging_mixin.py:188} INFO - [2026-06-18T17:41:09.787+0000] {dag.py:3823} INFO - Setting next_dagrun for example_params_trigger_ui to None, run_after=None
[2026-06-18T17:41:09.822+0000] {processor.py:183} INFO - Processing /home/airflow/.local/lib/python3.8/site-packages/airflow/example_dags/example_params_trigger_ui.py took 0.199 seconds
[2026-06-18T17:41:39.977+0000] {processor.py:161} INFO - Started process (PID=6770) to work on /home/airflow/.local/lib/python3.8/site-packages/airflow/example_dags/example_params_trigger_ui.py
[2026-06-18T17:41:39.978+0000] {processor.py:830} INFO - Processing file /home/airflow/.local/lib/python3.8/site-packages/airflow/example_dags/example_params_trigger_ui.py for tasks to queue
[2026-06-18T17:41:39.980+0000] {logging_mixin.py:188} INFO - [2026-06-18T17:41:39.980+0000] {dagbag.py:538} INFO - Filling up the DagBag from /home/airflow/.local/lib/python3.8/site-packages/airflow/example_dags/example_params_trigger_ui.py
[2026-06-18T17:41:40.004+0000] {processor.py:840} INFO - DAG(s) 'example_params_trigger_ui' retrieved from /home/airflow/.local/lib/python3.8/site-packages/airflow/example_dags/example_params_trigger_ui.py
[2026-06-18T17:41:40.110+0000] {logging_mixin.py:188} INFO - [2026-06-18T17:41:40.110+0000] {dag.py:3036} INFO - Sync 1 DAGs
[2026-06-18T17:41:40.131+0000] {logging_mixin.py:188} INFO - [2026-06-18T17:41:40.131+0000] {dag.py:3823} INFO - Setting next_dagrun for example_params_trigger_ui to None, run_after=None
[2026-06-18T17:41:40.167+0000] {processor.py:183} INFO - Processing /home/airflow/.local/lib/python3.8/site-packages/airflow/example_dags/example_params_trigger_ui.py took 0.195 seconds
[2026-06-18T17:42:10.900+0000] {processor.py:161} INFO - Started process (PID=6844) to work on /home/airflow/.local/lib/python3.8/site-packages/airflow/example_dags/example_params_trigger_ui.py
[2026-06-18T17:42:10.902+0000] {processor.py:830} INFO - Processing file /home/airflow/.local/lib/python3.8/site-packages/airflow/example_dags/example_params_trigger_ui.py for tasks to queue
[2026-06-18T17:42:10.905+0000] {logging_mixin.py:188} INFO - [2026-06-18T17:42:10.904+0000] {dagbag.py:538} INFO - Filling up the DagBag from /home/airflow/.local/lib/python3.8/site-packages/airflow/example_dags/example_params_trigger_ui.py
[2026-06-18T17:42:10.932+0000] {processor.py:840} INFO - DAG(s) 'example_params_trigger_ui' retrieved from /home/airflow/.local/lib/python3.8/site-packages/airflow/example_dags/example_params_trigger_ui.py
[2026-06-18T17:42:11.047+0000] {logging_mixin.py:188} INFO - [2026-06-18T17:42:11.046+0000] {dag.py:3036} INFO - Sync 1 DAGs
[2026-06-18T17:42:11.071+0000] {logging_mixin.py:188} INFO - [2026-06-18T17:42:11.070+0000] {dag.py:3823} INFO - Setting next_dagrun for example_params_trigger_ui to None, run_after=None
[2026-06-18T17:42:11.104+0000] {processor.py:183} INFO - Processing /home/airflow/.local/lib/python3.8/site-packages/airflow/example_dags/example_params_trigger_ui.py took 0.210 seconds
[2026-06-18T17:42:41.327+0000] {processor.py:161} INFO - Started process (PID=6910) to work on /home/airflow/.local/lib/python3.8/site-packages/airflow/example_dags/example_params_trigger_ui.py
[2026-06-18T17:42:41.328+0000] {processor.py:830} INFO - Processing file /home/airflow/.local/lib/python3.8/site-packages/airflow/example_dags/example_params_trigger_ui.py for tasks to queue
[2026-06-18T17:42:41.331+0000] {logging_mixin.py:188} INFO - [2026-06-18T17:42:41.331+0000] {dagbag.py:538} INFO - Filling up the DagBag from /home/airflow/.local/lib/python3.8/site-packages/airflow/example_dags/example_params_trigger_ui.py
[2026-06-18T17:42:41.359+0000] {processor.py:840} INFO - DAG(s) 'example_params_trigger_ui' retrieved from /home/airflow/.local/lib/python3.8/site-packages/airflow/example_dags/example_params_trigger_ui.py
[2026-06-18T17:42:41.488+0000] {logging_mixin.py:188} INFO - [2026-06-18T17:42:41.488+0000] {dag.py:3036} INFO - Sync 1 DAGs
[2026-06-18T17:42:41.513+0000] {logging_mixin.py:188} INFO - [2026-06-18T17:42:41.512+0000] {dag.py:3823} INFO - Setting next_dagrun for example_params_trigger_ui to None, run_after=None
[2026-06-18T17:42:41.547+0000] {processor.py:183} INFO - Processing /home/airflow/.local/lib/python3.8/site-packages/airflow/example_dags/example_params_trigger_ui.py took 0.227 seconds
[2026-06-18T17:43:12.121+0000] {processor.py:161} INFO - Started process (PID=6977) to work on /home/airflow/.local/lib/python3.8/site-packages/airflow/example_dags/example_params_trigger_ui.py
[2026-06-18T17:43:12.123+0000] {processor.py:830} INFO - Processing file /home/airflow/.local/lib/python3.8/site-packages/airflow/example_dags/example_params_trigger_ui.py for tasks to queue
[2026-06-18T17:43:12.126+0000] {logging_mixin.py:188} INFO - [2026-06-18T17:43:12.126+0000] {dagbag.py:538} INFO - Filling up the DagBag from /home/airflow/.local/lib/python3.8/site-packages/airflow/example_dags/example_params_trigger_ui.py
[2026-06-18T17:43:12.154+0000] {processor.py:840} INFO - DAG(s) 'example_params_trigger_ui' retrieved from /home/airflow/.local/lib/python3.8/site-packages/airflow/example_dags/example_params_trigger_ui.py
[2026-06-18T17:43:12.281+0000] {logging_mixin.py:188} INFO - [2026-06-18T17:43:12.280+0000] {dag.py:3036} INFO - Sync 1 DAGs
[2026-06-18T17:43:12.331+0000] {logging_mixin.py:188} INFO - [2026-06-18T17:43:12.330+0000] {dag.py:3823} INFO - Setting next_dagrun for example_params_trigger_ui to None, run_after=None
[2026-06-18T17:43:12.401+0000] {processor.py:183} INFO - Processing /home/airflow/.local/lib/python3.8/site-packages/airflow/example_dags/example_params_trigger_ui.py took 0.286 seconds
[2026-06-18T17:43:42.656+0000] {processor.py:161} INFO - Started process (PID=7042) to work on /home/airflow/.local/lib/python3.8/site-packages/airflow/example_dags/example_params_trigger_ui.py
[2026-06-18T17:43:42.658+0000] {processor.py:830} INFO - Processing file /home/airflow/.local/lib/python3.8/site-packages/airflow/example_dags/example_params_trigger_ui.py for tasks to queue
[2026-06-18T17:43:42.661+0000] {logging_mixin.py:188} INFO - [2026-06-18T17:43:42.660+0000] {dagbag.py:538} INFO - Filling up the DagBag from /home/airflow/.local/lib/python3.8/site-packages/airflow/example_dags/example_params_trigger_ui.py
[2026-06-18T17:43:42.724+0000] {processor.py:840} INFO - DAG(s) 'example_params_trigger_ui' retrieved from /home/airflow/.local/lib/python3.8/site-packages/airflow/example_dags/example_params_trigger_ui.py
[2026-06-18T17:43:42.889+0000] {logging_mixin.py:188} INFO - [2026-06-18T17:43:42.888+0000] {dag.py:3036} INFO - Sync 1 DAGs
[2026-06-18T17:43:42.919+0000] {logging_mixin.py:188} INFO - [2026-06-18T17:43:42.918+0000] {dag.py:3823} INFO - Setting next_dagrun for example_params_trigger_ui to None, run_after=None
[2026-06-18T17:43:42.979+0000] {processor.py:183} INFO - Processing /home/airflow/.local/lib/python3.8/site-packages/airflow/example_dags/example_params_trigger_ui.py took 0.334 seconds
[2026-06-18T17:44:13.694+0000] {processor.py:161} INFO - Started process (PID=7108) to work on /home/airflow/.local/lib/python3.8/site-packages/airflow/example_dags/example_params_trigger_ui.py
[2026-06-18T17:44:13.696+0000] {processor.py:830} INFO - Processing file /home/airflow/.local/lib/python3.8/site-packages/airflow/example_dags/example_params_trigger_ui.py for tasks to queue
[2026-06-18T17:44:13.700+0000] {logging_mixin.py:188} INFO - [2026-06-18T17:44:13.699+0000] {dagbag.py:538} INFO - Filling up the DagBag from /home/airflow/.local/lib/python3.8/site-packages/airflow/example_dags/example_params_trigger_ui.py
[2026-06-18T17:44:13.726+0000] {processor.py:840} INFO - DAG(s) 'example_params_trigger_ui' retrieved from /home/airflow/.local/lib/python3.8/site-packages/airflow/example_dags/example_params_trigger_ui.py
[2026-06-18T17:44:13.871+0000] {logging_mixin.py:188} INFO - [2026-06-18T17:44:13.870+0000] {dag.py:3036} INFO - Sync 1 DAGs
[2026-06-18T17:44:13.898+0000] {logging_mixin.py:188} INFO - [2026-06-18T17:44:13.897+0000] {dag.py:3823} INFO - Setting next_dagrun for example_params_trigger_ui to None, run_after=None
[2026-06-18T17:44:13.935+0000] {processor.py:183} INFO - Processing /home/airflow/.local/lib/python3.8/site-packages/airflow/example_dags/example_params_trigger_ui.py took 0.247 seconds
[2026-06-18T17:44:44.451+0000] {processor.py:161} INFO - Started process (PID=7174) to work on /home/airflow/.local/lib/python3.8/site-packages/airflow/example_dags/example_params_trigger_ui.py
[2026-06-18T17:44:44.453+0000] {processor.py:830} INFO - Processing file /home/airflow/.local/lib/python3.8/site-packages/airflow/example_dags/example_params_trigger_ui.py for tasks to queue
[2026-06-18T17:44:44.456+0000] {logging_mixin.py:188} INFO - [2026-06-18T17:44:44.455+0000] {dagbag.py:538} INFO - Filling up the DagBag from /home/airflow/.local/lib/python3.8/site-packages/airflow/example_dags/example_params_trigger_ui.py
[2026-06-18T17:44:44.481+0000] {processor.py:840} INFO - DAG(s) 'example_params_trigger_ui' retrieved from /home/airflow/.local/lib/python3.8/site-packages/airflow/example_dags/example_params_trigger_ui.py
[2026-06-18T17:44:44.594+0000] {logging_mixin.py:188} INFO - [2026-06-18T17:44:44.594+0000] {dag.py:3036} INFO - Sync 1 DAGs
[2026-06-18T17:44:44.615+0000] {logging_mixin.py:188} INFO - [2026-06-18T17:44:44.615+0000] {dag.py:3823} INFO - Setting next_dagrun for example_params_trigger_ui to None, run_after=None
[2026-06-18T17:44:44.646+0000] {processor.py:183} INFO - Processing /home/airflow/.local/lib/python3.8/site-packages/airflow/example_dags/example_params_trigger_ui.py took 0.200 seconds
[2026-06-18T17:45:15.294+0000] {processor.py:161} INFO - Started process (PID=7240) to work on /home/airflow/.local/lib/python3.8/site-packages/airflow/example_dags/example_params_trigger_ui.py
[2026-06-18T17:45:15.296+0000] {processor.py:830} INFO - Processing file /home/airflow/.local/lib/python3.8/site-packages/airflow/example_dags/example_params_trigger_ui.py for tasks to queue
[2026-06-18T17:45:15.299+0000] {logging_mixin.py:188} INFO - [2026-06-18T17:45:15.299+0000] {dagbag.py:538} INFO - Filling up the DagBag from /home/airflow/.local/lib/python3.8/site-packages/airflow/example_dags/example_params_trigger_ui.py
[2026-06-18T17:45:15.320+0000] {processor.py:840} INFO - DAG(s) 'example_params_trigger_ui' retrieved from /home/airflow/.local/lib/python3.8/site-packages/airflow/example_dags/example_params_trigger_ui.py
[2026-06-18T17:45:15.418+0000] {logging_mixin.py:188} INFO - [2026-06-18T17:45:15.417+0000] {dag.py:3036} INFO - Sync 1 DAGs
[2026-06-18T17:45:15.438+0000] {logging_mixin.py:188} INFO - [2026-06-18T17:45:15.437+0000] {dag.py:3823} INFO - Setting next_dagrun for example_params_trigger_ui to None, run_after=None
[2026-06-18T17:45:15.467+0000] {processor.py:183} INFO - Processing /home/airflow/.local/lib/python3.8/site-packages/airflow/example_dags/example_params_trigger_ui.py took 0.178 seconds
[2026-06-18T17:45:46.132+0000] {processor.py:161} INFO - Started process (PID=7306) to work on /home/airflow/.local/lib/python3.8/site-packages/airflow/example_dags/example_params_trigger_ui.py
[2026-06-18T17:45:46.133+0000] {processor.py:830} INFO - Processing file /home/airflow/.local/lib/python3.8/site-packages/airflow/example_dags/example_params_trigger_ui.py for tasks to queue
[2026-06-18T17:45:46.136+0000] {logging_mixin.py:188} INFO - [2026-06-18T17:45:46.135+0000] {dagbag.py:538} INFO - Filling up the DagBag from /home/airflow/.local/lib/python3.8/site-packages/airflow/example_dags/example_params_trigger_ui.py
[2026-06-18T17:45:46.159+0000] {processor.py:840} INFO - DAG(s) 'example_params_trigger_ui' retrieved from /home/airflow/.local/lib/python3.8/site-packages/airflow/example_dags/example_params_trigger_ui.py
[2026-06-18T17:45:46.270+0000] {logging_mixin.py:188} INFO - [2026-06-18T17:45:46.270+0000] {dag.py:3036} INFO - Sync 1 DAGs
[2026-06-18T17:45:46.293+0000] {logging_mixin.py:188} INFO - [2026-06-18T17:45:46.292+0000] {dag.py:3823} INFO - Setting next_dagrun for example_params_trigger_ui to None, run_after=None
[2026-06-18T17:45:46.327+0000] {processor.py:183} INFO - Processing /home/airflow/.local/lib/python3.8/site-packages/airflow/example_dags/example_params_trigger_ui.py took 0.200 seconds
[2026-06-18T17:46:17.021+0000] {processor.py:161} INFO - Started process (PID=7372) to work on /home/airflow/.local/lib/python3.8/site-packages/airflow/example_dags/example_params_trigger_ui.py
[2026-06-18T17:46:17.023+0000] {processor.py:830} INFO - Processing file /home/airflow/.local/lib/python3.8/site-packages/airflow/example_dags/example_params_trigger_ui.py for tasks to queue
[2026-06-18T17:46:17.026+0000] {logging_mixin.py:188} INFO - [2026-06-18T17:46:17.026+0000] {dagbag.py:538} INFO - Filling up the DagBag from /home/airflow/.local/lib/python3.8/site-packages/airflow/example_dags/example_params_trigger_ui.py
[2026-06-18T17:46:17.052+0000] {processor.py:840} INFO - DAG(s) 'example_params_trigger_ui' retrieved from /home/airflow/.local/lib/python3.8/site-packages/airflow/example_dags/example_params_trigger_ui.py
[2026-06-18T17:46:17.189+0000] {logging_mixin.py:188} INFO - [2026-06-18T17:46:17.189+0000] {dag.py:3036} INFO - Sync 1 DAGs
[2026-06-18T17:46:17.216+0000] {logging_mixin.py:188} INFO - [2026-06-18T17:46:17.215+0000] {dag.py:3823} INFO - Setting next_dagrun for example_params_trigger_ui to None, run_after=None
[2026-06-18T17:46:17.257+0000] {processor.py:183} INFO - Processing /home/airflow/.local/lib/python3.8/site-packages/airflow/example_dags/example_params_trigger_ui.py took 0.242 seconds
[2026-06-18T17:46:47.522+0000] {processor.py:161} INFO - Started process (PID=7439) to work on /home/airflow/.local/lib/python3.8/site-packages/airflow/example_dags/example_params_trigger_ui.py
[2026-06-18T17:46:47.523+0000] {processor.py:830} INFO - Processing file /home/airflow/.local/lib/python3.8/site-packages/airflow/example_dags/example_params_trigger_ui.py for tasks to queue
[2026-06-18T17:46:47.527+0000] {logging_mixin.py:188} INFO - [2026-06-18T17:46:47.526+0000] {dagbag.py:538} INFO - Filling up the DagBag from /home/airflow/.local/lib/python3.8/site-packages/airflow/example_dags/example_params_trigger_ui.py
[2026-06-18T17:46:47.550+0000] {processor.py:840} INFO - DAG(s) 'example_params_trigger_ui' retrieved from /home/airflow/.local/lib/python3.8/site-packages/airflow/example_dags/example_params_trigger_ui.py
[2026-06-18T17:46:47.665+0000] {logging_mixin.py:188} INFO - [2026-06-18T17:46:47.664+0000] {dag.py:3036} INFO - Sync 1 DAGs
[2026-06-18T17:46:47.688+0000] {logging_mixin.py:188} INFO - [2026-06-18T17:46:47.688+0000] {dag.py:3823} INFO - Setting next_dagrun for example_params_trigger_ui to None, run_after=None
[2026-06-18T17:46:47.726+0000] {processor.py:183} INFO - Processing /home/airflow/.local/lib/python3.8/site-packages/airflow/example_dags/example_params_trigger_ui.py took 0.209 seconds
[2026-06-18T17:47:18.319+0000] {processor.py:161} INFO - Started process (PID=7505) to work on /home/airflow/.local/lib/python3.8/site-packages/airflow/example_dags/example_params_trigger_ui.py
[2026-06-18T17:47:18.321+0000] {processor.py:830} INFO - Processing file /home/airflow/.local/lib/python3.8/site-packages/airflow/example_dags/example_params_trigger_ui.py for tasks to queue
[2026-06-18T17:47:18.326+0000] {logging_mixin.py:188} INFO - [2026-06-18T17:47:18.325+0000] {dagbag.py:538} INFO - Filling up the DagBag from /home/airflow/.local/lib/python3.8/site-packages/airflow/example_dags/example_params_trigger_ui.py
[2026-06-18T17:47:18.353+0000] {processor.py:840} INFO - DAG(s) 'example_params_trigger_ui' retrieved from /home/airflow/.local/lib/python3.8/site-packages/airflow/example_dags/example_params_trigger_ui.py
[2026-06-18T17:47:18.455+0000] {logging_mixin.py:188} INFO - [2026-06-18T17:47:18.455+0000] {dag.py:3036} INFO - Sync 1 DAGs
[2026-06-18T17:47:18.481+0000] {logging_mixin.py:188} INFO - [2026-06-18T17:47:18.480+0000] {dag.py:3823} INFO - Setting next_dagrun for example_params_trigger_ui to None, run_after=None
[2026-06-18T17:47:18.516+0000] {processor.py:183} INFO - Processing /home/airflow/.local/lib/python3.8/site-packages/airflow/example_dags/example_params_trigger_ui.py took 0.203 seconds
[2026-06-18T17:47:48.707+0000] {processor.py:161} INFO - Started process (PID=7572) to work on /home/airflow/.local/lib/python3.8/site-packages/airflow/example_dags/example_params_trigger_ui.py
[2026-06-18T17:47:48.709+0000] {processor.py:830} INFO - Processing file /home/airflow/.local/lib/python3.8/site-packages/airflow/example_dags/example_params_trigger_ui.py for tasks to queue
[2026-06-18T17:47:48.713+0000] {logging_mixin.py:188} INFO - [2026-06-18T17:47:48.712+0000] {dagbag.py:538} INFO - Filling up the DagBag from /home/airflow/.local/lib/python3.8/site-packages/airflow/example_dags/example_params_trigger_ui.py
[2026-06-18T17:47:48.737+0000] {processor.py:840} INFO - DAG(s) 'example_params_trigger_ui' retrieved from /home/airflow/.local/lib/python3.8/site-packages/airflow/example_dags/example_params_trigger_ui.py
[2026-06-18T17:47:48.872+0000] {logging_mixin.py:188} INFO - [2026-06-18T17:47:48.872+0000] {dag.py:3036} INFO - Sync 1 DAGs
[2026-06-18T17:47:48.900+0000] {logging_mixin.py:188} INFO - [2026-06-18T17:47:48.900+0000] {dag.py:3823} INFO - Setting next_dagrun for example_params_trigger_ui to None, run_after=None
[2026-06-18T17:47:48.940+0000] {processor.py:183} INFO - Processing /home/airflow/.local/lib/python3.8/site-packages/airflow/example_dags/example_params_trigger_ui.py took 0.248 seconds
[2026-06-18T17:48:19.434+0000] {processor.py:161} INFO - Started process (PID=7637) to work on /home/airflow/.local/lib/python3.8/site-packages/airflow/example_dags/example_params_trigger_ui.py
[2026-06-18T17:48:19.436+0000] {processor.py:830} INFO - Processing file /home/airflow/.local/lib/python3.8/site-packages/airflow/example_dags/example_params_trigger_ui.py for tasks to queue
[2026-06-18T17:48:19.439+0000] {logging_mixin.py:188} INFO - [2026-06-18T17:48:19.439+0000] {dagbag.py:538} INFO - Filling up the DagBag from /home/airflow/.local/lib/python3.8/site-packages/airflow/example_dags/example_params_trigger_ui.py
[2026-06-18T17:48:19.461+0000] {processor.py:840} INFO - DAG(s) 'example_params_trigger_ui' retrieved from /home/airflow/.local/lib/python3.8/site-packages/airflow/example_dags/example_params_trigger_ui.py
[2026-06-18T17:48:19.567+0000] {logging_mixin.py:188} INFO - [2026-06-18T17:48:19.564+0000] {dag.py:3036} INFO - Sync 1 DAGs
[2026-06-18T17:48:19.591+0000] {logging_mixin.py:188} INFO - [2026-06-18T17:48:19.591+0000] {dag.py:3823} INFO - Setting next_dagrun for example_params_trigger_ui to None, run_after=None
[2026-06-18T17:48:19.643+0000] {processor.py:183} INFO - Processing /home/airflow/.local/lib/python3.8/site-packages/airflow/example_dags/example_params_trigger_ui.py took 0.214 seconds
[2026-06-18T17:48:49.977+0000] {processor.py:161} INFO - Started process (PID=7703) to work on /home/airflow/.local/lib/python3.8/site-packages/airflow/example_dags/example_params_trigger_ui.py
[2026-06-18T17:48:49.979+0000] {processor.py:830} INFO - Processing file /home/airflow/.local/lib/python3.8/site-packages/airflow/example_dags/example_params_trigger_ui.py for tasks to queue
[2026-06-18T17:48:49.982+0000] {logging_mixin.py:188} INFO - [2026-06-18T17:48:49.981+0000] {dagbag.py:538} INFO - Filling up the DagBag from /home/airflow/.local/lib/python3.8/site-packages/airflow/example_dags/example_params_trigger_ui.py
[2026-06-18T17:48:50.008+0000] {processor.py:840} INFO - DAG(s) 'example_params_trigger_ui' retrieved from /home/airflow/.local/lib/python3.8/site-packages/airflow/example_dags/example_params_trigger_ui.py
[2026-06-18T17:48:50.133+0000] {logging_mixin.py:188} INFO - [2026-06-18T17:48:50.132+0000] {dag.py:3036} INFO - Sync 1 DAGs
[2026-06-18T17:48:50.160+0000] {logging_mixin.py:188} INFO - [2026-06-18T17:48:50.159+0000] {dag.py:3823} INFO - Setting next_dagrun for example_params_trigger_ui to None, run_after=None
[2026-06-18T17:48:50.201+0000] {processor.py:183} INFO - Processing /home/airflow/.local/lib/python3.8/site-packages/airflow/example_dags/example_params_trigger_ui.py took 0.230 seconds
[2026-06-18T17:49:20.319+0000] {processor.py:161} INFO - Started process (PID=7776) to work on /home/airflow/.local/lib/python3.8/site-packages/airflow/example_dags/example_params_trigger_ui.py
[2026-06-18T17:49:20.320+0000] {processor.py:830} INFO - Processing file /home/airflow/.local/lib/python3.8/site-packages/airflow/example_dags/example_params_trigger_ui.py for tasks to queue
[2026-06-18T17:49:20.323+0000] {logging_mixin.py:188} INFO - [2026-06-18T17:49:20.323+0000] {dagbag.py:538} INFO - Filling up the DagBag from /home/airflow/.local/lib/python3.8/site-packages/airflow/example_dags/example_params_trigger_ui.py
[2026-06-18T17:49:20.344+0000] {processor.py:840} INFO - DAG(s) 'example_params_trigger_ui' retrieved from /home/airflow/.local/lib/python3.8/site-packages/airflow/example_dags/example_params_trigger_ui.py
[2026-06-18T17:49:20.465+0000] {logging_mixin.py:188} INFO - [2026-06-18T17:49:20.464+0000] {dag.py:3036} INFO - Sync 1 DAGs
[2026-06-18T17:49:20.489+0000] {logging_mixin.py:188} INFO - [2026-06-18T17:49:20.488+0000] {dag.py:3823} INFO - Setting next_dagrun for example_params_trigger_ui to None, run_after=None
[2026-06-18T17:49:20.523+0000] {processor.py:183} INFO - Processing /home/airflow/.local/lib/python3.8/site-packages/airflow/example_dags/example_params_trigger_ui.py took 0.210 seconds
