[2026-06-18T16:50:10.980+0000] {processor.py:161} INFO - Started process (PID=45) to work on /home/airflow/.local/lib/python3.8/site-packages/airflow/example_dags/example_python_operator.py
[2026-06-18T16:50:10.982+0000] {processor.py:830} INFO - Processing file /home/airflow/.local/lib/python3.8/site-packages/airflow/example_dags/example_python_operator.py for tasks to queue
[2026-06-18T16:50:10.997+0000] {logging_mixin.py:188} INFO - [2026-06-18T16:50:10.996+0000] {dagbag.py:538} INFO - Filling up the DagBag from /home/airflow/.local/lib/python3.8/site-packages/airflow/example_dags/example_python_operator.py
[2026-06-18T16:50:11.076+0000] {processor.py:840} INFO - DAG(s) 'example_python_operator' retrieved from /home/airflow/.local/lib/python3.8/site-packages/airflow/example_dags/example_python_operator.py
[2026-06-18T16:50:11.764+0000] {logging_mixin.py:188} INFO - [2026-06-18T16:50:11.764+0000] {dag.py:3036} INFO - Sync 1 DAGs
[2026-06-18T16:50:11.850+0000] {logging_mixin.py:188} INFO - [2026-06-18T16:50:11.850+0000] {dag.py:3823} INFO - Setting next_dagrun for example_python_operator to None, run_after=None
[2026-06-18T16:50:11.948+0000] {processor.py:183} INFO - Processing /home/airflow/.local/lib/python3.8/site-packages/airflow/example_dags/example_python_operator.py took 0.973 seconds
[2026-06-18T16:50:42.522+0000] {processor.py:161} INFO - Started process (PID=111) to work on /home/airflow/.local/lib/python3.8/site-packages/airflow/example_dags/example_python_operator.py
[2026-06-18T16:50:42.524+0000] {processor.py:830} INFO - Processing file /home/airflow/.local/lib/python3.8/site-packages/airflow/example_dags/example_python_operator.py for tasks to queue
[2026-06-18T16:50:42.527+0000] {logging_mixin.py:188} INFO - [2026-06-18T16:50:42.527+0000] {dagbag.py:538} INFO - Filling up the DagBag from /home/airflow/.local/lib/python3.8/site-packages/airflow/example_dags/example_python_operator.py
[2026-06-18T16:50:42.548+0000] {processor.py:840} INFO - DAG(s) 'example_python_operator' retrieved from /home/airflow/.local/lib/python3.8/site-packages/airflow/example_dags/example_python_operator.py
[2026-06-18T16:50:42.596+0000] {logging_mixin.py:188} INFO - [2026-06-18T16:50:42.596+0000] {dag.py:3036} INFO - Sync 1 DAGs
[2026-06-18T16:50:42.621+0000] {logging_mixin.py:188} INFO - [2026-06-18T16:50:42.620+0000] {dag.py:3823} INFO - Setting next_dagrun for example_python_operator to None, run_after=None
[2026-06-18T16:50:42.657+0000] {processor.py:183} INFO - Processing /home/airflow/.local/lib/python3.8/site-packages/airflow/example_dags/example_python_operator.py took 0.141 seconds
[2026-06-18T16:51:12.830+0000] {processor.py:161} INFO - Started process (PID=178) to work on /home/airflow/.local/lib/python3.8/site-packages/airflow/example_dags/example_python_operator.py
[2026-06-18T16:51:12.832+0000] {processor.py:830} INFO - Processing file /home/airflow/.local/lib/python3.8/site-packages/airflow/example_dags/example_python_operator.py for tasks to queue
[2026-06-18T16:51:12.835+0000] {logging_mixin.py:188} INFO - [2026-06-18T16:51:12.834+0000] {dagbag.py:538} INFO - Filling up the DagBag from /home/airflow/.local/lib/python3.8/site-packages/airflow/example_dags/example_python_operator.py
[2026-06-18T16:51:12.856+0000] {processor.py:840} INFO - DAG(s) 'example_python_operator' retrieved from /home/airflow/.local/lib/python3.8/site-packages/airflow/example_dags/example_python_operator.py
[2026-06-18T16:51:12.910+0000] {logging_mixin.py:188} INFO - [2026-06-18T16:51:12.910+0000] {dag.py:3036} INFO - Sync 1 DAGs
[2026-06-18T16:51:12.945+0000] {logging_mixin.py:188} INFO - [2026-06-18T16:51:12.944+0000] {dag.py:3823} INFO - Setting next_dagrun for example_python_operator to None, run_after=None
[2026-06-18T16:51:13.001+0000] {processor.py:183} INFO - Processing /home/airflow/.local/lib/python3.8/site-packages/airflow/example_dags/example_python_operator.py took 0.180 seconds
[2026-06-18T16:51:43.509+0000] {processor.py:161} INFO - Started process (PID=244) to work on /home/airflow/.local/lib/python3.8/site-packages/airflow/example_dags/example_python_operator.py
[2026-06-18T16:51:43.514+0000] {processor.py:830} INFO - Processing file /home/airflow/.local/lib/python3.8/site-packages/airflow/example_dags/example_python_operator.py for tasks to queue
[2026-06-18T16:51:43.517+0000] {logging_mixin.py:188} INFO - [2026-06-18T16:51:43.516+0000] {dagbag.py:538} INFO - Filling up the DagBag from /home/airflow/.local/lib/python3.8/site-packages/airflow/example_dags/example_python_operator.py
[2026-06-18T16:51:43.565+0000] {processor.py:840} INFO - DAG(s) 'example_python_operator' retrieved from /home/airflow/.local/lib/python3.8/site-packages/airflow/example_dags/example_python_operator.py
[2026-06-18T16:51:43.614+0000] {logging_mixin.py:188} INFO - [2026-06-18T16:51:43.614+0000] {dag.py:3036} INFO - Sync 1 DAGs
[2026-06-18T16:51:43.639+0000] {logging_mixin.py:188} INFO - [2026-06-18T16:51:43.638+0000] {dag.py:3823} INFO - Setting next_dagrun for example_python_operator to None, run_after=None
[2026-06-18T16:51:43.672+0000] {processor.py:183} INFO - Processing /home/airflow/.local/lib/python3.8/site-packages/airflow/example_dags/example_python_operator.py took 0.169 seconds
[2026-06-18T16:52:13.782+0000] {processor.py:161} INFO - Started process (PID=310) to work on /home/airflow/.local/lib/python3.8/site-packages/airflow/example_dags/example_python_operator.py
[2026-06-18T16:52:13.784+0000] {processor.py:830} INFO - Processing file /home/airflow/.local/lib/python3.8/site-packages/airflow/example_dags/example_python_operator.py for tasks to queue
[2026-06-18T16:52:13.787+0000] {logging_mixin.py:188} INFO - [2026-06-18T16:52:13.787+0000] {dagbag.py:538} INFO - Filling up the DagBag from /home/airflow/.local/lib/python3.8/site-packages/airflow/example_dags/example_python_operator.py
[2026-06-18T16:52:13.807+0000] {processor.py:840} INFO - DAG(s) 'example_python_operator' retrieved from /home/airflow/.local/lib/python3.8/site-packages/airflow/example_dags/example_python_operator.py
[2026-06-18T16:52:13.853+0000] {logging_mixin.py:188} INFO - [2026-06-18T16:52:13.853+0000] {dag.py:3036} INFO - Sync 1 DAGs
[2026-06-18T16:52:13.879+0000] {logging_mixin.py:188} INFO - [2026-06-18T16:52:13.879+0000] {dag.py:3823} INFO - Setting next_dagrun for example_python_operator to None, run_after=None
[2026-06-18T16:52:13.917+0000] {processor.py:183} INFO - Processing /home/airflow/.local/lib/python3.8/site-packages/airflow/example_dags/example_python_operator.py took 0.140 seconds
[2026-06-18T16:52:44.389+0000] {processor.py:161} INFO - Started process (PID=378) to work on /home/airflow/.local/lib/python3.8/site-packages/airflow/example_dags/example_python_operator.py
[2026-06-18T16:52:44.390+0000] {processor.py:830} INFO - Processing file /home/airflow/.local/lib/python3.8/site-packages/airflow/example_dags/example_python_operator.py for tasks to queue
[2026-06-18T16:52:44.393+0000] {logging_mixin.py:188} INFO - [2026-06-18T16:52:44.392+0000] {dagbag.py:538} INFO - Filling up the DagBag from /home/airflow/.local/lib/python3.8/site-packages/airflow/example_dags/example_python_operator.py
[2026-06-18T16:52:44.412+0000] {processor.py:840} INFO - DAG(s) 'example_python_operator' retrieved from /home/airflow/.local/lib/python3.8/site-packages/airflow/example_dags/example_python_operator.py
[2026-06-18T16:52:44.452+0000] {logging_mixin.py:188} INFO - [2026-06-18T16:52:44.452+0000] {dag.py:3036} INFO - Sync 1 DAGs
[2026-06-18T16:52:44.483+0000] {logging_mixin.py:188} INFO - [2026-06-18T16:52:44.482+0000] {dag.py:3823} INFO - Setting next_dagrun for example_python_operator to None, run_after=None
[2026-06-18T16:52:44.520+0000] {processor.py:183} INFO - Processing /home/airflow/.local/lib/python3.8/site-packages/airflow/example_dags/example_python_operator.py took 0.137 seconds
[2026-06-18T16:53:14.744+0000] {processor.py:161} INFO - Started process (PID=444) to work on /home/airflow/.local/lib/python3.8/site-packages/airflow/example_dags/example_python_operator.py
[2026-06-18T16:53:14.746+0000] {processor.py:830} INFO - Processing file /home/airflow/.local/lib/python3.8/site-packages/airflow/example_dags/example_python_operator.py for tasks to queue
[2026-06-18T16:53:14.748+0000] {logging_mixin.py:188} INFO - [2026-06-18T16:53:14.748+0000] {dagbag.py:538} INFO - Filling up the DagBag from /home/airflow/.local/lib/python3.8/site-packages/airflow/example_dags/example_python_operator.py
[2026-06-18T16:53:14.765+0000] {processor.py:840} INFO - DAG(s) 'example_python_operator' retrieved from /home/airflow/.local/lib/python3.8/site-packages/airflow/example_dags/example_python_operator.py
[2026-06-18T16:53:14.804+0000] {logging_mixin.py:188} INFO - [2026-06-18T16:53:14.804+0000] {dag.py:3036} INFO - Sync 1 DAGs
[2026-06-18T16:53:14.823+0000] {logging_mixin.py:188} INFO - [2026-06-18T16:53:14.823+0000] {dag.py:3823} INFO - Setting next_dagrun for example_python_operator to None, run_after=None
[2026-06-18T16:53:14.858+0000] {processor.py:183} INFO - Processing /home/airflow/.local/lib/python3.8/site-packages/airflow/example_dags/example_python_operator.py took 0.120 seconds
[2026-06-18T16:53:45.084+0000] {processor.py:161} INFO - Started process (PID=511) to work on /home/airflow/.local/lib/python3.8/site-packages/airflow/example_dags/example_python_operator.py
[2026-06-18T16:53:45.085+0000] {processor.py:830} INFO - Processing file /home/airflow/.local/lib/python3.8/site-packages/airflow/example_dags/example_python_operator.py for tasks to queue
[2026-06-18T16:53:45.088+0000] {logging_mixin.py:188} INFO - [2026-06-18T16:53:45.087+0000] {dagbag.py:538} INFO - Filling up the DagBag from /home/airflow/.local/lib/python3.8/site-packages/airflow/example_dags/example_python_operator.py
[2026-06-18T16:53:45.105+0000] {processor.py:840} INFO - DAG(s) 'example_python_operator' retrieved from /home/airflow/.local/lib/python3.8/site-packages/airflow/example_dags/example_python_operator.py
[2026-06-18T16:53:45.147+0000] {logging_mixin.py:188} INFO - [2026-06-18T16:53:45.147+0000] {dag.py:3036} INFO - Sync 1 DAGs
[2026-06-18T16:53:45.170+0000] {logging_mixin.py:188} INFO - [2026-06-18T16:53:45.170+0000] {dag.py:3823} INFO - Setting next_dagrun for example_python_operator to None, run_after=None
[2026-06-18T16:53:45.200+0000] {processor.py:183} INFO - Processing /home/airflow/.local/lib/python3.8/site-packages/airflow/example_dags/example_python_operator.py took 0.121 seconds
[2026-06-18T16:54:15.696+0000] {processor.py:161} INFO - Started process (PID=578) to work on /home/airflow/.local/lib/python3.8/site-packages/airflow/example_dags/example_python_operator.py
[2026-06-18T16:54:15.698+0000] {processor.py:830} INFO - Processing file /home/airflow/.local/lib/python3.8/site-packages/airflow/example_dags/example_python_operator.py for tasks to queue
[2026-06-18T16:54:15.700+0000] {logging_mixin.py:188} INFO - [2026-06-18T16:54:15.700+0000] {dagbag.py:538} INFO - Filling up the DagBag from /home/airflow/.local/lib/python3.8/site-packages/airflow/example_dags/example_python_operator.py
[2026-06-18T16:54:15.718+0000] {processor.py:840} INFO - DAG(s) 'example_python_operator' retrieved from /home/airflow/.local/lib/python3.8/site-packages/airflow/example_dags/example_python_operator.py
[2026-06-18T16:54:15.757+0000] {logging_mixin.py:188} INFO - [2026-06-18T16:54:15.757+0000] {dag.py:3036} INFO - Sync 1 DAGs
[2026-06-18T16:54:15.779+0000] {logging_mixin.py:188} INFO - [2026-06-18T16:54:15.779+0000] {dag.py:3823} INFO - Setting next_dagrun for example_python_operator to None, run_after=None
[2026-06-18T16:54:15.809+0000] {processor.py:183} INFO - Processing /home/airflow/.local/lib/python3.8/site-packages/airflow/example_dags/example_python_operator.py took 0.119 seconds
[2026-06-18T16:54:46.077+0000] {processor.py:161} INFO - Started process (PID=643) to work on /home/airflow/.local/lib/python3.8/site-packages/airflow/example_dags/example_python_operator.py
[2026-06-18T16:54:46.078+0000] {processor.py:830} INFO - Processing file /home/airflow/.local/lib/python3.8/site-packages/airflow/example_dags/example_python_operator.py for tasks to queue
[2026-06-18T16:54:46.081+0000] {logging_mixin.py:188} INFO - [2026-06-18T16:54:46.081+0000] {dagbag.py:538} INFO - Filling up the DagBag from /home/airflow/.local/lib/python3.8/site-packages/airflow/example_dags/example_python_operator.py
[2026-06-18T16:54:46.097+0000] {processor.py:840} INFO - DAG(s) 'example_python_operator' retrieved from /home/airflow/.local/lib/python3.8/site-packages/airflow/example_dags/example_python_operator.py
[2026-06-18T16:54:46.143+0000] {logging_mixin.py:188} INFO - [2026-06-18T16:54:46.142+0000] {dag.py:3036} INFO - Sync 1 DAGs
[2026-06-18T16:54:46.163+0000] {logging_mixin.py:188} INFO - [2026-06-18T16:54:46.163+0000] {dag.py:3823} INFO - Setting next_dagrun for example_python_operator to None, run_after=None
[2026-06-18T16:54:46.198+0000] {processor.py:183} INFO - Processing /home/airflow/.local/lib/python3.8/site-packages/airflow/example_dags/example_python_operator.py took 0.127 seconds
[2026-06-18T16:55:16.580+0000] {processor.py:161} INFO - Started process (PID=710) to work on /home/airflow/.local/lib/python3.8/site-packages/airflow/example_dags/example_python_operator.py
[2026-06-18T16:55:16.582+0000] {processor.py:830} INFO - Processing file /home/airflow/.local/lib/python3.8/site-packages/airflow/example_dags/example_python_operator.py for tasks to queue
[2026-06-18T16:55:16.585+0000] {logging_mixin.py:188} INFO - [2026-06-18T16:55:16.585+0000] {dagbag.py:538} INFO - Filling up the DagBag from /home/airflow/.local/lib/python3.8/site-packages/airflow/example_dags/example_python_operator.py
[2026-06-18T16:55:16.601+0000] {processor.py:840} INFO - DAG(s) 'example_python_operator' retrieved from /home/airflow/.local/lib/python3.8/site-packages/airflow/example_dags/example_python_operator.py
[2026-06-18T16:55:16.640+0000] {logging_mixin.py:188} INFO - [2026-06-18T16:55:16.640+0000] {dag.py:3036} INFO - Sync 1 DAGs
[2026-06-18T16:55:16.665+0000] {logging_mixin.py:188} INFO - [2026-06-18T16:55:16.665+0000] {dag.py:3823} INFO - Setting next_dagrun for example_python_operator to None, run_after=None
[2026-06-18T16:55:16.702+0000] {processor.py:183} INFO - Processing /home/airflow/.local/lib/python3.8/site-packages/airflow/example_dags/example_python_operator.py took 0.127 seconds
[2026-06-18T16:55:46.820+0000] {processor.py:161} INFO - Started process (PID=776) to work on /home/airflow/.local/lib/python3.8/site-packages/airflow/example_dags/example_python_operator.py
[2026-06-18T16:55:46.822+0000] {processor.py:830} INFO - Processing file /home/airflow/.local/lib/python3.8/site-packages/airflow/example_dags/example_python_operator.py for tasks to queue
[2026-06-18T16:55:46.825+0000] {logging_mixin.py:188} INFO - [2026-06-18T16:55:46.825+0000] {dagbag.py:538} INFO - Filling up the DagBag from /home/airflow/.local/lib/python3.8/site-packages/airflow/example_dags/example_python_operator.py
[2026-06-18T16:55:46.841+0000] {processor.py:840} INFO - DAG(s) 'example_python_operator' retrieved from /home/airflow/.local/lib/python3.8/site-packages/airflow/example_dags/example_python_operator.py
[2026-06-18T16:55:46.879+0000] {logging_mixin.py:188} INFO - [2026-06-18T16:55:46.879+0000] {dag.py:3036} INFO - Sync 1 DAGs
[2026-06-18T16:55:46.901+0000] {logging_mixin.py:188} INFO - [2026-06-18T16:55:46.900+0000] {dag.py:3823} INFO - Setting next_dagrun for example_python_operator to None, run_after=None
[2026-06-18T16:55:46.938+0000] {processor.py:183} INFO - Processing /home/airflow/.local/lib/python3.8/site-packages/airflow/example_dags/example_python_operator.py took 0.122 seconds
[2026-06-18T16:56:17.377+0000] {processor.py:161} INFO - Started process (PID=843) to work on /home/airflow/.local/lib/python3.8/site-packages/airflow/example_dags/example_python_operator.py
[2026-06-18T16:56:17.379+0000] {processor.py:830} INFO - Processing file /home/airflow/.local/lib/python3.8/site-packages/airflow/example_dags/example_python_operator.py for tasks to queue
[2026-06-18T16:56:17.382+0000] {logging_mixin.py:188} INFO - [2026-06-18T16:56:17.381+0000] {dagbag.py:538} INFO - Filling up the DagBag from /home/airflow/.local/lib/python3.8/site-packages/airflow/example_dags/example_python_operator.py
[2026-06-18T16:56:17.399+0000] {processor.py:840} INFO - DAG(s) 'example_python_operator' retrieved from /home/airflow/.local/lib/python3.8/site-packages/airflow/example_dags/example_python_operator.py
[2026-06-18T16:56:17.443+0000] {logging_mixin.py:188} INFO - [2026-06-18T16:56:17.443+0000] {dag.py:3036} INFO - Sync 1 DAGs
[2026-06-18T16:56:17.465+0000] {logging_mixin.py:188} INFO - [2026-06-18T16:56:17.464+0000] {dag.py:3823} INFO - Setting next_dagrun for example_python_operator to None, run_after=None
[2026-06-18T16:56:17.510+0000] {processor.py:183} INFO - Processing /home/airflow/.local/lib/python3.8/site-packages/airflow/example_dags/example_python_operator.py took 0.137 seconds
[2026-06-18T16:56:48.288+0000] {processor.py:161} INFO - Started process (PID=909) to work on /home/airflow/.local/lib/python3.8/site-packages/airflow/example_dags/example_python_operator.py
[2026-06-18T16:56:48.290+0000] {processor.py:830} INFO - Processing file /home/airflow/.local/lib/python3.8/site-packages/airflow/example_dags/example_python_operator.py for tasks to queue
[2026-06-18T16:56:48.293+0000] {logging_mixin.py:188} INFO - [2026-06-18T16:56:48.292+0000] {dagbag.py:538} INFO - Filling up the DagBag from /home/airflow/.local/lib/python3.8/site-packages/airflow/example_dags/example_python_operator.py
[2026-06-18T16:56:48.309+0000] {processor.py:840} INFO - DAG(s) 'example_python_operator' retrieved from /home/airflow/.local/lib/python3.8/site-packages/airflow/example_dags/example_python_operator.py
[2026-06-18T16:56:48.353+0000] {logging_mixin.py:188} INFO - [2026-06-18T16:56:48.353+0000] {dag.py:3036} INFO - Sync 1 DAGs
[2026-06-18T16:56:48.378+0000] {logging_mixin.py:188} INFO - [2026-06-18T16:56:48.377+0000] {dag.py:3823} INFO - Setting next_dagrun for example_python_operator to None, run_after=None
[2026-06-18T16:56:48.413+0000] {processor.py:183} INFO - Processing /home/airflow/.local/lib/python3.8/site-packages/airflow/example_dags/example_python_operator.py took 0.131 seconds
[2026-06-18T16:57:19.014+0000] {processor.py:161} INFO - Started process (PID=982) to work on /home/airflow/.local/lib/python3.8/site-packages/airflow/example_dags/example_python_operator.py
[2026-06-18T16:57:19.016+0000] {processor.py:830} INFO - Processing file /home/airflow/.local/lib/python3.8/site-packages/airflow/example_dags/example_python_operator.py for tasks to queue
[2026-06-18T16:57:19.019+0000] {logging_mixin.py:188} INFO - [2026-06-18T16:57:19.019+0000] {dagbag.py:538} INFO - Filling up the DagBag from /home/airflow/.local/lib/python3.8/site-packages/airflow/example_dags/example_python_operator.py
[2026-06-18T16:57:19.038+0000] {processor.py:840} INFO - DAG(s) 'example_python_operator' retrieved from /home/airflow/.local/lib/python3.8/site-packages/airflow/example_dags/example_python_operator.py
[2026-06-18T16:57:19.085+0000] {logging_mixin.py:188} INFO - [2026-06-18T16:57:19.084+0000] {dag.py:3036} INFO - Sync 1 DAGs
[2026-06-18T16:57:19.110+0000] {logging_mixin.py:188} INFO - [2026-06-18T16:57:19.110+0000] {dag.py:3823} INFO - Setting next_dagrun for example_python_operator to None, run_after=None
[2026-06-18T16:57:19.146+0000] {processor.py:183} INFO - Processing /home/airflow/.local/lib/python3.8/site-packages/airflow/example_dags/example_python_operator.py took 0.138 seconds
[2026-06-18T16:57:49.810+0000] {processor.py:161} INFO - Started process (PID=1047) to work on /home/airflow/.local/lib/python3.8/site-packages/airflow/example_dags/example_python_operator.py
[2026-06-18T16:57:49.812+0000] {processor.py:830} INFO - Processing file /home/airflow/.local/lib/python3.8/site-packages/airflow/example_dags/example_python_operator.py for tasks to queue
[2026-06-18T16:57:49.815+0000] {logging_mixin.py:188} INFO - [2026-06-18T16:57:49.814+0000] {dagbag.py:538} INFO - Filling up the DagBag from /home/airflow/.local/lib/python3.8/site-packages/airflow/example_dags/example_python_operator.py
[2026-06-18T16:57:49.834+0000] {processor.py:840} INFO - DAG(s) 'example_python_operator' retrieved from /home/airflow/.local/lib/python3.8/site-packages/airflow/example_dags/example_python_operator.py
[2026-06-18T16:57:49.879+0000] {logging_mixin.py:188} INFO - [2026-06-18T16:57:49.879+0000] {dag.py:3036} INFO - Sync 1 DAGs
[2026-06-18T16:57:49.904+0000] {logging_mixin.py:188} INFO - [2026-06-18T16:57:49.904+0000] {dag.py:3823} INFO - Setting next_dagrun for example_python_operator to None, run_after=None
[2026-06-18T16:57:49.939+0000] {processor.py:183} INFO - Processing /home/airflow/.local/lib/python3.8/site-packages/airflow/example_dags/example_python_operator.py took 0.134 seconds
[2026-06-18T16:58:20.224+0000] {processor.py:161} INFO - Started process (PID=1112) to work on /home/airflow/.local/lib/python3.8/site-packages/airflow/example_dags/example_python_operator.py
[2026-06-18T16:58:20.225+0000] {processor.py:830} INFO - Processing file /home/airflow/.local/lib/python3.8/site-packages/airflow/example_dags/example_python_operator.py for tasks to queue
[2026-06-18T16:58:20.228+0000] {logging_mixin.py:188} INFO - [2026-06-18T16:58:20.228+0000] {dagbag.py:538} INFO - Filling up the DagBag from /home/airflow/.local/lib/python3.8/site-packages/airflow/example_dags/example_python_operator.py
[2026-06-18T16:58:20.252+0000] {processor.py:840} INFO - DAG(s) 'example_python_operator' retrieved from /home/airflow/.local/lib/python3.8/site-packages/airflow/example_dags/example_python_operator.py
[2026-06-18T16:58:20.304+0000] {logging_mixin.py:188} INFO - [2026-06-18T16:58:20.303+0000] {dag.py:3036} INFO - Sync 1 DAGs
[2026-06-18T16:58:20.332+0000] {logging_mixin.py:188} INFO - [2026-06-18T16:58:20.331+0000] {dag.py:3823} INFO - Setting next_dagrun for example_python_operator to None, run_after=None
[2026-06-18T16:58:20.362+0000] {processor.py:183} INFO - Processing /home/airflow/.local/lib/python3.8/site-packages/airflow/example_dags/example_python_operator.py took 0.151 seconds
[2026-06-18T16:58:50.447+0000] {processor.py:161} INFO - Started process (PID=1178) to work on /home/airflow/.local/lib/python3.8/site-packages/airflow/example_dags/example_python_operator.py
[2026-06-18T16:58:50.450+0000] {processor.py:830} INFO - Processing file /home/airflow/.local/lib/python3.8/site-packages/airflow/example_dags/example_python_operator.py for tasks to queue
[2026-06-18T16:58:50.453+0000] {logging_mixin.py:188} INFO - [2026-06-18T16:58:50.452+0000] {dagbag.py:538} INFO - Filling up the DagBag from /home/airflow/.local/lib/python3.8/site-packages/airflow/example_dags/example_python_operator.py
[2026-06-18T16:58:50.473+0000] {processor.py:840} INFO - DAG(s) 'example_python_operator' retrieved from /home/airflow/.local/lib/python3.8/site-packages/airflow/example_dags/example_python_operator.py
[2026-06-18T16:58:50.498+0000] {logging_mixin.py:188} INFO - [2026-06-18T16:58:50.498+0000] {dag.py:3036} INFO - Sync 1 DAGs
[2026-06-18T16:58:50.527+0000] {logging_mixin.py:188} INFO - [2026-06-18T16:58:50.526+0000] {dag.py:3823} INFO - Setting next_dagrun for example_python_operator to None, run_after=None
[2026-06-18T16:58:50.569+0000] {processor.py:183} INFO - Processing /home/airflow/.local/lib/python3.8/site-packages/airflow/example_dags/example_python_operator.py took 0.127 seconds
[2026-06-18T16:59:21.179+0000] {processor.py:161} INFO - Started process (PID=1244) to work on /home/airflow/.local/lib/python3.8/site-packages/airflow/example_dags/example_python_operator.py
[2026-06-18T16:59:21.181+0000] {processor.py:830} INFO - Processing file /home/airflow/.local/lib/python3.8/site-packages/airflow/example_dags/example_python_operator.py for tasks to queue
[2026-06-18T16:59:21.183+0000] {logging_mixin.py:188} INFO - [2026-06-18T16:59:21.183+0000] {dagbag.py:538} INFO - Filling up the DagBag from /home/airflow/.local/lib/python3.8/site-packages/airflow/example_dags/example_python_operator.py
[2026-06-18T16:59:21.201+0000] {processor.py:840} INFO - DAG(s) 'example_python_operator' retrieved from /home/airflow/.local/lib/python3.8/site-packages/airflow/example_dags/example_python_operator.py
[2026-06-18T16:59:21.381+0000] {logging_mixin.py:188} INFO - [2026-06-18T16:59:21.380+0000] {dag.py:3036} INFO - Sync 1 DAGs
[2026-06-18T16:59:21.403+0000] {logging_mixin.py:188} INFO - [2026-06-18T16:59:21.402+0000] {dag.py:3823} INFO - Setting next_dagrun for example_python_operator to None, run_after=None
[2026-06-18T16:59:21.439+0000] {processor.py:183} INFO - Processing /home/airflow/.local/lib/python3.8/site-packages/airflow/example_dags/example_python_operator.py took 0.264 seconds
[2026-06-18T16:59:51.821+0000] {processor.py:161} INFO - Started process (PID=1310) to work on /home/airflow/.local/lib/python3.8/site-packages/airflow/example_dags/example_python_operator.py
[2026-06-18T16:59:51.829+0000] {processor.py:830} INFO - Processing file /home/airflow/.local/lib/python3.8/site-packages/airflow/example_dags/example_python_operator.py for tasks to queue
[2026-06-18T16:59:51.832+0000] {logging_mixin.py:188} INFO - [2026-06-18T16:59:51.831+0000] {dagbag.py:538} INFO - Filling up the DagBag from /home/airflow/.local/lib/python3.8/site-packages/airflow/example_dags/example_python_operator.py
[2026-06-18T16:59:51.868+0000] {processor.py:840} INFO - DAG(s) 'example_python_operator' retrieved from /home/airflow/.local/lib/python3.8/site-packages/airflow/example_dags/example_python_operator.py
[2026-06-18T16:59:51.945+0000] {logging_mixin.py:188} INFO - [2026-06-18T16:59:51.945+0000] {dag.py:3036} INFO - Sync 1 DAGs
[2026-06-18T16:59:52.009+0000] {logging_mixin.py:188} INFO - [2026-06-18T16:59:52.009+0000] {dag.py:3823} INFO - Setting next_dagrun for example_python_operator to None, run_after=None
[2026-06-18T16:59:52.088+0000] {processor.py:183} INFO - Processing /home/airflow/.local/lib/python3.8/site-packages/airflow/example_dags/example_python_operator.py took 0.281 seconds
[2026-06-18T17:00:22.286+0000] {processor.py:161} INFO - Started process (PID=1376) to work on /home/airflow/.local/lib/python3.8/site-packages/airflow/example_dags/example_python_operator.py
[2026-06-18T17:00:22.289+0000] {processor.py:830} INFO - Processing file /home/airflow/.local/lib/python3.8/site-packages/airflow/example_dags/example_python_operator.py for tasks to queue
[2026-06-18T17:00:22.292+0000] {logging_mixin.py:188} INFO - [2026-06-18T17:00:22.291+0000] {dagbag.py:538} INFO - Filling up the DagBag from /home/airflow/.local/lib/python3.8/site-packages/airflow/example_dags/example_python_operator.py
[2026-06-18T17:00:22.311+0000] {processor.py:840} INFO - DAG(s) 'example_python_operator' retrieved from /home/airflow/.local/lib/python3.8/site-packages/airflow/example_dags/example_python_operator.py
[2026-06-18T17:00:22.335+0000] {logging_mixin.py:188} INFO - [2026-06-18T17:00:22.335+0000] {dag.py:3036} INFO - Sync 1 DAGs
[2026-06-18T17:00:22.361+0000] {logging_mixin.py:188} INFO - [2026-06-18T17:00:22.361+0000] {dag.py:3823} INFO - Setting next_dagrun for example_python_operator to None, run_after=None
[2026-06-18T17:00:22.393+0000] {processor.py:183} INFO - Processing /home/airflow/.local/lib/python3.8/site-packages/airflow/example_dags/example_python_operator.py took 0.113 seconds
[2026-06-18T17:00:52.710+0000] {processor.py:161} INFO - Started process (PID=1441) to work on /home/airflow/.local/lib/python3.8/site-packages/airflow/example_dags/example_python_operator.py
[2026-06-18T17:00:52.711+0000] {processor.py:830} INFO - Processing file /home/airflow/.local/lib/python3.8/site-packages/airflow/example_dags/example_python_operator.py for tasks to queue
[2026-06-18T17:00:52.723+0000] {logging_mixin.py:188} INFO - [2026-06-18T17:00:52.723+0000] {dagbag.py:538} INFO - Filling up the DagBag from /home/airflow/.local/lib/python3.8/site-packages/airflow/example_dags/example_python_operator.py
[2026-06-18T17:00:52.750+0000] {processor.py:840} INFO - DAG(s) 'example_python_operator' retrieved from /home/airflow/.local/lib/python3.8/site-packages/airflow/example_dags/example_python_operator.py
[2026-06-18T17:00:52.969+0000] {logging_mixin.py:188} INFO - [2026-06-18T17:00:52.969+0000] {dag.py:3036} INFO - Sync 1 DAGs
[2026-06-18T17:00:52.987+0000] {logging_mixin.py:188} INFO - [2026-06-18T17:00:52.986+0000] {dag.py:3823} INFO - Setting next_dagrun for example_python_operator to None, run_after=None
[2026-06-18T17:00:53.017+0000] {processor.py:183} INFO - Processing /home/airflow/.local/lib/python3.8/site-packages/airflow/example_dags/example_python_operator.py took 0.312 seconds
[2026-06-18T17:01:23.138+0000] {processor.py:161} INFO - Started process (PID=1507) to work on /home/airflow/.local/lib/python3.8/site-packages/airflow/example_dags/example_python_operator.py
[2026-06-18T17:01:23.140+0000] {processor.py:830} INFO - Processing file /home/airflow/.local/lib/python3.8/site-packages/airflow/example_dags/example_python_operator.py for tasks to queue
[2026-06-18T17:01:23.142+0000] {logging_mixin.py:188} INFO - [2026-06-18T17:01:23.142+0000] {dagbag.py:538} INFO - Filling up the DagBag from /home/airflow/.local/lib/python3.8/site-packages/airflow/example_dags/example_python_operator.py
[2026-06-18T17:01:23.162+0000] {processor.py:840} INFO - DAG(s) 'example_python_operator' retrieved from /home/airflow/.local/lib/python3.8/site-packages/airflow/example_dags/example_python_operator.py
[2026-06-18T17:01:23.203+0000] {logging_mixin.py:188} INFO - [2026-06-18T17:01:23.202+0000] {dag.py:3036} INFO - Sync 1 DAGs
[2026-06-18T17:01:23.223+0000] {logging_mixin.py:188} INFO - [2026-06-18T17:01:23.223+0000] {dag.py:3823} INFO - Setting next_dagrun for example_python_operator to None, run_after=None
[2026-06-18T17:01:23.256+0000] {processor.py:183} INFO - Processing /home/airflow/.local/lib/python3.8/site-packages/airflow/example_dags/example_python_operator.py took 0.123 seconds
[2026-06-18T17:01:53.840+0000] {processor.py:161} INFO - Started process (PID=1573) to work on /home/airflow/.local/lib/python3.8/site-packages/airflow/example_dags/example_python_operator.py
[2026-06-18T17:01:53.841+0000] {processor.py:830} INFO - Processing file /home/airflow/.local/lib/python3.8/site-packages/airflow/example_dags/example_python_operator.py for tasks to queue
[2026-06-18T17:01:53.844+0000] {logging_mixin.py:188} INFO - [2026-06-18T17:01:53.844+0000] {dagbag.py:538} INFO - Filling up the DagBag from /home/airflow/.local/lib/python3.8/site-packages/airflow/example_dags/example_python_operator.py
[2026-06-18T17:01:53.861+0000] {processor.py:840} INFO - DAG(s) 'example_python_operator' retrieved from /home/airflow/.local/lib/python3.8/site-packages/airflow/example_dags/example_python_operator.py
[2026-06-18T17:01:53.902+0000] {logging_mixin.py:188} INFO - [2026-06-18T17:01:53.901+0000] {dag.py:3036} INFO - Sync 1 DAGs
[2026-06-18T17:01:53.922+0000] {logging_mixin.py:188} INFO - [2026-06-18T17:01:53.922+0000] {dag.py:3823} INFO - Setting next_dagrun for example_python_operator to None, run_after=None
[2026-06-18T17:01:53.952+0000] {processor.py:183} INFO - Processing /home/airflow/.local/lib/python3.8/site-packages/airflow/example_dags/example_python_operator.py took 0.117 seconds
[2026-06-18T17:02:24.364+0000] {processor.py:161} INFO - Started process (PID=1639) to work on /home/airflow/.local/lib/python3.8/site-packages/airflow/example_dags/example_python_operator.py
[2026-06-18T17:02:24.366+0000] {processor.py:830} INFO - Processing file /home/airflow/.local/lib/python3.8/site-packages/airflow/example_dags/example_python_operator.py for tasks to queue
[2026-06-18T17:02:24.368+0000] {logging_mixin.py:188} INFO - [2026-06-18T17:02:24.368+0000] {dagbag.py:538} INFO - Filling up the DagBag from /home/airflow/.local/lib/python3.8/site-packages/airflow/example_dags/example_python_operator.py
[2026-06-18T17:02:24.386+0000] {processor.py:840} INFO - DAG(s) 'example_python_operator' retrieved from /home/airflow/.local/lib/python3.8/site-packages/airflow/example_dags/example_python_operator.py
[2026-06-18T17:02:24.435+0000] {logging_mixin.py:188} INFO - [2026-06-18T17:02:24.434+0000] {dag.py:3036} INFO - Sync 1 DAGs
[2026-06-18T17:02:24.461+0000] {logging_mixin.py:188} INFO - [2026-06-18T17:02:24.461+0000] {dag.py:3823} INFO - Setting next_dagrun for example_python_operator to None, run_after=None
[2026-06-18T17:02:24.511+0000] {processor.py:183} INFO - Processing /home/airflow/.local/lib/python3.8/site-packages/airflow/example_dags/example_python_operator.py took 0.153 seconds
[2026-06-18T17:02:54.932+0000] {processor.py:161} INFO - Started process (PID=1704) to work on /home/airflow/.local/lib/python3.8/site-packages/airflow/example_dags/example_python_operator.py
[2026-06-18T17:02:54.933+0000] {processor.py:830} INFO - Processing file /home/airflow/.local/lib/python3.8/site-packages/airflow/example_dags/example_python_operator.py for tasks to queue
[2026-06-18T17:02:54.936+0000] {logging_mixin.py:188} INFO - [2026-06-18T17:02:54.936+0000] {dagbag.py:538} INFO - Filling up the DagBag from /home/airflow/.local/lib/python3.8/site-packages/airflow/example_dags/example_python_operator.py
[2026-06-18T17:02:54.955+0000] {processor.py:840} INFO - DAG(s) 'example_python_operator' retrieved from /home/airflow/.local/lib/python3.8/site-packages/airflow/example_dags/example_python_operator.py
[2026-06-18T17:02:54.997+0000] {logging_mixin.py:188} INFO - [2026-06-18T17:02:54.997+0000] {dag.py:3036} INFO - Sync 1 DAGs
[2026-06-18T17:02:55.019+0000] {logging_mixin.py:188} INFO - [2026-06-18T17:02:55.019+0000] {dag.py:3823} INFO - Setting next_dagrun for example_python_operator to None, run_after=None
[2026-06-18T17:02:55.051+0000] {processor.py:183} INFO - Processing /home/airflow/.local/lib/python3.8/site-packages/airflow/example_dags/example_python_operator.py took 0.125 seconds
[2026-06-18T17:03:25.588+0000] {processor.py:161} INFO - Started process (PID=1770) to work on /home/airflow/.local/lib/python3.8/site-packages/airflow/example_dags/example_python_operator.py
[2026-06-18T17:03:25.591+0000] {processor.py:830} INFO - Processing file /home/airflow/.local/lib/python3.8/site-packages/airflow/example_dags/example_python_operator.py for tasks to queue
[2026-06-18T17:03:25.594+0000] {logging_mixin.py:188} INFO - [2026-06-18T17:03:25.594+0000] {dagbag.py:538} INFO - Filling up the DagBag from /home/airflow/.local/lib/python3.8/site-packages/airflow/example_dags/example_python_operator.py
[2026-06-18T17:03:25.611+0000] {processor.py:840} INFO - DAG(s) 'example_python_operator' retrieved from /home/airflow/.local/lib/python3.8/site-packages/airflow/example_dags/example_python_operator.py
[2026-06-18T17:03:25.656+0000] {logging_mixin.py:188} INFO - [2026-06-18T17:03:25.655+0000] {dag.py:3036} INFO - Sync 1 DAGs
[2026-06-18T17:03:25.679+0000] {logging_mixin.py:188} INFO - [2026-06-18T17:03:25.679+0000] {dag.py:3823} INFO - Setting next_dagrun for example_python_operator to None, run_after=None
[2026-06-18T17:03:25.714+0000] {processor.py:183} INFO - Processing /home/airflow/.local/lib/python3.8/site-packages/airflow/example_dags/example_python_operator.py took 0.131 seconds
[2026-06-18T17:03:55.767+0000] {processor.py:161} INFO - Started process (PID=1836) to work on /home/airflow/.local/lib/python3.8/site-packages/airflow/example_dags/example_python_operator.py
[2026-06-18T17:03:55.769+0000] {processor.py:830} INFO - Processing file /home/airflow/.local/lib/python3.8/site-packages/airflow/example_dags/example_python_operator.py for tasks to queue
[2026-06-18T17:03:55.772+0000] {logging_mixin.py:188} INFO - [2026-06-18T17:03:55.771+0000] {dagbag.py:538} INFO - Filling up the DagBag from /home/airflow/.local/lib/python3.8/site-packages/airflow/example_dags/example_python_operator.py
[2026-06-18T17:03:55.792+0000] {processor.py:840} INFO - DAG(s) 'example_python_operator' retrieved from /home/airflow/.local/lib/python3.8/site-packages/airflow/example_dags/example_python_operator.py
[2026-06-18T17:03:55.833+0000] {logging_mixin.py:188} INFO - [2026-06-18T17:03:55.833+0000] {dag.py:3036} INFO - Sync 1 DAGs
[2026-06-18T17:03:55.856+0000] {logging_mixin.py:188} INFO - [2026-06-18T17:03:55.855+0000] {dag.py:3823} INFO - Setting next_dagrun for example_python_operator to None, run_after=None
[2026-06-18T17:03:55.893+0000] {processor.py:183} INFO - Processing /home/airflow/.local/lib/python3.8/site-packages/airflow/example_dags/example_python_operator.py took 0.131 seconds
[2026-06-18T17:04:26.039+0000] {processor.py:161} INFO - Started process (PID=1903) to work on /home/airflow/.local/lib/python3.8/site-packages/airflow/example_dags/example_python_operator.py
[2026-06-18T17:04:26.041+0000] {processor.py:830} INFO - Processing file /home/airflow/.local/lib/python3.8/site-packages/airflow/example_dags/example_python_operator.py for tasks to queue
[2026-06-18T17:04:26.044+0000] {logging_mixin.py:188} INFO - [2026-06-18T17:04:26.044+0000] {dagbag.py:538} INFO - Filling up the DagBag from /home/airflow/.local/lib/python3.8/site-packages/airflow/example_dags/example_python_operator.py
[2026-06-18T17:04:26.064+0000] {processor.py:840} INFO - DAG(s) 'example_python_operator' retrieved from /home/airflow/.local/lib/python3.8/site-packages/airflow/example_dags/example_python_operator.py
[2026-06-18T17:04:26.113+0000] {logging_mixin.py:188} INFO - [2026-06-18T17:04:26.112+0000] {dag.py:3036} INFO - Sync 1 DAGs
[2026-06-18T17:04:26.139+0000] {logging_mixin.py:188} INFO - [2026-06-18T17:04:26.138+0000] {dag.py:3823} INFO - Setting next_dagrun for example_python_operator to None, run_after=None
[2026-06-18T17:04:26.174+0000] {processor.py:183} INFO - Processing /home/airflow/.local/lib/python3.8/site-packages/airflow/example_dags/example_python_operator.py took 0.141 seconds
[2026-06-18T17:04:56.588+0000] {processor.py:161} INFO - Started process (PID=1968) to work on /home/airflow/.local/lib/python3.8/site-packages/airflow/example_dags/example_python_operator.py
[2026-06-18T17:04:56.589+0000] {processor.py:830} INFO - Processing file /home/airflow/.local/lib/python3.8/site-packages/airflow/example_dags/example_python_operator.py for tasks to queue
[2026-06-18T17:04:56.592+0000] {logging_mixin.py:188} INFO - [2026-06-18T17:04:56.592+0000] {dagbag.py:538} INFO - Filling up the DagBag from /home/airflow/.local/lib/python3.8/site-packages/airflow/example_dags/example_python_operator.py
[2026-06-18T17:04:56.612+0000] {processor.py:840} INFO - DAG(s) 'example_python_operator' retrieved from /home/airflow/.local/lib/python3.8/site-packages/airflow/example_dags/example_python_operator.py
[2026-06-18T17:04:56.658+0000] {logging_mixin.py:188} INFO - [2026-06-18T17:04:56.658+0000] {dag.py:3036} INFO - Sync 1 DAGs
[2026-06-18T17:04:56.696+0000] {logging_mixin.py:188} INFO - [2026-06-18T17:04:56.695+0000] {dag.py:3823} INFO - Setting next_dagrun for example_python_operator to None, run_after=None
[2026-06-18T17:04:56.764+0000] {processor.py:183} INFO - Processing /home/airflow/.local/lib/python3.8/site-packages/airflow/example_dags/example_python_operator.py took 0.181 seconds
[2026-06-18T17:05:27.412+0000] {processor.py:161} INFO - Started process (PID=2041) to work on /home/airflow/.local/lib/python3.8/site-packages/airflow/example_dags/example_python_operator.py
[2026-06-18T17:05:27.414+0000] {processor.py:830} INFO - Processing file /home/airflow/.local/lib/python3.8/site-packages/airflow/example_dags/example_python_operator.py for tasks to queue
[2026-06-18T17:05:27.417+0000] {logging_mixin.py:188} INFO - [2026-06-18T17:05:27.417+0000] {dagbag.py:538} INFO - Filling up the DagBag from /home/airflow/.local/lib/python3.8/site-packages/airflow/example_dags/example_python_operator.py
[2026-06-18T17:05:27.438+0000] {processor.py:840} INFO - DAG(s) 'example_python_operator' retrieved from /home/airflow/.local/lib/python3.8/site-packages/airflow/example_dags/example_python_operator.py
[2026-06-18T17:05:27.487+0000] {logging_mixin.py:188} INFO - [2026-06-18T17:05:27.487+0000] {dag.py:3036} INFO - Sync 1 DAGs
[2026-06-18T17:05:27.511+0000] {logging_mixin.py:188} INFO - [2026-06-18T17:05:27.511+0000] {dag.py:3823} INFO - Setting next_dagrun for example_python_operator to None, run_after=None
[2026-06-18T17:05:27.547+0000] {processor.py:183} INFO - Processing /home/airflow/.local/lib/python3.8/site-packages/airflow/example_dags/example_python_operator.py took 0.145 seconds
[2026-06-18T17:05:57.751+0000] {processor.py:161} INFO - Started process (PID=2107) to work on /home/airflow/.local/lib/python3.8/site-packages/airflow/example_dags/example_python_operator.py
[2026-06-18T17:05:57.753+0000] {processor.py:830} INFO - Processing file /home/airflow/.local/lib/python3.8/site-packages/airflow/example_dags/example_python_operator.py for tasks to queue
[2026-06-18T17:05:57.756+0000] {logging_mixin.py:188} INFO - [2026-06-18T17:05:57.756+0000] {dagbag.py:538} INFO - Filling up the DagBag from /home/airflow/.local/lib/python3.8/site-packages/airflow/example_dags/example_python_operator.py
[2026-06-18T17:05:57.776+0000] {processor.py:840} INFO - DAG(s) 'example_python_operator' retrieved from /home/airflow/.local/lib/python3.8/site-packages/airflow/example_dags/example_python_operator.py
[2026-06-18T17:05:57.825+0000] {logging_mixin.py:188} INFO - [2026-06-18T17:05:57.824+0000] {dag.py:3036} INFO - Sync 1 DAGs
[2026-06-18T17:05:57.850+0000] {logging_mixin.py:188} INFO - [2026-06-18T17:05:57.849+0000] {dag.py:3823} INFO - Setting next_dagrun for example_python_operator to None, run_after=None
[2026-06-18T17:05:57.886+0000] {processor.py:183} INFO - Processing /home/airflow/.local/lib/python3.8/site-packages/airflow/example_dags/example_python_operator.py took 0.140 seconds
[2026-06-18T17:06:28.191+0000] {processor.py:161} INFO - Started process (PID=2173) to work on /home/airflow/.local/lib/python3.8/site-packages/airflow/example_dags/example_python_operator.py
[2026-06-18T17:06:28.193+0000] {processor.py:830} INFO - Processing file /home/airflow/.local/lib/python3.8/site-packages/airflow/example_dags/example_python_operator.py for tasks to queue
[2026-06-18T17:06:28.196+0000] {logging_mixin.py:188} INFO - [2026-06-18T17:06:28.195+0000] {dagbag.py:538} INFO - Filling up the DagBag from /home/airflow/.local/lib/python3.8/site-packages/airflow/example_dags/example_python_operator.py
[2026-06-18T17:06:28.214+0000] {processor.py:840} INFO - DAG(s) 'example_python_operator' retrieved from /home/airflow/.local/lib/python3.8/site-packages/airflow/example_dags/example_python_operator.py
[2026-06-18T17:06:28.252+0000] {logging_mixin.py:188} INFO - [2026-06-18T17:06:28.252+0000] {dag.py:3036} INFO - Sync 1 DAGs
[2026-06-18T17:06:28.275+0000] {logging_mixin.py:188} INFO - [2026-06-18T17:06:28.275+0000] {dag.py:3823} INFO - Setting next_dagrun for example_python_operator to None, run_after=None
[2026-06-18T17:06:28.312+0000] {processor.py:183} INFO - Processing /home/airflow/.local/lib/python3.8/site-packages/airflow/example_dags/example_python_operator.py took 0.127 seconds
[2026-06-18T17:06:58.386+0000] {processor.py:161} INFO - Started process (PID=2239) to work on /home/airflow/.local/lib/python3.8/site-packages/airflow/example_dags/example_python_operator.py
[2026-06-18T17:06:58.387+0000] {processor.py:830} INFO - Processing file /home/airflow/.local/lib/python3.8/site-packages/airflow/example_dags/example_python_operator.py for tasks to queue
[2026-06-18T17:06:58.390+0000] {logging_mixin.py:188} INFO - [2026-06-18T17:06:58.390+0000] {dagbag.py:538} INFO - Filling up the DagBag from /home/airflow/.local/lib/python3.8/site-packages/airflow/example_dags/example_python_operator.py
[2026-06-18T17:06:58.409+0000] {processor.py:840} INFO - DAG(s) 'example_python_operator' retrieved from /home/airflow/.local/lib/python3.8/site-packages/airflow/example_dags/example_python_operator.py
[2026-06-18T17:06:58.456+0000] {logging_mixin.py:188} INFO - [2026-06-18T17:06:58.456+0000] {dag.py:3036} INFO - Sync 1 DAGs
[2026-06-18T17:06:58.479+0000] {logging_mixin.py:188} INFO - [2026-06-18T17:06:58.478+0000] {dag.py:3823} INFO - Setting next_dagrun for example_python_operator to None, run_after=None
[2026-06-18T17:06:58.510+0000] {processor.py:183} INFO - Processing /home/airflow/.local/lib/python3.8/site-packages/airflow/example_dags/example_python_operator.py took 0.131 seconds
[2026-06-18T17:07:28.631+0000] {processor.py:161} INFO - Started process (PID=2302) to work on /home/airflow/.local/lib/python3.8/site-packages/airflow/example_dags/example_python_operator.py
[2026-06-18T17:07:28.633+0000] {processor.py:830} INFO - Processing file /home/airflow/.local/lib/python3.8/site-packages/airflow/example_dags/example_python_operator.py for tasks to queue
[2026-06-18T17:07:28.636+0000] {logging_mixin.py:188} INFO - [2026-06-18T17:07:28.635+0000] {dagbag.py:538} INFO - Filling up the DagBag from /home/airflow/.local/lib/python3.8/site-packages/airflow/example_dags/example_python_operator.py
[2026-06-18T17:07:28.654+0000] {processor.py:840} INFO - DAG(s) 'example_python_operator' retrieved from /home/airflow/.local/lib/python3.8/site-packages/airflow/example_dags/example_python_operator.py
[2026-06-18T17:07:28.699+0000] {logging_mixin.py:188} INFO - [2026-06-18T17:07:28.698+0000] {dag.py:3036} INFO - Sync 1 DAGs
[2026-06-18T17:07:28.723+0000] {logging_mixin.py:188} INFO - [2026-06-18T17:07:28.723+0000] {dag.py:3823} INFO - Setting next_dagrun for example_python_operator to None, run_after=None
[2026-06-18T17:07:28.764+0000] {processor.py:183} INFO - Processing /home/airflow/.local/lib/python3.8/site-packages/airflow/example_dags/example_python_operator.py took 0.138 seconds
[2026-06-18T17:07:58.937+0000] {processor.py:161} INFO - Started process (PID=2369) to work on /home/airflow/.local/lib/python3.8/site-packages/airflow/example_dags/example_python_operator.py
[2026-06-18T17:07:58.938+0000] {processor.py:830} INFO - Processing file /home/airflow/.local/lib/python3.8/site-packages/airflow/example_dags/example_python_operator.py for tasks to queue
[2026-06-18T17:07:58.941+0000] {logging_mixin.py:188} INFO - [2026-06-18T17:07:58.941+0000] {dagbag.py:538} INFO - Filling up the DagBag from /home/airflow/.local/lib/python3.8/site-packages/airflow/example_dags/example_python_operator.py
[2026-06-18T17:07:58.961+0000] {processor.py:840} INFO - DAG(s) 'example_python_operator' retrieved from /home/airflow/.local/lib/python3.8/site-packages/airflow/example_dags/example_python_operator.py
[2026-06-18T17:07:59.012+0000] {logging_mixin.py:188} INFO - [2026-06-18T17:07:59.011+0000] {dag.py:3036} INFO - Sync 1 DAGs
[2026-06-18T17:07:59.042+0000] {logging_mixin.py:188} INFO - [2026-06-18T17:07:59.042+0000] {dag.py:3823} INFO - Setting next_dagrun for example_python_operator to None, run_after=None
[2026-06-18T17:07:59.078+0000] {processor.py:183} INFO - Processing /home/airflow/.local/lib/python3.8/site-packages/airflow/example_dags/example_python_operator.py took 0.147 seconds
[2026-06-18T17:08:29.355+0000] {processor.py:161} INFO - Started process (PID=2436) to work on /home/airflow/.local/lib/python3.8/site-packages/airflow/example_dags/example_python_operator.py
[2026-06-18T17:08:29.357+0000] {processor.py:830} INFO - Processing file /home/airflow/.local/lib/python3.8/site-packages/airflow/example_dags/example_python_operator.py for tasks to queue
[2026-06-18T17:08:29.360+0000] {logging_mixin.py:188} INFO - [2026-06-18T17:08:29.359+0000] {dagbag.py:538} INFO - Filling up the DagBag from /home/airflow/.local/lib/python3.8/site-packages/airflow/example_dags/example_python_operator.py
[2026-06-18T17:08:29.379+0000] {processor.py:840} INFO - DAG(s) 'example_python_operator' retrieved from /home/airflow/.local/lib/python3.8/site-packages/airflow/example_dags/example_python_operator.py
[2026-06-18T17:08:29.427+0000] {logging_mixin.py:188} INFO - [2026-06-18T17:08:29.426+0000] {dag.py:3036} INFO - Sync 1 DAGs
[2026-06-18T17:08:29.451+0000] {logging_mixin.py:188} INFO - [2026-06-18T17:08:29.450+0000] {dag.py:3823} INFO - Setting next_dagrun for example_python_operator to None, run_after=None
[2026-06-18T17:08:29.488+0000] {processor.py:183} INFO - Processing /home/airflow/.local/lib/python3.8/site-packages/airflow/example_dags/example_python_operator.py took 0.140 seconds
[2026-06-18T17:08:59.858+0000] {processor.py:161} INFO - Started process (PID=2501) to work on /home/airflow/.local/lib/python3.8/site-packages/airflow/example_dags/example_python_operator.py
[2026-06-18T17:08:59.859+0000] {processor.py:830} INFO - Processing file /home/airflow/.local/lib/python3.8/site-packages/airflow/example_dags/example_python_operator.py for tasks to queue
[2026-06-18T17:08:59.862+0000] {logging_mixin.py:188} INFO - [2026-06-18T17:08:59.862+0000] {dagbag.py:538} INFO - Filling up the DagBag from /home/airflow/.local/lib/python3.8/site-packages/airflow/example_dags/example_python_operator.py
[2026-06-18T17:08:59.878+0000] {processor.py:840} INFO - DAG(s) 'example_python_operator' retrieved from /home/airflow/.local/lib/python3.8/site-packages/airflow/example_dags/example_python_operator.py
[2026-06-18T17:08:59.922+0000] {logging_mixin.py:188} INFO - [2026-06-18T17:08:59.922+0000] {dag.py:3036} INFO - Sync 1 DAGs
[2026-06-18T17:08:59.944+0000] {logging_mixin.py:188} INFO - [2026-06-18T17:08:59.944+0000] {dag.py:3823} INFO - Setting next_dagrun for example_python_operator to None, run_after=None
[2026-06-18T17:08:59.977+0000] {processor.py:183} INFO - Processing /home/airflow/.local/lib/python3.8/site-packages/airflow/example_dags/example_python_operator.py took 0.126 seconds
[2026-06-18T17:09:30.551+0000] {processor.py:161} INFO - Started process (PID=2567) to work on /home/airflow/.local/lib/python3.8/site-packages/airflow/example_dags/example_python_operator.py
[2026-06-18T17:09:30.555+0000] {processor.py:830} INFO - Processing file /home/airflow/.local/lib/python3.8/site-packages/airflow/example_dags/example_python_operator.py for tasks to queue
[2026-06-18T17:09:30.558+0000] {logging_mixin.py:188} INFO - [2026-06-18T17:09:30.558+0000] {dagbag.py:538} INFO - Filling up the DagBag from /home/airflow/.local/lib/python3.8/site-packages/airflow/example_dags/example_python_operator.py
[2026-06-18T17:09:30.577+0000] {processor.py:840} INFO - DAG(s) 'example_python_operator' retrieved from /home/airflow/.local/lib/python3.8/site-packages/airflow/example_dags/example_python_operator.py
[2026-06-18T17:09:30.632+0000] {logging_mixin.py:188} INFO - [2026-06-18T17:09:30.631+0000] {dag.py:3036} INFO - Sync 1 DAGs
[2026-06-18T17:09:30.660+0000] {logging_mixin.py:188} INFO - [2026-06-18T17:09:30.659+0000] {dag.py:3823} INFO - Setting next_dagrun for example_python_operator to None, run_after=None
[2026-06-18T17:09:30.694+0000] {processor.py:183} INFO - Processing /home/airflow/.local/lib/python3.8/site-packages/airflow/example_dags/example_python_operator.py took 0.150 seconds
[2026-06-18T17:10:01.184+0000] {processor.py:161} INFO - Started process (PID=2634) to work on /home/airflow/.local/lib/python3.8/site-packages/airflow/example_dags/example_python_operator.py
[2026-06-18T17:10:01.185+0000] {processor.py:830} INFO - Processing file /home/airflow/.local/lib/python3.8/site-packages/airflow/example_dags/example_python_operator.py for tasks to queue
[2026-06-18T17:10:01.188+0000] {logging_mixin.py:188} INFO - [2026-06-18T17:10:01.187+0000] {dagbag.py:538} INFO - Filling up the DagBag from /home/airflow/.local/lib/python3.8/site-packages/airflow/example_dags/example_python_operator.py
[2026-06-18T17:10:01.207+0000] {processor.py:840} INFO - DAG(s) 'example_python_operator' retrieved from /home/airflow/.local/lib/python3.8/site-packages/airflow/example_dags/example_python_operator.py
[2026-06-18T17:10:01.254+0000] {logging_mixin.py:188} INFO - [2026-06-18T17:10:01.254+0000] {dag.py:3036} INFO - Sync 1 DAGs
[2026-06-18T17:10:01.277+0000] {logging_mixin.py:188} INFO - [2026-06-18T17:10:01.277+0000] {dag.py:3823} INFO - Setting next_dagrun for example_python_operator to None, run_after=None
[2026-06-18T17:10:01.309+0000] {processor.py:183} INFO - Processing /home/airflow/.local/lib/python3.8/site-packages/airflow/example_dags/example_python_operator.py took 0.131 seconds
[2026-06-18T17:10:31.838+0000] {processor.py:161} INFO - Started process (PID=2700) to work on /home/airflow/.local/lib/python3.8/site-packages/airflow/example_dags/example_python_operator.py
[2026-06-18T17:10:31.840+0000] {processor.py:830} INFO - Processing file /home/airflow/.local/lib/python3.8/site-packages/airflow/example_dags/example_python_operator.py for tasks to queue
[2026-06-18T17:10:31.843+0000] {logging_mixin.py:188} INFO - [2026-06-18T17:10:31.842+0000] {dagbag.py:538} INFO - Filling up the DagBag from /home/airflow/.local/lib/python3.8/site-packages/airflow/example_dags/example_python_operator.py
[2026-06-18T17:10:31.864+0000] {processor.py:840} INFO - DAG(s) 'example_python_operator' retrieved from /home/airflow/.local/lib/python3.8/site-packages/airflow/example_dags/example_python_operator.py
[2026-06-18T17:10:31.922+0000] {logging_mixin.py:188} INFO - [2026-06-18T17:10:31.922+0000] {dag.py:3036} INFO - Sync 1 DAGs
[2026-06-18T17:10:31.944+0000] {logging_mixin.py:188} INFO - [2026-06-18T17:10:31.944+0000] {dag.py:3823} INFO - Setting next_dagrun for example_python_operator to None, run_after=None
[2026-06-18T17:10:31.982+0000] {processor.py:183} INFO - Processing /home/airflow/.local/lib/python3.8/site-packages/airflow/example_dags/example_python_operator.py took 0.150 seconds
[2026-06-18T17:11:02.271+0000] {processor.py:161} INFO - Started process (PID=2765) to work on /home/airflow/.local/lib/python3.8/site-packages/airflow/example_dags/example_python_operator.py
[2026-06-18T17:11:02.272+0000] {processor.py:830} INFO - Processing file /home/airflow/.local/lib/python3.8/site-packages/airflow/example_dags/example_python_operator.py for tasks to queue
[2026-06-18T17:11:02.275+0000] {logging_mixin.py:188} INFO - [2026-06-18T17:11:02.275+0000] {dagbag.py:538} INFO - Filling up the DagBag from /home/airflow/.local/lib/python3.8/site-packages/airflow/example_dags/example_python_operator.py
[2026-06-18T17:11:02.295+0000] {processor.py:840} INFO - DAG(s) 'example_python_operator' retrieved from /home/airflow/.local/lib/python3.8/site-packages/airflow/example_dags/example_python_operator.py
[2026-06-18T17:11:02.342+0000] {logging_mixin.py:188} INFO - [2026-06-18T17:11:02.341+0000] {dag.py:3036} INFO - Sync 1 DAGs
[2026-06-18T17:11:02.364+0000] {logging_mixin.py:188} INFO - [2026-06-18T17:11:02.364+0000] {dag.py:3823} INFO - Setting next_dagrun for example_python_operator to None, run_after=None
[2026-06-18T17:11:02.397+0000] {processor.py:183} INFO - Processing /home/airflow/.local/lib/python3.8/site-packages/airflow/example_dags/example_python_operator.py took 0.131 seconds
[2026-06-18T17:11:32.498+0000] {processor.py:161} INFO - Started process (PID=2832) to work on /home/airflow/.local/lib/python3.8/site-packages/airflow/example_dags/example_python_operator.py
[2026-06-18T17:11:32.500+0000] {processor.py:830} INFO - Processing file /home/airflow/.local/lib/python3.8/site-packages/airflow/example_dags/example_python_operator.py for tasks to queue
[2026-06-18T17:11:32.502+0000] {logging_mixin.py:188} INFO - [2026-06-18T17:11:32.502+0000] {dagbag.py:538} INFO - Filling up the DagBag from /home/airflow/.local/lib/python3.8/site-packages/airflow/example_dags/example_python_operator.py
[2026-06-18T17:11:32.520+0000] {processor.py:840} INFO - DAG(s) 'example_python_operator' retrieved from /home/airflow/.local/lib/python3.8/site-packages/airflow/example_dags/example_python_operator.py
[2026-06-18T17:11:32.566+0000] {logging_mixin.py:188} INFO - [2026-06-18T17:11:32.565+0000] {dag.py:3036} INFO - Sync 1 DAGs
[2026-06-18T17:11:32.589+0000] {logging_mixin.py:188} INFO - [2026-06-18T17:11:32.588+0000] {dag.py:3823} INFO - Setting next_dagrun for example_python_operator to None, run_after=None
[2026-06-18T17:11:32.620+0000] {processor.py:183} INFO - Processing /home/airflow/.local/lib/python3.8/site-packages/airflow/example_dags/example_python_operator.py took 0.128 seconds
[2026-06-18T17:12:02.686+0000] {processor.py:161} INFO - Started process (PID=2897) to work on /home/airflow/.local/lib/python3.8/site-packages/airflow/example_dags/example_python_operator.py
[2026-06-18T17:12:02.688+0000] {processor.py:830} INFO - Processing file /home/airflow/.local/lib/python3.8/site-packages/airflow/example_dags/example_python_operator.py for tasks to queue
[2026-06-18T17:12:02.690+0000] {logging_mixin.py:188} INFO - [2026-06-18T17:12:02.690+0000] {dagbag.py:538} INFO - Filling up the DagBag from /home/airflow/.local/lib/python3.8/site-packages/airflow/example_dags/example_python_operator.py
[2026-06-18T17:12:02.708+0000] {processor.py:840} INFO - DAG(s) 'example_python_operator' retrieved from /home/airflow/.local/lib/python3.8/site-packages/airflow/example_dags/example_python_operator.py
[2026-06-18T17:12:02.750+0000] {logging_mixin.py:188} INFO - [2026-06-18T17:12:02.749+0000] {dag.py:3036} INFO - Sync 1 DAGs
[2026-06-18T17:12:02.969+0000] {logging_mixin.py:188} INFO - [2026-06-18T17:12:02.968+0000] {dag.py:3823} INFO - Setting next_dagrun for example_python_operator to None, run_after=None
[2026-06-18T17:12:03.001+0000] {processor.py:183} INFO - Processing /home/airflow/.local/lib/python3.8/site-packages/airflow/example_dags/example_python_operator.py took 0.320 seconds
[2026-06-18T17:12:33.354+0000] {processor.py:161} INFO - Started process (PID=2964) to work on /home/airflow/.local/lib/python3.8/site-packages/airflow/example_dags/example_python_operator.py
[2026-06-18T17:12:33.355+0000] {processor.py:830} INFO - Processing file /home/airflow/.local/lib/python3.8/site-packages/airflow/example_dags/example_python_operator.py for tasks to queue
[2026-06-18T17:12:33.358+0000] {logging_mixin.py:188} INFO - [2026-06-18T17:12:33.358+0000] {dagbag.py:538} INFO - Filling up the DagBag from /home/airflow/.local/lib/python3.8/site-packages/airflow/example_dags/example_python_operator.py
[2026-06-18T17:12:33.377+0000] {processor.py:840} INFO - DAG(s) 'example_python_operator' retrieved from /home/airflow/.local/lib/python3.8/site-packages/airflow/example_dags/example_python_operator.py
[2026-06-18T17:12:33.449+0000] {logging_mixin.py:188} INFO - [2026-06-18T17:12:33.449+0000] {dag.py:3036} INFO - Sync 1 DAGs
[2026-06-18T17:12:33.476+0000] {logging_mixin.py:188} INFO - [2026-06-18T17:12:33.476+0000] {dag.py:3823} INFO - Setting next_dagrun for example_python_operator to None, run_after=None
[2026-06-18T17:12:33.721+0000] {processor.py:183} INFO - Processing /home/airflow/.local/lib/python3.8/site-packages/airflow/example_dags/example_python_operator.py took 0.373 seconds
[2026-06-18T17:13:04.336+0000] {processor.py:161} INFO - Started process (PID=3037) to work on /home/airflow/.local/lib/python3.8/site-packages/airflow/example_dags/example_python_operator.py
[2026-06-18T17:13:04.339+0000] {processor.py:830} INFO - Processing file /home/airflow/.local/lib/python3.8/site-packages/airflow/example_dags/example_python_operator.py for tasks to queue
[2026-06-18T17:13:04.343+0000] {logging_mixin.py:188} INFO - [2026-06-18T17:13:04.342+0000] {dagbag.py:538} INFO - Filling up the DagBag from /home/airflow/.local/lib/python3.8/site-packages/airflow/example_dags/example_python_operator.py
[2026-06-18T17:13:04.387+0000] {processor.py:840} INFO - DAG(s) 'example_python_operator' retrieved from /home/airflow/.local/lib/python3.8/site-packages/airflow/example_dags/example_python_operator.py
[2026-06-18T17:13:04.437+0000] {logging_mixin.py:188} INFO - [2026-06-18T17:13:04.437+0000] {dag.py:3036} INFO - Sync 1 DAGs
[2026-06-18T17:13:04.463+0000] {logging_mixin.py:188} INFO - [2026-06-18T17:13:04.462+0000] {dag.py:3823} INFO - Setting next_dagrun for example_python_operator to None, run_after=None
[2026-06-18T17:13:04.501+0000] {processor.py:183} INFO - Processing /home/airflow/.local/lib/python3.8/site-packages/airflow/example_dags/example_python_operator.py took 0.172 seconds
[2026-06-18T17:13:35.198+0000] {processor.py:161} INFO - Started process (PID=3102) to work on /home/airflow/.local/lib/python3.8/site-packages/airflow/example_dags/example_python_operator.py
[2026-06-18T17:13:35.200+0000] {processor.py:830} INFO - Processing file /home/airflow/.local/lib/python3.8/site-packages/airflow/example_dags/example_python_operator.py for tasks to queue
[2026-06-18T17:13:35.203+0000] {logging_mixin.py:188} INFO - [2026-06-18T17:13:35.202+0000] {dagbag.py:538} INFO - Filling up the DagBag from /home/airflow/.local/lib/python3.8/site-packages/airflow/example_dags/example_python_operator.py
[2026-06-18T17:13:35.224+0000] {processor.py:840} INFO - DAG(s) 'example_python_operator' retrieved from /home/airflow/.local/lib/python3.8/site-packages/airflow/example_dags/example_python_operator.py
[2026-06-18T17:13:35.276+0000] {logging_mixin.py:188} INFO - [2026-06-18T17:13:35.275+0000] {dag.py:3036} INFO - Sync 1 DAGs
[2026-06-18T17:13:35.301+0000] {logging_mixin.py:188} INFO - [2026-06-18T17:13:35.301+0000] {dag.py:3823} INFO - Setting next_dagrun for example_python_operator to None, run_after=None
[2026-06-18T17:13:35.339+0000] {processor.py:183} INFO - Processing /home/airflow/.local/lib/python3.8/site-packages/airflow/example_dags/example_python_operator.py took 0.147 seconds
[2026-06-18T17:14:05.733+0000] {processor.py:161} INFO - Started process (PID=3167) to work on /home/airflow/.local/lib/python3.8/site-packages/airflow/example_dags/example_python_operator.py
[2026-06-18T17:14:05.736+0000] {processor.py:830} INFO - Processing file /home/airflow/.local/lib/python3.8/site-packages/airflow/example_dags/example_python_operator.py for tasks to queue
[2026-06-18T17:14:05.739+0000] {logging_mixin.py:188} INFO - [2026-06-18T17:14:05.738+0000] {dagbag.py:538} INFO - Filling up the DagBag from /home/airflow/.local/lib/python3.8/site-packages/airflow/example_dags/example_python_operator.py
[2026-06-18T17:14:05.760+0000] {processor.py:840} INFO - DAG(s) 'example_python_operator' retrieved from /home/airflow/.local/lib/python3.8/site-packages/airflow/example_dags/example_python_operator.py
[2026-06-18T17:14:06.039+0000] {logging_mixin.py:188} INFO - [2026-06-18T17:14:06.038+0000] {dag.py:3036} INFO - Sync 1 DAGs
[2026-06-18T17:14:06.061+0000] {logging_mixin.py:188} INFO - [2026-06-18T17:14:06.061+0000] {dag.py:3823} INFO - Setting next_dagrun for example_python_operator to None, run_after=None
[2026-06-18T17:14:06.101+0000] {processor.py:183} INFO - Processing /home/airflow/.local/lib/python3.8/site-packages/airflow/example_dags/example_python_operator.py took 0.376 seconds
[2026-06-18T17:14:36.263+0000] {processor.py:161} INFO - Started process (PID=3233) to work on /home/airflow/.local/lib/python3.8/site-packages/airflow/example_dags/example_python_operator.py
[2026-06-18T17:14:36.265+0000] {processor.py:830} INFO - Processing file /home/airflow/.local/lib/python3.8/site-packages/airflow/example_dags/example_python_operator.py for tasks to queue
[2026-06-18T17:14:36.270+0000] {logging_mixin.py:188} INFO - [2026-06-18T17:14:36.270+0000] {dagbag.py:538} INFO - Filling up the DagBag from /home/airflow/.local/lib/python3.8/site-packages/airflow/example_dags/example_python_operator.py
[2026-06-18T17:14:36.295+0000] {processor.py:840} INFO - DAG(s) 'example_python_operator' retrieved from /home/airflow/.local/lib/python3.8/site-packages/airflow/example_dags/example_python_operator.py
[2026-06-18T17:14:36.361+0000] {logging_mixin.py:188} INFO - [2026-06-18T17:14:36.361+0000] {dag.py:3036} INFO - Sync 1 DAGs
[2026-06-18T17:14:36.387+0000] {logging_mixin.py:188} INFO - [2026-06-18T17:14:36.387+0000] {dag.py:3823} INFO - Setting next_dagrun for example_python_operator to None, run_after=None
[2026-06-18T17:14:36.421+0000] {processor.py:183} INFO - Processing /home/airflow/.local/lib/python3.8/site-packages/airflow/example_dags/example_python_operator.py took 0.164 seconds
[2026-06-18T17:15:06.880+0000] {processor.py:161} INFO - Started process (PID=3300) to work on /home/airflow/.local/lib/python3.8/site-packages/airflow/example_dags/example_python_operator.py
[2026-06-18T17:15:06.882+0000] {processor.py:830} INFO - Processing file /home/airflow/.local/lib/python3.8/site-packages/airflow/example_dags/example_python_operator.py for tasks to queue
[2026-06-18T17:15:06.885+0000] {logging_mixin.py:188} INFO - [2026-06-18T17:15:06.884+0000] {dagbag.py:538} INFO - Filling up the DagBag from /home/airflow/.local/lib/python3.8/site-packages/airflow/example_dags/example_python_operator.py
[2026-06-18T17:15:06.905+0000] {processor.py:840} INFO - DAG(s) 'example_python_operator' retrieved from /home/airflow/.local/lib/python3.8/site-packages/airflow/example_dags/example_python_operator.py
[2026-06-18T17:15:06.954+0000] {logging_mixin.py:188} INFO - [2026-06-18T17:15:06.953+0000] {dag.py:3036} INFO - Sync 1 DAGs
[2026-06-18T17:15:06.980+0000] {logging_mixin.py:188} INFO - [2026-06-18T17:15:06.979+0000] {dag.py:3823} INFO - Setting next_dagrun for example_python_operator to None, run_after=None
[2026-06-18T17:15:07.017+0000] {processor.py:183} INFO - Processing /home/airflow/.local/lib/python3.8/site-packages/airflow/example_dags/example_python_operator.py took 0.144 seconds
[2026-06-18T17:15:37.158+0000] {processor.py:161} INFO - Started process (PID=3365) to work on /home/airflow/.local/lib/python3.8/site-packages/airflow/example_dags/example_python_operator.py
[2026-06-18T17:15:37.160+0000] {processor.py:830} INFO - Processing file /home/airflow/.local/lib/python3.8/site-packages/airflow/example_dags/example_python_operator.py for tasks to queue
[2026-06-18T17:15:37.162+0000] {logging_mixin.py:188} INFO - [2026-06-18T17:15:37.162+0000] {dagbag.py:538} INFO - Filling up the DagBag from /home/airflow/.local/lib/python3.8/site-packages/airflow/example_dags/example_python_operator.py
[2026-06-18T17:15:37.182+0000] {processor.py:840} INFO - DAG(s) 'example_python_operator' retrieved from /home/airflow/.local/lib/python3.8/site-packages/airflow/example_dags/example_python_operator.py
[2026-06-18T17:15:37.224+0000] {logging_mixin.py:188} INFO - [2026-06-18T17:15:37.224+0000] {dag.py:3036} INFO - Sync 1 DAGs
[2026-06-18T17:15:37.246+0000] {logging_mixin.py:188} INFO - [2026-06-18T17:15:37.245+0000] {dag.py:3823} INFO - Setting next_dagrun for example_python_operator to None, run_after=None
[2026-06-18T17:15:37.277+0000] {processor.py:183} INFO - Processing /home/airflow/.local/lib/python3.8/site-packages/airflow/example_dags/example_python_operator.py took 0.124 seconds
[2026-06-18T17:16:07.690+0000] {processor.py:161} INFO - Started process (PID=3431) to work on /home/airflow/.local/lib/python3.8/site-packages/airflow/example_dags/example_python_operator.py
[2026-06-18T17:16:07.692+0000] {processor.py:830} INFO - Processing file /home/airflow/.local/lib/python3.8/site-packages/airflow/example_dags/example_python_operator.py for tasks to queue
[2026-06-18T17:16:07.695+0000] {logging_mixin.py:188} INFO - [2026-06-18T17:16:07.694+0000] {dagbag.py:538} INFO - Filling up the DagBag from /home/airflow/.local/lib/python3.8/site-packages/airflow/example_dags/example_python_operator.py
[2026-06-18T17:16:07.712+0000] {processor.py:840} INFO - DAG(s) 'example_python_operator' retrieved from /home/airflow/.local/lib/python3.8/site-packages/airflow/example_dags/example_python_operator.py
[2026-06-18T17:16:07.753+0000] {logging_mixin.py:188} INFO - [2026-06-18T17:16:07.753+0000] {dag.py:3036} INFO - Sync 1 DAGs
[2026-06-18T17:16:07.772+0000] {logging_mixin.py:188} INFO - [2026-06-18T17:16:07.772+0000] {dag.py:3823} INFO - Setting next_dagrun for example_python_operator to None, run_after=None
[2026-06-18T17:16:07.802+0000] {processor.py:183} INFO - Processing /home/airflow/.local/lib/python3.8/site-packages/airflow/example_dags/example_python_operator.py took 0.116 seconds
[2026-06-18T17:16:37.932+0000] {processor.py:161} INFO - Started process (PID=3496) to work on /home/airflow/.local/lib/python3.8/site-packages/airflow/example_dags/example_python_operator.py
[2026-06-18T17:16:37.933+0000] {processor.py:830} INFO - Processing file /home/airflow/.local/lib/python3.8/site-packages/airflow/example_dags/example_python_operator.py for tasks to queue
[2026-06-18T17:16:37.936+0000] {logging_mixin.py:188} INFO - [2026-06-18T17:16:37.935+0000] {dagbag.py:538} INFO - Filling up the DagBag from /home/airflow/.local/lib/python3.8/site-packages/airflow/example_dags/example_python_operator.py
[2026-06-18T17:16:37.953+0000] {processor.py:840} INFO - DAG(s) 'example_python_operator' retrieved from /home/airflow/.local/lib/python3.8/site-packages/airflow/example_dags/example_python_operator.py
[2026-06-18T17:16:37.995+0000] {logging_mixin.py:188} INFO - [2026-06-18T17:16:37.995+0000] {dag.py:3036} INFO - Sync 1 DAGs
[2026-06-18T17:16:38.016+0000] {logging_mixin.py:188} INFO - [2026-06-18T17:16:38.016+0000] {dag.py:3823} INFO - Setting next_dagrun for example_python_operator to None, run_after=None
[2026-06-18T17:16:38.048+0000] {processor.py:183} INFO - Processing /home/airflow/.local/lib/python3.8/site-packages/airflow/example_dags/example_python_operator.py took 0.122 seconds
[2026-06-18T17:17:08.299+0000] {processor.py:161} INFO - Started process (PID=3563) to work on /home/airflow/.local/lib/python3.8/site-packages/airflow/example_dags/example_python_operator.py
[2026-06-18T17:17:08.300+0000] {processor.py:830} INFO - Processing file /home/airflow/.local/lib/python3.8/site-packages/airflow/example_dags/example_python_operator.py for tasks to queue
[2026-06-18T17:17:08.303+0000] {logging_mixin.py:188} INFO - [2026-06-18T17:17:08.303+0000] {dagbag.py:538} INFO - Filling up the DagBag from /home/airflow/.local/lib/python3.8/site-packages/airflow/example_dags/example_python_operator.py
[2026-06-18T17:17:08.323+0000] {processor.py:840} INFO - DAG(s) 'example_python_operator' retrieved from /home/airflow/.local/lib/python3.8/site-packages/airflow/example_dags/example_python_operator.py
[2026-06-18T17:17:08.372+0000] {logging_mixin.py:188} INFO - [2026-06-18T17:17:08.372+0000] {dag.py:3036} INFO - Sync 1 DAGs
[2026-06-18T17:17:08.397+0000] {logging_mixin.py:188} INFO - [2026-06-18T17:17:08.396+0000] {dag.py:3823} INFO - Setting next_dagrun for example_python_operator to None, run_after=None
[2026-06-18T17:17:08.432+0000] {processor.py:183} INFO - Processing /home/airflow/.local/lib/python3.8/site-packages/airflow/example_dags/example_python_operator.py took 0.139 seconds
[2026-06-18T17:17:38.855+0000] {processor.py:161} INFO - Started process (PID=3629) to work on /home/airflow/.local/lib/python3.8/site-packages/airflow/example_dags/example_python_operator.py
[2026-06-18T17:17:38.857+0000] {processor.py:830} INFO - Processing file /home/airflow/.local/lib/python3.8/site-packages/airflow/example_dags/example_python_operator.py for tasks to queue
[2026-06-18T17:17:38.861+0000] {logging_mixin.py:188} INFO - [2026-06-18T17:17:38.860+0000] {dagbag.py:538} INFO - Filling up the DagBag from /home/airflow/.local/lib/python3.8/site-packages/airflow/example_dags/example_python_operator.py
[2026-06-18T17:17:38.881+0000] {processor.py:840} INFO - DAG(s) 'example_python_operator' retrieved from /home/airflow/.local/lib/python3.8/site-packages/airflow/example_dags/example_python_operator.py
[2026-06-18T17:17:38.934+0000] {logging_mixin.py:188} INFO - [2026-06-18T17:17:38.933+0000] {dag.py:3036} INFO - Sync 1 DAGs
[2026-06-18T17:17:38.959+0000] {logging_mixin.py:188} INFO - [2026-06-18T17:17:38.958+0000] {dag.py:3823} INFO - Setting next_dagrun for example_python_operator to None, run_after=None
[2026-06-18T17:17:38.993+0000] {processor.py:183} INFO - Processing /home/airflow/.local/lib/python3.8/site-packages/airflow/example_dags/example_python_operator.py took 0.144 seconds
[2026-06-18T17:18:09.484+0000] {processor.py:161} INFO - Started process (PID=3695) to work on /home/airflow/.local/lib/python3.8/site-packages/airflow/example_dags/example_python_operator.py
[2026-06-18T17:18:09.486+0000] {processor.py:830} INFO - Processing file /home/airflow/.local/lib/python3.8/site-packages/airflow/example_dags/example_python_operator.py for tasks to queue
[2026-06-18T17:18:09.488+0000] {logging_mixin.py:188} INFO - [2026-06-18T17:18:09.488+0000] {dagbag.py:538} INFO - Filling up the DagBag from /home/airflow/.local/lib/python3.8/site-packages/airflow/example_dags/example_python_operator.py
[2026-06-18T17:18:09.505+0000] {processor.py:840} INFO - DAG(s) 'example_python_operator' retrieved from /home/airflow/.local/lib/python3.8/site-packages/airflow/example_dags/example_python_operator.py
[2026-06-18T17:18:09.543+0000] {logging_mixin.py:188} INFO - [2026-06-18T17:18:09.543+0000] {dag.py:3036} INFO - Sync 1 DAGs
[2026-06-18T17:18:09.566+0000] {logging_mixin.py:188} INFO - [2026-06-18T17:18:09.566+0000] {dag.py:3823} INFO - Setting next_dagrun for example_python_operator to None, run_after=None
[2026-06-18T17:18:09.601+0000] {processor.py:183} INFO - Processing /home/airflow/.local/lib/python3.8/site-packages/airflow/example_dags/example_python_operator.py took 0.121 seconds
[2026-06-18T17:18:40.032+0000] {processor.py:161} INFO - Started process (PID=3762) to work on /home/airflow/.local/lib/python3.8/site-packages/airflow/example_dags/example_python_operator.py
[2026-06-18T17:18:40.034+0000] {processor.py:830} INFO - Processing file /home/airflow/.local/lib/python3.8/site-packages/airflow/example_dags/example_python_operator.py for tasks to queue
[2026-06-18T17:18:40.038+0000] {logging_mixin.py:188} INFO - [2026-06-18T17:18:40.037+0000] {dagbag.py:538} INFO - Filling up the DagBag from /home/airflow/.local/lib/python3.8/site-packages/airflow/example_dags/example_python_operator.py
[2026-06-18T17:18:40.059+0000] {processor.py:840} INFO - DAG(s) 'example_python_operator' retrieved from /home/airflow/.local/lib/python3.8/site-packages/airflow/example_dags/example_python_operator.py
[2026-06-18T17:18:40.111+0000] {logging_mixin.py:188} INFO - [2026-06-18T17:18:40.110+0000] {dag.py:3036} INFO - Sync 1 DAGs
[2026-06-18T17:18:40.138+0000] {logging_mixin.py:188} INFO - [2026-06-18T17:18:40.137+0000] {dag.py:3823} INFO - Setting next_dagrun for example_python_operator to None, run_after=None
[2026-06-18T17:18:40.177+0000] {processor.py:183} INFO - Processing /home/airflow/.local/lib/python3.8/site-packages/airflow/example_dags/example_python_operator.py took 0.151 seconds
[2026-06-18T17:19:10.367+0000] {processor.py:161} INFO - Started process (PID=3828) to work on /home/airflow/.local/lib/python3.8/site-packages/airflow/example_dags/example_python_operator.py
[2026-06-18T17:19:10.369+0000] {processor.py:830} INFO - Processing file /home/airflow/.local/lib/python3.8/site-packages/airflow/example_dags/example_python_operator.py for tasks to queue
[2026-06-18T17:19:10.371+0000] {logging_mixin.py:188} INFO - [2026-06-18T17:19:10.371+0000] {dagbag.py:538} INFO - Filling up the DagBag from /home/airflow/.local/lib/python3.8/site-packages/airflow/example_dags/example_python_operator.py
[2026-06-18T17:19:10.390+0000] {processor.py:840} INFO - DAG(s) 'example_python_operator' retrieved from /home/airflow/.local/lib/python3.8/site-packages/airflow/example_dags/example_python_operator.py
[2026-06-18T17:19:10.430+0000] {logging_mixin.py:188} INFO - [2026-06-18T17:19:10.430+0000] {dag.py:3036} INFO - Sync 1 DAGs
[2026-06-18T17:19:10.451+0000] {logging_mixin.py:188} INFO - [2026-06-18T17:19:10.451+0000] {dag.py:3823} INFO - Setting next_dagrun for example_python_operator to None, run_after=None
[2026-06-18T17:19:10.485+0000] {processor.py:183} INFO - Processing /home/airflow/.local/lib/python3.8/site-packages/airflow/example_dags/example_python_operator.py took 0.123 seconds
[2026-06-18T17:19:40.670+0000] {processor.py:161} INFO - Started process (PID=3903) to work on /home/airflow/.local/lib/python3.8/site-packages/airflow/example_dags/example_python_operator.py
[2026-06-18T17:19:40.673+0000] {processor.py:830} INFO - Processing file /home/airflow/.local/lib/python3.8/site-packages/airflow/example_dags/example_python_operator.py for tasks to queue
[2026-06-18T17:19:40.676+0000] {logging_mixin.py:188} INFO - [2026-06-18T17:19:40.675+0000] {dagbag.py:538} INFO - Filling up the DagBag from /home/airflow/.local/lib/python3.8/site-packages/airflow/example_dags/example_python_operator.py
[2026-06-18T17:19:40.694+0000] {processor.py:840} INFO - DAG(s) 'example_python_operator' retrieved from /home/airflow/.local/lib/python3.8/site-packages/airflow/example_dags/example_python_operator.py
[2026-06-18T17:19:40.734+0000] {logging_mixin.py:188} INFO - [2026-06-18T17:19:40.734+0000] {dag.py:3036} INFO - Sync 1 DAGs
[2026-06-18T17:19:40.755+0000] {logging_mixin.py:188} INFO - [2026-06-18T17:19:40.755+0000] {dag.py:3823} INFO - Setting next_dagrun for example_python_operator to None, run_after=None
[2026-06-18T17:19:40.789+0000] {processor.py:183} INFO - Processing /home/airflow/.local/lib/python3.8/site-packages/airflow/example_dags/example_python_operator.py took 0.124 seconds
[2026-06-18T17:20:11.058+0000] {processor.py:161} INFO - Started process (PID=3970) to work on /home/airflow/.local/lib/python3.8/site-packages/airflow/example_dags/example_python_operator.py
[2026-06-18T17:20:11.060+0000] {processor.py:830} INFO - Processing file /home/airflow/.local/lib/python3.8/site-packages/airflow/example_dags/example_python_operator.py for tasks to queue
[2026-06-18T17:20:11.063+0000] {logging_mixin.py:188} INFO - [2026-06-18T17:20:11.063+0000] {dagbag.py:538} INFO - Filling up the DagBag from /home/airflow/.local/lib/python3.8/site-packages/airflow/example_dags/example_python_operator.py
[2026-06-18T17:20:11.085+0000] {processor.py:840} INFO - DAG(s) 'example_python_operator' retrieved from /home/airflow/.local/lib/python3.8/site-packages/airflow/example_dags/example_python_operator.py
[2026-06-18T17:20:11.130+0000] {logging_mixin.py:188} INFO - [2026-06-18T17:20:11.130+0000] {dag.py:3036} INFO - Sync 1 DAGs
[2026-06-18T17:20:11.155+0000] {logging_mixin.py:188} INFO - [2026-06-18T17:20:11.155+0000] {dag.py:3823} INFO - Setting next_dagrun for example_python_operator to None, run_after=None
[2026-06-18T17:20:11.194+0000] {processor.py:183} INFO - Processing /home/airflow/.local/lib/python3.8/site-packages/airflow/example_dags/example_python_operator.py took 0.143 seconds
[2026-06-18T17:20:41.340+0000] {processor.py:161} INFO - Started process (PID=4037) to work on /home/airflow/.local/lib/python3.8/site-packages/airflow/example_dags/example_python_operator.py
[2026-06-18T17:20:41.342+0000] {processor.py:830} INFO - Processing file /home/airflow/.local/lib/python3.8/site-packages/airflow/example_dags/example_python_operator.py for tasks to queue
[2026-06-18T17:20:41.345+0000] {logging_mixin.py:188} INFO - [2026-06-18T17:20:41.345+0000] {dagbag.py:538} INFO - Filling up the DagBag from /home/airflow/.local/lib/python3.8/site-packages/airflow/example_dags/example_python_operator.py
[2026-06-18T17:20:41.364+0000] {processor.py:840} INFO - DAG(s) 'example_python_operator' retrieved from /home/airflow/.local/lib/python3.8/site-packages/airflow/example_dags/example_python_operator.py
[2026-06-18T17:20:41.411+0000] {logging_mixin.py:188} INFO - [2026-06-18T17:20:41.411+0000] {dag.py:3036} INFO - Sync 1 DAGs
[2026-06-18T17:20:41.435+0000] {logging_mixin.py:188} INFO - [2026-06-18T17:20:41.435+0000] {dag.py:3823} INFO - Setting next_dagrun for example_python_operator to None, run_after=None
[2026-06-18T17:20:41.470+0000] {processor.py:183} INFO - Processing /home/airflow/.local/lib/python3.8/site-packages/airflow/example_dags/example_python_operator.py took 0.136 seconds
[2026-06-18T17:21:11.974+0000] {processor.py:161} INFO - Started process (PID=4103) to work on /home/airflow/.local/lib/python3.8/site-packages/airflow/example_dags/example_python_operator.py
[2026-06-18T17:21:11.976+0000] {processor.py:830} INFO - Processing file /home/airflow/.local/lib/python3.8/site-packages/airflow/example_dags/example_python_operator.py for tasks to queue
[2026-06-18T17:21:11.979+0000] {logging_mixin.py:188} INFO - [2026-06-18T17:21:11.979+0000] {dagbag.py:538} INFO - Filling up the DagBag from /home/airflow/.local/lib/python3.8/site-packages/airflow/example_dags/example_python_operator.py
[2026-06-18T17:21:12.015+0000] {processor.py:840} INFO - DAG(s) 'example_python_operator' retrieved from /home/airflow/.local/lib/python3.8/site-packages/airflow/example_dags/example_python_operator.py
[2026-06-18T17:21:12.064+0000] {logging_mixin.py:188} INFO - [2026-06-18T17:21:12.064+0000] {dag.py:3036} INFO - Sync 1 DAGs
[2026-06-18T17:21:12.091+0000] {logging_mixin.py:188} INFO - [2026-06-18T17:21:12.091+0000] {dag.py:3823} INFO - Setting next_dagrun for example_python_operator to None, run_after=None
[2026-06-18T17:21:12.128+0000] {processor.py:183} INFO - Processing /home/airflow/.local/lib/python3.8/site-packages/airflow/example_dags/example_python_operator.py took 0.160 seconds
[2026-06-18T17:21:42.313+0000] {processor.py:161} INFO - Started process (PID=4169) to work on /home/airflow/.local/lib/python3.8/site-packages/airflow/example_dags/example_python_operator.py
[2026-06-18T17:21:42.315+0000] {processor.py:830} INFO - Processing file /home/airflow/.local/lib/python3.8/site-packages/airflow/example_dags/example_python_operator.py for tasks to queue
[2026-06-18T17:21:42.318+0000] {logging_mixin.py:188} INFO - [2026-06-18T17:21:42.318+0000] {dagbag.py:538} INFO - Filling up the DagBag from /home/airflow/.local/lib/python3.8/site-packages/airflow/example_dags/example_python_operator.py
[2026-06-18T17:21:42.337+0000] {processor.py:840} INFO - DAG(s) 'example_python_operator' retrieved from /home/airflow/.local/lib/python3.8/site-packages/airflow/example_dags/example_python_operator.py
[2026-06-18T17:21:42.386+0000] {logging_mixin.py:188} INFO - [2026-06-18T17:21:42.385+0000] {dag.py:3036} INFO - Sync 1 DAGs
[2026-06-18T17:21:42.414+0000] {logging_mixin.py:188} INFO - [2026-06-18T17:21:42.413+0000] {dag.py:3823} INFO - Setting next_dagrun for example_python_operator to None, run_after=None
[2026-06-18T17:21:42.463+0000] {processor.py:183} INFO - Processing /home/airflow/.local/lib/python3.8/site-packages/airflow/example_dags/example_python_operator.py took 0.156 seconds
[2026-06-18T17:22:12.698+0000] {processor.py:161} INFO - Started process (PID=4235) to work on /home/airflow/.local/lib/python3.8/site-packages/airflow/example_dags/example_python_operator.py
[2026-06-18T17:22:12.700+0000] {processor.py:830} INFO - Processing file /home/airflow/.local/lib/python3.8/site-packages/airflow/example_dags/example_python_operator.py for tasks to queue
[2026-06-18T17:22:12.703+0000] {logging_mixin.py:188} INFO - [2026-06-18T17:22:12.703+0000] {dagbag.py:538} INFO - Filling up the DagBag from /home/airflow/.local/lib/python3.8/site-packages/airflow/example_dags/example_python_operator.py
[2026-06-18T17:22:12.724+0000] {processor.py:840} INFO - DAG(s) 'example_python_operator' retrieved from /home/airflow/.local/lib/python3.8/site-packages/airflow/example_dags/example_python_operator.py
[2026-06-18T17:22:12.773+0000] {logging_mixin.py:188} INFO - [2026-06-18T17:22:12.772+0000] {dag.py:3036} INFO - Sync 1 DAGs
[2026-06-18T17:22:12.799+0000] {logging_mixin.py:188} INFO - [2026-06-18T17:22:12.798+0000] {dag.py:3823} INFO - Setting next_dagrun for example_python_operator to None, run_after=None
[2026-06-18T17:22:12.845+0000] {processor.py:183} INFO - Processing /home/airflow/.local/lib/python3.8/site-packages/airflow/example_dags/example_python_operator.py took 0.153 seconds
[2026-06-18T17:22:42.970+0000] {processor.py:161} INFO - Started process (PID=4301) to work on /home/airflow/.local/lib/python3.8/site-packages/airflow/example_dags/example_python_operator.py
[2026-06-18T17:22:42.973+0000] {processor.py:830} INFO - Processing file /home/airflow/.local/lib/python3.8/site-packages/airflow/example_dags/example_python_operator.py for tasks to queue
[2026-06-18T17:22:42.977+0000] {logging_mixin.py:188} INFO - [2026-06-18T17:22:42.976+0000] {dagbag.py:538} INFO - Filling up the DagBag from /home/airflow/.local/lib/python3.8/site-packages/airflow/example_dags/example_python_operator.py
[2026-06-18T17:22:42.996+0000] {processor.py:840} INFO - DAG(s) 'example_python_operator' retrieved from /home/airflow/.local/lib/python3.8/site-packages/airflow/example_dags/example_python_operator.py
[2026-06-18T17:22:43.040+0000] {logging_mixin.py:188} INFO - [2026-06-18T17:22:43.040+0000] {dag.py:3036} INFO - Sync 1 DAGs
[2026-06-18T17:22:43.061+0000] {logging_mixin.py:188} INFO - [2026-06-18T17:22:43.061+0000] {dag.py:3823} INFO - Setting next_dagrun for example_python_operator to None, run_after=None
[2026-06-18T17:22:43.093+0000] {processor.py:183} INFO - Processing /home/airflow/.local/lib/python3.8/site-packages/airflow/example_dags/example_python_operator.py took 0.128 seconds
[2026-06-18T17:23:13.556+0000] {processor.py:161} INFO - Started process (PID=4368) to work on /home/airflow/.local/lib/python3.8/site-packages/airflow/example_dags/example_python_operator.py
[2026-06-18T17:23:13.558+0000] {processor.py:830} INFO - Processing file /home/airflow/.local/lib/python3.8/site-packages/airflow/example_dags/example_python_operator.py for tasks to queue
[2026-06-18T17:23:13.561+0000] {logging_mixin.py:188} INFO - [2026-06-18T17:23:13.560+0000] {dagbag.py:538} INFO - Filling up the DagBag from /home/airflow/.local/lib/python3.8/site-packages/airflow/example_dags/example_python_operator.py
[2026-06-18T17:23:13.578+0000] {processor.py:840} INFO - DAG(s) 'example_python_operator' retrieved from /home/airflow/.local/lib/python3.8/site-packages/airflow/example_dags/example_python_operator.py
[2026-06-18T17:23:13.624+0000] {logging_mixin.py:188} INFO - [2026-06-18T17:23:13.623+0000] {dag.py:3036} INFO - Sync 1 DAGs
[2026-06-18T17:23:13.646+0000] {logging_mixin.py:188} INFO - [2026-06-18T17:23:13.645+0000] {dag.py:3823} INFO - Setting next_dagrun for example_python_operator to None, run_after=None
[2026-06-18T17:23:13.679+0000] {processor.py:183} INFO - Processing /home/airflow/.local/lib/python3.8/site-packages/airflow/example_dags/example_python_operator.py took 0.128 seconds
[2026-06-18T17:23:44.235+0000] {processor.py:161} INFO - Started process (PID=4433) to work on /home/airflow/.local/lib/python3.8/site-packages/airflow/example_dags/example_python_operator.py
[2026-06-18T17:23:44.237+0000] {processor.py:830} INFO - Processing file /home/airflow/.local/lib/python3.8/site-packages/airflow/example_dags/example_python_operator.py for tasks to queue
[2026-06-18T17:23:44.240+0000] {logging_mixin.py:188} INFO - [2026-06-18T17:23:44.240+0000] {dagbag.py:538} INFO - Filling up the DagBag from /home/airflow/.local/lib/python3.8/site-packages/airflow/example_dags/example_python_operator.py
[2026-06-18T17:23:44.258+0000] {processor.py:840} INFO - DAG(s) 'example_python_operator' retrieved from /home/airflow/.local/lib/python3.8/site-packages/airflow/example_dags/example_python_operator.py
[2026-06-18T17:23:44.302+0000] {logging_mixin.py:188} INFO - [2026-06-18T17:23:44.302+0000] {dag.py:3036} INFO - Sync 1 DAGs
[2026-06-18T17:23:44.323+0000] {logging_mixin.py:188} INFO - [2026-06-18T17:23:44.323+0000] {dag.py:3823} INFO - Setting next_dagrun for example_python_operator to None, run_after=None
[2026-06-18T17:23:44.355+0000] {processor.py:183} INFO - Processing /home/airflow/.local/lib/python3.8/site-packages/airflow/example_dags/example_python_operator.py took 0.124 seconds
[2026-06-18T17:24:14.701+0000] {processor.py:161} INFO - Started process (PID=4498) to work on /home/airflow/.local/lib/python3.8/site-packages/airflow/example_dags/example_python_operator.py
[2026-06-18T17:24:14.703+0000] {processor.py:830} INFO - Processing file /home/airflow/.local/lib/python3.8/site-packages/airflow/example_dags/example_python_operator.py for tasks to queue
[2026-06-18T17:24:14.706+0000] {logging_mixin.py:188} INFO - [2026-06-18T17:24:14.705+0000] {dagbag.py:538} INFO - Filling up the DagBag from /home/airflow/.local/lib/python3.8/site-packages/airflow/example_dags/example_python_operator.py
[2026-06-18T17:24:14.724+0000] {processor.py:840} INFO - DAG(s) 'example_python_operator' retrieved from /home/airflow/.local/lib/python3.8/site-packages/airflow/example_dags/example_python_operator.py
[2026-06-18T17:24:14.765+0000] {logging_mixin.py:188} INFO - [2026-06-18T17:24:14.764+0000] {dag.py:3036} INFO - Sync 1 DAGs
[2026-06-18T17:24:14.786+0000] {logging_mixin.py:188} INFO - [2026-06-18T17:24:14.786+0000] {dag.py:3823} INFO - Setting next_dagrun for example_python_operator to None, run_after=None
[2026-06-18T17:24:14.822+0000] {processor.py:183} INFO - Processing /home/airflow/.local/lib/python3.8/site-packages/airflow/example_dags/example_python_operator.py took 0.127 seconds
[2026-06-18T17:24:45.313+0000] {processor.py:161} INFO - Started process (PID=4564) to work on /home/airflow/.local/lib/python3.8/site-packages/airflow/example_dags/example_python_operator.py
[2026-06-18T17:24:45.314+0000] {processor.py:830} INFO - Processing file /home/airflow/.local/lib/python3.8/site-packages/airflow/example_dags/example_python_operator.py for tasks to queue
[2026-06-18T17:24:45.317+0000] {logging_mixin.py:188} INFO - [2026-06-18T17:24:45.317+0000] {dagbag.py:538} INFO - Filling up the DagBag from /home/airflow/.local/lib/python3.8/site-packages/airflow/example_dags/example_python_operator.py
[2026-06-18T17:24:45.336+0000] {processor.py:840} INFO - DAG(s) 'example_python_operator' retrieved from /home/airflow/.local/lib/python3.8/site-packages/airflow/example_dags/example_python_operator.py
[2026-06-18T17:24:45.381+0000] {logging_mixin.py:188} INFO - [2026-06-18T17:24:45.380+0000] {dag.py:3036} INFO - Sync 1 DAGs
[2026-06-18T17:24:45.405+0000] {logging_mixin.py:188} INFO - [2026-06-18T17:24:45.404+0000] {dag.py:3823} INFO - Setting next_dagrun for example_python_operator to None, run_after=None
[2026-06-18T17:24:45.440+0000] {processor.py:183} INFO - Processing /home/airflow/.local/lib/python3.8/site-packages/airflow/example_dags/example_python_operator.py took 0.132 seconds
[2026-06-18T17:25:15.535+0000] {processor.py:161} INFO - Started process (PID=4631) to work on /home/airflow/.local/lib/python3.8/site-packages/airflow/example_dags/example_python_operator.py
[2026-06-18T17:25:15.537+0000] {processor.py:830} INFO - Processing file /home/airflow/.local/lib/python3.8/site-packages/airflow/example_dags/example_python_operator.py for tasks to queue
[2026-06-18T17:25:15.539+0000] {logging_mixin.py:188} INFO - [2026-06-18T17:25:15.539+0000] {dagbag.py:538} INFO - Filling up the DagBag from /home/airflow/.local/lib/python3.8/site-packages/airflow/example_dags/example_python_operator.py
[2026-06-18T17:25:15.557+0000] {processor.py:840} INFO - DAG(s) 'example_python_operator' retrieved from /home/airflow/.local/lib/python3.8/site-packages/airflow/example_dags/example_python_operator.py
[2026-06-18T17:25:15.603+0000] {logging_mixin.py:188} INFO - [2026-06-18T17:25:15.603+0000] {dag.py:3036} INFO - Sync 1 DAGs
[2026-06-18T17:25:15.624+0000] {logging_mixin.py:188} INFO - [2026-06-18T17:25:15.624+0000] {dag.py:3823} INFO - Setting next_dagrun for example_python_operator to None, run_after=None
[2026-06-18T17:25:15.658+0000] {processor.py:183} INFO - Processing /home/airflow/.local/lib/python3.8/site-packages/airflow/example_dags/example_python_operator.py took 0.129 seconds
[2026-06-18T17:25:46.027+0000] {processor.py:161} INFO - Started process (PID=4697) to work on /home/airflow/.local/lib/python3.8/site-packages/airflow/example_dags/example_python_operator.py
[2026-06-18T17:25:46.028+0000] {processor.py:830} INFO - Processing file /home/airflow/.local/lib/python3.8/site-packages/airflow/example_dags/example_python_operator.py for tasks to queue
[2026-06-18T17:25:46.031+0000] {logging_mixin.py:188} INFO - [2026-06-18T17:25:46.031+0000] {dagbag.py:538} INFO - Filling up the DagBag from /home/airflow/.local/lib/python3.8/site-packages/airflow/example_dags/example_python_operator.py
[2026-06-18T17:25:46.053+0000] {processor.py:840} INFO - DAG(s) 'example_python_operator' retrieved from /home/airflow/.local/lib/python3.8/site-packages/airflow/example_dags/example_python_operator.py
[2026-06-18T17:25:46.105+0000] {logging_mixin.py:188} INFO - [2026-06-18T17:25:46.105+0000] {dag.py:3036} INFO - Sync 1 DAGs
[2026-06-18T17:25:46.130+0000] {logging_mixin.py:188} INFO - [2026-06-18T17:25:46.129+0000] {dag.py:3823} INFO - Setting next_dagrun for example_python_operator to None, run_after=None
[2026-06-18T17:25:46.165+0000] {processor.py:183} INFO - Processing /home/airflow/.local/lib/python3.8/site-packages/airflow/example_dags/example_python_operator.py took 0.145 seconds
[2026-06-18T17:26:16.377+0000] {processor.py:161} INFO - Started process (PID=4763) to work on /home/airflow/.local/lib/python3.8/site-packages/airflow/example_dags/example_python_operator.py
[2026-06-18T17:26:16.379+0000] {processor.py:830} INFO - Processing file /home/airflow/.local/lib/python3.8/site-packages/airflow/example_dags/example_python_operator.py for tasks to queue
[2026-06-18T17:26:16.383+0000] {logging_mixin.py:188} INFO - [2026-06-18T17:26:16.382+0000] {dagbag.py:538} INFO - Filling up the DagBag from /home/airflow/.local/lib/python3.8/site-packages/airflow/example_dags/example_python_operator.py
[2026-06-18T17:26:16.404+0000] {processor.py:840} INFO - DAG(s) 'example_python_operator' retrieved from /home/airflow/.local/lib/python3.8/site-packages/airflow/example_dags/example_python_operator.py
[2026-06-18T17:26:16.451+0000] {logging_mixin.py:188} INFO - [2026-06-18T17:26:16.451+0000] {dag.py:3036} INFO - Sync 1 DAGs
[2026-06-18T17:26:16.473+0000] {logging_mixin.py:188} INFO - [2026-06-18T17:26:16.473+0000] {dag.py:3823} INFO - Setting next_dagrun for example_python_operator to None, run_after=None
[2026-06-18T17:26:16.503+0000] {processor.py:183} INFO - Processing /home/airflow/.local/lib/python3.8/site-packages/airflow/example_dags/example_python_operator.py took 0.132 seconds
[2026-06-18T17:26:46.810+0000] {processor.py:161} INFO - Started process (PID=4837) to work on /home/airflow/.local/lib/python3.8/site-packages/airflow/example_dags/example_python_operator.py
[2026-06-18T17:26:46.812+0000] {processor.py:830} INFO - Processing file /home/airflow/.local/lib/python3.8/site-packages/airflow/example_dags/example_python_operator.py for tasks to queue
[2026-06-18T17:26:46.815+0000] {logging_mixin.py:188} INFO - [2026-06-18T17:26:46.814+0000] {dagbag.py:538} INFO - Filling up the DagBag from /home/airflow/.local/lib/python3.8/site-packages/airflow/example_dags/example_python_operator.py
[2026-06-18T17:26:46.834+0000] {processor.py:840} INFO - DAG(s) 'example_python_operator' retrieved from /home/airflow/.local/lib/python3.8/site-packages/airflow/example_dags/example_python_operator.py
[2026-06-18T17:26:46.882+0000] {logging_mixin.py:188} INFO - [2026-06-18T17:26:46.881+0000] {dag.py:3036} INFO - Sync 1 DAGs
[2026-06-18T17:26:46.910+0000] {logging_mixin.py:188} INFO - [2026-06-18T17:26:46.909+0000] {dag.py:3823} INFO - Setting next_dagrun for example_python_operator to None, run_after=None
[2026-06-18T17:26:46.954+0000] {processor.py:183} INFO - Processing /home/airflow/.local/lib/python3.8/site-packages/airflow/example_dags/example_python_operator.py took 0.149 seconds
[2026-06-18T17:27:17.492+0000] {processor.py:161} INFO - Started process (PID=4904) to work on /home/airflow/.local/lib/python3.8/site-packages/airflow/example_dags/example_python_operator.py
[2026-06-18T17:27:17.494+0000] {processor.py:830} INFO - Processing file /home/airflow/.local/lib/python3.8/site-packages/airflow/example_dags/example_python_operator.py for tasks to queue
[2026-06-18T17:27:17.497+0000] {logging_mixin.py:188} INFO - [2026-06-18T17:27:17.496+0000] {dagbag.py:538} INFO - Filling up the DagBag from /home/airflow/.local/lib/python3.8/site-packages/airflow/example_dags/example_python_operator.py
[2026-06-18T17:27:17.517+0000] {processor.py:840} INFO - DAG(s) 'example_python_operator' retrieved from /home/airflow/.local/lib/python3.8/site-packages/airflow/example_dags/example_python_operator.py
[2026-06-18T17:27:17.577+0000] {logging_mixin.py:188} INFO - [2026-06-18T17:27:17.576+0000] {dag.py:3036} INFO - Sync 1 DAGs
[2026-06-18T17:27:17.602+0000] {logging_mixin.py:188} INFO - [2026-06-18T17:27:17.602+0000] {dag.py:3823} INFO - Setting next_dagrun for example_python_operator to None, run_after=None
[2026-06-18T17:27:17.636+0000] {processor.py:183} INFO - Processing /home/airflow/.local/lib/python3.8/site-packages/airflow/example_dags/example_python_operator.py took 0.150 seconds
[2026-06-18T17:27:47.854+0000] {processor.py:161} INFO - Started process (PID=4971) to work on /home/airflow/.local/lib/python3.8/site-packages/airflow/example_dags/example_python_operator.py
[2026-06-18T17:27:47.856+0000] {processor.py:830} INFO - Processing file /home/airflow/.local/lib/python3.8/site-packages/airflow/example_dags/example_python_operator.py for tasks to queue
[2026-06-18T17:27:47.858+0000] {logging_mixin.py:188} INFO - [2026-06-18T17:27:47.858+0000] {dagbag.py:538} INFO - Filling up the DagBag from /home/airflow/.local/lib/python3.8/site-packages/airflow/example_dags/example_python_operator.py
[2026-06-18T17:27:47.878+0000] {processor.py:840} INFO - DAG(s) 'example_python_operator' retrieved from /home/airflow/.local/lib/python3.8/site-packages/airflow/example_dags/example_python_operator.py
[2026-06-18T17:27:47.919+0000] {logging_mixin.py:188} INFO - [2026-06-18T17:27:47.918+0000] {dag.py:3036} INFO - Sync 1 DAGs
[2026-06-18T17:27:47.939+0000] {logging_mixin.py:188} INFO - [2026-06-18T17:27:47.938+0000] {dag.py:3823} INFO - Setting next_dagrun for example_python_operator to None, run_after=None
[2026-06-18T17:27:47.969+0000] {processor.py:183} INFO - Processing /home/airflow/.local/lib/python3.8/site-packages/airflow/example_dags/example_python_operator.py took 0.120 seconds
[2026-06-18T17:28:18.122+0000] {processor.py:161} INFO - Started process (PID=5037) to work on /home/airflow/.local/lib/python3.8/site-packages/airflow/example_dags/example_python_operator.py
[2026-06-18T17:28:18.128+0000] {processor.py:830} INFO - Processing file /home/airflow/.local/lib/python3.8/site-packages/airflow/example_dags/example_python_operator.py for tasks to queue
[2026-06-18T17:28:18.132+0000] {logging_mixin.py:188} INFO - [2026-06-18T17:28:18.131+0000] {dagbag.py:538} INFO - Filling up the DagBag from /home/airflow/.local/lib/python3.8/site-packages/airflow/example_dags/example_python_operator.py
[2026-06-18T17:28:18.156+0000] {processor.py:840} INFO - DAG(s) 'example_python_operator' retrieved from /home/airflow/.local/lib/python3.8/site-packages/airflow/example_dags/example_python_operator.py
[2026-06-18T17:28:18.205+0000] {logging_mixin.py:188} INFO - [2026-06-18T17:28:18.205+0000] {dag.py:3036} INFO - Sync 1 DAGs
[2026-06-18T17:28:18.230+0000] {logging_mixin.py:188} INFO - [2026-06-18T17:28:18.229+0000] {dag.py:3823} INFO - Setting next_dagrun for example_python_operator to None, run_after=None
[2026-06-18T17:28:18.261+0000] {processor.py:183} INFO - Processing /home/airflow/.local/lib/python3.8/site-packages/airflow/example_dags/example_python_operator.py took 0.156 seconds
[2026-06-18T17:28:48.674+0000] {processor.py:161} INFO - Started process (PID=5103) to work on /home/airflow/.local/lib/python3.8/site-packages/airflow/example_dags/example_python_operator.py
[2026-06-18T17:28:48.676+0000] {processor.py:830} INFO - Processing file /home/airflow/.local/lib/python3.8/site-packages/airflow/example_dags/example_python_operator.py for tasks to queue
[2026-06-18T17:28:48.679+0000] {logging_mixin.py:188} INFO - [2026-06-18T17:28:48.678+0000] {dagbag.py:538} INFO - Filling up the DagBag from /home/airflow/.local/lib/python3.8/site-packages/airflow/example_dags/example_python_operator.py
[2026-06-18T17:28:48.696+0000] {processor.py:840} INFO - DAG(s) 'example_python_operator' retrieved from /home/airflow/.local/lib/python3.8/site-packages/airflow/example_dags/example_python_operator.py
[2026-06-18T17:28:48.736+0000] {logging_mixin.py:188} INFO - [2026-06-18T17:28:48.735+0000] {dag.py:3036} INFO - Sync 1 DAGs
[2026-06-18T17:28:48.756+0000] {logging_mixin.py:188} INFO - [2026-06-18T17:28:48.755+0000] {dag.py:3823} INFO - Setting next_dagrun for example_python_operator to None, run_after=None
[2026-06-18T17:28:48.787+0000] {processor.py:183} INFO - Processing /home/airflow/.local/lib/python3.8/site-packages/airflow/example_dags/example_python_operator.py took 0.118 seconds
[2026-06-18T17:29:18.964+0000] {processor.py:161} INFO - Started process (PID=5168) to work on /home/airflow/.local/lib/python3.8/site-packages/airflow/example_dags/example_python_operator.py
[2026-06-18T17:29:18.965+0000] {processor.py:830} INFO - Processing file /home/airflow/.local/lib/python3.8/site-packages/airflow/example_dags/example_python_operator.py for tasks to queue
[2026-06-18T17:29:18.973+0000] {logging_mixin.py:188} INFO - [2026-06-18T17:29:18.971+0000] {dagbag.py:538} INFO - Filling up the DagBag from /home/airflow/.local/lib/python3.8/site-packages/airflow/example_dags/example_python_operator.py
[2026-06-18T17:29:18.994+0000] {processor.py:840} INFO - DAG(s) 'example_python_operator' retrieved from /home/airflow/.local/lib/python3.8/site-packages/airflow/example_dags/example_python_operator.py
[2026-06-18T17:29:19.053+0000] {logging_mixin.py:188} INFO - [2026-06-18T17:29:19.052+0000] {dag.py:3036} INFO - Sync 1 DAGs
[2026-06-18T17:29:19.086+0000] {logging_mixin.py:188} INFO - [2026-06-18T17:29:19.086+0000] {dag.py:3823} INFO - Setting next_dagrun for example_python_operator to None, run_after=None
[2026-06-18T17:29:19.119+0000] {processor.py:183} INFO - Processing /home/airflow/.local/lib/python3.8/site-packages/airflow/example_dags/example_python_operator.py took 0.162 seconds
[2026-06-18T17:29:49.631+0000] {processor.py:161} INFO - Started process (PID=5232) to work on /home/airflow/.local/lib/python3.8/site-packages/airflow/example_dags/example_python_operator.py
[2026-06-18T17:29:49.633+0000] {processor.py:830} INFO - Processing file /home/airflow/.local/lib/python3.8/site-packages/airflow/example_dags/example_python_operator.py for tasks to queue
[2026-06-18T17:29:49.636+0000] {logging_mixin.py:188} INFO - [2026-06-18T17:29:49.636+0000] {dagbag.py:538} INFO - Filling up the DagBag from /home/airflow/.local/lib/python3.8/site-packages/airflow/example_dags/example_python_operator.py
[2026-06-18T17:29:49.657+0000] {processor.py:840} INFO - DAG(s) 'example_python_operator' retrieved from /home/airflow/.local/lib/python3.8/site-packages/airflow/example_dags/example_python_operator.py
[2026-06-18T17:29:49.705+0000] {logging_mixin.py:188} INFO - [2026-06-18T17:29:49.705+0000] {dag.py:3036} INFO - Sync 1 DAGs
[2026-06-18T17:29:49.732+0000] {logging_mixin.py:188} INFO - [2026-06-18T17:29:49.731+0000] {dag.py:3823} INFO - Setting next_dagrun for example_python_operator to None, run_after=None
[2026-06-18T17:29:49.790+0000] {processor.py:183} INFO - Processing /home/airflow/.local/lib/python3.8/site-packages/airflow/example_dags/example_python_operator.py took 0.167 seconds
[2026-06-18T17:30:20.163+0000] {processor.py:161} INFO - Started process (PID=5297) to work on /home/airflow/.local/lib/python3.8/site-packages/airflow/example_dags/example_python_operator.py
[2026-06-18T17:30:20.165+0000] {processor.py:830} INFO - Processing file /home/airflow/.local/lib/python3.8/site-packages/airflow/example_dags/example_python_operator.py for tasks to queue
[2026-06-18T17:30:20.167+0000] {logging_mixin.py:188} INFO - [2026-06-18T17:30:20.167+0000] {dagbag.py:538} INFO - Filling up the DagBag from /home/airflow/.local/lib/python3.8/site-packages/airflow/example_dags/example_python_operator.py
[2026-06-18T17:30:20.187+0000] {processor.py:840} INFO - DAG(s) 'example_python_operator' retrieved from /home/airflow/.local/lib/python3.8/site-packages/airflow/example_dags/example_python_operator.py
[2026-06-18T17:30:20.233+0000] {logging_mixin.py:188} INFO - [2026-06-18T17:30:20.233+0000] {dag.py:3036} INFO - Sync 1 DAGs
[2026-06-18T17:30:20.257+0000] {logging_mixin.py:188} INFO - [2026-06-18T17:30:20.256+0000] {dag.py:3823} INFO - Setting next_dagrun for example_python_operator to None, run_after=None
[2026-06-18T17:30:20.295+0000] {processor.py:183} INFO - Processing /home/airflow/.local/lib/python3.8/site-packages/airflow/example_dags/example_python_operator.py took 0.137 seconds
[2026-06-18T17:30:50.707+0000] {processor.py:161} INFO - Started process (PID=5363) to work on /home/airflow/.local/lib/python3.8/site-packages/airflow/example_dags/example_python_operator.py
[2026-06-18T17:30:50.709+0000] {processor.py:830} INFO - Processing file /home/airflow/.local/lib/python3.8/site-packages/airflow/example_dags/example_python_operator.py for tasks to queue
[2026-06-18T17:30:50.711+0000] {logging_mixin.py:188} INFO - [2026-06-18T17:30:50.711+0000] {dagbag.py:538} INFO - Filling up the DagBag from /home/airflow/.local/lib/python3.8/site-packages/airflow/example_dags/example_python_operator.py
[2026-06-18T17:30:50.729+0000] {processor.py:840} INFO - DAG(s) 'example_python_operator' retrieved from /home/airflow/.local/lib/python3.8/site-packages/airflow/example_dags/example_python_operator.py
[2026-06-18T17:30:50.773+0000] {logging_mixin.py:188} INFO - [2026-06-18T17:30:50.773+0000] {dag.py:3036} INFO - Sync 1 DAGs
[2026-06-18T17:30:50.797+0000] {logging_mixin.py:188} INFO - [2026-06-18T17:30:50.797+0000] {dag.py:3823} INFO - Setting next_dagrun for example_python_operator to None, run_after=None
[2026-06-18T17:30:50.833+0000] {processor.py:183} INFO - Processing /home/airflow/.local/lib/python3.8/site-packages/airflow/example_dags/example_python_operator.py took 0.131 seconds
[2026-06-18T17:31:21.330+0000] {processor.py:161} INFO - Started process (PID=5429) to work on /home/airflow/.local/lib/python3.8/site-packages/airflow/example_dags/example_python_operator.py
[2026-06-18T17:31:21.332+0000] {processor.py:830} INFO - Processing file /home/airflow/.local/lib/python3.8/site-packages/airflow/example_dags/example_python_operator.py for tasks to queue
[2026-06-18T17:31:21.335+0000] {logging_mixin.py:188} INFO - [2026-06-18T17:31:21.334+0000] {dagbag.py:538} INFO - Filling up the DagBag from /home/airflow/.local/lib/python3.8/site-packages/airflow/example_dags/example_python_operator.py
[2026-06-18T17:31:21.354+0000] {processor.py:840} INFO - DAG(s) 'example_python_operator' retrieved from /home/airflow/.local/lib/python3.8/site-packages/airflow/example_dags/example_python_operator.py
[2026-06-18T17:31:21.405+0000] {logging_mixin.py:188} INFO - [2026-06-18T17:31:21.404+0000] {dag.py:3036} INFO - Sync 1 DAGs
[2026-06-18T17:31:21.429+0000] {logging_mixin.py:188} INFO - [2026-06-18T17:31:21.429+0000] {dag.py:3823} INFO - Setting next_dagrun for example_python_operator to None, run_after=None
[2026-06-18T17:31:21.466+0000] {processor.py:183} INFO - Processing /home/airflow/.local/lib/python3.8/site-packages/airflow/example_dags/example_python_operator.py took 0.143 seconds
[2026-06-18T17:31:51.609+0000] {processor.py:161} INFO - Started process (PID=5492) to work on /home/airflow/.local/lib/python3.8/site-packages/airflow/example_dags/example_python_operator.py
[2026-06-18T17:31:51.610+0000] {processor.py:830} INFO - Processing file /home/airflow/.local/lib/python3.8/site-packages/airflow/example_dags/example_python_operator.py for tasks to queue
[2026-06-18T17:31:51.616+0000] {logging_mixin.py:188} INFO - [2026-06-18T17:31:51.615+0000] {dagbag.py:538} INFO - Filling up the DagBag from /home/airflow/.local/lib/python3.8/site-packages/airflow/example_dags/example_python_operator.py
[2026-06-18T17:31:51.634+0000] {processor.py:840} INFO - DAG(s) 'example_python_operator' retrieved from /home/airflow/.local/lib/python3.8/site-packages/airflow/example_dags/example_python_operator.py
[2026-06-18T17:31:51.673+0000] {logging_mixin.py:188} INFO - [2026-06-18T17:31:51.673+0000] {dag.py:3036} INFO - Sync 1 DAGs
[2026-06-18T17:31:51.694+0000] {logging_mixin.py:188} INFO - [2026-06-18T17:31:51.694+0000] {dag.py:3823} INFO - Setting next_dagrun for example_python_operator to None, run_after=None
[2026-06-18T17:31:51.725+0000] {processor.py:183} INFO - Processing /home/airflow/.local/lib/python3.8/site-packages/airflow/example_dags/example_python_operator.py took 0.122 seconds
[2026-06-18T17:32:22.042+0000] {processor.py:161} INFO - Started process (PID=5565) to work on /home/airflow/.local/lib/python3.8/site-packages/airflow/example_dags/example_python_operator.py
[2026-06-18T17:32:22.043+0000] {processor.py:830} INFO - Processing file /home/airflow/.local/lib/python3.8/site-packages/airflow/example_dags/example_python_operator.py for tasks to queue
[2026-06-18T17:32:22.046+0000] {logging_mixin.py:188} INFO - [2026-06-18T17:32:22.046+0000] {dagbag.py:538} INFO - Filling up the DagBag from /home/airflow/.local/lib/python3.8/site-packages/airflow/example_dags/example_python_operator.py
[2026-06-18T17:32:22.068+0000] {processor.py:840} INFO - DAG(s) 'example_python_operator' retrieved from /home/airflow/.local/lib/python3.8/site-packages/airflow/example_dags/example_python_operator.py
[2026-06-18T17:32:22.126+0000] {logging_mixin.py:188} INFO - [2026-06-18T17:32:22.125+0000] {dag.py:3036} INFO - Sync 1 DAGs
[2026-06-18T17:32:22.147+0000] {logging_mixin.py:188} INFO - [2026-06-18T17:32:22.147+0000] {dag.py:3823} INFO - Setting next_dagrun for example_python_operator to None, run_after=None
[2026-06-18T17:32:22.182+0000] {processor.py:183} INFO - Processing /home/airflow/.local/lib/python3.8/site-packages/airflow/example_dags/example_python_operator.py took 0.146 seconds
[2026-06-18T17:32:52.625+0000] {processor.py:161} INFO - Started process (PID=5632) to work on /home/airflow/.local/lib/python3.8/site-packages/airflow/example_dags/example_python_operator.py
[2026-06-18T17:32:52.627+0000] {processor.py:830} INFO - Processing file /home/airflow/.local/lib/python3.8/site-packages/airflow/example_dags/example_python_operator.py for tasks to queue
[2026-06-18T17:32:52.631+0000] {logging_mixin.py:188} INFO - [2026-06-18T17:32:52.630+0000] {dagbag.py:538} INFO - Filling up the DagBag from /home/airflow/.local/lib/python3.8/site-packages/airflow/example_dags/example_python_operator.py
[2026-06-18T17:32:52.652+0000] {processor.py:840} INFO - DAG(s) 'example_python_operator' retrieved from /home/airflow/.local/lib/python3.8/site-packages/airflow/example_dags/example_python_operator.py
[2026-06-18T17:32:52.702+0000] {logging_mixin.py:188} INFO - [2026-06-18T17:32:52.701+0000] {dag.py:3036} INFO - Sync 1 DAGs
[2026-06-18T17:32:52.728+0000] {logging_mixin.py:188} INFO - [2026-06-18T17:32:52.727+0000] {dag.py:3823} INFO - Setting next_dagrun for example_python_operator to None, run_after=None
[2026-06-18T17:32:52.766+0000] {processor.py:183} INFO - Processing /home/airflow/.local/lib/python3.8/site-packages/airflow/example_dags/example_python_operator.py took 0.147 seconds
[2026-06-18T17:33:23.230+0000] {processor.py:161} INFO - Started process (PID=5698) to work on /home/airflow/.local/lib/python3.8/site-packages/airflow/example_dags/example_python_operator.py
[2026-06-18T17:33:23.238+0000] {processor.py:830} INFO - Processing file /home/airflow/.local/lib/python3.8/site-packages/airflow/example_dags/example_python_operator.py for tasks to queue
[2026-06-18T17:33:23.245+0000] {logging_mixin.py:188} INFO - [2026-06-18T17:33:23.244+0000] {dagbag.py:538} INFO - Filling up the DagBag from /home/airflow/.local/lib/python3.8/site-packages/airflow/example_dags/example_python_operator.py
[2026-06-18T17:33:23.267+0000] {processor.py:840} INFO - DAG(s) 'example_python_operator' retrieved from /home/airflow/.local/lib/python3.8/site-packages/airflow/example_dags/example_python_operator.py
[2026-06-18T17:33:23.343+0000] {logging_mixin.py:188} INFO - [2026-06-18T17:33:23.343+0000] {dag.py:3036} INFO - Sync 1 DAGs
[2026-06-18T17:33:23.373+0000] {logging_mixin.py:188} INFO - [2026-06-18T17:33:23.372+0000] {dag.py:3823} INFO - Setting next_dagrun for example_python_operator to None, run_after=None
[2026-06-18T17:33:23.408+0000] {processor.py:183} INFO - Processing /home/airflow/.local/lib/python3.8/site-packages/airflow/example_dags/example_python_operator.py took 0.183 seconds
[2026-06-18T17:33:53.639+0000] {processor.py:161} INFO - Started process (PID=5764) to work on /home/airflow/.local/lib/python3.8/site-packages/airflow/example_dags/example_python_operator.py
[2026-06-18T17:33:53.641+0000] {processor.py:830} INFO - Processing file /home/airflow/.local/lib/python3.8/site-packages/airflow/example_dags/example_python_operator.py for tasks to queue
[2026-06-18T17:33:53.644+0000] {logging_mixin.py:188} INFO - [2026-06-18T17:33:53.643+0000] {dagbag.py:538} INFO - Filling up the DagBag from /home/airflow/.local/lib/python3.8/site-packages/airflow/example_dags/example_python_operator.py
[2026-06-18T17:33:53.664+0000] {processor.py:840} INFO - DAG(s) 'example_python_operator' retrieved from /home/airflow/.local/lib/python3.8/site-packages/airflow/example_dags/example_python_operator.py
[2026-06-18T17:33:53.715+0000] {logging_mixin.py:188} INFO - [2026-06-18T17:33:53.714+0000] {dag.py:3036} INFO - Sync 1 DAGs
[2026-06-18T17:33:53.741+0000] {logging_mixin.py:188} INFO - [2026-06-18T17:33:53.741+0000] {dag.py:3823} INFO - Setting next_dagrun for example_python_operator to None, run_after=None
[2026-06-18T17:33:53.774+0000] {processor.py:183} INFO - Processing /home/airflow/.local/lib/python3.8/site-packages/airflow/example_dags/example_python_operator.py took 0.146 seconds
[2026-06-18T17:34:24.156+0000] {processor.py:161} INFO - Started process (PID=5829) to work on /home/airflow/.local/lib/python3.8/site-packages/airflow/example_dags/example_python_operator.py
[2026-06-18T17:34:24.159+0000] {processor.py:830} INFO - Processing file /home/airflow/.local/lib/python3.8/site-packages/airflow/example_dags/example_python_operator.py for tasks to queue
[2026-06-18T17:34:24.162+0000] {logging_mixin.py:188} INFO - [2026-06-18T17:34:24.161+0000] {dagbag.py:538} INFO - Filling up the DagBag from /home/airflow/.local/lib/python3.8/site-packages/airflow/example_dags/example_python_operator.py
[2026-06-18T17:34:24.184+0000] {processor.py:840} INFO - DAG(s) 'example_python_operator' retrieved from /home/airflow/.local/lib/python3.8/site-packages/airflow/example_dags/example_python_operator.py
[2026-06-18T17:34:24.246+0000] {logging_mixin.py:188} INFO - [2026-06-18T17:34:24.245+0000] {dag.py:3036} INFO - Sync 1 DAGs
[2026-06-18T17:34:24.276+0000] {logging_mixin.py:188} INFO - [2026-06-18T17:34:24.275+0000] {dag.py:3823} INFO - Setting next_dagrun for example_python_operator to None, run_after=None
[2026-06-18T17:34:24.321+0000] {processor.py:183} INFO - Processing /home/airflow/.local/lib/python3.8/site-packages/airflow/example_dags/example_python_operator.py took 0.173 seconds
[2026-06-18T17:34:54.702+0000] {processor.py:161} INFO - Started process (PID=5895) to work on /home/airflow/.local/lib/python3.8/site-packages/airflow/example_dags/example_python_operator.py
[2026-06-18T17:34:54.704+0000] {processor.py:830} INFO - Processing file /home/airflow/.local/lib/python3.8/site-packages/airflow/example_dags/example_python_operator.py for tasks to queue
[2026-06-18T17:34:54.706+0000] {logging_mixin.py:188} INFO - [2026-06-18T17:34:54.706+0000] {dagbag.py:538} INFO - Filling up the DagBag from /home/airflow/.local/lib/python3.8/site-packages/airflow/example_dags/example_python_operator.py
[2026-06-18T17:34:54.723+0000] {processor.py:840} INFO - DAG(s) 'example_python_operator' retrieved from /home/airflow/.local/lib/python3.8/site-packages/airflow/example_dags/example_python_operator.py
[2026-06-18T17:34:54.761+0000] {logging_mixin.py:188} INFO - [2026-06-18T17:34:54.760+0000] {dag.py:3036} INFO - Sync 1 DAGs
[2026-06-18T17:34:54.781+0000] {logging_mixin.py:188} INFO - [2026-06-18T17:34:54.781+0000] {dag.py:3823} INFO - Setting next_dagrun for example_python_operator to None, run_after=None
[2026-06-18T17:34:54.813+0000] {processor.py:183} INFO - Processing /home/airflow/.local/lib/python3.8/site-packages/airflow/example_dags/example_python_operator.py took 0.116 seconds
[2026-06-18T17:35:25.233+0000] {processor.py:161} INFO - Started process (PID=5961) to work on /home/airflow/.local/lib/python3.8/site-packages/airflow/example_dags/example_python_operator.py
[2026-06-18T17:35:25.234+0000] {processor.py:830} INFO - Processing file /home/airflow/.local/lib/python3.8/site-packages/airflow/example_dags/example_python_operator.py for tasks to queue
[2026-06-18T17:35:25.236+0000] {logging_mixin.py:188} INFO - [2026-06-18T17:35:25.236+0000] {dagbag.py:538} INFO - Filling up the DagBag from /home/airflow/.local/lib/python3.8/site-packages/airflow/example_dags/example_python_operator.py
[2026-06-18T17:35:25.253+0000] {processor.py:840} INFO - DAG(s) 'example_python_operator' retrieved from /home/airflow/.local/lib/python3.8/site-packages/airflow/example_dags/example_python_operator.py
[2026-06-18T17:35:25.295+0000] {logging_mixin.py:188} INFO - [2026-06-18T17:35:25.295+0000] {dag.py:3036} INFO - Sync 1 DAGs
[2026-06-18T17:35:25.318+0000] {logging_mixin.py:188} INFO - [2026-06-18T17:35:25.318+0000] {dag.py:3823} INFO - Setting next_dagrun for example_python_operator to None, run_after=None
[2026-06-18T17:35:25.352+0000] {processor.py:183} INFO - Processing /home/airflow/.local/lib/python3.8/site-packages/airflow/example_dags/example_python_operator.py took 0.124 seconds
[2026-06-18T17:35:55.582+0000] {processor.py:161} INFO - Started process (PID=6026) to work on /home/airflow/.local/lib/python3.8/site-packages/airflow/example_dags/example_python_operator.py
[2026-06-18T17:35:55.584+0000] {processor.py:830} INFO - Processing file /home/airflow/.local/lib/python3.8/site-packages/airflow/example_dags/example_python_operator.py for tasks to queue
[2026-06-18T17:35:55.587+0000] {logging_mixin.py:188} INFO - [2026-06-18T17:35:55.586+0000] {dagbag.py:538} INFO - Filling up the DagBag from /home/airflow/.local/lib/python3.8/site-packages/airflow/example_dags/example_python_operator.py
[2026-06-18T17:35:55.605+0000] {processor.py:840} INFO - DAG(s) 'example_python_operator' retrieved from /home/airflow/.local/lib/python3.8/site-packages/airflow/example_dags/example_python_operator.py
[2026-06-18T17:35:55.651+0000] {logging_mixin.py:188} INFO - [2026-06-18T17:35:55.651+0000] {dag.py:3036} INFO - Sync 1 DAGs
[2026-06-18T17:35:55.680+0000] {logging_mixin.py:188} INFO - [2026-06-18T17:35:55.680+0000] {dag.py:3823} INFO - Setting next_dagrun for example_python_operator to None, run_after=None
[2026-06-18T17:35:55.722+0000] {processor.py:183} INFO - Processing /home/airflow/.local/lib/python3.8/site-packages/airflow/example_dags/example_python_operator.py took 0.145 seconds
[2026-06-18T17:36:25.856+0000] {processor.py:161} INFO - Started process (PID=6092) to work on /home/airflow/.local/lib/python3.8/site-packages/airflow/example_dags/example_python_operator.py
[2026-06-18T17:36:25.857+0000] {processor.py:830} INFO - Processing file /home/airflow/.local/lib/python3.8/site-packages/airflow/example_dags/example_python_operator.py for tasks to queue
[2026-06-18T17:36:25.860+0000] {logging_mixin.py:188} INFO - [2026-06-18T17:36:25.859+0000] {dagbag.py:538} INFO - Filling up the DagBag from /home/airflow/.local/lib/python3.8/site-packages/airflow/example_dags/example_python_operator.py
[2026-06-18T17:36:25.878+0000] {processor.py:840} INFO - DAG(s) 'example_python_operator' retrieved from /home/airflow/.local/lib/python3.8/site-packages/airflow/example_dags/example_python_operator.py
[2026-06-18T17:36:25.920+0000] {logging_mixin.py:188} INFO - [2026-06-18T17:36:25.920+0000] {dag.py:3036} INFO - Sync 1 DAGs
[2026-06-18T17:36:25.942+0000] {logging_mixin.py:188} INFO - [2026-06-18T17:36:25.941+0000] {dag.py:3823} INFO - Setting next_dagrun for example_python_operator to None, run_after=None
[2026-06-18T17:36:25.971+0000] {processor.py:183} INFO - Processing /home/airflow/.local/lib/python3.8/site-packages/airflow/example_dags/example_python_operator.py took 0.120 seconds
[2026-06-18T17:36:56.197+0000] {processor.py:161} INFO - Started process (PID=6158) to work on /home/airflow/.local/lib/python3.8/site-packages/airflow/example_dags/example_python_operator.py
[2026-06-18T17:36:56.199+0000] {processor.py:830} INFO - Processing file /home/airflow/.local/lib/python3.8/site-packages/airflow/example_dags/example_python_operator.py for tasks to queue
[2026-06-18T17:36:56.202+0000] {logging_mixin.py:188} INFO - [2026-06-18T17:36:56.201+0000] {dagbag.py:538} INFO - Filling up the DagBag from /home/airflow/.local/lib/python3.8/site-packages/airflow/example_dags/example_python_operator.py
[2026-06-18T17:36:56.219+0000] {processor.py:840} INFO - DAG(s) 'example_python_operator' retrieved from /home/airflow/.local/lib/python3.8/site-packages/airflow/example_dags/example_python_operator.py
[2026-06-18T17:36:56.256+0000] {logging_mixin.py:188} INFO - [2026-06-18T17:36:56.255+0000] {dag.py:3036} INFO - Sync 1 DAGs
[2026-06-18T17:36:56.285+0000] {logging_mixin.py:188} INFO - [2026-06-18T17:36:56.285+0000] {dag.py:3823} INFO - Setting next_dagrun for example_python_operator to None, run_after=None
[2026-06-18T17:36:56.315+0000] {processor.py:183} INFO - Processing /home/airflow/.local/lib/python3.8/site-packages/airflow/example_dags/example_python_operator.py took 0.124 seconds
[2026-06-18T17:37:26.526+0000] {processor.py:161} INFO - Started process (PID=6223) to work on /home/airflow/.local/lib/python3.8/site-packages/airflow/example_dags/example_python_operator.py
[2026-06-18T17:37:26.528+0000] {processor.py:830} INFO - Processing file /home/airflow/.local/lib/python3.8/site-packages/airflow/example_dags/example_python_operator.py for tasks to queue
[2026-06-18T17:37:26.530+0000] {logging_mixin.py:188} INFO - [2026-06-18T17:37:26.530+0000] {dagbag.py:538} INFO - Filling up the DagBag from /home/airflow/.local/lib/python3.8/site-packages/airflow/example_dags/example_python_operator.py
[2026-06-18T17:37:26.546+0000] {processor.py:840} INFO - DAG(s) 'example_python_operator' retrieved from /home/airflow/.local/lib/python3.8/site-packages/airflow/example_dags/example_python_operator.py
[2026-06-18T17:37:26.591+0000] {logging_mixin.py:188} INFO - [2026-06-18T17:37:26.591+0000] {dag.py:3036} INFO - Sync 1 DAGs
[2026-06-18T17:37:26.614+0000] {logging_mixin.py:188} INFO - [2026-06-18T17:37:26.614+0000] {dag.py:3823} INFO - Setting next_dagrun for example_python_operator to None, run_after=None
[2026-06-18T17:37:26.647+0000] {processor.py:183} INFO - Processing /home/airflow/.local/lib/python3.8/site-packages/airflow/example_dags/example_python_operator.py took 0.126 seconds
[2026-06-18T17:37:57.038+0000] {processor.py:161} INFO - Started process (PID=6288) to work on /home/airflow/.local/lib/python3.8/site-packages/airflow/example_dags/example_python_operator.py
[2026-06-18T17:37:57.039+0000] {processor.py:830} INFO - Processing file /home/airflow/.local/lib/python3.8/site-packages/airflow/example_dags/example_python_operator.py for tasks to queue
[2026-06-18T17:37:57.042+0000] {logging_mixin.py:188} INFO - [2026-06-18T17:37:57.042+0000] {dagbag.py:538} INFO - Filling up the DagBag from /home/airflow/.local/lib/python3.8/site-packages/airflow/example_dags/example_python_operator.py
[2026-06-18T17:37:57.062+0000] {processor.py:840} INFO - DAG(s) 'example_python_operator' retrieved from /home/airflow/.local/lib/python3.8/site-packages/airflow/example_dags/example_python_operator.py
[2026-06-18T17:37:57.111+0000] {logging_mixin.py:188} INFO - [2026-06-18T17:37:57.110+0000] {dag.py:3036} INFO - Sync 1 DAGs
[2026-06-18T17:37:57.133+0000] {logging_mixin.py:188} INFO - [2026-06-18T17:37:57.132+0000] {dag.py:3823} INFO - Setting next_dagrun for example_python_operator to None, run_after=None
[2026-06-18T17:37:57.161+0000] {processor.py:183} INFO - Processing /home/airflow/.local/lib/python3.8/site-packages/airflow/example_dags/example_python_operator.py took 0.129 seconds
[2026-06-18T17:38:28.130+0000] {processor.py:161} INFO - Started process (PID=6354) to work on /home/airflow/.local/lib/python3.8/site-packages/airflow/example_dags/example_python_operator.py
[2026-06-18T17:38:28.132+0000] {processor.py:830} INFO - Processing file /home/airflow/.local/lib/python3.8/site-packages/airflow/example_dags/example_python_operator.py for tasks to queue
[2026-06-18T17:38:28.134+0000] {logging_mixin.py:188} INFO - [2026-06-18T17:38:28.134+0000] {dagbag.py:538} INFO - Filling up the DagBag from /home/airflow/.local/lib/python3.8/site-packages/airflow/example_dags/example_python_operator.py
[2026-06-18T17:38:28.150+0000] {processor.py:840} INFO - DAG(s) 'example_python_operator' retrieved from /home/airflow/.local/lib/python3.8/site-packages/airflow/example_dags/example_python_operator.py
[2026-06-18T17:38:28.196+0000] {logging_mixin.py:188} INFO - [2026-06-18T17:38:28.196+0000] {dag.py:3036} INFO - Sync 1 DAGs
[2026-06-18T17:38:28.218+0000] {logging_mixin.py:188} INFO - [2026-06-18T17:38:28.217+0000] {dag.py:3823} INFO - Setting next_dagrun for example_python_operator to None, run_after=None
[2026-06-18T17:38:28.252+0000] {processor.py:183} INFO - Processing /home/airflow/.local/lib/python3.8/site-packages/airflow/example_dags/example_python_operator.py took 0.128 seconds
[2026-06-18T17:38:58.450+0000] {processor.py:161} INFO - Started process (PID=6420) to work on /home/airflow/.local/lib/python3.8/site-packages/airflow/example_dags/example_python_operator.py
[2026-06-18T17:38:58.452+0000] {processor.py:830} INFO - Processing file /home/airflow/.local/lib/python3.8/site-packages/airflow/example_dags/example_python_operator.py for tasks to queue
[2026-06-18T17:38:58.454+0000] {logging_mixin.py:188} INFO - [2026-06-18T17:38:58.454+0000] {dagbag.py:538} INFO - Filling up the DagBag from /home/airflow/.local/lib/python3.8/site-packages/airflow/example_dags/example_python_operator.py
[2026-06-18T17:38:58.473+0000] {processor.py:840} INFO - DAG(s) 'example_python_operator' retrieved from /home/airflow/.local/lib/python3.8/site-packages/airflow/example_dags/example_python_operator.py
[2026-06-18T17:38:58.517+0000] {logging_mixin.py:188} INFO - [2026-06-18T17:38:58.517+0000] {dag.py:3036} INFO - Sync 1 DAGs
[2026-06-18T17:38:58.538+0000] {logging_mixin.py:188} INFO - [2026-06-18T17:38:58.538+0000] {dag.py:3823} INFO - Setting next_dagrun for example_python_operator to None, run_after=None
[2026-06-18T17:38:58.571+0000] {processor.py:183} INFO - Processing /home/airflow/.local/lib/python3.8/site-packages/airflow/example_dags/example_python_operator.py took 0.127 seconds
[2026-06-18T17:39:28.962+0000] {processor.py:161} INFO - Started process (PID=6494) to work on /home/airflow/.local/lib/python3.8/site-packages/airflow/example_dags/example_python_operator.py
[2026-06-18T17:39:28.964+0000] {processor.py:830} INFO - Processing file /home/airflow/.local/lib/python3.8/site-packages/airflow/example_dags/example_python_operator.py for tasks to queue
[2026-06-18T17:39:28.967+0000] {logging_mixin.py:188} INFO - [2026-06-18T17:39:28.966+0000] {dagbag.py:538} INFO - Filling up the DagBag from /home/airflow/.local/lib/python3.8/site-packages/airflow/example_dags/example_python_operator.py
[2026-06-18T17:39:28.985+0000] {processor.py:840} INFO - DAG(s) 'example_python_operator' retrieved from /home/airflow/.local/lib/python3.8/site-packages/airflow/example_dags/example_python_operator.py
[2026-06-18T17:39:29.033+0000] {logging_mixin.py:188} INFO - [2026-06-18T17:39:29.032+0000] {dag.py:3036} INFO - Sync 1 DAGs
[2026-06-18T17:39:29.058+0000] {logging_mixin.py:188} INFO - [2026-06-18T17:39:29.057+0000] {dag.py:3823} INFO - Setting next_dagrun for example_python_operator to None, run_after=None
[2026-06-18T17:39:29.093+0000] {processor.py:183} INFO - Processing /home/airflow/.local/lib/python3.8/site-packages/airflow/example_dags/example_python_operator.py took 0.137 seconds
[2026-06-18T17:39:59.757+0000] {processor.py:161} INFO - Started process (PID=6560) to work on /home/airflow/.local/lib/python3.8/site-packages/airflow/example_dags/example_python_operator.py
[2026-06-18T17:39:59.759+0000] {processor.py:830} INFO - Processing file /home/airflow/.local/lib/python3.8/site-packages/airflow/example_dags/example_python_operator.py for tasks to queue
[2026-06-18T17:39:59.762+0000] {logging_mixin.py:188} INFO - [2026-06-18T17:39:59.762+0000] {dagbag.py:538} INFO - Filling up the DagBag from /home/airflow/.local/lib/python3.8/site-packages/airflow/example_dags/example_python_operator.py
[2026-06-18T17:39:59.783+0000] {processor.py:840} INFO - DAG(s) 'example_python_operator' retrieved from /home/airflow/.local/lib/python3.8/site-packages/airflow/example_dags/example_python_operator.py
[2026-06-18T17:39:59.838+0000] {logging_mixin.py:188} INFO - [2026-06-18T17:39:59.838+0000] {dag.py:3036} INFO - Sync 1 DAGs
[2026-06-18T17:39:59.864+0000] {logging_mixin.py:188} INFO - [2026-06-18T17:39:59.864+0000] {dag.py:3823} INFO - Setting next_dagrun for example_python_operator to None, run_after=None
[2026-06-18T17:39:59.906+0000] {processor.py:183} INFO - Processing /home/airflow/.local/lib/python3.8/site-packages/airflow/example_dags/example_python_operator.py took 0.155 seconds
[2026-06-18T17:40:30.813+0000] {processor.py:161} INFO - Started process (PID=6626) to work on /home/airflow/.local/lib/python3.8/site-packages/airflow/example_dags/example_python_operator.py
[2026-06-18T17:40:30.816+0000] {processor.py:830} INFO - Processing file /home/airflow/.local/lib/python3.8/site-packages/airflow/example_dags/example_python_operator.py for tasks to queue
[2026-06-18T17:40:30.819+0000] {logging_mixin.py:188} INFO - [2026-06-18T17:40:30.818+0000] {dagbag.py:538} INFO - Filling up the DagBag from /home/airflow/.local/lib/python3.8/site-packages/airflow/example_dags/example_python_operator.py
[2026-06-18T17:40:30.839+0000] {processor.py:840} INFO - DAG(s) 'example_python_operator' retrieved from /home/airflow/.local/lib/python3.8/site-packages/airflow/example_dags/example_python_operator.py
[2026-06-18T17:40:30.881+0000] {logging_mixin.py:188} INFO - [2026-06-18T17:40:30.880+0000] {dag.py:3036} INFO - Sync 1 DAGs
[2026-06-18T17:40:30.902+0000] {logging_mixin.py:188} INFO - [2026-06-18T17:40:30.902+0000] {dag.py:3823} INFO - Setting next_dagrun for example_python_operator to None, run_after=None
[2026-06-18T17:40:30.950+0000] {processor.py:183} INFO - Processing /home/airflow/.local/lib/python3.8/site-packages/airflow/example_dags/example_python_operator.py took 0.143 seconds
[2026-06-18T17:41:01.394+0000] {processor.py:161} INFO - Started process (PID=6692) to work on /home/airflow/.local/lib/python3.8/site-packages/airflow/example_dags/example_python_operator.py
[2026-06-18T17:41:01.399+0000] {processor.py:830} INFO - Processing file /home/airflow/.local/lib/python3.8/site-packages/airflow/example_dags/example_python_operator.py for tasks to queue
[2026-06-18T17:41:01.402+0000] {logging_mixin.py:188} INFO - [2026-06-18T17:41:01.402+0000] {dagbag.py:538} INFO - Filling up the DagBag from /home/airflow/.local/lib/python3.8/site-packages/airflow/example_dags/example_python_operator.py
[2026-06-18T17:41:01.423+0000] {processor.py:840} INFO - DAG(s) 'example_python_operator' retrieved from /home/airflow/.local/lib/python3.8/site-packages/airflow/example_dags/example_python_operator.py
[2026-06-18T17:41:01.482+0000] {logging_mixin.py:188} INFO - [2026-06-18T17:41:01.481+0000] {dag.py:3036} INFO - Sync 1 DAGs
[2026-06-18T17:41:01.507+0000] {logging_mixin.py:188} INFO - [2026-06-18T17:41:01.507+0000] {dag.py:3823} INFO - Setting next_dagrun for example_python_operator to None, run_after=None
[2026-06-18T17:41:01.542+0000] {processor.py:183} INFO - Processing /home/airflow/.local/lib/python3.8/site-packages/airflow/example_dags/example_python_operator.py took 0.162 seconds
[2026-06-18T17:41:31.781+0000] {processor.py:161} INFO - Started process (PID=6756) to work on /home/airflow/.local/lib/python3.8/site-packages/airflow/example_dags/example_python_operator.py
[2026-06-18T17:41:31.783+0000] {processor.py:830} INFO - Processing file /home/airflow/.local/lib/python3.8/site-packages/airflow/example_dags/example_python_operator.py for tasks to queue
[2026-06-18T17:41:31.786+0000] {logging_mixin.py:188} INFO - [2026-06-18T17:41:31.786+0000] {dagbag.py:538} INFO - Filling up the DagBag from /home/airflow/.local/lib/python3.8/site-packages/airflow/example_dags/example_python_operator.py
[2026-06-18T17:41:31.806+0000] {processor.py:840} INFO - DAG(s) 'example_python_operator' retrieved from /home/airflow/.local/lib/python3.8/site-packages/airflow/example_dags/example_python_operator.py
[2026-06-18T17:41:31.853+0000] {logging_mixin.py:188} INFO - [2026-06-18T17:41:31.853+0000] {dag.py:3036} INFO - Sync 1 DAGs
[2026-06-18T17:41:31.876+0000] {logging_mixin.py:188} INFO - [2026-06-18T17:41:31.875+0000] {dag.py:3823} INFO - Setting next_dagrun for example_python_operator to None, run_after=None
[2026-06-18T17:41:31.909+0000] {processor.py:183} INFO - Processing /home/airflow/.local/lib/python3.8/site-packages/airflow/example_dags/example_python_operator.py took 0.134 seconds
[2026-06-18T17:42:02.862+0000] {processor.py:161} INFO - Started process (PID=6822) to work on /home/airflow/.local/lib/python3.8/site-packages/airflow/example_dags/example_python_operator.py
[2026-06-18T17:42:02.864+0000] {processor.py:830} INFO - Processing file /home/airflow/.local/lib/python3.8/site-packages/airflow/example_dags/example_python_operator.py for tasks to queue
[2026-06-18T17:42:02.868+0000] {logging_mixin.py:188} INFO - [2026-06-18T17:42:02.867+0000] {dagbag.py:538} INFO - Filling up the DagBag from /home/airflow/.local/lib/python3.8/site-packages/airflow/example_dags/example_python_operator.py
[2026-06-18T17:42:02.889+0000] {processor.py:840} INFO - DAG(s) 'example_python_operator' retrieved from /home/airflow/.local/lib/python3.8/site-packages/airflow/example_dags/example_python_operator.py
[2026-06-18T17:42:02.933+0000] {logging_mixin.py:188} INFO - [2026-06-18T17:42:02.933+0000] {dag.py:3036} INFO - Sync 1 DAGs
[2026-06-18T17:42:02.956+0000] {logging_mixin.py:188} INFO - [2026-06-18T17:42:02.956+0000] {dag.py:3823} INFO - Setting next_dagrun for example_python_operator to None, run_after=None
[2026-06-18T17:42:02.988+0000] {processor.py:183} INFO - Processing /home/airflow/.local/lib/python3.8/site-packages/airflow/example_dags/example_python_operator.py took 0.136 seconds
[2026-06-18T17:42:33.377+0000] {processor.py:161} INFO - Started process (PID=6888) to work on /home/airflow/.local/lib/python3.8/site-packages/airflow/example_dags/example_python_operator.py
[2026-06-18T17:42:33.378+0000] {processor.py:830} INFO - Processing file /home/airflow/.local/lib/python3.8/site-packages/airflow/example_dags/example_python_operator.py for tasks to queue
[2026-06-18T17:42:33.381+0000] {logging_mixin.py:188} INFO - [2026-06-18T17:42:33.380+0000] {dagbag.py:538} INFO - Filling up the DagBag from /home/airflow/.local/lib/python3.8/site-packages/airflow/example_dags/example_python_operator.py
[2026-06-18T17:42:33.398+0000] {processor.py:840} INFO - DAG(s) 'example_python_operator' retrieved from /home/airflow/.local/lib/python3.8/site-packages/airflow/example_dags/example_python_operator.py
[2026-06-18T17:42:33.443+0000] {logging_mixin.py:188} INFO - [2026-06-18T17:42:33.442+0000] {dag.py:3036} INFO - Sync 1 DAGs
[2026-06-18T17:42:33.466+0000] {logging_mixin.py:188} INFO - [2026-06-18T17:42:33.465+0000] {dag.py:3823} INFO - Setting next_dagrun for example_python_operator to None, run_after=None
[2026-06-18T17:42:33.501+0000] {processor.py:183} INFO - Processing /home/airflow/.local/lib/python3.8/site-packages/airflow/example_dags/example_python_operator.py took 0.130 seconds
[2026-06-18T17:43:03.854+0000] {processor.py:161} INFO - Started process (PID=6954) to work on /home/airflow/.local/lib/python3.8/site-packages/airflow/example_dags/example_python_operator.py
[2026-06-18T17:43:03.856+0000] {processor.py:830} INFO - Processing file /home/airflow/.local/lib/python3.8/site-packages/airflow/example_dags/example_python_operator.py for tasks to queue
[2026-06-18T17:43:03.859+0000] {logging_mixin.py:188} INFO - [2026-06-18T17:43:03.859+0000] {dagbag.py:538} INFO - Filling up the DagBag from /home/airflow/.local/lib/python3.8/site-packages/airflow/example_dags/example_python_operator.py
[2026-06-18T17:43:03.878+0000] {processor.py:840} INFO - DAG(s) 'example_python_operator' retrieved from /home/airflow/.local/lib/python3.8/site-packages/airflow/example_dags/example_python_operator.py
[2026-06-18T17:43:03.923+0000] {logging_mixin.py:188} INFO - [2026-06-18T17:43:03.922+0000] {dag.py:3036} INFO - Sync 1 DAGs
[2026-06-18T17:43:03.945+0000] {logging_mixin.py:188} INFO - [2026-06-18T17:43:03.945+0000] {dag.py:3823} INFO - Setting next_dagrun for example_python_operator to None, run_after=None
[2026-06-18T17:43:03.984+0000] {processor.py:183} INFO - Processing /home/airflow/.local/lib/python3.8/site-packages/airflow/example_dags/example_python_operator.py took 0.136 seconds
[2026-06-18T17:43:34.253+0000] {processor.py:161} INFO - Started process (PID=7020) to work on /home/airflow/.local/lib/python3.8/site-packages/airflow/example_dags/example_python_operator.py
[2026-06-18T17:43:34.255+0000] {processor.py:830} INFO - Processing file /home/airflow/.local/lib/python3.8/site-packages/airflow/example_dags/example_python_operator.py for tasks to queue
[2026-06-18T17:43:34.257+0000] {logging_mixin.py:188} INFO - [2026-06-18T17:43:34.257+0000] {dagbag.py:538} INFO - Filling up the DagBag from /home/airflow/.local/lib/python3.8/site-packages/airflow/example_dags/example_python_operator.py
[2026-06-18T17:43:34.276+0000] {processor.py:840} INFO - DAG(s) 'example_python_operator' retrieved from /home/airflow/.local/lib/python3.8/site-packages/airflow/example_dags/example_python_operator.py
[2026-06-18T17:43:34.320+0000] {logging_mixin.py:188} INFO - [2026-06-18T17:43:34.319+0000] {dag.py:3036} INFO - Sync 1 DAGs
[2026-06-18T17:43:34.340+0000] {logging_mixin.py:188} INFO - [2026-06-18T17:43:34.340+0000] {dag.py:3823} INFO - Setting next_dagrun for example_python_operator to None, run_after=None
[2026-06-18T17:43:34.372+0000] {processor.py:183} INFO - Processing /home/airflow/.local/lib/python3.8/site-packages/airflow/example_dags/example_python_operator.py took 0.125 seconds
[2026-06-18T17:44:04.444+0000] {processor.py:161} INFO - Started process (PID=7086) to work on /home/airflow/.local/lib/python3.8/site-packages/airflow/example_dags/example_python_operator.py
[2026-06-18T17:44:04.446+0000] {processor.py:830} INFO - Processing file /home/airflow/.local/lib/python3.8/site-packages/airflow/example_dags/example_python_operator.py for tasks to queue
[2026-06-18T17:44:04.448+0000] {logging_mixin.py:188} INFO - [2026-06-18T17:44:04.448+0000] {dagbag.py:538} INFO - Filling up the DagBag from /home/airflow/.local/lib/python3.8/site-packages/airflow/example_dags/example_python_operator.py
[2026-06-18T17:44:04.467+0000] {processor.py:840} INFO - DAG(s) 'example_python_operator' retrieved from /home/airflow/.local/lib/python3.8/site-packages/airflow/example_dags/example_python_operator.py
[2026-06-18T17:44:04.514+0000] {logging_mixin.py:188} INFO - [2026-06-18T17:44:04.513+0000] {dag.py:3036} INFO - Sync 1 DAGs
[2026-06-18T17:44:04.538+0000] {logging_mixin.py:188} INFO - [2026-06-18T17:44:04.537+0000] {dag.py:3823} INFO - Setting next_dagrun for example_python_operator to None, run_after=None
[2026-06-18T17:44:04.571+0000] {processor.py:183} INFO - Processing /home/airflow/.local/lib/python3.8/site-packages/airflow/example_dags/example_python_operator.py took 0.132 seconds
[2026-06-18T17:44:35.198+0000] {processor.py:161} INFO - Started process (PID=7152) to work on /home/airflow/.local/lib/python3.8/site-packages/airflow/example_dags/example_python_operator.py
[2026-06-18T17:44:35.200+0000] {processor.py:830} INFO - Processing file /home/airflow/.local/lib/python3.8/site-packages/airflow/example_dags/example_python_operator.py for tasks to queue
[2026-06-18T17:44:35.202+0000] {logging_mixin.py:188} INFO - [2026-06-18T17:44:35.202+0000] {dagbag.py:538} INFO - Filling up the DagBag from /home/airflow/.local/lib/python3.8/site-packages/airflow/example_dags/example_python_operator.py
[2026-06-18T17:44:35.220+0000] {processor.py:840} INFO - DAG(s) 'example_python_operator' retrieved from /home/airflow/.local/lib/python3.8/site-packages/airflow/example_dags/example_python_operator.py
[2026-06-18T17:44:35.266+0000] {logging_mixin.py:188} INFO - [2026-06-18T17:44:35.266+0000] {dag.py:3036} INFO - Sync 1 DAGs
[2026-06-18T17:44:35.291+0000] {logging_mixin.py:188} INFO - [2026-06-18T17:44:35.291+0000] {dag.py:3823} INFO - Setting next_dagrun for example_python_operator to None, run_after=None
[2026-06-18T17:44:35.327+0000] {processor.py:183} INFO - Processing /home/airflow/.local/lib/python3.8/site-packages/airflow/example_dags/example_python_operator.py took 0.134 seconds
[2026-06-18T17:45:05.953+0000] {processor.py:161} INFO - Started process (PID=7218) to work on /home/airflow/.local/lib/python3.8/site-packages/airflow/example_dags/example_python_operator.py
[2026-06-18T17:45:05.955+0000] {processor.py:830} INFO - Processing file /home/airflow/.local/lib/python3.8/site-packages/airflow/example_dags/example_python_operator.py for tasks to queue
[2026-06-18T17:45:05.957+0000] {logging_mixin.py:188} INFO - [2026-06-18T17:45:05.957+0000] {dagbag.py:538} INFO - Filling up the DagBag from /home/airflow/.local/lib/python3.8/site-packages/airflow/example_dags/example_python_operator.py
[2026-06-18T17:45:05.975+0000] {processor.py:840} INFO - DAG(s) 'example_python_operator' retrieved from /home/airflow/.local/lib/python3.8/site-packages/airflow/example_dags/example_python_operator.py
[2026-06-18T17:45:06.018+0000] {logging_mixin.py:188} INFO - [2026-06-18T17:45:06.018+0000] {dag.py:3036} INFO - Sync 1 DAGs
[2026-06-18T17:45:06.039+0000] {logging_mixin.py:188} INFO - [2026-06-18T17:45:06.038+0000] {dag.py:3823} INFO - Setting next_dagrun for example_python_operator to None, run_after=None
[2026-06-18T17:45:06.072+0000] {processor.py:183} INFO - Processing /home/airflow/.local/lib/python3.8/site-packages/airflow/example_dags/example_python_operator.py took 0.125 seconds
[2026-06-18T17:45:36.925+0000] {processor.py:161} INFO - Started process (PID=7284) to work on /home/airflow/.local/lib/python3.8/site-packages/airflow/example_dags/example_python_operator.py
[2026-06-18T17:45:36.927+0000] {processor.py:830} INFO - Processing file /home/airflow/.local/lib/python3.8/site-packages/airflow/example_dags/example_python_operator.py for tasks to queue
[2026-06-18T17:45:36.929+0000] {logging_mixin.py:188} INFO - [2026-06-18T17:45:36.929+0000] {dagbag.py:538} INFO - Filling up the DagBag from /home/airflow/.local/lib/python3.8/site-packages/airflow/example_dags/example_python_operator.py
[2026-06-18T17:45:36.951+0000] {processor.py:840} INFO - DAG(s) 'example_python_operator' retrieved from /home/airflow/.local/lib/python3.8/site-packages/airflow/example_dags/example_python_operator.py
[2026-06-18T17:45:36.994+0000] {logging_mixin.py:188} INFO - [2026-06-18T17:45:36.993+0000] {dag.py:3036} INFO - Sync 1 DAGs
[2026-06-18T17:45:37.017+0000] {logging_mixin.py:188} INFO - [2026-06-18T17:45:37.016+0000] {dag.py:3823} INFO - Setting next_dagrun for example_python_operator to None, run_after=None
[2026-06-18T17:45:37.050+0000] {processor.py:183} INFO - Processing /home/airflow/.local/lib/python3.8/site-packages/airflow/example_dags/example_python_operator.py took 0.130 seconds
[2026-06-18T17:46:07.400+0000] {processor.py:161} INFO - Started process (PID=7350) to work on /home/airflow/.local/lib/python3.8/site-packages/airflow/example_dags/example_python_operator.py
[2026-06-18T17:46:07.402+0000] {processor.py:830} INFO - Processing file /home/airflow/.local/lib/python3.8/site-packages/airflow/example_dags/example_python_operator.py for tasks to queue
[2026-06-18T17:46:07.405+0000] {logging_mixin.py:188} INFO - [2026-06-18T17:46:07.404+0000] {dagbag.py:538} INFO - Filling up the DagBag from /home/airflow/.local/lib/python3.8/site-packages/airflow/example_dags/example_python_operator.py
[2026-06-18T17:46:07.425+0000] {processor.py:840} INFO - DAG(s) 'example_python_operator' retrieved from /home/airflow/.local/lib/python3.8/site-packages/airflow/example_dags/example_python_operator.py
[2026-06-18T17:46:07.469+0000] {logging_mixin.py:188} INFO - [2026-06-18T17:46:07.469+0000] {dag.py:3036} INFO - Sync 1 DAGs
[2026-06-18T17:46:07.502+0000] {logging_mixin.py:188} INFO - [2026-06-18T17:46:07.501+0000] {dag.py:3823} INFO - Setting next_dagrun for example_python_operator to None, run_after=None
[2026-06-18T17:46:07.540+0000] {processor.py:183} INFO - Processing /home/airflow/.local/lib/python3.8/site-packages/airflow/example_dags/example_python_operator.py took 0.146 seconds
[2026-06-18T17:46:38.183+0000] {processor.py:161} INFO - Started process (PID=7424) to work on /home/airflow/.local/lib/python3.8/site-packages/airflow/example_dags/example_python_operator.py
[2026-06-18T17:46:38.184+0000] {processor.py:830} INFO - Processing file /home/airflow/.local/lib/python3.8/site-packages/airflow/example_dags/example_python_operator.py for tasks to queue
[2026-06-18T17:46:38.187+0000] {logging_mixin.py:188} INFO - [2026-06-18T17:46:38.186+0000] {dagbag.py:538} INFO - Filling up the DagBag from /home/airflow/.local/lib/python3.8/site-packages/airflow/example_dags/example_python_operator.py
[2026-06-18T17:46:38.210+0000] {processor.py:840} INFO - DAG(s) 'example_python_operator' retrieved from /home/airflow/.local/lib/python3.8/site-packages/airflow/example_dags/example_python_operator.py
[2026-06-18T17:46:38.258+0000] {logging_mixin.py:188} INFO - [2026-06-18T17:46:38.257+0000] {dag.py:3036} INFO - Sync 1 DAGs
[2026-06-18T17:46:38.284+0000] {logging_mixin.py:188} INFO - [2026-06-18T17:46:38.284+0000] {dag.py:3823} INFO - Setting next_dagrun for example_python_operator to None, run_after=None
[2026-06-18T17:46:38.340+0000] {processor.py:183} INFO - Processing /home/airflow/.local/lib/python3.8/site-packages/airflow/example_dags/example_python_operator.py took 0.167 seconds
[2026-06-18T17:47:08.969+0000] {processor.py:161} INFO - Started process (PID=7491) to work on /home/airflow/.local/lib/python3.8/site-packages/airflow/example_dags/example_python_operator.py
[2026-06-18T17:47:08.971+0000] {processor.py:830} INFO - Processing file /home/airflow/.local/lib/python3.8/site-packages/airflow/example_dags/example_python_operator.py for tasks to queue
[2026-06-18T17:47:08.974+0000] {logging_mixin.py:188} INFO - [2026-06-18T17:47:08.974+0000] {dagbag.py:538} INFO - Filling up the DagBag from /home/airflow/.local/lib/python3.8/site-packages/airflow/example_dags/example_python_operator.py
[2026-06-18T17:47:08.997+0000] {processor.py:840} INFO - DAG(s) 'example_python_operator' retrieved from /home/airflow/.local/lib/python3.8/site-packages/airflow/example_dags/example_python_operator.py
[2026-06-18T17:47:09.049+0000] {logging_mixin.py:188} INFO - [2026-06-18T17:47:09.049+0000] {dag.py:3036} INFO - Sync 1 DAGs
[2026-06-18T17:47:09.076+0000] {logging_mixin.py:188} INFO - [2026-06-18T17:47:09.076+0000] {dag.py:3823} INFO - Setting next_dagrun for example_python_operator to None, run_after=None
[2026-06-18T17:47:09.115+0000] {processor.py:183} INFO - Processing /home/airflow/.local/lib/python3.8/site-packages/airflow/example_dags/example_python_operator.py took 0.152 seconds
[2026-06-18T17:47:39.682+0000] {processor.py:161} INFO - Started process (PID=7558) to work on /home/airflow/.local/lib/python3.8/site-packages/airflow/example_dags/example_python_operator.py
[2026-06-18T17:47:39.684+0000] {processor.py:830} INFO - Processing file /home/airflow/.local/lib/python3.8/site-packages/airflow/example_dags/example_python_operator.py for tasks to queue
[2026-06-18T17:47:39.687+0000] {logging_mixin.py:188} INFO - [2026-06-18T17:47:39.686+0000] {dagbag.py:538} INFO - Filling up the DagBag from /home/airflow/.local/lib/python3.8/site-packages/airflow/example_dags/example_python_operator.py
[2026-06-18T17:47:39.709+0000] {processor.py:840} INFO - DAG(s) 'example_python_operator' retrieved from /home/airflow/.local/lib/python3.8/site-packages/airflow/example_dags/example_python_operator.py
[2026-06-18T17:47:39.752+0000] {logging_mixin.py:188} INFO - [2026-06-18T17:47:39.752+0000] {dag.py:3036} INFO - Sync 1 DAGs
[2026-06-18T17:47:39.776+0000] {logging_mixin.py:188} INFO - [2026-06-18T17:47:39.776+0000] {dag.py:3823} INFO - Setting next_dagrun for example_python_operator to None, run_after=None
[2026-06-18T17:47:39.825+0000] {processor.py:183} INFO - Processing /home/airflow/.local/lib/python3.8/site-packages/airflow/example_dags/example_python_operator.py took 0.149 seconds
[2026-06-18T17:48:10.087+0000] {processor.py:161} INFO - Started process (PID=7623) to work on /home/airflow/.local/lib/python3.8/site-packages/airflow/example_dags/example_python_operator.py
[2026-06-18T17:48:10.090+0000] {processor.py:830} INFO - Processing file /home/airflow/.local/lib/python3.8/site-packages/airflow/example_dags/example_python_operator.py for tasks to queue
[2026-06-18T17:48:10.092+0000] {logging_mixin.py:188} INFO - [2026-06-18T17:48:10.092+0000] {dagbag.py:538} INFO - Filling up the DagBag from /home/airflow/.local/lib/python3.8/site-packages/airflow/example_dags/example_python_operator.py
[2026-06-18T17:48:10.116+0000] {processor.py:840} INFO - DAG(s) 'example_python_operator' retrieved from /home/airflow/.local/lib/python3.8/site-packages/airflow/example_dags/example_python_operator.py
[2026-06-18T17:48:10.165+0000] {logging_mixin.py:188} INFO - [2026-06-18T17:48:10.164+0000] {dag.py:3036} INFO - Sync 1 DAGs
[2026-06-18T17:48:10.190+0000] {logging_mixin.py:188} INFO - [2026-06-18T17:48:10.190+0000] {dag.py:3823} INFO - Setting next_dagrun for example_python_operator to None, run_after=None
[2026-06-18T17:48:10.226+0000] {processor.py:183} INFO - Processing /home/airflow/.local/lib/python3.8/site-packages/airflow/example_dags/example_python_operator.py took 0.144 seconds
[2026-06-18T17:48:40.575+0000] {processor.py:161} INFO - Started process (PID=7689) to work on /home/airflow/.local/lib/python3.8/site-packages/airflow/example_dags/example_python_operator.py
[2026-06-18T17:48:40.579+0000] {processor.py:830} INFO - Processing file /home/airflow/.local/lib/python3.8/site-packages/airflow/example_dags/example_python_operator.py for tasks to queue
[2026-06-18T17:48:40.583+0000] {logging_mixin.py:188} INFO - [2026-06-18T17:48:40.582+0000] {dagbag.py:538} INFO - Filling up the DagBag from /home/airflow/.local/lib/python3.8/site-packages/airflow/example_dags/example_python_operator.py
[2026-06-18T17:48:40.617+0000] {processor.py:840} INFO - DAG(s) 'example_python_operator' retrieved from /home/airflow/.local/lib/python3.8/site-packages/airflow/example_dags/example_python_operator.py
[2026-06-18T17:48:40.695+0000] {logging_mixin.py:188} INFO - [2026-06-18T17:48:40.694+0000] {dag.py:3036} INFO - Sync 1 DAGs
[2026-06-18T17:48:40.748+0000] {logging_mixin.py:188} INFO - [2026-06-18T17:48:40.747+0000] {dag.py:3823} INFO - Setting next_dagrun for example_python_operator to None, run_after=None
[2026-06-18T17:48:40.814+0000] {processor.py:183} INFO - Processing /home/airflow/.local/lib/python3.8/site-packages/airflow/example_dags/example_python_operator.py took 0.253 seconds
[2026-06-18T17:49:11.082+0000] {processor.py:161} INFO - Started process (PID=7756) to work on /home/airflow/.local/lib/python3.8/site-packages/airflow/example_dags/example_python_operator.py
[2026-06-18T17:49:11.084+0000] {processor.py:830} INFO - Processing file /home/airflow/.local/lib/python3.8/site-packages/airflow/example_dags/example_python_operator.py for tasks to queue
[2026-06-18T17:49:11.087+0000] {logging_mixin.py:188} INFO - [2026-06-18T17:49:11.086+0000] {dagbag.py:538} INFO - Filling up the DagBag from /home/airflow/.local/lib/python3.8/site-packages/airflow/example_dags/example_python_operator.py
[2026-06-18T17:49:11.106+0000] {processor.py:840} INFO - DAG(s) 'example_python_operator' retrieved from /home/airflow/.local/lib/python3.8/site-packages/airflow/example_dags/example_python_operator.py
[2026-06-18T17:49:11.153+0000] {logging_mixin.py:188} INFO - [2026-06-18T17:49:11.153+0000] {dag.py:3036} INFO - Sync 1 DAGs
[2026-06-18T17:49:11.177+0000] {logging_mixin.py:188} INFO - [2026-06-18T17:49:11.176+0000] {dag.py:3823} INFO - Setting next_dagrun for example_python_operator to None, run_after=None
[2026-06-18T17:49:11.212+0000] {processor.py:183} INFO - Processing /home/airflow/.local/lib/python3.8/site-packages/airflow/example_dags/example_python_operator.py took 0.135 seconds
