[2026-06-18T16:50:18.833+0000] {processor.py:161} INFO - Started process (PID=85) to work on /home/airflow/.local/lib/python3.8/site-packages/airflow/example_dags/example_skip_dag.py
[2026-06-18T16:50:18.834+0000] {processor.py:830} INFO - Processing file /home/airflow/.local/lib/python3.8/site-packages/airflow/example_dags/example_skip_dag.py for tasks to queue
[2026-06-18T16:50:18.837+0000] {logging_mixin.py:188} INFO - [2026-06-18T16:50:18.837+0000] {dagbag.py:538} INFO - Filling up the DagBag from /home/airflow/.local/lib/python3.8/site-packages/airflow/example_dags/example_skip_dag.py
[2026-06-18T16:50:18.849+0000] {processor.py:840} INFO - DAG(s) 'example_skip_dag' retrieved from /home/airflow/.local/lib/python3.8/site-packages/airflow/example_dags/example_skip_dag.py
[2026-06-18T16:50:18.887+0000] {logging_mixin.py:188} INFO - [2026-06-18T16:50:18.887+0000] {dag.py:3036} INFO - Sync 1 DAGs
[2026-06-18T16:50:18.922+0000] {logging_mixin.py:188} INFO - [2026-06-18T16:50:18.922+0000] {dag.py:3823} INFO - Setting next_dagrun for example_skip_dag to 2026-06-17 00:00:00+00:00, run_after=2026-06-18 00:00:00+00:00
[2026-06-18T16:50:18.952+0000] {processor.py:183} INFO - Processing /home/airflow/.local/lib/python3.8/site-packages/airflow/example_dags/example_skip_dag.py took 0.125 seconds
[2026-06-18T16:50:49.123+0000] {processor.py:161} INFO - Started process (PID=151) to work on /home/airflow/.local/lib/python3.8/site-packages/airflow/example_dags/example_skip_dag.py
[2026-06-18T16:50:49.125+0000] {processor.py:830} INFO - Processing file /home/airflow/.local/lib/python3.8/site-packages/airflow/example_dags/example_skip_dag.py for tasks to queue
[2026-06-18T16:50:49.128+0000] {logging_mixin.py:188} INFO - [2026-06-18T16:50:49.128+0000] {dagbag.py:538} INFO - Filling up the DagBag from /home/airflow/.local/lib/python3.8/site-packages/airflow/example_dags/example_skip_dag.py
[2026-06-18T16:50:49.141+0000] {processor.py:840} INFO - DAG(s) 'example_skip_dag' retrieved from /home/airflow/.local/lib/python3.8/site-packages/airflow/example_dags/example_skip_dag.py
[2026-06-18T16:50:49.181+0000] {logging_mixin.py:188} INFO - [2026-06-18T16:50:49.181+0000] {dag.py:3036} INFO - Sync 1 DAGs
[2026-06-18T16:50:49.222+0000] {logging_mixin.py:188} INFO - [2026-06-18T16:50:49.221+0000] {dag.py:3823} INFO - Setting next_dagrun for example_skip_dag to 2026-06-17 00:00:00+00:00, run_after=2026-06-18 00:00:00+00:00
[2026-06-18T16:50:49.255+0000] {processor.py:183} INFO - Processing /home/airflow/.local/lib/python3.8/site-packages/airflow/example_dags/example_skip_dag.py took 0.137 seconds
[2026-06-18T16:51:19.750+0000] {processor.py:161} INFO - Started process (PID=218) to work on /home/airflow/.local/lib/python3.8/site-packages/airflow/example_dags/example_skip_dag.py
[2026-06-18T16:51:19.752+0000] {processor.py:830} INFO - Processing file /home/airflow/.local/lib/python3.8/site-packages/airflow/example_dags/example_skip_dag.py for tasks to queue
[2026-06-18T16:51:19.755+0000] {logging_mixin.py:188} INFO - [2026-06-18T16:51:19.754+0000] {dagbag.py:538} INFO - Filling up the DagBag from /home/airflow/.local/lib/python3.8/site-packages/airflow/example_dags/example_skip_dag.py
[2026-06-18T16:51:19.765+0000] {processor.py:840} INFO - DAG(s) 'example_skip_dag' retrieved from /home/airflow/.local/lib/python3.8/site-packages/airflow/example_dags/example_skip_dag.py
[2026-06-18T16:51:19.807+0000] {logging_mixin.py:188} INFO - [2026-06-18T16:51:19.807+0000] {dag.py:3036} INFO - Sync 1 DAGs
[2026-06-18T16:51:19.856+0000] {logging_mixin.py:188} INFO - [2026-06-18T16:51:19.856+0000] {dag.py:3823} INFO - Setting next_dagrun for example_skip_dag to 2026-06-17 00:00:00+00:00, run_after=2026-06-18 00:00:00+00:00
[2026-06-18T16:51:19.887+0000] {processor.py:183} INFO - Processing /home/airflow/.local/lib/python3.8/site-packages/airflow/example_dags/example_skip_dag.py took 0.141 seconds
[2026-06-18T16:51:50.053+0000] {processor.py:161} INFO - Started process (PID=284) to work on /home/airflow/.local/lib/python3.8/site-packages/airflow/example_dags/example_skip_dag.py
[2026-06-18T16:51:50.054+0000] {processor.py:830} INFO - Processing file /home/airflow/.local/lib/python3.8/site-packages/airflow/example_dags/example_skip_dag.py for tasks to queue
[2026-06-18T16:51:50.057+0000] {logging_mixin.py:188} INFO - [2026-06-18T16:51:50.056+0000] {dagbag.py:538} INFO - Filling up the DagBag from /home/airflow/.local/lib/python3.8/site-packages/airflow/example_dags/example_skip_dag.py
[2026-06-18T16:51:50.066+0000] {processor.py:840} INFO - DAG(s) 'example_skip_dag' retrieved from /home/airflow/.local/lib/python3.8/site-packages/airflow/example_dags/example_skip_dag.py
[2026-06-18T16:51:50.111+0000] {logging_mixin.py:188} INFO - [2026-06-18T16:51:50.110+0000] {dag.py:3036} INFO - Sync 1 DAGs
[2026-06-18T16:51:50.150+0000] {logging_mixin.py:188} INFO - [2026-06-18T16:51:50.150+0000] {dag.py:3823} INFO - Setting next_dagrun for example_skip_dag to 2026-06-17 00:00:00+00:00, run_after=2026-06-18 00:00:00+00:00
[2026-06-18T16:51:50.181+0000] {processor.py:183} INFO - Processing /home/airflow/.local/lib/python3.8/site-packages/airflow/example_dags/example_skip_dag.py took 0.134 seconds
[2026-06-18T16:52:21.058+0000] {processor.py:161} INFO - Started process (PID=350) to work on /home/airflow/.local/lib/python3.8/site-packages/airflow/example_dags/example_skip_dag.py
[2026-06-18T16:52:21.060+0000] {processor.py:830} INFO - Processing file /home/airflow/.local/lib/python3.8/site-packages/airflow/example_dags/example_skip_dag.py for tasks to queue
[2026-06-18T16:52:21.062+0000] {logging_mixin.py:188} INFO - [2026-06-18T16:52:21.062+0000] {dagbag.py:538} INFO - Filling up the DagBag from /home/airflow/.local/lib/python3.8/site-packages/airflow/example_dags/example_skip_dag.py
[2026-06-18T16:52:21.073+0000] {processor.py:840} INFO - DAG(s) 'example_skip_dag' retrieved from /home/airflow/.local/lib/python3.8/site-packages/airflow/example_dags/example_skip_dag.py
[2026-06-18T16:52:21.114+0000] {logging_mixin.py:188} INFO - [2026-06-18T16:52:21.114+0000] {dag.py:3036} INFO - Sync 1 DAGs
[2026-06-18T16:52:21.152+0000] {logging_mixin.py:188} INFO - [2026-06-18T16:52:21.151+0000] {dag.py:3823} INFO - Setting next_dagrun for example_skip_dag to 2026-06-17 00:00:00+00:00, run_after=2026-06-18 00:00:00+00:00
[2026-06-18T16:52:21.184+0000] {processor.py:183} INFO - Processing /home/airflow/.local/lib/python3.8/site-packages/airflow/example_dags/example_skip_dag.py took 0.131 seconds
[2026-06-18T16:52:51.907+0000] {processor.py:161} INFO - Started process (PID=418) to work on /home/airflow/.local/lib/python3.8/site-packages/airflow/example_dags/example_skip_dag.py
[2026-06-18T16:52:51.909+0000] {processor.py:830} INFO - Processing file /home/airflow/.local/lib/python3.8/site-packages/airflow/example_dags/example_skip_dag.py for tasks to queue
[2026-06-18T16:52:51.912+0000] {logging_mixin.py:188} INFO - [2026-06-18T16:52:51.911+0000] {dagbag.py:538} INFO - Filling up the DagBag from /home/airflow/.local/lib/python3.8/site-packages/airflow/example_dags/example_skip_dag.py
[2026-06-18T16:52:51.925+0000] {processor.py:840} INFO - DAG(s) 'example_skip_dag' retrieved from /home/airflow/.local/lib/python3.8/site-packages/airflow/example_dags/example_skip_dag.py
[2026-06-18T16:52:51.972+0000] {logging_mixin.py:188} INFO - [2026-06-18T16:52:51.972+0000] {dag.py:3036} INFO - Sync 1 DAGs
[2026-06-18T16:52:52.018+0000] {logging_mixin.py:188} INFO - [2026-06-18T16:52:52.017+0000] {dag.py:3823} INFO - Setting next_dagrun for example_skip_dag to 2026-06-17 00:00:00+00:00, run_after=2026-06-18 00:00:00+00:00
[2026-06-18T16:52:52.058+0000] {processor.py:183} INFO - Processing /home/airflow/.local/lib/python3.8/site-packages/airflow/example_dags/example_skip_dag.py took 0.157 seconds
[2026-06-18T16:53:22.451+0000] {processor.py:161} INFO - Started process (PID=484) to work on /home/airflow/.local/lib/python3.8/site-packages/airflow/example_dags/example_skip_dag.py
[2026-06-18T16:53:22.452+0000] {processor.py:830} INFO - Processing file /home/airflow/.local/lib/python3.8/site-packages/airflow/example_dags/example_skip_dag.py for tasks to queue
[2026-06-18T16:53:22.455+0000] {logging_mixin.py:188} INFO - [2026-06-18T16:53:22.454+0000] {dagbag.py:538} INFO - Filling up the DagBag from /home/airflow/.local/lib/python3.8/site-packages/airflow/example_dags/example_skip_dag.py
[2026-06-18T16:53:22.467+0000] {processor.py:840} INFO - DAG(s) 'example_skip_dag' retrieved from /home/airflow/.local/lib/python3.8/site-packages/airflow/example_dags/example_skip_dag.py
[2026-06-18T16:53:22.503+0000] {logging_mixin.py:188} INFO - [2026-06-18T16:53:22.503+0000] {dag.py:3036} INFO - Sync 1 DAGs
[2026-06-18T16:53:22.540+0000] {logging_mixin.py:188} INFO - [2026-06-18T16:53:22.540+0000] {dag.py:3823} INFO - Setting next_dagrun for example_skip_dag to 2026-06-17 00:00:00+00:00, run_after=2026-06-18 00:00:00+00:00
[2026-06-18T16:53:22.569+0000] {processor.py:183} INFO - Processing /home/airflow/.local/lib/python3.8/site-packages/airflow/example_dags/example_skip_dag.py took 0.123 seconds
[2026-06-18T16:53:53.147+0000] {processor.py:161} INFO - Started process (PID=551) to work on /home/airflow/.local/lib/python3.8/site-packages/airflow/example_dags/example_skip_dag.py
[2026-06-18T16:53:53.149+0000] {processor.py:830} INFO - Processing file /home/airflow/.local/lib/python3.8/site-packages/airflow/example_dags/example_skip_dag.py for tasks to queue
[2026-06-18T16:53:53.152+0000] {logging_mixin.py:188} INFO - [2026-06-18T16:53:53.151+0000] {dagbag.py:538} INFO - Filling up the DagBag from /home/airflow/.local/lib/python3.8/site-packages/airflow/example_dags/example_skip_dag.py
[2026-06-18T16:53:53.163+0000] {processor.py:840} INFO - DAG(s) 'example_skip_dag' retrieved from /home/airflow/.local/lib/python3.8/site-packages/airflow/example_dags/example_skip_dag.py
[2026-06-18T16:53:53.202+0000] {logging_mixin.py:188} INFO - [2026-06-18T16:53:53.201+0000] {dag.py:3036} INFO - Sync 1 DAGs
[2026-06-18T16:53:53.237+0000] {logging_mixin.py:188} INFO - [2026-06-18T16:53:53.237+0000] {dag.py:3823} INFO - Setting next_dagrun for example_skip_dag to 2026-06-17 00:00:00+00:00, run_after=2026-06-18 00:00:00+00:00
[2026-06-18T16:53:53.268+0000] {processor.py:183} INFO - Processing /home/airflow/.local/lib/python3.8/site-packages/airflow/example_dags/example_skip_dag.py took 0.126 seconds
[2026-06-18T16:54:23.497+0000] {processor.py:161} INFO - Started process (PID=624) to work on /home/airflow/.local/lib/python3.8/site-packages/airflow/example_dags/example_skip_dag.py
[2026-06-18T16:54:23.499+0000] {processor.py:830} INFO - Processing file /home/airflow/.local/lib/python3.8/site-packages/airflow/example_dags/example_skip_dag.py for tasks to queue
[2026-06-18T16:54:23.502+0000] {logging_mixin.py:188} INFO - [2026-06-18T16:54:23.502+0000] {dagbag.py:538} INFO - Filling up the DagBag from /home/airflow/.local/lib/python3.8/site-packages/airflow/example_dags/example_skip_dag.py
[2026-06-18T16:54:23.514+0000] {processor.py:840} INFO - DAG(s) 'example_skip_dag' retrieved from /home/airflow/.local/lib/python3.8/site-packages/airflow/example_dags/example_skip_dag.py
[2026-06-18T16:54:23.569+0000] {logging_mixin.py:188} INFO - [2026-06-18T16:54:23.568+0000] {dag.py:3036} INFO - Sync 1 DAGs
[2026-06-18T16:54:23.612+0000] {logging_mixin.py:188} INFO - [2026-06-18T16:54:23.612+0000] {dag.py:3823} INFO - Setting next_dagrun for example_skip_dag to 2026-06-17 00:00:00+00:00, run_after=2026-06-18 00:00:00+00:00
[2026-06-18T16:54:23.648+0000] {processor.py:183} INFO - Processing /home/airflow/.local/lib/python3.8/site-packages/airflow/example_dags/example_skip_dag.py took 0.155 seconds
[2026-06-18T16:54:53.917+0000] {processor.py:161} INFO - Started process (PID=690) to work on /home/airflow/.local/lib/python3.8/site-packages/airflow/example_dags/example_skip_dag.py
[2026-06-18T16:54:53.918+0000] {processor.py:830} INFO - Processing file /home/airflow/.local/lib/python3.8/site-packages/airflow/example_dags/example_skip_dag.py for tasks to queue
[2026-06-18T16:54:53.921+0000] {logging_mixin.py:188} INFO - [2026-06-18T16:54:53.921+0000] {dagbag.py:538} INFO - Filling up the DagBag from /home/airflow/.local/lib/python3.8/site-packages/airflow/example_dags/example_skip_dag.py
[2026-06-18T16:54:53.933+0000] {processor.py:840} INFO - DAG(s) 'example_skip_dag' retrieved from /home/airflow/.local/lib/python3.8/site-packages/airflow/example_dags/example_skip_dag.py
[2026-06-18T16:54:53.987+0000] {logging_mixin.py:188} INFO - [2026-06-18T16:54:53.987+0000] {dag.py:3036} INFO - Sync 1 DAGs
[2026-06-18T16:54:54.035+0000] {logging_mixin.py:188} INFO - [2026-06-18T16:54:54.035+0000] {dag.py:3823} INFO - Setting next_dagrun for example_skip_dag to 2026-06-17 00:00:00+00:00, run_after=2026-06-18 00:00:00+00:00
[2026-06-18T16:54:54.069+0000] {processor.py:183} INFO - Processing /home/airflow/.local/lib/python3.8/site-packages/airflow/example_dags/example_skip_dag.py took 0.157 seconds
[2026-06-18T16:55:24.415+0000] {processor.py:161} INFO - Started process (PID=757) to work on /home/airflow/.local/lib/python3.8/site-packages/airflow/example_dags/example_skip_dag.py
[2026-06-18T16:55:24.417+0000] {processor.py:830} INFO - Processing file /home/airflow/.local/lib/python3.8/site-packages/airflow/example_dags/example_skip_dag.py for tasks to queue
[2026-06-18T16:55:24.420+0000] {logging_mixin.py:188} INFO - [2026-06-18T16:55:24.419+0000] {dagbag.py:538} INFO - Filling up the DagBag from /home/airflow/.local/lib/python3.8/site-packages/airflow/example_dags/example_skip_dag.py
[2026-06-18T16:55:24.430+0000] {processor.py:840} INFO - DAG(s) 'example_skip_dag' retrieved from /home/airflow/.local/lib/python3.8/site-packages/airflow/example_dags/example_skip_dag.py
[2026-06-18T16:55:24.469+0000] {logging_mixin.py:188} INFO - [2026-06-18T16:55:24.468+0000] {dag.py:3036} INFO - Sync 1 DAGs
[2026-06-18T16:55:24.505+0000] {logging_mixin.py:188} INFO - [2026-06-18T16:55:24.504+0000] {dag.py:3823} INFO - Setting next_dagrun for example_skip_dag to 2026-06-17 00:00:00+00:00, run_after=2026-06-18 00:00:00+00:00
[2026-06-18T16:55:24.540+0000] {processor.py:183} INFO - Processing /home/airflow/.local/lib/python3.8/site-packages/airflow/example_dags/example_skip_dag.py took 0.130 seconds
[2026-06-18T16:55:55.277+0000] {processor.py:161} INFO - Started process (PID=824) to work on /home/airflow/.local/lib/python3.8/site-packages/airflow/example_dags/example_skip_dag.py
[2026-06-18T16:55:55.279+0000] {processor.py:830} INFO - Processing file /home/airflow/.local/lib/python3.8/site-packages/airflow/example_dags/example_skip_dag.py for tasks to queue
[2026-06-18T16:55:55.282+0000] {logging_mixin.py:188} INFO - [2026-06-18T16:55:55.281+0000] {dagbag.py:538} INFO - Filling up the DagBag from /home/airflow/.local/lib/python3.8/site-packages/airflow/example_dags/example_skip_dag.py
[2026-06-18T16:55:55.293+0000] {processor.py:840} INFO - DAG(s) 'example_skip_dag' retrieved from /home/airflow/.local/lib/python3.8/site-packages/airflow/example_dags/example_skip_dag.py
[2026-06-18T16:55:55.334+0000] {logging_mixin.py:188} INFO - [2026-06-18T16:55:55.333+0000] {dag.py:3036} INFO - Sync 1 DAGs
[2026-06-18T16:55:55.374+0000] {logging_mixin.py:188} INFO - [2026-06-18T16:55:55.374+0000] {dag.py:3823} INFO - Setting next_dagrun for example_skip_dag to 2026-06-17 00:00:00+00:00, run_after=2026-06-18 00:00:00+00:00
[2026-06-18T16:55:55.409+0000] {processor.py:183} INFO - Processing /home/airflow/.local/lib/python3.8/site-packages/airflow/example_dags/example_skip_dag.py took 0.137 seconds
[2026-06-18T16:56:26.169+0000] {processor.py:161} INFO - Started process (PID=890) to work on /home/airflow/.local/lib/python3.8/site-packages/airflow/example_dags/example_skip_dag.py
[2026-06-18T16:56:26.170+0000] {processor.py:830} INFO - Processing file /home/airflow/.local/lib/python3.8/site-packages/airflow/example_dags/example_skip_dag.py for tasks to queue
[2026-06-18T16:56:26.173+0000] {logging_mixin.py:188} INFO - [2026-06-18T16:56:26.173+0000] {dagbag.py:538} INFO - Filling up the DagBag from /home/airflow/.local/lib/python3.8/site-packages/airflow/example_dags/example_skip_dag.py
[2026-06-18T16:56:26.184+0000] {processor.py:840} INFO - DAG(s) 'example_skip_dag' retrieved from /home/airflow/.local/lib/python3.8/site-packages/airflow/example_dags/example_skip_dag.py
[2026-06-18T16:56:26.229+0000] {logging_mixin.py:188} INFO - [2026-06-18T16:56:26.229+0000] {dag.py:3036} INFO - Sync 1 DAGs
[2026-06-18T16:56:26.266+0000] {logging_mixin.py:188} INFO - [2026-06-18T16:56:26.265+0000] {dag.py:3823} INFO - Setting next_dagrun for example_skip_dag to 2026-06-17 00:00:00+00:00, run_after=2026-06-18 00:00:00+00:00
[2026-06-18T16:56:26.297+0000] {processor.py:183} INFO - Processing /home/airflow/.local/lib/python3.8/site-packages/airflow/example_dags/example_skip_dag.py took 0.133 seconds
[2026-06-18T16:56:56.951+0000] {processor.py:161} INFO - Started process (PID=956) to work on /home/airflow/.local/lib/python3.8/site-packages/airflow/example_dags/example_skip_dag.py
[2026-06-18T16:56:56.953+0000] {processor.py:830} INFO - Processing file /home/airflow/.local/lib/python3.8/site-packages/airflow/example_dags/example_skip_dag.py for tasks to queue
[2026-06-18T16:56:56.956+0000] {logging_mixin.py:188} INFO - [2026-06-18T16:56:56.956+0000] {dagbag.py:538} INFO - Filling up the DagBag from /home/airflow/.local/lib/python3.8/site-packages/airflow/example_dags/example_skip_dag.py
[2026-06-18T16:56:56.969+0000] {processor.py:840} INFO - DAG(s) 'example_skip_dag' retrieved from /home/airflow/.local/lib/python3.8/site-packages/airflow/example_dags/example_skip_dag.py
[2026-06-18T16:56:57.013+0000] {logging_mixin.py:188} INFO - [2026-06-18T16:56:57.012+0000] {dag.py:3036} INFO - Sync 1 DAGs
[2026-06-18T16:56:57.053+0000] {logging_mixin.py:188} INFO - [2026-06-18T16:56:57.052+0000] {dag.py:3823} INFO - Setting next_dagrun for example_skip_dag to 2026-06-17 00:00:00+00:00, run_after=2026-06-18 00:00:00+00:00
[2026-06-18T16:56:57.086+0000] {processor.py:183} INFO - Processing /home/airflow/.local/lib/python3.8/site-packages/airflow/example_dags/example_skip_dag.py took 0.142 seconds
[2026-06-18T16:57:27.718+0000] {processor.py:161} INFO - Started process (PID=1021) to work on /home/airflow/.local/lib/python3.8/site-packages/airflow/example_dags/example_skip_dag.py
[2026-06-18T16:57:27.720+0000] {processor.py:830} INFO - Processing file /home/airflow/.local/lib/python3.8/site-packages/airflow/example_dags/example_skip_dag.py for tasks to queue
[2026-06-18T16:57:27.723+0000] {logging_mixin.py:188} INFO - [2026-06-18T16:57:27.723+0000] {dagbag.py:538} INFO - Filling up the DagBag from /home/airflow/.local/lib/python3.8/site-packages/airflow/example_dags/example_skip_dag.py
[2026-06-18T16:57:27.734+0000] {processor.py:840} INFO - DAG(s) 'example_skip_dag' retrieved from /home/airflow/.local/lib/python3.8/site-packages/airflow/example_dags/example_skip_dag.py
[2026-06-18T16:57:27.775+0000] {logging_mixin.py:188} INFO - [2026-06-18T16:57:27.774+0000] {dag.py:3036} INFO - Sync 1 DAGs
[2026-06-18T16:57:27.812+0000] {logging_mixin.py:188} INFO - [2026-06-18T16:57:27.812+0000] {dag.py:3823} INFO - Setting next_dagrun for example_skip_dag to 2026-06-17 00:00:00+00:00, run_after=2026-06-18 00:00:00+00:00
[2026-06-18T16:57:27.845+0000] {processor.py:183} INFO - Processing /home/airflow/.local/lib/python3.8/site-packages/airflow/example_dags/example_skip_dag.py took 0.132 seconds
[2026-06-18T16:57:58.386+0000] {processor.py:161} INFO - Started process (PID=1086) to work on /home/airflow/.local/lib/python3.8/site-packages/airflow/example_dags/example_skip_dag.py
[2026-06-18T16:57:58.388+0000] {processor.py:830} INFO - Processing file /home/airflow/.local/lib/python3.8/site-packages/airflow/example_dags/example_skip_dag.py for tasks to queue
[2026-06-18T16:57:58.391+0000] {logging_mixin.py:188} INFO - [2026-06-18T16:57:58.390+0000] {dagbag.py:538} INFO - Filling up the DagBag from /home/airflow/.local/lib/python3.8/site-packages/airflow/example_dags/example_skip_dag.py
[2026-06-18T16:57:58.401+0000] {processor.py:840} INFO - DAG(s) 'example_skip_dag' retrieved from /home/airflow/.local/lib/python3.8/site-packages/airflow/example_dags/example_skip_dag.py
[2026-06-18T16:57:58.440+0000] {logging_mixin.py:188} INFO - [2026-06-18T16:57:58.440+0000] {dag.py:3036} INFO - Sync 1 DAGs
[2026-06-18T16:57:58.486+0000] {logging_mixin.py:188} INFO - [2026-06-18T16:57:58.485+0000] {dag.py:3823} INFO - Setting next_dagrun for example_skip_dag to 2026-06-17 00:00:00+00:00, run_after=2026-06-18 00:00:00+00:00
[2026-06-18T16:57:58.524+0000] {processor.py:183} INFO - Processing /home/airflow/.local/lib/python3.8/site-packages/airflow/example_dags/example_skip_dag.py took 0.142 seconds
[2026-06-18T16:58:28.967+0000] {processor.py:161} INFO - Started process (PID=1151) to work on /home/airflow/.local/lib/python3.8/site-packages/airflow/example_dags/example_skip_dag.py
[2026-06-18T16:58:28.968+0000] {processor.py:830} INFO - Processing file /home/airflow/.local/lib/python3.8/site-packages/airflow/example_dags/example_skip_dag.py for tasks to queue
[2026-06-18T16:58:28.971+0000] {logging_mixin.py:188} INFO - [2026-06-18T16:58:28.971+0000] {dagbag.py:538} INFO - Filling up the DagBag from /home/airflow/.local/lib/python3.8/site-packages/airflow/example_dags/example_skip_dag.py
[2026-06-18T16:58:28.982+0000] {processor.py:840} INFO - DAG(s) 'example_skip_dag' retrieved from /home/airflow/.local/lib/python3.8/site-packages/airflow/example_dags/example_skip_dag.py
[2026-06-18T16:58:29.007+0000] {logging_mixin.py:188} INFO - [2026-06-18T16:58:29.006+0000] {dag.py:3036} INFO - Sync 1 DAGs
[2026-06-18T16:58:29.056+0000] {logging_mixin.py:188} INFO - [2026-06-18T16:58:29.056+0000] {dag.py:3823} INFO - Setting next_dagrun for example_skip_dag to 2026-06-17 00:00:00+00:00, run_after=2026-06-18 00:00:00+00:00
[2026-06-18T16:58:29.099+0000] {processor.py:183} INFO - Processing /home/airflow/.local/lib/python3.8/site-packages/airflow/example_dags/example_skip_dag.py took 0.137 seconds
[2026-06-18T16:59:00.004+0000] {processor.py:161} INFO - Started process (PID=1225) to work on /home/airflow/.local/lib/python3.8/site-packages/airflow/example_dags/example_skip_dag.py
[2026-06-18T16:59:00.006+0000] {processor.py:830} INFO - Processing file /home/airflow/.local/lib/python3.8/site-packages/airflow/example_dags/example_skip_dag.py for tasks to queue
[2026-06-18T16:59:00.008+0000] {logging_mixin.py:188} INFO - [2026-06-18T16:59:00.008+0000] {dagbag.py:538} INFO - Filling up the DagBag from /home/airflow/.local/lib/python3.8/site-packages/airflow/example_dags/example_skip_dag.py
[2026-06-18T16:59:00.019+0000] {processor.py:840} INFO - DAG(s) 'example_skip_dag' retrieved from /home/airflow/.local/lib/python3.8/site-packages/airflow/example_dags/example_skip_dag.py
[2026-06-18T16:59:00.206+0000] {logging_mixin.py:188} INFO - [2026-06-18T16:59:00.206+0000] {dag.py:3036} INFO - Sync 1 DAGs
[2026-06-18T16:59:00.244+0000] {logging_mixin.py:188} INFO - [2026-06-18T16:59:00.244+0000] {dag.py:3823} INFO - Setting next_dagrun for example_skip_dag to 2026-06-17 00:00:00+00:00, run_after=2026-06-18 00:00:00+00:00
[2026-06-18T16:59:00.281+0000] {processor.py:183} INFO - Processing /home/airflow/.local/lib/python3.8/site-packages/airflow/example_dags/example_skip_dag.py took 0.283 seconds
[2026-06-18T16:59:30.346+0000] {processor.py:161} INFO - Started process (PID=1291) to work on /home/airflow/.local/lib/python3.8/site-packages/airflow/example_dags/example_skip_dag.py
[2026-06-18T16:59:30.351+0000] {processor.py:830} INFO - Processing file /home/airflow/.local/lib/python3.8/site-packages/airflow/example_dags/example_skip_dag.py for tasks to queue
[2026-06-18T16:59:30.355+0000] {logging_mixin.py:188} INFO - [2026-06-18T16:59:30.354+0000] {dagbag.py:538} INFO - Filling up the DagBag from /home/airflow/.local/lib/python3.8/site-packages/airflow/example_dags/example_skip_dag.py
[2026-06-18T16:59:30.369+0000] {processor.py:840} INFO - DAG(s) 'example_skip_dag' retrieved from /home/airflow/.local/lib/python3.8/site-packages/airflow/example_dags/example_skip_dag.py
[2026-06-18T16:59:30.413+0000] {logging_mixin.py:188} INFO - [2026-06-18T16:59:30.412+0000] {dag.py:3036} INFO - Sync 1 DAGs
[2026-06-18T16:59:30.476+0000] {logging_mixin.py:188} INFO - [2026-06-18T16:59:30.475+0000] {dag.py:3823} INFO - Setting next_dagrun for example_skip_dag to 2026-06-17 00:00:00+00:00, run_after=2026-06-18 00:00:00+00:00
[2026-06-18T16:59:30.545+0000] {processor.py:183} INFO - Processing /home/airflow/.local/lib/python3.8/site-packages/airflow/example_dags/example_skip_dag.py took 0.214 seconds
[2026-06-18T17:00:00.708+0000] {processor.py:161} INFO - Started process (PID=1357) to work on /home/airflow/.local/lib/python3.8/site-packages/airflow/example_dags/example_skip_dag.py
[2026-06-18T17:00:00.711+0000] {processor.py:830} INFO - Processing file /home/airflow/.local/lib/python3.8/site-packages/airflow/example_dags/example_skip_dag.py for tasks to queue
[2026-06-18T17:00:00.714+0000] {logging_mixin.py:188} INFO - [2026-06-18T17:00:00.713+0000] {dagbag.py:538} INFO - Filling up the DagBag from /home/airflow/.local/lib/python3.8/site-packages/airflow/example_dags/example_skip_dag.py
[2026-06-18T17:00:00.728+0000] {processor.py:840} INFO - DAG(s) 'example_skip_dag' retrieved from /home/airflow/.local/lib/python3.8/site-packages/airflow/example_dags/example_skip_dag.py
[2026-06-18T17:00:00.755+0000] {logging_mixin.py:188} INFO - [2026-06-18T17:00:00.754+0000] {dag.py:3036} INFO - Sync 1 DAGs
[2026-06-18T17:00:00.814+0000] {logging_mixin.py:188} INFO - [2026-06-18T17:00:00.814+0000] {dag.py:3823} INFO - Setting next_dagrun for example_skip_dag to 2026-06-17 00:00:00+00:00, run_after=2026-06-18 00:00:00+00:00
[2026-06-18T17:00:00.855+0000] {processor.py:183} INFO - Processing /home/airflow/.local/lib/python3.8/site-packages/airflow/example_dags/example_skip_dag.py took 0.153 seconds
[2026-06-18T17:00:32.759+0000] {processor.py:161} INFO - Started process (PID=1423) to work on /home/airflow/.local/lib/python3.8/site-packages/airflow/example_dags/example_skip_dag.py
[2026-06-18T17:00:32.761+0000] {processor.py:830} INFO - Processing file /home/airflow/.local/lib/python3.8/site-packages/airflow/example_dags/example_skip_dag.py for tasks to queue
[2026-06-18T17:00:32.765+0000] {logging_mixin.py:188} INFO - [2026-06-18T17:00:32.764+0000] {dagbag.py:538} INFO - Filling up the DagBag from /home/airflow/.local/lib/python3.8/site-packages/airflow/example_dags/example_skip_dag.py
[2026-06-18T17:00:32.778+0000] {processor.py:840} INFO - DAG(s) 'example_skip_dag' retrieved from /home/airflow/.local/lib/python3.8/site-packages/airflow/example_dags/example_skip_dag.py
[2026-06-18T17:00:33.048+0000] {logging_mixin.py:188} INFO - [2026-06-18T17:00:33.047+0000] {dag.py:3036} INFO - Sync 1 DAGs
[2026-06-18T17:00:33.097+0000] {logging_mixin.py:188} INFO - [2026-06-18T17:00:33.097+0000] {dag.py:3823} INFO - Setting next_dagrun for example_skip_dag to 2026-06-17 00:00:00+00:00, run_after=2026-06-18 00:00:00+00:00
[2026-06-18T17:00:33.141+0000] {processor.py:183} INFO - Processing /home/airflow/.local/lib/python3.8/site-packages/airflow/example_dags/example_skip_dag.py took 0.389 seconds
[2026-06-18T17:01:03.783+0000] {processor.py:161} INFO - Started process (PID=1488) to work on /home/airflow/.local/lib/python3.8/site-packages/airflow/example_dags/example_skip_dag.py
[2026-06-18T17:01:03.784+0000] {processor.py:830} INFO - Processing file /home/airflow/.local/lib/python3.8/site-packages/airflow/example_dags/example_skip_dag.py for tasks to queue
[2026-06-18T17:01:03.788+0000] {logging_mixin.py:188} INFO - [2026-06-18T17:01:03.788+0000] {dagbag.py:538} INFO - Filling up the DagBag from /home/airflow/.local/lib/python3.8/site-packages/airflow/example_dags/example_skip_dag.py
[2026-06-18T17:01:03.801+0000] {processor.py:840} INFO - DAG(s) 'example_skip_dag' retrieved from /home/airflow/.local/lib/python3.8/site-packages/airflow/example_dags/example_skip_dag.py
[2026-06-18T17:01:03.847+0000] {logging_mixin.py:188} INFO - [2026-06-18T17:01:03.846+0000] {dag.py:3036} INFO - Sync 1 DAGs
[2026-06-18T17:01:03.895+0000] {logging_mixin.py:188} INFO - [2026-06-18T17:01:03.894+0000] {dag.py:3823} INFO - Setting next_dagrun for example_skip_dag to 2026-06-17 00:00:00+00:00, run_after=2026-06-18 00:00:00+00:00
[2026-06-18T17:01:03.930+0000] {processor.py:183} INFO - Processing /home/airflow/.local/lib/python3.8/site-packages/airflow/example_dags/example_skip_dag.py took 0.156 seconds
[2026-06-18T17:01:34.173+0000] {processor.py:161} INFO - Started process (PID=1554) to work on /home/airflow/.local/lib/python3.8/site-packages/airflow/example_dags/example_skip_dag.py
[2026-06-18T17:01:34.175+0000] {processor.py:830} INFO - Processing file /home/airflow/.local/lib/python3.8/site-packages/airflow/example_dags/example_skip_dag.py for tasks to queue
[2026-06-18T17:01:34.179+0000] {logging_mixin.py:188} INFO - [2026-06-18T17:01:34.177+0000] {dagbag.py:538} INFO - Filling up the DagBag from /home/airflow/.local/lib/python3.8/site-packages/airflow/example_dags/example_skip_dag.py
[2026-06-18T17:01:34.191+0000] {processor.py:840} INFO - DAG(s) 'example_skip_dag' retrieved from /home/airflow/.local/lib/python3.8/site-packages/airflow/example_dags/example_skip_dag.py
[2026-06-18T17:01:34.237+0000] {logging_mixin.py:188} INFO - [2026-06-18T17:01:34.237+0000] {dag.py:3036} INFO - Sync 1 DAGs
[2026-06-18T17:01:34.284+0000] {logging_mixin.py:188} INFO - [2026-06-18T17:01:34.284+0000] {dag.py:3823} INFO - Setting next_dagrun for example_skip_dag to 2026-06-17 00:00:00+00:00, run_after=2026-06-18 00:00:00+00:00
[2026-06-18T17:01:34.322+0000] {processor.py:183} INFO - Processing /home/airflow/.local/lib/python3.8/site-packages/airflow/example_dags/example_skip_dag.py took 0.155 seconds
[2026-06-18T17:02:04.707+0000] {processor.py:161} INFO - Started process (PID=1620) to work on /home/airflow/.local/lib/python3.8/site-packages/airflow/example_dags/example_skip_dag.py
[2026-06-18T17:02:04.710+0000] {processor.py:830} INFO - Processing file /home/airflow/.local/lib/python3.8/site-packages/airflow/example_dags/example_skip_dag.py for tasks to queue
[2026-06-18T17:02:04.716+0000] {logging_mixin.py:188} INFO - [2026-06-18T17:02:04.715+0000] {dagbag.py:538} INFO - Filling up the DagBag from /home/airflow/.local/lib/python3.8/site-packages/airflow/example_dags/example_skip_dag.py
[2026-06-18T17:02:04.727+0000] {processor.py:840} INFO - DAG(s) 'example_skip_dag' retrieved from /home/airflow/.local/lib/python3.8/site-packages/airflow/example_dags/example_skip_dag.py
[2026-06-18T17:02:04.780+0000] {logging_mixin.py:188} INFO - [2026-06-18T17:02:04.780+0000] {dag.py:3036} INFO - Sync 1 DAGs
[2026-06-18T17:02:04.830+0000] {logging_mixin.py:188} INFO - [2026-06-18T17:02:04.830+0000] {dag.py:3823} INFO - Setting next_dagrun for example_skip_dag to 2026-06-17 00:00:00+00:00, run_after=2026-06-18 00:00:00+00:00
[2026-06-18T17:02:04.866+0000] {processor.py:183} INFO - Processing /home/airflow/.local/lib/python3.8/site-packages/airflow/example_dags/example_skip_dag.py took 0.165 seconds
[2026-06-18T17:02:35.297+0000] {processor.py:161} INFO - Started process (PID=1686) to work on /home/airflow/.local/lib/python3.8/site-packages/airflow/example_dags/example_skip_dag.py
[2026-06-18T17:02:35.300+0000] {processor.py:830} INFO - Processing file /home/airflow/.local/lib/python3.8/site-packages/airflow/example_dags/example_skip_dag.py for tasks to queue
[2026-06-18T17:02:35.304+0000] {logging_mixin.py:188} INFO - [2026-06-18T17:02:35.303+0000] {dagbag.py:538} INFO - Filling up the DagBag from /home/airflow/.local/lib/python3.8/site-packages/airflow/example_dags/example_skip_dag.py
[2026-06-18T17:02:35.324+0000] {processor.py:840} INFO - DAG(s) 'example_skip_dag' retrieved from /home/airflow/.local/lib/python3.8/site-packages/airflow/example_dags/example_skip_dag.py
[2026-06-18T17:02:35.370+0000] {logging_mixin.py:188} INFO - [2026-06-18T17:02:35.369+0000] {dag.py:3036} INFO - Sync 1 DAGs
[2026-06-18T17:02:35.415+0000] {logging_mixin.py:188} INFO - [2026-06-18T17:02:35.415+0000] {dag.py:3823} INFO - Setting next_dagrun for example_skip_dag to 2026-06-17 00:00:00+00:00, run_after=2026-06-18 00:00:00+00:00
[2026-06-18T17:02:35.467+0000] {processor.py:183} INFO - Processing /home/airflow/.local/lib/python3.8/site-packages/airflow/example_dags/example_skip_dag.py took 0.178 seconds
[2026-06-18T17:03:05.934+0000] {processor.py:161} INFO - Started process (PID=1751) to work on /home/airflow/.local/lib/python3.8/site-packages/airflow/example_dags/example_skip_dag.py
[2026-06-18T17:03:05.936+0000] {processor.py:830} INFO - Processing file /home/airflow/.local/lib/python3.8/site-packages/airflow/example_dags/example_skip_dag.py for tasks to queue
[2026-06-18T17:03:05.938+0000] {logging_mixin.py:188} INFO - [2026-06-18T17:03:05.937+0000] {dagbag.py:538} INFO - Filling up the DagBag from /home/airflow/.local/lib/python3.8/site-packages/airflow/example_dags/example_skip_dag.py
[2026-06-18T17:03:05.948+0000] {processor.py:840} INFO - DAG(s) 'example_skip_dag' retrieved from /home/airflow/.local/lib/python3.8/site-packages/airflow/example_dags/example_skip_dag.py
[2026-06-18T17:03:05.987+0000] {logging_mixin.py:188} INFO - [2026-06-18T17:03:05.987+0000] {dag.py:3036} INFO - Sync 1 DAGs
[2026-06-18T17:03:06.027+0000] {logging_mixin.py:188} INFO - [2026-06-18T17:03:06.027+0000] {dag.py:3823} INFO - Setting next_dagrun for example_skip_dag to 2026-06-17 00:00:00+00:00, run_after=2026-06-18 00:00:00+00:00
[2026-06-18T17:03:06.063+0000] {processor.py:183} INFO - Processing /home/airflow/.local/lib/python3.8/site-packages/airflow/example_dags/example_skip_dag.py took 0.133 seconds
[2026-06-18T17:03:36.360+0000] {processor.py:161} INFO - Started process (PID=1817) to work on /home/airflow/.local/lib/python3.8/site-packages/airflow/example_dags/example_skip_dag.py
[2026-06-18T17:03:36.362+0000] {processor.py:830} INFO - Processing file /home/airflow/.local/lib/python3.8/site-packages/airflow/example_dags/example_skip_dag.py for tasks to queue
[2026-06-18T17:03:36.365+0000] {logging_mixin.py:188} INFO - [2026-06-18T17:03:36.364+0000] {dagbag.py:538} INFO - Filling up the DagBag from /home/airflow/.local/lib/python3.8/site-packages/airflow/example_dags/example_skip_dag.py
[2026-06-18T17:03:36.376+0000] {processor.py:840} INFO - DAG(s) 'example_skip_dag' retrieved from /home/airflow/.local/lib/python3.8/site-packages/airflow/example_dags/example_skip_dag.py
[2026-06-18T17:03:36.415+0000] {logging_mixin.py:188} INFO - [2026-06-18T17:03:36.415+0000] {dag.py:3036} INFO - Sync 1 DAGs
[2026-06-18T17:03:36.456+0000] {logging_mixin.py:188} INFO - [2026-06-18T17:03:36.456+0000] {dag.py:3823} INFO - Setting next_dagrun for example_skip_dag to 2026-06-17 00:00:00+00:00, run_after=2026-06-18 00:00:00+00:00
[2026-06-18T17:03:36.490+0000] {processor.py:183} INFO - Processing /home/airflow/.local/lib/python3.8/site-packages/airflow/example_dags/example_skip_dag.py took 0.135 seconds
[2026-06-18T17:04:07.169+0000] {processor.py:161} INFO - Started process (PID=1883) to work on /home/airflow/.local/lib/python3.8/site-packages/airflow/example_dags/example_skip_dag.py
[2026-06-18T17:04:07.170+0000] {processor.py:830} INFO - Processing file /home/airflow/.local/lib/python3.8/site-packages/airflow/example_dags/example_skip_dag.py for tasks to queue
[2026-06-18T17:04:07.173+0000] {logging_mixin.py:188} INFO - [2026-06-18T17:04:07.172+0000] {dagbag.py:538} INFO - Filling up the DagBag from /home/airflow/.local/lib/python3.8/site-packages/airflow/example_dags/example_skip_dag.py
[2026-06-18T17:04:07.183+0000] {processor.py:840} INFO - DAG(s) 'example_skip_dag' retrieved from /home/airflow/.local/lib/python3.8/site-packages/airflow/example_dags/example_skip_dag.py
[2026-06-18T17:04:07.223+0000] {logging_mixin.py:188} INFO - [2026-06-18T17:04:07.223+0000] {dag.py:3036} INFO - Sync 1 DAGs
[2026-06-18T17:04:07.261+0000] {logging_mixin.py:188} INFO - [2026-06-18T17:04:07.260+0000] {dag.py:3823} INFO - Setting next_dagrun for example_skip_dag to 2026-06-17 00:00:00+00:00, run_after=2026-06-18 00:00:00+00:00
[2026-06-18T17:04:07.301+0000] {processor.py:183} INFO - Processing /home/airflow/.local/lib/python3.8/site-packages/airflow/example_dags/example_skip_dag.py took 0.138 seconds
[2026-06-18T17:04:37.386+0000] {processor.py:161} INFO - Started process (PID=1950) to work on /home/airflow/.local/lib/python3.8/site-packages/airflow/example_dags/example_skip_dag.py
[2026-06-18T17:04:37.388+0000] {processor.py:830} INFO - Processing file /home/airflow/.local/lib/python3.8/site-packages/airflow/example_dags/example_skip_dag.py for tasks to queue
[2026-06-18T17:04:37.391+0000] {logging_mixin.py:188} INFO - [2026-06-18T17:04:37.390+0000] {dagbag.py:538} INFO - Filling up the DagBag from /home/airflow/.local/lib/python3.8/site-packages/airflow/example_dags/example_skip_dag.py
[2026-06-18T17:04:37.402+0000] {processor.py:840} INFO - DAG(s) 'example_skip_dag' retrieved from /home/airflow/.local/lib/python3.8/site-packages/airflow/example_dags/example_skip_dag.py
[2026-06-18T17:04:37.442+0000] {logging_mixin.py:188} INFO - [2026-06-18T17:04:37.441+0000] {dag.py:3036} INFO - Sync 1 DAGs
[2026-06-18T17:04:37.487+0000] {logging_mixin.py:188} INFO - [2026-06-18T17:04:37.487+0000] {dag.py:3823} INFO - Setting next_dagrun for example_skip_dag to 2026-06-17 00:00:00+00:00, run_after=2026-06-18 00:00:00+00:00
[2026-06-18T17:04:37.518+0000] {processor.py:183} INFO - Processing /home/airflow/.local/lib/python3.8/site-packages/airflow/example_dags/example_skip_dag.py took 0.137 seconds
[2026-06-18T17:05:07.785+0000] {processor.py:161} INFO - Started process (PID=2015) to work on /home/airflow/.local/lib/python3.8/site-packages/airflow/example_dags/example_skip_dag.py
[2026-06-18T17:05:07.787+0000] {processor.py:830} INFO - Processing file /home/airflow/.local/lib/python3.8/site-packages/airflow/example_dags/example_skip_dag.py for tasks to queue
[2026-06-18T17:05:07.790+0000] {logging_mixin.py:188} INFO - [2026-06-18T17:05:07.789+0000] {dagbag.py:538} INFO - Filling up the DagBag from /home/airflow/.local/lib/python3.8/site-packages/airflow/example_dags/example_skip_dag.py
[2026-06-18T17:05:07.802+0000] {processor.py:840} INFO - DAG(s) 'example_skip_dag' retrieved from /home/airflow/.local/lib/python3.8/site-packages/airflow/example_dags/example_skip_dag.py
[2026-06-18T17:05:07.842+0000] {logging_mixin.py:188} INFO - [2026-06-18T17:05:07.842+0000] {dag.py:3036} INFO - Sync 1 DAGs
[2026-06-18T17:05:07.879+0000] {logging_mixin.py:188} INFO - [2026-06-18T17:05:07.879+0000] {dag.py:3823} INFO - Setting next_dagrun for example_skip_dag to 2026-06-17 00:00:00+00:00, run_after=2026-06-18 00:00:00+00:00
[2026-06-18T17:05:07.911+0000] {processor.py:183} INFO - Processing /home/airflow/.local/lib/python3.8/site-packages/airflow/example_dags/example_skip_dag.py took 0.132 seconds
[2026-06-18T17:05:38.462+0000] {processor.py:161} INFO - Started process (PID=2081) to work on /home/airflow/.local/lib/python3.8/site-packages/airflow/example_dags/example_skip_dag.py
[2026-06-18T17:05:38.464+0000] {processor.py:830} INFO - Processing file /home/airflow/.local/lib/python3.8/site-packages/airflow/example_dags/example_skip_dag.py for tasks to queue
[2026-06-18T17:05:38.467+0000] {logging_mixin.py:188} INFO - [2026-06-18T17:05:38.467+0000] {dagbag.py:538} INFO - Filling up the DagBag from /home/airflow/.local/lib/python3.8/site-packages/airflow/example_dags/example_skip_dag.py
[2026-06-18T17:05:38.480+0000] {processor.py:840} INFO - DAG(s) 'example_skip_dag' retrieved from /home/airflow/.local/lib/python3.8/site-packages/airflow/example_dags/example_skip_dag.py
[2026-06-18T17:05:38.525+0000] {logging_mixin.py:188} INFO - [2026-06-18T17:05:38.524+0000] {dag.py:3036} INFO - Sync 1 DAGs
[2026-06-18T17:05:38.570+0000] {logging_mixin.py:188} INFO - [2026-06-18T17:05:38.570+0000] {dag.py:3823} INFO - Setting next_dagrun for example_skip_dag to 2026-06-17 00:00:00+00:00, run_after=2026-06-18 00:00:00+00:00
[2026-06-18T17:05:38.601+0000] {processor.py:183} INFO - Processing /home/airflow/.local/lib/python3.8/site-packages/airflow/example_dags/example_skip_dag.py took 0.145 seconds
[2026-06-18T17:06:09.476+0000] {processor.py:161} INFO - Started process (PID=2146) to work on /home/airflow/.local/lib/python3.8/site-packages/airflow/example_dags/example_skip_dag.py
[2026-06-18T17:06:09.477+0000] {processor.py:830} INFO - Processing file /home/airflow/.local/lib/python3.8/site-packages/airflow/example_dags/example_skip_dag.py for tasks to queue
[2026-06-18T17:06:09.480+0000] {logging_mixin.py:188} INFO - [2026-06-18T17:06:09.480+0000] {dagbag.py:538} INFO - Filling up the DagBag from /home/airflow/.local/lib/python3.8/site-packages/airflow/example_dags/example_skip_dag.py
[2026-06-18T17:06:09.492+0000] {processor.py:840} INFO - DAG(s) 'example_skip_dag' retrieved from /home/airflow/.local/lib/python3.8/site-packages/airflow/example_dags/example_skip_dag.py
[2026-06-18T17:06:09.531+0000] {logging_mixin.py:188} INFO - [2026-06-18T17:06:09.531+0000] {dag.py:3036} INFO - Sync 1 DAGs
[2026-06-18T17:06:09.574+0000] {logging_mixin.py:188} INFO - [2026-06-18T17:06:09.573+0000] {dag.py:3823} INFO - Setting next_dagrun for example_skip_dag to 2026-06-17 00:00:00+00:00, run_after=2026-06-18 00:00:00+00:00
[2026-06-18T17:06:09.607+0000] {processor.py:183} INFO - Processing /home/airflow/.local/lib/python3.8/site-packages/airflow/example_dags/example_skip_dag.py took 0.136 seconds
[2026-06-18T17:06:39.935+0000] {processor.py:161} INFO - Started process (PID=2212) to work on /home/airflow/.local/lib/python3.8/site-packages/airflow/example_dags/example_skip_dag.py
[2026-06-18T17:06:39.937+0000] {processor.py:830} INFO - Processing file /home/airflow/.local/lib/python3.8/site-packages/airflow/example_dags/example_skip_dag.py for tasks to queue
[2026-06-18T17:06:39.940+0000] {logging_mixin.py:188} INFO - [2026-06-18T17:06:39.939+0000] {dagbag.py:538} INFO - Filling up the DagBag from /home/airflow/.local/lib/python3.8/site-packages/airflow/example_dags/example_skip_dag.py
[2026-06-18T17:06:39.950+0000] {processor.py:840} INFO - DAG(s) 'example_skip_dag' retrieved from /home/airflow/.local/lib/python3.8/site-packages/airflow/example_dags/example_skip_dag.py
[2026-06-18T17:06:39.988+0000] {logging_mixin.py:188} INFO - [2026-06-18T17:06:39.987+0000] {dag.py:3036} INFO - Sync 1 DAGs
[2026-06-18T17:06:40.030+0000] {logging_mixin.py:188} INFO - [2026-06-18T17:06:40.030+0000] {dag.py:3823} INFO - Setting next_dagrun for example_skip_dag to 2026-06-17 00:00:00+00:00, run_after=2026-06-18 00:00:00+00:00
[2026-06-18T17:06:40.075+0000] {processor.py:183} INFO - Processing /home/airflow/.local/lib/python3.8/site-packages/airflow/example_dags/example_skip_dag.py took 0.146 seconds
[2026-06-18T17:07:10.371+0000] {processor.py:161} INFO - Started process (PID=2286) to work on /home/airflow/.local/lib/python3.8/site-packages/airflow/example_dags/example_skip_dag.py
[2026-06-18T17:07:10.373+0000] {processor.py:830} INFO - Processing file /home/airflow/.local/lib/python3.8/site-packages/airflow/example_dags/example_skip_dag.py for tasks to queue
[2026-06-18T17:07:10.376+0000] {logging_mixin.py:188} INFO - [2026-06-18T17:07:10.375+0000] {dagbag.py:538} INFO - Filling up the DagBag from /home/airflow/.local/lib/python3.8/site-packages/airflow/example_dags/example_skip_dag.py
[2026-06-18T17:07:10.391+0000] {processor.py:840} INFO - DAG(s) 'example_skip_dag' retrieved from /home/airflow/.local/lib/python3.8/site-packages/airflow/example_dags/example_skip_dag.py
[2026-06-18T17:07:10.439+0000] {logging_mixin.py:188} INFO - [2026-06-18T17:07:10.439+0000] {dag.py:3036} INFO - Sync 1 DAGs
[2026-06-18T17:07:10.488+0000] {logging_mixin.py:188} INFO - [2026-06-18T17:07:10.487+0000] {dag.py:3823} INFO - Setting next_dagrun for example_skip_dag to 2026-06-17 00:00:00+00:00, run_after=2026-06-18 00:00:00+00:00
[2026-06-18T17:07:10.525+0000] {processor.py:183} INFO - Processing /home/airflow/.local/lib/python3.8/site-packages/airflow/example_dags/example_skip_dag.py took 0.161 seconds
[2026-06-18T17:07:41.240+0000] {processor.py:161} INFO - Started process (PID=2352) to work on /home/airflow/.local/lib/python3.8/site-packages/airflow/example_dags/example_skip_dag.py
[2026-06-18T17:07:41.243+0000] {processor.py:830} INFO - Processing file /home/airflow/.local/lib/python3.8/site-packages/airflow/example_dags/example_skip_dag.py for tasks to queue
[2026-06-18T17:07:41.246+0000] {logging_mixin.py:188} INFO - [2026-06-18T17:07:41.246+0000] {dagbag.py:538} INFO - Filling up the DagBag from /home/airflow/.local/lib/python3.8/site-packages/airflow/example_dags/example_skip_dag.py
[2026-06-18T17:07:41.261+0000] {processor.py:840} INFO - DAG(s) 'example_skip_dag' retrieved from /home/airflow/.local/lib/python3.8/site-packages/airflow/example_dags/example_skip_dag.py
[2026-06-18T17:07:41.299+0000] {logging_mixin.py:188} INFO - [2026-06-18T17:07:41.298+0000] {dag.py:3036} INFO - Sync 1 DAGs
[2026-06-18T17:07:41.335+0000] {logging_mixin.py:188} INFO - [2026-06-18T17:07:41.335+0000] {dag.py:3823} INFO - Setting next_dagrun for example_skip_dag to 2026-06-17 00:00:00+00:00, run_after=2026-06-18 00:00:00+00:00
[2026-06-18T17:07:41.370+0000] {processor.py:183} INFO - Processing /home/airflow/.local/lib/python3.8/site-packages/airflow/example_dags/example_skip_dag.py took 0.137 seconds
[2026-06-18T17:08:11.599+0000] {processor.py:161} INFO - Started process (PID=2418) to work on /home/airflow/.local/lib/python3.8/site-packages/airflow/example_dags/example_skip_dag.py
[2026-06-18T17:08:11.600+0000] {processor.py:830} INFO - Processing file /home/airflow/.local/lib/python3.8/site-packages/airflow/example_dags/example_skip_dag.py for tasks to queue
[2026-06-18T17:08:11.603+0000] {logging_mixin.py:188} INFO - [2026-06-18T17:08:11.603+0000] {dagbag.py:538} INFO - Filling up the DagBag from /home/airflow/.local/lib/python3.8/site-packages/airflow/example_dags/example_skip_dag.py
[2026-06-18T17:08:11.616+0000] {processor.py:840} INFO - DAG(s) 'example_skip_dag' retrieved from /home/airflow/.local/lib/python3.8/site-packages/airflow/example_dags/example_skip_dag.py
[2026-06-18T17:08:11.662+0000] {logging_mixin.py:188} INFO - [2026-06-18T17:08:11.661+0000] {dag.py:3036} INFO - Sync 1 DAGs
[2026-06-18T17:08:11.706+0000] {logging_mixin.py:188} INFO - [2026-06-18T17:08:11.705+0000] {dag.py:3823} INFO - Setting next_dagrun for example_skip_dag to 2026-06-17 00:00:00+00:00, run_after=2026-06-18 00:00:00+00:00
[2026-06-18T17:08:11.742+0000] {processor.py:183} INFO - Processing /home/airflow/.local/lib/python3.8/site-packages/airflow/example_dags/example_skip_dag.py took 0.149 seconds
[2026-06-18T17:08:42.556+0000] {processor.py:161} INFO - Started process (PID=2485) to work on /home/airflow/.local/lib/python3.8/site-packages/airflow/example_dags/example_skip_dag.py
[2026-06-18T17:08:42.558+0000] {processor.py:830} INFO - Processing file /home/airflow/.local/lib/python3.8/site-packages/airflow/example_dags/example_skip_dag.py for tasks to queue
[2026-06-18T17:08:42.561+0000] {logging_mixin.py:188} INFO - [2026-06-18T17:08:42.560+0000] {dagbag.py:538} INFO - Filling up the DagBag from /home/airflow/.local/lib/python3.8/site-packages/airflow/example_dags/example_skip_dag.py
[2026-06-18T17:08:42.571+0000] {processor.py:840} INFO - DAG(s) 'example_skip_dag' retrieved from /home/airflow/.local/lib/python3.8/site-packages/airflow/example_dags/example_skip_dag.py
[2026-06-18T17:08:42.607+0000] {logging_mixin.py:188} INFO - [2026-06-18T17:08:42.607+0000] {dag.py:3036} INFO - Sync 1 DAGs
[2026-06-18T17:08:42.642+0000] {logging_mixin.py:188} INFO - [2026-06-18T17:08:42.642+0000] {dag.py:3823} INFO - Setting next_dagrun for example_skip_dag to 2026-06-17 00:00:00+00:00, run_after=2026-06-18 00:00:00+00:00
[2026-06-18T17:08:42.674+0000] {processor.py:183} INFO - Processing /home/airflow/.local/lib/python3.8/site-packages/airflow/example_dags/example_skip_dag.py took 0.123 seconds
[2026-06-18T17:09:13.193+0000] {processor.py:161} INFO - Started process (PID=2550) to work on /home/airflow/.local/lib/python3.8/site-packages/airflow/example_dags/example_skip_dag.py
[2026-06-18T17:09:13.195+0000] {processor.py:830} INFO - Processing file /home/airflow/.local/lib/python3.8/site-packages/airflow/example_dags/example_skip_dag.py for tasks to queue
[2026-06-18T17:09:13.197+0000] {logging_mixin.py:188} INFO - [2026-06-18T17:09:13.197+0000] {dagbag.py:538} INFO - Filling up the DagBag from /home/airflow/.local/lib/python3.8/site-packages/airflow/example_dags/example_skip_dag.py
[2026-06-18T17:09:13.207+0000] {processor.py:840} INFO - DAG(s) 'example_skip_dag' retrieved from /home/airflow/.local/lib/python3.8/site-packages/airflow/example_dags/example_skip_dag.py
[2026-06-18T17:09:13.254+0000] {logging_mixin.py:188} INFO - [2026-06-18T17:09:13.253+0000] {dag.py:3036} INFO - Sync 1 DAGs
[2026-06-18T17:09:13.295+0000] {logging_mixin.py:188} INFO - [2026-06-18T17:09:13.295+0000] {dag.py:3823} INFO - Setting next_dagrun for example_skip_dag to 2026-06-17 00:00:00+00:00, run_after=2026-06-18 00:00:00+00:00
[2026-06-18T17:09:13.329+0000] {processor.py:183} INFO - Processing /home/airflow/.local/lib/python3.8/site-packages/airflow/example_dags/example_skip_dag.py took 0.141 seconds
[2026-06-18T17:09:43.873+0000] {processor.py:161} INFO - Started process (PID=2617) to work on /home/airflow/.local/lib/python3.8/site-packages/airflow/example_dags/example_skip_dag.py
[2026-06-18T17:09:43.875+0000] {processor.py:830} INFO - Processing file /home/airflow/.local/lib/python3.8/site-packages/airflow/example_dags/example_skip_dag.py for tasks to queue
[2026-06-18T17:09:43.878+0000] {logging_mixin.py:188} INFO - [2026-06-18T17:09:43.877+0000] {dagbag.py:538} INFO - Filling up the DagBag from /home/airflow/.local/lib/python3.8/site-packages/airflow/example_dags/example_skip_dag.py
[2026-06-18T17:09:43.888+0000] {processor.py:840} INFO - DAG(s) 'example_skip_dag' retrieved from /home/airflow/.local/lib/python3.8/site-packages/airflow/example_dags/example_skip_dag.py
[2026-06-18T17:09:43.932+0000] {logging_mixin.py:188} INFO - [2026-06-18T17:09:43.931+0000] {dag.py:3036} INFO - Sync 1 DAGs
[2026-06-18T17:09:43.972+0000] {logging_mixin.py:188} INFO - [2026-06-18T17:09:43.972+0000] {dag.py:3823} INFO - Setting next_dagrun for example_skip_dag to 2026-06-17 00:00:00+00:00, run_after=2026-06-18 00:00:00+00:00
[2026-06-18T17:09:44.006+0000] {processor.py:183} INFO - Processing /home/airflow/.local/lib/python3.8/site-packages/airflow/example_dags/example_skip_dag.py took 0.138 seconds
[2026-06-18T17:10:14.302+0000] {processor.py:161} INFO - Started process (PID=2683) to work on /home/airflow/.local/lib/python3.8/site-packages/airflow/example_dags/example_skip_dag.py
[2026-06-18T17:10:14.303+0000] {processor.py:830} INFO - Processing file /home/airflow/.local/lib/python3.8/site-packages/airflow/example_dags/example_skip_dag.py for tasks to queue
[2026-06-18T17:10:14.306+0000] {logging_mixin.py:188} INFO - [2026-06-18T17:10:14.305+0000] {dagbag.py:538} INFO - Filling up the DagBag from /home/airflow/.local/lib/python3.8/site-packages/airflow/example_dags/example_skip_dag.py
[2026-06-18T17:10:14.319+0000] {processor.py:840} INFO - DAG(s) 'example_skip_dag' retrieved from /home/airflow/.local/lib/python3.8/site-packages/airflow/example_dags/example_skip_dag.py
[2026-06-18T17:10:14.359+0000] {logging_mixin.py:188} INFO - [2026-06-18T17:10:14.359+0000] {dag.py:3036} INFO - Sync 1 DAGs
[2026-06-18T17:10:14.395+0000] {logging_mixin.py:188} INFO - [2026-06-18T17:10:14.394+0000] {dag.py:3823} INFO - Setting next_dagrun for example_skip_dag to 2026-06-17 00:00:00+00:00, run_after=2026-06-18 00:00:00+00:00
[2026-06-18T17:10:14.428+0000] {processor.py:183} INFO - Processing /home/airflow/.local/lib/python3.8/site-packages/airflow/example_dags/example_skip_dag.py took 0.132 seconds
[2026-06-18T17:10:45.100+0000] {processor.py:161} INFO - Started process (PID=2748) to work on /home/airflow/.local/lib/python3.8/site-packages/airflow/example_dags/example_skip_dag.py
[2026-06-18T17:10:45.102+0000] {processor.py:830} INFO - Processing file /home/airflow/.local/lib/python3.8/site-packages/airflow/example_dags/example_skip_dag.py for tasks to queue
[2026-06-18T17:10:45.105+0000] {logging_mixin.py:188} INFO - [2026-06-18T17:10:45.104+0000] {dagbag.py:538} INFO - Filling up the DagBag from /home/airflow/.local/lib/python3.8/site-packages/airflow/example_dags/example_skip_dag.py
[2026-06-18T17:10:45.117+0000] {processor.py:840} INFO - DAG(s) 'example_skip_dag' retrieved from /home/airflow/.local/lib/python3.8/site-packages/airflow/example_dags/example_skip_dag.py
[2026-06-18T17:10:45.158+0000] {logging_mixin.py:188} INFO - [2026-06-18T17:10:45.158+0000] {dag.py:3036} INFO - Sync 1 DAGs
[2026-06-18T17:10:45.197+0000] {logging_mixin.py:188} INFO - [2026-06-18T17:10:45.196+0000] {dag.py:3823} INFO - Setting next_dagrun for example_skip_dag to 2026-06-17 00:00:00+00:00, run_after=2026-06-18 00:00:00+00:00
[2026-06-18T17:10:45.228+0000] {processor.py:183} INFO - Processing /home/airflow/.local/lib/python3.8/site-packages/airflow/example_dags/example_skip_dag.py took 0.133 seconds
[2026-06-18T17:11:15.724+0000] {processor.py:161} INFO - Started process (PID=2815) to work on /home/airflow/.local/lib/python3.8/site-packages/airflow/example_dags/example_skip_dag.py
[2026-06-18T17:11:15.726+0000] {processor.py:830} INFO - Processing file /home/airflow/.local/lib/python3.8/site-packages/airflow/example_dags/example_skip_dag.py for tasks to queue
[2026-06-18T17:11:15.728+0000] {logging_mixin.py:188} INFO - [2026-06-18T17:11:15.728+0000] {dagbag.py:538} INFO - Filling up the DagBag from /home/airflow/.local/lib/python3.8/site-packages/airflow/example_dags/example_skip_dag.py
[2026-06-18T17:11:15.738+0000] {processor.py:840} INFO - DAG(s) 'example_skip_dag' retrieved from /home/airflow/.local/lib/python3.8/site-packages/airflow/example_dags/example_skip_dag.py
[2026-06-18T17:11:15.790+0000] {logging_mixin.py:188} INFO - [2026-06-18T17:11:15.789+0000] {dag.py:3036} INFO - Sync 1 DAGs
[2026-06-18T17:11:15.843+0000] {logging_mixin.py:188} INFO - [2026-06-18T17:11:15.843+0000] {dag.py:3823} INFO - Setting next_dagrun for example_skip_dag to 2026-06-17 00:00:00+00:00, run_after=2026-06-18 00:00:00+00:00
[2026-06-18T17:11:16.091+0000] {processor.py:183} INFO - Processing /home/airflow/.local/lib/python3.8/site-packages/airflow/example_dags/example_skip_dag.py took 0.372 seconds
[2026-06-18T17:11:46.139+0000] {processor.py:161} INFO - Started process (PID=2880) to work on /home/airflow/.local/lib/python3.8/site-packages/airflow/example_dags/example_skip_dag.py
[2026-06-18T17:11:46.141+0000] {processor.py:830} INFO - Processing file /home/airflow/.local/lib/python3.8/site-packages/airflow/example_dags/example_skip_dag.py for tasks to queue
[2026-06-18T17:11:46.144+0000] {logging_mixin.py:188} INFO - [2026-06-18T17:11:46.143+0000] {dagbag.py:538} INFO - Filling up the DagBag from /home/airflow/.local/lib/python3.8/site-packages/airflow/example_dags/example_skip_dag.py
[2026-06-18T17:11:46.154+0000] {processor.py:840} INFO - DAG(s) 'example_skip_dag' retrieved from /home/airflow/.local/lib/python3.8/site-packages/airflow/example_dags/example_skip_dag.py
[2026-06-18T17:11:46.191+0000] {logging_mixin.py:188} INFO - [2026-06-18T17:11:46.190+0000] {dag.py:3036} INFO - Sync 1 DAGs
[2026-06-18T17:11:46.224+0000] {logging_mixin.py:188} INFO - [2026-06-18T17:11:46.223+0000] {dag.py:3823} INFO - Setting next_dagrun for example_skip_dag to 2026-06-17 00:00:00+00:00, run_after=2026-06-18 00:00:00+00:00
[2026-06-18T17:11:46.258+0000] {processor.py:183} INFO - Processing /home/airflow/.local/lib/python3.8/site-packages/airflow/example_dags/example_skip_dag.py took 0.123 seconds
[2026-06-18T17:12:16.834+0000] {processor.py:161} INFO - Started process (PID=2946) to work on /home/airflow/.local/lib/python3.8/site-packages/airflow/example_dags/example_skip_dag.py
[2026-06-18T17:12:16.836+0000] {processor.py:830} INFO - Processing file /home/airflow/.local/lib/python3.8/site-packages/airflow/example_dags/example_skip_dag.py for tasks to queue
[2026-06-18T17:12:16.838+0000] {logging_mixin.py:188} INFO - [2026-06-18T17:12:16.838+0000] {dagbag.py:538} INFO - Filling up the DagBag from /home/airflow/.local/lib/python3.8/site-packages/airflow/example_dags/example_skip_dag.py
[2026-06-18T17:12:16.848+0000] {processor.py:840} INFO - DAG(s) 'example_skip_dag' retrieved from /home/airflow/.local/lib/python3.8/site-packages/airflow/example_dags/example_skip_dag.py
[2026-06-18T17:12:16.886+0000] {logging_mixin.py:188} INFO - [2026-06-18T17:12:16.885+0000] {dag.py:3036} INFO - Sync 1 DAGs
[2026-06-18T17:12:16.924+0000] {logging_mixin.py:188} INFO - [2026-06-18T17:12:16.924+0000] {dag.py:3823} INFO - Setting next_dagrun for example_skip_dag to 2026-06-17 00:00:00+00:00, run_after=2026-06-18 00:00:00+00:00
[2026-06-18T17:12:16.953+0000] {processor.py:183} INFO - Processing /home/airflow/.local/lib/python3.8/site-packages/airflow/example_dags/example_skip_dag.py took 0.124 seconds
[2026-06-18T17:12:47.111+0000] {processor.py:161} INFO - Started process (PID=3013) to work on /home/airflow/.local/lib/python3.8/site-packages/airflow/example_dags/example_skip_dag.py
[2026-06-18T17:12:47.112+0000] {processor.py:830} INFO - Processing file /home/airflow/.local/lib/python3.8/site-packages/airflow/example_dags/example_skip_dag.py for tasks to queue
[2026-06-18T17:12:47.115+0000] {logging_mixin.py:188} INFO - [2026-06-18T17:12:47.114+0000] {dagbag.py:538} INFO - Filling up the DagBag from /home/airflow/.local/lib/python3.8/site-packages/airflow/example_dags/example_skip_dag.py
[2026-06-18T17:12:47.127+0000] {processor.py:840} INFO - DAG(s) 'example_skip_dag' retrieved from /home/airflow/.local/lib/python3.8/site-packages/airflow/example_dags/example_skip_dag.py
[2026-06-18T17:12:47.173+0000] {logging_mixin.py:188} INFO - [2026-06-18T17:12:47.173+0000] {dag.py:3036} INFO - Sync 1 DAGs
[2026-06-18T17:12:47.213+0000] {logging_mixin.py:188} INFO - [2026-06-18T17:12:47.212+0000] {dag.py:3823} INFO - Setting next_dagrun for example_skip_dag to 2026-06-17 00:00:00+00:00, run_after=2026-06-18 00:00:00+00:00
[2026-06-18T17:12:47.251+0000] {processor.py:183} INFO - Processing /home/airflow/.local/lib/python3.8/site-packages/airflow/example_dags/example_skip_dag.py took 0.146 seconds
[2026-06-18T17:13:19.119+0000] {processor.py:161} INFO - Started process (PID=3084) to work on /home/airflow/.local/lib/python3.8/site-packages/airflow/example_dags/example_skip_dag.py
[2026-06-18T17:13:19.121+0000] {processor.py:830} INFO - Processing file /home/airflow/.local/lib/python3.8/site-packages/airflow/example_dags/example_skip_dag.py for tasks to queue
[2026-06-18T17:13:19.125+0000] {logging_mixin.py:188} INFO - [2026-06-18T17:13:19.124+0000] {dagbag.py:538} INFO - Filling up the DagBag from /home/airflow/.local/lib/python3.8/site-packages/airflow/example_dags/example_skip_dag.py
[2026-06-18T17:13:19.140+0000] {processor.py:840} INFO - DAG(s) 'example_skip_dag' retrieved from /home/airflow/.local/lib/python3.8/site-packages/airflow/example_dags/example_skip_dag.py
[2026-06-18T17:13:19.428+0000] {logging_mixin.py:188} INFO - [2026-06-18T17:13:19.428+0000] {dag.py:3036} INFO - Sync 1 DAGs
[2026-06-18T17:13:19.474+0000] {logging_mixin.py:188} INFO - [2026-06-18T17:13:19.473+0000] {dag.py:3823} INFO - Setting next_dagrun for example_skip_dag to 2026-06-17 00:00:00+00:00, run_after=2026-06-18 00:00:00+00:00
[2026-06-18T17:13:19.510+0000] {processor.py:183} INFO - Processing /home/airflow/.local/lib/python3.8/site-packages/airflow/example_dags/example_skip_dag.py took 0.398 seconds
[2026-06-18T17:13:49.791+0000] {processor.py:161} INFO - Started process (PID=3150) to work on /home/airflow/.local/lib/python3.8/site-packages/airflow/example_dags/example_skip_dag.py
[2026-06-18T17:13:49.792+0000] {processor.py:830} INFO - Processing file /home/airflow/.local/lib/python3.8/site-packages/airflow/example_dags/example_skip_dag.py for tasks to queue
[2026-06-18T17:13:49.796+0000] {logging_mixin.py:188} INFO - [2026-06-18T17:13:49.795+0000] {dagbag.py:538} INFO - Filling up the DagBag from /home/airflow/.local/lib/python3.8/site-packages/airflow/example_dags/example_skip_dag.py
[2026-06-18T17:13:49.810+0000] {processor.py:840} INFO - DAG(s) 'example_skip_dag' retrieved from /home/airflow/.local/lib/python3.8/site-packages/airflow/example_dags/example_skip_dag.py
[2026-06-18T17:13:49.859+0000] {logging_mixin.py:188} INFO - [2026-06-18T17:13:49.858+0000] {dag.py:3036} INFO - Sync 1 DAGs
[2026-06-18T17:13:50.240+0000] {logging_mixin.py:188} INFO - [2026-06-18T17:13:50.239+0000] {dag.py:3823} INFO - Setting next_dagrun for example_skip_dag to 2026-06-17 00:00:00+00:00, run_after=2026-06-18 00:00:00+00:00
[2026-06-18T17:13:50.287+0000] {processor.py:183} INFO - Processing /home/airflow/.local/lib/python3.8/site-packages/airflow/example_dags/example_skip_dag.py took 0.503 seconds
[2026-06-18T17:14:21.150+0000] {processor.py:161} INFO - Started process (PID=3216) to work on /home/airflow/.local/lib/python3.8/site-packages/airflow/example_dags/example_skip_dag.py
[2026-06-18T17:14:21.152+0000] {processor.py:830} INFO - Processing file /home/airflow/.local/lib/python3.8/site-packages/airflow/example_dags/example_skip_dag.py for tasks to queue
[2026-06-18T17:14:21.155+0000] {logging_mixin.py:188} INFO - [2026-06-18T17:14:21.155+0000] {dagbag.py:538} INFO - Filling up the DagBag from /home/airflow/.local/lib/python3.8/site-packages/airflow/example_dags/example_skip_dag.py
[2026-06-18T17:14:21.167+0000] {processor.py:840} INFO - DAG(s) 'example_skip_dag' retrieved from /home/airflow/.local/lib/python3.8/site-packages/airflow/example_dags/example_skip_dag.py
[2026-06-18T17:14:21.218+0000] {logging_mixin.py:188} INFO - [2026-06-18T17:14:21.217+0000] {dag.py:3036} INFO - Sync 1 DAGs
[2026-06-18T17:14:21.260+0000] {logging_mixin.py:188} INFO - [2026-06-18T17:14:21.260+0000] {dag.py:3823} INFO - Setting next_dagrun for example_skip_dag to 2026-06-17 00:00:00+00:00, run_after=2026-06-18 00:00:00+00:00
[2026-06-18T17:14:21.299+0000] {processor.py:183} INFO - Processing /home/airflow/.local/lib/python3.8/site-packages/airflow/example_dags/example_skip_dag.py took 0.155 seconds
[2026-06-18T17:14:52.171+0000] {processor.py:161} INFO - Started process (PID=3283) to work on /home/airflow/.local/lib/python3.8/site-packages/airflow/example_dags/example_skip_dag.py
[2026-06-18T17:14:52.172+0000] {processor.py:830} INFO - Processing file /home/airflow/.local/lib/python3.8/site-packages/airflow/example_dags/example_skip_dag.py for tasks to queue
[2026-06-18T17:14:52.175+0000] {logging_mixin.py:188} INFO - [2026-06-18T17:14:52.175+0000] {dagbag.py:538} INFO - Filling up the DagBag from /home/airflow/.local/lib/python3.8/site-packages/airflow/example_dags/example_skip_dag.py
[2026-06-18T17:14:52.188+0000] {processor.py:840} INFO - DAG(s) 'example_skip_dag' retrieved from /home/airflow/.local/lib/python3.8/site-packages/airflow/example_dags/example_skip_dag.py
[2026-06-18T17:14:52.236+0000] {logging_mixin.py:188} INFO - [2026-06-18T17:14:52.235+0000] {dag.py:3036} INFO - Sync 1 DAGs
[2026-06-18T17:14:52.280+0000] {logging_mixin.py:188} INFO - [2026-06-18T17:14:52.279+0000] {dag.py:3823} INFO - Setting next_dagrun for example_skip_dag to 2026-06-17 00:00:00+00:00, run_after=2026-06-18 00:00:00+00:00
[2026-06-18T17:14:52.321+0000] {processor.py:183} INFO - Processing /home/airflow/.local/lib/python3.8/site-packages/airflow/example_dags/example_skip_dag.py took 0.156 seconds
[2026-06-18T17:15:22.433+0000] {processor.py:161} INFO - Started process (PID=3349) to work on /home/airflow/.local/lib/python3.8/site-packages/airflow/example_dags/example_skip_dag.py
[2026-06-18T17:15:22.436+0000] {processor.py:830} INFO - Processing file /home/airflow/.local/lib/python3.8/site-packages/airflow/example_dags/example_skip_dag.py for tasks to queue
[2026-06-18T17:15:22.439+0000] {logging_mixin.py:188} INFO - [2026-06-18T17:15:22.438+0000] {dagbag.py:538} INFO - Filling up the DagBag from /home/airflow/.local/lib/python3.8/site-packages/airflow/example_dags/example_skip_dag.py
[2026-06-18T17:15:22.451+0000] {processor.py:840} INFO - DAG(s) 'example_skip_dag' retrieved from /home/airflow/.local/lib/python3.8/site-packages/airflow/example_dags/example_skip_dag.py
[2026-06-18T17:15:22.494+0000] {logging_mixin.py:188} INFO - [2026-06-18T17:15:22.493+0000] {dag.py:3036} INFO - Sync 1 DAGs
[2026-06-18T17:15:22.534+0000] {logging_mixin.py:188} INFO - [2026-06-18T17:15:22.533+0000] {dag.py:3823} INFO - Setting next_dagrun for example_skip_dag to 2026-06-17 00:00:00+00:00, run_after=2026-06-18 00:00:00+00:00
[2026-06-18T17:15:22.568+0000] {processor.py:183} INFO - Processing /home/airflow/.local/lib/python3.8/site-packages/airflow/example_dags/example_skip_dag.py took 0.140 seconds
[2026-06-18T17:15:53.056+0000] {processor.py:161} INFO - Started process (PID=3413) to work on /home/airflow/.local/lib/python3.8/site-packages/airflow/example_dags/example_skip_dag.py
[2026-06-18T17:15:53.058+0000] {processor.py:830} INFO - Processing file /home/airflow/.local/lib/python3.8/site-packages/airflow/example_dags/example_skip_dag.py for tasks to queue
[2026-06-18T17:15:53.061+0000] {logging_mixin.py:188} INFO - [2026-06-18T17:15:53.060+0000] {dagbag.py:538} INFO - Filling up the DagBag from /home/airflow/.local/lib/python3.8/site-packages/airflow/example_dags/example_skip_dag.py
[2026-06-18T17:15:53.073+0000] {processor.py:840} INFO - DAG(s) 'example_skip_dag' retrieved from /home/airflow/.local/lib/python3.8/site-packages/airflow/example_dags/example_skip_dag.py
[2026-06-18T17:15:53.112+0000] {logging_mixin.py:188} INFO - [2026-06-18T17:15:53.112+0000] {dag.py:3036} INFO - Sync 1 DAGs
[2026-06-18T17:15:53.156+0000] {logging_mixin.py:188} INFO - [2026-06-18T17:15:53.155+0000] {dag.py:3823} INFO - Setting next_dagrun for example_skip_dag to 2026-06-17 00:00:00+00:00, run_after=2026-06-18 00:00:00+00:00
[2026-06-18T17:15:53.190+0000] {processor.py:183} INFO - Processing /home/airflow/.local/lib/python3.8/site-packages/airflow/example_dags/example_skip_dag.py took 0.139 seconds
[2026-06-18T17:16:23.264+0000] {processor.py:161} INFO - Started process (PID=3479) to work on /home/airflow/.local/lib/python3.8/site-packages/airflow/example_dags/example_skip_dag.py
[2026-06-18T17:16:23.267+0000] {processor.py:830} INFO - Processing file /home/airflow/.local/lib/python3.8/site-packages/airflow/example_dags/example_skip_dag.py for tasks to queue
[2026-06-18T17:16:23.269+0000] {logging_mixin.py:188} INFO - [2026-06-18T17:16:23.269+0000] {dagbag.py:538} INFO - Filling up the DagBag from /home/airflow/.local/lib/python3.8/site-packages/airflow/example_dags/example_skip_dag.py
[2026-06-18T17:16:23.279+0000] {processor.py:840} INFO - DAG(s) 'example_skip_dag' retrieved from /home/airflow/.local/lib/python3.8/site-packages/airflow/example_dags/example_skip_dag.py
[2026-06-18T17:16:23.321+0000] {logging_mixin.py:188} INFO - [2026-06-18T17:16:23.321+0000] {dag.py:3036} INFO - Sync 1 DAGs
[2026-06-18T17:16:23.364+0000] {logging_mixin.py:188} INFO - [2026-06-18T17:16:23.364+0000] {dag.py:3823} INFO - Setting next_dagrun for example_skip_dag to 2026-06-17 00:00:00+00:00, run_after=2026-06-18 00:00:00+00:00
[2026-06-18T17:16:23.399+0000] {processor.py:183} INFO - Processing /home/airflow/.local/lib/python3.8/site-packages/airflow/example_dags/example_skip_dag.py took 0.140 seconds
[2026-06-18T17:16:53.570+0000] {processor.py:161} INFO - Started process (PID=3545) to work on /home/airflow/.local/lib/python3.8/site-packages/airflow/example_dags/example_skip_dag.py
[2026-06-18T17:16:53.572+0000] {processor.py:830} INFO - Processing file /home/airflow/.local/lib/python3.8/site-packages/airflow/example_dags/example_skip_dag.py for tasks to queue
[2026-06-18T17:16:53.575+0000] {logging_mixin.py:188} INFO - [2026-06-18T17:16:53.575+0000] {dagbag.py:538} INFO - Filling up the DagBag from /home/airflow/.local/lib/python3.8/site-packages/airflow/example_dags/example_skip_dag.py
[2026-06-18T17:16:53.589+0000] {processor.py:840} INFO - DAG(s) 'example_skip_dag' retrieved from /home/airflow/.local/lib/python3.8/site-packages/airflow/example_dags/example_skip_dag.py
[2026-06-18T17:16:53.637+0000] {logging_mixin.py:188} INFO - [2026-06-18T17:16:53.637+0000] {dag.py:3036} INFO - Sync 1 DAGs
[2026-06-18T17:16:53.686+0000] {logging_mixin.py:188} INFO - [2026-06-18T17:16:53.686+0000] {dag.py:3823} INFO - Setting next_dagrun for example_skip_dag to 2026-06-17 00:00:00+00:00, run_after=2026-06-18 00:00:00+00:00
[2026-06-18T17:16:53.722+0000] {processor.py:183} INFO - Processing /home/airflow/.local/lib/python3.8/site-packages/airflow/example_dags/example_skip_dag.py took 0.158 seconds
[2026-06-18T17:17:24.179+0000] {processor.py:161} INFO - Started process (PID=3612) to work on /home/airflow/.local/lib/python3.8/site-packages/airflow/example_dags/example_skip_dag.py
[2026-06-18T17:17:24.181+0000] {processor.py:830} INFO - Processing file /home/airflow/.local/lib/python3.8/site-packages/airflow/example_dags/example_skip_dag.py for tasks to queue
[2026-06-18T17:17:24.184+0000] {logging_mixin.py:188} INFO - [2026-06-18T17:17:24.184+0000] {dagbag.py:538} INFO - Filling up the DagBag from /home/airflow/.local/lib/python3.8/site-packages/airflow/example_dags/example_skip_dag.py
[2026-06-18T17:17:24.196+0000] {processor.py:840} INFO - DAG(s) 'example_skip_dag' retrieved from /home/airflow/.local/lib/python3.8/site-packages/airflow/example_dags/example_skip_dag.py
[2026-06-18T17:17:24.241+0000] {logging_mixin.py:188} INFO - [2026-06-18T17:17:24.240+0000] {dag.py:3036} INFO - Sync 1 DAGs
[2026-06-18T17:17:24.282+0000] {logging_mixin.py:188} INFO - [2026-06-18T17:17:24.282+0000] {dag.py:3823} INFO - Setting next_dagrun for example_skip_dag to 2026-06-17 00:00:00+00:00, run_after=2026-06-18 00:00:00+00:00
[2026-06-18T17:17:24.314+0000] {processor.py:183} INFO - Processing /home/airflow/.local/lib/python3.8/site-packages/airflow/example_dags/example_skip_dag.py took 0.140 seconds
[2026-06-18T17:17:54.809+0000] {processor.py:161} INFO - Started process (PID=3676) to work on /home/airflow/.local/lib/python3.8/site-packages/airflow/example_dags/example_skip_dag.py
[2026-06-18T17:17:54.811+0000] {processor.py:830} INFO - Processing file /home/airflow/.local/lib/python3.8/site-packages/airflow/example_dags/example_skip_dag.py for tasks to queue
[2026-06-18T17:17:54.814+0000] {logging_mixin.py:188} INFO - [2026-06-18T17:17:54.813+0000] {dagbag.py:538} INFO - Filling up the DagBag from /home/airflow/.local/lib/python3.8/site-packages/airflow/example_dags/example_skip_dag.py
[2026-06-18T17:17:54.824+0000] {processor.py:840} INFO - DAG(s) 'example_skip_dag' retrieved from /home/airflow/.local/lib/python3.8/site-packages/airflow/example_dags/example_skip_dag.py
[2026-06-18T17:17:54.865+0000] {logging_mixin.py:188} INFO - [2026-06-18T17:17:54.865+0000] {dag.py:3036} INFO - Sync 1 DAGs
[2026-06-18T17:17:54.903+0000] {logging_mixin.py:188} INFO - [2026-06-18T17:17:54.903+0000] {dag.py:3823} INFO - Setting next_dagrun for example_skip_dag to 2026-06-17 00:00:00+00:00, run_after=2026-06-18 00:00:00+00:00
[2026-06-18T17:17:54.932+0000] {processor.py:183} INFO - Processing /home/airflow/.local/lib/python3.8/site-packages/airflow/example_dags/example_skip_dag.py took 0.128 seconds
[2026-06-18T17:18:25.359+0000] {processor.py:161} INFO - Started process (PID=3743) to work on /home/airflow/.local/lib/python3.8/site-packages/airflow/example_dags/example_skip_dag.py
[2026-06-18T17:18:25.361+0000] {processor.py:830} INFO - Processing file /home/airflow/.local/lib/python3.8/site-packages/airflow/example_dags/example_skip_dag.py for tasks to queue
[2026-06-18T17:18:25.365+0000] {logging_mixin.py:188} INFO - [2026-06-18T17:18:25.364+0000] {dagbag.py:538} INFO - Filling up the DagBag from /home/airflow/.local/lib/python3.8/site-packages/airflow/example_dags/example_skip_dag.py
[2026-06-18T17:18:25.377+0000] {processor.py:840} INFO - DAG(s) 'example_skip_dag' retrieved from /home/airflow/.local/lib/python3.8/site-packages/airflow/example_dags/example_skip_dag.py
[2026-06-18T17:18:25.425+0000] {logging_mixin.py:188} INFO - [2026-06-18T17:18:25.425+0000] {dag.py:3036} INFO - Sync 1 DAGs
[2026-06-18T17:18:25.468+0000] {logging_mixin.py:188} INFO - [2026-06-18T17:18:25.467+0000] {dag.py:3823} INFO - Setting next_dagrun for example_skip_dag to 2026-06-17 00:00:00+00:00, run_after=2026-06-18 00:00:00+00:00
[2026-06-18T17:18:25.500+0000] {processor.py:183} INFO - Processing /home/airflow/.local/lib/python3.8/site-packages/airflow/example_dags/example_skip_dag.py took 0.147 seconds
[2026-06-18T17:18:56.053+0000] {processor.py:161} INFO - Started process (PID=3809) to work on /home/airflow/.local/lib/python3.8/site-packages/airflow/example_dags/example_skip_dag.py
[2026-06-18T17:18:56.055+0000] {processor.py:830} INFO - Processing file /home/airflow/.local/lib/python3.8/site-packages/airflow/example_dags/example_skip_dag.py for tasks to queue
[2026-06-18T17:18:56.057+0000] {logging_mixin.py:188} INFO - [2026-06-18T17:18:56.057+0000] {dagbag.py:538} INFO - Filling up the DagBag from /home/airflow/.local/lib/python3.8/site-packages/airflow/example_dags/example_skip_dag.py
[2026-06-18T17:18:56.067+0000] {processor.py:840} INFO - DAG(s) 'example_skip_dag' retrieved from /home/airflow/.local/lib/python3.8/site-packages/airflow/example_dags/example_skip_dag.py
[2026-06-18T17:18:56.109+0000] {logging_mixin.py:188} INFO - [2026-06-18T17:18:56.109+0000] {dag.py:3036} INFO - Sync 1 DAGs
[2026-06-18T17:18:56.152+0000] {logging_mixin.py:188} INFO - [2026-06-18T17:18:56.152+0000] {dag.py:3823} INFO - Setting next_dagrun for example_skip_dag to 2026-06-17 00:00:00+00:00, run_after=2026-06-18 00:00:00+00:00
[2026-06-18T17:18:56.186+0000] {processor.py:183} INFO - Processing /home/airflow/.local/lib/python3.8/site-packages/airflow/example_dags/example_skip_dag.py took 0.138 seconds
[2026-06-18T17:19:26.402+0000] {processor.py:161} INFO - Started process (PID=3882) to work on /home/airflow/.local/lib/python3.8/site-packages/airflow/example_dags/example_skip_dag.py
[2026-06-18T17:19:26.404+0000] {processor.py:830} INFO - Processing file /home/airflow/.local/lib/python3.8/site-packages/airflow/example_dags/example_skip_dag.py for tasks to queue
[2026-06-18T17:19:26.406+0000] {logging_mixin.py:188} INFO - [2026-06-18T17:19:26.406+0000] {dagbag.py:538} INFO - Filling up the DagBag from /home/airflow/.local/lib/python3.8/site-packages/airflow/example_dags/example_skip_dag.py
[2026-06-18T17:19:26.416+0000] {processor.py:840} INFO - DAG(s) 'example_skip_dag' retrieved from /home/airflow/.local/lib/python3.8/site-packages/airflow/example_dags/example_skip_dag.py
[2026-06-18T17:19:26.456+0000] {logging_mixin.py:188} INFO - [2026-06-18T17:19:26.456+0000] {dag.py:3036} INFO - Sync 1 DAGs
[2026-06-18T17:19:26.505+0000] {logging_mixin.py:188} INFO - [2026-06-18T17:19:26.504+0000] {dag.py:3823} INFO - Setting next_dagrun for example_skip_dag to 2026-06-17 00:00:00+00:00, run_after=2026-06-18 00:00:00+00:00
[2026-06-18T17:19:26.535+0000] {processor.py:183} INFO - Processing /home/airflow/.local/lib/python3.8/site-packages/airflow/example_dags/example_skip_dag.py took 0.138 seconds
[2026-06-18T17:19:56.754+0000] {processor.py:161} INFO - Started process (PID=3952) to work on /home/airflow/.local/lib/python3.8/site-packages/airflow/example_dags/example_skip_dag.py
[2026-06-18T17:19:56.756+0000] {processor.py:830} INFO - Processing file /home/airflow/.local/lib/python3.8/site-packages/airflow/example_dags/example_skip_dag.py for tasks to queue
[2026-06-18T17:19:56.760+0000] {logging_mixin.py:188} INFO - [2026-06-18T17:19:56.759+0000] {dagbag.py:538} INFO - Filling up the DagBag from /home/airflow/.local/lib/python3.8/site-packages/airflow/example_dags/example_skip_dag.py
[2026-06-18T17:19:56.771+0000] {processor.py:840} INFO - DAG(s) 'example_skip_dag' retrieved from /home/airflow/.local/lib/python3.8/site-packages/airflow/example_dags/example_skip_dag.py
[2026-06-18T17:19:56.813+0000] {logging_mixin.py:188} INFO - [2026-06-18T17:19:56.812+0000] {dag.py:3036} INFO - Sync 1 DAGs
[2026-06-18T17:19:56.859+0000] {logging_mixin.py:188} INFO - [2026-06-18T17:19:56.858+0000] {dag.py:3823} INFO - Setting next_dagrun for example_skip_dag to 2026-06-17 00:00:00+00:00, run_after=2026-06-18 00:00:00+00:00
[2026-06-18T17:19:56.895+0000] {processor.py:183} INFO - Processing /home/airflow/.local/lib/python3.8/site-packages/airflow/example_dags/example_skip_dag.py took 0.146 seconds
[2026-06-18T17:20:27.185+0000] {processor.py:161} INFO - Started process (PID=4018) to work on /home/airflow/.local/lib/python3.8/site-packages/airflow/example_dags/example_skip_dag.py
[2026-06-18T17:20:27.187+0000] {processor.py:830} INFO - Processing file /home/airflow/.local/lib/python3.8/site-packages/airflow/example_dags/example_skip_dag.py for tasks to queue
[2026-06-18T17:20:27.190+0000] {logging_mixin.py:188} INFO - [2026-06-18T17:20:27.190+0000] {dagbag.py:538} INFO - Filling up the DagBag from /home/airflow/.local/lib/python3.8/site-packages/airflow/example_dags/example_skip_dag.py
[2026-06-18T17:20:27.201+0000] {processor.py:840} INFO - DAG(s) 'example_skip_dag' retrieved from /home/airflow/.local/lib/python3.8/site-packages/airflow/example_dags/example_skip_dag.py
[2026-06-18T17:20:27.242+0000] {logging_mixin.py:188} INFO - [2026-06-18T17:20:27.242+0000] {dag.py:3036} INFO - Sync 1 DAGs
[2026-06-18T17:20:27.288+0000] {logging_mixin.py:188} INFO - [2026-06-18T17:20:27.287+0000] {dag.py:3823} INFO - Setting next_dagrun for example_skip_dag to 2026-06-17 00:00:00+00:00, run_after=2026-06-18 00:00:00+00:00
[2026-06-18T17:20:27.320+0000] {processor.py:183} INFO - Processing /home/airflow/.local/lib/python3.8/site-packages/airflow/example_dags/example_skip_dag.py took 0.140 seconds
[2026-06-18T17:20:58.311+0000] {processor.py:161} INFO - Started process (PID=4085) to work on /home/airflow/.local/lib/python3.8/site-packages/airflow/example_dags/example_skip_dag.py
[2026-06-18T17:20:58.313+0000] {processor.py:830} INFO - Processing file /home/airflow/.local/lib/python3.8/site-packages/airflow/example_dags/example_skip_dag.py for tasks to queue
[2026-06-18T17:20:58.316+0000] {logging_mixin.py:188} INFO - [2026-06-18T17:20:58.316+0000] {dagbag.py:538} INFO - Filling up the DagBag from /home/airflow/.local/lib/python3.8/site-packages/airflow/example_dags/example_skip_dag.py
[2026-06-18T17:20:58.327+0000] {processor.py:840} INFO - DAG(s) 'example_skip_dag' retrieved from /home/airflow/.local/lib/python3.8/site-packages/airflow/example_dags/example_skip_dag.py
[2026-06-18T17:20:58.370+0000] {logging_mixin.py:188} INFO - [2026-06-18T17:20:58.369+0000] {dag.py:3036} INFO - Sync 1 DAGs
[2026-06-18T17:20:58.411+0000] {logging_mixin.py:188} INFO - [2026-06-18T17:20:58.410+0000] {dag.py:3823} INFO - Setting next_dagrun for example_skip_dag to 2026-06-17 00:00:00+00:00, run_after=2026-06-18 00:00:00+00:00
[2026-06-18T17:20:58.449+0000] {processor.py:183} INFO - Processing /home/airflow/.local/lib/python3.8/site-packages/airflow/example_dags/example_skip_dag.py took 0.144 seconds
[2026-06-18T17:21:29.109+0000] {processor.py:161} INFO - Started process (PID=4151) to work on /home/airflow/.local/lib/python3.8/site-packages/airflow/example_dags/example_skip_dag.py
[2026-06-18T17:21:29.111+0000] {processor.py:830} INFO - Processing file /home/airflow/.local/lib/python3.8/site-packages/airflow/example_dags/example_skip_dag.py for tasks to queue
[2026-06-18T17:21:29.114+0000] {logging_mixin.py:188} INFO - [2026-06-18T17:21:29.113+0000] {dagbag.py:538} INFO - Filling up the DagBag from /home/airflow/.local/lib/python3.8/site-packages/airflow/example_dags/example_skip_dag.py
[2026-06-18T17:21:29.126+0000] {processor.py:840} INFO - DAG(s) 'example_skip_dag' retrieved from /home/airflow/.local/lib/python3.8/site-packages/airflow/example_dags/example_skip_dag.py
[2026-06-18T17:21:29.177+0000] {logging_mixin.py:188} INFO - [2026-06-18T17:21:29.177+0000] {dag.py:3036} INFO - Sync 1 DAGs
[2026-06-18T17:21:29.226+0000] {logging_mixin.py:188} INFO - [2026-06-18T17:21:29.226+0000] {dag.py:3823} INFO - Setting next_dagrun for example_skip_dag to 2026-06-17 00:00:00+00:00, run_after=2026-06-18 00:00:00+00:00
[2026-06-18T17:21:29.261+0000] {processor.py:183} INFO - Processing /home/airflow/.local/lib/python3.8/site-packages/airflow/example_dags/example_skip_dag.py took 0.157 seconds
[2026-06-18T17:21:59.569+0000] {processor.py:161} INFO - Started process (PID=4217) to work on /home/airflow/.local/lib/python3.8/site-packages/airflow/example_dags/example_skip_dag.py
[2026-06-18T17:21:59.571+0000] {processor.py:830} INFO - Processing file /home/airflow/.local/lib/python3.8/site-packages/airflow/example_dags/example_skip_dag.py for tasks to queue
[2026-06-18T17:21:59.574+0000] {logging_mixin.py:188} INFO - [2026-06-18T17:21:59.573+0000] {dagbag.py:538} INFO - Filling up the DagBag from /home/airflow/.local/lib/python3.8/site-packages/airflow/example_dags/example_skip_dag.py
[2026-06-18T17:21:59.585+0000] {processor.py:840} INFO - DAG(s) 'example_skip_dag' retrieved from /home/airflow/.local/lib/python3.8/site-packages/airflow/example_dags/example_skip_dag.py
[2026-06-18T17:21:59.629+0000] {logging_mixin.py:188} INFO - [2026-06-18T17:21:59.629+0000] {dag.py:3036} INFO - Sync 1 DAGs
[2026-06-18T17:21:59.676+0000] {logging_mixin.py:188} INFO - [2026-06-18T17:21:59.675+0000] {dag.py:3823} INFO - Setting next_dagrun for example_skip_dag to 2026-06-17 00:00:00+00:00, run_after=2026-06-18 00:00:00+00:00
[2026-06-18T17:21:59.706+0000] {processor.py:183} INFO - Processing /home/airflow/.local/lib/python3.8/site-packages/airflow/example_dags/example_skip_dag.py took 0.143 seconds
[2026-06-18T17:22:29.787+0000] {processor.py:161} INFO - Started process (PID=4283) to work on /home/airflow/.local/lib/python3.8/site-packages/airflow/example_dags/example_skip_dag.py
[2026-06-18T17:22:29.789+0000] {processor.py:830} INFO - Processing file /home/airflow/.local/lib/python3.8/site-packages/airflow/example_dags/example_skip_dag.py for tasks to queue
[2026-06-18T17:22:29.792+0000] {logging_mixin.py:188} INFO - [2026-06-18T17:22:29.792+0000] {dagbag.py:538} INFO - Filling up the DagBag from /home/airflow/.local/lib/python3.8/site-packages/airflow/example_dags/example_skip_dag.py
[2026-06-18T17:22:29.803+0000] {processor.py:840} INFO - DAG(s) 'example_skip_dag' retrieved from /home/airflow/.local/lib/python3.8/site-packages/airflow/example_dags/example_skip_dag.py
[2026-06-18T17:22:29.849+0000] {logging_mixin.py:188} INFO - [2026-06-18T17:22:29.848+0000] {dag.py:3036} INFO - Sync 1 DAGs
[2026-06-18T17:22:29.899+0000] {logging_mixin.py:188} INFO - [2026-06-18T17:22:29.899+0000] {dag.py:3823} INFO - Setting next_dagrun for example_skip_dag to 2026-06-17 00:00:00+00:00, run_after=2026-06-18 00:00:00+00:00
[2026-06-18T17:22:29.944+0000] {processor.py:183} INFO - Processing /home/airflow/.local/lib/python3.8/site-packages/airflow/example_dags/example_skip_dag.py took 0.162 seconds
[2026-06-18T17:23:00.441+0000] {processor.py:161} INFO - Started process (PID=4350) to work on /home/airflow/.local/lib/python3.8/site-packages/airflow/example_dags/example_skip_dag.py
[2026-06-18T17:23:00.443+0000] {processor.py:830} INFO - Processing file /home/airflow/.local/lib/python3.8/site-packages/airflow/example_dags/example_skip_dag.py for tasks to queue
[2026-06-18T17:23:00.446+0000] {logging_mixin.py:188} INFO - [2026-06-18T17:23:00.446+0000] {dagbag.py:538} INFO - Filling up the DagBag from /home/airflow/.local/lib/python3.8/site-packages/airflow/example_dags/example_skip_dag.py
[2026-06-18T17:23:00.457+0000] {processor.py:840} INFO - DAG(s) 'example_skip_dag' retrieved from /home/airflow/.local/lib/python3.8/site-packages/airflow/example_dags/example_skip_dag.py
[2026-06-18T17:23:00.500+0000] {logging_mixin.py:188} INFO - [2026-06-18T17:23:00.500+0000] {dag.py:3036} INFO - Sync 1 DAGs
[2026-06-18T17:23:00.540+0000] {logging_mixin.py:188} INFO - [2026-06-18T17:23:00.540+0000] {dag.py:3823} INFO - Setting next_dagrun for example_skip_dag to 2026-06-17 00:00:00+00:00, run_after=2026-06-18 00:00:00+00:00
[2026-06-18T17:23:00.575+0000] {processor.py:183} INFO - Processing /home/airflow/.local/lib/python3.8/site-packages/airflow/example_dags/example_skip_dag.py took 0.139 seconds
[2026-06-18T17:23:30.979+0000] {processor.py:161} INFO - Started process (PID=4415) to work on /home/airflow/.local/lib/python3.8/site-packages/airflow/example_dags/example_skip_dag.py
[2026-06-18T17:23:30.982+0000] {processor.py:830} INFO - Processing file /home/airflow/.local/lib/python3.8/site-packages/airflow/example_dags/example_skip_dag.py for tasks to queue
[2026-06-18T17:23:30.985+0000] {logging_mixin.py:188} INFO - [2026-06-18T17:23:30.985+0000] {dagbag.py:538} INFO - Filling up the DagBag from /home/airflow/.local/lib/python3.8/site-packages/airflow/example_dags/example_skip_dag.py
[2026-06-18T17:23:30.998+0000] {processor.py:840} INFO - DAG(s) 'example_skip_dag' retrieved from /home/airflow/.local/lib/python3.8/site-packages/airflow/example_dags/example_skip_dag.py
[2026-06-18T17:23:31.051+0000] {logging_mixin.py:188} INFO - [2026-06-18T17:23:31.050+0000] {dag.py:3036} INFO - Sync 1 DAGs
[2026-06-18T17:23:31.095+0000] {logging_mixin.py:188} INFO - [2026-06-18T17:23:31.095+0000] {dag.py:3823} INFO - Setting next_dagrun for example_skip_dag to 2026-06-17 00:00:00+00:00, run_after=2026-06-18 00:00:00+00:00
[2026-06-18T17:23:31.127+0000] {processor.py:183} INFO - Processing /home/airflow/.local/lib/python3.8/site-packages/airflow/example_dags/example_skip_dag.py took 0.154 seconds
[2026-06-18T17:24:01.210+0000] {processor.py:161} INFO - Started process (PID=4480) to work on /home/airflow/.local/lib/python3.8/site-packages/airflow/example_dags/example_skip_dag.py
[2026-06-18T17:24:01.212+0000] {processor.py:830} INFO - Processing file /home/airflow/.local/lib/python3.8/site-packages/airflow/example_dags/example_skip_dag.py for tasks to queue
[2026-06-18T17:24:01.214+0000] {logging_mixin.py:188} INFO - [2026-06-18T17:24:01.214+0000] {dagbag.py:538} INFO - Filling up the DagBag from /home/airflow/.local/lib/python3.8/site-packages/airflow/example_dags/example_skip_dag.py
[2026-06-18T17:24:01.225+0000] {processor.py:840} INFO - DAG(s) 'example_skip_dag' retrieved from /home/airflow/.local/lib/python3.8/site-packages/airflow/example_dags/example_skip_dag.py
[2026-06-18T17:24:01.266+0000] {logging_mixin.py:188} INFO - [2026-06-18T17:24:01.266+0000] {dag.py:3036} INFO - Sync 1 DAGs
[2026-06-18T17:24:01.306+0000] {logging_mixin.py:188} INFO - [2026-06-18T17:24:01.305+0000] {dag.py:3823} INFO - Setting next_dagrun for example_skip_dag to 2026-06-17 00:00:00+00:00, run_after=2026-06-18 00:00:00+00:00
[2026-06-18T17:24:01.336+0000] {processor.py:183} INFO - Processing /home/airflow/.local/lib/python3.8/site-packages/airflow/example_dags/example_skip_dag.py took 0.131 seconds
[2026-06-18T17:24:31.653+0000] {processor.py:161} INFO - Started process (PID=4546) to work on /home/airflow/.local/lib/python3.8/site-packages/airflow/example_dags/example_skip_dag.py
[2026-06-18T17:24:31.655+0000] {processor.py:830} INFO - Processing file /home/airflow/.local/lib/python3.8/site-packages/airflow/example_dags/example_skip_dag.py for tasks to queue
[2026-06-18T17:24:31.658+0000] {logging_mixin.py:188} INFO - [2026-06-18T17:24:31.657+0000] {dagbag.py:538} INFO - Filling up the DagBag from /home/airflow/.local/lib/python3.8/site-packages/airflow/example_dags/example_skip_dag.py
[2026-06-18T17:24:31.669+0000] {processor.py:840} INFO - DAG(s) 'example_skip_dag' retrieved from /home/airflow/.local/lib/python3.8/site-packages/airflow/example_dags/example_skip_dag.py
[2026-06-18T17:24:31.708+0000] {logging_mixin.py:188} INFO - [2026-06-18T17:24:31.708+0000] {dag.py:3036} INFO - Sync 1 DAGs
[2026-06-18T17:24:31.748+0000] {logging_mixin.py:188} INFO - [2026-06-18T17:24:31.748+0000] {dag.py:3823} INFO - Setting next_dagrun for example_skip_dag to 2026-06-17 00:00:00+00:00, run_after=2026-06-18 00:00:00+00:00
[2026-06-18T17:24:31.782+0000] {processor.py:183} INFO - Processing /home/airflow/.local/lib/python3.8/site-packages/airflow/example_dags/example_skip_dag.py took 0.134 seconds
[2026-06-18T17:25:02.314+0000] {processor.py:161} INFO - Started process (PID=4613) to work on /home/airflow/.local/lib/python3.8/site-packages/airflow/example_dags/example_skip_dag.py
[2026-06-18T17:25:02.317+0000] {processor.py:830} INFO - Processing file /home/airflow/.local/lib/python3.8/site-packages/airflow/example_dags/example_skip_dag.py for tasks to queue
[2026-06-18T17:25:02.320+0000] {logging_mixin.py:188} INFO - [2026-06-18T17:25:02.319+0000] {dagbag.py:538} INFO - Filling up the DagBag from /home/airflow/.local/lib/python3.8/site-packages/airflow/example_dags/example_skip_dag.py
[2026-06-18T17:25:02.337+0000] {processor.py:840} INFO - DAG(s) 'example_skip_dag' retrieved from /home/airflow/.local/lib/python3.8/site-packages/airflow/example_dags/example_skip_dag.py
[2026-06-18T17:25:02.388+0000] {logging_mixin.py:188} INFO - [2026-06-18T17:25:02.387+0000] {dag.py:3036} INFO - Sync 1 DAGs
[2026-06-18T17:25:02.433+0000] {logging_mixin.py:188} INFO - [2026-06-18T17:25:02.432+0000] {dag.py:3823} INFO - Setting next_dagrun for example_skip_dag to 2026-06-17 00:00:00+00:00, run_after=2026-06-18 00:00:00+00:00
[2026-06-18T17:25:02.468+0000] {processor.py:183} INFO - Processing /home/airflow/.local/lib/python3.8/site-packages/airflow/example_dags/example_skip_dag.py took 0.160 seconds
[2026-06-18T17:25:32.718+0000] {processor.py:161} INFO - Started process (PID=4679) to work on /home/airflow/.local/lib/python3.8/site-packages/airflow/example_dags/example_skip_dag.py
[2026-06-18T17:25:32.720+0000] {processor.py:830} INFO - Processing file /home/airflow/.local/lib/python3.8/site-packages/airflow/example_dags/example_skip_dag.py for tasks to queue
[2026-06-18T17:25:32.723+0000] {logging_mixin.py:188} INFO - [2026-06-18T17:25:32.722+0000] {dagbag.py:538} INFO - Filling up the DagBag from /home/airflow/.local/lib/python3.8/site-packages/airflow/example_dags/example_skip_dag.py
[2026-06-18T17:25:32.739+0000] {processor.py:840} INFO - DAG(s) 'example_skip_dag' retrieved from /home/airflow/.local/lib/python3.8/site-packages/airflow/example_dags/example_skip_dag.py
[2026-06-18T17:25:32.787+0000] {logging_mixin.py:188} INFO - [2026-06-18T17:25:32.787+0000] {dag.py:3036} INFO - Sync 1 DAGs
[2026-06-18T17:25:32.833+0000] {logging_mixin.py:188} INFO - [2026-06-18T17:25:32.833+0000] {dag.py:3823} INFO - Setting next_dagrun for example_skip_dag to 2026-06-17 00:00:00+00:00, run_after=2026-06-18 00:00:00+00:00
[2026-06-18T17:25:32.869+0000] {processor.py:183} INFO - Processing /home/airflow/.local/lib/python3.8/site-packages/airflow/example_dags/example_skip_dag.py took 0.156 seconds
[2026-06-18T17:26:03.051+0000] {processor.py:161} INFO - Started process (PID=4753) to work on /home/airflow/.local/lib/python3.8/site-packages/airflow/example_dags/example_skip_dag.py
[2026-06-18T17:26:03.052+0000] {processor.py:830} INFO - Processing file /home/airflow/.local/lib/python3.8/site-packages/airflow/example_dags/example_skip_dag.py for tasks to queue
[2026-06-18T17:26:03.056+0000] {logging_mixin.py:188} INFO - [2026-06-18T17:26:03.055+0000] {dagbag.py:538} INFO - Filling up the DagBag from /home/airflow/.local/lib/python3.8/site-packages/airflow/example_dags/example_skip_dag.py
[2026-06-18T17:26:03.071+0000] {processor.py:840} INFO - DAG(s) 'example_skip_dag' retrieved from /home/airflow/.local/lib/python3.8/site-packages/airflow/example_dags/example_skip_dag.py
[2026-06-18T17:26:03.118+0000] {logging_mixin.py:188} INFO - [2026-06-18T17:26:03.117+0000] {dag.py:3036} INFO - Sync 1 DAGs
[2026-06-18T17:26:03.168+0000] {logging_mixin.py:188} INFO - [2026-06-18T17:26:03.167+0000] {dag.py:3823} INFO - Setting next_dagrun for example_skip_dag to 2026-06-17 00:00:00+00:00, run_after=2026-06-18 00:00:00+00:00
[2026-06-18T17:26:03.222+0000] {processor.py:183} INFO - Processing /home/airflow/.local/lib/python3.8/site-packages/airflow/example_dags/example_skip_dag.py took 0.178 seconds
[2026-06-18T17:26:33.486+0000] {processor.py:161} INFO - Started process (PID=4820) to work on /home/airflow/.local/lib/python3.8/site-packages/airflow/example_dags/example_skip_dag.py
[2026-06-18T17:26:33.489+0000] {processor.py:830} INFO - Processing file /home/airflow/.local/lib/python3.8/site-packages/airflow/example_dags/example_skip_dag.py for tasks to queue
[2026-06-18T17:26:33.492+0000] {logging_mixin.py:188} INFO - [2026-06-18T17:26:33.491+0000] {dagbag.py:538} INFO - Filling up the DagBag from /home/airflow/.local/lib/python3.8/site-packages/airflow/example_dags/example_skip_dag.py
[2026-06-18T17:26:33.505+0000] {processor.py:840} INFO - DAG(s) 'example_skip_dag' retrieved from /home/airflow/.local/lib/python3.8/site-packages/airflow/example_dags/example_skip_dag.py
[2026-06-18T17:26:33.553+0000] {logging_mixin.py:188} INFO - [2026-06-18T17:26:33.553+0000] {dag.py:3036} INFO - Sync 1 DAGs
[2026-06-18T17:26:33.600+0000] {logging_mixin.py:188} INFO - [2026-06-18T17:26:33.599+0000] {dag.py:3823} INFO - Setting next_dagrun for example_skip_dag to 2026-06-17 00:00:00+00:00, run_after=2026-06-18 00:00:00+00:00
[2026-06-18T17:26:33.641+0000] {processor.py:183} INFO - Processing /home/airflow/.local/lib/python3.8/site-packages/airflow/example_dags/example_skip_dag.py took 0.160 seconds
[2026-06-18T17:27:03.797+0000] {processor.py:161} INFO - Started process (PID=4886) to work on /home/airflow/.local/lib/python3.8/site-packages/airflow/example_dags/example_skip_dag.py
[2026-06-18T17:27:03.799+0000] {processor.py:830} INFO - Processing file /home/airflow/.local/lib/python3.8/site-packages/airflow/example_dags/example_skip_dag.py for tasks to queue
[2026-06-18T17:27:03.801+0000] {logging_mixin.py:188} INFO - [2026-06-18T17:27:03.801+0000] {dagbag.py:538} INFO - Filling up the DagBag from /home/airflow/.local/lib/python3.8/site-packages/airflow/example_dags/example_skip_dag.py
[2026-06-18T17:27:03.812+0000] {processor.py:840} INFO - DAG(s) 'example_skip_dag' retrieved from /home/airflow/.local/lib/python3.8/site-packages/airflow/example_dags/example_skip_dag.py
[2026-06-18T17:27:03.858+0000] {logging_mixin.py:188} INFO - [2026-06-18T17:27:03.858+0000] {dag.py:3036} INFO - Sync 1 DAGs
[2026-06-18T17:27:03.906+0000] {logging_mixin.py:188} INFO - [2026-06-18T17:27:03.905+0000] {dag.py:3823} INFO - Setting next_dagrun for example_skip_dag to 2026-06-17 00:00:00+00:00, run_after=2026-06-18 00:00:00+00:00
[2026-06-18T17:27:03.939+0000] {processor.py:183} INFO - Processing /home/airflow/.local/lib/python3.8/site-packages/airflow/example_dags/example_skip_dag.py took 0.146 seconds
[2026-06-18T17:27:34.532+0000] {processor.py:161} INFO - Started process (PID=4953) to work on /home/airflow/.local/lib/python3.8/site-packages/airflow/example_dags/example_skip_dag.py
[2026-06-18T17:27:34.535+0000] {processor.py:830} INFO - Processing file /home/airflow/.local/lib/python3.8/site-packages/airflow/example_dags/example_skip_dag.py for tasks to queue
[2026-06-18T17:27:34.537+0000] {logging_mixin.py:188} INFO - [2026-06-18T17:27:34.537+0000] {dagbag.py:538} INFO - Filling up the DagBag from /home/airflow/.local/lib/python3.8/site-packages/airflow/example_dags/example_skip_dag.py
[2026-06-18T17:27:34.548+0000] {processor.py:840} INFO - DAG(s) 'example_skip_dag' retrieved from /home/airflow/.local/lib/python3.8/site-packages/airflow/example_dags/example_skip_dag.py
[2026-06-18T17:27:34.593+0000] {logging_mixin.py:188} INFO - [2026-06-18T17:27:34.593+0000] {dag.py:3036} INFO - Sync 1 DAGs
[2026-06-18T17:27:34.637+0000] {logging_mixin.py:188} INFO - [2026-06-18T17:27:34.637+0000] {dag.py:3823} INFO - Setting next_dagrun for example_skip_dag to 2026-06-17 00:00:00+00:00, run_after=2026-06-18 00:00:00+00:00
[2026-06-18T17:27:34.670+0000] {processor.py:183} INFO - Processing /home/airflow/.local/lib/python3.8/site-packages/airflow/example_dags/example_skip_dag.py took 0.143 seconds
[2026-06-18T17:28:05.452+0000] {processor.py:161} INFO - Started process (PID=5020) to work on /home/airflow/.local/lib/python3.8/site-packages/airflow/example_dags/example_skip_dag.py
[2026-06-18T17:28:05.454+0000] {processor.py:830} INFO - Processing file /home/airflow/.local/lib/python3.8/site-packages/airflow/example_dags/example_skip_dag.py for tasks to queue
[2026-06-18T17:28:05.457+0000] {logging_mixin.py:188} INFO - [2026-06-18T17:28:05.457+0000] {dagbag.py:538} INFO - Filling up the DagBag from /home/airflow/.local/lib/python3.8/site-packages/airflow/example_dags/example_skip_dag.py
[2026-06-18T17:28:05.468+0000] {processor.py:840} INFO - DAG(s) 'example_skip_dag' retrieved from /home/airflow/.local/lib/python3.8/site-packages/airflow/example_dags/example_skip_dag.py
[2026-06-18T17:28:05.512+0000] {logging_mixin.py:188} INFO - [2026-06-18T17:28:05.511+0000] {dag.py:3036} INFO - Sync 1 DAGs
[2026-06-18T17:28:05.553+0000] {logging_mixin.py:188} INFO - [2026-06-18T17:28:05.553+0000] {dag.py:3823} INFO - Setting next_dagrun for example_skip_dag to 2026-06-17 00:00:00+00:00, run_after=2026-06-18 00:00:00+00:00
[2026-06-18T17:28:05.584+0000] {processor.py:183} INFO - Processing /home/airflow/.local/lib/python3.8/site-packages/airflow/example_dags/example_skip_dag.py took 0.139 seconds
[2026-06-18T17:28:35.999+0000] {processor.py:161} INFO - Started process (PID=5085) to work on /home/airflow/.local/lib/python3.8/site-packages/airflow/example_dags/example_skip_dag.py
[2026-06-18T17:28:36.002+0000] {processor.py:830} INFO - Processing file /home/airflow/.local/lib/python3.8/site-packages/airflow/example_dags/example_skip_dag.py for tasks to queue
[2026-06-18T17:28:36.005+0000] {logging_mixin.py:188} INFO - [2026-06-18T17:28:36.005+0000] {dagbag.py:538} INFO - Filling up the DagBag from /home/airflow/.local/lib/python3.8/site-packages/airflow/example_dags/example_skip_dag.py
[2026-06-18T17:28:36.018+0000] {processor.py:840} INFO - DAG(s) 'example_skip_dag' retrieved from /home/airflow/.local/lib/python3.8/site-packages/airflow/example_dags/example_skip_dag.py
[2026-06-18T17:28:36.068+0000] {logging_mixin.py:188} INFO - [2026-06-18T17:28:36.068+0000] {dag.py:3036} INFO - Sync 1 DAGs
[2026-06-18T17:28:36.117+0000] {logging_mixin.py:188} INFO - [2026-06-18T17:28:36.117+0000] {dag.py:3823} INFO - Setting next_dagrun for example_skip_dag to 2026-06-17 00:00:00+00:00, run_after=2026-06-18 00:00:00+00:00
[2026-06-18T17:28:36.150+0000] {processor.py:183} INFO - Processing /home/airflow/.local/lib/python3.8/site-packages/airflow/example_dags/example_skip_dag.py took 0.157 seconds
[2026-06-18T17:29:06.239+0000] {processor.py:161} INFO - Started process (PID=5151) to work on /home/airflow/.local/lib/python3.8/site-packages/airflow/example_dags/example_skip_dag.py
[2026-06-18T17:29:06.244+0000] {processor.py:830} INFO - Processing file /home/airflow/.local/lib/python3.8/site-packages/airflow/example_dags/example_skip_dag.py for tasks to queue
[2026-06-18T17:29:06.253+0000] {logging_mixin.py:188} INFO - [2026-06-18T17:29:06.252+0000] {dagbag.py:538} INFO - Filling up the DagBag from /home/airflow/.local/lib/python3.8/site-packages/airflow/example_dags/example_skip_dag.py
[2026-06-18T17:29:06.268+0000] {processor.py:840} INFO - DAG(s) 'example_skip_dag' retrieved from /home/airflow/.local/lib/python3.8/site-packages/airflow/example_dags/example_skip_dag.py
[2026-06-18T17:29:06.317+0000] {logging_mixin.py:188} INFO - [2026-06-18T17:29:06.316+0000] {dag.py:3036} INFO - Sync 1 DAGs
[2026-06-18T17:29:06.366+0000] {logging_mixin.py:188} INFO - [2026-06-18T17:29:06.365+0000] {dag.py:3823} INFO - Setting next_dagrun for example_skip_dag to 2026-06-17 00:00:00+00:00, run_after=2026-06-18 00:00:00+00:00
[2026-06-18T17:29:06.398+0000] {processor.py:183} INFO - Processing /home/airflow/.local/lib/python3.8/site-packages/airflow/example_dags/example_skip_dag.py took 0.164 seconds
[2026-06-18T17:29:36.959+0000] {processor.py:161} INFO - Started process (PID=5215) to work on /home/airflow/.local/lib/python3.8/site-packages/airflow/example_dags/example_skip_dag.py
[2026-06-18T17:29:36.960+0000] {processor.py:830} INFO - Processing file /home/airflow/.local/lib/python3.8/site-packages/airflow/example_dags/example_skip_dag.py for tasks to queue
[2026-06-18T17:29:36.963+0000] {logging_mixin.py:188} INFO - [2026-06-18T17:29:36.963+0000] {dagbag.py:538} INFO - Filling up the DagBag from /home/airflow/.local/lib/python3.8/site-packages/airflow/example_dags/example_skip_dag.py
[2026-06-18T17:29:36.974+0000] {processor.py:840} INFO - DAG(s) 'example_skip_dag' retrieved from /home/airflow/.local/lib/python3.8/site-packages/airflow/example_dags/example_skip_dag.py
[2026-06-18T17:29:37.016+0000] {logging_mixin.py:188} INFO - [2026-06-18T17:29:37.016+0000] {dag.py:3036} INFO - Sync 1 DAGs
[2026-06-18T17:29:37.060+0000] {logging_mixin.py:188} INFO - [2026-06-18T17:29:37.060+0000] {dag.py:3823} INFO - Setting next_dagrun for example_skip_dag to 2026-06-17 00:00:00+00:00, run_after=2026-06-18 00:00:00+00:00
[2026-06-18T17:29:37.091+0000] {processor.py:183} INFO - Processing /home/airflow/.local/lib/python3.8/site-packages/airflow/example_dags/example_skip_dag.py took 0.137 seconds
[2026-06-18T17:30:07.463+0000] {processor.py:161} INFO - Started process (PID=5279) to work on /home/airflow/.local/lib/python3.8/site-packages/airflow/example_dags/example_skip_dag.py
[2026-06-18T17:30:07.465+0000] {processor.py:830} INFO - Processing file /home/airflow/.local/lib/python3.8/site-packages/airflow/example_dags/example_skip_dag.py for tasks to queue
[2026-06-18T17:30:07.468+0000] {logging_mixin.py:188} INFO - [2026-06-18T17:30:07.468+0000] {dagbag.py:538} INFO - Filling up the DagBag from /home/airflow/.local/lib/python3.8/site-packages/airflow/example_dags/example_skip_dag.py
[2026-06-18T17:30:07.480+0000] {processor.py:840} INFO - DAG(s) 'example_skip_dag' retrieved from /home/airflow/.local/lib/python3.8/site-packages/airflow/example_dags/example_skip_dag.py
[2026-06-18T17:30:07.527+0000] {logging_mixin.py:188} INFO - [2026-06-18T17:30:07.527+0000] {dag.py:3036} INFO - Sync 1 DAGs
[2026-06-18T17:30:07.565+0000] {logging_mixin.py:188} INFO - [2026-06-18T17:30:07.564+0000] {dag.py:3823} INFO - Setting next_dagrun for example_skip_dag to 2026-06-17 00:00:00+00:00, run_after=2026-06-18 00:00:00+00:00
[2026-06-18T17:30:07.595+0000] {processor.py:183} INFO - Processing /home/airflow/.local/lib/python3.8/site-packages/airflow/example_dags/example_skip_dag.py took 0.137 seconds
[2026-06-18T17:30:38.128+0000] {processor.py:161} INFO - Started process (PID=5345) to work on /home/airflow/.local/lib/python3.8/site-packages/airflow/example_dags/example_skip_dag.py
[2026-06-18T17:30:38.129+0000] {processor.py:830} INFO - Processing file /home/airflow/.local/lib/python3.8/site-packages/airflow/example_dags/example_skip_dag.py for tasks to queue
[2026-06-18T17:30:38.132+0000] {logging_mixin.py:188} INFO - [2026-06-18T17:30:38.132+0000] {dagbag.py:538} INFO - Filling up the DagBag from /home/airflow/.local/lib/python3.8/site-packages/airflow/example_dags/example_skip_dag.py
[2026-06-18T17:30:38.142+0000] {processor.py:840} INFO - DAG(s) 'example_skip_dag' retrieved from /home/airflow/.local/lib/python3.8/site-packages/airflow/example_dags/example_skip_dag.py
[2026-06-18T17:30:38.181+0000] {logging_mixin.py:188} INFO - [2026-06-18T17:30:38.180+0000] {dag.py:3036} INFO - Sync 1 DAGs
[2026-06-18T17:30:38.219+0000] {logging_mixin.py:188} INFO - [2026-06-18T17:30:38.218+0000] {dag.py:3823} INFO - Setting next_dagrun for example_skip_dag to 2026-06-17 00:00:00+00:00, run_after=2026-06-18 00:00:00+00:00
[2026-06-18T17:30:38.248+0000] {processor.py:183} INFO - Processing /home/airflow/.local/lib/python3.8/site-packages/airflow/example_dags/example_skip_dag.py took 0.126 seconds
[2026-06-18T17:31:08.663+0000] {processor.py:161} INFO - Started process (PID=5418) to work on /home/airflow/.local/lib/python3.8/site-packages/airflow/example_dags/example_skip_dag.py
[2026-06-18T17:31:08.667+0000] {processor.py:830} INFO - Processing file /home/airflow/.local/lib/python3.8/site-packages/airflow/example_dags/example_skip_dag.py for tasks to queue
[2026-06-18T17:31:08.670+0000] {logging_mixin.py:188} INFO - [2026-06-18T17:31:08.669+0000] {dagbag.py:538} INFO - Filling up the DagBag from /home/airflow/.local/lib/python3.8/site-packages/airflow/example_dags/example_skip_dag.py
[2026-06-18T17:31:08.683+0000] {processor.py:840} INFO - DAG(s) 'example_skip_dag' retrieved from /home/airflow/.local/lib/python3.8/site-packages/airflow/example_dags/example_skip_dag.py
[2026-06-18T17:31:08.733+0000] {logging_mixin.py:188} INFO - [2026-06-18T17:31:08.732+0000] {dag.py:3036} INFO - Sync 1 DAGs
[2026-06-18T17:31:08.777+0000] {logging_mixin.py:188} INFO - [2026-06-18T17:31:08.777+0000] {dag.py:3823} INFO - Setting next_dagrun for example_skip_dag to 2026-06-17 00:00:00+00:00, run_after=2026-06-18 00:00:00+00:00
[2026-06-18T17:31:08.813+0000] {processor.py:183} INFO - Processing /home/airflow/.local/lib/python3.8/site-packages/airflow/example_dags/example_skip_dag.py took 0.159 seconds
[2026-06-18T17:31:38.957+0000] {processor.py:161} INFO - Started process (PID=5484) to work on /home/airflow/.local/lib/python3.8/site-packages/airflow/example_dags/example_skip_dag.py
[2026-06-18T17:31:38.958+0000] {processor.py:830} INFO - Processing file /home/airflow/.local/lib/python3.8/site-packages/airflow/example_dags/example_skip_dag.py for tasks to queue
[2026-06-18T17:31:38.961+0000] {logging_mixin.py:188} INFO - [2026-06-18T17:31:38.961+0000] {dagbag.py:538} INFO - Filling up the DagBag from /home/airflow/.local/lib/python3.8/site-packages/airflow/example_dags/example_skip_dag.py
[2026-06-18T17:31:38.973+0000] {processor.py:840} INFO - DAG(s) 'example_skip_dag' retrieved from /home/airflow/.local/lib/python3.8/site-packages/airflow/example_dags/example_skip_dag.py
[2026-06-18T17:31:39.020+0000] {logging_mixin.py:188} INFO - [2026-06-18T17:31:39.019+0000] {dag.py:3036} INFO - Sync 1 DAGs
[2026-06-18T17:31:39.069+0000] {logging_mixin.py:188} INFO - [2026-06-18T17:31:39.068+0000] {dag.py:3823} INFO - Setting next_dagrun for example_skip_dag to 2026-06-17 00:00:00+00:00, run_after=2026-06-18 00:00:00+00:00
[2026-06-18T17:31:39.105+0000] {processor.py:183} INFO - Processing /home/airflow/.local/lib/python3.8/site-packages/airflow/example_dags/example_skip_dag.py took 0.153 seconds
[2026-06-18T17:32:09.457+0000] {processor.py:161} INFO - Started process (PID=5550) to work on /home/airflow/.local/lib/python3.8/site-packages/airflow/example_dags/example_skip_dag.py
[2026-06-18T17:32:09.460+0000] {processor.py:830} INFO - Processing file /home/airflow/.local/lib/python3.8/site-packages/airflow/example_dags/example_skip_dag.py for tasks to queue
[2026-06-18T17:32:09.462+0000] {logging_mixin.py:188} INFO - [2026-06-18T17:32:09.462+0000] {dagbag.py:538} INFO - Filling up the DagBag from /home/airflow/.local/lib/python3.8/site-packages/airflow/example_dags/example_skip_dag.py
[2026-06-18T17:32:09.473+0000] {processor.py:840} INFO - DAG(s) 'example_skip_dag' retrieved from /home/airflow/.local/lib/python3.8/site-packages/airflow/example_dags/example_skip_dag.py
[2026-06-18T17:32:09.514+0000] {logging_mixin.py:188} INFO - [2026-06-18T17:32:09.514+0000] {dag.py:3036} INFO - Sync 1 DAGs
[2026-06-18T17:32:09.552+0000] {logging_mixin.py:188} INFO - [2026-06-18T17:32:09.552+0000] {dag.py:3823} INFO - Setting next_dagrun for example_skip_dag to 2026-06-17 00:00:00+00:00, run_after=2026-06-18 00:00:00+00:00
[2026-06-18T17:32:09.582+0000] {processor.py:183} INFO - Processing /home/airflow/.local/lib/python3.8/site-packages/airflow/example_dags/example_skip_dag.py took 0.131 seconds
[2026-06-18T17:32:40.014+0000] {processor.py:161} INFO - Started process (PID=5616) to work on /home/airflow/.local/lib/python3.8/site-packages/airflow/example_dags/example_skip_dag.py
[2026-06-18T17:32:40.016+0000] {processor.py:830} INFO - Processing file /home/airflow/.local/lib/python3.8/site-packages/airflow/example_dags/example_skip_dag.py for tasks to queue
[2026-06-18T17:32:40.019+0000] {logging_mixin.py:188} INFO - [2026-06-18T17:32:40.019+0000] {dagbag.py:538} INFO - Filling up the DagBag from /home/airflow/.local/lib/python3.8/site-packages/airflow/example_dags/example_skip_dag.py
[2026-06-18T17:32:40.032+0000] {processor.py:840} INFO - DAG(s) 'example_skip_dag' retrieved from /home/airflow/.local/lib/python3.8/site-packages/airflow/example_dags/example_skip_dag.py
[2026-06-18T17:32:40.082+0000] {logging_mixin.py:188} INFO - [2026-06-18T17:32:40.082+0000] {dag.py:3036} INFO - Sync 1 DAGs
[2026-06-18T17:32:40.130+0000] {logging_mixin.py:188} INFO - [2026-06-18T17:32:40.130+0000] {dag.py:3823} INFO - Setting next_dagrun for example_skip_dag to 2026-06-17 00:00:00+00:00, run_after=2026-06-18 00:00:00+00:00
[2026-06-18T17:32:40.165+0000] {processor.py:183} INFO - Processing /home/airflow/.local/lib/python3.8/site-packages/airflow/example_dags/example_skip_dag.py took 0.157 seconds
[2026-06-18T17:33:10.569+0000] {processor.py:161} INFO - Started process (PID=5682) to work on /home/airflow/.local/lib/python3.8/site-packages/airflow/example_dags/example_skip_dag.py
[2026-06-18T17:33:10.571+0000] {processor.py:830} INFO - Processing file /home/airflow/.local/lib/python3.8/site-packages/airflow/example_dags/example_skip_dag.py for tasks to queue
[2026-06-18T17:33:10.580+0000] {logging_mixin.py:188} INFO - [2026-06-18T17:33:10.579+0000] {dagbag.py:538} INFO - Filling up the DagBag from /home/airflow/.local/lib/python3.8/site-packages/airflow/example_dags/example_skip_dag.py
[2026-06-18T17:33:10.592+0000] {processor.py:840} INFO - DAG(s) 'example_skip_dag' retrieved from /home/airflow/.local/lib/python3.8/site-packages/airflow/example_dags/example_skip_dag.py
[2026-06-18T17:33:10.641+0000] {logging_mixin.py:188} INFO - [2026-06-18T17:33:10.640+0000] {dag.py:3036} INFO - Sync 1 DAGs
[2026-06-18T17:33:10.684+0000] {logging_mixin.py:188} INFO - [2026-06-18T17:33:10.684+0000] {dag.py:3823} INFO - Setting next_dagrun for example_skip_dag to 2026-06-17 00:00:00+00:00, run_after=2026-06-18 00:00:00+00:00
[2026-06-18T17:33:10.719+0000] {processor.py:183} INFO - Processing /home/airflow/.local/lib/python3.8/site-packages/airflow/example_dags/example_skip_dag.py took 0.157 seconds
[2026-06-18T17:33:41.075+0000] {processor.py:161} INFO - Started process (PID=5747) to work on /home/airflow/.local/lib/python3.8/site-packages/airflow/example_dags/example_skip_dag.py
[2026-06-18T17:33:41.077+0000] {processor.py:830} INFO - Processing file /home/airflow/.local/lib/python3.8/site-packages/airflow/example_dags/example_skip_dag.py for tasks to queue
[2026-06-18T17:33:41.079+0000] {logging_mixin.py:188} INFO - [2026-06-18T17:33:41.079+0000] {dagbag.py:538} INFO - Filling up the DagBag from /home/airflow/.local/lib/python3.8/site-packages/airflow/example_dags/example_skip_dag.py
[2026-06-18T17:33:41.091+0000] {processor.py:840} INFO - DAG(s) 'example_skip_dag' retrieved from /home/airflow/.local/lib/python3.8/site-packages/airflow/example_dags/example_skip_dag.py
[2026-06-18T17:33:41.139+0000] {logging_mixin.py:188} INFO - [2026-06-18T17:33:41.138+0000] {dag.py:3036} INFO - Sync 1 DAGs
[2026-06-18T17:33:41.184+0000] {logging_mixin.py:188} INFO - [2026-06-18T17:33:41.183+0000] {dag.py:3823} INFO - Setting next_dagrun for example_skip_dag to 2026-06-17 00:00:00+00:00, run_after=2026-06-18 00:00:00+00:00
[2026-06-18T17:33:41.223+0000] {processor.py:183} INFO - Processing /home/airflow/.local/lib/python3.8/site-packages/airflow/example_dags/example_skip_dag.py took 0.154 seconds
[2026-06-18T17:34:11.508+0000] {processor.py:161} INFO - Started process (PID=5814) to work on /home/airflow/.local/lib/python3.8/site-packages/airflow/example_dags/example_skip_dag.py
[2026-06-18T17:34:11.509+0000] {processor.py:830} INFO - Processing file /home/airflow/.local/lib/python3.8/site-packages/airflow/example_dags/example_skip_dag.py for tasks to queue
[2026-06-18T17:34:11.512+0000] {logging_mixin.py:188} INFO - [2026-06-18T17:34:11.511+0000] {dagbag.py:538} INFO - Filling up the DagBag from /home/airflow/.local/lib/python3.8/site-packages/airflow/example_dags/example_skip_dag.py
[2026-06-18T17:34:11.521+0000] {processor.py:840} INFO - DAG(s) 'example_skip_dag' retrieved from /home/airflow/.local/lib/python3.8/site-packages/airflow/example_dags/example_skip_dag.py
[2026-06-18T17:34:11.566+0000] {logging_mixin.py:188} INFO - [2026-06-18T17:34:11.565+0000] {dag.py:3036} INFO - Sync 1 DAGs
[2026-06-18T17:34:11.605+0000] {logging_mixin.py:188} INFO - [2026-06-18T17:34:11.604+0000] {dag.py:3823} INFO - Setting next_dagrun for example_skip_dag to 2026-06-17 00:00:00+00:00, run_after=2026-06-18 00:00:00+00:00
[2026-06-18T17:34:11.637+0000] {processor.py:183} INFO - Processing /home/airflow/.local/lib/python3.8/site-packages/airflow/example_dags/example_skip_dag.py took 0.134 seconds
[2026-06-18T17:34:42.080+0000] {processor.py:161} INFO - Started process (PID=5879) to work on /home/airflow/.local/lib/python3.8/site-packages/airflow/example_dags/example_skip_dag.py
[2026-06-18T17:34:42.082+0000] {processor.py:830} INFO - Processing file /home/airflow/.local/lib/python3.8/site-packages/airflow/example_dags/example_skip_dag.py for tasks to queue
[2026-06-18T17:34:42.085+0000] {logging_mixin.py:188} INFO - [2026-06-18T17:34:42.084+0000] {dagbag.py:538} INFO - Filling up the DagBag from /home/airflow/.local/lib/python3.8/site-packages/airflow/example_dags/example_skip_dag.py
[2026-06-18T17:34:42.095+0000] {processor.py:840} INFO - DAG(s) 'example_skip_dag' retrieved from /home/airflow/.local/lib/python3.8/site-packages/airflow/example_dags/example_skip_dag.py
[2026-06-18T17:34:42.138+0000] {logging_mixin.py:188} INFO - [2026-06-18T17:34:42.137+0000] {dag.py:3036} INFO - Sync 1 DAGs
[2026-06-18T17:34:42.184+0000] {logging_mixin.py:188} INFO - [2026-06-18T17:34:42.184+0000] {dag.py:3823} INFO - Setting next_dagrun for example_skip_dag to 2026-06-17 00:00:00+00:00, run_after=2026-06-18 00:00:00+00:00
[2026-06-18T17:34:42.223+0000] {processor.py:183} INFO - Processing /home/airflow/.local/lib/python3.8/site-packages/airflow/example_dags/example_skip_dag.py took 0.148 seconds
[2026-06-18T17:35:12.584+0000] {processor.py:161} INFO - Started process (PID=5945) to work on /home/airflow/.local/lib/python3.8/site-packages/airflow/example_dags/example_skip_dag.py
[2026-06-18T17:35:12.585+0000] {processor.py:830} INFO - Processing file /home/airflow/.local/lib/python3.8/site-packages/airflow/example_dags/example_skip_dag.py for tasks to queue
[2026-06-18T17:35:12.588+0000] {logging_mixin.py:188} INFO - [2026-06-18T17:35:12.588+0000] {dagbag.py:538} INFO - Filling up the DagBag from /home/airflow/.local/lib/python3.8/site-packages/airflow/example_dags/example_skip_dag.py
[2026-06-18T17:35:12.598+0000] {processor.py:840} INFO - DAG(s) 'example_skip_dag' retrieved from /home/airflow/.local/lib/python3.8/site-packages/airflow/example_dags/example_skip_dag.py
[2026-06-18T17:35:12.639+0000] {logging_mixin.py:188} INFO - [2026-06-18T17:35:12.639+0000] {dag.py:3036} INFO - Sync 1 DAGs
[2026-06-18T17:35:12.675+0000] {logging_mixin.py:188} INFO - [2026-06-18T17:35:12.675+0000] {dag.py:3823} INFO - Setting next_dagrun for example_skip_dag to 2026-06-17 00:00:00+00:00, run_after=2026-06-18 00:00:00+00:00
[2026-06-18T17:35:12.707+0000] {processor.py:183} INFO - Processing /home/airflow/.local/lib/python3.8/site-packages/airflow/example_dags/example_skip_dag.py took 0.129 seconds
[2026-06-18T17:35:42.979+0000] {processor.py:161} INFO - Started process (PID=6010) to work on /home/airflow/.local/lib/python3.8/site-packages/airflow/example_dags/example_skip_dag.py
[2026-06-18T17:35:42.980+0000] {processor.py:830} INFO - Processing file /home/airflow/.local/lib/python3.8/site-packages/airflow/example_dags/example_skip_dag.py for tasks to queue
[2026-06-18T17:35:42.983+0000] {logging_mixin.py:188} INFO - [2026-06-18T17:35:42.983+0000] {dagbag.py:538} INFO - Filling up the DagBag from /home/airflow/.local/lib/python3.8/site-packages/airflow/example_dags/example_skip_dag.py
[2026-06-18T17:35:42.994+0000] {processor.py:840} INFO - DAG(s) 'example_skip_dag' retrieved from /home/airflow/.local/lib/python3.8/site-packages/airflow/example_dags/example_skip_dag.py
[2026-06-18T17:35:43.039+0000] {logging_mixin.py:188} INFO - [2026-06-18T17:35:43.039+0000] {dag.py:3036} INFO - Sync 1 DAGs
[2026-06-18T17:35:43.078+0000] {logging_mixin.py:188} INFO - [2026-06-18T17:35:43.078+0000] {dag.py:3823} INFO - Setting next_dagrun for example_skip_dag to 2026-06-17 00:00:00+00:00, run_after=2026-06-18 00:00:00+00:00
[2026-06-18T17:35:43.109+0000] {processor.py:183} INFO - Processing /home/airflow/.local/lib/python3.8/site-packages/airflow/example_dags/example_skip_dag.py took 0.136 seconds
[2026-06-18T17:36:13.232+0000] {processor.py:161} INFO - Started process (PID=6076) to work on /home/airflow/.local/lib/python3.8/site-packages/airflow/example_dags/example_skip_dag.py
[2026-06-18T17:36:13.233+0000] {processor.py:830} INFO - Processing file /home/airflow/.local/lib/python3.8/site-packages/airflow/example_dags/example_skip_dag.py for tasks to queue
[2026-06-18T17:36:13.235+0000] {logging_mixin.py:188} INFO - [2026-06-18T17:36:13.235+0000] {dagbag.py:538} INFO - Filling up the DagBag from /home/airflow/.local/lib/python3.8/site-packages/airflow/example_dags/example_skip_dag.py
[2026-06-18T17:36:13.248+0000] {processor.py:840} INFO - DAG(s) 'example_skip_dag' retrieved from /home/airflow/.local/lib/python3.8/site-packages/airflow/example_dags/example_skip_dag.py
[2026-06-18T17:36:13.287+0000] {logging_mixin.py:188} INFO - [2026-06-18T17:36:13.287+0000] {dag.py:3036} INFO - Sync 1 DAGs
[2026-06-18T17:36:13.328+0000] {logging_mixin.py:188} INFO - [2026-06-18T17:36:13.328+0000] {dag.py:3823} INFO - Setting next_dagrun for example_skip_dag to 2026-06-17 00:00:00+00:00, run_after=2026-06-18 00:00:00+00:00
[2026-06-18T17:36:13.360+0000] {processor.py:183} INFO - Processing /home/airflow/.local/lib/python3.8/site-packages/airflow/example_dags/example_skip_dag.py took 0.133 seconds
[2026-06-18T17:36:43.571+0000] {processor.py:161} INFO - Started process (PID=6142) to work on /home/airflow/.local/lib/python3.8/site-packages/airflow/example_dags/example_skip_dag.py
[2026-06-18T17:36:43.573+0000] {processor.py:830} INFO - Processing file /home/airflow/.local/lib/python3.8/site-packages/airflow/example_dags/example_skip_dag.py for tasks to queue
[2026-06-18T17:36:43.576+0000] {logging_mixin.py:188} INFO - [2026-06-18T17:36:43.575+0000] {dagbag.py:538} INFO - Filling up the DagBag from /home/airflow/.local/lib/python3.8/site-packages/airflow/example_dags/example_skip_dag.py
[2026-06-18T17:36:43.588+0000] {processor.py:840} INFO - DAG(s) 'example_skip_dag' retrieved from /home/airflow/.local/lib/python3.8/site-packages/airflow/example_dags/example_skip_dag.py
[2026-06-18T17:36:43.629+0000] {logging_mixin.py:188} INFO - [2026-06-18T17:36:43.628+0000] {dag.py:3036} INFO - Sync 1 DAGs
[2026-06-18T17:36:43.669+0000] {logging_mixin.py:188} INFO - [2026-06-18T17:36:43.668+0000] {dag.py:3823} INFO - Setting next_dagrun for example_skip_dag to 2026-06-17 00:00:00+00:00, run_after=2026-06-18 00:00:00+00:00
[2026-06-18T17:36:43.700+0000] {processor.py:183} INFO - Processing /home/airflow/.local/lib/python3.8/site-packages/airflow/example_dags/example_skip_dag.py took 0.135 seconds
[2026-06-18T17:37:13.837+0000] {processor.py:161} INFO - Started process (PID=6208) to work on /home/airflow/.local/lib/python3.8/site-packages/airflow/example_dags/example_skip_dag.py
[2026-06-18T17:37:13.839+0000] {processor.py:830} INFO - Processing file /home/airflow/.local/lib/python3.8/site-packages/airflow/example_dags/example_skip_dag.py for tasks to queue
[2026-06-18T17:37:13.842+0000] {logging_mixin.py:188} INFO - [2026-06-18T17:37:13.841+0000] {dagbag.py:538} INFO - Filling up the DagBag from /home/airflow/.local/lib/python3.8/site-packages/airflow/example_dags/example_skip_dag.py
[2026-06-18T17:37:13.853+0000] {processor.py:840} INFO - DAG(s) 'example_skip_dag' retrieved from /home/airflow/.local/lib/python3.8/site-packages/airflow/example_dags/example_skip_dag.py
[2026-06-18T17:37:13.899+0000] {logging_mixin.py:188} INFO - [2026-06-18T17:37:13.898+0000] {dag.py:3036} INFO - Sync 1 DAGs
[2026-06-18T17:37:13.937+0000] {logging_mixin.py:188} INFO - [2026-06-18T17:37:13.936+0000] {dag.py:3823} INFO - Setting next_dagrun for example_skip_dag to 2026-06-17 00:00:00+00:00, run_after=2026-06-18 00:00:00+00:00
[2026-06-18T17:37:13.980+0000] {processor.py:183} INFO - Processing /home/airflow/.local/lib/python3.8/site-packages/airflow/example_dags/example_skip_dag.py took 0.148 seconds
[2026-06-18T17:37:44.480+0000] {processor.py:161} INFO - Started process (PID=6273) to work on /home/airflow/.local/lib/python3.8/site-packages/airflow/example_dags/example_skip_dag.py
[2026-06-18T17:37:44.482+0000] {processor.py:830} INFO - Processing file /home/airflow/.local/lib/python3.8/site-packages/airflow/example_dags/example_skip_dag.py for tasks to queue
[2026-06-18T17:37:44.484+0000] {logging_mixin.py:188} INFO - [2026-06-18T17:37:44.484+0000] {dagbag.py:538} INFO - Filling up the DagBag from /home/airflow/.local/lib/python3.8/site-packages/airflow/example_dags/example_skip_dag.py
[2026-06-18T17:37:44.496+0000] {processor.py:840} INFO - DAG(s) 'example_skip_dag' retrieved from /home/airflow/.local/lib/python3.8/site-packages/airflow/example_dags/example_skip_dag.py
[2026-06-18T17:37:44.535+0000] {logging_mixin.py:188} INFO - [2026-06-18T17:37:44.534+0000] {dag.py:3036} INFO - Sync 1 DAGs
[2026-06-18T17:37:44.573+0000] {logging_mixin.py:188} INFO - [2026-06-18T17:37:44.572+0000] {dag.py:3823} INFO - Setting next_dagrun for example_skip_dag to 2026-06-17 00:00:00+00:00, run_after=2026-06-18 00:00:00+00:00
[2026-06-18T17:37:44.605+0000] {processor.py:183} INFO - Processing /home/airflow/.local/lib/python3.8/site-packages/airflow/example_dags/example_skip_dag.py took 0.131 seconds
[2026-06-18T17:38:15.470+0000] {processor.py:161} INFO - Started process (PID=6345) to work on /home/airflow/.local/lib/python3.8/site-packages/airflow/example_dags/example_skip_dag.py
[2026-06-18T17:38:15.471+0000] {processor.py:830} INFO - Processing file /home/airflow/.local/lib/python3.8/site-packages/airflow/example_dags/example_skip_dag.py for tasks to queue
[2026-06-18T17:38:15.474+0000] {logging_mixin.py:188} INFO - [2026-06-18T17:38:15.474+0000] {dagbag.py:538} INFO - Filling up the DagBag from /home/airflow/.local/lib/python3.8/site-packages/airflow/example_dags/example_skip_dag.py
[2026-06-18T17:38:15.485+0000] {processor.py:840} INFO - DAG(s) 'example_skip_dag' retrieved from /home/airflow/.local/lib/python3.8/site-packages/airflow/example_dags/example_skip_dag.py
[2026-06-18T17:38:15.530+0000] {logging_mixin.py:188} INFO - [2026-06-18T17:38:15.530+0000] {dag.py:3036} INFO - Sync 1 DAGs
[2026-06-18T17:38:15.586+0000] {logging_mixin.py:188} INFO - [2026-06-18T17:38:15.585+0000] {dag.py:3823} INFO - Setting next_dagrun for example_skip_dag to 2026-06-17 00:00:00+00:00, run_after=2026-06-18 00:00:00+00:00
[2026-06-18T17:38:15.626+0000] {processor.py:183} INFO - Processing /home/airflow/.local/lib/python3.8/site-packages/airflow/example_dags/example_skip_dag.py took 0.162 seconds
[2026-06-18T17:38:45.814+0000] {processor.py:161} INFO - Started process (PID=6412) to work on /home/airflow/.local/lib/python3.8/site-packages/airflow/example_dags/example_skip_dag.py
[2026-06-18T17:38:45.816+0000] {processor.py:830} INFO - Processing file /home/airflow/.local/lib/python3.8/site-packages/airflow/example_dags/example_skip_dag.py for tasks to queue
[2026-06-18T17:38:45.819+0000] {logging_mixin.py:188} INFO - [2026-06-18T17:38:45.819+0000] {dagbag.py:538} INFO - Filling up the DagBag from /home/airflow/.local/lib/python3.8/site-packages/airflow/example_dags/example_skip_dag.py
[2026-06-18T17:38:45.831+0000] {processor.py:840} INFO - DAG(s) 'example_skip_dag' retrieved from /home/airflow/.local/lib/python3.8/site-packages/airflow/example_dags/example_skip_dag.py
[2026-06-18T17:38:45.875+0000] {logging_mixin.py:188} INFO - [2026-06-18T17:38:45.874+0000] {dag.py:3036} INFO - Sync 1 DAGs
[2026-06-18T17:38:45.920+0000] {logging_mixin.py:188} INFO - [2026-06-18T17:38:45.919+0000] {dag.py:3823} INFO - Setting next_dagrun for example_skip_dag to 2026-06-17 00:00:00+00:00, run_after=2026-06-18 00:00:00+00:00
[2026-06-18T17:38:45.952+0000] {processor.py:183} INFO - Processing /home/airflow/.local/lib/python3.8/site-packages/airflow/example_dags/example_skip_dag.py took 0.143 seconds
[2026-06-18T17:39:16.384+0000] {processor.py:161} INFO - Started process (PID=6478) to work on /home/airflow/.local/lib/python3.8/site-packages/airflow/example_dags/example_skip_dag.py
[2026-06-18T17:39:16.386+0000] {processor.py:830} INFO - Processing file /home/airflow/.local/lib/python3.8/site-packages/airflow/example_dags/example_skip_dag.py for tasks to queue
[2026-06-18T17:39:16.388+0000] {logging_mixin.py:188} INFO - [2026-06-18T17:39:16.388+0000] {dagbag.py:538} INFO - Filling up the DagBag from /home/airflow/.local/lib/python3.8/site-packages/airflow/example_dags/example_skip_dag.py
[2026-06-18T17:39:16.400+0000] {processor.py:840} INFO - DAG(s) 'example_skip_dag' retrieved from /home/airflow/.local/lib/python3.8/site-packages/airflow/example_dags/example_skip_dag.py
[2026-06-18T17:39:16.447+0000] {logging_mixin.py:188} INFO - [2026-06-18T17:39:16.447+0000] {dag.py:3036} INFO - Sync 1 DAGs
[2026-06-18T17:39:16.483+0000] {logging_mixin.py:188} INFO - [2026-06-18T17:39:16.483+0000] {dag.py:3823} INFO - Setting next_dagrun for example_skip_dag to 2026-06-17 00:00:00+00:00, run_after=2026-06-18 00:00:00+00:00
[2026-06-18T17:39:16.516+0000] {processor.py:183} INFO - Processing /home/airflow/.local/lib/python3.8/site-packages/airflow/example_dags/example_skip_dag.py took 0.138 seconds
[2026-06-18T17:39:47.118+0000] {processor.py:161} INFO - Started process (PID=6544) to work on /home/airflow/.local/lib/python3.8/site-packages/airflow/example_dags/example_skip_dag.py
[2026-06-18T17:39:47.119+0000] {processor.py:830} INFO - Processing file /home/airflow/.local/lib/python3.8/site-packages/airflow/example_dags/example_skip_dag.py for tasks to queue
[2026-06-18T17:39:47.122+0000] {logging_mixin.py:188} INFO - [2026-06-18T17:39:47.122+0000] {dagbag.py:538} INFO - Filling up the DagBag from /home/airflow/.local/lib/python3.8/site-packages/airflow/example_dags/example_skip_dag.py
[2026-06-18T17:39:47.133+0000] {processor.py:840} INFO - DAG(s) 'example_skip_dag' retrieved from /home/airflow/.local/lib/python3.8/site-packages/airflow/example_dags/example_skip_dag.py
[2026-06-18T17:39:47.179+0000] {logging_mixin.py:188} INFO - [2026-06-18T17:39:47.179+0000] {dag.py:3036} INFO - Sync 1 DAGs
[2026-06-18T17:39:47.235+0000] {logging_mixin.py:188} INFO - [2026-06-18T17:39:47.234+0000] {dag.py:3823} INFO - Setting next_dagrun for example_skip_dag to 2026-06-17 00:00:00+00:00, run_after=2026-06-18 00:00:00+00:00
[2026-06-18T17:39:47.272+0000] {processor.py:183} INFO - Processing /home/airflow/.local/lib/python3.8/site-packages/airflow/example_dags/example_skip_dag.py took 0.159 seconds
[2026-06-18T17:40:18.127+0000] {processor.py:161} INFO - Started process (PID=6610) to work on /home/airflow/.local/lib/python3.8/site-packages/airflow/example_dags/example_skip_dag.py
[2026-06-18T17:40:18.128+0000] {processor.py:830} INFO - Processing file /home/airflow/.local/lib/python3.8/site-packages/airflow/example_dags/example_skip_dag.py for tasks to queue
[2026-06-18T17:40:18.132+0000] {logging_mixin.py:188} INFO - [2026-06-18T17:40:18.131+0000] {dagbag.py:538} INFO - Filling up the DagBag from /home/airflow/.local/lib/python3.8/site-packages/airflow/example_dags/example_skip_dag.py
[2026-06-18T17:40:18.144+0000] {processor.py:840} INFO - DAG(s) 'example_skip_dag' retrieved from /home/airflow/.local/lib/python3.8/site-packages/airflow/example_dags/example_skip_dag.py
[2026-06-18T17:40:18.194+0000] {logging_mixin.py:188} INFO - [2026-06-18T17:40:18.193+0000] {dag.py:3036} INFO - Sync 1 DAGs
[2026-06-18T17:40:18.239+0000] {logging_mixin.py:188} INFO - [2026-06-18T17:40:18.238+0000] {dag.py:3823} INFO - Setting next_dagrun for example_skip_dag to 2026-06-17 00:00:00+00:00, run_after=2026-06-18 00:00:00+00:00
[2026-06-18T17:40:18.274+0000] {processor.py:183} INFO - Processing /home/airflow/.local/lib/python3.8/site-packages/airflow/example_dags/example_skip_dag.py took 0.152 seconds
[2026-06-18T17:40:48.794+0000] {processor.py:161} INFO - Started process (PID=6676) to work on /home/airflow/.local/lib/python3.8/site-packages/airflow/example_dags/example_skip_dag.py
[2026-06-18T17:40:48.796+0000] {processor.py:830} INFO - Processing file /home/airflow/.local/lib/python3.8/site-packages/airflow/example_dags/example_skip_dag.py for tasks to queue
[2026-06-18T17:40:48.799+0000] {logging_mixin.py:188} INFO - [2026-06-18T17:40:48.798+0000] {dagbag.py:538} INFO - Filling up the DagBag from /home/airflow/.local/lib/python3.8/site-packages/airflow/example_dags/example_skip_dag.py
[2026-06-18T17:40:48.811+0000] {processor.py:840} INFO - DAG(s) 'example_skip_dag' retrieved from /home/airflow/.local/lib/python3.8/site-packages/airflow/example_dags/example_skip_dag.py
[2026-06-18T17:40:48.856+0000] {logging_mixin.py:188} INFO - [2026-06-18T17:40:48.856+0000] {dag.py:3036} INFO - Sync 1 DAGs
[2026-06-18T17:40:48.902+0000] {logging_mixin.py:188} INFO - [2026-06-18T17:40:48.902+0000] {dag.py:3823} INFO - Setting next_dagrun for example_skip_dag to 2026-06-17 00:00:00+00:00, run_after=2026-06-18 00:00:00+00:00
[2026-06-18T17:40:48.935+0000] {processor.py:183} INFO - Processing /home/airflow/.local/lib/python3.8/site-packages/airflow/example_dags/example_skip_dag.py took 0.147 seconds
[2026-06-18T17:41:19.142+0000] {processor.py:161} INFO - Started process (PID=6741) to work on /home/airflow/.local/lib/python3.8/site-packages/airflow/example_dags/example_skip_dag.py
[2026-06-18T17:41:19.144+0000] {processor.py:830} INFO - Processing file /home/airflow/.local/lib/python3.8/site-packages/airflow/example_dags/example_skip_dag.py for tasks to queue
[2026-06-18T17:41:19.147+0000] {logging_mixin.py:188} INFO - [2026-06-18T17:41:19.146+0000] {dagbag.py:538} INFO - Filling up the DagBag from /home/airflow/.local/lib/python3.8/site-packages/airflow/example_dags/example_skip_dag.py
[2026-06-18T17:41:19.158+0000] {processor.py:840} INFO - DAG(s) 'example_skip_dag' retrieved from /home/airflow/.local/lib/python3.8/site-packages/airflow/example_dags/example_skip_dag.py
[2026-06-18T17:41:19.197+0000] {logging_mixin.py:188} INFO - [2026-06-18T17:41:19.197+0000] {dag.py:3036} INFO - Sync 1 DAGs
[2026-06-18T17:41:19.240+0000] {logging_mixin.py:188} INFO - [2026-06-18T17:41:19.240+0000] {dag.py:3823} INFO - Setting next_dagrun for example_skip_dag to 2026-06-17 00:00:00+00:00, run_after=2026-06-18 00:00:00+00:00
[2026-06-18T17:41:19.273+0000] {processor.py:183} INFO - Processing /home/airflow/.local/lib/python3.8/site-packages/airflow/example_dags/example_skip_dag.py took 0.136 seconds
[2026-06-18T17:41:50.213+0000] {processor.py:161} INFO - Started process (PID=6806) to work on /home/airflow/.local/lib/python3.8/site-packages/airflow/example_dags/example_skip_dag.py
[2026-06-18T17:41:50.214+0000] {processor.py:830} INFO - Processing file /home/airflow/.local/lib/python3.8/site-packages/airflow/example_dags/example_skip_dag.py for tasks to queue
[2026-06-18T17:41:50.217+0000] {logging_mixin.py:188} INFO - [2026-06-18T17:41:50.217+0000] {dagbag.py:538} INFO - Filling up the DagBag from /home/airflow/.local/lib/python3.8/site-packages/airflow/example_dags/example_skip_dag.py
[2026-06-18T17:41:50.229+0000] {processor.py:840} INFO - DAG(s) 'example_skip_dag' retrieved from /home/airflow/.local/lib/python3.8/site-packages/airflow/example_dags/example_skip_dag.py
[2026-06-18T17:41:50.273+0000] {logging_mixin.py:188} INFO - [2026-06-18T17:41:50.273+0000] {dag.py:3036} INFO - Sync 1 DAGs
[2026-06-18T17:41:50.312+0000] {logging_mixin.py:188} INFO - [2026-06-18T17:41:50.312+0000] {dag.py:3823} INFO - Setting next_dagrun for example_skip_dag to 2026-06-17 00:00:00+00:00, run_after=2026-06-18 00:00:00+00:00
[2026-06-18T17:41:50.345+0000] {processor.py:183} INFO - Processing /home/airflow/.local/lib/python3.8/site-packages/airflow/example_dags/example_skip_dag.py took 0.138 seconds
[2026-06-18T17:42:20.731+0000] {processor.py:161} INFO - Started process (PID=6872) to work on /home/airflow/.local/lib/python3.8/site-packages/airflow/example_dags/example_skip_dag.py
[2026-06-18T17:42:20.733+0000] {processor.py:830} INFO - Processing file /home/airflow/.local/lib/python3.8/site-packages/airflow/example_dags/example_skip_dag.py for tasks to queue
[2026-06-18T17:42:20.735+0000] {logging_mixin.py:188} INFO - [2026-06-18T17:42:20.735+0000] {dagbag.py:538} INFO - Filling up the DagBag from /home/airflow/.local/lib/python3.8/site-packages/airflow/example_dags/example_skip_dag.py
[2026-06-18T17:42:20.745+0000] {processor.py:840} INFO - DAG(s) 'example_skip_dag' retrieved from /home/airflow/.local/lib/python3.8/site-packages/airflow/example_dags/example_skip_dag.py
[2026-06-18T17:42:20.790+0000] {logging_mixin.py:188} INFO - [2026-06-18T17:42:20.789+0000] {dag.py:3036} INFO - Sync 1 DAGs
[2026-06-18T17:42:20.834+0000] {logging_mixin.py:188} INFO - [2026-06-18T17:42:20.834+0000] {dag.py:3823} INFO - Setting next_dagrun for example_skip_dag to 2026-06-17 00:00:00+00:00, run_after=2026-06-18 00:00:00+00:00
[2026-06-18T17:42:20.880+0000] {processor.py:183} INFO - Processing /home/airflow/.local/lib/python3.8/site-packages/airflow/example_dags/example_skip_dag.py took 0.155 seconds
[2026-06-18T17:42:51.245+0000] {processor.py:161} INFO - Started process (PID=6938) to work on /home/airflow/.local/lib/python3.8/site-packages/airflow/example_dags/example_skip_dag.py
[2026-06-18T17:42:51.246+0000] {processor.py:830} INFO - Processing file /home/airflow/.local/lib/python3.8/site-packages/airflow/example_dags/example_skip_dag.py for tasks to queue
[2026-06-18T17:42:51.249+0000] {logging_mixin.py:188} INFO - [2026-06-18T17:42:51.249+0000] {dagbag.py:538} INFO - Filling up the DagBag from /home/airflow/.local/lib/python3.8/site-packages/airflow/example_dags/example_skip_dag.py
[2026-06-18T17:42:51.261+0000] {processor.py:840} INFO - DAG(s) 'example_skip_dag' retrieved from /home/airflow/.local/lib/python3.8/site-packages/airflow/example_dags/example_skip_dag.py
[2026-06-18T17:42:51.306+0000] {logging_mixin.py:188} INFO - [2026-06-18T17:42:51.305+0000] {dag.py:3036} INFO - Sync 1 DAGs
[2026-06-18T17:42:51.348+0000] {logging_mixin.py:188} INFO - [2026-06-18T17:42:51.348+0000] {dag.py:3823} INFO - Setting next_dagrun for example_skip_dag to 2026-06-17 00:00:00+00:00, run_after=2026-06-18 00:00:00+00:00
[2026-06-18T17:42:51.378+0000] {processor.py:183} INFO - Processing /home/airflow/.local/lib/python3.8/site-packages/airflow/example_dags/example_skip_dag.py took 0.138 seconds
[2026-06-18T17:43:21.624+0000] {processor.py:161} INFO - Started process (PID=7005) to work on /home/airflow/.local/lib/python3.8/site-packages/airflow/example_dags/example_skip_dag.py
[2026-06-18T17:43:21.626+0000] {processor.py:830} INFO - Processing file /home/airflow/.local/lib/python3.8/site-packages/airflow/example_dags/example_skip_dag.py for tasks to queue
[2026-06-18T17:43:21.629+0000] {logging_mixin.py:188} INFO - [2026-06-18T17:43:21.629+0000] {dagbag.py:538} INFO - Filling up the DagBag from /home/airflow/.local/lib/python3.8/site-packages/airflow/example_dags/example_skip_dag.py
[2026-06-18T17:43:21.639+0000] {processor.py:840} INFO - DAG(s) 'example_skip_dag' retrieved from /home/airflow/.local/lib/python3.8/site-packages/airflow/example_dags/example_skip_dag.py
[2026-06-18T17:43:21.684+0000] {logging_mixin.py:188} INFO - [2026-06-18T17:43:21.683+0000] {dag.py:3036} INFO - Sync 1 DAGs
[2026-06-18T17:43:21.729+0000] {logging_mixin.py:188} INFO - [2026-06-18T17:43:21.729+0000] {dag.py:3823} INFO - Setting next_dagrun for example_skip_dag to 2026-06-17 00:00:00+00:00, run_after=2026-06-18 00:00:00+00:00
[2026-06-18T17:43:21.763+0000] {processor.py:183} INFO - Processing /home/airflow/.local/lib/python3.8/site-packages/airflow/example_dags/example_skip_dag.py took 0.144 seconds
[2026-06-18T17:43:51.815+0000] {processor.py:161} INFO - Started process (PID=7070) to work on /home/airflow/.local/lib/python3.8/site-packages/airflow/example_dags/example_skip_dag.py
[2026-06-18T17:43:51.817+0000] {processor.py:830} INFO - Processing file /home/airflow/.local/lib/python3.8/site-packages/airflow/example_dags/example_skip_dag.py for tasks to queue
[2026-06-18T17:43:51.820+0000] {logging_mixin.py:188} INFO - [2026-06-18T17:43:51.819+0000] {dagbag.py:538} INFO - Filling up the DagBag from /home/airflow/.local/lib/python3.8/site-packages/airflow/example_dags/example_skip_dag.py
[2026-06-18T17:43:51.832+0000] {processor.py:840} INFO - DAG(s) 'example_skip_dag' retrieved from /home/airflow/.local/lib/python3.8/site-packages/airflow/example_dags/example_skip_dag.py
[2026-06-18T17:43:51.874+0000] {logging_mixin.py:188} INFO - [2026-06-18T17:43:51.874+0000] {dag.py:3036} INFO - Sync 1 DAGs
[2026-06-18T17:43:51.912+0000] {logging_mixin.py:188} INFO - [2026-06-18T17:43:51.911+0000] {dag.py:3823} INFO - Setting next_dagrun for example_skip_dag to 2026-06-17 00:00:00+00:00, run_after=2026-06-18 00:00:00+00:00
[2026-06-18T17:43:51.940+0000] {processor.py:183} INFO - Processing /home/airflow/.local/lib/python3.8/site-packages/airflow/example_dags/example_skip_dag.py took 0.131 seconds
[2026-06-18T17:44:22.553+0000] {processor.py:161} INFO - Started process (PID=7136) to work on /home/airflow/.local/lib/python3.8/site-packages/airflow/example_dags/example_skip_dag.py
[2026-06-18T17:44:22.555+0000] {processor.py:830} INFO - Processing file /home/airflow/.local/lib/python3.8/site-packages/airflow/example_dags/example_skip_dag.py for tasks to queue
[2026-06-18T17:44:22.557+0000] {logging_mixin.py:188} INFO - [2026-06-18T17:44:22.557+0000] {dagbag.py:538} INFO - Filling up the DagBag from /home/airflow/.local/lib/python3.8/site-packages/airflow/example_dags/example_skip_dag.py
[2026-06-18T17:44:22.568+0000] {processor.py:840} INFO - DAG(s) 'example_skip_dag' retrieved from /home/airflow/.local/lib/python3.8/site-packages/airflow/example_dags/example_skip_dag.py
[2026-06-18T17:44:22.608+0000] {logging_mixin.py:188} INFO - [2026-06-18T17:44:22.607+0000] {dag.py:3036} INFO - Sync 1 DAGs
[2026-06-18T17:44:22.648+0000] {logging_mixin.py:188} INFO - [2026-06-18T17:44:22.648+0000] {dag.py:3823} INFO - Setting next_dagrun for example_skip_dag to 2026-06-17 00:00:00+00:00, run_after=2026-06-18 00:00:00+00:00
[2026-06-18T17:44:22.685+0000] {processor.py:183} INFO - Processing /home/airflow/.local/lib/python3.8/site-packages/airflow/example_dags/example_skip_dag.py took 0.138 seconds
[2026-06-18T17:44:53.282+0000] {processor.py:161} INFO - Started process (PID=7210) to work on /home/airflow/.local/lib/python3.8/site-packages/airflow/example_dags/example_skip_dag.py
[2026-06-18T17:44:53.284+0000] {processor.py:830} INFO - Processing file /home/airflow/.local/lib/python3.8/site-packages/airflow/example_dags/example_skip_dag.py for tasks to queue
[2026-06-18T17:44:53.288+0000] {logging_mixin.py:188} INFO - [2026-06-18T17:44:53.287+0000] {dagbag.py:538} INFO - Filling up the DagBag from /home/airflow/.local/lib/python3.8/site-packages/airflow/example_dags/example_skip_dag.py
[2026-06-18T17:44:53.302+0000] {processor.py:840} INFO - DAG(s) 'example_skip_dag' retrieved from /home/airflow/.local/lib/python3.8/site-packages/airflow/example_dags/example_skip_dag.py
[2026-06-18T17:44:53.358+0000] {logging_mixin.py:188} INFO - [2026-06-18T17:44:53.358+0000] {dag.py:3036} INFO - Sync 1 DAGs
[2026-06-18T17:44:53.425+0000] {logging_mixin.py:188} INFO - [2026-06-18T17:44:53.425+0000] {dag.py:3823} INFO - Setting next_dagrun for example_skip_dag to 2026-06-17 00:00:00+00:00, run_after=2026-06-18 00:00:00+00:00
[2026-06-18T17:44:53.461+0000] {processor.py:183} INFO - Processing /home/airflow/.local/lib/python3.8/site-packages/airflow/example_dags/example_skip_dag.py took 0.185 seconds
[2026-06-18T17:45:23.988+0000] {processor.py:161} INFO - Started process (PID=7276) to work on /home/airflow/.local/lib/python3.8/site-packages/airflow/example_dags/example_skip_dag.py
[2026-06-18T17:45:23.990+0000] {processor.py:830} INFO - Processing file /home/airflow/.local/lib/python3.8/site-packages/airflow/example_dags/example_skip_dag.py for tasks to queue
[2026-06-18T17:45:23.994+0000] {logging_mixin.py:188} INFO - [2026-06-18T17:45:23.993+0000] {dagbag.py:538} INFO - Filling up the DagBag from /home/airflow/.local/lib/python3.8/site-packages/airflow/example_dags/example_skip_dag.py
[2026-06-18T17:45:24.008+0000] {processor.py:840} INFO - DAG(s) 'example_skip_dag' retrieved from /home/airflow/.local/lib/python3.8/site-packages/airflow/example_dags/example_skip_dag.py
[2026-06-18T17:45:24.055+0000] {logging_mixin.py:188} INFO - [2026-06-18T17:45:24.054+0000] {dag.py:3036} INFO - Sync 1 DAGs
[2026-06-18T17:45:24.101+0000] {logging_mixin.py:188} INFO - [2026-06-18T17:45:24.100+0000] {dag.py:3823} INFO - Setting next_dagrun for example_skip_dag to 2026-06-17 00:00:00+00:00, run_after=2026-06-18 00:00:00+00:00
[2026-06-18T17:45:24.137+0000] {processor.py:183} INFO - Processing /home/airflow/.local/lib/python3.8/site-packages/airflow/example_dags/example_skip_dag.py took 0.155 seconds
[2026-06-18T17:45:54.690+0000] {processor.py:161} INFO - Started process (PID=7342) to work on /home/airflow/.local/lib/python3.8/site-packages/airflow/example_dags/example_skip_dag.py
[2026-06-18T17:45:54.691+0000] {processor.py:830} INFO - Processing file /home/airflow/.local/lib/python3.8/site-packages/airflow/example_dags/example_skip_dag.py for tasks to queue
[2026-06-18T17:45:54.695+0000] {logging_mixin.py:188} INFO - [2026-06-18T17:45:54.694+0000] {dagbag.py:538} INFO - Filling up the DagBag from /home/airflow/.local/lib/python3.8/site-packages/airflow/example_dags/example_skip_dag.py
[2026-06-18T17:45:54.713+0000] {processor.py:840} INFO - DAG(s) 'example_skip_dag' retrieved from /home/airflow/.local/lib/python3.8/site-packages/airflow/example_dags/example_skip_dag.py
[2026-06-18T17:45:54.757+0000] {logging_mixin.py:188} INFO - [2026-06-18T17:45:54.756+0000] {dag.py:3036} INFO - Sync 1 DAGs
[2026-06-18T17:45:54.803+0000] {logging_mixin.py:188} INFO - [2026-06-18T17:45:54.802+0000] {dag.py:3823} INFO - Setting next_dagrun for example_skip_dag to 2026-06-17 00:00:00+00:00, run_after=2026-06-18 00:00:00+00:00
[2026-06-18T17:45:54.853+0000] {processor.py:183} INFO - Processing /home/airflow/.local/lib/python3.8/site-packages/airflow/example_dags/example_skip_dag.py took 0.170 seconds
[2026-06-18T17:46:25.381+0000] {processor.py:161} INFO - Started process (PID=7409) to work on /home/airflow/.local/lib/python3.8/site-packages/airflow/example_dags/example_skip_dag.py
[2026-06-18T17:46:25.384+0000] {processor.py:830} INFO - Processing file /home/airflow/.local/lib/python3.8/site-packages/airflow/example_dags/example_skip_dag.py for tasks to queue
[2026-06-18T17:46:25.387+0000] {logging_mixin.py:188} INFO - [2026-06-18T17:46:25.386+0000] {dagbag.py:538} INFO - Filling up the DagBag from /home/airflow/.local/lib/python3.8/site-packages/airflow/example_dags/example_skip_dag.py
[2026-06-18T17:46:25.398+0000] {processor.py:840} INFO - DAG(s) 'example_skip_dag' retrieved from /home/airflow/.local/lib/python3.8/site-packages/airflow/example_dags/example_skip_dag.py
[2026-06-18T17:46:25.439+0000] {logging_mixin.py:188} INFO - [2026-06-18T17:46:25.439+0000] {dag.py:3036} INFO - Sync 1 DAGs
[2026-06-18T17:46:25.480+0000] {logging_mixin.py:188} INFO - [2026-06-18T17:46:25.480+0000] {dag.py:3823} INFO - Setting next_dagrun for example_skip_dag to 2026-06-17 00:00:00+00:00, run_after=2026-06-18 00:00:00+00:00
[2026-06-18T17:46:25.515+0000] {processor.py:183} INFO - Processing /home/airflow/.local/lib/python3.8/site-packages/airflow/example_dags/example_skip_dag.py took 0.141 seconds
[2026-06-18T17:46:56.266+0000] {processor.py:161} INFO - Started process (PID=7473) to work on /home/airflow/.local/lib/python3.8/site-packages/airflow/example_dags/example_skip_dag.py
[2026-06-18T17:46:56.268+0000] {processor.py:830} INFO - Processing file /home/airflow/.local/lib/python3.8/site-packages/airflow/example_dags/example_skip_dag.py for tasks to queue
[2026-06-18T17:46:56.271+0000] {logging_mixin.py:188} INFO - [2026-06-18T17:46:56.270+0000] {dagbag.py:538} INFO - Filling up the DagBag from /home/airflow/.local/lib/python3.8/site-packages/airflow/example_dags/example_skip_dag.py
[2026-06-18T17:46:56.284+0000] {processor.py:840} INFO - DAG(s) 'example_skip_dag' retrieved from /home/airflow/.local/lib/python3.8/site-packages/airflow/example_dags/example_skip_dag.py
[2026-06-18T17:46:56.332+0000] {logging_mixin.py:188} INFO - [2026-06-18T17:46:56.332+0000] {dag.py:3036} INFO - Sync 1 DAGs
[2026-06-18T17:46:56.383+0000] {logging_mixin.py:188} INFO - [2026-06-18T17:46:56.383+0000] {dag.py:3823} INFO - Setting next_dagrun for example_skip_dag to 2026-06-17 00:00:00+00:00, run_after=2026-06-18 00:00:00+00:00
[2026-06-18T17:46:56.416+0000] {processor.py:183} INFO - Processing /home/airflow/.local/lib/python3.8/site-packages/airflow/example_dags/example_skip_dag.py took 0.156 seconds
[2026-06-18T17:47:27.211+0000] {processor.py:161} INFO - Started process (PID=7539) to work on /home/airflow/.local/lib/python3.8/site-packages/airflow/example_dags/example_skip_dag.py
[2026-06-18T17:47:27.214+0000] {processor.py:830} INFO - Processing file /home/airflow/.local/lib/python3.8/site-packages/airflow/example_dags/example_skip_dag.py for tasks to queue
[2026-06-18T17:47:27.217+0000] {logging_mixin.py:188} INFO - [2026-06-18T17:47:27.216+0000] {dagbag.py:538} INFO - Filling up the DagBag from /home/airflow/.local/lib/python3.8/site-packages/airflow/example_dags/example_skip_dag.py
[2026-06-18T17:47:27.243+0000] {processor.py:840} INFO - DAG(s) 'example_skip_dag' retrieved from /home/airflow/.local/lib/python3.8/site-packages/airflow/example_dags/example_skip_dag.py
[2026-06-18T17:47:27.297+0000] {logging_mixin.py:188} INFO - [2026-06-18T17:47:27.296+0000] {dag.py:3036} INFO - Sync 1 DAGs
[2026-06-18T17:47:27.341+0000] {logging_mixin.py:188} INFO - [2026-06-18T17:47:27.340+0000] {dag.py:3823} INFO - Setting next_dagrun for example_skip_dag to 2026-06-17 00:00:00+00:00, run_after=2026-06-18 00:00:00+00:00
[2026-06-18T17:47:27.381+0000] {processor.py:183} INFO - Processing /home/airflow/.local/lib/python3.8/site-packages/airflow/example_dags/example_skip_dag.py took 0.175 seconds
[2026-06-18T17:47:57.799+0000] {processor.py:161} INFO - Started process (PID=7606) to work on /home/airflow/.local/lib/python3.8/site-packages/airflow/example_dags/example_skip_dag.py
[2026-06-18T17:47:57.801+0000] {processor.py:830} INFO - Processing file /home/airflow/.local/lib/python3.8/site-packages/airflow/example_dags/example_skip_dag.py for tasks to queue
[2026-06-18T17:47:57.803+0000] {logging_mixin.py:188} INFO - [2026-06-18T17:47:57.803+0000] {dagbag.py:538} INFO - Filling up the DagBag from /home/airflow/.local/lib/python3.8/site-packages/airflow/example_dags/example_skip_dag.py
[2026-06-18T17:47:57.814+0000] {processor.py:840} INFO - DAG(s) 'example_skip_dag' retrieved from /home/airflow/.local/lib/python3.8/site-packages/airflow/example_dags/example_skip_dag.py
[2026-06-18T17:47:57.854+0000] {logging_mixin.py:188} INFO - [2026-06-18T17:47:57.854+0000] {dag.py:3036} INFO - Sync 1 DAGs
[2026-06-18T17:47:57.893+0000] {logging_mixin.py:188} INFO - [2026-06-18T17:47:57.892+0000] {dag.py:3823} INFO - Setting next_dagrun for example_skip_dag to 2026-06-17 00:00:00+00:00, run_after=2026-06-18 00:00:00+00:00
[2026-06-18T17:47:57.924+0000] {processor.py:183} INFO - Processing /home/airflow/.local/lib/python3.8/site-packages/airflow/example_dags/example_skip_dag.py took 0.129 seconds
[2026-06-18T17:48:28.087+0000] {processor.py:161} INFO - Started process (PID=7671) to work on /home/airflow/.local/lib/python3.8/site-packages/airflow/example_dags/example_skip_dag.py
[2026-06-18T17:48:28.089+0000] {processor.py:830} INFO - Processing file /home/airflow/.local/lib/python3.8/site-packages/airflow/example_dags/example_skip_dag.py for tasks to queue
[2026-06-18T17:48:28.092+0000] {logging_mixin.py:188} INFO - [2026-06-18T17:48:28.091+0000] {dagbag.py:538} INFO - Filling up the DagBag from /home/airflow/.local/lib/python3.8/site-packages/airflow/example_dags/example_skip_dag.py
[2026-06-18T17:48:28.102+0000] {processor.py:840} INFO - DAG(s) 'example_skip_dag' retrieved from /home/airflow/.local/lib/python3.8/site-packages/airflow/example_dags/example_skip_dag.py
[2026-06-18T17:48:28.144+0000] {logging_mixin.py:188} INFO - [2026-06-18T17:48:28.144+0000] {dag.py:3036} INFO - Sync 1 DAGs
[2026-06-18T17:48:28.183+0000] {logging_mixin.py:188} INFO - [2026-06-18T17:48:28.182+0000] {dag.py:3823} INFO - Setting next_dagrun for example_skip_dag to 2026-06-17 00:00:00+00:00, run_after=2026-06-18 00:00:00+00:00
[2026-06-18T17:48:28.213+0000] {processor.py:183} INFO - Processing /home/airflow/.local/lib/python3.8/site-packages/airflow/example_dags/example_skip_dag.py took 0.131 seconds
[2026-06-18T17:48:58.692+0000] {processor.py:161} INFO - Started process (PID=7738) to work on /home/airflow/.local/lib/python3.8/site-packages/airflow/example_dags/example_skip_dag.py
[2026-06-18T17:48:58.694+0000] {processor.py:830} INFO - Processing file /home/airflow/.local/lib/python3.8/site-packages/airflow/example_dags/example_skip_dag.py for tasks to queue
[2026-06-18T17:48:58.697+0000] {logging_mixin.py:188} INFO - [2026-06-18T17:48:58.696+0000] {dagbag.py:538} INFO - Filling up the DagBag from /home/airflow/.local/lib/python3.8/site-packages/airflow/example_dags/example_skip_dag.py
[2026-06-18T17:48:58.708+0000] {processor.py:840} INFO - DAG(s) 'example_skip_dag' retrieved from /home/airflow/.local/lib/python3.8/site-packages/airflow/example_dags/example_skip_dag.py
[2026-06-18T17:48:58.752+0000] {logging_mixin.py:188} INFO - [2026-06-18T17:48:58.751+0000] {dag.py:3036} INFO - Sync 1 DAGs
[2026-06-18T17:48:58.838+0000] {logging_mixin.py:188} INFO - [2026-06-18T17:48:58.837+0000] {dag.py:3823} INFO - Setting next_dagrun for example_skip_dag to 2026-06-17 00:00:00+00:00, run_after=2026-06-18 00:00:00+00:00
[2026-06-18T17:48:58.874+0000] {processor.py:183} INFO - Processing /home/airflow/.local/lib/python3.8/site-packages/airflow/example_dags/example_skip_dag.py took 0.187 seconds
[2026-06-18T17:49:28.963+0000] {processor.py:161} INFO - Started process (PID=7803) to work on /home/airflow/.local/lib/python3.8/site-packages/airflow/example_dags/example_skip_dag.py
[2026-06-18T17:49:28.965+0000] {processor.py:830} INFO - Processing file /home/airflow/.local/lib/python3.8/site-packages/airflow/example_dags/example_skip_dag.py for tasks to queue
[2026-06-18T17:49:28.968+0000] {logging_mixin.py:188} INFO - [2026-06-18T17:49:28.967+0000] {dagbag.py:538} INFO - Filling up the DagBag from /home/airflow/.local/lib/python3.8/site-packages/airflow/example_dags/example_skip_dag.py
[2026-06-18T17:49:28.980+0000] {processor.py:840} INFO - DAG(s) 'example_skip_dag' retrieved from /home/airflow/.local/lib/python3.8/site-packages/airflow/example_dags/example_skip_dag.py
[2026-06-18T17:49:29.027+0000] {logging_mixin.py:188} INFO - [2026-06-18T17:49:29.027+0000] {dag.py:3036} INFO - Sync 1 DAGs
[2026-06-18T17:49:29.072+0000] {logging_mixin.py:188} INFO - [2026-06-18T17:49:29.072+0000] {dag.py:3823} INFO - Setting next_dagrun for example_skip_dag to 2026-06-17 00:00:00+00:00, run_after=2026-06-18 00:00:00+00:00
[2026-06-18T17:49:29.115+0000] {processor.py:183} INFO - Processing /home/airflow/.local/lib/python3.8/site-packages/airflow/example_dags/example_skip_dag.py took 0.158 seconds
