[2026-06-18T16:50:18.102+0000] {processor.py:161} INFO - Started process (PID=79) to work on /home/airflow/.local/lib/python3.8/site-packages/airflow/example_dags/example_python_decorator.py
[2026-06-18T16:50:18.104+0000] {processor.py:830} INFO - Processing file /home/airflow/.local/lib/python3.8/site-packages/airflow/example_dags/example_python_decorator.py for tasks to queue
[2026-06-18T16:50:18.107+0000] {logging_mixin.py:188} INFO - [2026-06-18T16:50:18.106+0000] {dagbag.py:538} INFO - Filling up the DagBag from /home/airflow/.local/lib/python3.8/site-packages/airflow/example_dags/example_python_decorator.py
[2026-06-18T16:50:18.133+0000] {processor.py:840} INFO - DAG(s) 'example_python_decorator' retrieved from /home/airflow/.local/lib/python3.8/site-packages/airflow/example_dags/example_python_decorator.py
[2026-06-18T16:50:18.341+0000] {logging_mixin.py:188} INFO - [2026-06-18T16:50:18.341+0000] {dag.py:3036} INFO - Sync 1 DAGs
[2026-06-18T16:50:18.360+0000] {logging_mixin.py:188} INFO - [2026-06-18T16:50:18.359+0000] {dag.py:3823} INFO - Setting next_dagrun for example_python_decorator to None, run_after=None
[2026-06-18T16:50:18.401+0000] {processor.py:183} INFO - Processing /home/airflow/.local/lib/python3.8/site-packages/airflow/example_dags/example_python_decorator.py took 0.305 seconds
[2026-06-18T16:50:48.539+0000] {processor.py:161} INFO - Started process (PID=146) to work on /home/airflow/.local/lib/python3.8/site-packages/airflow/example_dags/example_python_decorator.py
[2026-06-18T16:50:48.540+0000] {processor.py:830} INFO - Processing file /home/airflow/.local/lib/python3.8/site-packages/airflow/example_dags/example_python_decorator.py for tasks to queue
[2026-06-18T16:50:48.543+0000] {logging_mixin.py:188} INFO - [2026-06-18T16:50:48.542+0000] {dagbag.py:538} INFO - Filling up the DagBag from /home/airflow/.local/lib/python3.8/site-packages/airflow/example_dags/example_python_decorator.py
[2026-06-18T16:50:48.566+0000] {processor.py:840} INFO - DAG(s) 'example_python_decorator' retrieved from /home/airflow/.local/lib/python3.8/site-packages/airflow/example_dags/example_python_decorator.py
[2026-06-18T16:50:48.607+0000] {logging_mixin.py:188} INFO - [2026-06-18T16:50:48.607+0000] {dag.py:3036} INFO - Sync 1 DAGs
[2026-06-18T16:50:48.630+0000] {logging_mixin.py:188} INFO - [2026-06-18T16:50:48.629+0000] {dag.py:3823} INFO - Setting next_dagrun for example_python_decorator to None, run_after=None
[2026-06-18T16:50:48.659+0000] {processor.py:183} INFO - Processing /home/airflow/.local/lib/python3.8/site-packages/airflow/example_dags/example_python_decorator.py took 0.125 seconds
[2026-06-18T16:51:19.027+0000] {processor.py:161} INFO - Started process (PID=213) to work on /home/airflow/.local/lib/python3.8/site-packages/airflow/example_dags/example_python_decorator.py
[2026-06-18T16:51:19.029+0000] {processor.py:830} INFO - Processing file /home/airflow/.local/lib/python3.8/site-packages/airflow/example_dags/example_python_decorator.py for tasks to queue
[2026-06-18T16:51:19.032+0000] {logging_mixin.py:188} INFO - [2026-06-18T16:51:19.031+0000] {dagbag.py:538} INFO - Filling up the DagBag from /home/airflow/.local/lib/python3.8/site-packages/airflow/example_dags/example_python_decorator.py
[2026-06-18T16:51:19.056+0000] {processor.py:840} INFO - DAG(s) 'example_python_decorator' retrieved from /home/airflow/.local/lib/python3.8/site-packages/airflow/example_dags/example_python_decorator.py
[2026-06-18T16:51:19.103+0000] {logging_mixin.py:188} INFO - [2026-06-18T16:51:19.103+0000] {dag.py:3036} INFO - Sync 1 DAGs
[2026-06-18T16:51:19.128+0000] {logging_mixin.py:188} INFO - [2026-06-18T16:51:19.128+0000] {dag.py:3823} INFO - Setting next_dagrun for example_python_decorator to None, run_after=None
[2026-06-18T16:51:19.162+0000] {processor.py:183} INFO - Processing /home/airflow/.local/lib/python3.8/site-packages/airflow/example_dags/example_python_decorator.py took 0.141 seconds
[2026-06-18T16:51:49.277+0000] {processor.py:161} INFO - Started process (PID=278) to work on /home/airflow/.local/lib/python3.8/site-packages/airflow/example_dags/example_python_decorator.py
[2026-06-18T16:51:49.278+0000] {processor.py:830} INFO - Processing file /home/airflow/.local/lib/python3.8/site-packages/airflow/example_dags/example_python_decorator.py for tasks to queue
[2026-06-18T16:51:49.280+0000] {logging_mixin.py:188} INFO - [2026-06-18T16:51:49.280+0000] {dagbag.py:538} INFO - Filling up the DagBag from /home/airflow/.local/lib/python3.8/site-packages/airflow/example_dags/example_python_decorator.py
[2026-06-18T16:51:49.301+0000] {processor.py:840} INFO - DAG(s) 'example_python_decorator' retrieved from /home/airflow/.local/lib/python3.8/site-packages/airflow/example_dags/example_python_decorator.py
[2026-06-18T16:51:49.339+0000] {logging_mixin.py:188} INFO - [2026-06-18T16:51:49.338+0000] {dag.py:3036} INFO - Sync 1 DAGs
[2026-06-18T16:51:49.358+0000] {logging_mixin.py:188} INFO - [2026-06-18T16:51:49.357+0000] {dag.py:3823} INFO - Setting next_dagrun for example_python_decorator to None, run_after=None
[2026-06-18T16:51:49.389+0000] {processor.py:183} INFO - Processing /home/airflow/.local/lib/python3.8/site-packages/airflow/example_dags/example_python_decorator.py took 0.116 seconds
[2026-06-18T16:52:20.177+0000] {processor.py:161} INFO - Started process (PID=343) to work on /home/airflow/.local/lib/python3.8/site-packages/airflow/example_dags/example_python_decorator.py
[2026-06-18T16:52:20.179+0000] {processor.py:830} INFO - Processing file /home/airflow/.local/lib/python3.8/site-packages/airflow/example_dags/example_python_decorator.py for tasks to queue
[2026-06-18T16:52:20.181+0000] {logging_mixin.py:188} INFO - [2026-06-18T16:52:20.181+0000] {dagbag.py:538} INFO - Filling up the DagBag from /home/airflow/.local/lib/python3.8/site-packages/airflow/example_dags/example_python_decorator.py
[2026-06-18T16:52:20.202+0000] {processor.py:840} INFO - DAG(s) 'example_python_decorator' retrieved from /home/airflow/.local/lib/python3.8/site-packages/airflow/example_dags/example_python_decorator.py
[2026-06-18T16:52:20.242+0000] {logging_mixin.py:188} INFO - [2026-06-18T16:52:20.241+0000] {dag.py:3036} INFO - Sync 1 DAGs
[2026-06-18T16:52:20.262+0000] {logging_mixin.py:188} INFO - [2026-06-18T16:52:20.262+0000] {dag.py:3823} INFO - Setting next_dagrun for example_python_decorator to None, run_after=None
[2026-06-18T16:52:20.295+0000] {processor.py:183} INFO - Processing /home/airflow/.local/lib/python3.8/site-packages/airflow/example_dags/example_python_decorator.py took 0.124 seconds
[2026-06-18T16:52:50.666+0000] {processor.py:161} INFO - Started process (PID=411) to work on /home/airflow/.local/lib/python3.8/site-packages/airflow/example_dags/example_python_decorator.py
[2026-06-18T16:52:50.668+0000] {processor.py:830} INFO - Processing file /home/airflow/.local/lib/python3.8/site-packages/airflow/example_dags/example_python_decorator.py for tasks to queue
[2026-06-18T16:52:50.672+0000] {logging_mixin.py:188} INFO - [2026-06-18T16:52:50.671+0000] {dagbag.py:538} INFO - Filling up the DagBag from /home/airflow/.local/lib/python3.8/site-packages/airflow/example_dags/example_python_decorator.py
[2026-06-18T16:52:50.701+0000] {processor.py:840} INFO - DAG(s) 'example_python_decorator' retrieved from /home/airflow/.local/lib/python3.8/site-packages/airflow/example_dags/example_python_decorator.py
[2026-06-18T16:52:50.748+0000] {logging_mixin.py:188} INFO - [2026-06-18T16:52:50.748+0000] {dag.py:3036} INFO - Sync 1 DAGs
[2026-06-18T16:52:50.771+0000] {logging_mixin.py:188} INFO - [2026-06-18T16:52:50.771+0000] {dag.py:3823} INFO - Setting next_dagrun for example_python_decorator to None, run_after=None
[2026-06-18T16:52:50.806+0000] {processor.py:183} INFO - Processing /home/airflow/.local/lib/python3.8/site-packages/airflow/example_dags/example_python_decorator.py took 0.146 seconds
[2026-06-18T16:53:20.958+0000] {processor.py:161} INFO - Started process (PID=477) to work on /home/airflow/.local/lib/python3.8/site-packages/airflow/example_dags/example_python_decorator.py
[2026-06-18T16:53:20.960+0000] {processor.py:830} INFO - Processing file /home/airflow/.local/lib/python3.8/site-packages/airflow/example_dags/example_python_decorator.py for tasks to queue
[2026-06-18T16:53:20.963+0000] {logging_mixin.py:188} INFO - [2026-06-18T16:53:20.962+0000] {dagbag.py:538} INFO - Filling up the DagBag from /home/airflow/.local/lib/python3.8/site-packages/airflow/example_dags/example_python_decorator.py
[2026-06-18T16:53:20.988+0000] {processor.py:840} INFO - DAG(s) 'example_python_decorator' retrieved from /home/airflow/.local/lib/python3.8/site-packages/airflow/example_dags/example_python_decorator.py
[2026-06-18T16:53:21.039+0000] {logging_mixin.py:188} INFO - [2026-06-18T16:53:21.038+0000] {dag.py:3036} INFO - Sync 1 DAGs
[2026-06-18T16:53:21.065+0000] {logging_mixin.py:188} INFO - [2026-06-18T16:53:21.064+0000] {dag.py:3823} INFO - Setting next_dagrun for example_python_decorator to None, run_after=None
[2026-06-18T16:53:21.100+0000] {processor.py:183} INFO - Processing /home/airflow/.local/lib/python3.8/site-packages/airflow/example_dags/example_python_decorator.py took 0.148 seconds
[2026-06-18T16:53:51.177+0000] {processor.py:161} INFO - Started process (PID=544) to work on /home/airflow/.local/lib/python3.8/site-packages/airflow/example_dags/example_python_decorator.py
[2026-06-18T16:53:51.178+0000] {processor.py:830} INFO - Processing file /home/airflow/.local/lib/python3.8/site-packages/airflow/example_dags/example_python_decorator.py for tasks to queue
[2026-06-18T16:53:51.181+0000] {logging_mixin.py:188} INFO - [2026-06-18T16:53:51.181+0000] {dagbag.py:538} INFO - Filling up the DagBag from /home/airflow/.local/lib/python3.8/site-packages/airflow/example_dags/example_python_decorator.py
[2026-06-18T16:53:51.209+0000] {processor.py:840} INFO - DAG(s) 'example_python_decorator' retrieved from /home/airflow/.local/lib/python3.8/site-packages/airflow/example_dags/example_python_decorator.py
[2026-06-18T16:53:51.258+0000] {logging_mixin.py:188} INFO - [2026-06-18T16:53:51.258+0000] {dag.py:3036} INFO - Sync 1 DAGs
[2026-06-18T16:53:51.285+0000] {logging_mixin.py:188} INFO - [2026-06-18T16:53:51.284+0000] {dag.py:3823} INFO - Setting next_dagrun for example_python_decorator to None, run_after=None
[2026-06-18T16:53:51.317+0000] {processor.py:183} INFO - Processing /home/airflow/.local/lib/python3.8/site-packages/airflow/example_dags/example_python_decorator.py took 0.146 seconds
[2026-06-18T16:54:21.759+0000] {processor.py:161} INFO - Started process (PID=611) to work on /home/airflow/.local/lib/python3.8/site-packages/airflow/example_dags/example_python_decorator.py
[2026-06-18T16:54:21.762+0000] {processor.py:830} INFO - Processing file /home/airflow/.local/lib/python3.8/site-packages/airflow/example_dags/example_python_decorator.py for tasks to queue
[2026-06-18T16:54:21.767+0000] {logging_mixin.py:188} INFO - [2026-06-18T16:54:21.767+0000] {dagbag.py:538} INFO - Filling up the DagBag from /home/airflow/.local/lib/python3.8/site-packages/airflow/example_dags/example_python_decorator.py
[2026-06-18T16:54:21.792+0000] {processor.py:840} INFO - DAG(s) 'example_python_decorator' retrieved from /home/airflow/.local/lib/python3.8/site-packages/airflow/example_dags/example_python_decorator.py
[2026-06-18T16:54:21.834+0000] {logging_mixin.py:188} INFO - [2026-06-18T16:54:21.834+0000] {dag.py:3036} INFO - Sync 1 DAGs
[2026-06-18T16:54:21.857+0000] {logging_mixin.py:188} INFO - [2026-06-18T16:54:21.857+0000] {dag.py:3823} INFO - Setting next_dagrun for example_python_decorator to None, run_after=None
[2026-06-18T16:54:21.893+0000] {processor.py:183} INFO - Processing /home/airflow/.local/lib/python3.8/site-packages/airflow/example_dags/example_python_decorator.py took 0.140 seconds
[2026-06-18T16:54:52.063+0000] {processor.py:161} INFO - Started process (PID=684) to work on /home/airflow/.local/lib/python3.8/site-packages/airflow/example_dags/example_python_decorator.py
[2026-06-18T16:54:52.064+0000] {processor.py:830} INFO - Processing file /home/airflow/.local/lib/python3.8/site-packages/airflow/example_dags/example_python_decorator.py for tasks to queue
[2026-06-18T16:54:52.067+0000] {logging_mixin.py:188} INFO - [2026-06-18T16:54:52.066+0000] {dagbag.py:538} INFO - Filling up the DagBag from /home/airflow/.local/lib/python3.8/site-packages/airflow/example_dags/example_python_decorator.py
[2026-06-18T16:54:52.092+0000] {processor.py:840} INFO - DAG(s) 'example_python_decorator' retrieved from /home/airflow/.local/lib/python3.8/site-packages/airflow/example_dags/example_python_decorator.py
[2026-06-18T16:54:52.141+0000] {logging_mixin.py:188} INFO - [2026-06-18T16:54:52.141+0000] {dag.py:3036} INFO - Sync 1 DAGs
[2026-06-18T16:54:52.166+0000] {logging_mixin.py:188} INFO - [2026-06-18T16:54:52.166+0000] {dag.py:3823} INFO - Setting next_dagrun for example_python_decorator to None, run_after=None
[2026-06-18T16:54:52.202+0000] {processor.py:183} INFO - Processing /home/airflow/.local/lib/python3.8/site-packages/airflow/example_dags/example_python_decorator.py took 0.146 seconds
[2026-06-18T16:55:22.764+0000] {processor.py:161} INFO - Started process (PID=751) to work on /home/airflow/.local/lib/python3.8/site-packages/airflow/example_dags/example_python_decorator.py
[2026-06-18T16:55:22.766+0000] {processor.py:830} INFO - Processing file /home/airflow/.local/lib/python3.8/site-packages/airflow/example_dags/example_python_decorator.py for tasks to queue
[2026-06-18T16:55:22.769+0000] {logging_mixin.py:188} INFO - [2026-06-18T16:55:22.768+0000] {dagbag.py:538} INFO - Filling up the DagBag from /home/airflow/.local/lib/python3.8/site-packages/airflow/example_dags/example_python_decorator.py
[2026-06-18T16:55:22.800+0000] {processor.py:840} INFO - DAG(s) 'example_python_decorator' retrieved from /home/airflow/.local/lib/python3.8/site-packages/airflow/example_dags/example_python_decorator.py
[2026-06-18T16:55:22.878+0000] {logging_mixin.py:188} INFO - [2026-06-18T16:55:22.877+0000] {dag.py:3036} INFO - Sync 1 DAGs
[2026-06-18T16:55:22.933+0000] {logging_mixin.py:188} INFO - [2026-06-18T16:55:22.932+0000] {dag.py:3823} INFO - Setting next_dagrun for example_python_decorator to None, run_after=None
[2026-06-18T16:55:22.974+0000] {processor.py:183} INFO - Processing /home/airflow/.local/lib/python3.8/site-packages/airflow/example_dags/example_python_decorator.py took 0.216 seconds
[2026-06-18T16:55:53.538+0000] {processor.py:161} INFO - Started process (PID=818) to work on /home/airflow/.local/lib/python3.8/site-packages/airflow/example_dags/example_python_decorator.py
[2026-06-18T16:55:53.540+0000] {processor.py:830} INFO - Processing file /home/airflow/.local/lib/python3.8/site-packages/airflow/example_dags/example_python_decorator.py for tasks to queue
[2026-06-18T16:55:53.543+0000] {logging_mixin.py:188} INFO - [2026-06-18T16:55:53.542+0000] {dagbag.py:538} INFO - Filling up the DagBag from /home/airflow/.local/lib/python3.8/site-packages/airflow/example_dags/example_python_decorator.py
[2026-06-18T16:55:53.568+0000] {processor.py:840} INFO - DAG(s) 'example_python_decorator' retrieved from /home/airflow/.local/lib/python3.8/site-packages/airflow/example_dags/example_python_decorator.py
[2026-06-18T16:55:53.612+0000] {logging_mixin.py:188} INFO - [2026-06-18T16:55:53.611+0000] {dag.py:3036} INFO - Sync 1 DAGs
[2026-06-18T16:55:53.637+0000] {logging_mixin.py:188} INFO - [2026-06-18T16:55:53.636+0000] {dag.py:3823} INFO - Setting next_dagrun for example_python_decorator to None, run_after=None
[2026-06-18T16:55:53.671+0000] {processor.py:183} INFO - Processing /home/airflow/.local/lib/python3.8/site-packages/airflow/example_dags/example_python_decorator.py took 0.140 seconds
[2026-06-18T16:56:24.623+0000] {processor.py:161} INFO - Started process (PID=884) to work on /home/airflow/.local/lib/python3.8/site-packages/airflow/example_dags/example_python_decorator.py
[2026-06-18T16:56:24.624+0000] {processor.py:830} INFO - Processing file /home/airflow/.local/lib/python3.8/site-packages/airflow/example_dags/example_python_decorator.py for tasks to queue
[2026-06-18T16:56:24.627+0000] {logging_mixin.py:188} INFO - [2026-06-18T16:56:24.627+0000] {dagbag.py:538} INFO - Filling up the DagBag from /home/airflow/.local/lib/python3.8/site-packages/airflow/example_dags/example_python_decorator.py
[2026-06-18T16:56:24.647+0000] {processor.py:840} INFO - DAG(s) 'example_python_decorator' retrieved from /home/airflow/.local/lib/python3.8/site-packages/airflow/example_dags/example_python_decorator.py
[2026-06-18T16:56:24.689+0000] {logging_mixin.py:188} INFO - [2026-06-18T16:56:24.688+0000] {dag.py:3036} INFO - Sync 1 DAGs
[2026-06-18T16:56:24.711+0000] {logging_mixin.py:188} INFO - [2026-06-18T16:56:24.710+0000] {dag.py:3823} INFO - Setting next_dagrun for example_python_decorator to None, run_after=None
[2026-06-18T16:56:24.742+0000] {processor.py:183} INFO - Processing /home/airflow/.local/lib/python3.8/site-packages/airflow/example_dags/example_python_decorator.py took 0.124 seconds
[2026-06-18T16:56:55.275+0000] {processor.py:161} INFO - Started process (PID=950) to work on /home/airflow/.local/lib/python3.8/site-packages/airflow/example_dags/example_python_decorator.py
[2026-06-18T16:56:55.277+0000] {processor.py:830} INFO - Processing file /home/airflow/.local/lib/python3.8/site-packages/airflow/example_dags/example_python_decorator.py for tasks to queue
[2026-06-18T16:56:55.280+0000] {logging_mixin.py:188} INFO - [2026-06-18T16:56:55.279+0000] {dagbag.py:538} INFO - Filling up the DagBag from /home/airflow/.local/lib/python3.8/site-packages/airflow/example_dags/example_python_decorator.py
[2026-06-18T16:56:55.308+0000] {processor.py:840} INFO - DAG(s) 'example_python_decorator' retrieved from /home/airflow/.local/lib/python3.8/site-packages/airflow/example_dags/example_python_decorator.py
[2026-06-18T16:56:55.360+0000] {logging_mixin.py:188} INFO - [2026-06-18T16:56:55.359+0000] {dag.py:3036} INFO - Sync 1 DAGs
[2026-06-18T16:56:55.386+0000] {logging_mixin.py:188} INFO - [2026-06-18T16:56:55.385+0000] {dag.py:3823} INFO - Setting next_dagrun for example_python_decorator to None, run_after=None
[2026-06-18T16:56:55.427+0000] {processor.py:183} INFO - Processing /home/airflow/.local/lib/python3.8/site-packages/airflow/example_dags/example_python_decorator.py took 0.158 seconds
[2026-06-18T16:57:26.060+0000] {processor.py:161} INFO - Started process (PID=1015) to work on /home/airflow/.local/lib/python3.8/site-packages/airflow/example_dags/example_python_decorator.py
[2026-06-18T16:57:26.062+0000] {processor.py:830} INFO - Processing file /home/airflow/.local/lib/python3.8/site-packages/airflow/example_dags/example_python_decorator.py for tasks to queue
[2026-06-18T16:57:26.065+0000] {logging_mixin.py:188} INFO - [2026-06-18T16:57:26.065+0000] {dagbag.py:538} INFO - Filling up the DagBag from /home/airflow/.local/lib/python3.8/site-packages/airflow/example_dags/example_python_decorator.py
[2026-06-18T16:57:26.091+0000] {processor.py:840} INFO - DAG(s) 'example_python_decorator' retrieved from /home/airflow/.local/lib/python3.8/site-packages/airflow/example_dags/example_python_decorator.py
[2026-06-18T16:57:26.138+0000] {logging_mixin.py:188} INFO - [2026-06-18T16:57:26.138+0000] {dag.py:3036} INFO - Sync 1 DAGs
[2026-06-18T16:57:26.171+0000] {logging_mixin.py:188} INFO - [2026-06-18T16:57:26.171+0000] {dag.py:3823} INFO - Setting next_dagrun for example_python_decorator to None, run_after=None
[2026-06-18T16:57:26.205+0000] {processor.py:183} INFO - Processing /home/airflow/.local/lib/python3.8/site-packages/airflow/example_dags/example_python_decorator.py took 0.151 seconds
[2026-06-18T16:57:56.864+0000] {processor.py:161} INFO - Started process (PID=1080) to work on /home/airflow/.local/lib/python3.8/site-packages/airflow/example_dags/example_python_decorator.py
[2026-06-18T16:57:56.866+0000] {processor.py:830} INFO - Processing file /home/airflow/.local/lib/python3.8/site-packages/airflow/example_dags/example_python_decorator.py for tasks to queue
[2026-06-18T16:57:56.869+0000] {logging_mixin.py:188} INFO - [2026-06-18T16:57:56.868+0000] {dagbag.py:538} INFO - Filling up the DagBag from /home/airflow/.local/lib/python3.8/site-packages/airflow/example_dags/example_python_decorator.py
[2026-06-18T16:57:56.905+0000] {processor.py:840} INFO - DAG(s) 'example_python_decorator' retrieved from /home/airflow/.local/lib/python3.8/site-packages/airflow/example_dags/example_python_decorator.py
[2026-06-18T16:57:56.954+0000] {logging_mixin.py:188} INFO - [2026-06-18T16:57:56.953+0000] {dag.py:3036} INFO - Sync 1 DAGs
[2026-06-18T16:57:56.973+0000] {logging_mixin.py:188} INFO - [2026-06-18T16:57:56.973+0000] {dag.py:3823} INFO - Setting next_dagrun for example_python_decorator to None, run_after=None
[2026-06-18T16:57:57.003+0000] {processor.py:183} INFO - Processing /home/airflow/.local/lib/python3.8/site-packages/airflow/example_dags/example_python_decorator.py took 0.145 seconds
[2026-06-18T16:58:27.432+0000] {processor.py:161} INFO - Started process (PID=1145) to work on /home/airflow/.local/lib/python3.8/site-packages/airflow/example_dags/example_python_decorator.py
[2026-06-18T16:58:27.434+0000] {processor.py:830} INFO - Processing file /home/airflow/.local/lib/python3.8/site-packages/airflow/example_dags/example_python_decorator.py for tasks to queue
[2026-06-18T16:58:27.437+0000] {logging_mixin.py:188} INFO - [2026-06-18T16:58:27.437+0000] {dagbag.py:538} INFO - Filling up the DagBag from /home/airflow/.local/lib/python3.8/site-packages/airflow/example_dags/example_python_decorator.py
[2026-06-18T16:58:27.460+0000] {processor.py:840} INFO - DAG(s) 'example_python_decorator' retrieved from /home/airflow/.local/lib/python3.8/site-packages/airflow/example_dags/example_python_decorator.py
[2026-06-18T16:58:27.505+0000] {logging_mixin.py:188} INFO - [2026-06-18T16:58:27.504+0000] {dag.py:3036} INFO - Sync 1 DAGs
[2026-06-18T16:58:27.531+0000] {logging_mixin.py:188} INFO - [2026-06-18T16:58:27.531+0000] {dag.py:3823} INFO - Setting next_dagrun for example_python_decorator to None, run_after=None
[2026-06-18T16:58:27.574+0000] {processor.py:183} INFO - Processing /home/airflow/.local/lib/python3.8/site-packages/airflow/example_dags/example_python_decorator.py took 0.147 seconds
[2026-06-18T16:58:58.793+0000] {processor.py:161} INFO - Started process (PID=1211) to work on /home/airflow/.local/lib/python3.8/site-packages/airflow/example_dags/example_python_decorator.py
[2026-06-18T16:58:58.795+0000] {processor.py:830} INFO - Processing file /home/airflow/.local/lib/python3.8/site-packages/airflow/example_dags/example_python_decorator.py for tasks to queue
[2026-06-18T16:58:58.798+0000] {logging_mixin.py:188} INFO - [2026-06-18T16:58:58.797+0000] {dagbag.py:538} INFO - Filling up the DagBag from /home/airflow/.local/lib/python3.8/site-packages/airflow/example_dags/example_python_decorator.py
[2026-06-18T16:58:58.819+0000] {processor.py:840} INFO - DAG(s) 'example_python_decorator' retrieved from /home/airflow/.local/lib/python3.8/site-packages/airflow/example_dags/example_python_decorator.py
[2026-06-18T16:58:59.017+0000] {logging_mixin.py:188} INFO - [2026-06-18T16:58:59.016+0000] {dag.py:3036} INFO - Sync 1 DAGs
[2026-06-18T16:58:59.036+0000] {logging_mixin.py:188} INFO - [2026-06-18T16:58:59.036+0000] {dag.py:3823} INFO - Setting next_dagrun for example_python_decorator to None, run_after=None
[2026-06-18T16:58:59.074+0000] {processor.py:183} INFO - Processing /home/airflow/.local/lib/python3.8/site-packages/airflow/example_dags/example_python_decorator.py took 0.286 seconds
[2026-06-18T16:59:29.251+0000] {processor.py:161} INFO - Started process (PID=1284) to work on /home/airflow/.local/lib/python3.8/site-packages/airflow/example_dags/example_python_decorator.py
[2026-06-18T16:59:29.253+0000] {processor.py:830} INFO - Processing file /home/airflow/.local/lib/python3.8/site-packages/airflow/example_dags/example_python_decorator.py for tasks to queue
[2026-06-18T16:59:29.255+0000] {logging_mixin.py:188} INFO - [2026-06-18T16:59:29.255+0000] {dagbag.py:538} INFO - Filling up the DagBag from /home/airflow/.local/lib/python3.8/site-packages/airflow/example_dags/example_python_decorator.py
[2026-06-18T16:59:29.276+0000] {processor.py:840} INFO - DAG(s) 'example_python_decorator' retrieved from /home/airflow/.local/lib/python3.8/site-packages/airflow/example_dags/example_python_decorator.py
[2026-06-18T16:59:29.318+0000] {logging_mixin.py:188} INFO - [2026-06-18T16:59:29.318+0000] {dag.py:3036} INFO - Sync 1 DAGs
[2026-06-18T16:59:29.347+0000] {logging_mixin.py:188} INFO - [2026-06-18T16:59:29.346+0000] {dag.py:3823} INFO - Setting next_dagrun for example_python_decorator to None, run_after=None
[2026-06-18T16:59:29.385+0000] {processor.py:183} INFO - Processing /home/airflow/.local/lib/python3.8/site-packages/airflow/example_dags/example_python_decorator.py took 0.139 seconds
[2026-06-18T16:59:59.938+0000] {processor.py:161} INFO - Started process (PID=1350) to work on /home/airflow/.local/lib/python3.8/site-packages/airflow/example_dags/example_python_decorator.py
[2026-06-18T16:59:59.941+0000] {processor.py:830} INFO - Processing file /home/airflow/.local/lib/python3.8/site-packages/airflow/example_dags/example_python_decorator.py for tasks to queue
[2026-06-18T16:59:59.944+0000] {logging_mixin.py:188} INFO - [2026-06-18T16:59:59.944+0000] {dagbag.py:538} INFO - Filling up the DagBag from /home/airflow/.local/lib/python3.8/site-packages/airflow/example_dags/example_python_decorator.py
[2026-06-18T16:59:59.973+0000] {processor.py:840} INFO - DAG(s) 'example_python_decorator' retrieved from /home/airflow/.local/lib/python3.8/site-packages/airflow/example_dags/example_python_decorator.py
[2026-06-18T17:00:00.000+0000] {logging_mixin.py:188} INFO - [2026-06-18T16:59:59.999+0000] {dag.py:3036} INFO - Sync 1 DAGs
[2026-06-18T17:00:00.028+0000] {logging_mixin.py:188} INFO - [2026-06-18T17:00:00.027+0000] {dag.py:3823} INFO - Setting next_dagrun for example_python_decorator to None, run_after=None
[2026-06-18T17:00:00.065+0000] {processor.py:183} INFO - Processing /home/airflow/.local/lib/python3.8/site-packages/airflow/example_dags/example_python_decorator.py took 0.134 seconds
[2026-06-18T17:00:31.355+0000] {processor.py:161} INFO - Started process (PID=1417) to work on /home/airflow/.local/lib/python3.8/site-packages/airflow/example_dags/example_python_decorator.py
[2026-06-18T17:00:31.358+0000] {processor.py:830} INFO - Processing file /home/airflow/.local/lib/python3.8/site-packages/airflow/example_dags/example_python_decorator.py for tasks to queue
[2026-06-18T17:00:31.361+0000] {logging_mixin.py:188} INFO - [2026-06-18T17:00:31.360+0000] {dagbag.py:538} INFO - Filling up the DagBag from /home/airflow/.local/lib/python3.8/site-packages/airflow/example_dags/example_python_decorator.py
[2026-06-18T17:00:31.389+0000] {processor.py:840} INFO - DAG(s) 'example_python_decorator' retrieved from /home/airflow/.local/lib/python3.8/site-packages/airflow/example_dags/example_python_decorator.py
[2026-06-18T17:00:31.630+0000] {logging_mixin.py:188} INFO - [2026-06-18T17:00:31.629+0000] {dag.py:3036} INFO - Sync 1 DAGs
[2026-06-18T17:00:31.652+0000] {logging_mixin.py:188} INFO - [2026-06-18T17:00:31.651+0000] {dag.py:3823} INFO - Setting next_dagrun for example_python_decorator to None, run_after=None
[2026-06-18T17:00:31.697+0000] {processor.py:183} INFO - Processing /home/airflow/.local/lib/python3.8/site-packages/airflow/example_dags/example_python_decorator.py took 0.355 seconds
[2026-06-18T17:01:02.177+0000] {processor.py:161} INFO - Started process (PID=1482) to work on /home/airflow/.local/lib/python3.8/site-packages/airflow/example_dags/example_python_decorator.py
[2026-06-18T17:01:02.178+0000] {processor.py:830} INFO - Processing file /home/airflow/.local/lib/python3.8/site-packages/airflow/example_dags/example_python_decorator.py for tasks to queue
[2026-06-18T17:01:02.181+0000] {logging_mixin.py:188} INFO - [2026-06-18T17:01:02.181+0000] {dagbag.py:538} INFO - Filling up the DagBag from /home/airflow/.local/lib/python3.8/site-packages/airflow/example_dags/example_python_decorator.py
[2026-06-18T17:01:02.208+0000] {processor.py:840} INFO - DAG(s) 'example_python_decorator' retrieved from /home/airflow/.local/lib/python3.8/site-packages/airflow/example_dags/example_python_decorator.py
[2026-06-18T17:01:02.256+0000] {logging_mixin.py:188} INFO - [2026-06-18T17:01:02.256+0000] {dag.py:3036} INFO - Sync 1 DAGs
[2026-06-18T17:01:02.283+0000] {logging_mixin.py:188} INFO - [2026-06-18T17:01:02.283+0000] {dag.py:3823} INFO - Setting next_dagrun for example_python_decorator to None, run_after=None
[2026-06-18T17:01:02.318+0000] {processor.py:183} INFO - Processing /home/airflow/.local/lib/python3.8/site-packages/airflow/example_dags/example_python_decorator.py took 0.147 seconds
[2026-06-18T17:01:32.546+0000] {processor.py:161} INFO - Started process (PID=1548) to work on /home/airflow/.local/lib/python3.8/site-packages/airflow/example_dags/example_python_decorator.py
[2026-06-18T17:01:32.548+0000] {processor.py:830} INFO - Processing file /home/airflow/.local/lib/python3.8/site-packages/airflow/example_dags/example_python_decorator.py for tasks to queue
[2026-06-18T17:01:32.551+0000] {logging_mixin.py:188} INFO - [2026-06-18T17:01:32.551+0000] {dagbag.py:538} INFO - Filling up the DagBag from /home/airflow/.local/lib/python3.8/site-packages/airflow/example_dags/example_python_decorator.py
[2026-06-18T17:01:32.586+0000] {processor.py:840} INFO - DAG(s) 'example_python_decorator' retrieved from /home/airflow/.local/lib/python3.8/site-packages/airflow/example_dags/example_python_decorator.py
[2026-06-18T17:01:32.647+0000] {logging_mixin.py:188} INFO - [2026-06-18T17:01:32.646+0000] {dag.py:3036} INFO - Sync 1 DAGs
[2026-06-18T17:01:32.676+0000] {logging_mixin.py:188} INFO - [2026-06-18T17:01:32.676+0000] {dag.py:3823} INFO - Setting next_dagrun for example_python_decorator to None, run_after=None
[2026-06-18T17:01:32.718+0000] {processor.py:183} INFO - Processing /home/airflow/.local/lib/python3.8/site-packages/airflow/example_dags/example_python_decorator.py took 0.182 seconds
[2026-06-18T17:02:02.968+0000] {processor.py:161} INFO - Started process (PID=1614) to work on /home/airflow/.local/lib/python3.8/site-packages/airflow/example_dags/example_python_decorator.py
[2026-06-18T17:02:02.969+0000] {processor.py:830} INFO - Processing file /home/airflow/.local/lib/python3.8/site-packages/airflow/example_dags/example_python_decorator.py for tasks to queue
[2026-06-18T17:02:02.972+0000] {logging_mixin.py:188} INFO - [2026-06-18T17:02:02.972+0000] {dagbag.py:538} INFO - Filling up the DagBag from /home/airflow/.local/lib/python3.8/site-packages/airflow/example_dags/example_python_decorator.py
[2026-06-18T17:02:03.001+0000] {processor.py:840} INFO - DAG(s) 'example_python_decorator' retrieved from /home/airflow/.local/lib/python3.8/site-packages/airflow/example_dags/example_python_decorator.py
[2026-06-18T17:02:03.081+0000] {logging_mixin.py:188} INFO - [2026-06-18T17:02:03.081+0000] {dag.py:3036} INFO - Sync 1 DAGs
[2026-06-18T17:02:03.111+0000] {logging_mixin.py:188} INFO - [2026-06-18T17:02:03.110+0000] {dag.py:3823} INFO - Setting next_dagrun for example_python_decorator to None, run_after=None
[2026-06-18T17:02:03.162+0000] {processor.py:183} INFO - Processing /home/airflow/.local/lib/python3.8/site-packages/airflow/example_dags/example_python_decorator.py took 0.201 seconds
[2026-06-18T17:02:33.725+0000] {processor.py:161} INFO - Started process (PID=1680) to work on /home/airflow/.local/lib/python3.8/site-packages/airflow/example_dags/example_python_decorator.py
[2026-06-18T17:02:33.727+0000] {processor.py:830} INFO - Processing file /home/airflow/.local/lib/python3.8/site-packages/airflow/example_dags/example_python_decorator.py for tasks to queue
[2026-06-18T17:02:33.730+0000] {logging_mixin.py:188} INFO - [2026-06-18T17:02:33.729+0000] {dagbag.py:538} INFO - Filling up the DagBag from /home/airflow/.local/lib/python3.8/site-packages/airflow/example_dags/example_python_decorator.py
[2026-06-18T17:02:33.752+0000] {processor.py:840} INFO - DAG(s) 'example_python_decorator' retrieved from /home/airflow/.local/lib/python3.8/site-packages/airflow/example_dags/example_python_decorator.py
[2026-06-18T17:02:33.791+0000] {logging_mixin.py:188} INFO - [2026-06-18T17:02:33.791+0000] {dag.py:3036} INFO - Sync 1 DAGs
[2026-06-18T17:02:33.814+0000] {logging_mixin.py:188} INFO - [2026-06-18T17:02:33.814+0000] {dag.py:3823} INFO - Setting next_dagrun for example_python_decorator to None, run_after=None
[2026-06-18T17:02:33.851+0000] {processor.py:183} INFO - Processing /home/airflow/.local/lib/python3.8/site-packages/airflow/example_dags/example_python_decorator.py took 0.130 seconds
[2026-06-18T17:03:04.377+0000] {processor.py:161} INFO - Started process (PID=1745) to work on /home/airflow/.local/lib/python3.8/site-packages/airflow/example_dags/example_python_decorator.py
[2026-06-18T17:03:04.378+0000] {processor.py:830} INFO - Processing file /home/airflow/.local/lib/python3.8/site-packages/airflow/example_dags/example_python_decorator.py for tasks to queue
[2026-06-18T17:03:04.381+0000] {logging_mixin.py:188} INFO - [2026-06-18T17:03:04.381+0000] {dagbag.py:538} INFO - Filling up the DagBag from /home/airflow/.local/lib/python3.8/site-packages/airflow/example_dags/example_python_decorator.py
[2026-06-18T17:03:04.411+0000] {processor.py:840} INFO - DAG(s) 'example_python_decorator' retrieved from /home/airflow/.local/lib/python3.8/site-packages/airflow/example_dags/example_python_decorator.py
[2026-06-18T17:03:04.459+0000] {logging_mixin.py:188} INFO - [2026-06-18T17:03:04.459+0000] {dag.py:3036} INFO - Sync 1 DAGs
[2026-06-18T17:03:04.485+0000] {logging_mixin.py:188} INFO - [2026-06-18T17:03:04.484+0000] {dag.py:3823} INFO - Setting next_dagrun for example_python_decorator to None, run_after=None
[2026-06-18T17:03:04.518+0000] {processor.py:183} INFO - Processing /home/airflow/.local/lib/python3.8/site-packages/airflow/example_dags/example_python_decorator.py took 0.150 seconds
[2026-06-18T17:03:34.869+0000] {processor.py:161} INFO - Started process (PID=1811) to work on /home/airflow/.local/lib/python3.8/site-packages/airflow/example_dags/example_python_decorator.py
[2026-06-18T17:03:34.871+0000] {processor.py:830} INFO - Processing file /home/airflow/.local/lib/python3.8/site-packages/airflow/example_dags/example_python_decorator.py for tasks to queue
[2026-06-18T17:03:34.873+0000] {logging_mixin.py:188} INFO - [2026-06-18T17:03:34.873+0000] {dagbag.py:538} INFO - Filling up the DagBag from /home/airflow/.local/lib/python3.8/site-packages/airflow/example_dags/example_python_decorator.py
[2026-06-18T17:03:34.895+0000] {processor.py:840} INFO - DAG(s) 'example_python_decorator' retrieved from /home/airflow/.local/lib/python3.8/site-packages/airflow/example_dags/example_python_decorator.py
[2026-06-18T17:03:34.935+0000] {logging_mixin.py:188} INFO - [2026-06-18T17:03:34.935+0000] {dag.py:3036} INFO - Sync 1 DAGs
[2026-06-18T17:03:34.957+0000] {logging_mixin.py:188} INFO - [2026-06-18T17:03:34.957+0000] {dag.py:3823} INFO - Setting next_dagrun for example_python_decorator to None, run_after=None
[2026-06-18T17:03:34.987+0000] {processor.py:183} INFO - Processing /home/airflow/.local/lib/python3.8/site-packages/airflow/example_dags/example_python_decorator.py took 0.124 seconds
[2026-06-18T17:04:05.461+0000] {processor.py:161} INFO - Started process (PID=1877) to work on /home/airflow/.local/lib/python3.8/site-packages/airflow/example_dags/example_python_decorator.py
[2026-06-18T17:04:05.463+0000] {processor.py:830} INFO - Processing file /home/airflow/.local/lib/python3.8/site-packages/airflow/example_dags/example_python_decorator.py for tasks to queue
[2026-06-18T17:04:05.466+0000] {logging_mixin.py:188} INFO - [2026-06-18T17:04:05.465+0000] {dagbag.py:538} INFO - Filling up the DagBag from /home/airflow/.local/lib/python3.8/site-packages/airflow/example_dags/example_python_decorator.py
[2026-06-18T17:04:05.492+0000] {processor.py:840} INFO - DAG(s) 'example_python_decorator' retrieved from /home/airflow/.local/lib/python3.8/site-packages/airflow/example_dags/example_python_decorator.py
[2026-06-18T17:04:05.546+0000] {logging_mixin.py:188} INFO - [2026-06-18T17:04:05.546+0000] {dag.py:3036} INFO - Sync 1 DAGs
[2026-06-18T17:04:05.570+0000] {logging_mixin.py:188} INFO - [2026-06-18T17:04:05.570+0000] {dag.py:3823} INFO - Setting next_dagrun for example_python_decorator to None, run_after=None
[2026-06-18T17:04:05.608+0000] {processor.py:183} INFO - Processing /home/airflow/.local/lib/python3.8/site-packages/airflow/example_dags/example_python_decorator.py took 0.152 seconds
[2026-06-18T17:04:35.881+0000] {processor.py:161} INFO - Started process (PID=1944) to work on /home/airflow/.local/lib/python3.8/site-packages/airflow/example_dags/example_python_decorator.py
[2026-06-18T17:04:35.884+0000] {processor.py:830} INFO - Processing file /home/airflow/.local/lib/python3.8/site-packages/airflow/example_dags/example_python_decorator.py for tasks to queue
[2026-06-18T17:04:35.886+0000] {logging_mixin.py:188} INFO - [2026-06-18T17:04:35.886+0000] {dagbag.py:538} INFO - Filling up the DagBag from /home/airflow/.local/lib/python3.8/site-packages/airflow/example_dags/example_python_decorator.py
[2026-06-18T17:04:35.911+0000] {processor.py:840} INFO - DAG(s) 'example_python_decorator' retrieved from /home/airflow/.local/lib/python3.8/site-packages/airflow/example_dags/example_python_decorator.py
[2026-06-18T17:04:35.954+0000] {logging_mixin.py:188} INFO - [2026-06-18T17:04:35.954+0000] {dag.py:3036} INFO - Sync 1 DAGs
[2026-06-18T17:04:35.978+0000] {logging_mixin.py:188} INFO - [2026-06-18T17:04:35.978+0000] {dag.py:3823} INFO - Setting next_dagrun for example_python_decorator to None, run_after=None
[2026-06-18T17:04:36.012+0000] {processor.py:183} INFO - Processing /home/airflow/.local/lib/python3.8/site-packages/airflow/example_dags/example_python_decorator.py took 0.137 seconds
[2026-06-18T17:05:06.260+0000] {processor.py:161} INFO - Started process (PID=2009) to work on /home/airflow/.local/lib/python3.8/site-packages/airflow/example_dags/example_python_decorator.py
[2026-06-18T17:05:06.263+0000] {processor.py:830} INFO - Processing file /home/airflow/.local/lib/python3.8/site-packages/airflow/example_dags/example_python_decorator.py for tasks to queue
[2026-06-18T17:05:06.266+0000] {logging_mixin.py:188} INFO - [2026-06-18T17:05:06.265+0000] {dagbag.py:538} INFO - Filling up the DagBag from /home/airflow/.local/lib/python3.8/site-packages/airflow/example_dags/example_python_decorator.py
[2026-06-18T17:05:06.286+0000] {processor.py:840} INFO - DAG(s) 'example_python_decorator' retrieved from /home/airflow/.local/lib/python3.8/site-packages/airflow/example_dags/example_python_decorator.py
[2026-06-18T17:05:06.330+0000] {logging_mixin.py:188} INFO - [2026-06-18T17:05:06.329+0000] {dag.py:3036} INFO - Sync 1 DAGs
[2026-06-18T17:05:06.350+0000] {logging_mixin.py:188} INFO - [2026-06-18T17:05:06.349+0000] {dag.py:3823} INFO - Setting next_dagrun for example_python_decorator to None, run_after=None
[2026-06-18T17:05:06.379+0000] {processor.py:183} INFO - Processing /home/airflow/.local/lib/python3.8/site-packages/airflow/example_dags/example_python_decorator.py took 0.124 seconds
[2026-06-18T17:05:36.905+0000] {processor.py:161} INFO - Started process (PID=2075) to work on /home/airflow/.local/lib/python3.8/site-packages/airflow/example_dags/example_python_decorator.py
[2026-06-18T17:05:36.907+0000] {processor.py:830} INFO - Processing file /home/airflow/.local/lib/python3.8/site-packages/airflow/example_dags/example_python_decorator.py for tasks to queue
[2026-06-18T17:05:36.909+0000] {logging_mixin.py:188} INFO - [2026-06-18T17:05:36.909+0000] {dagbag.py:538} INFO - Filling up the DagBag from /home/airflow/.local/lib/python3.8/site-packages/airflow/example_dags/example_python_decorator.py
[2026-06-18T17:05:36.933+0000] {processor.py:840} INFO - DAG(s) 'example_python_decorator' retrieved from /home/airflow/.local/lib/python3.8/site-packages/airflow/example_dags/example_python_decorator.py
[2026-06-18T17:05:36.978+0000] {logging_mixin.py:188} INFO - [2026-06-18T17:05:36.977+0000] {dag.py:3036} INFO - Sync 1 DAGs
[2026-06-18T17:05:36.998+0000] {logging_mixin.py:188} INFO - [2026-06-18T17:05:36.998+0000] {dag.py:3823} INFO - Setting next_dagrun for example_python_decorator to None, run_after=None
[2026-06-18T17:05:37.032+0000] {processor.py:183} INFO - Processing /home/airflow/.local/lib/python3.8/site-packages/airflow/example_dags/example_python_decorator.py took 0.132 seconds
[2026-06-18T17:06:07.974+0000] {processor.py:161} INFO - Started process (PID=2140) to work on /home/airflow/.local/lib/python3.8/site-packages/airflow/example_dags/example_python_decorator.py
[2026-06-18T17:06:07.976+0000] {processor.py:830} INFO - Processing file /home/airflow/.local/lib/python3.8/site-packages/airflow/example_dags/example_python_decorator.py for tasks to queue
[2026-06-18T17:06:07.979+0000] {logging_mixin.py:188} INFO - [2026-06-18T17:06:07.979+0000] {dagbag.py:538} INFO - Filling up the DagBag from /home/airflow/.local/lib/python3.8/site-packages/airflow/example_dags/example_python_decorator.py
[2026-06-18T17:06:08.002+0000] {processor.py:840} INFO - DAG(s) 'example_python_decorator' retrieved from /home/airflow/.local/lib/python3.8/site-packages/airflow/example_dags/example_python_decorator.py
[2026-06-18T17:06:08.045+0000] {logging_mixin.py:188} INFO - [2026-06-18T17:06:08.045+0000] {dag.py:3036} INFO - Sync 1 DAGs
[2026-06-18T17:06:08.068+0000] {logging_mixin.py:188} INFO - [2026-06-18T17:06:08.067+0000] {dag.py:3823} INFO - Setting next_dagrun for example_python_decorator to None, run_after=None
[2026-06-18T17:06:08.099+0000] {processor.py:183} INFO - Processing /home/airflow/.local/lib/python3.8/site-packages/airflow/example_dags/example_python_decorator.py took 0.130 seconds
[2026-06-18T17:06:38.274+0000] {processor.py:161} INFO - Started process (PID=2206) to work on /home/airflow/.local/lib/python3.8/site-packages/airflow/example_dags/example_python_decorator.py
[2026-06-18T17:06:38.276+0000] {processor.py:830} INFO - Processing file /home/airflow/.local/lib/python3.8/site-packages/airflow/example_dags/example_python_decorator.py for tasks to queue
[2026-06-18T17:06:38.279+0000] {logging_mixin.py:188} INFO - [2026-06-18T17:06:38.278+0000] {dagbag.py:538} INFO - Filling up the DagBag from /home/airflow/.local/lib/python3.8/site-packages/airflow/example_dags/example_python_decorator.py
[2026-06-18T17:06:38.302+0000] {processor.py:840} INFO - DAG(s) 'example_python_decorator' retrieved from /home/airflow/.local/lib/python3.8/site-packages/airflow/example_dags/example_python_decorator.py
[2026-06-18T17:06:38.346+0000] {logging_mixin.py:188} INFO - [2026-06-18T17:06:38.346+0000] {dag.py:3036} INFO - Sync 1 DAGs
[2026-06-18T17:06:38.370+0000] {logging_mixin.py:188} INFO - [2026-06-18T17:06:38.369+0000] {dag.py:3823} INFO - Setting next_dagrun for example_python_decorator to None, run_after=None
[2026-06-18T17:06:38.403+0000] {processor.py:183} INFO - Processing /home/airflow/.local/lib/python3.8/site-packages/airflow/example_dags/example_python_decorator.py took 0.135 seconds
[2026-06-18T17:07:08.648+0000] {processor.py:161} INFO - Started process (PID=2272) to work on /home/airflow/.local/lib/python3.8/site-packages/airflow/example_dags/example_python_decorator.py
[2026-06-18T17:07:08.649+0000] {processor.py:830} INFO - Processing file /home/airflow/.local/lib/python3.8/site-packages/airflow/example_dags/example_python_decorator.py for tasks to queue
[2026-06-18T17:07:08.652+0000] {logging_mixin.py:188} INFO - [2026-06-18T17:07:08.652+0000] {dagbag.py:538} INFO - Filling up the DagBag from /home/airflow/.local/lib/python3.8/site-packages/airflow/example_dags/example_python_decorator.py
[2026-06-18T17:07:08.674+0000] {processor.py:840} INFO - DAG(s) 'example_python_decorator' retrieved from /home/airflow/.local/lib/python3.8/site-packages/airflow/example_dags/example_python_decorator.py
[2026-06-18T17:07:08.713+0000] {logging_mixin.py:188} INFO - [2026-06-18T17:07:08.713+0000] {dag.py:3036} INFO - Sync 1 DAGs
[2026-06-18T17:07:08.734+0000] {logging_mixin.py:188} INFO - [2026-06-18T17:07:08.734+0000] {dag.py:3823} INFO - Setting next_dagrun for example_python_decorator to None, run_after=None
[2026-06-18T17:07:08.764+0000] {processor.py:183} INFO - Processing /home/airflow/.local/lib/python3.8/site-packages/airflow/example_dags/example_python_decorator.py took 0.121 seconds
[2026-06-18T17:07:39.692+0000] {processor.py:161} INFO - Started process (PID=2346) to work on /home/airflow/.local/lib/python3.8/site-packages/airflow/example_dags/example_python_decorator.py
[2026-06-18T17:07:39.694+0000] {processor.py:830} INFO - Processing file /home/airflow/.local/lib/python3.8/site-packages/airflow/example_dags/example_python_decorator.py for tasks to queue
[2026-06-18T17:07:39.697+0000] {logging_mixin.py:188} INFO - [2026-06-18T17:07:39.697+0000] {dagbag.py:538} INFO - Filling up the DagBag from /home/airflow/.local/lib/python3.8/site-packages/airflow/example_dags/example_python_decorator.py
[2026-06-18T17:07:39.720+0000] {processor.py:840} INFO - DAG(s) 'example_python_decorator' retrieved from /home/airflow/.local/lib/python3.8/site-packages/airflow/example_dags/example_python_decorator.py
[2026-06-18T17:07:39.764+0000] {logging_mixin.py:188} INFO - [2026-06-18T17:07:39.763+0000] {dag.py:3036} INFO - Sync 1 DAGs
[2026-06-18T17:07:39.784+0000] {logging_mixin.py:188} INFO - [2026-06-18T17:07:39.783+0000] {dag.py:3823} INFO - Setting next_dagrun for example_python_decorator to None, run_after=None
[2026-06-18T17:07:39.814+0000] {processor.py:183} INFO - Processing /home/airflow/.local/lib/python3.8/site-packages/airflow/example_dags/example_python_decorator.py took 0.127 seconds
[2026-06-18T17:08:09.965+0000] {processor.py:161} INFO - Started process (PID=2412) to work on /home/airflow/.local/lib/python3.8/site-packages/airflow/example_dags/example_python_decorator.py
[2026-06-18T17:08:09.967+0000] {processor.py:830} INFO - Processing file /home/airflow/.local/lib/python3.8/site-packages/airflow/example_dags/example_python_decorator.py for tasks to queue
[2026-06-18T17:08:09.970+0000] {logging_mixin.py:188} INFO - [2026-06-18T17:08:09.969+0000] {dagbag.py:538} INFO - Filling up the DagBag from /home/airflow/.local/lib/python3.8/site-packages/airflow/example_dags/example_python_decorator.py
[2026-06-18T17:08:09.997+0000] {processor.py:840} INFO - DAG(s) 'example_python_decorator' retrieved from /home/airflow/.local/lib/python3.8/site-packages/airflow/example_dags/example_python_decorator.py
[2026-06-18T17:08:10.038+0000] {logging_mixin.py:188} INFO - [2026-06-18T17:08:10.037+0000] {dag.py:3036} INFO - Sync 1 DAGs
[2026-06-18T17:08:10.057+0000] {logging_mixin.py:188} INFO - [2026-06-18T17:08:10.057+0000] {dag.py:3823} INFO - Setting next_dagrun for example_python_decorator to None, run_after=None
[2026-06-18T17:08:10.089+0000] {processor.py:183} INFO - Processing /home/airflow/.local/lib/python3.8/site-packages/airflow/example_dags/example_python_decorator.py took 0.129 seconds
[2026-06-18T17:08:40.993+0000] {processor.py:161} INFO - Started process (PID=2479) to work on /home/airflow/.local/lib/python3.8/site-packages/airflow/example_dags/example_python_decorator.py
[2026-06-18T17:08:40.995+0000] {processor.py:830} INFO - Processing file /home/airflow/.local/lib/python3.8/site-packages/airflow/example_dags/example_python_decorator.py for tasks to queue
[2026-06-18T17:08:40.998+0000] {logging_mixin.py:188} INFO - [2026-06-18T17:08:40.998+0000] {dagbag.py:538} INFO - Filling up the DagBag from /home/airflow/.local/lib/python3.8/site-packages/airflow/example_dags/example_python_decorator.py
[2026-06-18T17:08:41.025+0000] {processor.py:840} INFO - DAG(s) 'example_python_decorator' retrieved from /home/airflow/.local/lib/python3.8/site-packages/airflow/example_dags/example_python_decorator.py
[2026-06-18T17:08:41.068+0000] {logging_mixin.py:188} INFO - [2026-06-18T17:08:41.067+0000] {dag.py:3036} INFO - Sync 1 DAGs
[2026-06-18T17:08:41.090+0000] {logging_mixin.py:188} INFO - [2026-06-18T17:08:41.090+0000] {dag.py:3823} INFO - Setting next_dagrun for example_python_decorator to None, run_after=None
[2026-06-18T17:08:41.123+0000] {processor.py:183} INFO - Processing /home/airflow/.local/lib/python3.8/site-packages/airflow/example_dags/example_python_decorator.py took 0.137 seconds
[2026-06-18T17:09:11.611+0000] {processor.py:161} INFO - Started process (PID=2544) to work on /home/airflow/.local/lib/python3.8/site-packages/airflow/example_dags/example_python_decorator.py
[2026-06-18T17:09:11.612+0000] {processor.py:830} INFO - Processing file /home/airflow/.local/lib/python3.8/site-packages/airflow/example_dags/example_python_decorator.py for tasks to queue
[2026-06-18T17:09:11.615+0000] {logging_mixin.py:188} INFO - [2026-06-18T17:09:11.614+0000] {dagbag.py:538} INFO - Filling up the DagBag from /home/airflow/.local/lib/python3.8/site-packages/airflow/example_dags/example_python_decorator.py
[2026-06-18T17:09:11.638+0000] {processor.py:840} INFO - DAG(s) 'example_python_decorator' retrieved from /home/airflow/.local/lib/python3.8/site-packages/airflow/example_dags/example_python_decorator.py
[2026-06-18T17:09:11.697+0000] {logging_mixin.py:188} INFO - [2026-06-18T17:09:11.697+0000] {dag.py:3036} INFO - Sync 1 DAGs
[2026-06-18T17:09:11.727+0000] {logging_mixin.py:188} INFO - [2026-06-18T17:09:11.726+0000] {dag.py:3823} INFO - Setting next_dagrun for example_python_decorator to None, run_after=None
[2026-06-18T17:09:11.767+0000] {processor.py:183} INFO - Processing /home/airflow/.local/lib/python3.8/site-packages/airflow/example_dags/example_python_decorator.py took 0.164 seconds
[2026-06-18T17:09:42.373+0000] {processor.py:161} INFO - Started process (PID=2611) to work on /home/airflow/.local/lib/python3.8/site-packages/airflow/example_dags/example_python_decorator.py
[2026-06-18T17:09:42.375+0000] {processor.py:830} INFO - Processing file /home/airflow/.local/lib/python3.8/site-packages/airflow/example_dags/example_python_decorator.py for tasks to queue
[2026-06-18T17:09:42.378+0000] {logging_mixin.py:188} INFO - [2026-06-18T17:09:42.377+0000] {dagbag.py:538} INFO - Filling up the DagBag from /home/airflow/.local/lib/python3.8/site-packages/airflow/example_dags/example_python_decorator.py
[2026-06-18T17:09:42.401+0000] {processor.py:840} INFO - DAG(s) 'example_python_decorator' retrieved from /home/airflow/.local/lib/python3.8/site-packages/airflow/example_dags/example_python_decorator.py
[2026-06-18T17:09:42.440+0000] {logging_mixin.py:188} INFO - [2026-06-18T17:09:42.439+0000] {dag.py:3036} INFO - Sync 1 DAGs
[2026-06-18T17:09:42.462+0000] {logging_mixin.py:188} INFO - [2026-06-18T17:09:42.461+0000] {dag.py:3823} INFO - Setting next_dagrun for example_python_decorator to None, run_after=None
[2026-06-18T17:09:42.495+0000] {processor.py:183} INFO - Processing /home/airflow/.local/lib/python3.8/site-packages/airflow/example_dags/example_python_decorator.py took 0.127 seconds
[2026-06-18T17:10:12.738+0000] {processor.py:161} INFO - Started process (PID=2677) to work on /home/airflow/.local/lib/python3.8/site-packages/airflow/example_dags/example_python_decorator.py
[2026-06-18T17:10:12.740+0000] {processor.py:830} INFO - Processing file /home/airflow/.local/lib/python3.8/site-packages/airflow/example_dags/example_python_decorator.py for tasks to queue
[2026-06-18T17:10:12.742+0000] {logging_mixin.py:188} INFO - [2026-06-18T17:10:12.742+0000] {dagbag.py:538} INFO - Filling up the DagBag from /home/airflow/.local/lib/python3.8/site-packages/airflow/example_dags/example_python_decorator.py
[2026-06-18T17:10:12.766+0000] {processor.py:840} INFO - DAG(s) 'example_python_decorator' retrieved from /home/airflow/.local/lib/python3.8/site-packages/airflow/example_dags/example_python_decorator.py
[2026-06-18T17:10:12.827+0000] {logging_mixin.py:188} INFO - [2026-06-18T17:10:12.826+0000] {dag.py:3036} INFO - Sync 1 DAGs
[2026-06-18T17:10:12.853+0000] {logging_mixin.py:188} INFO - [2026-06-18T17:10:12.853+0000] {dag.py:3823} INFO - Setting next_dagrun for example_python_decorator to None, run_after=None
[2026-06-18T17:10:12.888+0000] {processor.py:183} INFO - Processing /home/airflow/.local/lib/python3.8/site-packages/airflow/example_dags/example_python_decorator.py took 0.155 seconds
[2026-06-18T17:10:43.575+0000] {processor.py:161} INFO - Started process (PID=2742) to work on /home/airflow/.local/lib/python3.8/site-packages/airflow/example_dags/example_python_decorator.py
[2026-06-18T17:10:43.577+0000] {processor.py:830} INFO - Processing file /home/airflow/.local/lib/python3.8/site-packages/airflow/example_dags/example_python_decorator.py for tasks to queue
[2026-06-18T17:10:43.580+0000] {logging_mixin.py:188} INFO - [2026-06-18T17:10:43.580+0000] {dagbag.py:538} INFO - Filling up the DagBag from /home/airflow/.local/lib/python3.8/site-packages/airflow/example_dags/example_python_decorator.py
[2026-06-18T17:10:43.602+0000] {processor.py:840} INFO - DAG(s) 'example_python_decorator' retrieved from /home/airflow/.local/lib/python3.8/site-packages/airflow/example_dags/example_python_decorator.py
[2026-06-18T17:10:43.642+0000] {logging_mixin.py:188} INFO - [2026-06-18T17:10:43.642+0000] {dag.py:3036} INFO - Sync 1 DAGs
[2026-06-18T17:10:43.667+0000] {logging_mixin.py:188} INFO - [2026-06-18T17:10:43.667+0000] {dag.py:3823} INFO - Setting next_dagrun for example_python_decorator to None, run_after=None
[2026-06-18T17:10:43.704+0000] {processor.py:183} INFO - Processing /home/airflow/.local/lib/python3.8/site-packages/airflow/example_dags/example_python_decorator.py took 0.134 seconds
[2026-06-18T17:11:13.883+0000] {processor.py:161} INFO - Started process (PID=2809) to work on /home/airflow/.local/lib/python3.8/site-packages/airflow/example_dags/example_python_decorator.py
[2026-06-18T17:11:13.884+0000] {processor.py:830} INFO - Processing file /home/airflow/.local/lib/python3.8/site-packages/airflow/example_dags/example_python_decorator.py for tasks to queue
[2026-06-18T17:11:13.888+0000] {logging_mixin.py:188} INFO - [2026-06-18T17:11:13.888+0000] {dagbag.py:538} INFO - Filling up the DagBag from /home/airflow/.local/lib/python3.8/site-packages/airflow/example_dags/example_python_decorator.py
[2026-06-18T17:11:13.916+0000] {processor.py:840} INFO - DAG(s) 'example_python_decorator' retrieved from /home/airflow/.local/lib/python3.8/site-packages/airflow/example_dags/example_python_decorator.py
[2026-06-18T17:11:13.962+0000] {logging_mixin.py:188} INFO - [2026-06-18T17:11:13.961+0000] {dag.py:3036} INFO - Sync 1 DAGs
[2026-06-18T17:11:13.989+0000] {logging_mixin.py:188} INFO - [2026-06-18T17:11:13.988+0000] {dag.py:3823} INFO - Setting next_dagrun for example_python_decorator to None, run_after=None
[2026-06-18T17:11:14.028+0000] {processor.py:183} INFO - Processing /home/airflow/.local/lib/python3.8/site-packages/airflow/example_dags/example_python_decorator.py took 0.151 seconds
[2026-06-18T17:11:44.266+0000] {processor.py:161} INFO - Started process (PID=2873) to work on /home/airflow/.local/lib/python3.8/site-packages/airflow/example_dags/example_python_decorator.py
[2026-06-18T17:11:44.269+0000] {processor.py:830} INFO - Processing file /home/airflow/.local/lib/python3.8/site-packages/airflow/example_dags/example_python_decorator.py for tasks to queue
[2026-06-18T17:11:44.273+0000] {logging_mixin.py:188} INFO - [2026-06-18T17:11:44.272+0000] {dagbag.py:538} INFO - Filling up the DagBag from /home/airflow/.local/lib/python3.8/site-packages/airflow/example_dags/example_python_decorator.py
[2026-06-18T17:11:44.295+0000] {processor.py:840} INFO - DAG(s) 'example_python_decorator' retrieved from /home/airflow/.local/lib/python3.8/site-packages/airflow/example_dags/example_python_decorator.py
[2026-06-18T17:11:44.335+0000] {logging_mixin.py:188} INFO - [2026-06-18T17:11:44.334+0000] {dag.py:3036} INFO - Sync 1 DAGs
[2026-06-18T17:11:44.355+0000] {logging_mixin.py:188} INFO - [2026-06-18T17:11:44.355+0000] {dag.py:3823} INFO - Setting next_dagrun for example_python_decorator to None, run_after=None
[2026-06-18T17:11:44.382+0000] {processor.py:183} INFO - Processing /home/airflow/.local/lib/python3.8/site-packages/airflow/example_dags/example_python_decorator.py took 0.121 seconds
[2026-06-18T17:12:15.294+0000] {processor.py:161} INFO - Started process (PID=2940) to work on /home/airflow/.local/lib/python3.8/site-packages/airflow/example_dags/example_python_decorator.py
[2026-06-18T17:12:15.296+0000] {processor.py:830} INFO - Processing file /home/airflow/.local/lib/python3.8/site-packages/airflow/example_dags/example_python_decorator.py for tasks to queue
[2026-06-18T17:12:15.299+0000] {logging_mixin.py:188} INFO - [2026-06-18T17:12:15.299+0000] {dagbag.py:538} INFO - Filling up the DagBag from /home/airflow/.local/lib/python3.8/site-packages/airflow/example_dags/example_python_decorator.py
[2026-06-18T17:12:15.321+0000] {processor.py:840} INFO - DAG(s) 'example_python_decorator' retrieved from /home/airflow/.local/lib/python3.8/site-packages/airflow/example_dags/example_python_decorator.py
[2026-06-18T17:12:15.360+0000] {logging_mixin.py:188} INFO - [2026-06-18T17:12:15.359+0000] {dag.py:3036} INFO - Sync 1 DAGs
[2026-06-18T17:12:15.379+0000] {logging_mixin.py:188} INFO - [2026-06-18T17:12:15.379+0000] {dag.py:3823} INFO - Setting next_dagrun for example_python_decorator to None, run_after=None
[2026-06-18T17:12:15.408+0000] {processor.py:183} INFO - Processing /home/airflow/.local/lib/python3.8/site-packages/airflow/example_dags/example_python_decorator.py took 0.119 seconds
[2026-06-18T17:12:45.541+0000] {processor.py:161} INFO - Started process (PID=3007) to work on /home/airflow/.local/lib/python3.8/site-packages/airflow/example_dags/example_python_decorator.py
[2026-06-18T17:12:45.542+0000] {processor.py:830} INFO - Processing file /home/airflow/.local/lib/python3.8/site-packages/airflow/example_dags/example_python_decorator.py for tasks to queue
[2026-06-18T17:12:45.545+0000] {logging_mixin.py:188} INFO - [2026-06-18T17:12:45.545+0000] {dagbag.py:538} INFO - Filling up the DagBag from /home/airflow/.local/lib/python3.8/site-packages/airflow/example_dags/example_python_decorator.py
[2026-06-18T17:12:45.570+0000] {processor.py:840} INFO - DAG(s) 'example_python_decorator' retrieved from /home/airflow/.local/lib/python3.8/site-packages/airflow/example_dags/example_python_decorator.py
[2026-06-18T17:12:45.623+0000] {logging_mixin.py:188} INFO - [2026-06-18T17:12:45.623+0000] {dag.py:3036} INFO - Sync 1 DAGs
[2026-06-18T17:12:45.649+0000] {logging_mixin.py:188} INFO - [2026-06-18T17:12:45.648+0000] {dag.py:3823} INFO - Setting next_dagrun for example_python_decorator to None, run_after=None
[2026-06-18T17:12:45.684+0000] {processor.py:183} INFO - Processing /home/airflow/.local/lib/python3.8/site-packages/airflow/example_dags/example_python_decorator.py took 0.149 seconds
[2026-06-18T17:13:17.671+0000] {processor.py:161} INFO - Started process (PID=3072) to work on /home/airflow/.local/lib/python3.8/site-packages/airflow/example_dags/example_python_decorator.py
[2026-06-18T17:13:17.673+0000] {processor.py:830} INFO - Processing file /home/airflow/.local/lib/python3.8/site-packages/airflow/example_dags/example_python_decorator.py for tasks to queue
[2026-06-18T17:13:17.676+0000] {logging_mixin.py:188} INFO - [2026-06-18T17:13:17.675+0000] {dagbag.py:538} INFO - Filling up the DagBag from /home/airflow/.local/lib/python3.8/site-packages/airflow/example_dags/example_python_decorator.py
[2026-06-18T17:13:17.704+0000] {processor.py:840} INFO - DAG(s) 'example_python_decorator' retrieved from /home/airflow/.local/lib/python3.8/site-packages/airflow/example_dags/example_python_decorator.py
[2026-06-18T17:13:17.960+0000] {logging_mixin.py:188} INFO - [2026-06-18T17:13:17.960+0000] {dag.py:3036} INFO - Sync 1 DAGs
[2026-06-18T17:13:17.977+0000] {logging_mixin.py:188} INFO - [2026-06-18T17:13:17.977+0000] {dag.py:3823} INFO - Setting next_dagrun for example_python_decorator to None, run_after=None
[2026-06-18T17:13:18.005+0000] {processor.py:183} INFO - Processing /home/airflow/.local/lib/python3.8/site-packages/airflow/example_dags/example_python_decorator.py took 0.341 seconds
[2026-06-18T17:13:48.321+0000] {processor.py:161} INFO - Started process (PID=3142) to work on /home/airflow/.local/lib/python3.8/site-packages/airflow/example_dags/example_python_decorator.py
[2026-06-18T17:13:48.322+0000] {processor.py:830} INFO - Processing file /home/airflow/.local/lib/python3.8/site-packages/airflow/example_dags/example_python_decorator.py for tasks to queue
[2026-06-18T17:13:48.326+0000] {logging_mixin.py:188} INFO - [2026-06-18T17:13:48.325+0000] {dagbag.py:538} INFO - Filling up the DagBag from /home/airflow/.local/lib/python3.8/site-packages/airflow/example_dags/example_python_decorator.py
[2026-06-18T17:13:48.353+0000] {processor.py:840} INFO - DAG(s) 'example_python_decorator' retrieved from /home/airflow/.local/lib/python3.8/site-packages/airflow/example_dags/example_python_decorator.py
[2026-06-18T17:13:48.403+0000] {logging_mixin.py:188} INFO - [2026-06-18T17:13:48.403+0000] {dag.py:3036} INFO - Sync 1 DAGs
[2026-06-18T17:13:48.661+0000] {logging_mixin.py:188} INFO - [2026-06-18T17:13:48.661+0000] {dag.py:3823} INFO - Setting next_dagrun for example_python_decorator to None, run_after=None
[2026-06-18T17:13:48.754+0000] {processor.py:183} INFO - Processing /home/airflow/.local/lib/python3.8/site-packages/airflow/example_dags/example_python_decorator.py took 0.440 seconds
[2026-06-18T17:14:19.381+0000] {processor.py:161} INFO - Started process (PID=3209) to work on /home/airflow/.local/lib/python3.8/site-packages/airflow/example_dags/example_python_decorator.py
[2026-06-18T17:14:19.383+0000] {processor.py:830} INFO - Processing file /home/airflow/.local/lib/python3.8/site-packages/airflow/example_dags/example_python_decorator.py for tasks to queue
[2026-06-18T17:14:19.387+0000] {logging_mixin.py:188} INFO - [2026-06-18T17:14:19.386+0000] {dagbag.py:538} INFO - Filling up the DagBag from /home/airflow/.local/lib/python3.8/site-packages/airflow/example_dags/example_python_decorator.py
[2026-06-18T17:14:19.415+0000] {processor.py:840} INFO - DAG(s) 'example_python_decorator' retrieved from /home/airflow/.local/lib/python3.8/site-packages/airflow/example_dags/example_python_decorator.py
[2026-06-18T17:14:19.463+0000] {logging_mixin.py:188} INFO - [2026-06-18T17:14:19.462+0000] {dag.py:3036} INFO - Sync 1 DAGs
[2026-06-18T17:14:19.487+0000] {logging_mixin.py:188} INFO - [2026-06-18T17:14:19.486+0000] {dag.py:3823} INFO - Setting next_dagrun for example_python_decorator to None, run_after=None
[2026-06-18T17:14:19.522+0000] {processor.py:183} INFO - Processing /home/airflow/.local/lib/python3.8/site-packages/airflow/example_dags/example_python_decorator.py took 0.147 seconds
[2026-06-18T17:14:50.397+0000] {processor.py:161} INFO - Started process (PID=3277) to work on /home/airflow/.local/lib/python3.8/site-packages/airflow/example_dags/example_python_decorator.py
[2026-06-18T17:14:50.399+0000] {processor.py:830} INFO - Processing file /home/airflow/.local/lib/python3.8/site-packages/airflow/example_dags/example_python_decorator.py for tasks to queue
[2026-06-18T17:14:50.404+0000] {logging_mixin.py:188} INFO - [2026-06-18T17:14:50.403+0000] {dagbag.py:538} INFO - Filling up the DagBag from /home/airflow/.local/lib/python3.8/site-packages/airflow/example_dags/example_python_decorator.py
[2026-06-18T17:14:50.431+0000] {processor.py:840} INFO - DAG(s) 'example_python_decorator' retrieved from /home/airflow/.local/lib/python3.8/site-packages/airflow/example_dags/example_python_decorator.py
[2026-06-18T17:14:50.481+0000] {logging_mixin.py:188} INFO - [2026-06-18T17:14:50.480+0000] {dag.py:3036} INFO - Sync 1 DAGs
[2026-06-18T17:14:50.507+0000] {logging_mixin.py:188} INFO - [2026-06-18T17:14:50.507+0000] {dag.py:3823} INFO - Setting next_dagrun for example_python_decorator to None, run_after=None
[2026-06-18T17:14:50.542+0000] {processor.py:183} INFO - Processing /home/airflow/.local/lib/python3.8/site-packages/airflow/example_dags/example_python_decorator.py took 0.152 seconds
[2026-06-18T17:15:20.642+0000] {processor.py:161} INFO - Started process (PID=3343) to work on /home/airflow/.local/lib/python3.8/site-packages/airflow/example_dags/example_python_decorator.py
[2026-06-18T17:15:20.643+0000] {processor.py:830} INFO - Processing file /home/airflow/.local/lib/python3.8/site-packages/airflow/example_dags/example_python_decorator.py for tasks to queue
[2026-06-18T17:15:20.647+0000] {logging_mixin.py:188} INFO - [2026-06-18T17:15:20.646+0000] {dagbag.py:538} INFO - Filling up the DagBag from /home/airflow/.local/lib/python3.8/site-packages/airflow/example_dags/example_python_decorator.py
[2026-06-18T17:15:20.671+0000] {processor.py:840} INFO - DAG(s) 'example_python_decorator' retrieved from /home/airflow/.local/lib/python3.8/site-packages/airflow/example_dags/example_python_decorator.py
[2026-06-18T17:15:20.723+0000] {logging_mixin.py:188} INFO - [2026-06-18T17:15:20.723+0000] {dag.py:3036} INFO - Sync 1 DAGs
[2026-06-18T17:15:20.748+0000] {logging_mixin.py:188} INFO - [2026-06-18T17:15:20.747+0000] {dag.py:3823} INFO - Setting next_dagrun for example_python_decorator to None, run_after=None
[2026-06-18T17:15:20.786+0000] {processor.py:183} INFO - Processing /home/airflow/.local/lib/python3.8/site-packages/airflow/example_dags/example_python_decorator.py took 0.150 seconds
[2026-06-18T17:15:51.326+0000] {processor.py:161} INFO - Started process (PID=3407) to work on /home/airflow/.local/lib/python3.8/site-packages/airflow/example_dags/example_python_decorator.py
[2026-06-18T17:15:51.328+0000] {processor.py:830} INFO - Processing file /home/airflow/.local/lib/python3.8/site-packages/airflow/example_dags/example_python_decorator.py for tasks to queue
[2026-06-18T17:15:51.331+0000] {logging_mixin.py:188} INFO - [2026-06-18T17:15:51.330+0000] {dagbag.py:538} INFO - Filling up the DagBag from /home/airflow/.local/lib/python3.8/site-packages/airflow/example_dags/example_python_decorator.py
[2026-06-18T17:15:51.356+0000] {processor.py:840} INFO - DAG(s) 'example_python_decorator' retrieved from /home/airflow/.local/lib/python3.8/site-packages/airflow/example_dags/example_python_decorator.py
[2026-06-18T17:15:51.408+0000] {logging_mixin.py:188} INFO - [2026-06-18T17:15:51.407+0000] {dag.py:3036} INFO - Sync 1 DAGs
[2026-06-18T17:15:51.431+0000] {logging_mixin.py:188} INFO - [2026-06-18T17:15:51.431+0000] {dag.py:3823} INFO - Setting next_dagrun for example_python_decorator to None, run_after=None
[2026-06-18T17:15:51.465+0000] {processor.py:183} INFO - Processing /home/airflow/.local/lib/python3.8/site-packages/airflow/example_dags/example_python_decorator.py took 0.145 seconds
[2026-06-18T17:16:21.569+0000] {processor.py:161} INFO - Started process (PID=3473) to work on /home/airflow/.local/lib/python3.8/site-packages/airflow/example_dags/example_python_decorator.py
[2026-06-18T17:16:21.571+0000] {processor.py:830} INFO - Processing file /home/airflow/.local/lib/python3.8/site-packages/airflow/example_dags/example_python_decorator.py for tasks to queue
[2026-06-18T17:16:21.574+0000] {logging_mixin.py:188} INFO - [2026-06-18T17:16:21.573+0000] {dagbag.py:538} INFO - Filling up the DagBag from /home/airflow/.local/lib/python3.8/site-packages/airflow/example_dags/example_python_decorator.py
[2026-06-18T17:16:21.599+0000] {processor.py:840} INFO - DAG(s) 'example_python_decorator' retrieved from /home/airflow/.local/lib/python3.8/site-packages/airflow/example_dags/example_python_decorator.py
[2026-06-18T17:16:21.642+0000] {logging_mixin.py:188} INFO - [2026-06-18T17:16:21.642+0000] {dag.py:3036} INFO - Sync 1 DAGs
[2026-06-18T17:16:21.664+0000] {logging_mixin.py:188} INFO - [2026-06-18T17:16:21.663+0000] {dag.py:3823} INFO - Setting next_dagrun for example_python_decorator to None, run_after=None
[2026-06-18T17:16:21.693+0000] {processor.py:183} INFO - Processing /home/airflow/.local/lib/python3.8/site-packages/airflow/example_dags/example_python_decorator.py took 0.129 seconds
[2026-06-18T17:16:52.359+0000] {processor.py:161} INFO - Started process (PID=3537) to work on /home/airflow/.local/lib/python3.8/site-packages/airflow/example_dags/example_python_decorator.py
[2026-06-18T17:16:52.363+0000] {processor.py:830} INFO - Processing file /home/airflow/.local/lib/python3.8/site-packages/airflow/example_dags/example_python_decorator.py for tasks to queue
[2026-06-18T17:16:52.365+0000] {logging_mixin.py:188} INFO - [2026-06-18T17:16:52.365+0000] {dagbag.py:538} INFO - Filling up the DagBag from /home/airflow/.local/lib/python3.8/site-packages/airflow/example_dags/example_python_decorator.py
[2026-06-18T17:16:52.392+0000] {processor.py:840} INFO - DAG(s) 'example_python_decorator' retrieved from /home/airflow/.local/lib/python3.8/site-packages/airflow/example_dags/example_python_decorator.py
[2026-06-18T17:16:52.440+0000] {logging_mixin.py:188} INFO - [2026-06-18T17:16:52.439+0000] {dag.py:3036} INFO - Sync 1 DAGs
[2026-06-18T17:16:52.465+0000] {logging_mixin.py:188} INFO - [2026-06-18T17:16:52.464+0000] {dag.py:3823} INFO - Setting next_dagrun for example_python_decorator to None, run_after=None
[2026-06-18T17:16:52.498+0000] {processor.py:183} INFO - Processing /home/airflow/.local/lib/python3.8/site-packages/airflow/example_dags/example_python_decorator.py took 0.144 seconds
[2026-06-18T17:17:22.732+0000] {processor.py:161} INFO - Started process (PID=3604) to work on /home/airflow/.local/lib/python3.8/site-packages/airflow/example_dags/example_python_decorator.py
[2026-06-18T17:17:22.734+0000] {processor.py:830} INFO - Processing file /home/airflow/.local/lib/python3.8/site-packages/airflow/example_dags/example_python_decorator.py for tasks to queue
[2026-06-18T17:17:22.737+0000] {logging_mixin.py:188} INFO - [2026-06-18T17:17:22.737+0000] {dagbag.py:538} INFO - Filling up the DagBag from /home/airflow/.local/lib/python3.8/site-packages/airflow/example_dags/example_python_decorator.py
[2026-06-18T17:17:22.767+0000] {processor.py:840} INFO - DAG(s) 'example_python_decorator' retrieved from /home/airflow/.local/lib/python3.8/site-packages/airflow/example_dags/example_python_decorator.py
[2026-06-18T17:17:22.814+0000] {logging_mixin.py:188} INFO - [2026-06-18T17:17:22.814+0000] {dag.py:3036} INFO - Sync 1 DAGs
[2026-06-18T17:17:22.835+0000] {logging_mixin.py:188} INFO - [2026-06-18T17:17:22.835+0000] {dag.py:3823} INFO - Setting next_dagrun for example_python_decorator to None, run_after=None
[2026-06-18T17:17:22.870+0000] {processor.py:183} INFO - Processing /home/airflow/.local/lib/python3.8/site-packages/airflow/example_dags/example_python_decorator.py took 0.144 seconds
[2026-06-18T17:17:52.997+0000] {processor.py:161} INFO - Started process (PID=3670) to work on /home/airflow/.local/lib/python3.8/site-packages/airflow/example_dags/example_python_decorator.py
[2026-06-18T17:17:52.999+0000] {processor.py:830} INFO - Processing file /home/airflow/.local/lib/python3.8/site-packages/airflow/example_dags/example_python_decorator.py for tasks to queue
[2026-06-18T17:17:53.002+0000] {logging_mixin.py:188} INFO - [2026-06-18T17:17:53.001+0000] {dagbag.py:538} INFO - Filling up the DagBag from /home/airflow/.local/lib/python3.8/site-packages/airflow/example_dags/example_python_decorator.py
[2026-06-18T17:17:53.028+0000] {processor.py:840} INFO - DAG(s) 'example_python_decorator' retrieved from /home/airflow/.local/lib/python3.8/site-packages/airflow/example_dags/example_python_decorator.py
[2026-06-18T17:17:53.079+0000] {logging_mixin.py:188} INFO - [2026-06-18T17:17:53.079+0000] {dag.py:3036} INFO - Sync 1 DAGs
[2026-06-18T17:17:53.108+0000] {logging_mixin.py:188} INFO - [2026-06-18T17:17:53.107+0000] {dag.py:3823} INFO - Setting next_dagrun for example_python_decorator to None, run_after=None
[2026-06-18T17:17:53.144+0000] {processor.py:183} INFO - Processing /home/airflow/.local/lib/python3.8/site-packages/airflow/example_dags/example_python_decorator.py took 0.153 seconds
[2026-06-18T17:18:23.639+0000] {processor.py:161} INFO - Started process (PID=3737) to work on /home/airflow/.local/lib/python3.8/site-packages/airflow/example_dags/example_python_decorator.py
[2026-06-18T17:18:23.641+0000] {processor.py:830} INFO - Processing file /home/airflow/.local/lib/python3.8/site-packages/airflow/example_dags/example_python_decorator.py for tasks to queue
[2026-06-18T17:18:23.644+0000] {logging_mixin.py:188} INFO - [2026-06-18T17:18:23.643+0000] {dagbag.py:538} INFO - Filling up the DagBag from /home/airflow/.local/lib/python3.8/site-packages/airflow/example_dags/example_python_decorator.py
[2026-06-18T17:18:23.666+0000] {processor.py:840} INFO - DAG(s) 'example_python_decorator' retrieved from /home/airflow/.local/lib/python3.8/site-packages/airflow/example_dags/example_python_decorator.py
[2026-06-18T17:18:23.708+0000] {logging_mixin.py:188} INFO - [2026-06-18T17:18:23.708+0000] {dag.py:3036} INFO - Sync 1 DAGs
[2026-06-18T17:18:23.728+0000] {logging_mixin.py:188} INFO - [2026-06-18T17:18:23.728+0000] {dag.py:3823} INFO - Setting next_dagrun for example_python_decorator to None, run_after=None
[2026-06-18T17:18:23.759+0000] {processor.py:183} INFO - Processing /home/airflow/.local/lib/python3.8/site-packages/airflow/example_dags/example_python_decorator.py took 0.125 seconds
[2026-06-18T17:18:54.339+0000] {processor.py:161} INFO - Started process (PID=3803) to work on /home/airflow/.local/lib/python3.8/site-packages/airflow/example_dags/example_python_decorator.py
[2026-06-18T17:18:54.341+0000] {processor.py:830} INFO - Processing file /home/airflow/.local/lib/python3.8/site-packages/airflow/example_dags/example_python_decorator.py for tasks to queue
[2026-06-18T17:18:54.344+0000] {logging_mixin.py:188} INFO - [2026-06-18T17:18:54.344+0000] {dagbag.py:538} INFO - Filling up the DagBag from /home/airflow/.local/lib/python3.8/site-packages/airflow/example_dags/example_python_decorator.py
[2026-06-18T17:18:54.371+0000] {processor.py:840} INFO - DAG(s) 'example_python_decorator' retrieved from /home/airflow/.local/lib/python3.8/site-packages/airflow/example_dags/example_python_decorator.py
[2026-06-18T17:18:54.420+0000] {logging_mixin.py:188} INFO - [2026-06-18T17:18:54.419+0000] {dag.py:3036} INFO - Sync 1 DAGs
[2026-06-18T17:18:54.443+0000] {logging_mixin.py:188} INFO - [2026-06-18T17:18:54.443+0000] {dag.py:3823} INFO - Setting next_dagrun for example_python_decorator to None, run_after=None
[2026-06-18T17:18:54.475+0000] {processor.py:183} INFO - Processing /home/airflow/.local/lib/python3.8/site-packages/airflow/example_dags/example_python_decorator.py took 0.142 seconds
[2026-06-18T17:19:24.628+0000] {processor.py:161} INFO - Started process (PID=3869) to work on /home/airflow/.local/lib/python3.8/site-packages/airflow/example_dags/example_python_decorator.py
[2026-06-18T17:19:24.629+0000] {processor.py:830} INFO - Processing file /home/airflow/.local/lib/python3.8/site-packages/airflow/example_dags/example_python_decorator.py for tasks to queue
[2026-06-18T17:19:24.632+0000] {logging_mixin.py:188} INFO - [2026-06-18T17:19:24.631+0000] {dagbag.py:538} INFO - Filling up the DagBag from /home/airflow/.local/lib/python3.8/site-packages/airflow/example_dags/example_python_decorator.py
[2026-06-18T17:19:24.657+0000] {processor.py:840} INFO - DAG(s) 'example_python_decorator' retrieved from /home/airflow/.local/lib/python3.8/site-packages/airflow/example_dags/example_python_decorator.py
[2026-06-18T17:19:24.702+0000] {logging_mixin.py:188} INFO - [2026-06-18T17:19:24.702+0000] {dag.py:3036} INFO - Sync 1 DAGs
[2026-06-18T17:19:24.723+0000] {logging_mixin.py:188} INFO - [2026-06-18T17:19:24.723+0000] {dag.py:3823} INFO - Setting next_dagrun for example_python_decorator to None, run_after=None
[2026-06-18T17:19:24.755+0000] {processor.py:183} INFO - Processing /home/airflow/.local/lib/python3.8/site-packages/airflow/example_dags/example_python_decorator.py took 0.133 seconds
[2026-06-18T17:19:54.967+0000] {processor.py:161} INFO - Started process (PID=3938) to work on /home/airflow/.local/lib/python3.8/site-packages/airflow/example_dags/example_python_decorator.py
[2026-06-18T17:19:54.969+0000] {processor.py:830} INFO - Processing file /home/airflow/.local/lib/python3.8/site-packages/airflow/example_dags/example_python_decorator.py for tasks to queue
[2026-06-18T17:19:54.972+0000] {logging_mixin.py:188} INFO - [2026-06-18T17:19:54.971+0000] {dagbag.py:538} INFO - Filling up the DagBag from /home/airflow/.local/lib/python3.8/site-packages/airflow/example_dags/example_python_decorator.py
[2026-06-18T17:19:54.995+0000] {processor.py:840} INFO - DAG(s) 'example_python_decorator' retrieved from /home/airflow/.local/lib/python3.8/site-packages/airflow/example_dags/example_python_decorator.py
[2026-06-18T17:19:55.054+0000] {logging_mixin.py:188} INFO - [2026-06-18T17:19:55.053+0000] {dag.py:3036} INFO - Sync 1 DAGs
[2026-06-18T17:19:55.077+0000] {logging_mixin.py:188} INFO - [2026-06-18T17:19:55.076+0000] {dag.py:3823} INFO - Setting next_dagrun for example_python_decorator to None, run_after=None
[2026-06-18T17:19:55.109+0000] {processor.py:183} INFO - Processing /home/airflow/.local/lib/python3.8/site-packages/airflow/example_dags/example_python_decorator.py took 0.148 seconds
[2026-06-18T17:20:25.320+0000] {processor.py:161} INFO - Started process (PID=4012) to work on /home/airflow/.local/lib/python3.8/site-packages/airflow/example_dags/example_python_decorator.py
[2026-06-18T17:20:25.322+0000] {processor.py:830} INFO - Processing file /home/airflow/.local/lib/python3.8/site-packages/airflow/example_dags/example_python_decorator.py for tasks to queue
[2026-06-18T17:20:25.324+0000] {logging_mixin.py:188} INFO - [2026-06-18T17:20:25.324+0000] {dagbag.py:538} INFO - Filling up the DagBag from /home/airflow/.local/lib/python3.8/site-packages/airflow/example_dags/example_python_decorator.py
[2026-06-18T17:20:25.351+0000] {processor.py:840} INFO - DAG(s) 'example_python_decorator' retrieved from /home/airflow/.local/lib/python3.8/site-packages/airflow/example_dags/example_python_decorator.py
[2026-06-18T17:20:25.400+0000] {logging_mixin.py:188} INFO - [2026-06-18T17:20:25.400+0000] {dag.py:3036} INFO - Sync 1 DAGs
[2026-06-18T17:20:25.423+0000] {logging_mixin.py:188} INFO - [2026-06-18T17:20:25.422+0000] {dag.py:3823} INFO - Setting next_dagrun for example_python_decorator to None, run_after=None
[2026-06-18T17:20:25.460+0000] {processor.py:183} INFO - Processing /home/airflow/.local/lib/python3.8/site-packages/airflow/example_dags/example_python_decorator.py took 0.145 seconds
[2026-06-18T17:20:55.533+0000] {processor.py:161} INFO - Started process (PID=4079) to work on /home/airflow/.local/lib/python3.8/site-packages/airflow/example_dags/example_python_decorator.py
[2026-06-18T17:20:55.535+0000] {processor.py:830} INFO - Processing file /home/airflow/.local/lib/python3.8/site-packages/airflow/example_dags/example_python_decorator.py for tasks to queue
[2026-06-18T17:20:55.539+0000] {logging_mixin.py:188} INFO - [2026-06-18T17:20:55.538+0000] {dagbag.py:538} INFO - Filling up the DagBag from /home/airflow/.local/lib/python3.8/site-packages/airflow/example_dags/example_python_decorator.py
[2026-06-18T17:20:55.564+0000] {processor.py:840} INFO - DAG(s) 'example_python_decorator' retrieved from /home/airflow/.local/lib/python3.8/site-packages/airflow/example_dags/example_python_decorator.py
[2026-06-18T17:20:55.613+0000] {logging_mixin.py:188} INFO - [2026-06-18T17:20:55.612+0000] {dag.py:3036} INFO - Sync 1 DAGs
[2026-06-18T17:20:55.637+0000] {logging_mixin.py:188} INFO - [2026-06-18T17:20:55.637+0000] {dag.py:3823} INFO - Setting next_dagrun for example_python_decorator to None, run_after=None
[2026-06-18T17:20:55.699+0000] {processor.py:183} INFO - Processing /home/airflow/.local/lib/python3.8/site-packages/airflow/example_dags/example_python_decorator.py took 0.172 seconds
[2026-06-18T17:21:26.283+0000] {processor.py:161} INFO - Started process (PID=4145) to work on /home/airflow/.local/lib/python3.8/site-packages/airflow/example_dags/example_python_decorator.py
[2026-06-18T17:21:26.286+0000] {processor.py:830} INFO - Processing file /home/airflow/.local/lib/python3.8/site-packages/airflow/example_dags/example_python_decorator.py for tasks to queue
[2026-06-18T17:21:26.289+0000] {logging_mixin.py:188} INFO - [2026-06-18T17:21:26.289+0000] {dagbag.py:538} INFO - Filling up the DagBag from /home/airflow/.local/lib/python3.8/site-packages/airflow/example_dags/example_python_decorator.py
[2026-06-18T17:21:26.315+0000] {processor.py:840} INFO - DAG(s) 'example_python_decorator' retrieved from /home/airflow/.local/lib/python3.8/site-packages/airflow/example_dags/example_python_decorator.py
[2026-06-18T17:21:26.363+0000] {logging_mixin.py:188} INFO - [2026-06-18T17:21:26.362+0000] {dag.py:3036} INFO - Sync 1 DAGs
[2026-06-18T17:21:26.388+0000] {logging_mixin.py:188} INFO - [2026-06-18T17:21:26.388+0000] {dag.py:3823} INFO - Setting next_dagrun for example_python_decorator to None, run_after=None
[2026-06-18T17:21:26.426+0000] {processor.py:183} INFO - Processing /home/airflow/.local/lib/python3.8/site-packages/airflow/example_dags/example_python_decorator.py took 0.147 seconds
[2026-06-18T17:21:56.845+0000] {processor.py:161} INFO - Started process (PID=4211) to work on /home/airflow/.local/lib/python3.8/site-packages/airflow/example_dags/example_python_decorator.py
[2026-06-18T17:21:56.847+0000] {processor.py:830} INFO - Processing file /home/airflow/.local/lib/python3.8/site-packages/airflow/example_dags/example_python_decorator.py for tasks to queue
[2026-06-18T17:21:56.850+0000] {logging_mixin.py:188} INFO - [2026-06-18T17:21:56.850+0000] {dagbag.py:538} INFO - Filling up the DagBag from /home/airflow/.local/lib/python3.8/site-packages/airflow/example_dags/example_python_decorator.py
[2026-06-18T17:21:56.874+0000] {processor.py:840} INFO - DAG(s) 'example_python_decorator' retrieved from /home/airflow/.local/lib/python3.8/site-packages/airflow/example_dags/example_python_decorator.py
[2026-06-18T17:21:56.920+0000] {logging_mixin.py:188} INFO - [2026-06-18T17:21:56.920+0000] {dag.py:3036} INFO - Sync 1 DAGs
[2026-06-18T17:21:56.945+0000] {logging_mixin.py:188} INFO - [2026-06-18T17:21:56.945+0000] {dag.py:3823} INFO - Setting next_dagrun for example_python_decorator to None, run_after=None
[2026-06-18T17:21:56.982+0000] {processor.py:183} INFO - Processing /home/airflow/.local/lib/python3.8/site-packages/airflow/example_dags/example_python_decorator.py took 0.143 seconds
[2026-06-18T17:22:27.235+0000] {processor.py:161} INFO - Started process (PID=4277) to work on /home/airflow/.local/lib/python3.8/site-packages/airflow/example_dags/example_python_decorator.py
[2026-06-18T17:22:27.237+0000] {processor.py:830} INFO - Processing file /home/airflow/.local/lib/python3.8/site-packages/airflow/example_dags/example_python_decorator.py for tasks to queue
[2026-06-18T17:22:27.240+0000] {logging_mixin.py:188} INFO - [2026-06-18T17:22:27.239+0000] {dagbag.py:538} INFO - Filling up the DagBag from /home/airflow/.local/lib/python3.8/site-packages/airflow/example_dags/example_python_decorator.py
[2026-06-18T17:22:27.268+0000] {processor.py:840} INFO - DAG(s) 'example_python_decorator' retrieved from /home/airflow/.local/lib/python3.8/site-packages/airflow/example_dags/example_python_decorator.py
[2026-06-18T17:22:27.316+0000] {logging_mixin.py:188} INFO - [2026-06-18T17:22:27.315+0000] {dag.py:3036} INFO - Sync 1 DAGs
[2026-06-18T17:22:27.339+0000] {logging_mixin.py:188} INFO - [2026-06-18T17:22:27.338+0000] {dag.py:3823} INFO - Setting next_dagrun for example_python_decorator to None, run_after=None
[2026-06-18T17:22:27.372+0000] {processor.py:183} INFO - Processing /home/airflow/.local/lib/python3.8/site-packages/airflow/example_dags/example_python_decorator.py took 0.143 seconds
[2026-06-18T17:22:57.667+0000] {processor.py:161} INFO - Started process (PID=4344) to work on /home/airflow/.local/lib/python3.8/site-packages/airflow/example_dags/example_python_decorator.py
[2026-06-18T17:22:57.669+0000] {processor.py:830} INFO - Processing file /home/airflow/.local/lib/python3.8/site-packages/airflow/example_dags/example_python_decorator.py for tasks to queue
[2026-06-18T17:22:57.671+0000] {logging_mixin.py:188} INFO - [2026-06-18T17:22:57.671+0000] {dagbag.py:538} INFO - Filling up the DagBag from /home/airflow/.local/lib/python3.8/site-packages/airflow/example_dags/example_python_decorator.py
[2026-06-18T17:22:57.698+0000] {processor.py:840} INFO - DAG(s) 'example_python_decorator' retrieved from /home/airflow/.local/lib/python3.8/site-packages/airflow/example_dags/example_python_decorator.py
[2026-06-18T17:22:57.755+0000] {logging_mixin.py:188} INFO - [2026-06-18T17:22:57.755+0000] {dag.py:3036} INFO - Sync 1 DAGs
[2026-06-18T17:22:57.779+0000] {logging_mixin.py:188} INFO - [2026-06-18T17:22:57.779+0000] {dag.py:3823} INFO - Setting next_dagrun for example_python_decorator to None, run_after=None
[2026-06-18T17:22:57.812+0000] {processor.py:183} INFO - Processing /home/airflow/.local/lib/python3.8/site-packages/airflow/example_dags/example_python_decorator.py took 0.151 seconds
[2026-06-18T17:23:28.238+0000] {processor.py:161} INFO - Started process (PID=4409) to work on /home/airflow/.local/lib/python3.8/site-packages/airflow/example_dags/example_python_decorator.py
[2026-06-18T17:23:28.241+0000] {processor.py:830} INFO - Processing file /home/airflow/.local/lib/python3.8/site-packages/airflow/example_dags/example_python_decorator.py for tasks to queue
[2026-06-18T17:23:28.244+0000] {logging_mixin.py:188} INFO - [2026-06-18T17:23:28.244+0000] {dagbag.py:538} INFO - Filling up the DagBag from /home/airflow/.local/lib/python3.8/site-packages/airflow/example_dags/example_python_decorator.py
[2026-06-18T17:23:28.267+0000] {processor.py:840} INFO - DAG(s) 'example_python_decorator' retrieved from /home/airflow/.local/lib/python3.8/site-packages/airflow/example_dags/example_python_decorator.py
[2026-06-18T17:23:28.311+0000] {logging_mixin.py:188} INFO - [2026-06-18T17:23:28.311+0000] {dag.py:3036} INFO - Sync 1 DAGs
[2026-06-18T17:23:28.336+0000] {logging_mixin.py:188} INFO - [2026-06-18T17:23:28.336+0000] {dag.py:3823} INFO - Setting next_dagrun for example_python_decorator to None, run_after=None
[2026-06-18T17:23:28.372+0000] {processor.py:183} INFO - Processing /home/airflow/.local/lib/python3.8/site-packages/airflow/example_dags/example_python_decorator.py took 0.141 seconds
[2026-06-18T17:23:58.525+0000] {processor.py:161} INFO - Started process (PID=4474) to work on /home/airflow/.local/lib/python3.8/site-packages/airflow/example_dags/example_python_decorator.py
[2026-06-18T17:23:58.527+0000] {processor.py:830} INFO - Processing file /home/airflow/.local/lib/python3.8/site-packages/airflow/example_dags/example_python_decorator.py for tasks to queue
[2026-06-18T17:23:58.530+0000] {logging_mixin.py:188} INFO - [2026-06-18T17:23:58.529+0000] {dagbag.py:538} INFO - Filling up the DagBag from /home/airflow/.local/lib/python3.8/site-packages/airflow/example_dags/example_python_decorator.py
[2026-06-18T17:23:58.551+0000] {processor.py:840} INFO - DAG(s) 'example_python_decorator' retrieved from /home/airflow/.local/lib/python3.8/site-packages/airflow/example_dags/example_python_decorator.py
[2026-06-18T17:23:58.592+0000] {logging_mixin.py:188} INFO - [2026-06-18T17:23:58.591+0000] {dag.py:3036} INFO - Sync 1 DAGs
[2026-06-18T17:23:58.613+0000] {logging_mixin.py:188} INFO - [2026-06-18T17:23:58.613+0000] {dag.py:3823} INFO - Setting next_dagrun for example_python_decorator to None, run_after=None
[2026-06-18T17:23:58.646+0000] {processor.py:183} INFO - Processing /home/airflow/.local/lib/python3.8/site-packages/airflow/example_dags/example_python_decorator.py took 0.126 seconds
[2026-06-18T17:24:28.768+0000] {processor.py:161} INFO - Started process (PID=4540) to work on /home/airflow/.local/lib/python3.8/site-packages/airflow/example_dags/example_python_decorator.py
[2026-06-18T17:24:28.771+0000] {processor.py:830} INFO - Processing file /home/airflow/.local/lib/python3.8/site-packages/airflow/example_dags/example_python_decorator.py for tasks to queue
[2026-06-18T17:24:28.774+0000] {logging_mixin.py:188} INFO - [2026-06-18T17:24:28.773+0000] {dagbag.py:538} INFO - Filling up the DagBag from /home/airflow/.local/lib/python3.8/site-packages/airflow/example_dags/example_python_decorator.py
[2026-06-18T17:24:28.799+0000] {processor.py:840} INFO - DAG(s) 'example_python_decorator' retrieved from /home/airflow/.local/lib/python3.8/site-packages/airflow/example_dags/example_python_decorator.py
[2026-06-18T17:24:28.856+0000] {logging_mixin.py:188} INFO - [2026-06-18T17:24:28.856+0000] {dag.py:3036} INFO - Sync 1 DAGs
[2026-06-18T17:24:28.884+0000] {logging_mixin.py:188} INFO - [2026-06-18T17:24:28.884+0000] {dag.py:3823} INFO - Setting next_dagrun for example_python_decorator to None, run_after=None
[2026-06-18T17:24:28.921+0000] {processor.py:183} INFO - Processing /home/airflow/.local/lib/python3.8/site-packages/airflow/example_dags/example_python_decorator.py took 0.159 seconds
[2026-06-18T17:24:59.585+0000] {processor.py:161} INFO - Started process (PID=4607) to work on /home/airflow/.local/lib/python3.8/site-packages/airflow/example_dags/example_python_decorator.py
[2026-06-18T17:24:59.587+0000] {processor.py:830} INFO - Processing file /home/airflow/.local/lib/python3.8/site-packages/airflow/example_dags/example_python_decorator.py for tasks to queue
[2026-06-18T17:24:59.590+0000] {logging_mixin.py:188} INFO - [2026-06-18T17:24:59.589+0000] {dagbag.py:538} INFO - Filling up the DagBag from /home/airflow/.local/lib/python3.8/site-packages/airflow/example_dags/example_python_decorator.py
[2026-06-18T17:24:59.612+0000] {processor.py:840} INFO - DAG(s) 'example_python_decorator' retrieved from /home/airflow/.local/lib/python3.8/site-packages/airflow/example_dags/example_python_decorator.py
[2026-06-18T17:24:59.655+0000] {logging_mixin.py:188} INFO - [2026-06-18T17:24:59.654+0000] {dag.py:3036} INFO - Sync 1 DAGs
[2026-06-18T17:24:59.678+0000] {logging_mixin.py:188} INFO - [2026-06-18T17:24:59.677+0000] {dag.py:3823} INFO - Setting next_dagrun for example_python_decorator to None, run_after=None
[2026-06-18T17:24:59.716+0000] {processor.py:183} INFO - Processing /home/airflow/.local/lib/python3.8/site-packages/airflow/example_dags/example_python_decorator.py took 0.136 seconds
[2026-06-18T17:25:29.904+0000] {processor.py:161} INFO - Started process (PID=4673) to work on /home/airflow/.local/lib/python3.8/site-packages/airflow/example_dags/example_python_decorator.py
[2026-06-18T17:25:29.906+0000] {processor.py:830} INFO - Processing file /home/airflow/.local/lib/python3.8/site-packages/airflow/example_dags/example_python_decorator.py for tasks to queue
[2026-06-18T17:25:29.910+0000] {logging_mixin.py:188} INFO - [2026-06-18T17:25:29.909+0000] {dagbag.py:538} INFO - Filling up the DagBag from /home/airflow/.local/lib/python3.8/site-packages/airflow/example_dags/example_python_decorator.py
[2026-06-18T17:25:29.942+0000] {processor.py:840} INFO - DAG(s) 'example_python_decorator' retrieved from /home/airflow/.local/lib/python3.8/site-packages/airflow/example_dags/example_python_decorator.py
[2026-06-18T17:25:30.024+0000] {logging_mixin.py:188} INFO - [2026-06-18T17:25:30.023+0000] {dag.py:3036} INFO - Sync 1 DAGs
[2026-06-18T17:25:30.064+0000] {logging_mixin.py:188} INFO - [2026-06-18T17:25:30.064+0000] {dag.py:3823} INFO - Setting next_dagrun for example_python_decorator to None, run_after=None
[2026-06-18T17:25:30.122+0000] {processor.py:183} INFO - Processing /home/airflow/.local/lib/python3.8/site-packages/airflow/example_dags/example_python_decorator.py took 0.223 seconds
[2026-06-18T17:26:00.212+0000] {processor.py:161} INFO - Started process (PID=4739) to work on /home/airflow/.local/lib/python3.8/site-packages/airflow/example_dags/example_python_decorator.py
[2026-06-18T17:26:00.213+0000] {processor.py:830} INFO - Processing file /home/airflow/.local/lib/python3.8/site-packages/airflow/example_dags/example_python_decorator.py for tasks to queue
[2026-06-18T17:26:00.217+0000] {logging_mixin.py:188} INFO - [2026-06-18T17:26:00.216+0000] {dagbag.py:538} INFO - Filling up the DagBag from /home/airflow/.local/lib/python3.8/site-packages/airflow/example_dags/example_python_decorator.py
[2026-06-18T17:26:00.243+0000] {processor.py:840} INFO - DAG(s) 'example_python_decorator' retrieved from /home/airflow/.local/lib/python3.8/site-packages/airflow/example_dags/example_python_decorator.py
[2026-06-18T17:26:00.284+0000] {logging_mixin.py:188} INFO - [2026-06-18T17:26:00.284+0000] {dag.py:3036} INFO - Sync 1 DAGs
[2026-06-18T17:26:00.307+0000] {logging_mixin.py:188} INFO - [2026-06-18T17:26:00.306+0000] {dag.py:3823} INFO - Setting next_dagrun for example_python_decorator to None, run_after=None
[2026-06-18T17:26:00.346+0000] {processor.py:183} INFO - Processing /home/airflow/.local/lib/python3.8/site-packages/airflow/example_dags/example_python_decorator.py took 0.142 seconds
[2026-06-18T17:26:30.665+0000] {processor.py:161} INFO - Started process (PID=4806) to work on /home/airflow/.local/lib/python3.8/site-packages/airflow/example_dags/example_python_decorator.py
[2026-06-18T17:26:30.667+0000] {processor.py:830} INFO - Processing file /home/airflow/.local/lib/python3.8/site-packages/airflow/example_dags/example_python_decorator.py for tasks to queue
[2026-06-18T17:26:30.670+0000] {logging_mixin.py:188} INFO - [2026-06-18T17:26:30.669+0000] {dagbag.py:538} INFO - Filling up the DagBag from /home/airflow/.local/lib/python3.8/site-packages/airflow/example_dags/example_python_decorator.py
[2026-06-18T17:26:30.697+0000] {processor.py:840} INFO - DAG(s) 'example_python_decorator' retrieved from /home/airflow/.local/lib/python3.8/site-packages/airflow/example_dags/example_python_decorator.py
[2026-06-18T17:26:30.745+0000] {logging_mixin.py:188} INFO - [2026-06-18T17:26:30.745+0000] {dag.py:3036} INFO - Sync 1 DAGs
[2026-06-18T17:26:30.767+0000] {logging_mixin.py:188} INFO - [2026-06-18T17:26:30.767+0000] {dag.py:3823} INFO - Setting next_dagrun for example_python_decorator to None, run_after=None
[2026-06-18T17:26:30.802+0000] {processor.py:183} INFO - Processing /home/airflow/.local/lib/python3.8/site-packages/airflow/example_dags/example_python_decorator.py took 0.144 seconds
[2026-06-18T17:27:01.199+0000] {processor.py:161} INFO - Started process (PID=4879) to work on /home/airflow/.local/lib/python3.8/site-packages/airflow/example_dags/example_python_decorator.py
[2026-06-18T17:27:01.200+0000] {processor.py:830} INFO - Processing file /home/airflow/.local/lib/python3.8/site-packages/airflow/example_dags/example_python_decorator.py for tasks to queue
[2026-06-18T17:27:01.204+0000] {logging_mixin.py:188} INFO - [2026-06-18T17:27:01.203+0000] {dagbag.py:538} INFO - Filling up the DagBag from /home/airflow/.local/lib/python3.8/site-packages/airflow/example_dags/example_python_decorator.py
[2026-06-18T17:27:01.232+0000] {processor.py:840} INFO - DAG(s) 'example_python_decorator' retrieved from /home/airflow/.local/lib/python3.8/site-packages/airflow/example_dags/example_python_decorator.py
[2026-06-18T17:27:01.283+0000] {logging_mixin.py:188} INFO - [2026-06-18T17:27:01.283+0000] {dag.py:3036} INFO - Sync 1 DAGs
[2026-06-18T17:27:01.310+0000] {logging_mixin.py:188} INFO - [2026-06-18T17:27:01.310+0000] {dag.py:3823} INFO - Setting next_dagrun for example_python_decorator to None, run_after=None
[2026-06-18T17:27:01.357+0000] {processor.py:183} INFO - Processing /home/airflow/.local/lib/python3.8/site-packages/airflow/example_dags/example_python_decorator.py took 0.165 seconds
[2026-06-18T17:27:31.902+0000] {processor.py:161} INFO - Started process (PID=4947) to work on /home/airflow/.local/lib/python3.8/site-packages/airflow/example_dags/example_python_decorator.py
[2026-06-18T17:27:31.905+0000] {processor.py:830} INFO - Processing file /home/airflow/.local/lib/python3.8/site-packages/airflow/example_dags/example_python_decorator.py for tasks to queue
[2026-06-18T17:27:31.908+0000] {logging_mixin.py:188} INFO - [2026-06-18T17:27:31.907+0000] {dagbag.py:538} INFO - Filling up the DagBag from /home/airflow/.local/lib/python3.8/site-packages/airflow/example_dags/example_python_decorator.py
[2026-06-18T17:27:31.931+0000] {processor.py:840} INFO - DAG(s) 'example_python_decorator' retrieved from /home/airflow/.local/lib/python3.8/site-packages/airflow/example_dags/example_python_decorator.py
[2026-06-18T17:27:31.977+0000] {logging_mixin.py:188} INFO - [2026-06-18T17:27:31.977+0000] {dag.py:3036} INFO - Sync 1 DAGs
[2026-06-18T17:27:32.005+0000] {logging_mixin.py:188} INFO - [2026-06-18T17:27:32.005+0000] {dag.py:3823} INFO - Setting next_dagrun for example_python_decorator to None, run_after=None
[2026-06-18T17:27:32.040+0000] {processor.py:183} INFO - Processing /home/airflow/.local/lib/python3.8/site-packages/airflow/example_dags/example_python_decorator.py took 0.144 seconds
[2026-06-18T17:28:02.819+0000] {processor.py:161} INFO - Started process (PID=5014) to work on /home/airflow/.local/lib/python3.8/site-packages/airflow/example_dags/example_python_decorator.py
[2026-06-18T17:28:02.821+0000] {processor.py:830} INFO - Processing file /home/airflow/.local/lib/python3.8/site-packages/airflow/example_dags/example_python_decorator.py for tasks to queue
[2026-06-18T17:28:02.824+0000] {logging_mixin.py:188} INFO - [2026-06-18T17:28:02.823+0000] {dagbag.py:538} INFO - Filling up the DagBag from /home/airflow/.local/lib/python3.8/site-packages/airflow/example_dags/example_python_decorator.py
[2026-06-18T17:28:02.848+0000] {processor.py:840} INFO - DAG(s) 'example_python_decorator' retrieved from /home/airflow/.local/lib/python3.8/site-packages/airflow/example_dags/example_python_decorator.py
[2026-06-18T17:28:02.890+0000] {logging_mixin.py:188} INFO - [2026-06-18T17:28:02.889+0000] {dag.py:3036} INFO - Sync 1 DAGs
[2026-06-18T17:28:02.914+0000] {logging_mixin.py:188} INFO - [2026-06-18T17:28:02.913+0000] {dag.py:3823} INFO - Setting next_dagrun for example_python_decorator to None, run_after=None
[2026-06-18T17:28:02.948+0000] {processor.py:183} INFO - Processing /home/airflow/.local/lib/python3.8/site-packages/airflow/example_dags/example_python_decorator.py took 0.136 seconds
[2026-06-18T17:28:33.474+0000] {processor.py:161} INFO - Started process (PID=5079) to work on /home/airflow/.local/lib/python3.8/site-packages/airflow/example_dags/example_python_decorator.py
[2026-06-18T17:28:33.476+0000] {processor.py:830} INFO - Processing file /home/airflow/.local/lib/python3.8/site-packages/airflow/example_dags/example_python_decorator.py for tasks to queue
[2026-06-18T17:28:33.479+0000] {logging_mixin.py:188} INFO - [2026-06-18T17:28:33.478+0000] {dagbag.py:538} INFO - Filling up the DagBag from /home/airflow/.local/lib/python3.8/site-packages/airflow/example_dags/example_python_decorator.py
[2026-06-18T17:28:33.500+0000] {processor.py:840} INFO - DAG(s) 'example_python_decorator' retrieved from /home/airflow/.local/lib/python3.8/site-packages/airflow/example_dags/example_python_decorator.py
[2026-06-18T17:28:33.544+0000] {logging_mixin.py:188} INFO - [2026-06-18T17:28:33.544+0000] {dag.py:3036} INFO - Sync 1 DAGs
[2026-06-18T17:28:33.567+0000] {logging_mixin.py:188} INFO - [2026-06-18T17:28:33.566+0000] {dag.py:3823} INFO - Setting next_dagrun for example_python_decorator to None, run_after=None
[2026-06-18T17:28:33.601+0000] {processor.py:183} INFO - Processing /home/airflow/.local/lib/python3.8/site-packages/airflow/example_dags/example_python_decorator.py took 0.132 seconds
[2026-06-18T17:29:03.665+0000] {processor.py:161} INFO - Started process (PID=5145) to work on /home/airflow/.local/lib/python3.8/site-packages/airflow/example_dags/example_python_decorator.py
[2026-06-18T17:29:03.667+0000] {processor.py:830} INFO - Processing file /home/airflow/.local/lib/python3.8/site-packages/airflow/example_dags/example_python_decorator.py for tasks to queue
[2026-06-18T17:29:03.670+0000] {logging_mixin.py:188} INFO - [2026-06-18T17:29:03.670+0000] {dagbag.py:538} INFO - Filling up the DagBag from /home/airflow/.local/lib/python3.8/site-packages/airflow/example_dags/example_python_decorator.py
[2026-06-18T17:29:03.697+0000] {processor.py:840} INFO - DAG(s) 'example_python_decorator' retrieved from /home/airflow/.local/lib/python3.8/site-packages/airflow/example_dags/example_python_decorator.py
[2026-06-18T17:29:03.752+0000] {logging_mixin.py:188} INFO - [2026-06-18T17:29:03.752+0000] {dag.py:3036} INFO - Sync 1 DAGs
[2026-06-18T17:29:03.777+0000] {logging_mixin.py:188} INFO - [2026-06-18T17:29:03.776+0000] {dag.py:3823} INFO - Setting next_dagrun for example_python_decorator to None, run_after=None
[2026-06-18T17:29:03.811+0000] {processor.py:183} INFO - Processing /home/airflow/.local/lib/python3.8/site-packages/airflow/example_dags/example_python_decorator.py took 0.150 seconds
[2026-06-18T17:29:34.144+0000] {processor.py:161} INFO - Started process (PID=5209) to work on /home/airflow/.local/lib/python3.8/site-packages/airflow/example_dags/example_python_decorator.py
[2026-06-18T17:29:34.146+0000] {processor.py:830} INFO - Processing file /home/airflow/.local/lib/python3.8/site-packages/airflow/example_dags/example_python_decorator.py for tasks to queue
[2026-06-18T17:29:34.149+0000] {logging_mixin.py:188} INFO - [2026-06-18T17:29:34.148+0000] {dagbag.py:538} INFO - Filling up the DagBag from /home/airflow/.local/lib/python3.8/site-packages/airflow/example_dags/example_python_decorator.py
[2026-06-18T17:29:34.186+0000] {processor.py:840} INFO - DAG(s) 'example_python_decorator' retrieved from /home/airflow/.local/lib/python3.8/site-packages/airflow/example_dags/example_python_decorator.py
[2026-06-18T17:29:34.235+0000] {logging_mixin.py:188} INFO - [2026-06-18T17:29:34.235+0000] {dag.py:3036} INFO - Sync 1 DAGs
[2026-06-18T17:29:34.261+0000] {logging_mixin.py:188} INFO - [2026-06-18T17:29:34.260+0000] {dag.py:3823} INFO - Setting next_dagrun for example_python_decorator to None, run_after=None
[2026-06-18T17:29:34.309+0000] {processor.py:183} INFO - Processing /home/airflow/.local/lib/python3.8/site-packages/airflow/example_dags/example_python_decorator.py took 0.180 seconds
[2026-06-18T17:30:04.667+0000] {processor.py:161} INFO - Started process (PID=5273) to work on /home/airflow/.local/lib/python3.8/site-packages/airflow/example_dags/example_python_decorator.py
[2026-06-18T17:30:04.669+0000] {processor.py:830} INFO - Processing file /home/airflow/.local/lib/python3.8/site-packages/airflow/example_dags/example_python_decorator.py for tasks to queue
[2026-06-18T17:30:04.672+0000] {logging_mixin.py:188} INFO - [2026-06-18T17:30:04.672+0000] {dagbag.py:538} INFO - Filling up the DagBag from /home/airflow/.local/lib/python3.8/site-packages/airflow/example_dags/example_python_decorator.py
[2026-06-18T17:30:04.700+0000] {processor.py:840} INFO - DAG(s) 'example_python_decorator' retrieved from /home/airflow/.local/lib/python3.8/site-packages/airflow/example_dags/example_python_decorator.py
[2026-06-18T17:30:04.747+0000] {logging_mixin.py:188} INFO - [2026-06-18T17:30:04.747+0000] {dag.py:3036} INFO - Sync 1 DAGs
[2026-06-18T17:30:04.773+0000] {logging_mixin.py:188} INFO - [2026-06-18T17:30:04.772+0000] {dag.py:3823} INFO - Setting next_dagrun for example_python_decorator to None, run_after=None
[2026-06-18T17:30:04.813+0000] {processor.py:183} INFO - Processing /home/airflow/.local/lib/python3.8/site-packages/airflow/example_dags/example_python_decorator.py took 0.152 seconds
[2026-06-18T17:30:35.553+0000] {processor.py:161} INFO - Started process (PID=5339) to work on /home/airflow/.local/lib/python3.8/site-packages/airflow/example_dags/example_python_decorator.py
[2026-06-18T17:30:35.556+0000] {processor.py:830} INFO - Processing file /home/airflow/.local/lib/python3.8/site-packages/airflow/example_dags/example_python_decorator.py for tasks to queue
[2026-06-18T17:30:35.559+0000] {logging_mixin.py:188} INFO - [2026-06-18T17:30:35.559+0000] {dagbag.py:538} INFO - Filling up the DagBag from /home/airflow/.local/lib/python3.8/site-packages/airflow/example_dags/example_python_decorator.py
[2026-06-18T17:30:35.584+0000] {processor.py:840} INFO - DAG(s) 'example_python_decorator' retrieved from /home/airflow/.local/lib/python3.8/site-packages/airflow/example_dags/example_python_decorator.py
[2026-06-18T17:30:35.631+0000] {logging_mixin.py:188} INFO - [2026-06-18T17:30:35.631+0000] {dag.py:3036} INFO - Sync 1 DAGs
[2026-06-18T17:30:35.655+0000] {logging_mixin.py:188} INFO - [2026-06-18T17:30:35.655+0000] {dag.py:3823} INFO - Setting next_dagrun for example_python_decorator to None, run_after=None
[2026-06-18T17:30:35.696+0000] {processor.py:183} INFO - Processing /home/airflow/.local/lib/python3.8/site-packages/airflow/example_dags/example_python_decorator.py took 0.148 seconds
[2026-06-18T17:31:05.918+0000] {processor.py:161} INFO - Started process (PID=5405) to work on /home/airflow/.local/lib/python3.8/site-packages/airflow/example_dags/example_python_decorator.py
[2026-06-18T17:31:05.920+0000] {processor.py:830} INFO - Processing file /home/airflow/.local/lib/python3.8/site-packages/airflow/example_dags/example_python_decorator.py for tasks to queue
[2026-06-18T17:31:05.922+0000] {logging_mixin.py:188} INFO - [2026-06-18T17:31:05.922+0000] {dagbag.py:538} INFO - Filling up the DagBag from /home/airflow/.local/lib/python3.8/site-packages/airflow/example_dags/example_python_decorator.py
[2026-06-18T17:31:05.943+0000] {processor.py:840} INFO - DAG(s) 'example_python_decorator' retrieved from /home/airflow/.local/lib/python3.8/site-packages/airflow/example_dags/example_python_decorator.py
[2026-06-18T17:31:05.996+0000] {logging_mixin.py:188} INFO - [2026-06-18T17:31:05.996+0000] {dag.py:3036} INFO - Sync 1 DAGs
[2026-06-18T17:31:06.018+0000] {logging_mixin.py:188} INFO - [2026-06-18T17:31:06.017+0000] {dag.py:3823} INFO - Setting next_dagrun for example_python_decorator to None, run_after=None
[2026-06-18T17:31:06.059+0000] {processor.py:183} INFO - Processing /home/airflow/.local/lib/python3.8/site-packages/airflow/example_dags/example_python_decorator.py took 0.147 seconds
[2026-06-18T17:31:36.242+0000] {processor.py:161} INFO - Started process (PID=5470) to work on /home/airflow/.local/lib/python3.8/site-packages/airflow/example_dags/example_python_decorator.py
[2026-06-18T17:31:36.243+0000] {processor.py:830} INFO - Processing file /home/airflow/.local/lib/python3.8/site-packages/airflow/example_dags/example_python_decorator.py for tasks to queue
[2026-06-18T17:31:36.246+0000] {logging_mixin.py:188} INFO - [2026-06-18T17:31:36.245+0000] {dagbag.py:538} INFO - Filling up the DagBag from /home/airflow/.local/lib/python3.8/site-packages/airflow/example_dags/example_python_decorator.py
[2026-06-18T17:31:36.269+0000] {processor.py:840} INFO - DAG(s) 'example_python_decorator' retrieved from /home/airflow/.local/lib/python3.8/site-packages/airflow/example_dags/example_python_decorator.py
[2026-06-18T17:31:36.318+0000] {logging_mixin.py:188} INFO - [2026-06-18T17:31:36.318+0000] {dag.py:3036} INFO - Sync 1 DAGs
[2026-06-18T17:31:36.352+0000] {logging_mixin.py:188} INFO - [2026-06-18T17:31:36.351+0000] {dag.py:3823} INFO - Setting next_dagrun for example_python_decorator to None, run_after=None
[2026-06-18T17:31:36.393+0000] {processor.py:183} INFO - Processing /home/airflow/.local/lib/python3.8/site-packages/airflow/example_dags/example_python_decorator.py took 0.156 seconds
[2026-06-18T17:32:06.875+0000] {processor.py:161} INFO - Started process (PID=5536) to work on /home/airflow/.local/lib/python3.8/site-packages/airflow/example_dags/example_python_decorator.py
[2026-06-18T17:32:06.876+0000] {processor.py:830} INFO - Processing file /home/airflow/.local/lib/python3.8/site-packages/airflow/example_dags/example_python_decorator.py for tasks to queue
[2026-06-18T17:32:06.879+0000] {logging_mixin.py:188} INFO - [2026-06-18T17:32:06.878+0000] {dagbag.py:538} INFO - Filling up the DagBag from /home/airflow/.local/lib/python3.8/site-packages/airflow/example_dags/example_python_decorator.py
[2026-06-18T17:32:06.902+0000] {processor.py:840} INFO - DAG(s) 'example_python_decorator' retrieved from /home/airflow/.local/lib/python3.8/site-packages/airflow/example_dags/example_python_decorator.py
[2026-06-18T17:32:06.950+0000] {logging_mixin.py:188} INFO - [2026-06-18T17:32:06.949+0000] {dag.py:3036} INFO - Sync 1 DAGs
[2026-06-18T17:32:06.973+0000] {logging_mixin.py:188} INFO - [2026-06-18T17:32:06.973+0000] {dag.py:3823} INFO - Setting next_dagrun for example_python_decorator to None, run_after=None
[2026-06-18T17:32:07.005+0000] {processor.py:183} INFO - Processing /home/airflow/.local/lib/python3.8/site-packages/airflow/example_dags/example_python_decorator.py took 0.134 seconds
[2026-06-18T17:32:37.210+0000] {processor.py:161} INFO - Started process (PID=5610) to work on /home/airflow/.local/lib/python3.8/site-packages/airflow/example_dags/example_python_decorator.py
[2026-06-18T17:32:37.212+0000] {processor.py:830} INFO - Processing file /home/airflow/.local/lib/python3.8/site-packages/airflow/example_dags/example_python_decorator.py for tasks to queue
[2026-06-18T17:32:37.216+0000] {logging_mixin.py:188} INFO - [2026-06-18T17:32:37.215+0000] {dagbag.py:538} INFO - Filling up the DagBag from /home/airflow/.local/lib/python3.8/site-packages/airflow/example_dags/example_python_decorator.py
[2026-06-18T17:32:37.243+0000] {processor.py:840} INFO - DAG(s) 'example_python_decorator' retrieved from /home/airflow/.local/lib/python3.8/site-packages/airflow/example_dags/example_python_decorator.py
[2026-06-18T17:32:37.298+0000] {logging_mixin.py:188} INFO - [2026-06-18T17:32:37.298+0000] {dag.py:3036} INFO - Sync 1 DAGs
[2026-06-18T17:32:37.328+0000] {logging_mixin.py:188} INFO - [2026-06-18T17:32:37.328+0000] {dag.py:3823} INFO - Setting next_dagrun for example_python_decorator to None, run_after=None
[2026-06-18T17:32:37.370+0000] {processor.py:183} INFO - Processing /home/airflow/.local/lib/python3.8/site-packages/airflow/example_dags/example_python_decorator.py took 0.166 seconds
[2026-06-18T17:33:07.768+0000] {processor.py:161} INFO - Started process (PID=5676) to work on /home/airflow/.local/lib/python3.8/site-packages/airflow/example_dags/example_python_decorator.py
[2026-06-18T17:33:07.769+0000] {processor.py:830} INFO - Processing file /home/airflow/.local/lib/python3.8/site-packages/airflow/example_dags/example_python_decorator.py for tasks to queue
[2026-06-18T17:33:07.772+0000] {logging_mixin.py:188} INFO - [2026-06-18T17:33:07.772+0000] {dagbag.py:538} INFO - Filling up the DagBag from /home/airflow/.local/lib/python3.8/site-packages/airflow/example_dags/example_python_decorator.py
[2026-06-18T17:33:07.802+0000] {processor.py:840} INFO - DAG(s) 'example_python_decorator' retrieved from /home/airflow/.local/lib/python3.8/site-packages/airflow/example_dags/example_python_decorator.py
[2026-06-18T17:33:07.871+0000] {logging_mixin.py:188} INFO - [2026-06-18T17:33:07.871+0000] {dag.py:3036} INFO - Sync 1 DAGs
[2026-06-18T17:33:07.897+0000] {logging_mixin.py:188} INFO - [2026-06-18T17:33:07.897+0000] {dag.py:3823} INFO - Setting next_dagrun for example_python_decorator to None, run_after=None
[2026-06-18T17:33:07.934+0000] {processor.py:183} INFO - Processing /home/airflow/.local/lib/python3.8/site-packages/airflow/example_dags/example_python_decorator.py took 0.174 seconds
[2026-06-18T17:33:38.360+0000] {processor.py:161} INFO - Started process (PID=5741) to work on /home/airflow/.local/lib/python3.8/site-packages/airflow/example_dags/example_python_decorator.py
[2026-06-18T17:33:38.362+0000] {processor.py:830} INFO - Processing file /home/airflow/.local/lib/python3.8/site-packages/airflow/example_dags/example_python_decorator.py for tasks to queue
[2026-06-18T17:33:38.366+0000] {logging_mixin.py:188} INFO - [2026-06-18T17:33:38.365+0000] {dagbag.py:538} INFO - Filling up the DagBag from /home/airflow/.local/lib/python3.8/site-packages/airflow/example_dags/example_python_decorator.py
[2026-06-18T17:33:38.394+0000] {processor.py:840} INFO - DAG(s) 'example_python_decorator' retrieved from /home/airflow/.local/lib/python3.8/site-packages/airflow/example_dags/example_python_decorator.py
[2026-06-18T17:33:38.442+0000] {logging_mixin.py:188} INFO - [2026-06-18T17:33:38.442+0000] {dag.py:3036} INFO - Sync 1 DAGs
[2026-06-18T17:33:38.467+0000] {logging_mixin.py:188} INFO - [2026-06-18T17:33:38.467+0000] {dag.py:3823} INFO - Setting next_dagrun for example_python_decorator to None, run_after=None
[2026-06-18T17:33:38.539+0000] {processor.py:183} INFO - Processing /home/airflow/.local/lib/python3.8/site-packages/airflow/example_dags/example_python_decorator.py took 0.185 seconds
[2026-06-18T17:34:08.800+0000] {processor.py:161} INFO - Started process (PID=5808) to work on /home/airflow/.local/lib/python3.8/site-packages/airflow/example_dags/example_python_decorator.py
[2026-06-18T17:34:08.802+0000] {processor.py:830} INFO - Processing file /home/airflow/.local/lib/python3.8/site-packages/airflow/example_dags/example_python_decorator.py for tasks to queue
[2026-06-18T17:34:08.805+0000] {logging_mixin.py:188} INFO - [2026-06-18T17:34:08.804+0000] {dagbag.py:538} INFO - Filling up the DagBag from /home/airflow/.local/lib/python3.8/site-packages/airflow/example_dags/example_python_decorator.py
[2026-06-18T17:34:08.895+0000] {processor.py:840} INFO - DAG(s) 'example_python_decorator' retrieved from /home/airflow/.local/lib/python3.8/site-packages/airflow/example_dags/example_python_decorator.py
[2026-06-18T17:34:08.989+0000] {logging_mixin.py:188} INFO - [2026-06-18T17:34:08.985+0000] {dag.py:3036} INFO - Sync 1 DAGs
[2026-06-18T17:34:09.019+0000] {logging_mixin.py:188} INFO - [2026-06-18T17:34:09.019+0000] {dag.py:3823} INFO - Setting next_dagrun for example_python_decorator to None, run_after=None
[2026-06-18T17:34:09.056+0000] {processor.py:183} INFO - Processing /home/airflow/.local/lib/python3.8/site-packages/airflow/example_dags/example_python_decorator.py took 0.275 seconds
[2026-06-18T17:34:39.452+0000] {processor.py:161} INFO - Started process (PID=5873) to work on /home/airflow/.local/lib/python3.8/site-packages/airflow/example_dags/example_python_decorator.py
[2026-06-18T17:34:39.456+0000] {processor.py:830} INFO - Processing file /home/airflow/.local/lib/python3.8/site-packages/airflow/example_dags/example_python_decorator.py for tasks to queue
[2026-06-18T17:34:39.463+0000] {logging_mixin.py:188} INFO - [2026-06-18T17:34:39.462+0000] {dagbag.py:538} INFO - Filling up the DagBag from /home/airflow/.local/lib/python3.8/site-packages/airflow/example_dags/example_python_decorator.py
[2026-06-18T17:34:39.492+0000] {processor.py:840} INFO - DAG(s) 'example_python_decorator' retrieved from /home/airflow/.local/lib/python3.8/site-packages/airflow/example_dags/example_python_decorator.py
[2026-06-18T17:34:39.555+0000] {logging_mixin.py:188} INFO - [2026-06-18T17:34:39.555+0000] {dag.py:3036} INFO - Sync 1 DAGs
[2026-06-18T17:34:39.600+0000] {logging_mixin.py:188} INFO - [2026-06-18T17:34:39.599+0000] {dag.py:3823} INFO - Setting next_dagrun for example_python_decorator to None, run_after=None
[2026-06-18T17:34:39.648+0000] {processor.py:183} INFO - Processing /home/airflow/.local/lib/python3.8/site-packages/airflow/example_dags/example_python_decorator.py took 0.203 seconds
[2026-06-18T17:35:10.084+0000] {processor.py:161} INFO - Started process (PID=5939) to work on /home/airflow/.local/lib/python3.8/site-packages/airflow/example_dags/example_python_decorator.py
[2026-06-18T17:35:10.086+0000] {processor.py:830} INFO - Processing file /home/airflow/.local/lib/python3.8/site-packages/airflow/example_dags/example_python_decorator.py for tasks to queue
[2026-06-18T17:35:10.089+0000] {logging_mixin.py:188} INFO - [2026-06-18T17:35:10.088+0000] {dagbag.py:538} INFO - Filling up the DagBag from /home/airflow/.local/lib/python3.8/site-packages/airflow/example_dags/example_python_decorator.py
[2026-06-18T17:35:10.110+0000] {processor.py:840} INFO - DAG(s) 'example_python_decorator' retrieved from /home/airflow/.local/lib/python3.8/site-packages/airflow/example_dags/example_python_decorator.py
[2026-06-18T17:35:10.152+0000] {logging_mixin.py:188} INFO - [2026-06-18T17:35:10.151+0000] {dag.py:3036} INFO - Sync 1 DAGs
[2026-06-18T17:35:10.176+0000] {logging_mixin.py:188} INFO - [2026-06-18T17:35:10.176+0000] {dag.py:3823} INFO - Setting next_dagrun for example_python_decorator to None, run_after=None
[2026-06-18T17:35:10.208+0000] {processor.py:183} INFO - Processing /home/airflow/.local/lib/python3.8/site-packages/airflow/example_dags/example_python_decorator.py took 0.129 seconds
[2026-06-18T17:35:40.452+0000] {processor.py:161} INFO - Started process (PID=6004) to work on /home/airflow/.local/lib/python3.8/site-packages/airflow/example_dags/example_python_decorator.py
[2026-06-18T17:35:40.454+0000] {processor.py:830} INFO - Processing file /home/airflow/.local/lib/python3.8/site-packages/airflow/example_dags/example_python_decorator.py for tasks to queue
[2026-06-18T17:35:40.468+0000] {logging_mixin.py:188} INFO - [2026-06-18T17:35:40.463+0000] {dagbag.py:538} INFO - Filling up the DagBag from /home/airflow/.local/lib/python3.8/site-packages/airflow/example_dags/example_python_decorator.py
[2026-06-18T17:35:40.495+0000] {processor.py:840} INFO - DAG(s) 'example_python_decorator' retrieved from /home/airflow/.local/lib/python3.8/site-packages/airflow/example_dags/example_python_decorator.py
[2026-06-18T17:35:40.547+0000] {logging_mixin.py:188} INFO - [2026-06-18T17:35:40.546+0000] {dag.py:3036} INFO - Sync 1 DAGs
[2026-06-18T17:35:40.572+0000] {logging_mixin.py:188} INFO - [2026-06-18T17:35:40.572+0000] {dag.py:3823} INFO - Setting next_dagrun for example_python_decorator to None, run_after=None
[2026-06-18T17:35:40.605+0000] {processor.py:183} INFO - Processing /home/airflow/.local/lib/python3.8/site-packages/airflow/example_dags/example_python_decorator.py took 0.159 seconds
[2026-06-18T17:36:10.689+0000] {processor.py:161} INFO - Started process (PID=6070) to work on /home/airflow/.local/lib/python3.8/site-packages/airflow/example_dags/example_python_decorator.py
[2026-06-18T17:36:10.691+0000] {processor.py:830} INFO - Processing file /home/airflow/.local/lib/python3.8/site-packages/airflow/example_dags/example_python_decorator.py for tasks to queue
[2026-06-18T17:36:10.693+0000] {logging_mixin.py:188} INFO - [2026-06-18T17:36:10.693+0000] {dagbag.py:538} INFO - Filling up the DagBag from /home/airflow/.local/lib/python3.8/site-packages/airflow/example_dags/example_python_decorator.py
[2026-06-18T17:36:10.715+0000] {processor.py:840} INFO - DAG(s) 'example_python_decorator' retrieved from /home/airflow/.local/lib/python3.8/site-packages/airflow/example_dags/example_python_decorator.py
[2026-06-18T17:36:10.757+0000] {logging_mixin.py:188} INFO - [2026-06-18T17:36:10.756+0000] {dag.py:3036} INFO - Sync 1 DAGs
[2026-06-18T17:36:10.778+0000] {logging_mixin.py:188} INFO - [2026-06-18T17:36:10.777+0000] {dag.py:3823} INFO - Setting next_dagrun for example_python_decorator to None, run_after=None
[2026-06-18T17:36:10.807+0000] {processor.py:183} INFO - Processing /home/airflow/.local/lib/python3.8/site-packages/airflow/example_dags/example_python_decorator.py took 0.123 seconds
[2026-06-18T17:36:41.047+0000] {processor.py:161} INFO - Started process (PID=6136) to work on /home/airflow/.local/lib/python3.8/site-packages/airflow/example_dags/example_python_decorator.py
[2026-06-18T17:36:41.049+0000] {processor.py:830} INFO - Processing file /home/airflow/.local/lib/python3.8/site-packages/airflow/example_dags/example_python_decorator.py for tasks to queue
[2026-06-18T17:36:41.052+0000] {logging_mixin.py:188} INFO - [2026-06-18T17:36:41.051+0000] {dagbag.py:538} INFO - Filling up the DagBag from /home/airflow/.local/lib/python3.8/site-packages/airflow/example_dags/example_python_decorator.py
[2026-06-18T17:36:41.074+0000] {processor.py:840} INFO - DAG(s) 'example_python_decorator' retrieved from /home/airflow/.local/lib/python3.8/site-packages/airflow/example_dags/example_python_decorator.py
[2026-06-18T17:36:41.118+0000] {logging_mixin.py:188} INFO - [2026-06-18T17:36:41.118+0000] {dag.py:3036} INFO - Sync 1 DAGs
[2026-06-18T17:36:41.142+0000] {logging_mixin.py:188} INFO - [2026-06-18T17:36:41.142+0000] {dag.py:3823} INFO - Setting next_dagrun for example_python_decorator to None, run_after=None
[2026-06-18T17:36:41.176+0000] {processor.py:183} INFO - Processing /home/airflow/.local/lib/python3.8/site-packages/airflow/example_dags/example_python_decorator.py took 0.135 seconds
[2026-06-18T17:37:11.330+0000] {processor.py:161} INFO - Started process (PID=6202) to work on /home/airflow/.local/lib/python3.8/site-packages/airflow/example_dags/example_python_decorator.py
[2026-06-18T17:37:11.332+0000] {processor.py:830} INFO - Processing file /home/airflow/.local/lib/python3.8/site-packages/airflow/example_dags/example_python_decorator.py for tasks to queue
[2026-06-18T17:37:11.335+0000] {logging_mixin.py:188} INFO - [2026-06-18T17:37:11.334+0000] {dagbag.py:538} INFO - Filling up the DagBag from /home/airflow/.local/lib/python3.8/site-packages/airflow/example_dags/example_python_decorator.py
[2026-06-18T17:37:11.355+0000] {processor.py:840} INFO - DAG(s) 'example_python_decorator' retrieved from /home/airflow/.local/lib/python3.8/site-packages/airflow/example_dags/example_python_decorator.py
[2026-06-18T17:37:11.396+0000] {logging_mixin.py:188} INFO - [2026-06-18T17:37:11.395+0000] {dag.py:3036} INFO - Sync 1 DAGs
[2026-06-18T17:37:11.417+0000] {logging_mixin.py:188} INFO - [2026-06-18T17:37:11.416+0000] {dag.py:3823} INFO - Setting next_dagrun for example_python_decorator to None, run_after=None
[2026-06-18T17:37:11.449+0000] {processor.py:183} INFO - Processing /home/airflow/.local/lib/python3.8/site-packages/airflow/example_dags/example_python_decorator.py took 0.124 seconds
[2026-06-18T17:37:41.867+0000] {processor.py:161} INFO - Started process (PID=6267) to work on /home/airflow/.local/lib/python3.8/site-packages/airflow/example_dags/example_python_decorator.py
[2026-06-18T17:37:41.869+0000] {processor.py:830} INFO - Processing file /home/airflow/.local/lib/python3.8/site-packages/airflow/example_dags/example_python_decorator.py for tasks to queue
[2026-06-18T17:37:41.872+0000] {logging_mixin.py:188} INFO - [2026-06-18T17:37:41.872+0000] {dagbag.py:538} INFO - Filling up the DagBag from /home/airflow/.local/lib/python3.8/site-packages/airflow/example_dags/example_python_decorator.py
[2026-06-18T17:37:41.899+0000] {processor.py:840} INFO - DAG(s) 'example_python_decorator' retrieved from /home/airflow/.local/lib/python3.8/site-packages/airflow/example_dags/example_python_decorator.py
[2026-06-18T17:37:41.944+0000] {logging_mixin.py:188} INFO - [2026-06-18T17:37:41.943+0000] {dag.py:3036} INFO - Sync 1 DAGs
[2026-06-18T17:37:41.968+0000] {logging_mixin.py:188} INFO - [2026-06-18T17:37:41.968+0000] {dag.py:3823} INFO - Setting next_dagrun for example_python_decorator to None, run_after=None
[2026-06-18T17:37:42.004+0000] {processor.py:183} INFO - Processing /home/airflow/.local/lib/python3.8/site-packages/airflow/example_dags/example_python_decorator.py took 0.142 seconds
[2026-06-18T17:38:12.909+0000] {processor.py:161} INFO - Started process (PID=6332) to work on /home/airflow/.local/lib/python3.8/site-packages/airflow/example_dags/example_python_decorator.py
[2026-06-18T17:38:12.910+0000] {processor.py:830} INFO - Processing file /home/airflow/.local/lib/python3.8/site-packages/airflow/example_dags/example_python_decorator.py for tasks to queue
[2026-06-18T17:38:12.913+0000] {logging_mixin.py:188} INFO - [2026-06-18T17:38:12.913+0000] {dagbag.py:538} INFO - Filling up the DagBag from /home/airflow/.local/lib/python3.8/site-packages/airflow/example_dags/example_python_decorator.py
[2026-06-18T17:38:12.943+0000] {processor.py:840} INFO - DAG(s) 'example_python_decorator' retrieved from /home/airflow/.local/lib/python3.8/site-packages/airflow/example_dags/example_python_decorator.py
[2026-06-18T17:38:12.999+0000] {logging_mixin.py:188} INFO - [2026-06-18T17:38:12.999+0000] {dag.py:3036} INFO - Sync 1 DAGs
[2026-06-18T17:38:13.021+0000] {logging_mixin.py:188} INFO - [2026-06-18T17:38:13.020+0000] {dag.py:3823} INFO - Setting next_dagrun for example_python_decorator to None, run_after=None
[2026-06-18T17:38:13.055+0000] {processor.py:183} INFO - Processing /home/airflow/.local/lib/python3.8/site-packages/airflow/example_dags/example_python_decorator.py took 0.153 seconds
[2026-06-18T17:38:44.054+0000] {processor.py:161} INFO - Started process (PID=6398) to work on /home/airflow/.local/lib/python3.8/site-packages/airflow/example_dags/example_python_decorator.py
[2026-06-18T17:38:44.056+0000] {processor.py:830} INFO - Processing file /home/airflow/.local/lib/python3.8/site-packages/airflow/example_dags/example_python_decorator.py for tasks to queue
[2026-06-18T17:38:44.059+0000] {logging_mixin.py:188} INFO - [2026-06-18T17:38:44.058+0000] {dagbag.py:538} INFO - Filling up the DagBag from /home/airflow/.local/lib/python3.8/site-packages/airflow/example_dags/example_python_decorator.py
[2026-06-18T17:38:44.083+0000] {processor.py:840} INFO - DAG(s) 'example_python_decorator' retrieved from /home/airflow/.local/lib/python3.8/site-packages/airflow/example_dags/example_python_decorator.py
[2026-06-18T17:38:44.149+0000] {logging_mixin.py:188} INFO - [2026-06-18T17:38:44.148+0000] {dag.py:3036} INFO - Sync 1 DAGs
[2026-06-18T17:38:44.190+0000] {logging_mixin.py:188} INFO - [2026-06-18T17:38:44.176+0000] {dag.py:3823} INFO - Setting next_dagrun for example_python_decorator to None, run_after=None
[2026-06-18T17:38:44.239+0000] {processor.py:183} INFO - Processing /home/airflow/.local/lib/python3.8/site-packages/airflow/example_dags/example_python_decorator.py took 0.190 seconds
[2026-06-18T17:39:14.776+0000] {processor.py:161} INFO - Started process (PID=6472) to work on /home/airflow/.local/lib/python3.8/site-packages/airflow/example_dags/example_python_decorator.py
[2026-06-18T17:39:14.778+0000] {processor.py:830} INFO - Processing file /home/airflow/.local/lib/python3.8/site-packages/airflow/example_dags/example_python_decorator.py for tasks to queue
[2026-06-18T17:39:14.781+0000] {logging_mixin.py:188} INFO - [2026-06-18T17:39:14.781+0000] {dagbag.py:538} INFO - Filling up the DagBag from /home/airflow/.local/lib/python3.8/site-packages/airflow/example_dags/example_python_decorator.py
[2026-06-18T17:39:14.808+0000] {processor.py:840} INFO - DAG(s) 'example_python_decorator' retrieved from /home/airflow/.local/lib/python3.8/site-packages/airflow/example_dags/example_python_decorator.py
[2026-06-18T17:39:14.857+0000] {logging_mixin.py:188} INFO - [2026-06-18T17:39:14.857+0000] {dag.py:3036} INFO - Sync 1 DAGs
[2026-06-18T17:39:14.884+0000] {logging_mixin.py:188} INFO - [2026-06-18T17:39:14.884+0000] {dag.py:3823} INFO - Setting next_dagrun for example_python_decorator to None, run_after=None
[2026-06-18T17:39:14.915+0000] {processor.py:183} INFO - Processing /home/airflow/.local/lib/python3.8/site-packages/airflow/example_dags/example_python_decorator.py took 0.144 seconds
[2026-06-18T17:39:45.405+0000] {processor.py:161} INFO - Started process (PID=6538) to work on /home/airflow/.local/lib/python3.8/site-packages/airflow/example_dags/example_python_decorator.py
[2026-06-18T17:39:45.407+0000] {processor.py:830} INFO - Processing file /home/airflow/.local/lib/python3.8/site-packages/airflow/example_dags/example_python_decorator.py for tasks to queue
[2026-06-18T17:39:45.410+0000] {logging_mixin.py:188} INFO - [2026-06-18T17:39:45.410+0000] {dagbag.py:538} INFO - Filling up the DagBag from /home/airflow/.local/lib/python3.8/site-packages/airflow/example_dags/example_python_decorator.py
[2026-06-18T17:39:45.437+0000] {processor.py:840} INFO - DAG(s) 'example_python_decorator' retrieved from /home/airflow/.local/lib/python3.8/site-packages/airflow/example_dags/example_python_decorator.py
[2026-06-18T17:39:45.493+0000] {logging_mixin.py:188} INFO - [2026-06-18T17:39:45.493+0000] {dag.py:3036} INFO - Sync 1 DAGs
[2026-06-18T17:39:45.522+0000] {logging_mixin.py:188} INFO - [2026-06-18T17:39:45.522+0000] {dag.py:3823} INFO - Setting next_dagrun for example_python_decorator to None, run_after=None
[2026-06-18T17:39:45.557+0000] {processor.py:183} INFO - Processing /home/airflow/.local/lib/python3.8/site-packages/airflow/example_dags/example_python_decorator.py took 0.158 seconds
[2026-06-18T17:40:16.266+0000] {processor.py:161} INFO - Started process (PID=6604) to work on /home/airflow/.local/lib/python3.8/site-packages/airflow/example_dags/example_python_decorator.py
[2026-06-18T17:40:16.269+0000] {processor.py:830} INFO - Processing file /home/airflow/.local/lib/python3.8/site-packages/airflow/example_dags/example_python_decorator.py for tasks to queue
[2026-06-18T17:40:16.272+0000] {logging_mixin.py:188} INFO - [2026-06-18T17:40:16.272+0000] {dagbag.py:538} INFO - Filling up the DagBag from /home/airflow/.local/lib/python3.8/site-packages/airflow/example_dags/example_python_decorator.py
[2026-06-18T17:40:16.301+0000] {processor.py:840} INFO - DAG(s) 'example_python_decorator' retrieved from /home/airflow/.local/lib/python3.8/site-packages/airflow/example_dags/example_python_decorator.py
[2026-06-18T17:40:16.355+0000] {logging_mixin.py:188} INFO - [2026-06-18T17:40:16.354+0000] {dag.py:3036} INFO - Sync 1 DAGs
[2026-06-18T17:40:16.381+0000] {logging_mixin.py:188} INFO - [2026-06-18T17:40:16.380+0000] {dag.py:3823} INFO - Setting next_dagrun for example_python_decorator to None, run_after=None
[2026-06-18T17:40:16.416+0000] {processor.py:183} INFO - Processing /home/airflow/.local/lib/python3.8/site-packages/airflow/example_dags/example_python_decorator.py took 0.156 seconds
[2026-06-18T17:40:46.571+0000] {processor.py:161} INFO - Started process (PID=6669) to work on /home/airflow/.local/lib/python3.8/site-packages/airflow/example_dags/example_python_decorator.py
[2026-06-18T17:40:46.573+0000] {processor.py:830} INFO - Processing file /home/airflow/.local/lib/python3.8/site-packages/airflow/example_dags/example_python_decorator.py for tasks to queue
[2026-06-18T17:40:46.576+0000] {logging_mixin.py:188} INFO - [2026-06-18T17:40:46.576+0000] {dagbag.py:538} INFO - Filling up the DagBag from /home/airflow/.local/lib/python3.8/site-packages/airflow/example_dags/example_python_decorator.py
[2026-06-18T17:40:46.603+0000] {processor.py:840} INFO - DAG(s) 'example_python_decorator' retrieved from /home/airflow/.local/lib/python3.8/site-packages/airflow/example_dags/example_python_decorator.py
[2026-06-18T17:40:46.651+0000] {logging_mixin.py:188} INFO - [2026-06-18T17:40:46.651+0000] {dag.py:3036} INFO - Sync 1 DAGs
[2026-06-18T17:40:46.675+0000] {logging_mixin.py:188} INFO - [2026-06-18T17:40:46.674+0000] {dag.py:3823} INFO - Setting next_dagrun for example_python_decorator to None, run_after=None
[2026-06-18T17:40:46.710+0000] {processor.py:183} INFO - Processing /home/airflow/.local/lib/python3.8/site-packages/airflow/example_dags/example_python_decorator.py took 0.144 seconds
[2026-06-18T17:41:17.040+0000] {processor.py:161} INFO - Started process (PID=6734) to work on /home/airflow/.local/lib/python3.8/site-packages/airflow/example_dags/example_python_decorator.py
[2026-06-18T17:41:17.042+0000] {processor.py:830} INFO - Processing file /home/airflow/.local/lib/python3.8/site-packages/airflow/example_dags/example_python_decorator.py for tasks to queue
[2026-06-18T17:41:17.045+0000] {logging_mixin.py:188} INFO - [2026-06-18T17:41:17.044+0000] {dagbag.py:538} INFO - Filling up the DagBag from /home/airflow/.local/lib/python3.8/site-packages/airflow/example_dags/example_python_decorator.py
[2026-06-18T17:41:17.066+0000] {processor.py:840} INFO - DAG(s) 'example_python_decorator' retrieved from /home/airflow/.local/lib/python3.8/site-packages/airflow/example_dags/example_python_decorator.py
[2026-06-18T17:41:17.106+0000] {logging_mixin.py:188} INFO - [2026-06-18T17:41:17.106+0000] {dag.py:3036} INFO - Sync 1 DAGs
[2026-06-18T17:41:17.127+0000] {logging_mixin.py:188} INFO - [2026-06-18T17:41:17.126+0000] {dag.py:3823} INFO - Setting next_dagrun for example_python_decorator to None, run_after=None
[2026-06-18T17:41:17.161+0000] {processor.py:183} INFO - Processing /home/airflow/.local/lib/python3.8/site-packages/airflow/example_dags/example_python_decorator.py took 0.125 seconds
[2026-06-18T17:41:47.384+0000] {processor.py:161} INFO - Started process (PID=6799) to work on /home/airflow/.local/lib/python3.8/site-packages/airflow/example_dags/example_python_decorator.py
[2026-06-18T17:41:47.386+0000] {processor.py:830} INFO - Processing file /home/airflow/.local/lib/python3.8/site-packages/airflow/example_dags/example_python_decorator.py for tasks to queue
[2026-06-18T17:41:47.389+0000] {logging_mixin.py:188} INFO - [2026-06-18T17:41:47.388+0000] {dagbag.py:538} INFO - Filling up the DagBag from /home/airflow/.local/lib/python3.8/site-packages/airflow/example_dags/example_python_decorator.py
[2026-06-18T17:41:47.417+0000] {processor.py:840} INFO - DAG(s) 'example_python_decorator' retrieved from /home/airflow/.local/lib/python3.8/site-packages/airflow/example_dags/example_python_decorator.py
[2026-06-18T17:41:47.465+0000] {logging_mixin.py:188} INFO - [2026-06-18T17:41:47.464+0000] {dag.py:3036} INFO - Sync 1 DAGs
[2026-06-18T17:41:47.491+0000] {logging_mixin.py:188} INFO - [2026-06-18T17:41:47.490+0000] {dag.py:3823} INFO - Setting next_dagrun for example_python_decorator to None, run_after=None
[2026-06-18T17:41:47.523+0000] {processor.py:183} INFO - Processing /home/airflow/.local/lib/python3.8/site-packages/airflow/example_dags/example_python_decorator.py took 0.144 seconds
[2026-06-18T17:42:18.041+0000] {processor.py:161} INFO - Started process (PID=6865) to work on /home/airflow/.local/lib/python3.8/site-packages/airflow/example_dags/example_python_decorator.py
[2026-06-18T17:42:18.043+0000] {processor.py:830} INFO - Processing file /home/airflow/.local/lib/python3.8/site-packages/airflow/example_dags/example_python_decorator.py for tasks to queue
[2026-06-18T17:42:18.046+0000] {logging_mixin.py:188} INFO - [2026-06-18T17:42:18.045+0000] {dagbag.py:538} INFO - Filling up the DagBag from /home/airflow/.local/lib/python3.8/site-packages/airflow/example_dags/example_python_decorator.py
[2026-06-18T17:42:18.070+0000] {processor.py:840} INFO - DAG(s) 'example_python_decorator' retrieved from /home/airflow/.local/lib/python3.8/site-packages/airflow/example_dags/example_python_decorator.py
[2026-06-18T17:42:18.115+0000] {logging_mixin.py:188} INFO - [2026-06-18T17:42:18.115+0000] {dag.py:3036} INFO - Sync 1 DAGs
[2026-06-18T17:42:18.139+0000] {logging_mixin.py:188} INFO - [2026-06-18T17:42:18.139+0000] {dag.py:3823} INFO - Setting next_dagrun for example_python_decorator to None, run_after=None
[2026-06-18T17:42:18.173+0000] {processor.py:183} INFO - Processing /home/airflow/.local/lib/python3.8/site-packages/airflow/example_dags/example_python_decorator.py took 0.138 seconds
[2026-06-18T17:42:48.409+0000] {processor.py:161} INFO - Started process (PID=6931) to work on /home/airflow/.local/lib/python3.8/site-packages/airflow/example_dags/example_python_decorator.py
[2026-06-18T17:42:48.411+0000] {processor.py:830} INFO - Processing file /home/airflow/.local/lib/python3.8/site-packages/airflow/example_dags/example_python_decorator.py for tasks to queue
[2026-06-18T17:42:48.413+0000] {logging_mixin.py:188} INFO - [2026-06-18T17:42:48.413+0000] {dagbag.py:538} INFO - Filling up the DagBag from /home/airflow/.local/lib/python3.8/site-packages/airflow/example_dags/example_python_decorator.py
[2026-06-18T17:42:48.435+0000] {processor.py:840} INFO - DAG(s) 'example_python_decorator' retrieved from /home/airflow/.local/lib/python3.8/site-packages/airflow/example_dags/example_python_decorator.py
[2026-06-18T17:42:48.479+0000] {logging_mixin.py:188} INFO - [2026-06-18T17:42:48.479+0000] {dag.py:3036} INFO - Sync 1 DAGs
[2026-06-18T17:42:48.504+0000] {logging_mixin.py:188} INFO - [2026-06-18T17:42:48.504+0000] {dag.py:3823} INFO - Setting next_dagrun for example_python_decorator to None, run_after=None
[2026-06-18T17:42:48.539+0000] {processor.py:183} INFO - Processing /home/airflow/.local/lib/python3.8/site-packages/airflow/example_dags/example_python_decorator.py took 0.135 seconds
[2026-06-18T17:43:18.744+0000] {processor.py:161} INFO - Started process (PID=6998) to work on /home/airflow/.local/lib/python3.8/site-packages/airflow/example_dags/example_python_decorator.py
[2026-06-18T17:43:18.746+0000] {processor.py:830} INFO - Processing file /home/airflow/.local/lib/python3.8/site-packages/airflow/example_dags/example_python_decorator.py for tasks to queue
[2026-06-18T17:43:18.749+0000] {logging_mixin.py:188} INFO - [2026-06-18T17:43:18.748+0000] {dagbag.py:538} INFO - Filling up the DagBag from /home/airflow/.local/lib/python3.8/site-packages/airflow/example_dags/example_python_decorator.py
[2026-06-18T17:43:18.773+0000] {processor.py:840} INFO - DAG(s) 'example_python_decorator' retrieved from /home/airflow/.local/lib/python3.8/site-packages/airflow/example_dags/example_python_decorator.py
[2026-06-18T17:43:18.821+0000] {logging_mixin.py:188} INFO - [2026-06-18T17:43:18.821+0000] {dag.py:3036} INFO - Sync 1 DAGs
[2026-06-18T17:43:18.844+0000] {logging_mixin.py:188} INFO - [2026-06-18T17:43:18.844+0000] {dag.py:3823} INFO - Setting next_dagrun for example_python_decorator to None, run_after=None
[2026-06-18T17:43:18.890+0000] {processor.py:183} INFO - Processing /home/airflow/.local/lib/python3.8/site-packages/airflow/example_dags/example_python_decorator.py took 0.152 seconds
[2026-06-18T17:43:49.512+0000] {processor.py:161} INFO - Started process (PID=7061) to work on /home/airflow/.local/lib/python3.8/site-packages/airflow/example_dags/example_python_decorator.py
[2026-06-18T17:43:49.514+0000] {processor.py:830} INFO - Processing file /home/airflow/.local/lib/python3.8/site-packages/airflow/example_dags/example_python_decorator.py for tasks to queue
[2026-06-18T17:43:49.517+0000] {logging_mixin.py:188} INFO - [2026-06-18T17:43:49.517+0000] {dagbag.py:538} INFO - Filling up the DagBag from /home/airflow/.local/lib/python3.8/site-packages/airflow/example_dags/example_python_decorator.py
[2026-06-18T17:43:49.541+0000] {processor.py:840} INFO - DAG(s) 'example_python_decorator' retrieved from /home/airflow/.local/lib/python3.8/site-packages/airflow/example_dags/example_python_decorator.py
[2026-06-18T17:43:49.587+0000] {logging_mixin.py:188} INFO - [2026-06-18T17:43:49.587+0000] {dag.py:3036} INFO - Sync 1 DAGs
[2026-06-18T17:43:49.611+0000] {logging_mixin.py:188} INFO - [2026-06-18T17:43:49.611+0000] {dag.py:3823} INFO - Setting next_dagrun for example_python_decorator to None, run_after=None
[2026-06-18T17:43:49.645+0000] {processor.py:183} INFO - Processing /home/airflow/.local/lib/python3.8/site-packages/airflow/example_dags/example_python_decorator.py took 0.139 seconds
[2026-06-18T17:44:20.292+0000] {processor.py:161} INFO - Started process (PID=7127) to work on /home/airflow/.local/lib/python3.8/site-packages/airflow/example_dags/example_python_decorator.py
[2026-06-18T17:44:20.293+0000] {processor.py:830} INFO - Processing file /home/airflow/.local/lib/python3.8/site-packages/airflow/example_dags/example_python_decorator.py for tasks to queue
[2026-06-18T17:44:20.296+0000] {logging_mixin.py:188} INFO - [2026-06-18T17:44:20.296+0000] {dagbag.py:538} INFO - Filling up the DagBag from /home/airflow/.local/lib/python3.8/site-packages/airflow/example_dags/example_python_decorator.py
[2026-06-18T17:44:20.319+0000] {processor.py:840} INFO - DAG(s) 'example_python_decorator' retrieved from /home/airflow/.local/lib/python3.8/site-packages/airflow/example_dags/example_python_decorator.py
[2026-06-18T17:44:20.367+0000] {logging_mixin.py:188} INFO - [2026-06-18T17:44:20.366+0000] {dag.py:3036} INFO - Sync 1 DAGs
[2026-06-18T17:44:20.387+0000] {logging_mixin.py:188} INFO - [2026-06-18T17:44:20.386+0000] {dag.py:3823} INFO - Setting next_dagrun for example_python_decorator to None, run_after=None
[2026-06-18T17:44:20.417+0000] {processor.py:183} INFO - Processing /home/airflow/.local/lib/python3.8/site-packages/airflow/example_dags/example_python_decorator.py took 0.130 seconds
[2026-06-18T17:44:51.289+0000] {processor.py:161} INFO - Started process (PID=7193) to work on /home/airflow/.local/lib/python3.8/site-packages/airflow/example_dags/example_python_decorator.py
[2026-06-18T17:44:51.291+0000] {processor.py:830} INFO - Processing file /home/airflow/.local/lib/python3.8/site-packages/airflow/example_dags/example_python_decorator.py for tasks to queue
[2026-06-18T17:44:51.294+0000] {logging_mixin.py:188} INFO - [2026-06-18T17:44:51.293+0000] {dagbag.py:538} INFO - Filling up the DagBag from /home/airflow/.local/lib/python3.8/site-packages/airflow/example_dags/example_python_decorator.py
[2026-06-18T17:44:51.316+0000] {processor.py:840} INFO - DAG(s) 'example_python_decorator' retrieved from /home/airflow/.local/lib/python3.8/site-packages/airflow/example_dags/example_python_decorator.py
[2026-06-18T17:44:51.363+0000] {logging_mixin.py:188} INFO - [2026-06-18T17:44:51.363+0000] {dag.py:3036} INFO - Sync 1 DAGs
[2026-06-18T17:44:51.387+0000] {logging_mixin.py:188} INFO - [2026-06-18T17:44:51.386+0000] {dag.py:3823} INFO - Setting next_dagrun for example_python_decorator to None, run_after=None
[2026-06-18T17:44:51.420+0000] {processor.py:183} INFO - Processing /home/airflow/.local/lib/python3.8/site-packages/airflow/example_dags/example_python_decorator.py took 0.136 seconds
[2026-06-18T17:45:22.032+0000] {processor.py:161} INFO - Started process (PID=7259) to work on /home/airflow/.local/lib/python3.8/site-packages/airflow/example_dags/example_python_decorator.py
[2026-06-18T17:45:22.035+0000] {processor.py:830} INFO - Processing file /home/airflow/.local/lib/python3.8/site-packages/airflow/example_dags/example_python_decorator.py for tasks to queue
[2026-06-18T17:45:22.038+0000] {logging_mixin.py:188} INFO - [2026-06-18T17:45:22.038+0000] {dagbag.py:538} INFO - Filling up the DagBag from /home/airflow/.local/lib/python3.8/site-packages/airflow/example_dags/example_python_decorator.py
[2026-06-18T17:45:22.060+0000] {processor.py:840} INFO - DAG(s) 'example_python_decorator' retrieved from /home/airflow/.local/lib/python3.8/site-packages/airflow/example_dags/example_python_decorator.py
[2026-06-18T17:45:22.111+0000] {logging_mixin.py:188} INFO - [2026-06-18T17:45:22.111+0000] {dag.py:3036} INFO - Sync 1 DAGs
[2026-06-18T17:45:22.137+0000] {logging_mixin.py:188} INFO - [2026-06-18T17:45:22.136+0000] {dag.py:3823} INFO - Setting next_dagrun for example_python_decorator to None, run_after=None
[2026-06-18T17:45:22.175+0000] {processor.py:183} INFO - Processing /home/airflow/.local/lib/python3.8/site-packages/airflow/example_dags/example_python_decorator.py took 0.148 seconds
[2026-06-18T17:45:52.249+0000] {processor.py:161} INFO - Started process (PID=7325) to work on /home/airflow/.local/lib/python3.8/site-packages/airflow/example_dags/example_python_decorator.py
[2026-06-18T17:45:52.250+0000] {processor.py:830} INFO - Processing file /home/airflow/.local/lib/python3.8/site-packages/airflow/example_dags/example_python_decorator.py for tasks to queue
[2026-06-18T17:45:52.253+0000] {logging_mixin.py:188} INFO - [2026-06-18T17:45:52.252+0000] {dagbag.py:538} INFO - Filling up the DagBag from /home/airflow/.local/lib/python3.8/site-packages/airflow/example_dags/example_python_decorator.py
[2026-06-18T17:45:52.281+0000] {processor.py:840} INFO - DAG(s) 'example_python_decorator' retrieved from /home/airflow/.local/lib/python3.8/site-packages/airflow/example_dags/example_python_decorator.py
[2026-06-18T17:45:52.332+0000] {logging_mixin.py:188} INFO - [2026-06-18T17:45:52.332+0000] {dag.py:3036} INFO - Sync 1 DAGs
[2026-06-18T17:45:52.359+0000] {logging_mixin.py:188} INFO - [2026-06-18T17:45:52.359+0000] {dag.py:3823} INFO - Setting next_dagrun for example_python_decorator to None, run_after=None
[2026-06-18T17:45:52.396+0000] {processor.py:183} INFO - Processing /home/airflow/.local/lib/python3.8/site-packages/airflow/example_dags/example_python_decorator.py took 0.156 seconds
[2026-06-18T17:46:23.029+0000] {processor.py:161} INFO - Started process (PID=7399) to work on /home/airflow/.local/lib/python3.8/site-packages/airflow/example_dags/example_python_decorator.py
[2026-06-18T17:46:23.035+0000] {processor.py:830} INFO - Processing file /home/airflow/.local/lib/python3.8/site-packages/airflow/example_dags/example_python_decorator.py for tasks to queue
[2026-06-18T17:46:23.038+0000] {logging_mixin.py:188} INFO - [2026-06-18T17:46:23.037+0000] {dagbag.py:538} INFO - Filling up the DagBag from /home/airflow/.local/lib/python3.8/site-packages/airflow/example_dags/example_python_decorator.py
[2026-06-18T17:46:23.066+0000] {processor.py:840} INFO - DAG(s) 'example_python_decorator' retrieved from /home/airflow/.local/lib/python3.8/site-packages/airflow/example_dags/example_python_decorator.py
[2026-06-18T17:46:23.113+0000] {logging_mixin.py:188} INFO - [2026-06-18T17:46:23.112+0000] {dag.py:3036} INFO - Sync 1 DAGs
[2026-06-18T17:46:23.141+0000] {logging_mixin.py:188} INFO - [2026-06-18T17:46:23.140+0000] {dag.py:3823} INFO - Setting next_dagrun for example_python_decorator to None, run_after=None
[2026-06-18T17:46:23.176+0000] {processor.py:183} INFO - Processing /home/airflow/.local/lib/python3.8/site-packages/airflow/example_dags/example_python_decorator.py took 0.152 seconds
[2026-06-18T17:46:53.468+0000] {processor.py:161} INFO - Started process (PID=7465) to work on /home/airflow/.local/lib/python3.8/site-packages/airflow/example_dags/example_python_decorator.py
[2026-06-18T17:46:53.471+0000] {processor.py:830} INFO - Processing file /home/airflow/.local/lib/python3.8/site-packages/airflow/example_dags/example_python_decorator.py for tasks to queue
[2026-06-18T17:46:53.475+0000] {logging_mixin.py:188} INFO - [2026-06-18T17:46:53.475+0000] {dagbag.py:538} INFO - Filling up the DagBag from /home/airflow/.local/lib/python3.8/site-packages/airflow/example_dags/example_python_decorator.py
[2026-06-18T17:46:53.502+0000] {processor.py:840} INFO - DAG(s) 'example_python_decorator' retrieved from /home/airflow/.local/lib/python3.8/site-packages/airflow/example_dags/example_python_decorator.py
[2026-06-18T17:46:53.548+0000] {logging_mixin.py:188} INFO - [2026-06-18T17:46:53.548+0000] {dag.py:3036} INFO - Sync 1 DAGs
[2026-06-18T17:46:53.573+0000] {logging_mixin.py:188} INFO - [2026-06-18T17:46:53.573+0000] {dag.py:3823} INFO - Setting next_dagrun for example_python_decorator to None, run_after=None
[2026-06-18T17:46:53.606+0000] {processor.py:183} INFO - Processing /home/airflow/.local/lib/python3.8/site-packages/airflow/example_dags/example_python_decorator.py took 0.146 seconds
[2026-06-18T17:47:24.229+0000] {processor.py:161} INFO - Started process (PID=7532) to work on /home/airflow/.local/lib/python3.8/site-packages/airflow/example_dags/example_python_decorator.py
[2026-06-18T17:47:24.231+0000] {processor.py:830} INFO - Processing file /home/airflow/.local/lib/python3.8/site-packages/airflow/example_dags/example_python_decorator.py for tasks to queue
[2026-06-18T17:47:24.235+0000] {logging_mixin.py:188} INFO - [2026-06-18T17:47:24.234+0000] {dagbag.py:538} INFO - Filling up the DagBag from /home/airflow/.local/lib/python3.8/site-packages/airflow/example_dags/example_python_decorator.py
[2026-06-18T17:47:24.263+0000] {processor.py:840} INFO - DAG(s) 'example_python_decorator' retrieved from /home/airflow/.local/lib/python3.8/site-packages/airflow/example_dags/example_python_decorator.py
[2026-06-18T17:47:24.311+0000] {logging_mixin.py:188} INFO - [2026-06-18T17:47:24.310+0000] {dag.py:3036} INFO - Sync 1 DAGs
[2026-06-18T17:47:24.340+0000] {logging_mixin.py:188} INFO - [2026-06-18T17:47:24.339+0000] {dag.py:3823} INFO - Setting next_dagrun for example_python_decorator to None, run_after=None
[2026-06-18T17:47:24.377+0000] {processor.py:183} INFO - Processing /home/airflow/.local/lib/python3.8/site-packages/airflow/example_dags/example_python_decorator.py took 0.155 seconds
[2026-06-18T17:47:54.731+0000] {processor.py:161} INFO - Started process (PID=7599) to work on /home/airflow/.local/lib/python3.8/site-packages/airflow/example_dags/example_python_decorator.py
[2026-06-18T17:47:54.732+0000] {processor.py:830} INFO - Processing file /home/airflow/.local/lib/python3.8/site-packages/airflow/example_dags/example_python_decorator.py for tasks to queue
[2026-06-18T17:47:54.736+0000] {logging_mixin.py:188} INFO - [2026-06-18T17:47:54.735+0000] {dagbag.py:538} INFO - Filling up the DagBag from /home/airflow/.local/lib/python3.8/site-packages/airflow/example_dags/example_python_decorator.py
[2026-06-18T17:47:54.763+0000] {processor.py:840} INFO - DAG(s) 'example_python_decorator' retrieved from /home/airflow/.local/lib/python3.8/site-packages/airflow/example_dags/example_python_decorator.py
[2026-06-18T17:47:54.812+0000] {logging_mixin.py:188} INFO - [2026-06-18T17:47:54.812+0000] {dag.py:3036} INFO - Sync 1 DAGs
[2026-06-18T17:47:54.837+0000] {logging_mixin.py:188} INFO - [2026-06-18T17:47:54.837+0000] {dag.py:3823} INFO - Setting next_dagrun for example_python_decorator to None, run_after=None
[2026-06-18T17:47:54.877+0000] {processor.py:183} INFO - Processing /home/airflow/.local/lib/python3.8/site-packages/airflow/example_dags/example_python_decorator.py took 0.152 seconds
[2026-06-18T17:48:25.499+0000] {processor.py:161} INFO - Started process (PID=7664) to work on /home/airflow/.local/lib/python3.8/site-packages/airflow/example_dags/example_python_decorator.py
[2026-06-18T17:48:25.501+0000] {processor.py:830} INFO - Processing file /home/airflow/.local/lib/python3.8/site-packages/airflow/example_dags/example_python_decorator.py for tasks to queue
[2026-06-18T17:48:25.504+0000] {logging_mixin.py:188} INFO - [2026-06-18T17:48:25.504+0000] {dagbag.py:538} INFO - Filling up the DagBag from /home/airflow/.local/lib/python3.8/site-packages/airflow/example_dags/example_python_decorator.py
[2026-06-18T17:48:25.528+0000] {processor.py:840} INFO - DAG(s) 'example_python_decorator' retrieved from /home/airflow/.local/lib/python3.8/site-packages/airflow/example_dags/example_python_decorator.py
[2026-06-18T17:48:25.575+0000] {logging_mixin.py:188} INFO - [2026-06-18T17:48:25.575+0000] {dag.py:3036} INFO - Sync 1 DAGs
[2026-06-18T17:48:25.601+0000] {logging_mixin.py:188} INFO - [2026-06-18T17:48:25.600+0000] {dag.py:3823} INFO - Setting next_dagrun for example_python_decorator to None, run_after=None
[2026-06-18T17:48:25.639+0000] {processor.py:183} INFO - Processing /home/airflow/.local/lib/python3.8/site-packages/airflow/example_dags/example_python_decorator.py took 0.145 seconds
[2026-06-18T17:48:56.134+0000] {processor.py:161} INFO - Started process (PID=7731) to work on /home/airflow/.local/lib/python3.8/site-packages/airflow/example_dags/example_python_decorator.py
[2026-06-18T17:48:56.136+0000] {processor.py:830} INFO - Processing file /home/airflow/.local/lib/python3.8/site-packages/airflow/example_dags/example_python_decorator.py for tasks to queue
[2026-06-18T17:48:56.143+0000] {logging_mixin.py:188} INFO - [2026-06-18T17:48:56.142+0000] {dagbag.py:538} INFO - Filling up the DagBag from /home/airflow/.local/lib/python3.8/site-packages/airflow/example_dags/example_python_decorator.py
[2026-06-18T17:48:56.168+0000] {processor.py:840} INFO - DAG(s) 'example_python_decorator' retrieved from /home/airflow/.local/lib/python3.8/site-packages/airflow/example_dags/example_python_decorator.py
[2026-06-18T17:48:56.209+0000] {logging_mixin.py:188} INFO - [2026-06-18T17:48:56.208+0000] {dag.py:3036} INFO - Sync 1 DAGs
[2026-06-18T17:48:56.229+0000] {logging_mixin.py:188} INFO - [2026-06-18T17:48:56.229+0000] {dag.py:3823} INFO - Setting next_dagrun for example_python_decorator to None, run_after=None
[2026-06-18T17:48:56.262+0000] {processor.py:183} INFO - Processing /home/airflow/.local/lib/python3.8/site-packages/airflow/example_dags/example_python_decorator.py took 0.134 seconds
[2026-06-18T17:49:26.409+0000] {processor.py:161} INFO - Started process (PID=7796) to work on /home/airflow/.local/lib/python3.8/site-packages/airflow/example_dags/example_python_decorator.py
[2026-06-18T17:49:26.411+0000] {processor.py:830} INFO - Processing file /home/airflow/.local/lib/python3.8/site-packages/airflow/example_dags/example_python_decorator.py for tasks to queue
[2026-06-18T17:49:26.414+0000] {logging_mixin.py:188} INFO - [2026-06-18T17:49:26.413+0000] {dagbag.py:538} INFO - Filling up the DagBag from /home/airflow/.local/lib/python3.8/site-packages/airflow/example_dags/example_python_decorator.py
[2026-06-18T17:49:26.442+0000] {processor.py:840} INFO - DAG(s) 'example_python_decorator' retrieved from /home/airflow/.local/lib/python3.8/site-packages/airflow/example_dags/example_python_decorator.py
[2026-06-18T17:49:26.486+0000] {logging_mixin.py:188} INFO - [2026-06-18T17:49:26.485+0000] {dag.py:3036} INFO - Sync 1 DAGs
[2026-06-18T17:49:26.509+0000] {logging_mixin.py:188} INFO - [2026-06-18T17:49:26.509+0000] {dag.py:3823} INFO - Setting next_dagrun for example_python_decorator to None, run_after=None
[2026-06-18T17:49:26.542+0000] {processor.py:183} INFO - Processing /home/airflow/.local/lib/python3.8/site-packages/airflow/example_dags/example_python_decorator.py took 0.139 seconds
