[2026-06-18T16:50:17.497+0000] {processor.py:161} INFO - Started process (PID=75) to work on /home/airflow/.local/lib/python3.8/site-packages/airflow/example_dags/example_dag_decorator.py
[2026-06-18T16:50:17.498+0000] {processor.py:830} INFO - Processing file /home/airflow/.local/lib/python3.8/site-packages/airflow/example_dags/example_dag_decorator.py for tasks to queue
[2026-06-18T16:50:17.502+0000] {logging_mixin.py:188} INFO - [2026-06-18T16:50:17.501+0000] {dagbag.py:538} INFO - Filling up the DagBag from /home/airflow/.local/lib/python3.8/site-packages/airflow/example_dags/example_dag_decorator.py
[2026-06-18T16:50:17.786+0000] {processor.py:840} INFO - DAG(s) 'example_dag_decorator' retrieved from /home/airflow/.local/lib/python3.8/site-packages/airflow/example_dags/example_dag_decorator.py
[2026-06-18T16:50:17.994+0000] {logging_mixin.py:188} INFO - [2026-06-18T16:50:17.993+0000] {dag.py:3036} INFO - Sync 1 DAGs
[2026-06-18T16:50:18.017+0000] {logging_mixin.py:188} INFO - [2026-06-18T16:50:18.016+0000] {dag.py:3823} INFO - Setting next_dagrun for example_dag_decorator to None, run_after=None
[2026-06-18T16:50:18.055+0000] {processor.py:183} INFO - Processing /home/airflow/.local/lib/python3.8/site-packages/airflow/example_dags/example_dag_decorator.py took 0.565 seconds
[2026-06-18T16:50:48.215+0000] {processor.py:161} INFO - Started process (PID=143) to work on /home/airflow/.local/lib/python3.8/site-packages/airflow/example_dags/example_dag_decorator.py
[2026-06-18T16:50:48.217+0000] {processor.py:830} INFO - Processing file /home/airflow/.local/lib/python3.8/site-packages/airflow/example_dags/example_dag_decorator.py for tasks to queue
[2026-06-18T16:50:48.219+0000] {logging_mixin.py:188} INFO - [2026-06-18T16:50:48.219+0000] {dagbag.py:538} INFO - Filling up the DagBag from /home/airflow/.local/lib/python3.8/site-packages/airflow/example_dags/example_dag_decorator.py
[2026-06-18T16:50:48.377+0000] {processor.py:840} INFO - DAG(s) 'example_dag_decorator' retrieved from /home/airflow/.local/lib/python3.8/site-packages/airflow/example_dags/example_dag_decorator.py
[2026-06-18T16:50:48.549+0000] {logging_mixin.py:188} INFO - [2026-06-18T16:50:48.549+0000] {dag.py:3036} INFO - Sync 1 DAGs
[2026-06-18T16:50:48.565+0000] {logging_mixin.py:188} INFO - [2026-06-18T16:50:48.565+0000] {dag.py:3823} INFO - Setting next_dagrun for example_dag_decorator to None, run_after=None
[2026-06-18T16:50:48.593+0000] {processor.py:183} INFO - Processing /home/airflow/.local/lib/python3.8/site-packages/airflow/example_dags/example_dag_decorator.py took 0.383 seconds
[2026-06-18T16:51:19.014+0000] {processor.py:161} INFO - Started process (PID=212) to work on /home/airflow/.local/lib/python3.8/site-packages/airflow/example_dags/example_dag_decorator.py
[2026-06-18T16:51:19.016+0000] {processor.py:830} INFO - Processing file /home/airflow/.local/lib/python3.8/site-packages/airflow/example_dags/example_dag_decorator.py for tasks to queue
[2026-06-18T16:51:19.019+0000] {logging_mixin.py:188} INFO - [2026-06-18T16:51:19.018+0000] {dagbag.py:538} INFO - Filling up the DagBag from /home/airflow/.local/lib/python3.8/site-packages/airflow/example_dags/example_dag_decorator.py
[2026-06-18T16:51:19.207+0000] {processor.py:840} INFO - DAG(s) 'example_dag_decorator' retrieved from /home/airflow/.local/lib/python3.8/site-packages/airflow/example_dags/example_dag_decorator.py
[2026-06-18T16:51:19.418+0000] {logging_mixin.py:188} INFO - [2026-06-18T16:51:19.417+0000] {dag.py:3036} INFO - Sync 1 DAGs
[2026-06-18T16:51:19.439+0000] {logging_mixin.py:188} INFO - [2026-06-18T16:51:19.439+0000] {dag.py:3823} INFO - Setting next_dagrun for example_dag_decorator to None, run_after=None
[2026-06-18T16:51:19.473+0000] {processor.py:183} INFO - Processing /home/airflow/.local/lib/python3.8/site-packages/airflow/example_dags/example_dag_decorator.py took 0.465 seconds
[2026-06-18T16:51:49.597+0000] {processor.py:161} INFO - Started process (PID=280) to work on /home/airflow/.local/lib/python3.8/site-packages/airflow/example_dags/example_dag_decorator.py
[2026-06-18T16:51:49.599+0000] {processor.py:830} INFO - Processing file /home/airflow/.local/lib/python3.8/site-packages/airflow/example_dags/example_dag_decorator.py for tasks to queue
[2026-06-18T16:51:49.601+0000] {logging_mixin.py:188} INFO - [2026-06-18T16:51:49.601+0000] {dagbag.py:538} INFO - Filling up the DagBag from /home/airflow/.local/lib/python3.8/site-packages/airflow/example_dags/example_dag_decorator.py
[2026-06-18T16:51:49.762+0000] {processor.py:840} INFO - DAG(s) 'example_dag_decorator' retrieved from /home/airflow/.local/lib/python3.8/site-packages/airflow/example_dags/example_dag_decorator.py
[2026-06-18T16:51:49.959+0000] {logging_mixin.py:188} INFO - [2026-06-18T16:51:49.959+0000] {dag.py:3036} INFO - Sync 1 DAGs
[2026-06-18T16:51:49.979+0000] {logging_mixin.py:188} INFO - [2026-06-18T16:51:49.978+0000] {dag.py:3823} INFO - Setting next_dagrun for example_dag_decorator to None, run_after=None
[2026-06-18T16:51:50.011+0000] {processor.py:183} INFO - Processing /home/airflow/.local/lib/python3.8/site-packages/airflow/example_dags/example_dag_decorator.py took 0.418 seconds
[2026-06-18T16:52:20.693+0000] {processor.py:161} INFO - Started process (PID=347) to work on /home/airflow/.local/lib/python3.8/site-packages/airflow/example_dags/example_dag_decorator.py
[2026-06-18T16:52:20.696+0000] {processor.py:830} INFO - Processing file /home/airflow/.local/lib/python3.8/site-packages/airflow/example_dags/example_dag_decorator.py for tasks to queue
[2026-06-18T16:52:20.699+0000] {logging_mixin.py:188} INFO - [2026-06-18T16:52:20.698+0000] {dagbag.py:538} INFO - Filling up the DagBag from /home/airflow/.local/lib/python3.8/site-packages/airflow/example_dags/example_dag_decorator.py
[2026-06-18T16:52:20.854+0000] {processor.py:840} INFO - DAG(s) 'example_dag_decorator' retrieved from /home/airflow/.local/lib/python3.8/site-packages/airflow/example_dags/example_dag_decorator.py
[2026-06-18T16:52:21.057+0000] {logging_mixin.py:188} INFO - [2026-06-18T16:52:21.057+0000] {dag.py:3036} INFO - Sync 1 DAGs
[2026-06-18T16:52:21.074+0000] {logging_mixin.py:188} INFO - [2026-06-18T16:52:21.074+0000] {dag.py:3823} INFO - Setting next_dagrun for example_dag_decorator to None, run_after=None
[2026-06-18T16:52:21.106+0000] {processor.py:183} INFO - Processing /home/airflow/.local/lib/python3.8/site-packages/airflow/example_dags/example_dag_decorator.py took 0.418 seconds
[2026-06-18T16:52:51.347+0000] {processor.py:161} INFO - Started process (PID=417) to work on /home/airflow/.local/lib/python3.8/site-packages/airflow/example_dags/example_dag_decorator.py
[2026-06-18T16:52:51.349+0000] {processor.py:830} INFO - Processing file /home/airflow/.local/lib/python3.8/site-packages/airflow/example_dags/example_dag_decorator.py for tasks to queue
[2026-06-18T16:52:51.351+0000] {logging_mixin.py:188} INFO - [2026-06-18T16:52:51.351+0000] {dagbag.py:538} INFO - Filling up the DagBag from /home/airflow/.local/lib/python3.8/site-packages/airflow/example_dags/example_dag_decorator.py
[2026-06-18T16:52:51.523+0000] {processor.py:840} INFO - DAG(s) 'example_dag_decorator' retrieved from /home/airflow/.local/lib/python3.8/site-packages/airflow/example_dags/example_dag_decorator.py
[2026-06-18T16:52:51.802+0000] {logging_mixin.py:188} INFO - [2026-06-18T16:52:51.802+0000] {dag.py:3036} INFO - Sync 1 DAGs
[2026-06-18T16:52:51.824+0000] {logging_mixin.py:188} INFO - [2026-06-18T16:52:51.824+0000] {dag.py:3823} INFO - Setting next_dagrun for example_dag_decorator to None, run_after=None
[2026-06-18T16:52:51.860+0000] {processor.py:183} INFO - Processing /home/airflow/.local/lib/python3.8/site-packages/airflow/example_dags/example_dag_decorator.py took 0.518 seconds
[2026-06-18T16:53:22.439+0000] {processor.py:161} INFO - Started process (PID=483) to work on /home/airflow/.local/lib/python3.8/site-packages/airflow/example_dags/example_dag_decorator.py
[2026-06-18T16:53:22.441+0000] {processor.py:830} INFO - Processing file /home/airflow/.local/lib/python3.8/site-packages/airflow/example_dags/example_dag_decorator.py for tasks to queue
[2026-06-18T16:53:22.444+0000] {logging_mixin.py:188} INFO - [2026-06-18T16:53:22.443+0000] {dagbag.py:538} INFO - Filling up the DagBag from /home/airflow/.local/lib/python3.8/site-packages/airflow/example_dags/example_dag_decorator.py
[2026-06-18T16:53:22.645+0000] {processor.py:840} INFO - DAG(s) 'example_dag_decorator' retrieved from /home/airflow/.local/lib/python3.8/site-packages/airflow/example_dags/example_dag_decorator.py
[2026-06-18T16:53:22.856+0000] {logging_mixin.py:188} INFO - [2026-06-18T16:53:22.856+0000] {dag.py:3036} INFO - Sync 1 DAGs
[2026-06-18T16:53:22.877+0000] {logging_mixin.py:188} INFO - [2026-06-18T16:53:22.877+0000] {dag.py:3823} INFO - Setting next_dagrun for example_dag_decorator to None, run_after=None
[2026-06-18T16:53:22.911+0000] {processor.py:183} INFO - Processing /home/airflow/.local/lib/python3.8/site-packages/airflow/example_dags/example_dag_decorator.py took 0.477 seconds
[2026-06-18T16:53:53.136+0000] {processor.py:161} INFO - Started process (PID=550) to work on /home/airflow/.local/lib/python3.8/site-packages/airflow/example_dags/example_dag_decorator.py
[2026-06-18T16:53:53.138+0000] {processor.py:830} INFO - Processing file /home/airflow/.local/lib/python3.8/site-packages/airflow/example_dags/example_dag_decorator.py for tasks to queue
[2026-06-18T16:53:53.141+0000] {logging_mixin.py:188} INFO - [2026-06-18T16:53:53.141+0000] {dagbag.py:538} INFO - Filling up the DagBag from /home/airflow/.local/lib/python3.8/site-packages/airflow/example_dags/example_dag_decorator.py
[2026-06-18T16:53:53.440+0000] {processor.py:840} INFO - DAG(s) 'example_dag_decorator' retrieved from /home/airflow/.local/lib/python3.8/site-packages/airflow/example_dags/example_dag_decorator.py
[2026-06-18T16:53:53.524+0000] {logging_mixin.py:188} INFO - [2026-06-18T16:53:53.524+0000] {dag.py:3036} INFO - Sync 1 DAGs
[2026-06-18T16:53:53.552+0000] {logging_mixin.py:188} INFO - [2026-06-18T16:53:53.551+0000] {dag.py:3823} INFO - Setting next_dagrun for example_dag_decorator to None, run_after=None
[2026-06-18T16:53:53.590+0000] {processor.py:183} INFO - Processing /home/airflow/.local/lib/python3.8/site-packages/airflow/example_dags/example_dag_decorator.py took 0.459 seconds
[2026-06-18T16:54:23.672+0000] {processor.py:161} INFO - Started process (PID=626) to work on /home/airflow/.local/lib/python3.8/site-packages/airflow/example_dags/example_dag_decorator.py
[2026-06-18T16:54:23.674+0000] {processor.py:830} INFO - Processing file /home/airflow/.local/lib/python3.8/site-packages/airflow/example_dags/example_dag_decorator.py for tasks to queue
[2026-06-18T16:54:23.676+0000] {logging_mixin.py:188} INFO - [2026-06-18T16:54:23.676+0000] {dagbag.py:538} INFO - Filling up the DagBag from /home/airflow/.local/lib/python3.8/site-packages/airflow/example_dags/example_dag_decorator.py
[2026-06-18T16:54:23.871+0000] {processor.py:840} INFO - DAG(s) 'example_dag_decorator' retrieved from /home/airflow/.local/lib/python3.8/site-packages/airflow/example_dags/example_dag_decorator.py
[2026-06-18T16:54:24.075+0000] {logging_mixin.py:188} INFO - [2026-06-18T16:54:24.075+0000] {dag.py:3036} INFO - Sync 1 DAGs
[2026-06-18T16:54:24.094+0000] {logging_mixin.py:188} INFO - [2026-06-18T16:54:24.093+0000] {dag.py:3823} INFO - Setting next_dagrun for example_dag_decorator to None, run_after=None
[2026-06-18T16:54:24.127+0000] {processor.py:183} INFO - Processing /home/airflow/.local/lib/python3.8/site-packages/airflow/example_dags/example_dag_decorator.py took 0.461 seconds
[2026-06-18T16:54:54.380+0000] {processor.py:161} INFO - Started process (PID=695) to work on /home/airflow/.local/lib/python3.8/site-packages/airflow/example_dags/example_dag_decorator.py
[2026-06-18T16:54:54.382+0000] {processor.py:830} INFO - Processing file /home/airflow/.local/lib/python3.8/site-packages/airflow/example_dags/example_dag_decorator.py for tasks to queue
[2026-06-18T16:54:54.384+0000] {logging_mixin.py:188} INFO - [2026-06-18T16:54:54.384+0000] {dagbag.py:538} INFO - Filling up the DagBag from /home/airflow/.local/lib/python3.8/site-packages/airflow/example_dags/example_dag_decorator.py
[2026-06-18T16:54:54.553+0000] {processor.py:840} INFO - DAG(s) 'example_dag_decorator' retrieved from /home/airflow/.local/lib/python3.8/site-packages/airflow/example_dags/example_dag_decorator.py
[2026-06-18T16:54:54.737+0000] {logging_mixin.py:188} INFO - [2026-06-18T16:54:54.736+0000] {dag.py:3036} INFO - Sync 1 DAGs
[2026-06-18T16:54:54.756+0000] {logging_mixin.py:188} INFO - [2026-06-18T16:54:54.756+0000] {dag.py:3823} INFO - Setting next_dagrun for example_dag_decorator to None, run_after=None
[2026-06-18T16:54:54.788+0000] {processor.py:183} INFO - Processing /home/airflow/.local/lib/python3.8/site-packages/airflow/example_dags/example_dag_decorator.py took 0.413 seconds
[2026-06-18T16:55:24.859+0000] {processor.py:161} INFO - Started process (PID=764) to work on /home/airflow/.local/lib/python3.8/site-packages/airflow/example_dags/example_dag_decorator.py
[2026-06-18T16:55:24.862+0000] {processor.py:830} INFO - Processing file /home/airflow/.local/lib/python3.8/site-packages/airflow/example_dags/example_dag_decorator.py for tasks to queue
[2026-06-18T16:55:24.864+0000] {logging_mixin.py:188} INFO - [2026-06-18T16:55:24.864+0000] {dagbag.py:538} INFO - Filling up the DagBag from /home/airflow/.local/lib/python3.8/site-packages/airflow/example_dags/example_dag_decorator.py
[2026-06-18T16:55:25.022+0000] {processor.py:840} INFO - DAG(s) 'example_dag_decorator' retrieved from /home/airflow/.local/lib/python3.8/site-packages/airflow/example_dags/example_dag_decorator.py
[2026-06-18T16:55:25.203+0000] {logging_mixin.py:188} INFO - [2026-06-18T16:55:25.202+0000] {dag.py:3036} INFO - Sync 1 DAGs
[2026-06-18T16:55:25.222+0000] {logging_mixin.py:188} INFO - [2026-06-18T16:55:25.222+0000] {dag.py:3823} INFO - Setting next_dagrun for example_dag_decorator to None, run_after=None
[2026-06-18T16:55:25.253+0000] {processor.py:183} INFO - Processing /home/airflow/.local/lib/python3.8/site-packages/airflow/example_dags/example_dag_decorator.py took 0.399 seconds
[2026-06-18T16:55:55.802+0000] {processor.py:161} INFO - Started process (PID=831) to work on /home/airflow/.local/lib/python3.8/site-packages/airflow/example_dags/example_dag_decorator.py
[2026-06-18T16:55:55.804+0000] {processor.py:830} INFO - Processing file /home/airflow/.local/lib/python3.8/site-packages/airflow/example_dags/example_dag_decorator.py for tasks to queue
[2026-06-18T16:55:55.806+0000] {logging_mixin.py:188} INFO - [2026-06-18T16:55:55.806+0000] {dagbag.py:538} INFO - Filling up the DagBag from /home/airflow/.local/lib/python3.8/site-packages/airflow/example_dags/example_dag_decorator.py
[2026-06-18T16:55:55.951+0000] {processor.py:840} INFO - DAG(s) 'example_dag_decorator' retrieved from /home/airflow/.local/lib/python3.8/site-packages/airflow/example_dags/example_dag_decorator.py
[2026-06-18T16:55:56.128+0000] {logging_mixin.py:188} INFO - [2026-06-18T16:55:56.128+0000] {dag.py:3036} INFO - Sync 1 DAGs
[2026-06-18T16:55:56.145+0000] {logging_mixin.py:188} INFO - [2026-06-18T16:55:56.144+0000] {dag.py:3823} INFO - Setting next_dagrun for example_dag_decorator to None, run_after=None
[2026-06-18T16:55:56.175+0000] {processor.py:183} INFO - Processing /home/airflow/.local/lib/python3.8/site-packages/airflow/example_dags/example_dag_decorator.py took 0.378 seconds
[2026-06-18T16:56:26.660+0000] {processor.py:161} INFO - Started process (PID=897) to work on /home/airflow/.local/lib/python3.8/site-packages/airflow/example_dags/example_dag_decorator.py
[2026-06-18T16:56:26.662+0000] {processor.py:830} INFO - Processing file /home/airflow/.local/lib/python3.8/site-packages/airflow/example_dags/example_dag_decorator.py for tasks to queue
[2026-06-18T16:56:26.665+0000] {logging_mixin.py:188} INFO - [2026-06-18T16:56:26.664+0000] {dagbag.py:538} INFO - Filling up the DagBag from /home/airflow/.local/lib/python3.8/site-packages/airflow/example_dags/example_dag_decorator.py
[2026-06-18T16:56:26.863+0000] {processor.py:840} INFO - DAG(s) 'example_dag_decorator' retrieved from /home/airflow/.local/lib/python3.8/site-packages/airflow/example_dags/example_dag_decorator.py
[2026-06-18T16:56:27.057+0000] {logging_mixin.py:188} INFO - [2026-06-18T16:56:27.056+0000] {dag.py:3036} INFO - Sync 1 DAGs
[2026-06-18T16:56:27.075+0000] {logging_mixin.py:188} INFO - [2026-06-18T16:56:27.074+0000] {dag.py:3823} INFO - Setting next_dagrun for example_dag_decorator to None, run_after=None
[2026-06-18T16:56:27.104+0000] {processor.py:183} INFO - Processing /home/airflow/.local/lib/python3.8/site-packages/airflow/example_dags/example_dag_decorator.py took 0.450 seconds
[2026-06-18T16:56:57.400+0000] {processor.py:161} INFO - Started process (PID=963) to work on /home/airflow/.local/lib/python3.8/site-packages/airflow/example_dags/example_dag_decorator.py
[2026-06-18T16:56:57.403+0000] {processor.py:830} INFO - Processing file /home/airflow/.local/lib/python3.8/site-packages/airflow/example_dags/example_dag_decorator.py for tasks to queue
[2026-06-18T16:56:57.406+0000] {logging_mixin.py:188} INFO - [2026-06-18T16:56:57.405+0000] {dagbag.py:538} INFO - Filling up the DagBag from /home/airflow/.local/lib/python3.8/site-packages/airflow/example_dags/example_dag_decorator.py
[2026-06-18T16:56:57.589+0000] {processor.py:840} INFO - DAG(s) 'example_dag_decorator' retrieved from /home/airflow/.local/lib/python3.8/site-packages/airflow/example_dags/example_dag_decorator.py
[2026-06-18T16:56:57.774+0000] {logging_mixin.py:188} INFO - [2026-06-18T16:56:57.773+0000] {dag.py:3036} INFO - Sync 1 DAGs
[2026-06-18T16:56:57.793+0000] {logging_mixin.py:188} INFO - [2026-06-18T16:56:57.792+0000] {dag.py:3823} INFO - Setting next_dagrun for example_dag_decorator to None, run_after=None
[2026-06-18T16:56:57.822+0000] {processor.py:183} INFO - Processing /home/airflow/.local/lib/python3.8/site-packages/airflow/example_dags/example_dag_decorator.py took 0.428 seconds
[2026-06-18T16:57:28.241+0000] {processor.py:161} INFO - Started process (PID=1028) to work on /home/airflow/.local/lib/python3.8/site-packages/airflow/example_dags/example_dag_decorator.py
[2026-06-18T16:57:28.243+0000] {processor.py:830} INFO - Processing file /home/airflow/.local/lib/python3.8/site-packages/airflow/example_dags/example_dag_decorator.py for tasks to queue
[2026-06-18T16:57:28.245+0000] {logging_mixin.py:188} INFO - [2026-06-18T16:57:28.244+0000] {dagbag.py:538} INFO - Filling up the DagBag from /home/airflow/.local/lib/python3.8/site-packages/airflow/example_dags/example_dag_decorator.py
[2026-06-18T16:57:28.406+0000] {processor.py:840} INFO - DAG(s) 'example_dag_decorator' retrieved from /home/airflow/.local/lib/python3.8/site-packages/airflow/example_dags/example_dag_decorator.py
[2026-06-18T16:57:28.584+0000] {logging_mixin.py:188} INFO - [2026-06-18T16:57:28.583+0000] {dag.py:3036} INFO - Sync 1 DAGs
[2026-06-18T16:57:28.602+0000] {logging_mixin.py:188} INFO - [2026-06-18T16:57:28.602+0000] {dag.py:3823} INFO - Setting next_dagrun for example_dag_decorator to None, run_after=None
[2026-06-18T16:57:28.632+0000] {processor.py:183} INFO - Processing /home/airflow/.local/lib/python3.8/site-packages/airflow/example_dags/example_dag_decorator.py took 0.396 seconds
[2026-06-18T16:57:58.963+0000] {processor.py:161} INFO - Started process (PID=1093) to work on /home/airflow/.local/lib/python3.8/site-packages/airflow/example_dags/example_dag_decorator.py
[2026-06-18T16:57:58.965+0000] {processor.py:830} INFO - Processing file /home/airflow/.local/lib/python3.8/site-packages/airflow/example_dags/example_dag_decorator.py for tasks to queue
[2026-06-18T16:57:58.967+0000] {logging_mixin.py:188} INFO - [2026-06-18T16:57:58.967+0000] {dagbag.py:538} INFO - Filling up the DagBag from /home/airflow/.local/lib/python3.8/site-packages/airflow/example_dags/example_dag_decorator.py
[2026-06-18T16:57:59.147+0000] {processor.py:840} INFO - DAG(s) 'example_dag_decorator' retrieved from /home/airflow/.local/lib/python3.8/site-packages/airflow/example_dags/example_dag_decorator.py
[2026-06-18T16:57:59.375+0000] {logging_mixin.py:188} INFO - [2026-06-18T16:57:59.375+0000] {dag.py:3036} INFO - Sync 1 DAGs
[2026-06-18T16:57:59.395+0000] {logging_mixin.py:188} INFO - [2026-06-18T16:57:59.394+0000] {dag.py:3823} INFO - Setting next_dagrun for example_dag_decorator to None, run_after=None
[2026-06-18T16:57:59.434+0000] {processor.py:183} INFO - Processing /home/airflow/.local/lib/python3.8/site-packages/airflow/example_dags/example_dag_decorator.py took 0.476 seconds
[2026-06-18T16:58:29.508+0000] {processor.py:161} INFO - Started process (PID=1158) to work on /home/airflow/.local/lib/python3.8/site-packages/airflow/example_dags/example_dag_decorator.py
[2026-06-18T16:58:29.509+0000] {processor.py:830} INFO - Processing file /home/airflow/.local/lib/python3.8/site-packages/airflow/example_dags/example_dag_decorator.py for tasks to queue
[2026-06-18T16:58:29.512+0000] {logging_mixin.py:188} INFO - [2026-06-18T16:58:29.512+0000] {dagbag.py:538} INFO - Filling up the DagBag from /home/airflow/.local/lib/python3.8/site-packages/airflow/example_dags/example_dag_decorator.py
[2026-06-18T16:58:29.678+0000] {processor.py:840} INFO - DAG(s) 'example_dag_decorator' retrieved from /home/airflow/.local/lib/python3.8/site-packages/airflow/example_dags/example_dag_decorator.py
[2026-06-18T16:58:29.703+0000] {logging_mixin.py:188} INFO - [2026-06-18T16:58:29.702+0000] {dag.py:3036} INFO - Sync 1 DAGs
[2026-06-18T16:58:29.730+0000] {logging_mixin.py:188} INFO - [2026-06-18T16:58:29.729+0000] {dag.py:3823} INFO - Setting next_dagrun for example_dag_decorator to None, run_after=None
[2026-06-18T16:58:29.760+0000] {processor.py:183} INFO - Processing /home/airflow/.local/lib/python3.8/site-packages/airflow/example_dags/example_dag_decorator.py took 0.259 seconds
[2026-06-18T16:58:59.854+0000] {processor.py:161} INFO - Started process (PID=1224) to work on /home/airflow/.local/lib/python3.8/site-packages/airflow/example_dags/example_dag_decorator.py
[2026-06-18T16:58:59.856+0000] {processor.py:830} INFO - Processing file /home/airflow/.local/lib/python3.8/site-packages/airflow/example_dags/example_dag_decorator.py for tasks to queue
[2026-06-18T16:58:59.859+0000] {logging_mixin.py:188} INFO - [2026-06-18T16:58:59.859+0000] {dagbag.py:538} INFO - Filling up the DagBag from /home/airflow/.local/lib/python3.8/site-packages/airflow/example_dags/example_dag_decorator.py
[2026-06-18T16:59:00.068+0000] {processor.py:840} INFO - DAG(s) 'example_dag_decorator' retrieved from /home/airflow/.local/lib/python3.8/site-packages/airflow/example_dags/example_dag_decorator.py
[2026-06-18T16:59:00.305+0000] {logging_mixin.py:188} INFO - [2026-06-18T16:59:00.305+0000] {dag.py:3036} INFO - Sync 1 DAGs
[2026-06-18T16:59:00.329+0000] {logging_mixin.py:188} INFO - [2026-06-18T16:59:00.328+0000] {dag.py:3823} INFO - Setting next_dagrun for example_dag_decorator to None, run_after=None
[2026-06-18T16:59:00.378+0000] {processor.py:183} INFO - Processing /home/airflow/.local/lib/python3.8/site-packages/airflow/example_dags/example_dag_decorator.py took 0.531 seconds
[2026-06-18T16:59:30.599+0000] {processor.py:161} INFO - Started process (PID=1292) to work on /home/airflow/.local/lib/python3.8/site-packages/airflow/example_dags/example_dag_decorator.py
[2026-06-18T16:59:30.601+0000] {processor.py:830} INFO - Processing file /home/airflow/.local/lib/python3.8/site-packages/airflow/example_dags/example_dag_decorator.py for tasks to queue
[2026-06-18T16:59:30.605+0000] {logging_mixin.py:188} INFO - [2026-06-18T16:59:30.604+0000] {dagbag.py:538} INFO - Filling up the DagBag from /home/airflow/.local/lib/python3.8/site-packages/airflow/example_dags/example_dag_decorator.py
[2026-06-18T16:59:30.826+0000] {processor.py:840} INFO - DAG(s) 'example_dag_decorator' retrieved from /home/airflow/.local/lib/python3.8/site-packages/airflow/example_dags/example_dag_decorator.py
[2026-06-18T16:59:31.136+0000] {logging_mixin.py:188} INFO - [2026-06-18T16:59:31.135+0000] {dag.py:3036} INFO - Sync 1 DAGs
[2026-06-18T16:59:31.156+0000] {logging_mixin.py:188} INFO - [2026-06-18T16:59:31.155+0000] {dag.py:3823} INFO - Setting next_dagrun for example_dag_decorator to None, run_after=None
[2026-06-18T16:59:31.200+0000] {processor.py:183} INFO - Processing /home/airflow/.local/lib/python3.8/site-packages/airflow/example_dags/example_dag_decorator.py took 0.615 seconds
[2026-06-18T17:00:01.723+0000] {processor.py:161} INFO - Started process (PID=1358) to work on /home/airflow/.local/lib/python3.8/site-packages/airflow/example_dags/example_dag_decorator.py
[2026-06-18T17:00:01.725+0000] {processor.py:830} INFO - Processing file /home/airflow/.local/lib/python3.8/site-packages/airflow/example_dags/example_dag_decorator.py for tasks to queue
[2026-06-18T17:00:01.728+0000] {logging_mixin.py:188} INFO - [2026-06-18T17:00:01.728+0000] {dagbag.py:538} INFO - Filling up the DagBag from /home/airflow/.local/lib/python3.8/site-packages/airflow/example_dags/example_dag_decorator.py
[2026-06-18T17:00:01.959+0000] {processor.py:840} INFO - DAG(s) 'example_dag_decorator' retrieved from /home/airflow/.local/lib/python3.8/site-packages/airflow/example_dags/example_dag_decorator.py
[2026-06-18T17:00:01.990+0000] {logging_mixin.py:188} INFO - [2026-06-18T17:00:01.989+0000] {dag.py:3036} INFO - Sync 1 DAGs
[2026-06-18T17:00:02.016+0000] {logging_mixin.py:188} INFO - [2026-06-18T17:00:02.016+0000] {dag.py:3823} INFO - Setting next_dagrun for example_dag_decorator to None, run_after=None
[2026-06-18T17:00:02.051+0000] {processor.py:183} INFO - Processing /home/airflow/.local/lib/python3.8/site-packages/airflow/example_dags/example_dag_decorator.py took 0.334 seconds
[2026-06-18T17:00:33.187+0000] {processor.py:161} INFO - Started process (PID=1424) to work on /home/airflow/.local/lib/python3.8/site-packages/airflow/example_dags/example_dag_decorator.py
[2026-06-18T17:00:33.190+0000] {processor.py:830} INFO - Processing file /home/airflow/.local/lib/python3.8/site-packages/airflow/example_dags/example_dag_decorator.py for tasks to queue
[2026-06-18T17:00:33.193+0000] {logging_mixin.py:188} INFO - [2026-06-18T17:00:33.192+0000] {dagbag.py:538} INFO - Filling up the DagBag from /home/airflow/.local/lib/python3.8/site-packages/airflow/example_dags/example_dag_decorator.py
[2026-06-18T17:00:33.402+0000] {processor.py:840} INFO - DAG(s) 'example_dag_decorator' retrieved from /home/airflow/.local/lib/python3.8/site-packages/airflow/example_dags/example_dag_decorator.py
[2026-06-18T17:00:33.673+0000] {logging_mixin.py:188} INFO - [2026-06-18T17:00:33.673+0000] {dag.py:3036} INFO - Sync 1 DAGs
[2026-06-18T17:00:33.696+0000] {logging_mixin.py:188} INFO - [2026-06-18T17:00:33.696+0000] {dag.py:3823} INFO - Setting next_dagrun for example_dag_decorator to None, run_after=None
[2026-06-18T17:00:33.964+0000] {processor.py:183} INFO - Processing /home/airflow/.local/lib/python3.8/site-packages/airflow/example_dags/example_dag_decorator.py took 0.783 seconds
[2026-06-18T17:01:04.041+0000] {processor.py:161} INFO - Started process (PID=1490) to work on /home/airflow/.local/lib/python3.8/site-packages/airflow/example_dags/example_dag_decorator.py
[2026-06-18T17:01:04.042+0000] {processor.py:830} INFO - Processing file /home/airflow/.local/lib/python3.8/site-packages/airflow/example_dags/example_dag_decorator.py for tasks to queue
[2026-06-18T17:01:04.046+0000] {logging_mixin.py:188} INFO - [2026-06-18T17:01:04.045+0000] {dagbag.py:538} INFO - Filling up the DagBag from /home/airflow/.local/lib/python3.8/site-packages/airflow/example_dags/example_dag_decorator.py
[2026-06-18T17:01:04.284+0000] {processor.py:840} INFO - DAG(s) 'example_dag_decorator' retrieved from /home/airflow/.local/lib/python3.8/site-packages/airflow/example_dags/example_dag_decorator.py
[2026-06-18T17:01:04.522+0000] {logging_mixin.py:188} INFO - [2026-06-18T17:01:04.521+0000] {dag.py:3036} INFO - Sync 1 DAGs
[2026-06-18T17:01:04.544+0000] {logging_mixin.py:188} INFO - [2026-06-18T17:01:04.544+0000] {dag.py:3823} INFO - Setting next_dagrun for example_dag_decorator to None, run_after=None
[2026-06-18T17:01:04.589+0000] {processor.py:183} INFO - Processing /home/airflow/.local/lib/python3.8/site-packages/airflow/example_dags/example_dag_decorator.py took 0.555 seconds
[2026-06-18T17:01:35.386+0000] {processor.py:161} INFO - Started process (PID=1556) to work on /home/airflow/.local/lib/python3.8/site-packages/airflow/example_dags/example_dag_decorator.py
[2026-06-18T17:01:35.389+0000] {processor.py:830} INFO - Processing file /home/airflow/.local/lib/python3.8/site-packages/airflow/example_dags/example_dag_decorator.py for tasks to queue
[2026-06-18T17:01:35.392+0000] {logging_mixin.py:188} INFO - [2026-06-18T17:01:35.392+0000] {dagbag.py:538} INFO - Filling up the DagBag from /home/airflow/.local/lib/python3.8/site-packages/airflow/example_dags/example_dag_decorator.py
[2026-06-18T17:01:35.575+0000] {processor.py:840} INFO - DAG(s) 'example_dag_decorator' retrieved from /home/airflow/.local/lib/python3.8/site-packages/airflow/example_dags/example_dag_decorator.py
[2026-06-18T17:01:35.636+0000] {logging_mixin.py:188} INFO - [2026-06-18T17:01:35.635+0000] {dag.py:3036} INFO - Sync 1 DAGs
[2026-06-18T17:01:35.663+0000] {logging_mixin.py:188} INFO - [2026-06-18T17:01:35.662+0000] {dag.py:3823} INFO - Setting next_dagrun for example_dag_decorator to None, run_after=None
[2026-06-18T17:01:35.701+0000] {processor.py:183} INFO - Processing /home/airflow/.local/lib/python3.8/site-packages/airflow/example_dags/example_dag_decorator.py took 0.320 seconds
[2026-06-18T17:02:05.922+0000] {processor.py:161} INFO - Started process (PID=1622) to work on /home/airflow/.local/lib/python3.8/site-packages/airflow/example_dags/example_dag_decorator.py
[2026-06-18T17:02:05.925+0000] {processor.py:830} INFO - Processing file /home/airflow/.local/lib/python3.8/site-packages/airflow/example_dags/example_dag_decorator.py for tasks to queue
[2026-06-18T17:02:05.928+0000] {logging_mixin.py:188} INFO - [2026-06-18T17:02:05.927+0000] {dagbag.py:538} INFO - Filling up the DagBag from /home/airflow/.local/lib/python3.8/site-packages/airflow/example_dags/example_dag_decorator.py
[2026-06-18T17:02:06.104+0000] {processor.py:840} INFO - DAG(s) 'example_dag_decorator' retrieved from /home/airflow/.local/lib/python3.8/site-packages/airflow/example_dags/example_dag_decorator.py
[2026-06-18T17:02:06.155+0000] {logging_mixin.py:188} INFO - [2026-06-18T17:02:06.154+0000] {dag.py:3036} INFO - Sync 1 DAGs
[2026-06-18T17:02:06.181+0000] {logging_mixin.py:188} INFO - [2026-06-18T17:02:06.180+0000] {dag.py:3823} INFO - Setting next_dagrun for example_dag_decorator to None, run_after=None
[2026-06-18T17:02:06.215+0000] {processor.py:183} INFO - Processing /home/airflow/.local/lib/python3.8/site-packages/airflow/example_dags/example_dag_decorator.py took 0.299 seconds
[2026-06-18T17:02:36.516+0000] {processor.py:161} INFO - Started process (PID=1688) to work on /home/airflow/.local/lib/python3.8/site-packages/airflow/example_dags/example_dag_decorator.py
[2026-06-18T17:02:36.518+0000] {processor.py:830} INFO - Processing file /home/airflow/.local/lib/python3.8/site-packages/airflow/example_dags/example_dag_decorator.py for tasks to queue
[2026-06-18T17:02:36.521+0000] {logging_mixin.py:188} INFO - [2026-06-18T17:02:36.521+0000] {dagbag.py:538} INFO - Filling up the DagBag from /home/airflow/.local/lib/python3.8/site-packages/airflow/example_dags/example_dag_decorator.py
[2026-06-18T17:02:36.677+0000] {processor.py:840} INFO - DAG(s) 'example_dag_decorator' retrieved from /home/airflow/.local/lib/python3.8/site-packages/airflow/example_dags/example_dag_decorator.py
[2026-06-18T17:02:37.076+0000] {logging_mixin.py:188} INFO - [2026-06-18T17:02:37.075+0000] {dag.py:3036} INFO - Sync 1 DAGs
[2026-06-18T17:02:37.094+0000] {logging_mixin.py:188} INFO - [2026-06-18T17:02:37.093+0000] {dag.py:3823} INFO - Setting next_dagrun for example_dag_decorator to None, run_after=None
[2026-06-18T17:02:37.121+0000] {processor.py:183} INFO - Processing /home/airflow/.local/lib/python3.8/site-packages/airflow/example_dags/example_dag_decorator.py took 0.610 seconds
[2026-06-18T17:03:07.454+0000] {processor.py:161} INFO - Started process (PID=1758) to work on /home/airflow/.local/lib/python3.8/site-packages/airflow/example_dags/example_dag_decorator.py
[2026-06-18T17:03:07.456+0000] {processor.py:830} INFO - Processing file /home/airflow/.local/lib/python3.8/site-packages/airflow/example_dags/example_dag_decorator.py for tasks to queue
[2026-06-18T17:03:07.459+0000] {logging_mixin.py:188} INFO - [2026-06-18T17:03:07.458+0000] {dagbag.py:538} INFO - Filling up the DagBag from /home/airflow/.local/lib/python3.8/site-packages/airflow/example_dags/example_dag_decorator.py
[2026-06-18T17:03:07.631+0000] {processor.py:840} INFO - DAG(s) 'example_dag_decorator' retrieved from /home/airflow/.local/lib/python3.8/site-packages/airflow/example_dags/example_dag_decorator.py
[2026-06-18T17:03:08.005+0000] {logging_mixin.py:188} INFO - [2026-06-18T17:03:08.005+0000] {dag.py:3036} INFO - Sync 1 DAGs
[2026-06-18T17:03:08.024+0000] {logging_mixin.py:188} INFO - [2026-06-18T17:03:08.023+0000] {dag.py:3823} INFO - Setting next_dagrun for example_dag_decorator to None, run_after=None
[2026-06-18T17:03:08.055+0000] {processor.py:183} INFO - Processing /home/airflow/.local/lib/python3.8/site-packages/airflow/example_dags/example_dag_decorator.py took 0.606 seconds
[2026-06-18T17:03:38.808+0000] {processor.py:161} INFO - Started process (PID=1824) to work on /home/airflow/.local/lib/python3.8/site-packages/airflow/example_dags/example_dag_decorator.py
[2026-06-18T17:03:38.811+0000] {processor.py:830} INFO - Processing file /home/airflow/.local/lib/python3.8/site-packages/airflow/example_dags/example_dag_decorator.py for tasks to queue
[2026-06-18T17:03:38.816+0000] {logging_mixin.py:188} INFO - [2026-06-18T17:03:38.815+0000] {dagbag.py:538} INFO - Filling up the DagBag from /home/airflow/.local/lib/python3.8/site-packages/airflow/example_dags/example_dag_decorator.py
[2026-06-18T17:03:38.985+0000] {processor.py:840} INFO - DAG(s) 'example_dag_decorator' retrieved from /home/airflow/.local/lib/python3.8/site-packages/airflow/example_dags/example_dag_decorator.py
[2026-06-18T17:03:39.192+0000] {logging_mixin.py:188} INFO - [2026-06-18T17:03:39.192+0000] {dag.py:3036} INFO - Sync 1 DAGs
[2026-06-18T17:03:39.213+0000] {logging_mixin.py:188} INFO - [2026-06-18T17:03:39.213+0000] {dag.py:3823} INFO - Setting next_dagrun for example_dag_decorator to None, run_after=None
[2026-06-18T17:03:39.432+0000] {processor.py:183} INFO - Processing /home/airflow/.local/lib/python3.8/site-packages/airflow/example_dags/example_dag_decorator.py took 0.629 seconds
[2026-06-18T17:04:09.615+0000] {processor.py:161} INFO - Started process (PID=1890) to work on /home/airflow/.local/lib/python3.8/site-packages/airflow/example_dags/example_dag_decorator.py
[2026-06-18T17:04:09.616+0000] {processor.py:830} INFO - Processing file /home/airflow/.local/lib/python3.8/site-packages/airflow/example_dags/example_dag_decorator.py for tasks to queue
[2026-06-18T17:04:09.620+0000] {logging_mixin.py:188} INFO - [2026-06-18T17:04:09.619+0000] {dagbag.py:538} INFO - Filling up the DagBag from /home/airflow/.local/lib/python3.8/site-packages/airflow/example_dags/example_dag_decorator.py
[2026-06-18T17:04:09.778+0000] {processor.py:840} INFO - DAG(s) 'example_dag_decorator' retrieved from /home/airflow/.local/lib/python3.8/site-packages/airflow/example_dags/example_dag_decorator.py
[2026-06-18T17:04:09.829+0000] {logging_mixin.py:188} INFO - [2026-06-18T17:04:09.828+0000] {dag.py:3036} INFO - Sync 1 DAGs
[2026-06-18T17:04:09.849+0000] {logging_mixin.py:188} INFO - [2026-06-18T17:04:09.848+0000] {dag.py:3823} INFO - Setting next_dagrun for example_dag_decorator to None, run_after=None
[2026-06-18T17:04:09.879+0000] {processor.py:183} INFO - Processing /home/airflow/.local/lib/python3.8/site-packages/airflow/example_dags/example_dag_decorator.py took 0.273 seconds
[2026-06-18T17:04:39.934+0000] {processor.py:161} INFO - Started process (PID=1957) to work on /home/airflow/.local/lib/python3.8/site-packages/airflow/example_dags/example_dag_decorator.py
[2026-06-18T17:04:39.936+0000] {processor.py:830} INFO - Processing file /home/airflow/.local/lib/python3.8/site-packages/airflow/example_dags/example_dag_decorator.py for tasks to queue
[2026-06-18T17:04:39.939+0000] {logging_mixin.py:188} INFO - [2026-06-18T17:04:39.939+0000] {dagbag.py:538} INFO - Filling up the DagBag from /home/airflow/.local/lib/python3.8/site-packages/airflow/example_dags/example_dag_decorator.py
[2026-06-18T17:04:40.097+0000] {processor.py:840} INFO - DAG(s) 'example_dag_decorator' retrieved from /home/airflow/.local/lib/python3.8/site-packages/airflow/example_dags/example_dag_decorator.py
[2026-06-18T17:04:40.550+0000] {logging_mixin.py:188} INFO - [2026-06-18T17:04:40.549+0000] {dag.py:3036} INFO - Sync 1 DAGs
[2026-06-18T17:04:40.570+0000] {logging_mixin.py:188} INFO - [2026-06-18T17:04:40.570+0000] {dag.py:3823} INFO - Setting next_dagrun for example_dag_decorator to None, run_after=None
[2026-06-18T17:04:40.605+0000] {processor.py:183} INFO - Processing /home/airflow/.local/lib/python3.8/site-packages/airflow/example_dags/example_dag_decorator.py took 0.676 seconds
[2026-06-18T17:05:11.242+0000] {processor.py:161} INFO - Started process (PID=2022) to work on /home/airflow/.local/lib/python3.8/site-packages/airflow/example_dags/example_dag_decorator.py
[2026-06-18T17:05:11.244+0000] {processor.py:830} INFO - Processing file /home/airflow/.local/lib/python3.8/site-packages/airflow/example_dags/example_dag_decorator.py for tasks to queue
[2026-06-18T17:05:11.247+0000] {logging_mixin.py:188} INFO - [2026-06-18T17:05:11.246+0000] {dagbag.py:538} INFO - Filling up the DagBag from /home/airflow/.local/lib/python3.8/site-packages/airflow/example_dags/example_dag_decorator.py
[2026-06-18T17:05:11.408+0000] {processor.py:840} INFO - DAG(s) 'example_dag_decorator' retrieved from /home/airflow/.local/lib/python3.8/site-packages/airflow/example_dags/example_dag_decorator.py
[2026-06-18T17:05:11.754+0000] {logging_mixin.py:188} INFO - [2026-06-18T17:05:11.753+0000] {dag.py:3036} INFO - Sync 1 DAGs
[2026-06-18T17:05:11.770+0000] {logging_mixin.py:188} INFO - [2026-06-18T17:05:11.770+0000] {dag.py:3823} INFO - Setting next_dagrun for example_dag_decorator to None, run_after=None
[2026-06-18T17:05:11.799+0000] {processor.py:183} INFO - Processing /home/airflow/.local/lib/python3.8/site-packages/airflow/example_dags/example_dag_decorator.py took 0.562 seconds
[2026-06-18T17:05:42.815+0000] {processor.py:161} INFO - Started process (PID=2095) to work on /home/airflow/.local/lib/python3.8/site-packages/airflow/example_dags/example_dag_decorator.py
[2026-06-18T17:05:42.817+0000] {processor.py:830} INFO - Processing file /home/airflow/.local/lib/python3.8/site-packages/airflow/example_dags/example_dag_decorator.py for tasks to queue
[2026-06-18T17:05:42.819+0000] {logging_mixin.py:188} INFO - [2026-06-18T17:05:42.819+0000] {dagbag.py:538} INFO - Filling up the DagBag from /home/airflow/.local/lib/python3.8/site-packages/airflow/example_dags/example_dag_decorator.py
[2026-06-18T17:05:42.993+0000] {processor.py:840} INFO - DAG(s) 'example_dag_decorator' retrieved from /home/airflow/.local/lib/python3.8/site-packages/airflow/example_dags/example_dag_decorator.py
[2026-06-18T17:05:43.370+0000] {logging_mixin.py:188} INFO - [2026-06-18T17:05:43.369+0000] {dag.py:3036} INFO - Sync 1 DAGs
[2026-06-18T17:05:43.386+0000] {logging_mixin.py:188} INFO - [2026-06-18T17:05:43.385+0000] {dag.py:3823} INFO - Setting next_dagrun for example_dag_decorator to None, run_after=None
[2026-06-18T17:05:43.415+0000] {processor.py:183} INFO - Processing /home/airflow/.local/lib/python3.8/site-packages/airflow/example_dags/example_dag_decorator.py took 0.606 seconds
[2026-06-18T17:06:14.029+0000] {processor.py:161} INFO - Started process (PID=2161) to work on /home/airflow/.local/lib/python3.8/site-packages/airflow/example_dags/example_dag_decorator.py
[2026-06-18T17:06:14.031+0000] {processor.py:830} INFO - Processing file /home/airflow/.local/lib/python3.8/site-packages/airflow/example_dags/example_dag_decorator.py for tasks to queue
[2026-06-18T17:06:14.033+0000] {logging_mixin.py:188} INFO - [2026-06-18T17:06:14.033+0000] {dagbag.py:538} INFO - Filling up the DagBag from /home/airflow/.local/lib/python3.8/site-packages/airflow/example_dags/example_dag_decorator.py
[2026-06-18T17:06:14.187+0000] {processor.py:840} INFO - DAG(s) 'example_dag_decorator' retrieved from /home/airflow/.local/lib/python3.8/site-packages/airflow/example_dags/example_dag_decorator.py
[2026-06-18T17:06:14.591+0000] {logging_mixin.py:188} INFO - [2026-06-18T17:06:14.591+0000] {dag.py:3036} INFO - Sync 1 DAGs
[2026-06-18T17:06:14.609+0000] {logging_mixin.py:188} INFO - [2026-06-18T17:06:14.608+0000] {dag.py:3823} INFO - Setting next_dagrun for example_dag_decorator to None, run_after=None
[2026-06-18T17:06:14.645+0000] {processor.py:183} INFO - Processing /home/airflow/.local/lib/python3.8/site-packages/airflow/example_dags/example_dag_decorator.py took 0.620 seconds
[2026-06-18T17:06:45.515+0000] {processor.py:161} INFO - Started process (PID=2227) to work on /home/airflow/.local/lib/python3.8/site-packages/airflow/example_dags/example_dag_decorator.py
[2026-06-18T17:06:45.517+0000] {processor.py:830} INFO - Processing file /home/airflow/.local/lib/python3.8/site-packages/airflow/example_dags/example_dag_decorator.py for tasks to queue
[2026-06-18T17:06:45.520+0000] {logging_mixin.py:188} INFO - [2026-06-18T17:06:45.519+0000] {dagbag.py:538} INFO - Filling up the DagBag from /home/airflow/.local/lib/python3.8/site-packages/airflow/example_dags/example_dag_decorator.py
[2026-06-18T17:06:45.671+0000] {processor.py:840} INFO - DAG(s) 'example_dag_decorator' retrieved from /home/airflow/.local/lib/python3.8/site-packages/airflow/example_dags/example_dag_decorator.py
[2026-06-18T17:06:46.017+0000] {logging_mixin.py:188} INFO - [2026-06-18T17:06:46.016+0000] {dag.py:3036} INFO - Sync 1 DAGs
[2026-06-18T17:06:46.034+0000] {logging_mixin.py:188} INFO - [2026-06-18T17:06:46.034+0000] {dag.py:3823} INFO - Setting next_dagrun for example_dag_decorator to None, run_after=None
[2026-06-18T17:06:46.063+0000] {processor.py:183} INFO - Processing /home/airflow/.local/lib/python3.8/site-packages/airflow/example_dags/example_dag_decorator.py took 0.553 seconds
[2026-06-18T17:07:16.915+0000] {processor.py:161} INFO - Started process (PID=2293) to work on /home/airflow/.local/lib/python3.8/site-packages/airflow/example_dags/example_dag_decorator.py
[2026-06-18T17:07:16.917+0000] {processor.py:830} INFO - Processing file /home/airflow/.local/lib/python3.8/site-packages/airflow/example_dags/example_dag_decorator.py for tasks to queue
[2026-06-18T17:07:16.921+0000] {logging_mixin.py:188} INFO - [2026-06-18T17:07:16.920+0000] {dagbag.py:538} INFO - Filling up the DagBag from /home/airflow/.local/lib/python3.8/site-packages/airflow/example_dags/example_dag_decorator.py
[2026-06-18T17:07:17.086+0000] {processor.py:840} INFO - DAG(s) 'example_dag_decorator' retrieved from /home/airflow/.local/lib/python3.8/site-packages/airflow/example_dags/example_dag_decorator.py
[2026-06-18T17:07:17.442+0000] {logging_mixin.py:188} INFO - [2026-06-18T17:07:17.442+0000] {dag.py:3036} INFO - Sync 1 DAGs
[2026-06-18T17:07:17.461+0000] {logging_mixin.py:188} INFO - [2026-06-18T17:07:17.461+0000] {dag.py:3823} INFO - Setting next_dagrun for example_dag_decorator to None, run_after=None
[2026-06-18T17:07:17.492+0000] {processor.py:183} INFO - Processing /home/airflow/.local/lib/python3.8/site-packages/airflow/example_dags/example_dag_decorator.py took 0.583 seconds
[2026-06-18T17:07:47.819+0000] {processor.py:161} INFO - Started process (PID=2359) to work on /home/airflow/.local/lib/python3.8/site-packages/airflow/example_dags/example_dag_decorator.py
[2026-06-18T17:07:47.820+0000] {processor.py:830} INFO - Processing file /home/airflow/.local/lib/python3.8/site-packages/airflow/example_dags/example_dag_decorator.py for tasks to queue
[2026-06-18T17:07:47.823+0000] {logging_mixin.py:188} INFO - [2026-06-18T17:07:47.823+0000] {dagbag.py:538} INFO - Filling up the DagBag from /home/airflow/.local/lib/python3.8/site-packages/airflow/example_dags/example_dag_decorator.py
[2026-06-18T17:07:47.972+0000] {processor.py:840} INFO - DAG(s) 'example_dag_decorator' retrieved from /home/airflow/.local/lib/python3.8/site-packages/airflow/example_dags/example_dag_decorator.py
[2026-06-18T17:07:48.326+0000] {logging_mixin.py:188} INFO - [2026-06-18T17:07:48.325+0000] {dag.py:3036} INFO - Sync 1 DAGs
[2026-06-18T17:07:48.342+0000] {logging_mixin.py:188} INFO - [2026-06-18T17:07:48.341+0000] {dag.py:3823} INFO - Setting next_dagrun for example_dag_decorator to None, run_after=None
[2026-06-18T17:07:48.373+0000] {processor.py:183} INFO - Processing /home/airflow/.local/lib/python3.8/site-packages/airflow/example_dags/example_dag_decorator.py took 0.559 seconds
[2026-06-18T17:08:19.209+0000] {processor.py:161} INFO - Started process (PID=2425) to work on /home/airflow/.local/lib/python3.8/site-packages/airflow/example_dags/example_dag_decorator.py
[2026-06-18T17:08:19.211+0000] {processor.py:830} INFO - Processing file /home/airflow/.local/lib/python3.8/site-packages/airflow/example_dags/example_dag_decorator.py for tasks to queue
[2026-06-18T17:08:19.213+0000] {logging_mixin.py:188} INFO - [2026-06-18T17:08:19.213+0000] {dagbag.py:538} INFO - Filling up the DagBag from /home/airflow/.local/lib/python3.8/site-packages/airflow/example_dags/example_dag_decorator.py
[2026-06-18T17:08:19.360+0000] {processor.py:840} INFO - DAG(s) 'example_dag_decorator' retrieved from /home/airflow/.local/lib/python3.8/site-packages/airflow/example_dags/example_dag_decorator.py
[2026-06-18T17:08:19.711+0000] {logging_mixin.py:188} INFO - [2026-06-18T17:08:19.711+0000] {dag.py:3036} INFO - Sync 1 DAGs
[2026-06-18T17:08:19.735+0000] {logging_mixin.py:188} INFO - [2026-06-18T17:08:19.735+0000] {dag.py:3823} INFO - Setting next_dagrun for example_dag_decorator to None, run_after=None
[2026-06-18T17:08:19.772+0000] {processor.py:183} INFO - Processing /home/airflow/.local/lib/python3.8/site-packages/airflow/example_dags/example_dag_decorator.py took 0.568 seconds
[2026-06-18T17:08:50.121+0000] {processor.py:161} INFO - Started process (PID=2492) to work on /home/airflow/.local/lib/python3.8/site-packages/airflow/example_dags/example_dag_decorator.py
[2026-06-18T17:08:50.123+0000] {processor.py:830} INFO - Processing file /home/airflow/.local/lib/python3.8/site-packages/airflow/example_dags/example_dag_decorator.py for tasks to queue
[2026-06-18T17:08:50.126+0000] {logging_mixin.py:188} INFO - [2026-06-18T17:08:50.126+0000] {dagbag.py:538} INFO - Filling up the DagBag from /home/airflow/.local/lib/python3.8/site-packages/airflow/example_dags/example_dag_decorator.py
[2026-06-18T17:08:50.277+0000] {processor.py:840} INFO - DAG(s) 'example_dag_decorator' retrieved from /home/airflow/.local/lib/python3.8/site-packages/airflow/example_dags/example_dag_decorator.py
[2026-06-18T17:08:50.658+0000] {logging_mixin.py:188} INFO - [2026-06-18T17:08:50.658+0000] {dag.py:3036} INFO - Sync 1 DAGs
[2026-06-18T17:08:50.677+0000] {logging_mixin.py:188} INFO - [2026-06-18T17:08:50.676+0000] {dag.py:3823} INFO - Setting next_dagrun for example_dag_decorator to None, run_after=None
[2026-06-18T17:08:50.710+0000] {processor.py:183} INFO - Processing /home/airflow/.local/lib/python3.8/site-packages/airflow/example_dags/example_dag_decorator.py took 0.593 seconds
[2026-06-18T17:09:20.812+0000] {processor.py:161} INFO - Started process (PID=2564) to work on /home/airflow/.local/lib/python3.8/site-packages/airflow/example_dags/example_dag_decorator.py
[2026-06-18T17:09:20.813+0000] {processor.py:830} INFO - Processing file /home/airflow/.local/lib/python3.8/site-packages/airflow/example_dags/example_dag_decorator.py for tasks to queue
[2026-06-18T17:09:20.817+0000] {logging_mixin.py:188} INFO - [2026-06-18T17:09:20.816+0000] {dagbag.py:538} INFO - Filling up the DagBag from /home/airflow/.local/lib/python3.8/site-packages/airflow/example_dags/example_dag_decorator.py
[2026-06-18T17:09:20.976+0000] {processor.py:840} INFO - DAG(s) 'example_dag_decorator' retrieved from /home/airflow/.local/lib/python3.8/site-packages/airflow/example_dags/example_dag_decorator.py
[2026-06-18T17:09:21.351+0000] {logging_mixin.py:188} INFO - [2026-06-18T17:09:21.350+0000] {dag.py:3036} INFO - Sync 1 DAGs
[2026-06-18T17:09:21.372+0000] {logging_mixin.py:188} INFO - [2026-06-18T17:09:21.372+0000] {dag.py:3823} INFO - Setting next_dagrun for example_dag_decorator to None, run_after=None
[2026-06-18T17:09:21.411+0000] {processor.py:183} INFO - Processing /home/airflow/.local/lib/python3.8/site-packages/airflow/example_dags/example_dag_decorator.py took 0.605 seconds
[2026-06-18T17:09:51.473+0000] {processor.py:161} INFO - Started process (PID=2632) to work on /home/airflow/.local/lib/python3.8/site-packages/airflow/example_dags/example_dag_decorator.py
[2026-06-18T17:09:51.475+0000] {processor.py:830} INFO - Processing file /home/airflow/.local/lib/python3.8/site-packages/airflow/example_dags/example_dag_decorator.py for tasks to queue
[2026-06-18T17:09:51.478+0000] {logging_mixin.py:188} INFO - [2026-06-18T17:09:51.477+0000] {dagbag.py:538} INFO - Filling up the DagBag from /home/airflow/.local/lib/python3.8/site-packages/airflow/example_dags/example_dag_decorator.py
[2026-06-18T17:09:51.630+0000] {processor.py:840} INFO - DAG(s) 'example_dag_decorator' retrieved from /home/airflow/.local/lib/python3.8/site-packages/airflow/example_dags/example_dag_decorator.py
[2026-06-18T17:09:52.005+0000] {logging_mixin.py:188} INFO - [2026-06-18T17:09:52.004+0000] {dag.py:3036} INFO - Sync 1 DAGs
[2026-06-18T17:09:52.022+0000] {logging_mixin.py:188} INFO - [2026-06-18T17:09:52.022+0000] {dag.py:3823} INFO - Setting next_dagrun for example_dag_decorator to None, run_after=None
[2026-06-18T17:09:52.051+0000] {processor.py:183} INFO - Processing /home/airflow/.local/lib/python3.8/site-packages/airflow/example_dags/example_dag_decorator.py took 0.583 seconds
[2026-06-18T17:10:22.944+0000] {processor.py:161} INFO - Started process (PID=2698) to work on /home/airflow/.local/lib/python3.8/site-packages/airflow/example_dags/example_dag_decorator.py
[2026-06-18T17:10:22.945+0000] {processor.py:830} INFO - Processing file /home/airflow/.local/lib/python3.8/site-packages/airflow/example_dags/example_dag_decorator.py for tasks to queue
[2026-06-18T17:10:22.948+0000] {logging_mixin.py:188} INFO - [2026-06-18T17:10:22.948+0000] {dagbag.py:538} INFO - Filling up the DagBag from /home/airflow/.local/lib/python3.8/site-packages/airflow/example_dags/example_dag_decorator.py
[2026-06-18T17:10:23.160+0000] {processor.py:840} INFO - DAG(s) 'example_dag_decorator' retrieved from /home/airflow/.local/lib/python3.8/site-packages/airflow/example_dags/example_dag_decorator.py
[2026-06-18T17:10:23.621+0000] {logging_mixin.py:188} INFO - [2026-06-18T17:10:23.621+0000] {dag.py:3036} INFO - Sync 1 DAGs
[2026-06-18T17:10:23.639+0000] {logging_mixin.py:188} INFO - [2026-06-18T17:10:23.638+0000] {dag.py:3823} INFO - Setting next_dagrun for example_dag_decorator to None, run_after=None
[2026-06-18T17:10:23.672+0000] {processor.py:183} INFO - Processing /home/airflow/.local/lib/python3.8/site-packages/airflow/example_dags/example_dag_decorator.py took 0.735 seconds
[2026-06-18T17:10:54.675+0000] {processor.py:161} INFO - Started process (PID=2763) to work on /home/airflow/.local/lib/python3.8/site-packages/airflow/example_dags/example_dag_decorator.py
[2026-06-18T17:10:54.677+0000] {processor.py:830} INFO - Processing file /home/airflow/.local/lib/python3.8/site-packages/airflow/example_dags/example_dag_decorator.py for tasks to queue
[2026-06-18T17:10:54.681+0000] {logging_mixin.py:188} INFO - [2026-06-18T17:10:54.680+0000] {dagbag.py:538} INFO - Filling up the DagBag from /home/airflow/.local/lib/python3.8/site-packages/airflow/example_dags/example_dag_decorator.py
[2026-06-18T17:10:54.840+0000] {processor.py:840} INFO - DAG(s) 'example_dag_decorator' retrieved from /home/airflow/.local/lib/python3.8/site-packages/airflow/example_dags/example_dag_decorator.py
[2026-06-18T17:10:55.092+0000] {logging_mixin.py:188} INFO - [2026-06-18T17:10:55.092+0000] {dag.py:3036} INFO - Sync 1 DAGs
[2026-06-18T17:10:55.115+0000] {logging_mixin.py:188} INFO - [2026-06-18T17:10:55.115+0000] {dag.py:3823} INFO - Setting next_dagrun for example_dag_decorator to None, run_after=None
[2026-06-18T17:10:55.153+0000] {processor.py:183} INFO - Processing /home/airflow/.local/lib/python3.8/site-packages/airflow/example_dags/example_dag_decorator.py took 0.484 seconds
[2026-06-18T17:11:25.802+0000] {processor.py:161} INFO - Started process (PID=2830) to work on /home/airflow/.local/lib/python3.8/site-packages/airflow/example_dags/example_dag_decorator.py
[2026-06-18T17:11:25.805+0000] {processor.py:830} INFO - Processing file /home/airflow/.local/lib/python3.8/site-packages/airflow/example_dags/example_dag_decorator.py for tasks to queue
[2026-06-18T17:11:25.807+0000] {logging_mixin.py:188} INFO - [2026-06-18T17:11:25.807+0000] {dagbag.py:538} INFO - Filling up the DagBag from /home/airflow/.local/lib/python3.8/site-packages/airflow/example_dags/example_dag_decorator.py
[2026-06-18T17:11:26.145+0000] {processor.py:840} INFO - DAG(s) 'example_dag_decorator' retrieved from /home/airflow/.local/lib/python3.8/site-packages/airflow/example_dags/example_dag_decorator.py
[2026-06-18T17:11:26.330+0000] {logging_mixin.py:188} INFO - [2026-06-18T17:11:26.330+0000] {dag.py:3036} INFO - Sync 1 DAGs
[2026-06-18T17:11:26.346+0000] {logging_mixin.py:188} INFO - [2026-06-18T17:11:26.346+0000] {dag.py:3823} INFO - Setting next_dagrun for example_dag_decorator to None, run_after=None
[2026-06-18T17:11:26.379+0000] {processor.py:183} INFO - Processing /home/airflow/.local/lib/python3.8/site-packages/airflow/example_dags/example_dag_decorator.py took 0.581 seconds
[2026-06-18T17:11:56.575+0000] {processor.py:161} INFO - Started process (PID=2895) to work on /home/airflow/.local/lib/python3.8/site-packages/airflow/example_dags/example_dag_decorator.py
[2026-06-18T17:11:56.579+0000] {processor.py:830} INFO - Processing file /home/airflow/.local/lib/python3.8/site-packages/airflow/example_dags/example_dag_decorator.py for tasks to queue
[2026-06-18T17:11:56.582+0000] {logging_mixin.py:188} INFO - [2026-06-18T17:11:56.582+0000] {dagbag.py:538} INFO - Filling up the DagBag from /home/airflow/.local/lib/python3.8/site-packages/airflow/example_dags/example_dag_decorator.py
[2026-06-18T17:11:56.926+0000] {processor.py:840} INFO - DAG(s) 'example_dag_decorator' retrieved from /home/airflow/.local/lib/python3.8/site-packages/airflow/example_dags/example_dag_decorator.py
[2026-06-18T17:11:57.090+0000] {logging_mixin.py:188} INFO - [2026-06-18T17:11:57.090+0000] {dag.py:3036} INFO - Sync 1 DAGs
[2026-06-18T17:11:57.106+0000] {logging_mixin.py:188} INFO - [2026-06-18T17:11:57.105+0000] {dag.py:3823} INFO - Setting next_dagrun for example_dag_decorator to None, run_after=None
[2026-06-18T17:11:57.133+0000] {processor.py:183} INFO - Processing /home/airflow/.local/lib/python3.8/site-packages/airflow/example_dags/example_dag_decorator.py took 0.563 seconds
[2026-06-18T17:12:27.255+0000] {processor.py:161} INFO - Started process (PID=2962) to work on /home/airflow/.local/lib/python3.8/site-packages/airflow/example_dags/example_dag_decorator.py
[2026-06-18T17:12:27.257+0000] {processor.py:830} INFO - Processing file /home/airflow/.local/lib/python3.8/site-packages/airflow/example_dags/example_dag_decorator.py for tasks to queue
[2026-06-18T17:12:27.260+0000] {logging_mixin.py:188} INFO - [2026-06-18T17:12:27.260+0000] {dagbag.py:538} INFO - Filling up the DagBag from /home/airflow/.local/lib/python3.8/site-packages/airflow/example_dags/example_dag_decorator.py
[2026-06-18T17:12:27.604+0000] {processor.py:840} INFO - DAG(s) 'example_dag_decorator' retrieved from /home/airflow/.local/lib/python3.8/site-packages/airflow/example_dags/example_dag_decorator.py
[2026-06-18T17:12:27.775+0000] {logging_mixin.py:188} INFO - [2026-06-18T17:12:27.774+0000] {dag.py:3036} INFO - Sync 1 DAGs
[2026-06-18T17:12:27.794+0000] {logging_mixin.py:188} INFO - [2026-06-18T17:12:27.793+0000] {dag.py:3823} INFO - Setting next_dagrun for example_dag_decorator to None, run_after=None
[2026-06-18T17:12:27.825+0000] {processor.py:183} INFO - Processing /home/airflow/.local/lib/python3.8/site-packages/airflow/example_dags/example_dag_decorator.py took 0.575 seconds
[2026-06-18T17:12:58.644+0000] {processor.py:161} INFO - Started process (PID=3027) to work on /home/airflow/.local/lib/python3.8/site-packages/airflow/example_dags/example_dag_decorator.py
[2026-06-18T17:12:58.645+0000] {processor.py:830} INFO - Processing file /home/airflow/.local/lib/python3.8/site-packages/airflow/example_dags/example_dag_decorator.py for tasks to queue
[2026-06-18T17:12:58.648+0000] {logging_mixin.py:188} INFO - [2026-06-18T17:12:58.648+0000] {dagbag.py:538} INFO - Filling up the DagBag from /home/airflow/.local/lib/python3.8/site-packages/airflow/example_dags/example_dag_decorator.py
[2026-06-18T17:12:58.979+0000] {processor.py:840} INFO - DAG(s) 'example_dag_decorator' retrieved from /home/airflow/.local/lib/python3.8/site-packages/airflow/example_dags/example_dag_decorator.py
[2026-06-18T17:12:59.181+0000] {logging_mixin.py:188} INFO - [2026-06-18T17:12:59.181+0000] {dag.py:3036} INFO - Sync 1 DAGs
[2026-06-18T17:12:59.199+0000] {logging_mixin.py:188} INFO - [2026-06-18T17:12:59.199+0000] {dag.py:3823} INFO - Setting next_dagrun for example_dag_decorator to None, run_after=None
[2026-06-18T17:12:59.233+0000] {processor.py:183} INFO - Processing /home/airflow/.local/lib/python3.8/site-packages/airflow/example_dags/example_dag_decorator.py took 0.594 seconds
[2026-06-18T17:13:29.404+0000] {processor.py:161} INFO - Started process (PID=3092) to work on /home/airflow/.local/lib/python3.8/site-packages/airflow/example_dags/example_dag_decorator.py
[2026-06-18T17:13:29.405+0000] {processor.py:830} INFO - Processing file /home/airflow/.local/lib/python3.8/site-packages/airflow/example_dags/example_dag_decorator.py for tasks to queue
[2026-06-18T17:13:29.408+0000] {logging_mixin.py:188} INFO - [2026-06-18T17:13:29.407+0000] {dagbag.py:538} INFO - Filling up the DagBag from /home/airflow/.local/lib/python3.8/site-packages/airflow/example_dags/example_dag_decorator.py
[2026-06-18T17:13:29.815+0000] {processor.py:840} INFO - DAG(s) 'example_dag_decorator' retrieved from /home/airflow/.local/lib/python3.8/site-packages/airflow/example_dags/example_dag_decorator.py
[2026-06-18T17:13:30.027+0000] {logging_mixin.py:188} INFO - [2026-06-18T17:13:30.026+0000] {dag.py:3036} INFO - Sync 1 DAGs
[2026-06-18T17:13:30.047+0000] {logging_mixin.py:188} INFO - [2026-06-18T17:13:30.046+0000] {dag.py:3823} INFO - Setting next_dagrun for example_dag_decorator to None, run_after=None
[2026-06-18T17:13:30.089+0000] {processor.py:183} INFO - Processing /home/airflow/.local/lib/python3.8/site-packages/airflow/example_dags/example_dag_decorator.py took 0.691 seconds
[2026-06-18T17:14:01.067+0000] {processor.py:161} INFO - Started process (PID=3157) to work on /home/airflow/.local/lib/python3.8/site-packages/airflow/example_dags/example_dag_decorator.py
[2026-06-18T17:14:01.076+0000] {processor.py:830} INFO - Processing file /home/airflow/.local/lib/python3.8/site-packages/airflow/example_dags/example_dag_decorator.py for tasks to queue
[2026-06-18T17:14:01.079+0000] {logging_mixin.py:188} INFO - [2026-06-18T17:14:01.079+0000] {dagbag.py:538} INFO - Filling up the DagBag from /home/airflow/.local/lib/python3.8/site-packages/airflow/example_dags/example_dag_decorator.py
[2026-06-18T17:14:01.428+0000] {processor.py:840} INFO - DAG(s) 'example_dag_decorator' retrieved from /home/airflow/.local/lib/python3.8/site-packages/airflow/example_dags/example_dag_decorator.py
[2026-06-18T17:14:01.590+0000] {logging_mixin.py:188} INFO - [2026-06-18T17:14:01.589+0000] {dag.py:3036} INFO - Sync 1 DAGs
[2026-06-18T17:14:01.606+0000] {logging_mixin.py:188} INFO - [2026-06-18T17:14:01.606+0000] {dag.py:3823} INFO - Setting next_dagrun for example_dag_decorator to None, run_after=None
[2026-06-18T17:14:01.635+0000] {processor.py:183} INFO - Processing /home/airflow/.local/lib/python3.8/site-packages/airflow/example_dags/example_dag_decorator.py took 0.573 seconds
[2026-06-18T17:14:31.739+0000] {processor.py:161} INFO - Started process (PID=3223) to work on /home/airflow/.local/lib/python3.8/site-packages/airflow/example_dags/example_dag_decorator.py
[2026-06-18T17:14:31.740+0000] {processor.py:830} INFO - Processing file /home/airflow/.local/lib/python3.8/site-packages/airflow/example_dags/example_dag_decorator.py for tasks to queue
[2026-06-18T17:14:31.743+0000] {logging_mixin.py:188} INFO - [2026-06-18T17:14:31.742+0000] {dagbag.py:538} INFO - Filling up the DagBag from /home/airflow/.local/lib/python3.8/site-packages/airflow/example_dags/example_dag_decorator.py
[2026-06-18T17:14:31.900+0000] {processor.py:840} INFO - DAG(s) 'example_dag_decorator' retrieved from /home/airflow/.local/lib/python3.8/site-packages/airflow/example_dags/example_dag_decorator.py
[2026-06-18T17:14:32.104+0000] {logging_mixin.py:188} INFO - [2026-06-18T17:14:32.104+0000] {dag.py:3036} INFO - Sync 1 DAGs
[2026-06-18T17:14:32.121+0000] {logging_mixin.py:188} INFO - [2026-06-18T17:14:32.121+0000] {dag.py:3823} INFO - Setting next_dagrun for example_dag_decorator to None, run_after=None
[2026-06-18T17:14:32.156+0000] {processor.py:183} INFO - Processing /home/airflow/.local/lib/python3.8/site-packages/airflow/example_dags/example_dag_decorator.py took 0.422 seconds
[2026-06-18T17:15:02.829+0000] {processor.py:161} INFO - Started process (PID=3290) to work on /home/airflow/.local/lib/python3.8/site-packages/airflow/example_dags/example_dag_decorator.py
[2026-06-18T17:15:02.831+0000] {processor.py:830} INFO - Processing file /home/airflow/.local/lib/python3.8/site-packages/airflow/example_dags/example_dag_decorator.py for tasks to queue
[2026-06-18T17:15:02.835+0000] {logging_mixin.py:188} INFO - [2026-06-18T17:15:02.834+0000] {dagbag.py:538} INFO - Filling up the DagBag from /home/airflow/.local/lib/python3.8/site-packages/airflow/example_dags/example_dag_decorator.py
[2026-06-18T17:15:03.035+0000] {processor.py:840} INFO - DAG(s) 'example_dag_decorator' retrieved from /home/airflow/.local/lib/python3.8/site-packages/airflow/example_dags/example_dag_decorator.py
[2026-06-18T17:15:03.087+0000] {logging_mixin.py:188} INFO - [2026-06-18T17:15:03.086+0000] {dag.py:3036} INFO - Sync 1 DAGs
[2026-06-18T17:15:03.114+0000] {logging_mixin.py:188} INFO - [2026-06-18T17:15:03.113+0000] {dag.py:3823} INFO - Setting next_dagrun for example_dag_decorator to None, run_after=None
[2026-06-18T17:15:03.155+0000] {processor.py:183} INFO - Processing /home/airflow/.local/lib/python3.8/site-packages/airflow/example_dags/example_dag_decorator.py took 0.339 seconds
[2026-06-18T17:15:34.080+0000] {processor.py:161} INFO - Started process (PID=3363) to work on /home/airflow/.local/lib/python3.8/site-packages/airflow/example_dags/example_dag_decorator.py
[2026-06-18T17:15:34.082+0000] {processor.py:830} INFO - Processing file /home/airflow/.local/lib/python3.8/site-packages/airflow/example_dags/example_dag_decorator.py for tasks to queue
[2026-06-18T17:15:34.084+0000] {logging_mixin.py:188} INFO - [2026-06-18T17:15:34.084+0000] {dagbag.py:538} INFO - Filling up the DagBag from /home/airflow/.local/lib/python3.8/site-packages/airflow/example_dags/example_dag_decorator.py
[2026-06-18T17:15:34.233+0000] {processor.py:840} INFO - DAG(s) 'example_dag_decorator' retrieved from /home/airflow/.local/lib/python3.8/site-packages/airflow/example_dags/example_dag_decorator.py
[2026-06-18T17:15:34.282+0000] {logging_mixin.py:188} INFO - [2026-06-18T17:15:34.282+0000] {dag.py:3036} INFO - Sync 1 DAGs
[2026-06-18T17:15:34.309+0000] {logging_mixin.py:188} INFO - [2026-06-18T17:15:34.309+0000] {dag.py:3823} INFO - Setting next_dagrun for example_dag_decorator to None, run_after=None
[2026-06-18T17:15:34.344+0000] {processor.py:183} INFO - Processing /home/airflow/.local/lib/python3.8/site-packages/airflow/example_dags/example_dag_decorator.py took 0.269 seconds
[2026-06-18T17:16:04.625+0000] {processor.py:161} INFO - Started process (PID=3429) to work on /home/airflow/.local/lib/python3.8/site-packages/airflow/example_dags/example_dag_decorator.py
[2026-06-18T17:16:04.627+0000] {processor.py:830} INFO - Processing file /home/airflow/.local/lib/python3.8/site-packages/airflow/example_dags/example_dag_decorator.py for tasks to queue
[2026-06-18T17:16:04.629+0000] {logging_mixin.py:188} INFO - [2026-06-18T17:16:04.629+0000] {dagbag.py:538} INFO - Filling up the DagBag from /home/airflow/.local/lib/python3.8/site-packages/airflow/example_dags/example_dag_decorator.py
[2026-06-18T17:16:04.785+0000] {processor.py:840} INFO - DAG(s) 'example_dag_decorator' retrieved from /home/airflow/.local/lib/python3.8/site-packages/airflow/example_dags/example_dag_decorator.py
[2026-06-18T17:16:04.826+0000] {logging_mixin.py:188} INFO - [2026-06-18T17:16:04.826+0000] {dag.py:3036} INFO - Sync 1 DAGs
[2026-06-18T17:16:04.845+0000] {logging_mixin.py:188} INFO - [2026-06-18T17:16:04.845+0000] {dag.py:3823} INFO - Setting next_dagrun for example_dag_decorator to None, run_after=None
[2026-06-18T17:16:04.879+0000] {processor.py:183} INFO - Processing /home/airflow/.local/lib/python3.8/site-packages/airflow/example_dags/example_dag_decorator.py took 0.259 seconds
[2026-06-18T17:16:35.887+0000] {processor.py:161} INFO - Started process (PID=3494) to work on /home/airflow/.local/lib/python3.8/site-packages/airflow/example_dags/example_dag_decorator.py
[2026-06-18T17:16:35.889+0000] {processor.py:830} INFO - Processing file /home/airflow/.local/lib/python3.8/site-packages/airflow/example_dags/example_dag_decorator.py for tasks to queue
[2026-06-18T17:16:35.891+0000] {logging_mixin.py:188} INFO - [2026-06-18T17:16:35.891+0000] {dagbag.py:538} INFO - Filling up the DagBag from /home/airflow/.local/lib/python3.8/site-packages/airflow/example_dags/example_dag_decorator.py
[2026-06-18T17:16:36.049+0000] {processor.py:840} INFO - DAG(s) 'example_dag_decorator' retrieved from /home/airflow/.local/lib/python3.8/site-packages/airflow/example_dags/example_dag_decorator.py
[2026-06-18T17:16:36.229+0000] {logging_mixin.py:188} INFO - [2026-06-18T17:16:36.229+0000] {dag.py:3036} INFO - Sync 1 DAGs
[2026-06-18T17:16:36.247+0000] {logging_mixin.py:188} INFO - [2026-06-18T17:16:36.246+0000] {dag.py:3823} INFO - Setting next_dagrun for example_dag_decorator to None, run_after=None
[2026-06-18T17:16:36.277+0000] {processor.py:183} INFO - Processing /home/airflow/.local/lib/python3.8/site-packages/airflow/example_dags/example_dag_decorator.py took 0.395 seconds
[2026-06-18T17:17:07.256+0000] {processor.py:161} INFO - Started process (PID=3561) to work on /home/airflow/.local/lib/python3.8/site-packages/airflow/example_dags/example_dag_decorator.py
[2026-06-18T17:17:07.257+0000] {processor.py:830} INFO - Processing file /home/airflow/.local/lib/python3.8/site-packages/airflow/example_dags/example_dag_decorator.py for tasks to queue
[2026-06-18T17:17:07.260+0000] {logging_mixin.py:188} INFO - [2026-06-18T17:17:07.260+0000] {dagbag.py:538} INFO - Filling up the DagBag from /home/airflow/.local/lib/python3.8/site-packages/airflow/example_dags/example_dag_decorator.py
[2026-06-18T17:17:07.425+0000] {processor.py:840} INFO - DAG(s) 'example_dag_decorator' retrieved from /home/airflow/.local/lib/python3.8/site-packages/airflow/example_dags/example_dag_decorator.py
[2026-06-18T17:17:07.469+0000] {logging_mixin.py:188} INFO - [2026-06-18T17:17:07.468+0000] {dag.py:3036} INFO - Sync 1 DAGs
[2026-06-18T17:17:07.490+0000] {logging_mixin.py:188} INFO - [2026-06-18T17:17:07.489+0000] {dag.py:3823} INFO - Setting next_dagrun for example_dag_decorator to None, run_after=None
[2026-06-18T17:17:07.517+0000] {processor.py:183} INFO - Processing /home/airflow/.local/lib/python3.8/site-packages/airflow/example_dags/example_dag_decorator.py took 0.267 seconds
[2026-06-18T17:17:37.785+0000] {processor.py:161} INFO - Started process (PID=3627) to work on /home/airflow/.local/lib/python3.8/site-packages/airflow/example_dags/example_dag_decorator.py
[2026-06-18T17:17:37.787+0000] {processor.py:830} INFO - Processing file /home/airflow/.local/lib/python3.8/site-packages/airflow/example_dags/example_dag_decorator.py for tasks to queue
[2026-06-18T17:17:37.790+0000] {logging_mixin.py:188} INFO - [2026-06-18T17:17:37.789+0000] {dagbag.py:538} INFO - Filling up the DagBag from /home/airflow/.local/lib/python3.8/site-packages/airflow/example_dags/example_dag_decorator.py
[2026-06-18T17:17:37.946+0000] {processor.py:840} INFO - DAG(s) 'example_dag_decorator' retrieved from /home/airflow/.local/lib/python3.8/site-packages/airflow/example_dags/example_dag_decorator.py
[2026-06-18T17:17:37.988+0000] {logging_mixin.py:188} INFO - [2026-06-18T17:17:37.988+0000] {dag.py:3036} INFO - Sync 1 DAGs
[2026-06-18T17:17:38.008+0000] {logging_mixin.py:188} INFO - [2026-06-18T17:17:38.008+0000] {dag.py:3823} INFO - Setting next_dagrun for example_dag_decorator to None, run_after=None
[2026-06-18T17:17:38.040+0000] {processor.py:183} INFO - Processing /home/airflow/.local/lib/python3.8/site-packages/airflow/example_dags/example_dag_decorator.py took 0.260 seconds
[2026-06-18T17:18:08.454+0000] {processor.py:161} INFO - Started process (PID=3693) to work on /home/airflow/.local/lib/python3.8/site-packages/airflow/example_dags/example_dag_decorator.py
[2026-06-18T17:18:08.455+0000] {processor.py:830} INFO - Processing file /home/airflow/.local/lib/python3.8/site-packages/airflow/example_dags/example_dag_decorator.py for tasks to queue
[2026-06-18T17:18:08.459+0000] {logging_mixin.py:188} INFO - [2026-06-18T17:18:08.459+0000] {dagbag.py:538} INFO - Filling up the DagBag from /home/airflow/.local/lib/python3.8/site-packages/airflow/example_dags/example_dag_decorator.py
[2026-06-18T17:18:08.661+0000] {processor.py:840} INFO - DAG(s) 'example_dag_decorator' retrieved from /home/airflow/.local/lib/python3.8/site-packages/airflow/example_dags/example_dag_decorator.py
[2026-06-18T17:18:08.702+0000] {logging_mixin.py:188} INFO - [2026-06-18T17:18:08.702+0000] {dag.py:3036} INFO - Sync 1 DAGs
[2026-06-18T17:18:08.723+0000] {logging_mixin.py:188} INFO - [2026-06-18T17:18:08.722+0000] {dag.py:3823} INFO - Setting next_dagrun for example_dag_decorator to None, run_after=None
[2026-06-18T17:18:08.750+0000] {processor.py:183} INFO - Processing /home/airflow/.local/lib/python3.8/site-packages/airflow/example_dags/example_dag_decorator.py took 0.303 seconds
[2026-06-18T17:18:38.992+0000] {processor.py:161} INFO - Started process (PID=3760) to work on /home/airflow/.local/lib/python3.8/site-packages/airflow/example_dags/example_dag_decorator.py
[2026-06-18T17:18:38.994+0000] {processor.py:830} INFO - Processing file /home/airflow/.local/lib/python3.8/site-packages/airflow/example_dags/example_dag_decorator.py for tasks to queue
[2026-06-18T17:18:38.996+0000] {logging_mixin.py:188} INFO - [2026-06-18T17:18:38.996+0000] {dagbag.py:538} INFO - Filling up the DagBag from /home/airflow/.local/lib/python3.8/site-packages/airflow/example_dags/example_dag_decorator.py
[2026-06-18T17:18:39.152+0000] {processor.py:840} INFO - DAG(s) 'example_dag_decorator' retrieved from /home/airflow/.local/lib/python3.8/site-packages/airflow/example_dags/example_dag_decorator.py
[2026-06-18T17:18:39.198+0000] {logging_mixin.py:188} INFO - [2026-06-18T17:18:39.198+0000] {dag.py:3036} INFO - Sync 1 DAGs
[2026-06-18T17:18:39.219+0000] {logging_mixin.py:188} INFO - [2026-06-18T17:18:39.218+0000] {dag.py:3823} INFO - Setting next_dagrun for example_dag_decorator to None, run_after=None
[2026-06-18T17:18:39.248+0000] {processor.py:183} INFO - Processing /home/airflow/.local/lib/python3.8/site-packages/airflow/example_dags/example_dag_decorator.py took 0.262 seconds
[2026-06-18T17:19:09.705+0000] {processor.py:161} INFO - Started process (PID=3826) to work on /home/airflow/.local/lib/python3.8/site-packages/airflow/example_dags/example_dag_decorator.py
[2026-06-18T17:19:09.707+0000] {processor.py:830} INFO - Processing file /home/airflow/.local/lib/python3.8/site-packages/airflow/example_dags/example_dag_decorator.py for tasks to queue
[2026-06-18T17:19:09.709+0000] {logging_mixin.py:188} INFO - [2026-06-18T17:19:09.709+0000] {dagbag.py:538} INFO - Filling up the DagBag from /home/airflow/.local/lib/python3.8/site-packages/airflow/example_dags/example_dag_decorator.py
[2026-06-18T17:19:09.879+0000] {processor.py:840} INFO - DAG(s) 'example_dag_decorator' retrieved from /home/airflow/.local/lib/python3.8/site-packages/airflow/example_dags/example_dag_decorator.py
[2026-06-18T17:19:10.088+0000] {logging_mixin.py:188} INFO - [2026-06-18T17:19:10.087+0000] {dag.py:3036} INFO - Sync 1 DAGs
[2026-06-18T17:19:10.106+0000] {logging_mixin.py:188} INFO - [2026-06-18T17:19:10.106+0000] {dag.py:3823} INFO - Setting next_dagrun for example_dag_decorator to None, run_after=None
[2026-06-18T17:19:10.144+0000] {processor.py:183} INFO - Processing /home/airflow/.local/lib/python3.8/site-packages/airflow/example_dags/example_dag_decorator.py took 0.445 seconds
[2026-06-18T17:19:40.835+0000] {processor.py:161} INFO - Started process (PID=3904) to work on /home/airflow/.local/lib/python3.8/site-packages/airflow/example_dags/example_dag_decorator.py
[2026-06-18T17:19:40.837+0000] {processor.py:830} INFO - Processing file /home/airflow/.local/lib/python3.8/site-packages/airflow/example_dags/example_dag_decorator.py for tasks to queue
[2026-06-18T17:19:40.840+0000] {logging_mixin.py:188} INFO - [2026-06-18T17:19:40.839+0000] {dagbag.py:538} INFO - Filling up the DagBag from /home/airflow/.local/lib/python3.8/site-packages/airflow/example_dags/example_dag_decorator.py
[2026-06-18T17:19:41.018+0000] {processor.py:840} INFO - DAG(s) 'example_dag_decorator' retrieved from /home/airflow/.local/lib/python3.8/site-packages/airflow/example_dags/example_dag_decorator.py
[2026-06-18T17:19:41.199+0000] {logging_mixin.py:188} INFO - [2026-06-18T17:19:41.199+0000] {dag.py:3036} INFO - Sync 1 DAGs
[2026-06-18T17:19:41.216+0000] {logging_mixin.py:188} INFO - [2026-06-18T17:19:41.216+0000] {dag.py:3823} INFO - Setting next_dagrun for example_dag_decorator to None, run_after=None
[2026-06-18T17:19:41.244+0000] {processor.py:183} INFO - Processing /home/airflow/.local/lib/python3.8/site-packages/airflow/example_dags/example_dag_decorator.py took 0.416 seconds
[2026-06-18T17:20:12.137+0000] {processor.py:161} INFO - Started process (PID=3971) to work on /home/airflow/.local/lib/python3.8/site-packages/airflow/example_dags/example_dag_decorator.py
[2026-06-18T17:20:12.139+0000] {processor.py:830} INFO - Processing file /home/airflow/.local/lib/python3.8/site-packages/airflow/example_dags/example_dag_decorator.py for tasks to queue
[2026-06-18T17:20:12.142+0000] {logging_mixin.py:188} INFO - [2026-06-18T17:20:12.142+0000] {dagbag.py:538} INFO - Filling up the DagBag from /home/airflow/.local/lib/python3.8/site-packages/airflow/example_dags/example_dag_decorator.py
[2026-06-18T17:20:12.315+0000] {processor.py:840} INFO - DAG(s) 'example_dag_decorator' retrieved from /home/airflow/.local/lib/python3.8/site-packages/airflow/example_dags/example_dag_decorator.py
[2026-06-18T17:20:12.498+0000] {logging_mixin.py:188} INFO - [2026-06-18T17:20:12.498+0000] {dag.py:3036} INFO - Sync 1 DAGs
[2026-06-18T17:20:12.516+0000] {logging_mixin.py:188} INFO - [2026-06-18T17:20:12.516+0000] {dag.py:3823} INFO - Setting next_dagrun for example_dag_decorator to None, run_after=None
[2026-06-18T17:20:12.545+0000] {processor.py:183} INFO - Processing /home/airflow/.local/lib/python3.8/site-packages/airflow/example_dags/example_dag_decorator.py took 0.412 seconds
[2026-06-18T17:20:43.376+0000] {processor.py:161} INFO - Started process (PID=4038) to work on /home/airflow/.local/lib/python3.8/site-packages/airflow/example_dags/example_dag_decorator.py
[2026-06-18T17:20:43.378+0000] {processor.py:830} INFO - Processing file /home/airflow/.local/lib/python3.8/site-packages/airflow/example_dags/example_dag_decorator.py for tasks to queue
[2026-06-18T17:20:43.381+0000] {logging_mixin.py:188} INFO - [2026-06-18T17:20:43.380+0000] {dagbag.py:538} INFO - Filling up the DagBag from /home/airflow/.local/lib/python3.8/site-packages/airflow/example_dags/example_dag_decorator.py
[2026-06-18T17:20:43.561+0000] {processor.py:840} INFO - DAG(s) 'example_dag_decorator' retrieved from /home/airflow/.local/lib/python3.8/site-packages/airflow/example_dags/example_dag_decorator.py
[2026-06-18T17:20:43.760+0000] {logging_mixin.py:188} INFO - [2026-06-18T17:20:43.760+0000] {dag.py:3036} INFO - Sync 1 DAGs
[2026-06-18T17:20:43.778+0000] {logging_mixin.py:188} INFO - [2026-06-18T17:20:43.777+0000] {dag.py:3823} INFO - Setting next_dagrun for example_dag_decorator to None, run_after=None
[2026-06-18T17:20:43.809+0000] {processor.py:183} INFO - Processing /home/airflow/.local/lib/python3.8/site-packages/airflow/example_dags/example_dag_decorator.py took 0.445 seconds
[2026-06-18T17:21:14.187+0000] {processor.py:161} INFO - Started process (PID=4105) to work on /home/airflow/.local/lib/python3.8/site-packages/airflow/example_dags/example_dag_decorator.py
[2026-06-18T17:21:14.189+0000] {processor.py:830} INFO - Processing file /home/airflow/.local/lib/python3.8/site-packages/airflow/example_dags/example_dag_decorator.py for tasks to queue
[2026-06-18T17:21:14.192+0000] {logging_mixin.py:188} INFO - [2026-06-18T17:21:14.191+0000] {dagbag.py:538} INFO - Filling up the DagBag from /home/airflow/.local/lib/python3.8/site-packages/airflow/example_dags/example_dag_decorator.py
[2026-06-18T17:21:14.367+0000] {processor.py:840} INFO - DAG(s) 'example_dag_decorator' retrieved from /home/airflow/.local/lib/python3.8/site-packages/airflow/example_dags/example_dag_decorator.py
[2026-06-18T17:21:14.571+0000] {logging_mixin.py:188} INFO - [2026-06-18T17:21:14.571+0000] {dag.py:3036} INFO - Sync 1 DAGs
[2026-06-18T17:21:14.589+0000] {logging_mixin.py:188} INFO - [2026-06-18T17:21:14.589+0000] {dag.py:3823} INFO - Setting next_dagrun for example_dag_decorator to None, run_after=None
[2026-06-18T17:21:14.620+0000] {processor.py:183} INFO - Processing /home/airflow/.local/lib/python3.8/site-packages/airflow/example_dags/example_dag_decorator.py took 0.438 seconds
[2026-06-18T17:21:44.702+0000] {processor.py:161} INFO - Started process (PID=4171) to work on /home/airflow/.local/lib/python3.8/site-packages/airflow/example_dags/example_dag_decorator.py
[2026-06-18T17:21:44.704+0000] {processor.py:830} INFO - Processing file /home/airflow/.local/lib/python3.8/site-packages/airflow/example_dags/example_dag_decorator.py for tasks to queue
[2026-06-18T17:21:44.707+0000] {logging_mixin.py:188} INFO - [2026-06-18T17:21:44.706+0000] {dagbag.py:538} INFO - Filling up the DagBag from /home/airflow/.local/lib/python3.8/site-packages/airflow/example_dags/example_dag_decorator.py
[2026-06-18T17:21:44.859+0000] {processor.py:840} INFO - DAG(s) 'example_dag_decorator' retrieved from /home/airflow/.local/lib/python3.8/site-packages/airflow/example_dags/example_dag_decorator.py
[2026-06-18T17:21:45.065+0000] {logging_mixin.py:188} INFO - [2026-06-18T17:21:45.064+0000] {dag.py:3036} INFO - Sync 1 DAGs
[2026-06-18T17:21:45.083+0000] {logging_mixin.py:188} INFO - [2026-06-18T17:21:45.083+0000] {dag.py:3823} INFO - Setting next_dagrun for example_dag_decorator to None, run_after=None
[2026-06-18T17:21:45.109+0000] {processor.py:183} INFO - Processing /home/airflow/.local/lib/python3.8/site-packages/airflow/example_dags/example_dag_decorator.py took 0.413 seconds
[2026-06-18T17:22:16.094+0000] {processor.py:161} INFO - Started process (PID=4239) to work on /home/airflow/.local/lib/python3.8/site-packages/airflow/example_dags/example_dag_decorator.py
[2026-06-18T17:22:16.096+0000] {processor.py:830} INFO - Processing file /home/airflow/.local/lib/python3.8/site-packages/airflow/example_dags/example_dag_decorator.py for tasks to queue
[2026-06-18T17:22:16.099+0000] {logging_mixin.py:188} INFO - [2026-06-18T17:22:16.099+0000] {dagbag.py:538} INFO - Filling up the DagBag from /home/airflow/.local/lib/python3.8/site-packages/airflow/example_dags/example_dag_decorator.py
[2026-06-18T17:22:16.248+0000] {processor.py:840} INFO - DAG(s) 'example_dag_decorator' retrieved from /home/airflow/.local/lib/python3.8/site-packages/airflow/example_dags/example_dag_decorator.py
[2026-06-18T17:22:16.436+0000] {logging_mixin.py:188} INFO - [2026-06-18T17:22:16.436+0000] {dag.py:3036} INFO - Sync 1 DAGs
[2026-06-18T17:22:16.454+0000] {logging_mixin.py:188} INFO - [2026-06-18T17:22:16.454+0000] {dag.py:3823} INFO - Setting next_dagrun for example_dag_decorator to None, run_after=None
[2026-06-18T17:22:16.486+0000] {processor.py:183} INFO - Processing /home/airflow/.local/lib/python3.8/site-packages/airflow/example_dags/example_dag_decorator.py took 0.397 seconds
[2026-06-18T17:22:47.474+0000] {processor.py:161} INFO - Started process (PID=4307) to work on /home/airflow/.local/lib/python3.8/site-packages/airflow/example_dags/example_dag_decorator.py
[2026-06-18T17:22:47.476+0000] {processor.py:830} INFO - Processing file /home/airflow/.local/lib/python3.8/site-packages/airflow/example_dags/example_dag_decorator.py for tasks to queue
[2026-06-18T17:22:47.478+0000] {logging_mixin.py:188} INFO - [2026-06-18T17:22:47.478+0000] {dagbag.py:538} INFO - Filling up the DagBag from /home/airflow/.local/lib/python3.8/site-packages/airflow/example_dags/example_dag_decorator.py
[2026-06-18T17:22:47.652+0000] {processor.py:840} INFO - DAG(s) 'example_dag_decorator' retrieved from /home/airflow/.local/lib/python3.8/site-packages/airflow/example_dags/example_dag_decorator.py
[2026-06-18T17:22:47.826+0000] {logging_mixin.py:188} INFO - [2026-06-18T17:22:47.826+0000] {dag.py:3036} INFO - Sync 1 DAGs
[2026-06-18T17:22:47.843+0000] {logging_mixin.py:188} INFO - [2026-06-18T17:22:47.843+0000] {dag.py:3823} INFO - Setting next_dagrun for example_dag_decorator to None, run_after=None
[2026-06-18T17:22:47.870+0000] {processor.py:183} INFO - Processing /home/airflow/.local/lib/python3.8/site-packages/airflow/example_dags/example_dag_decorator.py took 0.401 seconds
[2026-06-18T17:23:18.053+0000] {processor.py:161} INFO - Started process (PID=4374) to work on /home/airflow/.local/lib/python3.8/site-packages/airflow/example_dags/example_dag_decorator.py
[2026-06-18T17:23:18.056+0000] {processor.py:830} INFO - Processing file /home/airflow/.local/lib/python3.8/site-packages/airflow/example_dags/example_dag_decorator.py for tasks to queue
[2026-06-18T17:23:18.059+0000] {logging_mixin.py:188} INFO - [2026-06-18T17:23:18.058+0000] {dagbag.py:538} INFO - Filling up the DagBag from /home/airflow/.local/lib/python3.8/site-packages/airflow/example_dags/example_dag_decorator.py
[2026-06-18T17:23:18.215+0000] {processor.py:840} INFO - DAG(s) 'example_dag_decorator' retrieved from /home/airflow/.local/lib/python3.8/site-packages/airflow/example_dags/example_dag_decorator.py
[2026-06-18T17:23:18.399+0000] {logging_mixin.py:188} INFO - [2026-06-18T17:23:18.399+0000] {dag.py:3036} INFO - Sync 1 DAGs
[2026-06-18T17:23:18.417+0000] {logging_mixin.py:188} INFO - [2026-06-18T17:23:18.417+0000] {dag.py:3823} INFO - Setting next_dagrun for example_dag_decorator to None, run_after=None
[2026-06-18T17:23:18.446+0000] {processor.py:183} INFO - Processing /home/airflow/.local/lib/python3.8/site-packages/airflow/example_dags/example_dag_decorator.py took 0.400 seconds
[2026-06-18T17:23:48.727+0000] {processor.py:161} INFO - Started process (PID=4439) to work on /home/airflow/.local/lib/python3.8/site-packages/airflow/example_dags/example_dag_decorator.py
[2026-06-18T17:23:48.729+0000] {processor.py:830} INFO - Processing file /home/airflow/.local/lib/python3.8/site-packages/airflow/example_dags/example_dag_decorator.py for tasks to queue
[2026-06-18T17:23:48.733+0000] {logging_mixin.py:188} INFO - [2026-06-18T17:23:48.732+0000] {dagbag.py:538} INFO - Filling up the DagBag from /home/airflow/.local/lib/python3.8/site-packages/airflow/example_dags/example_dag_decorator.py
[2026-06-18T17:23:48.888+0000] {processor.py:840} INFO - DAG(s) 'example_dag_decorator' retrieved from /home/airflow/.local/lib/python3.8/site-packages/airflow/example_dags/example_dag_decorator.py
[2026-06-18T17:23:49.073+0000] {logging_mixin.py:188} INFO - [2026-06-18T17:23:49.073+0000] {dag.py:3036} INFO - Sync 1 DAGs
[2026-06-18T17:23:49.092+0000] {logging_mixin.py:188} INFO - [2026-06-18T17:23:49.091+0000] {dag.py:3823} INFO - Setting next_dagrun for example_dag_decorator to None, run_after=None
[2026-06-18T17:23:49.123+0000] {processor.py:183} INFO - Processing /home/airflow/.local/lib/python3.8/site-packages/airflow/example_dags/example_dag_decorator.py took 0.401 seconds
[2026-06-18T17:24:19.828+0000] {processor.py:161} INFO - Started process (PID=4516) to work on /home/airflow/.local/lib/python3.8/site-packages/airflow/example_dags/example_dag_decorator.py
[2026-06-18T17:24:19.831+0000] {processor.py:830} INFO - Processing file /home/airflow/.local/lib/python3.8/site-packages/airflow/example_dags/example_dag_decorator.py for tasks to queue
[2026-06-18T17:24:19.834+0000] {logging_mixin.py:188} INFO - [2026-06-18T17:24:19.834+0000] {dagbag.py:538} INFO - Filling up the DagBag from /home/airflow/.local/lib/python3.8/site-packages/airflow/example_dags/example_dag_decorator.py
[2026-06-18T17:24:20.031+0000] {processor.py:840} INFO - DAG(s) 'example_dag_decorator' retrieved from /home/airflow/.local/lib/python3.8/site-packages/airflow/example_dags/example_dag_decorator.py
[2026-06-18T17:24:20.226+0000] {logging_mixin.py:188} INFO - [2026-06-18T17:24:20.225+0000] {dag.py:3036} INFO - Sync 1 DAGs
[2026-06-18T17:24:20.243+0000] {logging_mixin.py:188} INFO - [2026-06-18T17:24:20.243+0000] {dag.py:3823} INFO - Setting next_dagrun for example_dag_decorator to None, run_after=None
[2026-06-18T17:24:20.273+0000] {processor.py:183} INFO - Processing /home/airflow/.local/lib/python3.8/site-packages/airflow/example_dags/example_dag_decorator.py took 0.454 seconds
[2026-06-18T17:24:50.370+0000] {processor.py:161} INFO - Started process (PID=4584) to work on /home/airflow/.local/lib/python3.8/site-packages/airflow/example_dags/example_dag_decorator.py
[2026-06-18T17:24:50.372+0000] {processor.py:830} INFO - Processing file /home/airflow/.local/lib/python3.8/site-packages/airflow/example_dags/example_dag_decorator.py for tasks to queue
[2026-06-18T17:24:50.375+0000] {logging_mixin.py:188} INFO - [2026-06-18T17:24:50.375+0000] {dagbag.py:538} INFO - Filling up the DagBag from /home/airflow/.local/lib/python3.8/site-packages/airflow/example_dags/example_dag_decorator.py
[2026-06-18T17:24:50.583+0000] {processor.py:840} INFO - DAG(s) 'example_dag_decorator' retrieved from /home/airflow/.local/lib/python3.8/site-packages/airflow/example_dags/example_dag_decorator.py
[2026-06-18T17:24:50.821+0000] {logging_mixin.py:188} INFO - [2026-06-18T17:24:50.820+0000] {dag.py:3036} INFO - Sync 1 DAGs
[2026-06-18T17:24:50.844+0000] {logging_mixin.py:188} INFO - [2026-06-18T17:24:50.844+0000] {dag.py:3823} INFO - Setting next_dagrun for example_dag_decorator to None, run_after=None
[2026-06-18T17:24:50.889+0000] {processor.py:183} INFO - Processing /home/airflow/.local/lib/python3.8/site-packages/airflow/example_dags/example_dag_decorator.py took 0.526 seconds
[2026-06-18T17:25:21.740+0000] {processor.py:161} INFO - Started process (PID=4650) to work on /home/airflow/.local/lib/python3.8/site-packages/airflow/example_dags/example_dag_decorator.py
[2026-06-18T17:25:21.742+0000] {processor.py:830} INFO - Processing file /home/airflow/.local/lib/python3.8/site-packages/airflow/example_dags/example_dag_decorator.py for tasks to queue
[2026-06-18T17:25:21.745+0000] {logging_mixin.py:188} INFO - [2026-06-18T17:25:21.744+0000] {dagbag.py:538} INFO - Filling up the DagBag from /home/airflow/.local/lib/python3.8/site-packages/airflow/example_dags/example_dag_decorator.py
[2026-06-18T17:25:21.911+0000] {processor.py:840} INFO - DAG(s) 'example_dag_decorator' retrieved from /home/airflow/.local/lib/python3.8/site-packages/airflow/example_dags/example_dag_decorator.py
[2026-06-18T17:25:22.104+0000] {logging_mixin.py:188} INFO - [2026-06-18T17:25:22.104+0000] {dag.py:3036} INFO - Sync 1 DAGs
[2026-06-18T17:25:22.123+0000] {logging_mixin.py:188} INFO - [2026-06-18T17:25:22.122+0000] {dag.py:3823} INFO - Setting next_dagrun for example_dag_decorator to None, run_after=None
[2026-06-18T17:25:22.159+0000] {processor.py:183} INFO - Processing /home/airflow/.local/lib/python3.8/site-packages/airflow/example_dags/example_dag_decorator.py took 0.425 seconds
[2026-06-18T17:25:52.205+0000] {processor.py:161} INFO - Started process (PID=4716) to work on /home/airflow/.local/lib/python3.8/site-packages/airflow/example_dags/example_dag_decorator.py
[2026-06-18T17:25:52.207+0000] {processor.py:830} INFO - Processing file /home/airflow/.local/lib/python3.8/site-packages/airflow/example_dags/example_dag_decorator.py for tasks to queue
[2026-06-18T17:25:52.209+0000] {logging_mixin.py:188} INFO - [2026-06-18T17:25:52.209+0000] {dagbag.py:538} INFO - Filling up the DagBag from /home/airflow/.local/lib/python3.8/site-packages/airflow/example_dags/example_dag_decorator.py
[2026-06-18T17:25:52.366+0000] {processor.py:840} INFO - DAG(s) 'example_dag_decorator' retrieved from /home/airflow/.local/lib/python3.8/site-packages/airflow/example_dags/example_dag_decorator.py
[2026-06-18T17:25:52.541+0000] {logging_mixin.py:188} INFO - [2026-06-18T17:25:52.540+0000] {dag.py:3036} INFO - Sync 1 DAGs
[2026-06-18T17:25:52.558+0000] {logging_mixin.py:188} INFO - [2026-06-18T17:25:52.557+0000] {dag.py:3823} INFO - Setting next_dagrun for example_dag_decorator to None, run_after=None
[2026-06-18T17:25:52.591+0000] {processor.py:183} INFO - Processing /home/airflow/.local/lib/python3.8/site-packages/airflow/example_dags/example_dag_decorator.py took 0.391 seconds
[2026-06-18T17:26:22.671+0000] {processor.py:161} INFO - Started process (PID=4783) to work on /home/airflow/.local/lib/python3.8/site-packages/airflow/example_dags/example_dag_decorator.py
[2026-06-18T17:26:22.673+0000] {processor.py:830} INFO - Processing file /home/airflow/.local/lib/python3.8/site-packages/airflow/example_dags/example_dag_decorator.py for tasks to queue
[2026-06-18T17:26:22.677+0000] {logging_mixin.py:188} INFO - [2026-06-18T17:26:22.676+0000] {dagbag.py:538} INFO - Filling up the DagBag from /home/airflow/.local/lib/python3.8/site-packages/airflow/example_dags/example_dag_decorator.py
[2026-06-18T17:26:22.837+0000] {processor.py:840} INFO - DAG(s) 'example_dag_decorator' retrieved from /home/airflow/.local/lib/python3.8/site-packages/airflow/example_dags/example_dag_decorator.py
[2026-06-18T17:26:23.031+0000] {logging_mixin.py:188} INFO - [2026-06-18T17:26:23.030+0000] {dag.py:3036} INFO - Sync 1 DAGs
[2026-06-18T17:26:23.049+0000] {logging_mixin.py:188} INFO - [2026-06-18T17:26:23.049+0000] {dag.py:3823} INFO - Setting next_dagrun for example_dag_decorator to None, run_after=None
[2026-06-18T17:26:23.081+0000] {processor.py:183} INFO - Processing /home/airflow/.local/lib/python3.8/site-packages/airflow/example_dags/example_dag_decorator.py took 0.415 seconds
[2026-06-18T17:26:53.627+0000] {processor.py:161} INFO - Started process (PID=4849) to work on /home/airflow/.local/lib/python3.8/site-packages/airflow/example_dags/example_dag_decorator.py
[2026-06-18T17:26:53.629+0000] {processor.py:830} INFO - Processing file /home/airflow/.local/lib/python3.8/site-packages/airflow/example_dags/example_dag_decorator.py for tasks to queue
[2026-06-18T17:26:53.632+0000] {logging_mixin.py:188} INFO - [2026-06-18T17:26:53.631+0000] {dagbag.py:538} INFO - Filling up the DagBag from /home/airflow/.local/lib/python3.8/site-packages/airflow/example_dags/example_dag_decorator.py
[2026-06-18T17:26:53.779+0000] {processor.py:840} INFO - DAG(s) 'example_dag_decorator' retrieved from /home/airflow/.local/lib/python3.8/site-packages/airflow/example_dags/example_dag_decorator.py
[2026-06-18T17:26:53.959+0000] {logging_mixin.py:188} INFO - [2026-06-18T17:26:53.959+0000] {dag.py:3036} INFO - Sync 1 DAGs
[2026-06-18T17:26:53.977+0000] {logging_mixin.py:188} INFO - [2026-06-18T17:26:53.976+0000] {dag.py:3823} INFO - Setting next_dagrun for example_dag_decorator to None, run_after=None
[2026-06-18T17:26:54.006+0000] {processor.py:183} INFO - Processing /home/airflow/.local/lib/python3.8/site-packages/airflow/example_dags/example_dag_decorator.py took 0.384 seconds
[2026-06-18T17:27:24.620+0000] {processor.py:161} INFO - Started process (PID=4917) to work on /home/airflow/.local/lib/python3.8/site-packages/airflow/example_dags/example_dag_decorator.py
[2026-06-18T17:27:24.622+0000] {processor.py:830} INFO - Processing file /home/airflow/.local/lib/python3.8/site-packages/airflow/example_dags/example_dag_decorator.py for tasks to queue
[2026-06-18T17:27:24.624+0000] {logging_mixin.py:188} INFO - [2026-06-18T17:27:24.624+0000] {dagbag.py:538} INFO - Filling up the DagBag from /home/airflow/.local/lib/python3.8/site-packages/airflow/example_dags/example_dag_decorator.py
[2026-06-18T17:27:24.775+0000] {processor.py:840} INFO - DAG(s) 'example_dag_decorator' retrieved from /home/airflow/.local/lib/python3.8/site-packages/airflow/example_dags/example_dag_decorator.py
[2026-06-18T17:27:24.962+0000] {logging_mixin.py:188} INFO - [2026-06-18T17:27:24.962+0000] {dag.py:3036} INFO - Sync 1 DAGs
[2026-06-18T17:27:24.985+0000] {logging_mixin.py:188} INFO - [2026-06-18T17:27:24.985+0000] {dag.py:3823} INFO - Setting next_dagrun for example_dag_decorator to None, run_after=None
[2026-06-18T17:27:25.021+0000] {processor.py:183} INFO - Processing /home/airflow/.local/lib/python3.8/site-packages/airflow/example_dags/example_dag_decorator.py took 0.407 seconds
[2026-06-18T17:27:55.863+0000] {processor.py:161} INFO - Started process (PID=4985) to work on /home/airflow/.local/lib/python3.8/site-packages/airflow/example_dags/example_dag_decorator.py
[2026-06-18T17:27:55.864+0000] {processor.py:830} INFO - Processing file /home/airflow/.local/lib/python3.8/site-packages/airflow/example_dags/example_dag_decorator.py for tasks to queue
[2026-06-18T17:27:55.867+0000] {logging_mixin.py:188} INFO - [2026-06-18T17:27:55.866+0000] {dagbag.py:538} INFO - Filling up the DagBag from /home/airflow/.local/lib/python3.8/site-packages/airflow/example_dags/example_dag_decorator.py
[2026-06-18T17:27:56.069+0000] {processor.py:840} INFO - DAG(s) 'example_dag_decorator' retrieved from /home/airflow/.local/lib/python3.8/site-packages/airflow/example_dags/example_dag_decorator.py
[2026-06-18T17:27:56.292+0000] {logging_mixin.py:188} INFO - [2026-06-18T17:27:56.292+0000] {dag.py:3036} INFO - Sync 1 DAGs
[2026-06-18T17:27:56.314+0000] {logging_mixin.py:188} INFO - [2026-06-18T17:27:56.314+0000] {dag.py:3823} INFO - Setting next_dagrun for example_dag_decorator to None, run_after=None
[2026-06-18T17:27:56.351+0000] {processor.py:183} INFO - Processing /home/airflow/.local/lib/python3.8/site-packages/airflow/example_dags/example_dag_decorator.py took 0.494 seconds
[2026-06-18T17:28:26.535+0000] {processor.py:161} INFO - Started process (PID=5053) to work on /home/airflow/.local/lib/python3.8/site-packages/airflow/example_dags/example_dag_decorator.py
[2026-06-18T17:28:26.536+0000] {processor.py:830} INFO - Processing file /home/airflow/.local/lib/python3.8/site-packages/airflow/example_dags/example_dag_decorator.py for tasks to queue
[2026-06-18T17:28:26.539+0000] {logging_mixin.py:188} INFO - [2026-06-18T17:28:26.539+0000] {dagbag.py:538} INFO - Filling up the DagBag from /home/airflow/.local/lib/python3.8/site-packages/airflow/example_dags/example_dag_decorator.py
[2026-06-18T17:28:26.692+0000] {processor.py:840} INFO - DAG(s) 'example_dag_decorator' retrieved from /home/airflow/.local/lib/python3.8/site-packages/airflow/example_dags/example_dag_decorator.py
[2026-06-18T17:28:26.907+0000] {logging_mixin.py:188} INFO - [2026-06-18T17:28:26.907+0000] {dag.py:3036} INFO - Sync 1 DAGs
[2026-06-18T17:28:26.926+0000] {logging_mixin.py:188} INFO - [2026-06-18T17:28:26.926+0000] {dag.py:3823} INFO - Setting next_dagrun for example_dag_decorator to None, run_after=None
[2026-06-18T17:28:26.958+0000] {processor.py:183} INFO - Processing /home/airflow/.local/lib/python3.8/site-packages/airflow/example_dags/example_dag_decorator.py took 0.428 seconds
[2026-06-18T17:28:57.196+0000] {processor.py:161} INFO - Started process (PID=5121) to work on /home/airflow/.local/lib/python3.8/site-packages/airflow/example_dags/example_dag_decorator.py
[2026-06-18T17:28:57.198+0000] {processor.py:830} INFO - Processing file /home/airflow/.local/lib/python3.8/site-packages/airflow/example_dags/example_dag_decorator.py for tasks to queue
[2026-06-18T17:28:57.201+0000] {logging_mixin.py:188} INFO - [2026-06-18T17:28:57.201+0000] {dagbag.py:538} INFO - Filling up the DagBag from /home/airflow/.local/lib/python3.8/site-packages/airflow/example_dags/example_dag_decorator.py
[2026-06-18T17:28:57.393+0000] {processor.py:840} INFO - DAG(s) 'example_dag_decorator' retrieved from /home/airflow/.local/lib/python3.8/site-packages/airflow/example_dags/example_dag_decorator.py
[2026-06-18T17:28:57.617+0000] {logging_mixin.py:188} INFO - [2026-06-18T17:28:57.616+0000] {dag.py:3036} INFO - Sync 1 DAGs
[2026-06-18T17:28:57.637+0000] {logging_mixin.py:188} INFO - [2026-06-18T17:28:57.637+0000] {dag.py:3823} INFO - Setting next_dagrun for example_dag_decorator to None, run_after=None
[2026-06-18T17:28:57.672+0000] {processor.py:183} INFO - Processing /home/airflow/.local/lib/python3.8/site-packages/airflow/example_dags/example_dag_decorator.py took 0.481 seconds
[2026-06-18T17:29:27.725+0000] {processor.py:161} INFO - Started process (PID=5193) to work on /home/airflow/.local/lib/python3.8/site-packages/airflow/example_dags/example_dag_decorator.py
[2026-06-18T17:29:27.727+0000] {processor.py:830} INFO - Processing file /home/airflow/.local/lib/python3.8/site-packages/airflow/example_dags/example_dag_decorator.py for tasks to queue
[2026-06-18T17:29:27.729+0000] {logging_mixin.py:188} INFO - [2026-06-18T17:29:27.728+0000] {dagbag.py:538} INFO - Filling up the DagBag from /home/airflow/.local/lib/python3.8/site-packages/airflow/example_dags/example_dag_decorator.py
[2026-06-18T17:29:27.880+0000] {processor.py:840} INFO - DAG(s) 'example_dag_decorator' retrieved from /home/airflow/.local/lib/python3.8/site-packages/airflow/example_dags/example_dag_decorator.py
[2026-06-18T17:29:28.058+0000] {logging_mixin.py:188} INFO - [2026-06-18T17:29:28.057+0000] {dag.py:3036} INFO - Sync 1 DAGs
[2026-06-18T17:29:28.075+0000] {logging_mixin.py:188} INFO - [2026-06-18T17:29:28.074+0000] {dag.py:3823} INFO - Setting next_dagrun for example_dag_decorator to None, run_after=None
[2026-06-18T17:29:28.104+0000] {processor.py:183} INFO - Processing /home/airflow/.local/lib/python3.8/site-packages/airflow/example_dags/example_dag_decorator.py took 0.384 seconds
[2026-06-18T17:29:58.243+0000] {processor.py:161} INFO - Started process (PID=5257) to work on /home/airflow/.local/lib/python3.8/site-packages/airflow/example_dags/example_dag_decorator.py
[2026-06-18T17:29:58.245+0000] {processor.py:830} INFO - Processing file /home/airflow/.local/lib/python3.8/site-packages/airflow/example_dags/example_dag_decorator.py for tasks to queue
[2026-06-18T17:29:58.249+0000] {logging_mixin.py:188} INFO - [2026-06-18T17:29:58.248+0000] {dagbag.py:538} INFO - Filling up the DagBag from /home/airflow/.local/lib/python3.8/site-packages/airflow/example_dags/example_dag_decorator.py
[2026-06-18T17:29:58.424+0000] {processor.py:840} INFO - DAG(s) 'example_dag_decorator' retrieved from /home/airflow/.local/lib/python3.8/site-packages/airflow/example_dags/example_dag_decorator.py
[2026-06-18T17:29:58.641+0000] {logging_mixin.py:188} INFO - [2026-06-18T17:29:58.640+0000] {dag.py:3036} INFO - Sync 1 DAGs
[2026-06-18T17:29:58.659+0000] {logging_mixin.py:188} INFO - [2026-06-18T17:29:58.659+0000] {dag.py:3823} INFO - Setting next_dagrun for example_dag_decorator to None, run_after=None
[2026-06-18T17:29:58.695+0000] {processor.py:183} INFO - Processing /home/airflow/.local/lib/python3.8/site-packages/airflow/example_dags/example_dag_decorator.py took 0.457 seconds
[2026-06-18T17:30:28.919+0000] {processor.py:161} INFO - Started process (PID=5323) to work on /home/airflow/.local/lib/python3.8/site-packages/airflow/example_dags/example_dag_decorator.py
[2026-06-18T17:30:28.921+0000] {processor.py:830} INFO - Processing file /home/airflow/.local/lib/python3.8/site-packages/airflow/example_dags/example_dag_decorator.py for tasks to queue
[2026-06-18T17:30:28.923+0000] {logging_mixin.py:188} INFO - [2026-06-18T17:30:28.923+0000] {dagbag.py:538} INFO - Filling up the DagBag from /home/airflow/.local/lib/python3.8/site-packages/airflow/example_dags/example_dag_decorator.py
[2026-06-18T17:30:29.076+0000] {processor.py:840} INFO - DAG(s) 'example_dag_decorator' retrieved from /home/airflow/.local/lib/python3.8/site-packages/airflow/example_dags/example_dag_decorator.py
[2026-06-18T17:30:29.291+0000] {logging_mixin.py:188} INFO - [2026-06-18T17:30:29.290+0000] {dag.py:3036} INFO - Sync 1 DAGs
[2026-06-18T17:30:29.310+0000] {logging_mixin.py:188} INFO - [2026-06-18T17:30:29.310+0000] {dag.py:3823} INFO - Setting next_dagrun for example_dag_decorator to None, run_after=None
[2026-06-18T17:30:29.343+0000] {processor.py:183} INFO - Processing /home/airflow/.local/lib/python3.8/site-packages/airflow/example_dags/example_dag_decorator.py took 0.429 seconds
[2026-06-18T17:30:59.607+0000] {processor.py:161} INFO - Started process (PID=5389) to work on /home/airflow/.local/lib/python3.8/site-packages/airflow/example_dags/example_dag_decorator.py
[2026-06-18T17:30:59.610+0000] {processor.py:830} INFO - Processing file /home/airflow/.local/lib/python3.8/site-packages/airflow/example_dags/example_dag_decorator.py for tasks to queue
[2026-06-18T17:30:59.613+0000] {logging_mixin.py:188} INFO - [2026-06-18T17:30:59.612+0000] {dagbag.py:538} INFO - Filling up the DagBag from /home/airflow/.local/lib/python3.8/site-packages/airflow/example_dags/example_dag_decorator.py
[2026-06-18T17:30:59.777+0000] {processor.py:840} INFO - DAG(s) 'example_dag_decorator' retrieved from /home/airflow/.local/lib/python3.8/site-packages/airflow/example_dags/example_dag_decorator.py
[2026-06-18T17:30:59.821+0000] {logging_mixin.py:188} INFO - [2026-06-18T17:30:59.820+0000] {dag.py:3036} INFO - Sync 1 DAGs
[2026-06-18T17:30:59.843+0000] {logging_mixin.py:188} INFO - [2026-06-18T17:30:59.843+0000] {dag.py:3823} INFO - Setting next_dagrun for example_dag_decorator to None, run_after=None
[2026-06-18T17:30:59.878+0000] {processor.py:183} INFO - Processing /home/airflow/.local/lib/python3.8/site-packages/airflow/example_dags/example_dag_decorator.py took 0.276 seconds
[2026-06-18T17:31:30.384+0000] {processor.py:161} INFO - Started process (PID=5454) to work on /home/airflow/.local/lib/python3.8/site-packages/airflow/example_dags/example_dag_decorator.py
[2026-06-18T17:31:30.385+0000] {processor.py:830} INFO - Processing file /home/airflow/.local/lib/python3.8/site-packages/airflow/example_dags/example_dag_decorator.py for tasks to queue
[2026-06-18T17:31:30.389+0000] {logging_mixin.py:188} INFO - [2026-06-18T17:31:30.388+0000] {dagbag.py:538} INFO - Filling up the DagBag from /home/airflow/.local/lib/python3.8/site-packages/airflow/example_dags/example_dag_decorator.py
[2026-06-18T17:31:30.602+0000] {processor.py:840} INFO - DAG(s) 'example_dag_decorator' retrieved from /home/airflow/.local/lib/python3.8/site-packages/airflow/example_dags/example_dag_decorator.py
[2026-06-18T17:31:30.876+0000] {logging_mixin.py:188} INFO - [2026-06-18T17:31:30.875+0000] {dag.py:3036} INFO - Sync 1 DAGs
[2026-06-18T17:31:30.901+0000] {logging_mixin.py:188} INFO - [2026-06-18T17:31:30.900+0000] {dag.py:3823} INFO - Setting next_dagrun for example_dag_decorator to None, run_after=None
[2026-06-18T17:31:30.945+0000] {processor.py:183} INFO - Processing /home/airflow/.local/lib/python3.8/site-packages/airflow/example_dags/example_dag_decorator.py took 0.567 seconds
[2026-06-18T17:32:01.455+0000] {processor.py:161} INFO - Started process (PID=5521) to work on /home/airflow/.local/lib/python3.8/site-packages/airflow/example_dags/example_dag_decorator.py
[2026-06-18T17:32:01.458+0000] {processor.py:830} INFO - Processing file /home/airflow/.local/lib/python3.8/site-packages/airflow/example_dags/example_dag_decorator.py for tasks to queue
[2026-06-18T17:32:01.461+0000] {logging_mixin.py:188} INFO - [2026-06-18T17:32:01.460+0000] {dagbag.py:538} INFO - Filling up the DagBag from /home/airflow/.local/lib/python3.8/site-packages/airflow/example_dags/example_dag_decorator.py
[2026-06-18T17:32:01.634+0000] {processor.py:840} INFO - DAG(s) 'example_dag_decorator' retrieved from /home/airflow/.local/lib/python3.8/site-packages/airflow/example_dags/example_dag_decorator.py
[2026-06-18T17:32:01.673+0000] {logging_mixin.py:188} INFO - [2026-06-18T17:32:01.672+0000] {dag.py:3036} INFO - Sync 1 DAGs
[2026-06-18T17:32:01.692+0000] {logging_mixin.py:188} INFO - [2026-06-18T17:32:01.691+0000] {dag.py:3823} INFO - Setting next_dagrun for example_dag_decorator to None, run_after=None
[2026-06-18T17:32:01.719+0000] {processor.py:183} INFO - Processing /home/airflow/.local/lib/python3.8/site-packages/airflow/example_dags/example_dag_decorator.py took 0.270 seconds
[2026-06-18T17:32:31.829+0000] {processor.py:161} INFO - Started process (PID=5587) to work on /home/airflow/.local/lib/python3.8/site-packages/airflow/example_dags/example_dag_decorator.py
[2026-06-18T17:32:31.831+0000] {processor.py:830} INFO - Processing file /home/airflow/.local/lib/python3.8/site-packages/airflow/example_dags/example_dag_decorator.py for tasks to queue
[2026-06-18T17:32:31.834+0000] {logging_mixin.py:188} INFO - [2026-06-18T17:32:31.833+0000] {dagbag.py:538} INFO - Filling up the DagBag from /home/airflow/.local/lib/python3.8/site-packages/airflow/example_dags/example_dag_decorator.py
[2026-06-18T17:32:31.998+0000] {processor.py:840} INFO - DAG(s) 'example_dag_decorator' retrieved from /home/airflow/.local/lib/python3.8/site-packages/airflow/example_dags/example_dag_decorator.py
[2026-06-18T17:32:32.195+0000] {logging_mixin.py:188} INFO - [2026-06-18T17:32:32.195+0000] {dag.py:3036} INFO - Sync 1 DAGs
[2026-06-18T17:32:32.217+0000] {logging_mixin.py:188} INFO - [2026-06-18T17:32:32.217+0000] {dag.py:3823} INFO - Setting next_dagrun for example_dag_decorator to None, run_after=None
[2026-06-18T17:32:32.252+0000] {processor.py:183} INFO - Processing /home/airflow/.local/lib/python3.8/site-packages/airflow/example_dags/example_dag_decorator.py took 0.428 seconds
[2026-06-18T17:33:03.400+0000] {processor.py:161} INFO - Started process (PID=5655) to work on /home/airflow/.local/lib/python3.8/site-packages/airflow/example_dags/example_dag_decorator.py
[2026-06-18T17:33:03.403+0000] {processor.py:830} INFO - Processing file /home/airflow/.local/lib/python3.8/site-packages/airflow/example_dags/example_dag_decorator.py for tasks to queue
[2026-06-18T17:33:03.406+0000] {logging_mixin.py:188} INFO - [2026-06-18T17:33:03.405+0000] {dagbag.py:538} INFO - Filling up the DagBag from /home/airflow/.local/lib/python3.8/site-packages/airflow/example_dags/example_dag_decorator.py
[2026-06-18T17:33:03.576+0000] {processor.py:840} INFO - DAG(s) 'example_dag_decorator' retrieved from /home/airflow/.local/lib/python3.8/site-packages/airflow/example_dags/example_dag_decorator.py
[2026-06-18T17:33:03.762+0000] {logging_mixin.py:188} INFO - [2026-06-18T17:33:03.761+0000] {dag.py:3036} INFO - Sync 1 DAGs
[2026-06-18T17:33:03.782+0000] {logging_mixin.py:188} INFO - [2026-06-18T17:33:03.782+0000] {dag.py:3823} INFO - Setting next_dagrun for example_dag_decorator to None, run_after=None
[2026-06-18T17:33:03.816+0000] {processor.py:183} INFO - Processing /home/airflow/.local/lib/python3.8/site-packages/airflow/example_dags/example_dag_decorator.py took 0.422 seconds
[2026-06-18T17:33:34.335+0000] {processor.py:161} INFO - Started process (PID=5723) to work on /home/airflow/.local/lib/python3.8/site-packages/airflow/example_dags/example_dag_decorator.py
[2026-06-18T17:33:34.337+0000] {processor.py:830} INFO - Processing file /home/airflow/.local/lib/python3.8/site-packages/airflow/example_dags/example_dag_decorator.py for tasks to queue
[2026-06-18T17:33:34.339+0000] {logging_mixin.py:188} INFO - [2026-06-18T17:33:34.339+0000] {dagbag.py:538} INFO - Filling up the DagBag from /home/airflow/.local/lib/python3.8/site-packages/airflow/example_dags/example_dag_decorator.py
[2026-06-18T17:33:34.495+0000] {processor.py:840} INFO - DAG(s) 'example_dag_decorator' retrieved from /home/airflow/.local/lib/python3.8/site-packages/airflow/example_dags/example_dag_decorator.py
[2026-06-18T17:33:34.669+0000] {logging_mixin.py:188} INFO - [2026-06-18T17:33:34.668+0000] {dag.py:3036} INFO - Sync 1 DAGs
[2026-06-18T17:33:34.686+0000] {logging_mixin.py:188} INFO - [2026-06-18T17:33:34.685+0000] {dag.py:3823} INFO - Setting next_dagrun for example_dag_decorator to None, run_after=None
[2026-06-18T17:33:34.722+0000] {processor.py:183} INFO - Processing /home/airflow/.local/lib/python3.8/site-packages/airflow/example_dags/example_dag_decorator.py took 0.393 seconds
[2026-06-18T17:34:04.778+0000] {processor.py:161} INFO - Started process (PID=5789) to work on /home/airflow/.local/lib/python3.8/site-packages/airflow/example_dags/example_dag_decorator.py
[2026-06-18T17:34:04.780+0000] {processor.py:830} INFO - Processing file /home/airflow/.local/lib/python3.8/site-packages/airflow/example_dags/example_dag_decorator.py for tasks to queue
[2026-06-18T17:34:04.782+0000] {logging_mixin.py:188} INFO - [2026-06-18T17:34:04.782+0000] {dagbag.py:538} INFO - Filling up the DagBag from /home/airflow/.local/lib/python3.8/site-packages/airflow/example_dags/example_dag_decorator.py
[2026-06-18T17:34:04.928+0000] {processor.py:840} INFO - DAG(s) 'example_dag_decorator' retrieved from /home/airflow/.local/lib/python3.8/site-packages/airflow/example_dags/example_dag_decorator.py
[2026-06-18T17:34:05.118+0000] {logging_mixin.py:188} INFO - [2026-06-18T17:34:05.118+0000] {dag.py:3036} INFO - Sync 1 DAGs
[2026-06-18T17:34:05.138+0000] {logging_mixin.py:188} INFO - [2026-06-18T17:34:05.137+0000] {dag.py:3823} INFO - Setting next_dagrun for example_dag_decorator to None, run_after=None
[2026-06-18T17:34:05.187+0000] {processor.py:183} INFO - Processing /home/airflow/.local/lib/python3.8/site-packages/airflow/example_dags/example_dag_decorator.py took 0.413 seconds
[2026-06-18T17:34:35.341+0000] {processor.py:161} INFO - Started process (PID=5861) to work on /home/airflow/.local/lib/python3.8/site-packages/airflow/example_dags/example_dag_decorator.py
[2026-06-18T17:34:35.343+0000] {processor.py:830} INFO - Processing file /home/airflow/.local/lib/python3.8/site-packages/airflow/example_dags/example_dag_decorator.py for tasks to queue
[2026-06-18T17:34:35.347+0000] {logging_mixin.py:188} INFO - [2026-06-18T17:34:35.346+0000] {dagbag.py:538} INFO - Filling up the DagBag from /home/airflow/.local/lib/python3.8/site-packages/airflow/example_dags/example_dag_decorator.py
[2026-06-18T17:34:35.553+0000] {processor.py:840} INFO - DAG(s) 'example_dag_decorator' retrieved from /home/airflow/.local/lib/python3.8/site-packages/airflow/example_dags/example_dag_decorator.py
[2026-06-18T17:34:35.792+0000] {logging_mixin.py:188} INFO - [2026-06-18T17:34:35.792+0000] {dag.py:3036} INFO - Sync 1 DAGs
[2026-06-18T17:34:35.815+0000] {logging_mixin.py:188} INFO - [2026-06-18T17:34:35.815+0000] {dag.py:3823} INFO - Setting next_dagrun for example_dag_decorator to None, run_after=None
[2026-06-18T17:34:35.853+0000] {processor.py:183} INFO - Processing /home/airflow/.local/lib/python3.8/site-packages/airflow/example_dags/example_dag_decorator.py took 0.519 seconds
[2026-06-18T17:35:06.276+0000] {processor.py:161} INFO - Started process (PID=5928) to work on /home/airflow/.local/lib/python3.8/site-packages/airflow/example_dags/example_dag_decorator.py
[2026-06-18T17:35:06.278+0000] {processor.py:830} INFO - Processing file /home/airflow/.local/lib/python3.8/site-packages/airflow/example_dags/example_dag_decorator.py for tasks to queue
[2026-06-18T17:35:06.281+0000] {logging_mixin.py:188} INFO - [2026-06-18T17:35:06.280+0000] {dagbag.py:538} INFO - Filling up the DagBag from /home/airflow/.local/lib/python3.8/site-packages/airflow/example_dags/example_dag_decorator.py
[2026-06-18T17:35:06.494+0000] {processor.py:840} INFO - DAG(s) 'example_dag_decorator' retrieved from /home/airflow/.local/lib/python3.8/site-packages/airflow/example_dags/example_dag_decorator.py
[2026-06-18T17:35:06.547+0000] {logging_mixin.py:188} INFO - [2026-06-18T17:35:06.547+0000] {dag.py:3036} INFO - Sync 1 DAGs
[2026-06-18T17:35:06.573+0000] {logging_mixin.py:188} INFO - [2026-06-18T17:35:06.573+0000] {dag.py:3823} INFO - Setting next_dagrun for example_dag_decorator to None, run_after=None
[2026-06-18T17:35:06.615+0000] {processor.py:183} INFO - Processing /home/airflow/.local/lib/python3.8/site-packages/airflow/example_dags/example_dag_decorator.py took 0.345 seconds
[2026-06-18T17:35:36.856+0000] {processor.py:161} INFO - Started process (PID=5993) to work on /home/airflow/.local/lib/python3.8/site-packages/airflow/example_dags/example_dag_decorator.py
[2026-06-18T17:35:36.858+0000] {processor.py:830} INFO - Processing file /home/airflow/.local/lib/python3.8/site-packages/airflow/example_dags/example_dag_decorator.py for tasks to queue
[2026-06-18T17:35:36.862+0000] {logging_mixin.py:188} INFO - [2026-06-18T17:35:36.861+0000] {dagbag.py:538} INFO - Filling up the DagBag from /home/airflow/.local/lib/python3.8/site-packages/airflow/example_dags/example_dag_decorator.py
[2026-06-18T17:35:37.052+0000] {processor.py:840} INFO - DAG(s) 'example_dag_decorator' retrieved from /home/airflow/.local/lib/python3.8/site-packages/airflow/example_dags/example_dag_decorator.py
[2026-06-18T17:35:37.256+0000] {logging_mixin.py:188} INFO - [2026-06-18T17:35:37.255+0000] {dag.py:3036} INFO - Sync 1 DAGs
[2026-06-18T17:35:37.274+0000] {logging_mixin.py:188} INFO - [2026-06-18T17:35:37.273+0000] {dag.py:3823} INFO - Setting next_dagrun for example_dag_decorator to None, run_after=None
[2026-06-18T17:35:37.306+0000] {processor.py:183} INFO - Processing /home/airflow/.local/lib/python3.8/site-packages/airflow/example_dags/example_dag_decorator.py took 0.455 seconds
[2026-06-18T17:36:07.475+0000] {processor.py:161} INFO - Started process (PID=6060) to work on /home/airflow/.local/lib/python3.8/site-packages/airflow/example_dags/example_dag_decorator.py
[2026-06-18T17:36:07.476+0000] {processor.py:830} INFO - Processing file /home/airflow/.local/lib/python3.8/site-packages/airflow/example_dags/example_dag_decorator.py for tasks to queue
[2026-06-18T17:36:07.479+0000] {logging_mixin.py:188} INFO - [2026-06-18T17:36:07.479+0000] {dagbag.py:538} INFO - Filling up the DagBag from /home/airflow/.local/lib/python3.8/site-packages/airflow/example_dags/example_dag_decorator.py
[2026-06-18T17:36:07.669+0000] {processor.py:840} INFO - DAG(s) 'example_dag_decorator' retrieved from /home/airflow/.local/lib/python3.8/site-packages/airflow/example_dags/example_dag_decorator.py
[2026-06-18T17:36:07.892+0000] {logging_mixin.py:188} INFO - [2026-06-18T17:36:07.892+0000] {dag.py:3036} INFO - Sync 1 DAGs
[2026-06-18T17:36:07.910+0000] {logging_mixin.py:188} INFO - [2026-06-18T17:36:07.910+0000] {dag.py:3823} INFO - Setting next_dagrun for example_dag_decorator to None, run_after=None
[2026-06-18T17:36:07.944+0000] {processor.py:183} INFO - Processing /home/airflow/.local/lib/python3.8/site-packages/airflow/example_dags/example_dag_decorator.py took 0.474 seconds
[2026-06-18T17:36:38.023+0000] {processor.py:161} INFO - Started process (PID=6127) to work on /home/airflow/.local/lib/python3.8/site-packages/airflow/example_dags/example_dag_decorator.py
[2026-06-18T17:36:38.026+0000] {processor.py:830} INFO - Processing file /home/airflow/.local/lib/python3.8/site-packages/airflow/example_dags/example_dag_decorator.py for tasks to queue
[2026-06-18T17:36:38.031+0000] {logging_mixin.py:188} INFO - [2026-06-18T17:36:38.030+0000] {dagbag.py:538} INFO - Filling up the DagBag from /home/airflow/.local/lib/python3.8/site-packages/airflow/example_dags/example_dag_decorator.py
[2026-06-18T17:36:38.214+0000] {processor.py:840} INFO - DAG(s) 'example_dag_decorator' retrieved from /home/airflow/.local/lib/python3.8/site-packages/airflow/example_dags/example_dag_decorator.py
[2026-06-18T17:36:38.421+0000] {logging_mixin.py:188} INFO - [2026-06-18T17:36:38.421+0000] {dag.py:3036} INFO - Sync 1 DAGs
[2026-06-18T17:36:38.443+0000] {logging_mixin.py:188} INFO - [2026-06-18T17:36:38.442+0000] {dag.py:3823} INFO - Setting next_dagrun for example_dag_decorator to None, run_after=None
[2026-06-18T17:36:38.482+0000] {processor.py:183} INFO - Processing /home/airflow/.local/lib/python3.8/site-packages/airflow/example_dags/example_dag_decorator.py took 0.481 seconds
[2026-06-18T17:37:09.469+0000] {processor.py:161} INFO - Started process (PID=6196) to work on /home/airflow/.local/lib/python3.8/site-packages/airflow/example_dags/example_dag_decorator.py
[2026-06-18T17:37:09.470+0000] {processor.py:830} INFO - Processing file /home/airflow/.local/lib/python3.8/site-packages/airflow/example_dags/example_dag_decorator.py for tasks to queue
[2026-06-18T17:37:09.473+0000] {logging_mixin.py:188} INFO - [2026-06-18T17:37:09.473+0000] {dagbag.py:538} INFO - Filling up the DagBag from /home/airflow/.local/lib/python3.8/site-packages/airflow/example_dags/example_dag_decorator.py
[2026-06-18T17:37:09.629+0000] {processor.py:840} INFO - DAG(s) 'example_dag_decorator' retrieved from /home/airflow/.local/lib/python3.8/site-packages/airflow/example_dags/example_dag_decorator.py
[2026-06-18T17:37:09.812+0000] {logging_mixin.py:188} INFO - [2026-06-18T17:37:09.811+0000] {dag.py:3036} INFO - Sync 1 DAGs
[2026-06-18T17:37:09.829+0000] {logging_mixin.py:188} INFO - [2026-06-18T17:37:09.829+0000] {dag.py:3823} INFO - Setting next_dagrun for example_dag_decorator to None, run_after=None
[2026-06-18T17:37:09.864+0000] {processor.py:183} INFO - Processing /home/airflow/.local/lib/python3.8/site-packages/airflow/example_dags/example_dag_decorator.py took 0.399 seconds
[2026-06-18T17:37:41.016+0000] {processor.py:161} INFO - Started process (PID=6263) to work on /home/airflow/.local/lib/python3.8/site-packages/airflow/example_dags/example_dag_decorator.py
[2026-06-18T17:37:41.019+0000] {processor.py:830} INFO - Processing file /home/airflow/.local/lib/python3.8/site-packages/airflow/example_dags/example_dag_decorator.py for tasks to queue
[2026-06-18T17:37:41.022+0000] {logging_mixin.py:188} INFO - [2026-06-18T17:37:41.021+0000] {dagbag.py:538} INFO - Filling up the DagBag from /home/airflow/.local/lib/python3.8/site-packages/airflow/example_dags/example_dag_decorator.py
[2026-06-18T17:37:41.207+0000] {processor.py:840} INFO - DAG(s) 'example_dag_decorator' retrieved from /home/airflow/.local/lib/python3.8/site-packages/airflow/example_dags/example_dag_decorator.py
[2026-06-18T17:37:41.418+0000] {logging_mixin.py:188} INFO - [2026-06-18T17:37:41.417+0000] {dag.py:3036} INFO - Sync 1 DAGs
[2026-06-18T17:37:41.436+0000] {logging_mixin.py:188} INFO - [2026-06-18T17:37:41.435+0000] {dag.py:3823} INFO - Setting next_dagrun for example_dag_decorator to None, run_after=None
[2026-06-18T17:37:41.466+0000] {processor.py:183} INFO - Processing /home/airflow/.local/lib/python3.8/site-packages/airflow/example_dags/example_dag_decorator.py took 0.456 seconds
[2026-06-18T17:38:12.338+0000] {processor.py:161} INFO - Started process (PID=6328) to work on /home/airflow/.local/lib/python3.8/site-packages/airflow/example_dags/example_dag_decorator.py
[2026-06-18T17:38:12.340+0000] {processor.py:830} INFO - Processing file /home/airflow/.local/lib/python3.8/site-packages/airflow/example_dags/example_dag_decorator.py for tasks to queue
[2026-06-18T17:38:12.343+0000] {logging_mixin.py:188} INFO - [2026-06-18T17:38:12.343+0000] {dagbag.py:538} INFO - Filling up the DagBag from /home/airflow/.local/lib/python3.8/site-packages/airflow/example_dags/example_dag_decorator.py
[2026-06-18T17:38:12.543+0000] {processor.py:840} INFO - DAG(s) 'example_dag_decorator' retrieved from /home/airflow/.local/lib/python3.8/site-packages/airflow/example_dags/example_dag_decorator.py
[2026-06-18T17:38:12.785+0000] {logging_mixin.py:188} INFO - [2026-06-18T17:38:12.785+0000] {dag.py:3036} INFO - Sync 1 DAGs
[2026-06-18T17:38:12.814+0000] {logging_mixin.py:188} INFO - [2026-06-18T17:38:12.813+0000] {dag.py:3823} INFO - Setting next_dagrun for example_dag_decorator to None, run_after=None
[2026-06-18T17:38:12.849+0000] {processor.py:183} INFO - Processing /home/airflow/.local/lib/python3.8/site-packages/airflow/example_dags/example_dag_decorator.py took 0.516 seconds
[2026-06-18T17:38:43.860+0000] {processor.py:161} INFO - Started process (PID=6396) to work on /home/airflow/.local/lib/python3.8/site-packages/airflow/example_dags/example_dag_decorator.py
[2026-06-18T17:38:43.862+0000] {processor.py:830} INFO - Processing file /home/airflow/.local/lib/python3.8/site-packages/airflow/example_dags/example_dag_decorator.py for tasks to queue
[2026-06-18T17:38:43.865+0000] {logging_mixin.py:188} INFO - [2026-06-18T17:38:43.864+0000] {dagbag.py:538} INFO - Filling up the DagBag from /home/airflow/.local/lib/python3.8/site-packages/airflow/example_dags/example_dag_decorator.py
[2026-06-18T17:38:44.053+0000] {processor.py:840} INFO - DAG(s) 'example_dag_decorator' retrieved from /home/airflow/.local/lib/python3.8/site-packages/airflow/example_dags/example_dag_decorator.py
[2026-06-18T17:38:44.284+0000] {logging_mixin.py:188} INFO - [2026-06-18T17:38:44.284+0000] {dag.py:3036} INFO - Sync 1 DAGs
[2026-06-18T17:38:44.307+0000] {logging_mixin.py:188} INFO - [2026-06-18T17:38:44.307+0000] {dag.py:3823} INFO - Setting next_dagrun for example_dag_decorator to None, run_after=None
[2026-06-18T17:38:44.336+0000] {processor.py:183} INFO - Processing /home/airflow/.local/lib/python3.8/site-packages/airflow/example_dags/example_dag_decorator.py took 0.482 seconds
[2026-06-18T17:39:14.564+0000] {processor.py:161} INFO - Started process (PID=6470) to work on /home/airflow/.local/lib/python3.8/site-packages/airflow/example_dags/example_dag_decorator.py
[2026-06-18T17:39:14.566+0000] {processor.py:830} INFO - Processing file /home/airflow/.local/lib/python3.8/site-packages/airflow/example_dags/example_dag_decorator.py for tasks to queue
[2026-06-18T17:39:14.569+0000] {logging_mixin.py:188} INFO - [2026-06-18T17:39:14.569+0000] {dagbag.py:538} INFO - Filling up the DagBag from /home/airflow/.local/lib/python3.8/site-packages/airflow/example_dags/example_dag_decorator.py
[2026-06-18T17:39:14.760+0000] {processor.py:840} INFO - DAG(s) 'example_dag_decorator' retrieved from /home/airflow/.local/lib/python3.8/site-packages/airflow/example_dags/example_dag_decorator.py
[2026-06-18T17:39:14.813+0000] {logging_mixin.py:188} INFO - [2026-06-18T17:39:14.812+0000] {dag.py:3036} INFO - Sync 1 DAGs
[2026-06-18T17:39:14.834+0000] {logging_mixin.py:188} INFO - [2026-06-18T17:39:14.833+0000] {dag.py:3823} INFO - Setting next_dagrun for example_dag_decorator to None, run_after=None
[2026-06-18T17:39:14.863+0000] {processor.py:183} INFO - Processing /home/airflow/.local/lib/python3.8/site-packages/airflow/example_dags/example_dag_decorator.py took 0.304 seconds
[2026-06-18T17:39:45.190+0000] {processor.py:161} INFO - Started process (PID=6536) to work on /home/airflow/.local/lib/python3.8/site-packages/airflow/example_dags/example_dag_decorator.py
[2026-06-18T17:39:45.191+0000] {processor.py:830} INFO - Processing file /home/airflow/.local/lib/python3.8/site-packages/airflow/example_dags/example_dag_decorator.py for tasks to queue
[2026-06-18T17:39:45.194+0000] {logging_mixin.py:188} INFO - [2026-06-18T17:39:45.193+0000] {dagbag.py:538} INFO - Filling up the DagBag from /home/airflow/.local/lib/python3.8/site-packages/airflow/example_dags/example_dag_decorator.py
[2026-06-18T17:39:45.378+0000] {processor.py:840} INFO - DAG(s) 'example_dag_decorator' retrieved from /home/airflow/.local/lib/python3.8/site-packages/airflow/example_dags/example_dag_decorator.py
[2026-06-18T17:39:45.600+0000] {logging_mixin.py:188} INFO - [2026-06-18T17:39:45.600+0000] {dag.py:3036} INFO - Sync 1 DAGs
[2026-06-18T17:39:45.620+0000] {logging_mixin.py:188} INFO - [2026-06-18T17:39:45.620+0000] {dag.py:3823} INFO - Setting next_dagrun for example_dag_decorator to None, run_after=None
[2026-06-18T17:39:45.650+0000] {processor.py:183} INFO - Processing /home/airflow/.local/lib/python3.8/site-packages/airflow/example_dags/example_dag_decorator.py took 0.465 seconds
[2026-06-18T17:40:16.047+0000] {processor.py:161} INFO - Started process (PID=6602) to work on /home/airflow/.local/lib/python3.8/site-packages/airflow/example_dags/example_dag_decorator.py
[2026-06-18T17:40:16.049+0000] {processor.py:830} INFO - Processing file /home/airflow/.local/lib/python3.8/site-packages/airflow/example_dags/example_dag_decorator.py for tasks to queue
[2026-06-18T17:40:16.052+0000] {logging_mixin.py:188} INFO - [2026-06-18T17:40:16.052+0000] {dagbag.py:538} INFO - Filling up the DagBag from /home/airflow/.local/lib/python3.8/site-packages/airflow/example_dags/example_dag_decorator.py
[2026-06-18T17:40:16.247+0000] {processor.py:840} INFO - DAG(s) 'example_dag_decorator' retrieved from /home/airflow/.local/lib/python3.8/site-packages/airflow/example_dags/example_dag_decorator.py
[2026-06-18T17:40:16.471+0000] {logging_mixin.py:188} INFO - [2026-06-18T17:40:16.471+0000] {dag.py:3036} INFO - Sync 1 DAGs
[2026-06-18T17:40:16.506+0000] {logging_mixin.py:188} INFO - [2026-06-18T17:40:16.506+0000] {dag.py:3823} INFO - Setting next_dagrun for example_dag_decorator to None, run_after=None
[2026-06-18T17:40:16.552+0000] {processor.py:183} INFO - Processing /home/airflow/.local/lib/python3.8/site-packages/airflow/example_dags/example_dag_decorator.py took 0.510 seconds
[2026-06-18T17:40:46.745+0000] {processor.py:161} INFO - Started process (PID=6670) to work on /home/airflow/.local/lib/python3.8/site-packages/airflow/example_dags/example_dag_decorator.py
[2026-06-18T17:40:46.747+0000] {processor.py:830} INFO - Processing file /home/airflow/.local/lib/python3.8/site-packages/airflow/example_dags/example_dag_decorator.py for tasks to queue
[2026-06-18T17:40:46.751+0000] {logging_mixin.py:188} INFO - [2026-06-18T17:40:46.750+0000] {dagbag.py:538} INFO - Filling up the DagBag from /home/airflow/.local/lib/python3.8/site-packages/airflow/example_dags/example_dag_decorator.py
[2026-06-18T17:40:46.908+0000] {processor.py:840} INFO - DAG(s) 'example_dag_decorator' retrieved from /home/airflow/.local/lib/python3.8/site-packages/airflow/example_dags/example_dag_decorator.py
[2026-06-18T17:40:47.095+0000] {logging_mixin.py:188} INFO - [2026-06-18T17:40:47.095+0000] {dag.py:3036} INFO - Sync 1 DAGs
[2026-06-18T17:40:47.115+0000] {logging_mixin.py:188} INFO - [2026-06-18T17:40:47.115+0000] {dag.py:3823} INFO - Setting next_dagrun for example_dag_decorator to None, run_after=None
[2026-06-18T17:40:47.151+0000] {processor.py:183} INFO - Processing /home/airflow/.local/lib/python3.8/site-packages/airflow/example_dags/example_dag_decorator.py took 0.411 seconds
[2026-06-18T17:41:17.200+0000] {processor.py:161} INFO - Started process (PID=6735) to work on /home/airflow/.local/lib/python3.8/site-packages/airflow/example_dags/example_dag_decorator.py
[2026-06-18T17:41:17.202+0000] {processor.py:830} INFO - Processing file /home/airflow/.local/lib/python3.8/site-packages/airflow/example_dags/example_dag_decorator.py for tasks to queue
[2026-06-18T17:41:17.205+0000] {logging_mixin.py:188} INFO - [2026-06-18T17:41:17.205+0000] {dagbag.py:538} INFO - Filling up the DagBag from /home/airflow/.local/lib/python3.8/site-packages/airflow/example_dags/example_dag_decorator.py
[2026-06-18T17:41:17.359+0000] {processor.py:840} INFO - DAG(s) 'example_dag_decorator' retrieved from /home/airflow/.local/lib/python3.8/site-packages/airflow/example_dags/example_dag_decorator.py
[2026-06-18T17:41:17.571+0000] {logging_mixin.py:188} INFO - [2026-06-18T17:41:17.571+0000] {dag.py:3036} INFO - Sync 1 DAGs
[2026-06-18T17:41:17.593+0000] {logging_mixin.py:188} INFO - [2026-06-18T17:41:17.592+0000] {dag.py:3823} INFO - Setting next_dagrun for example_dag_decorator to None, run_after=None
[2026-06-18T17:41:17.635+0000] {processor.py:183} INFO - Processing /home/airflow/.local/lib/python3.8/site-packages/airflow/example_dags/example_dag_decorator.py took 0.440 seconds
[2026-06-18T17:41:48.561+0000] {processor.py:161} INFO - Started process (PID=6800) to work on /home/airflow/.local/lib/python3.8/site-packages/airflow/example_dags/example_dag_decorator.py
[2026-06-18T17:41:48.563+0000] {processor.py:830} INFO - Processing file /home/airflow/.local/lib/python3.8/site-packages/airflow/example_dags/example_dag_decorator.py for tasks to queue
[2026-06-18T17:41:48.566+0000] {logging_mixin.py:188} INFO - [2026-06-18T17:41:48.565+0000] {dagbag.py:538} INFO - Filling up the DagBag from /home/airflow/.local/lib/python3.8/site-packages/airflow/example_dags/example_dag_decorator.py
[2026-06-18T17:41:48.753+0000] {processor.py:840} INFO - DAG(s) 'example_dag_decorator' retrieved from /home/airflow/.local/lib/python3.8/site-packages/airflow/example_dags/example_dag_decorator.py
[2026-06-18T17:41:48.933+0000] {logging_mixin.py:188} INFO - [2026-06-18T17:41:48.932+0000] {dag.py:3036} INFO - Sync 1 DAGs
[2026-06-18T17:41:48.953+0000] {logging_mixin.py:188} INFO - [2026-06-18T17:41:48.952+0000] {dag.py:3823} INFO - Setting next_dagrun for example_dag_decorator to None, run_after=None
[2026-06-18T17:41:48.984+0000] {processor.py:183} INFO - Processing /home/airflow/.local/lib/python3.8/site-packages/airflow/example_dags/example_dag_decorator.py took 0.430 seconds
[2026-06-18T17:42:19.065+0000] {processor.py:161} INFO - Started process (PID=6866) to work on /home/airflow/.local/lib/python3.8/site-packages/airflow/example_dags/example_dag_decorator.py
[2026-06-18T17:42:19.067+0000] {processor.py:830} INFO - Processing file /home/airflow/.local/lib/python3.8/site-packages/airflow/example_dags/example_dag_decorator.py for tasks to queue
[2026-06-18T17:42:19.072+0000] {logging_mixin.py:188} INFO - [2026-06-18T17:42:19.072+0000] {dagbag.py:538} INFO - Filling up the DagBag from /home/airflow/.local/lib/python3.8/site-packages/airflow/example_dags/example_dag_decorator.py
[2026-06-18T17:42:19.260+0000] {processor.py:840} INFO - DAG(s) 'example_dag_decorator' retrieved from /home/airflow/.local/lib/python3.8/site-packages/airflow/example_dags/example_dag_decorator.py
[2026-06-18T17:42:19.451+0000] {logging_mixin.py:188} INFO - [2026-06-18T17:42:19.450+0000] {dag.py:3036} INFO - Sync 1 DAGs
[2026-06-18T17:42:19.469+0000] {logging_mixin.py:188} INFO - [2026-06-18T17:42:19.468+0000] {dag.py:3823} INFO - Setting next_dagrun for example_dag_decorator to None, run_after=None
[2026-06-18T17:42:19.509+0000] {processor.py:183} INFO - Processing /home/airflow/.local/lib/python3.8/site-packages/airflow/example_dags/example_dag_decorator.py took 0.449 seconds
[2026-06-18T17:42:49.598+0000] {processor.py:161} INFO - Started process (PID=6934) to work on /home/airflow/.local/lib/python3.8/site-packages/airflow/example_dags/example_dag_decorator.py
[2026-06-18T17:42:49.599+0000] {processor.py:830} INFO - Processing file /home/airflow/.local/lib/python3.8/site-packages/airflow/example_dags/example_dag_decorator.py for tasks to queue
[2026-06-18T17:42:49.602+0000] {logging_mixin.py:188} INFO - [2026-06-18T17:42:49.601+0000] {dagbag.py:538} INFO - Filling up the DagBag from /home/airflow/.local/lib/python3.8/site-packages/airflow/example_dags/example_dag_decorator.py
[2026-06-18T17:42:49.751+0000] {processor.py:840} INFO - DAG(s) 'example_dag_decorator' retrieved from /home/airflow/.local/lib/python3.8/site-packages/airflow/example_dags/example_dag_decorator.py
[2026-06-18T17:42:49.932+0000] {logging_mixin.py:188} INFO - [2026-06-18T17:42:49.932+0000] {dag.py:3036} INFO - Sync 1 DAGs
[2026-06-18T17:42:49.950+0000] {logging_mixin.py:188} INFO - [2026-06-18T17:42:49.949+0000] {dag.py:3823} INFO - Setting next_dagrun for example_dag_decorator to None, run_after=None
[2026-06-18T17:42:49.979+0000] {processor.py:183} INFO - Processing /home/airflow/.local/lib/python3.8/site-packages/airflow/example_dags/example_dag_decorator.py took 0.387 seconds
[2026-06-18T17:43:20.093+0000] {processor.py:161} INFO - Started process (PID=7001) to work on /home/airflow/.local/lib/python3.8/site-packages/airflow/example_dags/example_dag_decorator.py
[2026-06-18T17:43:20.095+0000] {processor.py:830} INFO - Processing file /home/airflow/.local/lib/python3.8/site-packages/airflow/example_dags/example_dag_decorator.py for tasks to queue
[2026-06-18T17:43:20.098+0000] {logging_mixin.py:188} INFO - [2026-06-18T17:43:20.098+0000] {dagbag.py:538} INFO - Filling up the DagBag from /home/airflow/.local/lib/python3.8/site-packages/airflow/example_dags/example_dag_decorator.py
[2026-06-18T17:43:20.262+0000] {processor.py:840} INFO - DAG(s) 'example_dag_decorator' retrieved from /home/airflow/.local/lib/python3.8/site-packages/airflow/example_dags/example_dag_decorator.py
[2026-06-18T17:43:20.306+0000] {logging_mixin.py:188} INFO - [2026-06-18T17:43:20.305+0000] {dag.py:3036} INFO - Sync 1 DAGs
[2026-06-18T17:43:20.328+0000] {logging_mixin.py:188} INFO - [2026-06-18T17:43:20.328+0000] {dag.py:3823} INFO - Setting next_dagrun for example_dag_decorator to None, run_after=None
[2026-06-18T17:43:20.359+0000] {processor.py:183} INFO - Processing /home/airflow/.local/lib/python3.8/site-packages/airflow/example_dags/example_dag_decorator.py took 0.271 seconds
[2026-06-18T17:43:51.383+0000] {processor.py:161} INFO - Started process (PID=7066) to work on /home/airflow/.local/lib/python3.8/site-packages/airflow/example_dags/example_dag_decorator.py
[2026-06-18T17:43:51.384+0000] {processor.py:830} INFO - Processing file /home/airflow/.local/lib/python3.8/site-packages/airflow/example_dags/example_dag_decorator.py for tasks to queue
[2026-06-18T17:43:51.387+0000] {logging_mixin.py:188} INFO - [2026-06-18T17:43:51.386+0000] {dagbag.py:538} INFO - Filling up the DagBag from /home/airflow/.local/lib/python3.8/site-packages/airflow/example_dags/example_dag_decorator.py
[2026-06-18T17:43:51.536+0000] {processor.py:840} INFO - DAG(s) 'example_dag_decorator' retrieved from /home/airflow/.local/lib/python3.8/site-packages/airflow/example_dags/example_dag_decorator.py
[2026-06-18T17:43:51.716+0000] {logging_mixin.py:188} INFO - [2026-06-18T17:43:51.716+0000] {dag.py:3036} INFO - Sync 1 DAGs
[2026-06-18T17:43:51.735+0000] {logging_mixin.py:188} INFO - [2026-06-18T17:43:51.735+0000] {dag.py:3823} INFO - Setting next_dagrun for example_dag_decorator to None, run_after=None
[2026-06-18T17:43:51.768+0000] {processor.py:183} INFO - Processing /home/airflow/.local/lib/python3.8/site-packages/airflow/example_dags/example_dag_decorator.py took 0.391 seconds
[2026-06-18T17:44:22.144+0000] {processor.py:161} INFO - Started process (PID=7132) to work on /home/airflow/.local/lib/python3.8/site-packages/airflow/example_dags/example_dag_decorator.py
[2026-06-18T17:44:22.146+0000] {processor.py:830} INFO - Processing file /home/airflow/.local/lib/python3.8/site-packages/airflow/example_dags/example_dag_decorator.py for tasks to queue
[2026-06-18T17:44:22.149+0000] {logging_mixin.py:188} INFO - [2026-06-18T17:44:22.149+0000] {dagbag.py:538} INFO - Filling up the DagBag from /home/airflow/.local/lib/python3.8/site-packages/airflow/example_dags/example_dag_decorator.py
[2026-06-18T17:44:22.313+0000] {processor.py:840} INFO - DAG(s) 'example_dag_decorator' retrieved from /home/airflow/.local/lib/python3.8/site-packages/airflow/example_dags/example_dag_decorator.py
[2026-06-18T17:44:22.360+0000] {logging_mixin.py:188} INFO - [2026-06-18T17:44:22.359+0000] {dag.py:3036} INFO - Sync 1 DAGs
[2026-06-18T17:44:22.381+0000] {logging_mixin.py:188} INFO - [2026-06-18T17:44:22.381+0000] {dag.py:3823} INFO - Setting next_dagrun for example_dag_decorator to None, run_after=None
[2026-06-18T17:44:22.414+0000] {processor.py:183} INFO - Processing /home/airflow/.local/lib/python3.8/site-packages/airflow/example_dags/example_dag_decorator.py took 0.275 seconds
[2026-06-18T17:44:52.784+0000] {processor.py:161} INFO - Started process (PID=7205) to work on /home/airflow/.local/lib/python3.8/site-packages/airflow/example_dags/example_dag_decorator.py
[2026-06-18T17:44:52.785+0000] {processor.py:830} INFO - Processing file /home/airflow/.local/lib/python3.8/site-packages/airflow/example_dags/example_dag_decorator.py for tasks to queue
[2026-06-18T17:44:52.788+0000] {logging_mixin.py:188} INFO - [2026-06-18T17:44:52.788+0000] {dagbag.py:538} INFO - Filling up the DagBag from /home/airflow/.local/lib/python3.8/site-packages/airflow/example_dags/example_dag_decorator.py
[2026-06-18T17:44:53.007+0000] {processor.py:840} INFO - DAG(s) 'example_dag_decorator' retrieved from /home/airflow/.local/lib/python3.8/site-packages/airflow/example_dags/example_dag_decorator.py
[2026-06-18T17:44:53.062+0000] {logging_mixin.py:188} INFO - [2026-06-18T17:44:53.062+0000] {dag.py:3036} INFO - Sync 1 DAGs
[2026-06-18T17:44:53.086+0000] {logging_mixin.py:188} INFO - [2026-06-18T17:44:53.086+0000] {dag.py:3823} INFO - Setting next_dagrun for example_dag_decorator to None, run_after=None
[2026-06-18T17:44:53.124+0000] {processor.py:183} INFO - Processing /home/airflow/.local/lib/python3.8/site-packages/airflow/example_dags/example_dag_decorator.py took 0.346 seconds
[2026-06-18T17:45:23.290+0000] {processor.py:161} INFO - Started process (PID=7272) to work on /home/airflow/.local/lib/python3.8/site-packages/airflow/example_dags/example_dag_decorator.py
[2026-06-18T17:45:23.292+0000] {processor.py:830} INFO - Processing file /home/airflow/.local/lib/python3.8/site-packages/airflow/example_dags/example_dag_decorator.py for tasks to queue
[2026-06-18T17:45:23.295+0000] {logging_mixin.py:188} INFO - [2026-06-18T17:45:23.295+0000] {dagbag.py:538} INFO - Filling up the DagBag from /home/airflow/.local/lib/python3.8/site-packages/airflow/example_dags/example_dag_decorator.py
[2026-06-18T17:45:23.553+0000] {processor.py:840} INFO - DAG(s) 'example_dag_decorator' retrieved from /home/airflow/.local/lib/python3.8/site-packages/airflow/example_dags/example_dag_decorator.py
[2026-06-18T17:45:23.818+0000] {logging_mixin.py:188} INFO - [2026-06-18T17:45:23.817+0000] {dag.py:3036} INFO - Sync 1 DAGs
[2026-06-18T17:45:23.841+0000] {logging_mixin.py:188} INFO - [2026-06-18T17:45:23.840+0000] {dag.py:3823} INFO - Setting next_dagrun for example_dag_decorator to None, run_after=None
[2026-06-18T17:45:23.928+0000] {processor.py:183} INFO - Processing /home/airflow/.local/lib/python3.8/site-packages/airflow/example_dags/example_dag_decorator.py took 0.645 seconds
[2026-06-18T17:45:54.043+0000] {processor.py:161} INFO - Started process (PID=7339) to work on /home/airflow/.local/lib/python3.8/site-packages/airflow/example_dags/example_dag_decorator.py
[2026-06-18T17:45:54.044+0000] {processor.py:830} INFO - Processing file /home/airflow/.local/lib/python3.8/site-packages/airflow/example_dags/example_dag_decorator.py for tasks to queue
[2026-06-18T17:45:54.047+0000] {logging_mixin.py:188} INFO - [2026-06-18T17:45:54.047+0000] {dagbag.py:538} INFO - Filling up the DagBag from /home/airflow/.local/lib/python3.8/site-packages/airflow/example_dags/example_dag_decorator.py
[2026-06-18T17:45:54.279+0000] {processor.py:840} INFO - DAG(s) 'example_dag_decorator' retrieved from /home/airflow/.local/lib/python3.8/site-packages/airflow/example_dags/example_dag_decorator.py
[2026-06-18T17:45:54.560+0000] {logging_mixin.py:188} INFO - [2026-06-18T17:45:54.559+0000] {dag.py:3036} INFO - Sync 1 DAGs
[2026-06-18T17:45:54.582+0000] {logging_mixin.py:188} INFO - [2026-06-18T17:45:54.582+0000] {dag.py:3823} INFO - Setting next_dagrun for example_dag_decorator to None, run_after=None
[2026-06-18T17:45:54.627+0000] {processor.py:183} INFO - Processing /home/airflow/.local/lib/python3.8/site-packages/airflow/example_dags/example_dag_decorator.py took 0.592 seconds
[2026-06-18T17:46:24.822+0000] {processor.py:161} INFO - Started process (PID=7407) to work on /home/airflow/.local/lib/python3.8/site-packages/airflow/example_dags/example_dag_decorator.py
[2026-06-18T17:46:24.825+0000] {processor.py:830} INFO - Processing file /home/airflow/.local/lib/python3.8/site-packages/airflow/example_dags/example_dag_decorator.py for tasks to queue
[2026-06-18T17:46:24.828+0000] {logging_mixin.py:188} INFO - [2026-06-18T17:46:24.827+0000] {dagbag.py:538} INFO - Filling up the DagBag from /home/airflow/.local/lib/python3.8/site-packages/airflow/example_dags/example_dag_decorator.py
[2026-06-18T17:46:25.038+0000] {processor.py:840} INFO - DAG(s) 'example_dag_decorator' retrieved from /home/airflow/.local/lib/python3.8/site-packages/airflow/example_dags/example_dag_decorator.py
[2026-06-18T17:46:25.274+0000] {logging_mixin.py:188} INFO - [2026-06-18T17:46:25.273+0000] {dag.py:3036} INFO - Sync 1 DAGs
[2026-06-18T17:46:25.296+0000] {logging_mixin.py:188} INFO - [2026-06-18T17:46:25.295+0000] {dag.py:3823} INFO - Setting next_dagrun for example_dag_decorator to None, run_after=None
[2026-06-18T17:46:25.333+0000] {processor.py:183} INFO - Processing /home/airflow/.local/lib/python3.8/site-packages/airflow/example_dags/example_dag_decorator.py took 0.517 seconds
[2026-06-18T17:46:56.078+0000] {processor.py:161} INFO - Started process (PID=7471) to work on /home/airflow/.local/lib/python3.8/site-packages/airflow/example_dags/example_dag_decorator.py
[2026-06-18T17:46:56.080+0000] {processor.py:830} INFO - Processing file /home/airflow/.local/lib/python3.8/site-packages/airflow/example_dags/example_dag_decorator.py for tasks to queue
[2026-06-18T17:46:56.083+0000] {logging_mixin.py:188} INFO - [2026-06-18T17:46:56.082+0000] {dagbag.py:538} INFO - Filling up the DagBag from /home/airflow/.local/lib/python3.8/site-packages/airflow/example_dags/example_dag_decorator.py
[2026-06-18T17:46:56.264+0000] {processor.py:840} INFO - DAG(s) 'example_dag_decorator' retrieved from /home/airflow/.local/lib/python3.8/site-packages/airflow/example_dags/example_dag_decorator.py
[2026-06-18T17:46:56.484+0000] {logging_mixin.py:188} INFO - [2026-06-18T17:46:56.484+0000] {dag.py:3036} INFO - Sync 1 DAGs
[2026-06-18T17:46:56.507+0000] {logging_mixin.py:188} INFO - [2026-06-18T17:46:56.506+0000] {dag.py:3823} INFO - Setting next_dagrun for example_dag_decorator to None, run_after=None
[2026-06-18T17:46:56.543+0000] {processor.py:183} INFO - Processing /home/airflow/.local/lib/python3.8/site-packages/airflow/example_dags/example_dag_decorator.py took 0.470 seconds
[2026-06-18T17:47:26.725+0000] {processor.py:161} INFO - Started process (PID=7537) to work on /home/airflow/.local/lib/python3.8/site-packages/airflow/example_dags/example_dag_decorator.py
[2026-06-18T17:47:26.727+0000] {processor.py:830} INFO - Processing file /home/airflow/.local/lib/python3.8/site-packages/airflow/example_dags/example_dag_decorator.py for tasks to queue
[2026-06-18T17:47:26.729+0000] {logging_mixin.py:188} INFO - [2026-06-18T17:47:26.729+0000] {dagbag.py:538} INFO - Filling up the DagBag from /home/airflow/.local/lib/python3.8/site-packages/airflow/example_dags/example_dag_decorator.py
[2026-06-18T17:47:26.907+0000] {processor.py:840} INFO - DAG(s) 'example_dag_decorator' retrieved from /home/airflow/.local/lib/python3.8/site-packages/airflow/example_dags/example_dag_decorator.py
[2026-06-18T17:47:27.104+0000] {logging_mixin.py:188} INFO - [2026-06-18T17:47:27.104+0000] {dag.py:3036} INFO - Sync 1 DAGs
[2026-06-18T17:47:27.126+0000] {logging_mixin.py:188} INFO - [2026-06-18T17:47:27.125+0000] {dag.py:3823} INFO - Setting next_dagrun for example_dag_decorator to None, run_after=None
[2026-06-18T17:47:27.163+0000] {processor.py:183} INFO - Processing /home/airflow/.local/lib/python3.8/site-packages/airflow/example_dags/example_dag_decorator.py took 0.443 seconds
[2026-06-18T17:47:57.332+0000] {processor.py:161} INFO - Started process (PID=7605) to work on /home/airflow/.local/lib/python3.8/site-packages/airflow/example_dags/example_dag_decorator.py
[2026-06-18T17:47:57.334+0000] {processor.py:830} INFO - Processing file /home/airflow/.local/lib/python3.8/site-packages/airflow/example_dags/example_dag_decorator.py for tasks to queue
[2026-06-18T17:47:57.337+0000] {logging_mixin.py:188} INFO - [2026-06-18T17:47:57.337+0000] {dagbag.py:538} INFO - Filling up the DagBag from /home/airflow/.local/lib/python3.8/site-packages/airflow/example_dags/example_dag_decorator.py
[2026-06-18T17:47:57.518+0000] {processor.py:840} INFO - DAG(s) 'example_dag_decorator' retrieved from /home/airflow/.local/lib/python3.8/site-packages/airflow/example_dags/example_dag_decorator.py
[2026-06-18T17:47:57.701+0000] {logging_mixin.py:188} INFO - [2026-06-18T17:47:57.700+0000] {dag.py:3036} INFO - Sync 1 DAGs
[2026-06-18T17:47:57.722+0000] {logging_mixin.py:188} INFO - [2026-06-18T17:47:57.721+0000] {dag.py:3823} INFO - Setting next_dagrun for example_dag_decorator to None, run_after=None
[2026-06-18T17:47:57.754+0000] {processor.py:183} INFO - Processing /home/airflow/.local/lib/python3.8/site-packages/airflow/example_dags/example_dag_decorator.py took 0.430 seconds
[2026-06-18T17:48:27.926+0000] {processor.py:161} INFO - Started process (PID=7669) to work on /home/airflow/.local/lib/python3.8/site-packages/airflow/example_dags/example_dag_decorator.py
[2026-06-18T17:48:27.928+0000] {processor.py:830} INFO - Processing file /home/airflow/.local/lib/python3.8/site-packages/airflow/example_dags/example_dag_decorator.py for tasks to queue
[2026-06-18T17:48:27.931+0000] {logging_mixin.py:188} INFO - [2026-06-18T17:48:27.930+0000] {dagbag.py:538} INFO - Filling up the DagBag from /home/airflow/.local/lib/python3.8/site-packages/airflow/example_dags/example_dag_decorator.py
[2026-06-18T17:48:28.097+0000] {processor.py:840} INFO - DAG(s) 'example_dag_decorator' retrieved from /home/airflow/.local/lib/python3.8/site-packages/airflow/example_dags/example_dag_decorator.py
[2026-06-18T17:48:28.294+0000] {logging_mixin.py:188} INFO - [2026-06-18T17:48:28.294+0000] {dag.py:3036} INFO - Sync 1 DAGs
[2026-06-18T17:48:28.317+0000] {logging_mixin.py:188} INFO - [2026-06-18T17:48:28.317+0000] {dag.py:3823} INFO - Setting next_dagrun for example_dag_decorator to None, run_after=None
[2026-06-18T17:48:28.352+0000] {processor.py:183} INFO - Processing /home/airflow/.local/lib/python3.8/site-packages/airflow/example_dags/example_dag_decorator.py took 0.433 seconds
[2026-06-18T17:48:58.535+0000] {processor.py:161} INFO - Started process (PID=7736) to work on /home/airflow/.local/lib/python3.8/site-packages/airflow/example_dags/example_dag_decorator.py
[2026-06-18T17:48:58.537+0000] {processor.py:830} INFO - Processing file /home/airflow/.local/lib/python3.8/site-packages/airflow/example_dags/example_dag_decorator.py for tasks to queue
[2026-06-18T17:48:58.540+0000] {logging_mixin.py:188} INFO - [2026-06-18T17:48:58.540+0000] {dagbag.py:538} INFO - Filling up the DagBag from /home/airflow/.local/lib/python3.8/site-packages/airflow/example_dags/example_dag_decorator.py
[2026-06-18T17:48:58.705+0000] {processor.py:840} INFO - DAG(s) 'example_dag_decorator' retrieved from /home/airflow/.local/lib/python3.8/site-packages/airflow/example_dags/example_dag_decorator.py
[2026-06-18T17:48:58.758+0000] {logging_mixin.py:188} INFO - [2026-06-18T17:48:58.757+0000] {dag.py:3036} INFO - Sync 1 DAGs
[2026-06-18T17:48:58.784+0000] {logging_mixin.py:188} INFO - [2026-06-18T17:48:58.784+0000] {dag.py:3823} INFO - Setting next_dagrun for example_dag_decorator to None, run_after=None
[2026-06-18T17:48:58.833+0000] {processor.py:183} INFO - Processing /home/airflow/.local/lib/python3.8/site-packages/airflow/example_dags/example_dag_decorator.py took 0.303 seconds
[2026-06-18T17:49:28.938+0000] {processor.py:161} INFO - Started process (PID=7802) to work on /home/airflow/.local/lib/python3.8/site-packages/airflow/example_dags/example_dag_decorator.py
[2026-06-18T17:49:28.940+0000] {processor.py:830} INFO - Processing file /home/airflow/.local/lib/python3.8/site-packages/airflow/example_dags/example_dag_decorator.py for tasks to queue
[2026-06-18T17:49:28.943+0000] {logging_mixin.py:188} INFO - [2026-06-18T17:49:28.942+0000] {dagbag.py:538} INFO - Filling up the DagBag from /home/airflow/.local/lib/python3.8/site-packages/airflow/example_dags/example_dag_decorator.py
[2026-06-18T17:49:29.146+0000] {processor.py:840} INFO - DAG(s) 'example_dag_decorator' retrieved from /home/airflow/.local/lib/python3.8/site-packages/airflow/example_dags/example_dag_decorator.py
[2026-06-18T17:49:29.391+0000] {logging_mixin.py:188} INFO - [2026-06-18T17:49:29.390+0000] {dag.py:3036} INFO - Sync 1 DAGs
[2026-06-18T17:49:29.412+0000] {logging_mixin.py:188} INFO - [2026-06-18T17:49:29.412+0000] {dag.py:3823} INFO - Setting next_dagrun for example_dag_decorator to None, run_after=None
[2026-06-18T17:49:29.454+0000] {processor.py:183} INFO - Processing /home/airflow/.local/lib/python3.8/site-packages/airflow/example_dags/example_dag_decorator.py took 0.522 seconds
