[2026-06-18T16:50:14.759+0000] {processor.py:161} INFO - Started process (PID=60) to work on /home/airflow/.local/lib/python3.8/site-packages/airflow/example_dags/example_subdag_operator.py
[2026-06-18T16:50:14.760+0000] {processor.py:830} INFO - Processing file /home/airflow/.local/lib/python3.8/site-packages/airflow/example_dags/example_subdag_operator.py for tasks to queue
[2026-06-18T16:50:14.763+0000] {logging_mixin.py:188} INFO - [2026-06-18T16:50:14.763+0000] {dagbag.py:538} INFO - Filling up the DagBag from /home/airflow/.local/lib/python3.8/site-packages/airflow/example_dags/example_subdag_operator.py
[2026-06-18T16:50:14.917+0000] {processor.py:840} INFO - DAG(s) 'example_subdag_operator.section-1', 'example_subdag_operator.section-2', 'example_subdag_operator' retrieved from /home/airflow/.local/lib/python3.8/site-packages/airflow/example_dags/example_subdag_operator.py
[2026-06-18T16:50:15.007+0000] {logging_mixin.py:188} INFO - [2026-06-18T16:50:15.007+0000] {dag.py:3036} INFO - Sync 3 DAGs
[2026-06-18T16:50:15.083+0000] {logging_mixin.py:188} INFO - [2026-06-18T16:50:15.082+0000] {dag.py:3823} INFO - Setting next_dagrun for example_subdag_operator to 2022-01-01 00:00:00+00:00, run_after=2022-01-01 00:00:00+00:00
[2026-06-18T16:50:15.091+0000] {logging_mixin.py:188} INFO - [2026-06-18T16:50:15.090+0000] {dag.py:3823} INFO - Setting next_dagrun for example_subdag_operator.section-1 to None, run_after=None
[2026-06-18T16:50:15.094+0000] {logging_mixin.py:188} INFO - [2026-06-18T16:50:15.093+0000] {dag.py:3823} INFO - Setting next_dagrun for example_subdag_operator.section-2 to None, run_after=None
[2026-06-18T16:50:15.108+0000] {logging_mixin.py:188} INFO - [2026-06-18T16:50:15.108+0000] {dag.py:3036} INFO - Sync 2 DAGs
[2026-06-18T16:50:15.119+0000] {logging_mixin.py:188} INFO - [2026-06-18T16:50:15.119+0000] {dag.py:3823} INFO - Setting next_dagrun for example_subdag_operator.section-1 to None, run_after=None
[2026-06-18T16:50:15.120+0000] {logging_mixin.py:188} INFO - [2026-06-18T16:50:15.120+0000] {dag.py:3823} INFO - Setting next_dagrun for example_subdag_operator.section-2 to None, run_after=None
[2026-06-18T16:50:15.184+0000] {processor.py:183} INFO - Processing /home/airflow/.local/lib/python3.8/site-packages/airflow/example_dags/example_subdag_operator.py took 0.434 seconds
[2026-06-18T16:50:46.020+0000] {processor.py:161} INFO - Started process (PID=126) to work on /home/airflow/.local/lib/python3.8/site-packages/airflow/example_dags/example_subdag_operator.py
[2026-06-18T16:50:46.022+0000] {processor.py:830} INFO - Processing file /home/airflow/.local/lib/python3.8/site-packages/airflow/example_dags/example_subdag_operator.py for tasks to queue
[2026-06-18T16:50:46.024+0000] {logging_mixin.py:188} INFO - [2026-06-18T16:50:46.024+0000] {dagbag.py:538} INFO - Filling up the DagBag from /home/airflow/.local/lib/python3.8/site-packages/airflow/example_dags/example_subdag_operator.py
[2026-06-18T16:50:46.066+0000] {processor.py:840} INFO - DAG(s) 'example_subdag_operator.section-1', 'example_subdag_operator.section-2', 'example_subdag_operator' retrieved from /home/airflow/.local/lib/python3.8/site-packages/airflow/example_dags/example_subdag_operator.py
[2026-06-18T16:50:46.095+0000] {logging_mixin.py:188} INFO - [2026-06-18T16:50:46.094+0000] {dag.py:3036} INFO - Sync 3 DAGs
[2026-06-18T16:50:46.133+0000] {logging_mixin.py:188} INFO - [2026-06-18T16:50:46.133+0000] {dag.py:3823} INFO - Setting next_dagrun for example_subdag_operator to 2022-01-01 00:00:00+00:00, run_after=2022-01-01 00:00:00+00:00
[2026-06-18T16:50:46.139+0000] {logging_mixin.py:188} INFO - [2026-06-18T16:50:46.139+0000] {dag.py:3823} INFO - Setting next_dagrun for example_subdag_operator.section-1 to None, run_after=None
[2026-06-18T16:50:46.141+0000] {logging_mixin.py:188} INFO - [2026-06-18T16:50:46.141+0000] {dag.py:3823} INFO - Setting next_dagrun for example_subdag_operator.section-2 to None, run_after=None
[2026-06-18T16:50:46.152+0000] {logging_mixin.py:188} INFO - [2026-06-18T16:50:46.152+0000] {dag.py:3036} INFO - Sync 2 DAGs
[2026-06-18T16:50:46.161+0000] {logging_mixin.py:188} INFO - [2026-06-18T16:50:46.160+0000] {dag.py:3823} INFO - Setting next_dagrun for example_subdag_operator.section-1 to None, run_after=None
[2026-06-18T16:50:46.161+0000] {logging_mixin.py:188} INFO - [2026-06-18T16:50:46.161+0000] {dag.py:3823} INFO - Setting next_dagrun for example_subdag_operator.section-2 to None, run_after=None
[2026-06-18T16:50:46.180+0000] {processor.py:183} INFO - Processing /home/airflow/.local/lib/python3.8/site-packages/airflow/example_dags/example_subdag_operator.py took 0.165 seconds
[2026-06-18T16:51:16.872+0000] {processor.py:161} INFO - Started process (PID=193) to work on /home/airflow/.local/lib/python3.8/site-packages/airflow/example_dags/example_subdag_operator.py
[2026-06-18T16:51:16.874+0000] {processor.py:830} INFO - Processing file /home/airflow/.local/lib/python3.8/site-packages/airflow/example_dags/example_subdag_operator.py for tasks to queue
[2026-06-18T16:51:16.876+0000] {logging_mixin.py:188} INFO - [2026-06-18T16:51:16.876+0000] {dagbag.py:538} INFO - Filling up the DagBag from /home/airflow/.local/lib/python3.8/site-packages/airflow/example_dags/example_subdag_operator.py
[2026-06-18T16:51:16.924+0000] {processor.py:840} INFO - DAG(s) 'example_subdag_operator.section-1', 'example_subdag_operator.section-2', 'example_subdag_operator' retrieved from /home/airflow/.local/lib/python3.8/site-packages/airflow/example_dags/example_subdag_operator.py
[2026-06-18T16:51:16.953+0000] {logging_mixin.py:188} INFO - [2026-06-18T16:51:16.952+0000] {dag.py:3036} INFO - Sync 3 DAGs
[2026-06-18T16:51:16.990+0000] {logging_mixin.py:188} INFO - [2026-06-18T16:51:16.989+0000] {dag.py:3823} INFO - Setting next_dagrun for example_subdag_operator to 2022-01-01 00:00:00+00:00, run_after=2022-01-01 00:00:00+00:00
[2026-06-18T16:51:16.997+0000] {logging_mixin.py:188} INFO - [2026-06-18T16:51:16.996+0000] {dag.py:3823} INFO - Setting next_dagrun for example_subdag_operator.section-1 to None, run_after=None
[2026-06-18T16:51:17.000+0000] {logging_mixin.py:188} INFO - [2026-06-18T16:51:16.999+0000] {dag.py:3823} INFO - Setting next_dagrun for example_subdag_operator.section-2 to None, run_after=None
[2026-06-18T16:51:17.014+0000] {logging_mixin.py:188} INFO - [2026-06-18T16:51:17.013+0000] {dag.py:3036} INFO - Sync 2 DAGs
[2026-06-18T16:51:17.024+0000] {logging_mixin.py:188} INFO - [2026-06-18T16:51:17.024+0000] {dag.py:3823} INFO - Setting next_dagrun for example_subdag_operator.section-1 to None, run_after=None
[2026-06-18T16:51:17.025+0000] {logging_mixin.py:188} INFO - [2026-06-18T16:51:17.025+0000] {dag.py:3823} INFO - Setting next_dagrun for example_subdag_operator.section-2 to None, run_after=None
[2026-06-18T16:51:17.045+0000] {processor.py:183} INFO - Processing /home/airflow/.local/lib/python3.8/site-packages/airflow/example_dags/example_subdag_operator.py took 0.178 seconds
[2026-06-18T16:51:47.241+0000] {processor.py:161} INFO - Started process (PID=260) to work on /home/airflow/.local/lib/python3.8/site-packages/airflow/example_dags/example_subdag_operator.py
[2026-06-18T16:51:47.243+0000] {processor.py:830} INFO - Processing file /home/airflow/.local/lib/python3.8/site-packages/airflow/example_dags/example_subdag_operator.py for tasks to queue
[2026-06-18T16:51:47.245+0000] {logging_mixin.py:188} INFO - [2026-06-18T16:51:47.244+0000] {dagbag.py:538} INFO - Filling up the DagBag from /home/airflow/.local/lib/python3.8/site-packages/airflow/example_dags/example_subdag_operator.py
[2026-06-18T16:51:47.288+0000] {processor.py:840} INFO - DAG(s) 'example_subdag_operator.section-1', 'example_subdag_operator.section-2', 'example_subdag_operator' retrieved from /home/airflow/.local/lib/python3.8/site-packages/airflow/example_dags/example_subdag_operator.py
[2026-06-18T16:51:47.315+0000] {logging_mixin.py:188} INFO - [2026-06-18T16:51:47.315+0000] {dag.py:3036} INFO - Sync 3 DAGs
[2026-06-18T16:51:47.354+0000] {logging_mixin.py:188} INFO - [2026-06-18T16:51:47.353+0000] {dag.py:3823} INFO - Setting next_dagrun for example_subdag_operator to 2022-01-01 00:00:00+00:00, run_after=2022-01-01 00:00:00+00:00
[2026-06-18T16:51:47.361+0000] {logging_mixin.py:188} INFO - [2026-06-18T16:51:47.361+0000] {dag.py:3823} INFO - Setting next_dagrun for example_subdag_operator.section-1 to None, run_after=None
[2026-06-18T16:51:47.363+0000] {logging_mixin.py:188} INFO - [2026-06-18T16:51:47.363+0000] {dag.py:3823} INFO - Setting next_dagrun for example_subdag_operator.section-2 to None, run_after=None
[2026-06-18T16:51:47.376+0000] {logging_mixin.py:188} INFO - [2026-06-18T16:51:47.375+0000] {dag.py:3036} INFO - Sync 2 DAGs
[2026-06-18T16:51:47.386+0000] {logging_mixin.py:188} INFO - [2026-06-18T16:51:47.385+0000] {dag.py:3823} INFO - Setting next_dagrun for example_subdag_operator.section-1 to None, run_after=None
[2026-06-18T16:51:47.386+0000] {logging_mixin.py:188} INFO - [2026-06-18T16:51:47.386+0000] {dag.py:3823} INFO - Setting next_dagrun for example_subdag_operator.section-2 to None, run_after=None
[2026-06-18T16:51:47.411+0000] {processor.py:183} INFO - Processing /home/airflow/.local/lib/python3.8/site-packages/airflow/example_dags/example_subdag_operator.py took 0.175 seconds
[2026-06-18T16:52:18.018+0000] {processor.py:161} INFO - Started process (PID=325) to work on /home/airflow/.local/lib/python3.8/site-packages/airflow/example_dags/example_subdag_operator.py
[2026-06-18T16:52:18.019+0000] {processor.py:830} INFO - Processing file /home/airflow/.local/lib/python3.8/site-packages/airflow/example_dags/example_subdag_operator.py for tasks to queue
[2026-06-18T16:52:18.022+0000] {logging_mixin.py:188} INFO - [2026-06-18T16:52:18.021+0000] {dagbag.py:538} INFO - Filling up the DagBag from /home/airflow/.local/lib/python3.8/site-packages/airflow/example_dags/example_subdag_operator.py
[2026-06-18T16:52:18.069+0000] {processor.py:840} INFO - DAG(s) 'example_subdag_operator.section-1', 'example_subdag_operator.section-2', 'example_subdag_operator' retrieved from /home/airflow/.local/lib/python3.8/site-packages/airflow/example_dags/example_subdag_operator.py
[2026-06-18T16:52:18.099+0000] {logging_mixin.py:188} INFO - [2026-06-18T16:52:18.098+0000] {dag.py:3036} INFO - Sync 3 DAGs
[2026-06-18T16:52:18.139+0000] {logging_mixin.py:188} INFO - [2026-06-18T16:52:18.139+0000] {dag.py:3823} INFO - Setting next_dagrun for example_subdag_operator to 2022-01-01 00:00:00+00:00, run_after=2022-01-01 00:00:00+00:00
[2026-06-18T16:52:18.146+0000] {logging_mixin.py:188} INFO - [2026-06-18T16:52:18.146+0000] {dag.py:3823} INFO - Setting next_dagrun for example_subdag_operator.section-1 to None, run_after=None
[2026-06-18T16:52:18.149+0000] {logging_mixin.py:188} INFO - [2026-06-18T16:52:18.148+0000] {dag.py:3823} INFO - Setting next_dagrun for example_subdag_operator.section-2 to None, run_after=None
[2026-06-18T16:52:18.161+0000] {logging_mixin.py:188} INFO - [2026-06-18T16:52:18.160+0000] {dag.py:3036} INFO - Sync 2 DAGs
[2026-06-18T16:52:18.170+0000] {logging_mixin.py:188} INFO - [2026-06-18T16:52:18.170+0000] {dag.py:3823} INFO - Setting next_dagrun for example_subdag_operator.section-1 to None, run_after=None
[2026-06-18T16:52:18.171+0000] {logging_mixin.py:188} INFO - [2026-06-18T16:52:18.171+0000] {dag.py:3823} INFO - Setting next_dagrun for example_subdag_operator.section-2 to None, run_after=None
[2026-06-18T16:52:18.190+0000] {processor.py:183} INFO - Processing /home/airflow/.local/lib/python3.8/site-packages/airflow/example_dags/example_subdag_operator.py took 0.177 seconds
[2026-06-18T16:52:48.599+0000] {processor.py:161} INFO - Started process (PID=393) to work on /home/airflow/.local/lib/python3.8/site-packages/airflow/example_dags/example_subdag_operator.py
[2026-06-18T16:52:48.601+0000] {processor.py:830} INFO - Processing file /home/airflow/.local/lib/python3.8/site-packages/airflow/example_dags/example_subdag_operator.py for tasks to queue
[2026-06-18T16:52:48.603+0000] {logging_mixin.py:188} INFO - [2026-06-18T16:52:48.603+0000] {dagbag.py:538} INFO - Filling up the DagBag from /home/airflow/.local/lib/python3.8/site-packages/airflow/example_dags/example_subdag_operator.py
[2026-06-18T16:52:48.647+0000] {processor.py:840} INFO - DAG(s) 'example_subdag_operator.section-1', 'example_subdag_operator.section-2', 'example_subdag_operator' retrieved from /home/airflow/.local/lib/python3.8/site-packages/airflow/example_dags/example_subdag_operator.py
[2026-06-18T16:52:48.674+0000] {logging_mixin.py:188} INFO - [2026-06-18T16:52:48.674+0000] {dag.py:3036} INFO - Sync 3 DAGs
[2026-06-18T16:52:48.716+0000] {logging_mixin.py:188} INFO - [2026-06-18T16:52:48.716+0000] {dag.py:3823} INFO - Setting next_dagrun for example_subdag_operator to 2022-01-01 00:00:00+00:00, run_after=2022-01-01 00:00:00+00:00
[2026-06-18T16:52:48.722+0000] {logging_mixin.py:188} INFO - [2026-06-18T16:52:48.722+0000] {dag.py:3823} INFO - Setting next_dagrun for example_subdag_operator.section-1 to None, run_after=None
[2026-06-18T16:52:48.724+0000] {logging_mixin.py:188} INFO - [2026-06-18T16:52:48.724+0000] {dag.py:3823} INFO - Setting next_dagrun for example_subdag_operator.section-2 to None, run_after=None
[2026-06-18T16:52:48.736+0000] {logging_mixin.py:188} INFO - [2026-06-18T16:52:48.735+0000] {dag.py:3036} INFO - Sync 2 DAGs
[2026-06-18T16:52:48.745+0000] {logging_mixin.py:188} INFO - [2026-06-18T16:52:48.745+0000] {dag.py:3823} INFO - Setting next_dagrun for example_subdag_operator.section-1 to None, run_after=None
[2026-06-18T16:52:48.746+0000] {logging_mixin.py:188} INFO - [2026-06-18T16:52:48.745+0000] {dag.py:3823} INFO - Setting next_dagrun for example_subdag_operator.section-2 to None, run_after=None
[2026-06-18T16:52:48.765+0000] {processor.py:183} INFO - Processing /home/airflow/.local/lib/python3.8/site-packages/airflow/example_dags/example_subdag_operator.py took 0.171 seconds
[2026-06-18T16:53:18.911+0000] {processor.py:161} INFO - Started process (PID=459) to work on /home/airflow/.local/lib/python3.8/site-packages/airflow/example_dags/example_subdag_operator.py
[2026-06-18T16:53:18.912+0000] {processor.py:830} INFO - Processing file /home/airflow/.local/lib/python3.8/site-packages/airflow/example_dags/example_subdag_operator.py for tasks to queue
[2026-06-18T16:53:18.914+0000] {logging_mixin.py:188} INFO - [2026-06-18T16:53:18.914+0000] {dagbag.py:538} INFO - Filling up the DagBag from /home/airflow/.local/lib/python3.8/site-packages/airflow/example_dags/example_subdag_operator.py
[2026-06-18T16:53:18.962+0000] {processor.py:840} INFO - DAG(s) 'example_subdag_operator.section-1', 'example_subdag_operator.section-2', 'example_subdag_operator' retrieved from /home/airflow/.local/lib/python3.8/site-packages/airflow/example_dags/example_subdag_operator.py
[2026-06-18T16:53:18.995+0000] {logging_mixin.py:188} INFO - [2026-06-18T16:53:18.995+0000] {dag.py:3036} INFO - Sync 3 DAGs
[2026-06-18T16:53:19.037+0000] {logging_mixin.py:188} INFO - [2026-06-18T16:53:19.036+0000] {dag.py:3823} INFO - Setting next_dagrun for example_subdag_operator to 2022-01-01 00:00:00+00:00, run_after=2022-01-01 00:00:00+00:00
[2026-06-18T16:53:19.042+0000] {logging_mixin.py:188} INFO - [2026-06-18T16:53:19.042+0000] {dag.py:3823} INFO - Setting next_dagrun for example_subdag_operator.section-1 to None, run_after=None
[2026-06-18T16:53:19.045+0000] {logging_mixin.py:188} INFO - [2026-06-18T16:53:19.044+0000] {dag.py:3823} INFO - Setting next_dagrun for example_subdag_operator.section-2 to None, run_after=None
[2026-06-18T16:53:19.058+0000] {logging_mixin.py:188} INFO - [2026-06-18T16:53:19.057+0000] {dag.py:3036} INFO - Sync 2 DAGs
[2026-06-18T16:53:19.067+0000] {logging_mixin.py:188} INFO - [2026-06-18T16:53:19.067+0000] {dag.py:3823} INFO - Setting next_dagrun for example_subdag_operator.section-1 to None, run_after=None
[2026-06-18T16:53:19.068+0000] {logging_mixin.py:188} INFO - [2026-06-18T16:53:19.068+0000] {dag.py:3823} INFO - Setting next_dagrun for example_subdag_operator.section-2 to None, run_after=None
[2026-06-18T16:53:19.087+0000] {processor.py:183} INFO - Processing /home/airflow/.local/lib/python3.8/site-packages/airflow/example_dags/example_subdag_operator.py took 0.181 seconds
[2026-06-18T16:53:49.160+0000] {processor.py:161} INFO - Started process (PID=526) to work on /home/airflow/.local/lib/python3.8/site-packages/airflow/example_dags/example_subdag_operator.py
[2026-06-18T16:53:49.163+0000] {processor.py:830} INFO - Processing file /home/airflow/.local/lib/python3.8/site-packages/airflow/example_dags/example_subdag_operator.py for tasks to queue
[2026-06-18T16:53:49.165+0000] {logging_mixin.py:188} INFO - [2026-06-18T16:53:49.165+0000] {dagbag.py:538} INFO - Filling up the DagBag from /home/airflow/.local/lib/python3.8/site-packages/airflow/example_dags/example_subdag_operator.py
[2026-06-18T16:53:49.212+0000] {processor.py:840} INFO - DAG(s) 'example_subdag_operator.section-1', 'example_subdag_operator.section-2', 'example_subdag_operator' retrieved from /home/airflow/.local/lib/python3.8/site-packages/airflow/example_dags/example_subdag_operator.py
[2026-06-18T16:53:49.238+0000] {logging_mixin.py:188} INFO - [2026-06-18T16:53:49.238+0000] {dag.py:3036} INFO - Sync 3 DAGs
[2026-06-18T16:53:49.282+0000] {logging_mixin.py:188} INFO - [2026-06-18T16:53:49.281+0000] {dag.py:3823} INFO - Setting next_dagrun for example_subdag_operator to 2022-01-01 00:00:00+00:00, run_after=2022-01-01 00:00:00+00:00
[2026-06-18T16:53:49.289+0000] {logging_mixin.py:188} INFO - [2026-06-18T16:53:49.289+0000] {dag.py:3823} INFO - Setting next_dagrun for example_subdag_operator.section-1 to None, run_after=None
[2026-06-18T16:53:49.292+0000] {logging_mixin.py:188} INFO - [2026-06-18T16:53:49.292+0000] {dag.py:3823} INFO - Setting next_dagrun for example_subdag_operator.section-2 to None, run_after=None
[2026-06-18T16:53:49.307+0000] {logging_mixin.py:188} INFO - [2026-06-18T16:53:49.306+0000] {dag.py:3036} INFO - Sync 2 DAGs
[2026-06-18T16:53:49.317+0000] {logging_mixin.py:188} INFO - [2026-06-18T16:53:49.317+0000] {dag.py:3823} INFO - Setting next_dagrun for example_subdag_operator.section-1 to None, run_after=None
[2026-06-18T16:53:49.318+0000] {logging_mixin.py:188} INFO - [2026-06-18T16:53:49.318+0000] {dag.py:3823} INFO - Setting next_dagrun for example_subdag_operator.section-2 to None, run_after=None
[2026-06-18T16:53:49.338+0000] {processor.py:183} INFO - Processing /home/airflow/.local/lib/python3.8/site-packages/airflow/example_dags/example_subdag_operator.py took 0.184 seconds
[2026-06-18T16:54:19.801+0000] {processor.py:161} INFO - Started process (PID=593) to work on /home/airflow/.local/lib/python3.8/site-packages/airflow/example_dags/example_subdag_operator.py
[2026-06-18T16:54:19.803+0000] {processor.py:830} INFO - Processing file /home/airflow/.local/lib/python3.8/site-packages/airflow/example_dags/example_subdag_operator.py for tasks to queue
[2026-06-18T16:54:19.806+0000] {logging_mixin.py:188} INFO - [2026-06-18T16:54:19.805+0000] {dagbag.py:538} INFO - Filling up the DagBag from /home/airflow/.local/lib/python3.8/site-packages/airflow/example_dags/example_subdag_operator.py
[2026-06-18T16:54:19.854+0000] {processor.py:840} INFO - DAG(s) 'example_subdag_operator.section-1', 'example_subdag_operator.section-2', 'example_subdag_operator' retrieved from /home/airflow/.local/lib/python3.8/site-packages/airflow/example_dags/example_subdag_operator.py
[2026-06-18T16:54:19.887+0000] {logging_mixin.py:188} INFO - [2026-06-18T16:54:19.886+0000] {dag.py:3036} INFO - Sync 3 DAGs
[2026-06-18T16:54:19.943+0000] {logging_mixin.py:188} INFO - [2026-06-18T16:54:19.943+0000] {dag.py:3823} INFO - Setting next_dagrun for example_subdag_operator to 2022-01-01 00:00:00+00:00, run_after=2022-01-01 00:00:00+00:00
[2026-06-18T16:54:19.950+0000] {logging_mixin.py:188} INFO - [2026-06-18T16:54:19.950+0000] {dag.py:3823} INFO - Setting next_dagrun for example_subdag_operator.section-1 to None, run_after=None
[2026-06-18T16:54:19.953+0000] {logging_mixin.py:188} INFO - [2026-06-18T16:54:19.952+0000] {dag.py:3823} INFO - Setting next_dagrun for example_subdag_operator.section-2 to None, run_after=None
[2026-06-18T16:54:19.967+0000] {logging_mixin.py:188} INFO - [2026-06-18T16:54:19.966+0000] {dag.py:3036} INFO - Sync 2 DAGs
[2026-06-18T16:54:19.977+0000] {logging_mixin.py:188} INFO - [2026-06-18T16:54:19.976+0000] {dag.py:3823} INFO - Setting next_dagrun for example_subdag_operator.section-1 to None, run_after=None
[2026-06-18T16:54:19.977+0000] {logging_mixin.py:188} INFO - [2026-06-18T16:54:19.977+0000] {dag.py:3823} INFO - Setting next_dagrun for example_subdag_operator.section-2 to None, run_after=None
[2026-06-18T16:54:19.999+0000] {processor.py:183} INFO - Processing /home/airflow/.local/lib/python3.8/site-packages/airflow/example_dags/example_subdag_operator.py took 0.204 seconds
[2026-06-18T16:54:50.245+0000] {processor.py:161} INFO - Started process (PID=658) to work on /home/airflow/.local/lib/python3.8/site-packages/airflow/example_dags/example_subdag_operator.py
[2026-06-18T16:54:50.247+0000] {processor.py:830} INFO - Processing file /home/airflow/.local/lib/python3.8/site-packages/airflow/example_dags/example_subdag_operator.py for tasks to queue
[2026-06-18T16:54:50.250+0000] {logging_mixin.py:188} INFO - [2026-06-18T16:54:50.249+0000] {dagbag.py:538} INFO - Filling up the DagBag from /home/airflow/.local/lib/python3.8/site-packages/airflow/example_dags/example_subdag_operator.py
[2026-06-18T16:54:50.309+0000] {processor.py:840} INFO - DAG(s) 'example_subdag_operator.section-1', 'example_subdag_operator.section-2', 'example_subdag_operator' retrieved from /home/airflow/.local/lib/python3.8/site-packages/airflow/example_dags/example_subdag_operator.py
[2026-06-18T16:54:50.373+0000] {logging_mixin.py:188} INFO - [2026-06-18T16:54:50.373+0000] {dag.py:3036} INFO - Sync 3 DAGs
[2026-06-18T16:54:50.423+0000] {logging_mixin.py:188} INFO - [2026-06-18T16:54:50.422+0000] {dag.py:3823} INFO - Setting next_dagrun for example_subdag_operator to 2022-01-01 00:00:00+00:00, run_after=2022-01-01 00:00:00+00:00
[2026-06-18T16:54:50.430+0000] {logging_mixin.py:188} INFO - [2026-06-18T16:54:50.430+0000] {dag.py:3823} INFO - Setting next_dagrun for example_subdag_operator.section-1 to None, run_after=None
[2026-06-18T16:54:50.433+0000] {logging_mixin.py:188} INFO - [2026-06-18T16:54:50.432+0000] {dag.py:3823} INFO - Setting next_dagrun for example_subdag_operator.section-2 to None, run_after=None
[2026-06-18T16:54:50.446+0000] {logging_mixin.py:188} INFO - [2026-06-18T16:54:50.445+0000] {dag.py:3036} INFO - Sync 2 DAGs
[2026-06-18T16:54:50.456+0000] {logging_mixin.py:188} INFO - [2026-06-18T16:54:50.456+0000] {dag.py:3823} INFO - Setting next_dagrun for example_subdag_operator.section-1 to None, run_after=None
[2026-06-18T16:54:50.457+0000] {logging_mixin.py:188} INFO - [2026-06-18T16:54:50.457+0000] {dag.py:3823} INFO - Setting next_dagrun for example_subdag_operator.section-2 to None, run_after=None
[2026-06-18T16:54:50.478+0000] {processor.py:183} INFO - Processing /home/airflow/.local/lib/python3.8/site-packages/airflow/example_dags/example_subdag_operator.py took 0.240 seconds
[2026-06-18T16:55:20.739+0000] {processor.py:161} INFO - Started process (PID=732) to work on /home/airflow/.local/lib/python3.8/site-packages/airflow/example_dags/example_subdag_operator.py
[2026-06-18T16:55:20.740+0000] {processor.py:830} INFO - Processing file /home/airflow/.local/lib/python3.8/site-packages/airflow/example_dags/example_subdag_operator.py for tasks to queue
[2026-06-18T16:55:20.743+0000] {logging_mixin.py:188} INFO - [2026-06-18T16:55:20.743+0000] {dagbag.py:538} INFO - Filling up the DagBag from /home/airflow/.local/lib/python3.8/site-packages/airflow/example_dags/example_subdag_operator.py
[2026-06-18T16:55:20.791+0000] {processor.py:840} INFO - DAG(s) 'example_subdag_operator.section-1', 'example_subdag_operator.section-2', 'example_subdag_operator' retrieved from /home/airflow/.local/lib/python3.8/site-packages/airflow/example_dags/example_subdag_operator.py
[2026-06-18T16:55:20.823+0000] {logging_mixin.py:188} INFO - [2026-06-18T16:55:20.823+0000] {dag.py:3036} INFO - Sync 3 DAGs
[2026-06-18T16:55:20.869+0000] {logging_mixin.py:188} INFO - [2026-06-18T16:55:20.869+0000] {dag.py:3823} INFO - Setting next_dagrun for example_subdag_operator to 2022-01-01 00:00:00+00:00, run_after=2022-01-01 00:00:00+00:00
[2026-06-18T16:55:20.876+0000] {logging_mixin.py:188} INFO - [2026-06-18T16:55:20.876+0000] {dag.py:3823} INFO - Setting next_dagrun for example_subdag_operator.section-1 to None, run_after=None
[2026-06-18T16:55:20.879+0000] {logging_mixin.py:188} INFO - [2026-06-18T16:55:20.879+0000] {dag.py:3823} INFO - Setting next_dagrun for example_subdag_operator.section-2 to None, run_after=None
[2026-06-18T16:55:20.893+0000] {logging_mixin.py:188} INFO - [2026-06-18T16:55:20.892+0000] {dag.py:3036} INFO - Sync 2 DAGs
[2026-06-18T16:55:20.904+0000] {logging_mixin.py:188} INFO - [2026-06-18T16:55:20.904+0000] {dag.py:3823} INFO - Setting next_dagrun for example_subdag_operator.section-1 to None, run_after=None
[2026-06-18T16:55:20.905+0000] {logging_mixin.py:188} INFO - [2026-06-18T16:55:20.905+0000] {dag.py:3823} INFO - Setting next_dagrun for example_subdag_operator.section-2 to None, run_after=None
[2026-06-18T16:55:20.926+0000] {processor.py:183} INFO - Processing /home/airflow/.local/lib/python3.8/site-packages/airflow/example_dags/example_subdag_operator.py took 0.193 seconds
[2026-06-18T16:55:51.042+0000] {processor.py:161} INFO - Started process (PID=800) to work on /home/airflow/.local/lib/python3.8/site-packages/airflow/example_dags/example_subdag_operator.py
[2026-06-18T16:55:51.044+0000] {processor.py:830} INFO - Processing file /home/airflow/.local/lib/python3.8/site-packages/airflow/example_dags/example_subdag_operator.py for tasks to queue
[2026-06-18T16:55:51.047+0000] {logging_mixin.py:188} INFO - [2026-06-18T16:55:51.046+0000] {dagbag.py:538} INFO - Filling up the DagBag from /home/airflow/.local/lib/python3.8/site-packages/airflow/example_dags/example_subdag_operator.py
[2026-06-18T16:55:51.096+0000] {processor.py:840} INFO - DAG(s) 'example_subdag_operator.section-1', 'example_subdag_operator.section-2', 'example_subdag_operator' retrieved from /home/airflow/.local/lib/python3.8/site-packages/airflow/example_dags/example_subdag_operator.py
[2026-06-18T16:55:51.130+0000] {logging_mixin.py:188} INFO - [2026-06-18T16:55:51.130+0000] {dag.py:3036} INFO - Sync 3 DAGs
[2026-06-18T16:55:51.175+0000] {logging_mixin.py:188} INFO - [2026-06-18T16:55:51.174+0000] {dag.py:3823} INFO - Setting next_dagrun for example_subdag_operator to 2022-01-01 00:00:00+00:00, run_after=2022-01-01 00:00:00+00:00
[2026-06-18T16:55:51.182+0000] {logging_mixin.py:188} INFO - [2026-06-18T16:55:51.181+0000] {dag.py:3823} INFO - Setting next_dagrun for example_subdag_operator.section-1 to None, run_after=None
[2026-06-18T16:55:51.185+0000] {logging_mixin.py:188} INFO - [2026-06-18T16:55:51.184+0000] {dag.py:3823} INFO - Setting next_dagrun for example_subdag_operator.section-2 to None, run_after=None
[2026-06-18T16:55:51.198+0000] {logging_mixin.py:188} INFO - [2026-06-18T16:55:51.198+0000] {dag.py:3036} INFO - Sync 2 DAGs
[2026-06-18T16:55:51.209+0000] {logging_mixin.py:188} INFO - [2026-06-18T16:55:51.208+0000] {dag.py:3823} INFO - Setting next_dagrun for example_subdag_operator.section-1 to None, run_after=None
[2026-06-18T16:55:51.209+0000] {logging_mixin.py:188} INFO - [2026-06-18T16:55:51.209+0000] {dag.py:3823} INFO - Setting next_dagrun for example_subdag_operator.section-2 to None, run_after=None
[2026-06-18T16:55:51.229+0000] {processor.py:183} INFO - Processing /home/airflow/.local/lib/python3.8/site-packages/airflow/example_dags/example_subdag_operator.py took 0.193 seconds
[2026-06-18T16:56:21.502+0000] {processor.py:161} INFO - Started process (PID=866) to work on /home/airflow/.local/lib/python3.8/site-packages/airflow/example_dags/example_subdag_operator.py
[2026-06-18T16:56:21.504+0000] {processor.py:830} INFO - Processing file /home/airflow/.local/lib/python3.8/site-packages/airflow/example_dags/example_subdag_operator.py for tasks to queue
[2026-06-18T16:56:21.508+0000] {logging_mixin.py:188} INFO - [2026-06-18T16:56:21.507+0000] {dagbag.py:538} INFO - Filling up the DagBag from /home/airflow/.local/lib/python3.8/site-packages/airflow/example_dags/example_subdag_operator.py
[2026-06-18T16:56:21.554+0000] {processor.py:840} INFO - DAG(s) 'example_subdag_operator.section-1', 'example_subdag_operator.section-2', 'example_subdag_operator' retrieved from /home/airflow/.local/lib/python3.8/site-packages/airflow/example_dags/example_subdag_operator.py
[2026-06-18T16:56:21.580+0000] {logging_mixin.py:188} INFO - [2026-06-18T16:56:21.580+0000] {dag.py:3036} INFO - Sync 3 DAGs
[2026-06-18T16:56:21.618+0000] {logging_mixin.py:188} INFO - [2026-06-18T16:56:21.617+0000] {dag.py:3823} INFO - Setting next_dagrun for example_subdag_operator to 2022-01-01 00:00:00+00:00, run_after=2022-01-01 00:00:00+00:00
[2026-06-18T16:56:21.625+0000] {logging_mixin.py:188} INFO - [2026-06-18T16:56:21.624+0000] {dag.py:3823} INFO - Setting next_dagrun for example_subdag_operator.section-1 to None, run_after=None
[2026-06-18T16:56:21.627+0000] {logging_mixin.py:188} INFO - [2026-06-18T16:56:21.627+0000] {dag.py:3823} INFO - Setting next_dagrun for example_subdag_operator.section-2 to None, run_after=None
[2026-06-18T16:56:21.641+0000] {logging_mixin.py:188} INFO - [2026-06-18T16:56:21.640+0000] {dag.py:3036} INFO - Sync 2 DAGs
[2026-06-18T16:56:21.651+0000] {logging_mixin.py:188} INFO - [2026-06-18T16:56:21.651+0000] {dag.py:3823} INFO - Setting next_dagrun for example_subdag_operator.section-1 to None, run_after=None
[2026-06-18T16:56:21.652+0000] {logging_mixin.py:188} INFO - [2026-06-18T16:56:21.652+0000] {dag.py:3823} INFO - Setting next_dagrun for example_subdag_operator.section-2 to None, run_after=None
[2026-06-18T16:56:21.674+0000] {processor.py:183} INFO - Processing /home/airflow/.local/lib/python3.8/site-packages/airflow/example_dags/example_subdag_operator.py took 0.179 seconds
[2026-06-18T16:56:52.437+0000] {processor.py:161} INFO - Started process (PID=932) to work on /home/airflow/.local/lib/python3.8/site-packages/airflow/example_dags/example_subdag_operator.py
[2026-06-18T16:56:52.439+0000] {processor.py:830} INFO - Processing file /home/airflow/.local/lib/python3.8/site-packages/airflow/example_dags/example_subdag_operator.py for tasks to queue
[2026-06-18T16:56:52.443+0000] {logging_mixin.py:188} INFO - [2026-06-18T16:56:52.442+0000] {dagbag.py:538} INFO - Filling up the DagBag from /home/airflow/.local/lib/python3.8/site-packages/airflow/example_dags/example_subdag_operator.py
[2026-06-18T16:56:52.493+0000] {processor.py:840} INFO - DAG(s) 'example_subdag_operator.section-1', 'example_subdag_operator.section-2', 'example_subdag_operator' retrieved from /home/airflow/.local/lib/python3.8/site-packages/airflow/example_dags/example_subdag_operator.py
[2026-06-18T16:56:52.527+0000] {logging_mixin.py:188} INFO - [2026-06-18T16:56:52.527+0000] {dag.py:3036} INFO - Sync 3 DAGs
[2026-06-18T16:56:52.568+0000] {logging_mixin.py:188} INFO - [2026-06-18T16:56:52.568+0000] {dag.py:3823} INFO - Setting next_dagrun for example_subdag_operator to 2022-01-01 00:00:00+00:00, run_after=2022-01-01 00:00:00+00:00
[2026-06-18T16:56:52.574+0000] {logging_mixin.py:188} INFO - [2026-06-18T16:56:52.573+0000] {dag.py:3823} INFO - Setting next_dagrun for example_subdag_operator.section-1 to None, run_after=None
[2026-06-18T16:56:52.576+0000] {logging_mixin.py:188} INFO - [2026-06-18T16:56:52.576+0000] {dag.py:3823} INFO - Setting next_dagrun for example_subdag_operator.section-2 to None, run_after=None
[2026-06-18T16:56:52.590+0000] {logging_mixin.py:188} INFO - [2026-06-18T16:56:52.589+0000] {dag.py:3036} INFO - Sync 2 DAGs
[2026-06-18T16:56:52.600+0000] {logging_mixin.py:188} INFO - [2026-06-18T16:56:52.600+0000] {dag.py:3823} INFO - Setting next_dagrun for example_subdag_operator.section-1 to None, run_after=None
[2026-06-18T16:56:52.601+0000] {logging_mixin.py:188} INFO - [2026-06-18T16:56:52.601+0000] {dag.py:3823} INFO - Setting next_dagrun for example_subdag_operator.section-2 to None, run_after=None
[2026-06-18T16:56:52.620+0000] {processor.py:183} INFO - Processing /home/airflow/.local/lib/python3.8/site-packages/airflow/example_dags/example_subdag_operator.py took 0.189 seconds
[2026-06-18T16:57:23.183+0000] {processor.py:161} INFO - Started process (PID=997) to work on /home/airflow/.local/lib/python3.8/site-packages/airflow/example_dags/example_subdag_operator.py
[2026-06-18T16:57:23.185+0000] {processor.py:830} INFO - Processing file /home/airflow/.local/lib/python3.8/site-packages/airflow/example_dags/example_subdag_operator.py for tasks to queue
[2026-06-18T16:57:23.188+0000] {logging_mixin.py:188} INFO - [2026-06-18T16:57:23.187+0000] {dagbag.py:538} INFO - Filling up the DagBag from /home/airflow/.local/lib/python3.8/site-packages/airflow/example_dags/example_subdag_operator.py
[2026-06-18T16:57:23.239+0000] {processor.py:840} INFO - DAG(s) 'example_subdag_operator.section-1', 'example_subdag_operator.section-2', 'example_subdag_operator' retrieved from /home/airflow/.local/lib/python3.8/site-packages/airflow/example_dags/example_subdag_operator.py
[2026-06-18T16:57:23.272+0000] {logging_mixin.py:188} INFO - [2026-06-18T16:57:23.272+0000] {dag.py:3036} INFO - Sync 3 DAGs
[2026-06-18T16:57:23.318+0000] {logging_mixin.py:188} INFO - [2026-06-18T16:57:23.318+0000] {dag.py:3823} INFO - Setting next_dagrun for example_subdag_operator to 2022-01-01 00:00:00+00:00, run_after=2022-01-01 00:00:00+00:00
[2026-06-18T16:57:23.325+0000] {logging_mixin.py:188} INFO - [2026-06-18T16:57:23.325+0000] {dag.py:3823} INFO - Setting next_dagrun for example_subdag_operator.section-1 to None, run_after=None
[2026-06-18T16:57:23.327+0000] {logging_mixin.py:188} INFO - [2026-06-18T16:57:23.327+0000] {dag.py:3823} INFO - Setting next_dagrun for example_subdag_operator.section-2 to None, run_after=None
[2026-06-18T16:57:23.338+0000] {logging_mixin.py:188} INFO - [2026-06-18T16:57:23.338+0000] {dag.py:3036} INFO - Sync 2 DAGs
[2026-06-18T16:57:23.347+0000] {logging_mixin.py:188} INFO - [2026-06-18T16:57:23.347+0000] {dag.py:3823} INFO - Setting next_dagrun for example_subdag_operator.section-1 to None, run_after=None
[2026-06-18T16:57:23.348+0000] {logging_mixin.py:188} INFO - [2026-06-18T16:57:23.347+0000] {dag.py:3823} INFO - Setting next_dagrun for example_subdag_operator.section-2 to None, run_after=None
[2026-06-18T16:57:23.368+0000] {processor.py:183} INFO - Processing /home/airflow/.local/lib/python3.8/site-packages/airflow/example_dags/example_subdag_operator.py took 0.191 seconds
[2026-06-18T16:57:54.054+0000] {processor.py:161} INFO - Started process (PID=1062) to work on /home/airflow/.local/lib/python3.8/site-packages/airflow/example_dags/example_subdag_operator.py
[2026-06-18T16:57:54.056+0000] {processor.py:830} INFO - Processing file /home/airflow/.local/lib/python3.8/site-packages/airflow/example_dags/example_subdag_operator.py for tasks to queue
[2026-06-18T16:57:54.059+0000] {logging_mixin.py:188} INFO - [2026-06-18T16:57:54.058+0000] {dagbag.py:538} INFO - Filling up the DagBag from /home/airflow/.local/lib/python3.8/site-packages/airflow/example_dags/example_subdag_operator.py
[2026-06-18T16:57:54.108+0000] {processor.py:840} INFO - DAG(s) 'example_subdag_operator.section-1', 'example_subdag_operator.section-2', 'example_subdag_operator' retrieved from /home/airflow/.local/lib/python3.8/site-packages/airflow/example_dags/example_subdag_operator.py
[2026-06-18T16:57:54.142+0000] {logging_mixin.py:188} INFO - [2026-06-18T16:57:54.141+0000] {dag.py:3036} INFO - Sync 3 DAGs
[2026-06-18T16:57:54.192+0000] {logging_mixin.py:188} INFO - [2026-06-18T16:57:54.192+0000] {dag.py:3823} INFO - Setting next_dagrun for example_subdag_operator to 2022-01-01 00:00:00+00:00, run_after=2022-01-01 00:00:00+00:00
[2026-06-18T16:57:54.199+0000] {logging_mixin.py:188} INFO - [2026-06-18T16:57:54.199+0000] {dag.py:3823} INFO - Setting next_dagrun for example_subdag_operator.section-1 to None, run_after=None
[2026-06-18T16:57:54.202+0000] {logging_mixin.py:188} INFO - [2026-06-18T16:57:54.201+0000] {dag.py:3823} INFO - Setting next_dagrun for example_subdag_operator.section-2 to None, run_after=None
[2026-06-18T16:57:54.215+0000] {logging_mixin.py:188} INFO - [2026-06-18T16:57:54.215+0000] {dag.py:3036} INFO - Sync 2 DAGs
[2026-06-18T16:57:54.225+0000] {logging_mixin.py:188} INFO - [2026-06-18T16:57:54.225+0000] {dag.py:3823} INFO - Setting next_dagrun for example_subdag_operator.section-1 to None, run_after=None
[2026-06-18T16:57:54.226+0000] {logging_mixin.py:188} INFO - [2026-06-18T16:57:54.226+0000] {dag.py:3823} INFO - Setting next_dagrun for example_subdag_operator.section-2 to None, run_after=None
[2026-06-18T16:57:54.252+0000] {processor.py:183} INFO - Processing /home/airflow/.local/lib/python3.8/site-packages/airflow/example_dags/example_subdag_operator.py took 0.205 seconds
[2026-06-18T16:58:24.664+0000] {processor.py:161} INFO - Started process (PID=1127) to work on /home/airflow/.local/lib/python3.8/site-packages/airflow/example_dags/example_subdag_operator.py
[2026-06-18T16:58:24.668+0000] {processor.py:830} INFO - Processing file /home/airflow/.local/lib/python3.8/site-packages/airflow/example_dags/example_subdag_operator.py for tasks to queue
[2026-06-18T16:58:24.671+0000] {logging_mixin.py:188} INFO - [2026-06-18T16:58:24.671+0000] {dagbag.py:538} INFO - Filling up the DagBag from /home/airflow/.local/lib/python3.8/site-packages/airflow/example_dags/example_subdag_operator.py
[2026-06-18T16:58:24.720+0000] {processor.py:840} INFO - DAG(s) 'example_subdag_operator.section-1', 'example_subdag_operator.section-2', 'example_subdag_operator' retrieved from /home/airflow/.local/lib/python3.8/site-packages/airflow/example_dags/example_subdag_operator.py
[2026-06-18T16:58:24.727+0000] {logging_mixin.py:188} INFO - [2026-06-18T16:58:24.726+0000] {dag.py:3036} INFO - Sync 3 DAGs
[2026-06-18T16:58:24.771+0000] {logging_mixin.py:188} INFO - [2026-06-18T16:58:24.771+0000] {dag.py:3823} INFO - Setting next_dagrun for example_subdag_operator to 2022-01-01 00:00:00+00:00, run_after=2022-01-01 00:00:00+00:00
[2026-06-18T16:58:24.778+0000] {logging_mixin.py:188} INFO - [2026-06-18T16:58:24.778+0000] {dag.py:3823} INFO - Setting next_dagrun for example_subdag_operator.section-1 to None, run_after=None
[2026-06-18T16:58:24.781+0000] {logging_mixin.py:188} INFO - [2026-06-18T16:58:24.781+0000] {dag.py:3823} INFO - Setting next_dagrun for example_subdag_operator.section-2 to None, run_after=None
[2026-06-18T16:58:24.796+0000] {logging_mixin.py:188} INFO - [2026-06-18T16:58:24.796+0000] {dag.py:3036} INFO - Sync 2 DAGs
[2026-06-18T16:58:24.807+0000] {logging_mixin.py:188} INFO - [2026-06-18T16:58:24.806+0000] {dag.py:3823} INFO - Setting next_dagrun for example_subdag_operator.section-1 to None, run_after=None
[2026-06-18T16:58:24.808+0000] {logging_mixin.py:188} INFO - [2026-06-18T16:58:24.807+0000] {dag.py:3823} INFO - Setting next_dagrun for example_subdag_operator.section-2 to None, run_after=None
[2026-06-18T16:58:24.831+0000] {processor.py:183} INFO - Processing /home/airflow/.local/lib/python3.8/site-packages/airflow/example_dags/example_subdag_operator.py took 0.175 seconds
[2026-06-18T16:58:55.047+0000] {processor.py:161} INFO - Started process (PID=1193) to work on /home/airflow/.local/lib/python3.8/site-packages/airflow/example_dags/example_subdag_operator.py
[2026-06-18T16:58:55.049+0000] {processor.py:830} INFO - Processing file /home/airflow/.local/lib/python3.8/site-packages/airflow/example_dags/example_subdag_operator.py for tasks to queue
[2026-06-18T16:58:55.052+0000] {logging_mixin.py:188} INFO - [2026-06-18T16:58:55.052+0000] {dagbag.py:538} INFO - Filling up the DagBag from /home/airflow/.local/lib/python3.8/site-packages/airflow/example_dags/example_subdag_operator.py
[2026-06-18T16:58:55.097+0000] {processor.py:840} INFO - DAG(s) 'example_subdag_operator.section-1', 'example_subdag_operator.section-2', 'example_subdag_operator' retrieved from /home/airflow/.local/lib/python3.8/site-packages/airflow/example_dags/example_subdag_operator.py
[2026-06-18T16:58:55.279+0000] {logging_mixin.py:188} INFO - [2026-06-18T16:58:55.278+0000] {dag.py:3036} INFO - Sync 3 DAGs
[2026-06-18T16:58:55.316+0000] {logging_mixin.py:188} INFO - [2026-06-18T16:58:55.315+0000] {dag.py:3823} INFO - Setting next_dagrun for example_subdag_operator to 2022-01-01 00:00:00+00:00, run_after=2022-01-01 00:00:00+00:00
[2026-06-18T16:58:55.323+0000] {logging_mixin.py:188} INFO - [2026-06-18T16:58:55.322+0000] {dag.py:3823} INFO - Setting next_dagrun for example_subdag_operator.section-1 to None, run_after=None
[2026-06-18T16:58:55.325+0000] {logging_mixin.py:188} INFO - [2026-06-18T16:58:55.325+0000] {dag.py:3823} INFO - Setting next_dagrun for example_subdag_operator.section-2 to None, run_after=None
[2026-06-18T16:58:55.343+0000] {logging_mixin.py:188} INFO - [2026-06-18T16:58:55.342+0000] {dag.py:3036} INFO - Sync 2 DAGs
[2026-06-18T16:58:55.352+0000] {logging_mixin.py:188} INFO - [2026-06-18T16:58:55.351+0000] {dag.py:3823} INFO - Setting next_dagrun for example_subdag_operator.section-1 to None, run_after=None
[2026-06-18T16:58:55.352+0000] {logging_mixin.py:188} INFO - [2026-06-18T16:58:55.352+0000] {dag.py:3823} INFO - Setting next_dagrun for example_subdag_operator.section-2 to None, run_after=None
[2026-06-18T16:58:55.372+0000] {processor.py:183} INFO - Processing /home/airflow/.local/lib/python3.8/site-packages/airflow/example_dags/example_subdag_operator.py took 0.330 seconds
[2026-06-18T16:59:25.490+0000] {processor.py:161} INFO - Started process (PID=1259) to work on /home/airflow/.local/lib/python3.8/site-packages/airflow/example_dags/example_subdag_operator.py
[2026-06-18T16:59:25.491+0000] {processor.py:830} INFO - Processing file /home/airflow/.local/lib/python3.8/site-packages/airflow/example_dags/example_subdag_operator.py for tasks to queue
[2026-06-18T16:59:25.493+0000] {logging_mixin.py:188} INFO - [2026-06-18T16:59:25.493+0000] {dagbag.py:538} INFO - Filling up the DagBag from /home/airflow/.local/lib/python3.8/site-packages/airflow/example_dags/example_subdag_operator.py
[2026-06-18T16:59:25.532+0000] {processor.py:840} INFO - DAG(s) 'example_subdag_operator.section-1', 'example_subdag_operator.section-2', 'example_subdag_operator' retrieved from /home/airflow/.local/lib/python3.8/site-packages/airflow/example_dags/example_subdag_operator.py
[2026-06-18T16:59:25.557+0000] {logging_mixin.py:188} INFO - [2026-06-18T16:59:25.556+0000] {dag.py:3036} INFO - Sync 3 DAGs
[2026-06-18T16:59:25.601+0000] {logging_mixin.py:188} INFO - [2026-06-18T16:59:25.601+0000] {dag.py:3823} INFO - Setting next_dagrun for example_subdag_operator to 2022-01-01 00:00:00+00:00, run_after=2022-01-01 00:00:00+00:00
[2026-06-18T16:59:25.608+0000] {logging_mixin.py:188} INFO - [2026-06-18T16:59:25.607+0000] {dag.py:3823} INFO - Setting next_dagrun for example_subdag_operator.section-1 to None, run_after=None
[2026-06-18T16:59:25.611+0000] {logging_mixin.py:188} INFO - [2026-06-18T16:59:25.611+0000] {dag.py:3823} INFO - Setting next_dagrun for example_subdag_operator.section-2 to None, run_after=None
[2026-06-18T16:59:25.623+0000] {logging_mixin.py:188} INFO - [2026-06-18T16:59:25.623+0000] {dag.py:3036} INFO - Sync 2 DAGs
[2026-06-18T16:59:25.631+0000] {logging_mixin.py:188} INFO - [2026-06-18T16:59:25.631+0000] {dag.py:3823} INFO - Setting next_dagrun for example_subdag_operator.section-1 to None, run_after=None
[2026-06-18T16:59:25.632+0000] {logging_mixin.py:188} INFO - [2026-06-18T16:59:25.632+0000] {dag.py:3823} INFO - Setting next_dagrun for example_subdag_operator.section-2 to None, run_after=None
[2026-06-18T16:59:25.649+0000] {processor.py:183} INFO - Processing /home/airflow/.local/lib/python3.8/site-packages/airflow/example_dags/example_subdag_operator.py took 0.164 seconds
[2026-06-18T16:59:55.978+0000] {processor.py:161} INFO - Started process (PID=1325) to work on /home/airflow/.local/lib/python3.8/site-packages/airflow/example_dags/example_subdag_operator.py
[2026-06-18T16:59:55.981+0000] {processor.py:830} INFO - Processing file /home/airflow/.local/lib/python3.8/site-packages/airflow/example_dags/example_subdag_operator.py for tasks to queue
[2026-06-18T16:59:55.984+0000] {logging_mixin.py:188} INFO - [2026-06-18T16:59:55.983+0000] {dagbag.py:538} INFO - Filling up the DagBag from /home/airflow/.local/lib/python3.8/site-packages/airflow/example_dags/example_subdag_operator.py
[2026-06-18T16:59:56.057+0000] {processor.py:840} INFO - DAG(s) 'example_subdag_operator.section-1', 'example_subdag_operator.section-2', 'example_subdag_operator' retrieved from /home/airflow/.local/lib/python3.8/site-packages/airflow/example_dags/example_subdag_operator.py
[2026-06-18T16:59:56.094+0000] {logging_mixin.py:188} INFO - [2026-06-18T16:59:56.094+0000] {dag.py:3036} INFO - Sync 3 DAGs
[2026-06-18T16:59:56.175+0000] {logging_mixin.py:188} INFO - [2026-06-18T16:59:56.175+0000] {dag.py:3823} INFO - Setting next_dagrun for example_subdag_operator to 2022-01-01 00:00:00+00:00, run_after=2022-01-01 00:00:00+00:00
[2026-06-18T16:59:56.183+0000] {logging_mixin.py:188} INFO - [2026-06-18T16:59:56.182+0000] {dag.py:3823} INFO - Setting next_dagrun for example_subdag_operator.section-1 to None, run_after=None
[2026-06-18T16:59:56.185+0000] {logging_mixin.py:188} INFO - [2026-06-18T16:59:56.185+0000] {dag.py:3823} INFO - Setting next_dagrun for example_subdag_operator.section-2 to None, run_after=None
[2026-06-18T16:59:56.225+0000] {logging_mixin.py:188} INFO - [2026-06-18T16:59:56.225+0000] {dag.py:3036} INFO - Sync 2 DAGs
[2026-06-18T16:59:56.242+0000] {logging_mixin.py:188} INFO - [2026-06-18T16:59:56.241+0000] {dag.py:3823} INFO - Setting next_dagrun for example_subdag_operator.section-1 to None, run_after=None
[2026-06-18T16:59:56.245+0000] {logging_mixin.py:188} INFO - [2026-06-18T16:59:56.245+0000] {dag.py:3823} INFO - Setting next_dagrun for example_subdag_operator.section-2 to None, run_after=None
[2026-06-18T16:59:56.284+0000] {processor.py:183} INFO - Processing /home/airflow/.local/lib/python3.8/site-packages/airflow/example_dags/example_subdag_operator.py took 0.311 seconds
[2026-06-18T17:00:26.391+0000] {processor.py:161} INFO - Started process (PID=1391) to work on /home/airflow/.local/lib/python3.8/site-packages/airflow/example_dags/example_subdag_operator.py
[2026-06-18T17:00:26.393+0000] {processor.py:830} INFO - Processing file /home/airflow/.local/lib/python3.8/site-packages/airflow/example_dags/example_subdag_operator.py for tasks to queue
[2026-06-18T17:00:26.396+0000] {logging_mixin.py:188} INFO - [2026-06-18T17:00:26.395+0000] {dagbag.py:538} INFO - Filling up the DagBag from /home/airflow/.local/lib/python3.8/site-packages/airflow/example_dags/example_subdag_operator.py
[2026-06-18T17:00:26.443+0000] {processor.py:840} INFO - DAG(s) 'example_subdag_operator.section-1', 'example_subdag_operator.section-2', 'example_subdag_operator' retrieved from /home/airflow/.local/lib/python3.8/site-packages/airflow/example_dags/example_subdag_operator.py
[2026-06-18T17:00:26.609+0000] {logging_mixin.py:188} INFO - [2026-06-18T17:00:26.609+0000] {dag.py:3036} INFO - Sync 3 DAGs
[2026-06-18T17:00:26.648+0000] {logging_mixin.py:188} INFO - [2026-06-18T17:00:26.648+0000] {dag.py:3823} INFO - Setting next_dagrun for example_subdag_operator to 2022-01-01 00:00:00+00:00, run_after=2022-01-01 00:00:00+00:00
[2026-06-18T17:00:26.659+0000] {logging_mixin.py:188} INFO - [2026-06-18T17:00:26.656+0000] {dag.py:3823} INFO - Setting next_dagrun for example_subdag_operator.section-1 to None, run_after=None
[2026-06-18T17:00:26.662+0000] {logging_mixin.py:188} INFO - [2026-06-18T17:00:26.661+0000] {dag.py:3823} INFO - Setting next_dagrun for example_subdag_operator.section-2 to None, run_after=None
[2026-06-18T17:00:26.680+0000] {logging_mixin.py:188} INFO - [2026-06-18T17:00:26.679+0000] {dag.py:3036} INFO - Sync 2 DAGs
[2026-06-18T17:00:26.689+0000] {logging_mixin.py:188} INFO - [2026-06-18T17:00:26.689+0000] {dag.py:3823} INFO - Setting next_dagrun for example_subdag_operator.section-1 to None, run_after=None
[2026-06-18T17:00:26.690+0000] {logging_mixin.py:188} INFO - [2026-06-18T17:00:26.690+0000] {dag.py:3823} INFO - Setting next_dagrun for example_subdag_operator.section-2 to None, run_after=None
[2026-06-18T17:00:26.716+0000] {processor.py:183} INFO - Processing /home/airflow/.local/lib/python3.8/site-packages/airflow/example_dags/example_subdag_operator.py took 0.333 seconds
[2026-06-18T17:00:56.824+0000] {processor.py:161} INFO - Started process (PID=1456) to work on /home/airflow/.local/lib/python3.8/site-packages/airflow/example_dags/example_subdag_operator.py
[2026-06-18T17:00:56.825+0000] {processor.py:830} INFO - Processing file /home/airflow/.local/lib/python3.8/site-packages/airflow/example_dags/example_subdag_operator.py for tasks to queue
[2026-06-18T17:00:56.828+0000] {logging_mixin.py:188} INFO - [2026-06-18T17:00:56.827+0000] {dagbag.py:538} INFO - Filling up the DagBag from /home/airflow/.local/lib/python3.8/site-packages/airflow/example_dags/example_subdag_operator.py
[2026-06-18T17:00:56.874+0000] {processor.py:840} INFO - DAG(s) 'example_subdag_operator.section-1', 'example_subdag_operator.section-2', 'example_subdag_operator' retrieved from /home/airflow/.local/lib/python3.8/site-packages/airflow/example_dags/example_subdag_operator.py
[2026-06-18T17:00:56.907+0000] {logging_mixin.py:188} INFO - [2026-06-18T17:00:56.905+0000] {dag.py:3036} INFO - Sync 3 DAGs
[2026-06-18T17:00:56.950+0000] {logging_mixin.py:188} INFO - [2026-06-18T17:00:56.949+0000] {dag.py:3823} INFO - Setting next_dagrun for example_subdag_operator to 2022-01-01 00:00:00+00:00, run_after=2022-01-01 00:00:00+00:00
[2026-06-18T17:00:56.958+0000] {logging_mixin.py:188} INFO - [2026-06-18T17:00:56.957+0000] {dag.py:3823} INFO - Setting next_dagrun for example_subdag_operator.section-1 to None, run_after=None
[2026-06-18T17:00:56.960+0000] {logging_mixin.py:188} INFO - [2026-06-18T17:00:56.960+0000] {dag.py:3823} INFO - Setting next_dagrun for example_subdag_operator.section-2 to None, run_after=None
[2026-06-18T17:00:56.974+0000] {logging_mixin.py:188} INFO - [2026-06-18T17:00:56.973+0000] {dag.py:3036} INFO - Sync 2 DAGs
[2026-06-18T17:00:56.984+0000] {logging_mixin.py:188} INFO - [2026-06-18T17:00:56.984+0000] {dag.py:3823} INFO - Setting next_dagrun for example_subdag_operator.section-1 to None, run_after=None
[2026-06-18T17:00:56.985+0000] {logging_mixin.py:188} INFO - [2026-06-18T17:00:56.985+0000] {dag.py:3823} INFO - Setting next_dagrun for example_subdag_operator.section-2 to None, run_after=None
[2026-06-18T17:00:57.007+0000] {processor.py:183} INFO - Processing /home/airflow/.local/lib/python3.8/site-packages/airflow/example_dags/example_subdag_operator.py took 0.188 seconds
[2026-06-18T17:01:27.277+0000] {processor.py:161} INFO - Started process (PID=1522) to work on /home/airflow/.local/lib/python3.8/site-packages/airflow/example_dags/example_subdag_operator.py
[2026-06-18T17:01:27.279+0000] {processor.py:830} INFO - Processing file /home/airflow/.local/lib/python3.8/site-packages/airflow/example_dags/example_subdag_operator.py for tasks to queue
[2026-06-18T17:01:27.282+0000] {logging_mixin.py:188} INFO - [2026-06-18T17:01:27.281+0000] {dagbag.py:538} INFO - Filling up the DagBag from /home/airflow/.local/lib/python3.8/site-packages/airflow/example_dags/example_subdag_operator.py
[2026-06-18T17:01:27.326+0000] {processor.py:840} INFO - DAG(s) 'example_subdag_operator.section-1', 'example_subdag_operator.section-2', 'example_subdag_operator' retrieved from /home/airflow/.local/lib/python3.8/site-packages/airflow/example_dags/example_subdag_operator.py
[2026-06-18T17:01:27.365+0000] {logging_mixin.py:188} INFO - [2026-06-18T17:01:27.364+0000] {dag.py:3036} INFO - Sync 3 DAGs
[2026-06-18T17:01:27.406+0000] {logging_mixin.py:188} INFO - [2026-06-18T17:01:27.406+0000] {dag.py:3823} INFO - Setting next_dagrun for example_subdag_operator to 2022-01-01 00:00:00+00:00, run_after=2022-01-01 00:00:00+00:00
[2026-06-18T17:01:27.413+0000] {logging_mixin.py:188} INFO - [2026-06-18T17:01:27.412+0000] {dag.py:3823} INFO - Setting next_dagrun for example_subdag_operator.section-1 to None, run_after=None
[2026-06-18T17:01:27.417+0000] {logging_mixin.py:188} INFO - [2026-06-18T17:01:27.416+0000] {dag.py:3823} INFO - Setting next_dagrun for example_subdag_operator.section-2 to None, run_after=None
[2026-06-18T17:01:27.433+0000] {logging_mixin.py:188} INFO - [2026-06-18T17:01:27.433+0000] {dag.py:3036} INFO - Sync 2 DAGs
[2026-06-18T17:01:27.442+0000] {logging_mixin.py:188} INFO - [2026-06-18T17:01:27.442+0000] {dag.py:3823} INFO - Setting next_dagrun for example_subdag_operator.section-1 to None, run_after=None
[2026-06-18T17:01:27.443+0000] {logging_mixin.py:188} INFO - [2026-06-18T17:01:27.443+0000] {dag.py:3823} INFO - Setting next_dagrun for example_subdag_operator.section-2 to None, run_after=None
[2026-06-18T17:01:27.463+0000] {processor.py:183} INFO - Processing /home/airflow/.local/lib/python3.8/site-packages/airflow/example_dags/example_subdag_operator.py took 0.190 seconds
[2026-06-18T17:01:58.010+0000] {processor.py:161} INFO - Started process (PID=1588) to work on /home/airflow/.local/lib/python3.8/site-packages/airflow/example_dags/example_subdag_operator.py
[2026-06-18T17:01:58.011+0000] {processor.py:830} INFO - Processing file /home/airflow/.local/lib/python3.8/site-packages/airflow/example_dags/example_subdag_operator.py for tasks to queue
[2026-06-18T17:01:58.015+0000] {logging_mixin.py:188} INFO - [2026-06-18T17:01:58.014+0000] {dagbag.py:538} INFO - Filling up the DagBag from /home/airflow/.local/lib/python3.8/site-packages/airflow/example_dags/example_subdag_operator.py
[2026-06-18T17:01:58.056+0000] {processor.py:840} INFO - DAG(s) 'example_subdag_operator.section-1', 'example_subdag_operator.section-2', 'example_subdag_operator' retrieved from /home/airflow/.local/lib/python3.8/site-packages/airflow/example_dags/example_subdag_operator.py
[2026-06-18T17:01:58.083+0000] {logging_mixin.py:188} INFO - [2026-06-18T17:01:58.083+0000] {dag.py:3036} INFO - Sync 3 DAGs
[2026-06-18T17:01:58.118+0000] {logging_mixin.py:188} INFO - [2026-06-18T17:01:58.118+0000] {dag.py:3823} INFO - Setting next_dagrun for example_subdag_operator to 2022-01-01 00:00:00+00:00, run_after=2022-01-01 00:00:00+00:00
[2026-06-18T17:01:58.124+0000] {logging_mixin.py:188} INFO - [2026-06-18T17:01:58.124+0000] {dag.py:3823} INFO - Setting next_dagrun for example_subdag_operator.section-1 to None, run_after=None
[2026-06-18T17:01:58.127+0000] {logging_mixin.py:188} INFO - [2026-06-18T17:01:58.126+0000] {dag.py:3823} INFO - Setting next_dagrun for example_subdag_operator.section-2 to None, run_after=None
[2026-06-18T17:01:58.138+0000] {logging_mixin.py:188} INFO - [2026-06-18T17:01:58.138+0000] {dag.py:3036} INFO - Sync 2 DAGs
[2026-06-18T17:01:58.147+0000] {logging_mixin.py:188} INFO - [2026-06-18T17:01:58.146+0000] {dag.py:3823} INFO - Setting next_dagrun for example_subdag_operator.section-1 to None, run_after=None
[2026-06-18T17:01:58.147+0000] {logging_mixin.py:188} INFO - [2026-06-18T17:01:58.147+0000] {dag.py:3823} INFO - Setting next_dagrun for example_subdag_operator.section-2 to None, run_after=None
[2026-06-18T17:01:58.165+0000] {processor.py:183} INFO - Processing /home/airflow/.local/lib/python3.8/site-packages/airflow/example_dags/example_subdag_operator.py took 0.161 seconds
[2026-06-18T17:02:28.624+0000] {processor.py:161} INFO - Started process (PID=1654) to work on /home/airflow/.local/lib/python3.8/site-packages/airflow/example_dags/example_subdag_operator.py
[2026-06-18T17:02:28.626+0000] {processor.py:830} INFO - Processing file /home/airflow/.local/lib/python3.8/site-packages/airflow/example_dags/example_subdag_operator.py for tasks to queue
[2026-06-18T17:02:28.628+0000] {logging_mixin.py:188} INFO - [2026-06-18T17:02:28.628+0000] {dagbag.py:538} INFO - Filling up the DagBag from /home/airflow/.local/lib/python3.8/site-packages/airflow/example_dags/example_subdag_operator.py
[2026-06-18T17:02:28.673+0000] {processor.py:840} INFO - DAG(s) 'example_subdag_operator.section-1', 'example_subdag_operator.section-2', 'example_subdag_operator' retrieved from /home/airflow/.local/lib/python3.8/site-packages/airflow/example_dags/example_subdag_operator.py
[2026-06-18T17:02:28.699+0000] {logging_mixin.py:188} INFO - [2026-06-18T17:02:28.699+0000] {dag.py:3036} INFO - Sync 3 DAGs
[2026-06-18T17:02:28.736+0000] {logging_mixin.py:188} INFO - [2026-06-18T17:02:28.736+0000] {dag.py:3823} INFO - Setting next_dagrun for example_subdag_operator to 2022-01-01 00:00:00+00:00, run_after=2022-01-01 00:00:00+00:00
[2026-06-18T17:02:28.743+0000] {logging_mixin.py:188} INFO - [2026-06-18T17:02:28.743+0000] {dag.py:3823} INFO - Setting next_dagrun for example_subdag_operator.section-1 to None, run_after=None
[2026-06-18T17:02:28.746+0000] {logging_mixin.py:188} INFO - [2026-06-18T17:02:28.746+0000] {dag.py:3823} INFO - Setting next_dagrun for example_subdag_operator.section-2 to None, run_after=None
[2026-06-18T17:02:28.760+0000] {logging_mixin.py:188} INFO - [2026-06-18T17:02:28.759+0000] {dag.py:3036} INFO - Sync 2 DAGs
[2026-06-18T17:02:28.770+0000] {logging_mixin.py:188} INFO - [2026-06-18T17:02:28.769+0000] {dag.py:3823} INFO - Setting next_dagrun for example_subdag_operator.section-1 to None, run_after=None
[2026-06-18T17:02:28.771+0000] {logging_mixin.py:188} INFO - [2026-06-18T17:02:28.770+0000] {dag.py:3823} INFO - Setting next_dagrun for example_subdag_operator.section-2 to None, run_after=None
[2026-06-18T17:02:28.795+0000] {processor.py:183} INFO - Processing /home/airflow/.local/lib/python3.8/site-packages/airflow/example_dags/example_subdag_operator.py took 0.177 seconds
[2026-06-18T17:02:59.150+0000] {processor.py:161} INFO - Started process (PID=1719) to work on /home/airflow/.local/lib/python3.8/site-packages/airflow/example_dags/example_subdag_operator.py
[2026-06-18T17:02:59.152+0000] {processor.py:830} INFO - Processing file /home/airflow/.local/lib/python3.8/site-packages/airflow/example_dags/example_subdag_operator.py for tasks to queue
[2026-06-18T17:02:59.156+0000] {logging_mixin.py:188} INFO - [2026-06-18T17:02:59.155+0000] {dagbag.py:538} INFO - Filling up the DagBag from /home/airflow/.local/lib/python3.8/site-packages/airflow/example_dags/example_subdag_operator.py
[2026-06-18T17:02:59.208+0000] {processor.py:840} INFO - DAG(s) 'example_subdag_operator.section-1', 'example_subdag_operator.section-2', 'example_subdag_operator' retrieved from /home/airflow/.local/lib/python3.8/site-packages/airflow/example_dags/example_subdag_operator.py
[2026-06-18T17:02:59.243+0000] {logging_mixin.py:188} INFO - [2026-06-18T17:02:59.243+0000] {dag.py:3036} INFO - Sync 3 DAGs
[2026-06-18T17:02:59.289+0000] {logging_mixin.py:188} INFO - [2026-06-18T17:02:59.288+0000] {dag.py:3823} INFO - Setting next_dagrun for example_subdag_operator to 2022-01-01 00:00:00+00:00, run_after=2022-01-01 00:00:00+00:00
[2026-06-18T17:02:59.296+0000] {logging_mixin.py:188} INFO - [2026-06-18T17:02:59.296+0000] {dag.py:3823} INFO - Setting next_dagrun for example_subdag_operator.section-1 to None, run_after=None
[2026-06-18T17:02:59.299+0000] {logging_mixin.py:188} INFO - [2026-06-18T17:02:59.299+0000] {dag.py:3823} INFO - Setting next_dagrun for example_subdag_operator.section-2 to None, run_after=None
[2026-06-18T17:02:59.314+0000] {logging_mixin.py:188} INFO - [2026-06-18T17:02:59.314+0000] {dag.py:3036} INFO - Sync 2 DAGs
[2026-06-18T17:02:59.338+0000] {logging_mixin.py:188} INFO - [2026-06-18T17:02:59.337+0000] {dag.py:3823} INFO - Setting next_dagrun for example_subdag_operator.section-1 to None, run_after=None
[2026-06-18T17:02:59.339+0000] {logging_mixin.py:188} INFO - [2026-06-18T17:02:59.338+0000] {dag.py:3823} INFO - Setting next_dagrun for example_subdag_operator.section-2 to None, run_after=None
[2026-06-18T17:02:59.386+0000] {processor.py:183} INFO - Processing /home/airflow/.local/lib/python3.8/site-packages/airflow/example_dags/example_subdag_operator.py took 0.243 seconds
[2026-06-18T17:03:30.021+0000] {processor.py:161} INFO - Started process (PID=1792) to work on /home/airflow/.local/lib/python3.8/site-packages/airflow/example_dags/example_subdag_operator.py
[2026-06-18T17:03:30.023+0000] {processor.py:830} INFO - Processing file /home/airflow/.local/lib/python3.8/site-packages/airflow/example_dags/example_subdag_operator.py for tasks to queue
[2026-06-18T17:03:30.026+0000] {logging_mixin.py:188} INFO - [2026-06-18T17:03:30.026+0000] {dagbag.py:538} INFO - Filling up the DagBag from /home/airflow/.local/lib/python3.8/site-packages/airflow/example_dags/example_subdag_operator.py
[2026-06-18T17:03:30.085+0000] {processor.py:840} INFO - DAG(s) 'example_subdag_operator.section-1', 'example_subdag_operator.section-2', 'example_subdag_operator' retrieved from /home/airflow/.local/lib/python3.8/site-packages/airflow/example_dags/example_subdag_operator.py
[2026-06-18T17:03:30.119+0000] {logging_mixin.py:188} INFO - [2026-06-18T17:03:30.118+0000] {dag.py:3036} INFO - Sync 3 DAGs
[2026-06-18T17:03:30.165+0000] {logging_mixin.py:188} INFO - [2026-06-18T17:03:30.165+0000] {dag.py:3823} INFO - Setting next_dagrun for example_subdag_operator to 2022-01-01 00:00:00+00:00, run_after=2022-01-01 00:00:00+00:00
[2026-06-18T17:03:30.172+0000] {logging_mixin.py:188} INFO - [2026-06-18T17:03:30.172+0000] {dag.py:3823} INFO - Setting next_dagrun for example_subdag_operator.section-1 to None, run_after=None
[2026-06-18T17:03:30.176+0000] {logging_mixin.py:188} INFO - [2026-06-18T17:03:30.175+0000] {dag.py:3823} INFO - Setting next_dagrun for example_subdag_operator.section-2 to None, run_after=None
[2026-06-18T17:03:30.190+0000] {logging_mixin.py:188} INFO - [2026-06-18T17:03:30.190+0000] {dag.py:3036} INFO - Sync 2 DAGs
[2026-06-18T17:03:30.201+0000] {logging_mixin.py:188} INFO - [2026-06-18T17:03:30.201+0000] {dag.py:3823} INFO - Setting next_dagrun for example_subdag_operator.section-1 to None, run_after=None
[2026-06-18T17:03:30.202+0000] {logging_mixin.py:188} INFO - [2026-06-18T17:03:30.202+0000] {dag.py:3823} INFO - Setting next_dagrun for example_subdag_operator.section-2 to None, run_after=None
[2026-06-18T17:03:30.223+0000] {processor.py:183} INFO - Processing /home/airflow/.local/lib/python3.8/site-packages/airflow/example_dags/example_subdag_operator.py took 0.208 seconds
[2026-06-18T17:04:00.410+0000] {processor.py:161} INFO - Started process (PID=1859) to work on /home/airflow/.local/lib/python3.8/site-packages/airflow/example_dags/example_subdag_operator.py
[2026-06-18T17:04:00.411+0000] {processor.py:830} INFO - Processing file /home/airflow/.local/lib/python3.8/site-packages/airflow/example_dags/example_subdag_operator.py for tasks to queue
[2026-06-18T17:04:00.415+0000] {logging_mixin.py:188} INFO - [2026-06-18T17:04:00.414+0000] {dagbag.py:538} INFO - Filling up the DagBag from /home/airflow/.local/lib/python3.8/site-packages/airflow/example_dags/example_subdag_operator.py
[2026-06-18T17:04:00.463+0000] {processor.py:840} INFO - DAG(s) 'example_subdag_operator.section-1', 'example_subdag_operator.section-2', 'example_subdag_operator' retrieved from /home/airflow/.local/lib/python3.8/site-packages/airflow/example_dags/example_subdag_operator.py
[2026-06-18T17:04:00.494+0000] {logging_mixin.py:188} INFO - [2026-06-18T17:04:00.494+0000] {dag.py:3036} INFO - Sync 3 DAGs
[2026-06-18T17:04:00.537+0000] {logging_mixin.py:188} INFO - [2026-06-18T17:04:00.537+0000] {dag.py:3823} INFO - Setting next_dagrun for example_subdag_operator to 2022-01-01 00:00:00+00:00, run_after=2022-01-01 00:00:00+00:00
[2026-06-18T17:04:00.544+0000] {logging_mixin.py:188} INFO - [2026-06-18T17:04:00.544+0000] {dag.py:3823} INFO - Setting next_dagrun for example_subdag_operator.section-1 to None, run_after=None
[2026-06-18T17:04:00.547+0000] {logging_mixin.py:188} INFO - [2026-06-18T17:04:00.547+0000] {dag.py:3823} INFO - Setting next_dagrun for example_subdag_operator.section-2 to None, run_after=None
[2026-06-18T17:04:00.560+0000] {logging_mixin.py:188} INFO - [2026-06-18T17:04:00.560+0000] {dag.py:3036} INFO - Sync 2 DAGs
[2026-06-18T17:04:00.571+0000] {logging_mixin.py:188} INFO - [2026-06-18T17:04:00.571+0000] {dag.py:3823} INFO - Setting next_dagrun for example_subdag_operator.section-1 to None, run_after=None
[2026-06-18T17:04:00.572+0000] {logging_mixin.py:188} INFO - [2026-06-18T17:04:00.572+0000] {dag.py:3823} INFO - Setting next_dagrun for example_subdag_operator.section-2 to None, run_after=None
[2026-06-18T17:04:00.594+0000] {processor.py:183} INFO - Processing /home/airflow/.local/lib/python3.8/site-packages/airflow/example_dags/example_subdag_operator.py took 0.190 seconds
[2026-06-18T17:04:30.822+0000] {processor.py:161} INFO - Started process (PID=1926) to work on /home/airflow/.local/lib/python3.8/site-packages/airflow/example_dags/example_subdag_operator.py
[2026-06-18T17:04:30.825+0000] {processor.py:830} INFO - Processing file /home/airflow/.local/lib/python3.8/site-packages/airflow/example_dags/example_subdag_operator.py for tasks to queue
[2026-06-18T17:04:30.828+0000] {logging_mixin.py:188} INFO - [2026-06-18T17:04:30.827+0000] {dagbag.py:538} INFO - Filling up the DagBag from /home/airflow/.local/lib/python3.8/site-packages/airflow/example_dags/example_subdag_operator.py
[2026-06-18T17:04:30.884+0000] {processor.py:840} INFO - DAG(s) 'example_subdag_operator.section-1', 'example_subdag_operator.section-2', 'example_subdag_operator' retrieved from /home/airflow/.local/lib/python3.8/site-packages/airflow/example_dags/example_subdag_operator.py
[2026-06-18T17:04:30.926+0000] {logging_mixin.py:188} INFO - [2026-06-18T17:04:30.925+0000] {dag.py:3036} INFO - Sync 3 DAGs
[2026-06-18T17:04:30.984+0000] {logging_mixin.py:188} INFO - [2026-06-18T17:04:30.984+0000] {dag.py:3823} INFO - Setting next_dagrun for example_subdag_operator to 2022-01-01 00:00:00+00:00, run_after=2022-01-01 00:00:00+00:00
[2026-06-18T17:04:31.003+0000] {logging_mixin.py:188} INFO - [2026-06-18T17:04:30.999+0000] {dag.py:3823} INFO - Setting next_dagrun for example_subdag_operator.section-1 to None, run_after=None
[2026-06-18T17:04:31.008+0000] {logging_mixin.py:188} INFO - [2026-06-18T17:04:31.007+0000] {dag.py:3823} INFO - Setting next_dagrun for example_subdag_operator.section-2 to None, run_after=None
[2026-06-18T17:04:31.022+0000] {logging_mixin.py:188} INFO - [2026-06-18T17:04:31.022+0000] {dag.py:3036} INFO - Sync 2 DAGs
[2026-06-18T17:04:31.035+0000] {logging_mixin.py:188} INFO - [2026-06-18T17:04:31.035+0000] {dag.py:3823} INFO - Setting next_dagrun for example_subdag_operator.section-1 to None, run_after=None
[2026-06-18T17:04:31.036+0000] {logging_mixin.py:188} INFO - [2026-06-18T17:04:31.036+0000] {dag.py:3823} INFO - Setting next_dagrun for example_subdag_operator.section-2 to None, run_after=None
[2026-06-18T17:04:31.056+0000] {processor.py:183} INFO - Processing /home/airflow/.local/lib/python3.8/site-packages/airflow/example_dags/example_subdag_operator.py took 0.243 seconds
[2026-06-18T17:05:01.263+0000] {processor.py:161} INFO - Started process (PID=1991) to work on /home/airflow/.local/lib/python3.8/site-packages/airflow/example_dags/example_subdag_operator.py
[2026-06-18T17:05:01.265+0000] {processor.py:830} INFO - Processing file /home/airflow/.local/lib/python3.8/site-packages/airflow/example_dags/example_subdag_operator.py for tasks to queue
[2026-06-18T17:05:01.268+0000] {logging_mixin.py:188} INFO - [2026-06-18T17:05:01.267+0000] {dagbag.py:538} INFO - Filling up the DagBag from /home/airflow/.local/lib/python3.8/site-packages/airflow/example_dags/example_subdag_operator.py
[2026-06-18T17:05:01.319+0000] {processor.py:840} INFO - DAG(s) 'example_subdag_operator.section-1', 'example_subdag_operator.section-2', 'example_subdag_operator' retrieved from /home/airflow/.local/lib/python3.8/site-packages/airflow/example_dags/example_subdag_operator.py
[2026-06-18T17:05:01.353+0000] {logging_mixin.py:188} INFO - [2026-06-18T17:05:01.353+0000] {dag.py:3036} INFO - Sync 3 DAGs
[2026-06-18T17:05:01.396+0000] {logging_mixin.py:188} INFO - [2026-06-18T17:05:01.396+0000] {dag.py:3823} INFO - Setting next_dagrun for example_subdag_operator to 2022-01-01 00:00:00+00:00, run_after=2022-01-01 00:00:00+00:00
[2026-06-18T17:05:01.403+0000] {logging_mixin.py:188} INFO - [2026-06-18T17:05:01.403+0000] {dag.py:3823} INFO - Setting next_dagrun for example_subdag_operator.section-1 to None, run_after=None
[2026-06-18T17:05:01.407+0000] {logging_mixin.py:188} INFO - [2026-06-18T17:05:01.406+0000] {dag.py:3823} INFO - Setting next_dagrun for example_subdag_operator.section-2 to None, run_after=None
[2026-06-18T17:05:01.420+0000] {logging_mixin.py:188} INFO - [2026-06-18T17:05:01.420+0000] {dag.py:3036} INFO - Sync 2 DAGs
[2026-06-18T17:05:01.433+0000] {logging_mixin.py:188} INFO - [2026-06-18T17:05:01.432+0000] {dag.py:3823} INFO - Setting next_dagrun for example_subdag_operator.section-1 to None, run_after=None
[2026-06-18T17:05:01.434+0000] {logging_mixin.py:188} INFO - [2026-06-18T17:05:01.433+0000] {dag.py:3823} INFO - Setting next_dagrun for example_subdag_operator.section-2 to None, run_after=None
[2026-06-18T17:05:01.456+0000] {processor.py:183} INFO - Processing /home/airflow/.local/lib/python3.8/site-packages/airflow/example_dags/example_subdag_operator.py took 0.198 seconds
[2026-06-18T17:05:31.935+0000] {processor.py:161} INFO - Started process (PID=2057) to work on /home/airflow/.local/lib/python3.8/site-packages/airflow/example_dags/example_subdag_operator.py
[2026-06-18T17:05:31.937+0000] {processor.py:830} INFO - Processing file /home/airflow/.local/lib/python3.8/site-packages/airflow/example_dags/example_subdag_operator.py for tasks to queue
[2026-06-18T17:05:31.939+0000] {logging_mixin.py:188} INFO - [2026-06-18T17:05:31.939+0000] {dagbag.py:538} INFO - Filling up the DagBag from /home/airflow/.local/lib/python3.8/site-packages/airflow/example_dags/example_subdag_operator.py
[2026-06-18T17:05:31.981+0000] {processor.py:840} INFO - DAG(s) 'example_subdag_operator.section-1', 'example_subdag_operator.section-2', 'example_subdag_operator' retrieved from /home/airflow/.local/lib/python3.8/site-packages/airflow/example_dags/example_subdag_operator.py
[2026-06-18T17:05:32.008+0000] {logging_mixin.py:188} INFO - [2026-06-18T17:05:32.008+0000] {dag.py:3036} INFO - Sync 3 DAGs
[2026-06-18T17:05:32.052+0000] {logging_mixin.py:188} INFO - [2026-06-18T17:05:32.052+0000] {dag.py:3823} INFO - Setting next_dagrun for example_subdag_operator to 2022-01-01 00:00:00+00:00, run_after=2022-01-01 00:00:00+00:00
[2026-06-18T17:05:32.060+0000] {logging_mixin.py:188} INFO - [2026-06-18T17:05:32.059+0000] {dag.py:3823} INFO - Setting next_dagrun for example_subdag_operator.section-1 to None, run_after=None
[2026-06-18T17:05:32.063+0000] {logging_mixin.py:188} INFO - [2026-06-18T17:05:32.062+0000] {dag.py:3823} INFO - Setting next_dagrun for example_subdag_operator.section-2 to None, run_after=None
[2026-06-18T17:05:32.078+0000] {logging_mixin.py:188} INFO - [2026-06-18T17:05:32.077+0000] {dag.py:3036} INFO - Sync 2 DAGs
[2026-06-18T17:05:32.088+0000] {logging_mixin.py:188} INFO - [2026-06-18T17:05:32.088+0000] {dag.py:3823} INFO - Setting next_dagrun for example_subdag_operator.section-1 to None, run_after=None
[2026-06-18T17:05:32.089+0000] {logging_mixin.py:188} INFO - [2026-06-18T17:05:32.089+0000] {dag.py:3823} INFO - Setting next_dagrun for example_subdag_operator.section-2 to None, run_after=None
[2026-06-18T17:05:32.110+0000] {processor.py:183} INFO - Processing /home/airflow/.local/lib/python3.8/site-packages/airflow/example_dags/example_subdag_operator.py took 0.180 seconds
[2026-06-18T17:06:02.887+0000] {processor.py:161} INFO - Started process (PID=2122) to work on /home/airflow/.local/lib/python3.8/site-packages/airflow/example_dags/example_subdag_operator.py
[2026-06-18T17:06:02.889+0000] {processor.py:830} INFO - Processing file /home/airflow/.local/lib/python3.8/site-packages/airflow/example_dags/example_subdag_operator.py for tasks to queue
[2026-06-18T17:06:02.892+0000] {logging_mixin.py:188} INFO - [2026-06-18T17:06:02.892+0000] {dagbag.py:538} INFO - Filling up the DagBag from /home/airflow/.local/lib/python3.8/site-packages/airflow/example_dags/example_subdag_operator.py
[2026-06-18T17:06:02.940+0000] {processor.py:840} INFO - DAG(s) 'example_subdag_operator.section-1', 'example_subdag_operator.section-2', 'example_subdag_operator' retrieved from /home/airflow/.local/lib/python3.8/site-packages/airflow/example_dags/example_subdag_operator.py
[2026-06-18T17:06:02.969+0000] {logging_mixin.py:188} INFO - [2026-06-18T17:06:02.968+0000] {dag.py:3036} INFO - Sync 3 DAGs
[2026-06-18T17:06:03.005+0000] {logging_mixin.py:188} INFO - [2026-06-18T17:06:03.005+0000] {dag.py:3823} INFO - Setting next_dagrun for example_subdag_operator to 2022-01-01 00:00:00+00:00, run_after=2022-01-01 00:00:00+00:00
[2026-06-18T17:06:03.011+0000] {logging_mixin.py:188} INFO - [2026-06-18T17:06:03.011+0000] {dag.py:3823} INFO - Setting next_dagrun for example_subdag_operator.section-1 to None, run_after=None
[2026-06-18T17:06:03.013+0000] {logging_mixin.py:188} INFO - [2026-06-18T17:06:03.013+0000] {dag.py:3823} INFO - Setting next_dagrun for example_subdag_operator.section-2 to None, run_after=None
[2026-06-18T17:06:03.026+0000] {logging_mixin.py:188} INFO - [2026-06-18T17:06:03.026+0000] {dag.py:3036} INFO - Sync 2 DAGs
[2026-06-18T17:06:03.036+0000] {logging_mixin.py:188} INFO - [2026-06-18T17:06:03.035+0000] {dag.py:3823} INFO - Setting next_dagrun for example_subdag_operator.section-1 to None, run_after=None
[2026-06-18T17:06:03.036+0000] {logging_mixin.py:188} INFO - [2026-06-18T17:06:03.036+0000] {dag.py:3823} INFO - Setting next_dagrun for example_subdag_operator.section-2 to None, run_after=None
[2026-06-18T17:06:03.057+0000] {processor.py:183} INFO - Processing /home/airflow/.local/lib/python3.8/site-packages/airflow/example_dags/example_subdag_operator.py took 0.175 seconds
[2026-06-18T17:06:33.426+0000] {processor.py:161} INFO - Started process (PID=2188) to work on /home/airflow/.local/lib/python3.8/site-packages/airflow/example_dags/example_subdag_operator.py
[2026-06-18T17:06:33.428+0000] {processor.py:830} INFO - Processing file /home/airflow/.local/lib/python3.8/site-packages/airflow/example_dags/example_subdag_operator.py for tasks to queue
[2026-06-18T17:06:33.431+0000] {logging_mixin.py:188} INFO - [2026-06-18T17:06:33.431+0000] {dagbag.py:538} INFO - Filling up the DagBag from /home/airflow/.local/lib/python3.8/site-packages/airflow/example_dags/example_subdag_operator.py
[2026-06-18T17:06:33.479+0000] {processor.py:840} INFO - DAG(s) 'example_subdag_operator.section-1', 'example_subdag_operator.section-2', 'example_subdag_operator' retrieved from /home/airflow/.local/lib/python3.8/site-packages/airflow/example_dags/example_subdag_operator.py
[2026-06-18T17:06:33.511+0000] {logging_mixin.py:188} INFO - [2026-06-18T17:06:33.511+0000] {dag.py:3036} INFO - Sync 3 DAGs
[2026-06-18T17:06:33.556+0000] {logging_mixin.py:188} INFO - [2026-06-18T17:06:33.555+0000] {dag.py:3823} INFO - Setting next_dagrun for example_subdag_operator to 2022-01-01 00:00:00+00:00, run_after=2022-01-01 00:00:00+00:00
[2026-06-18T17:06:33.563+0000] {logging_mixin.py:188} INFO - [2026-06-18T17:06:33.562+0000] {dag.py:3823} INFO - Setting next_dagrun for example_subdag_operator.section-1 to None, run_after=None
[2026-06-18T17:06:33.567+0000] {logging_mixin.py:188} INFO - [2026-06-18T17:06:33.567+0000] {dag.py:3823} INFO - Setting next_dagrun for example_subdag_operator.section-2 to None, run_after=None
[2026-06-18T17:06:33.582+0000] {logging_mixin.py:188} INFO - [2026-06-18T17:06:33.582+0000] {dag.py:3036} INFO - Sync 2 DAGs
[2026-06-18T17:06:33.596+0000] {logging_mixin.py:188} INFO - [2026-06-18T17:06:33.596+0000] {dag.py:3823} INFO - Setting next_dagrun for example_subdag_operator.section-1 to None, run_after=None
[2026-06-18T17:06:33.597+0000] {logging_mixin.py:188} INFO - [2026-06-18T17:06:33.597+0000] {dag.py:3823} INFO - Setting next_dagrun for example_subdag_operator.section-2 to None, run_after=None
[2026-06-18T17:06:33.619+0000] {processor.py:183} INFO - Processing /home/airflow/.local/lib/python3.8/site-packages/airflow/example_dags/example_subdag_operator.py took 0.198 seconds
[2026-06-18T17:07:03.752+0000] {processor.py:161} INFO - Started process (PID=2254) to work on /home/airflow/.local/lib/python3.8/site-packages/airflow/example_dags/example_subdag_operator.py
[2026-06-18T17:07:03.754+0000] {processor.py:830} INFO - Processing file /home/airflow/.local/lib/python3.8/site-packages/airflow/example_dags/example_subdag_operator.py for tasks to queue
[2026-06-18T17:07:03.757+0000] {logging_mixin.py:188} INFO - [2026-06-18T17:07:03.756+0000] {dagbag.py:538} INFO - Filling up the DagBag from /home/airflow/.local/lib/python3.8/site-packages/airflow/example_dags/example_subdag_operator.py
[2026-06-18T17:07:03.811+0000] {processor.py:840} INFO - DAG(s) 'example_subdag_operator.section-1', 'example_subdag_operator.section-2', 'example_subdag_operator' retrieved from /home/airflow/.local/lib/python3.8/site-packages/airflow/example_dags/example_subdag_operator.py
[2026-06-18T17:07:03.846+0000] {logging_mixin.py:188} INFO - [2026-06-18T17:07:03.845+0000] {dag.py:3036} INFO - Sync 3 DAGs
[2026-06-18T17:07:03.892+0000] {logging_mixin.py:188} INFO - [2026-06-18T17:07:03.892+0000] {dag.py:3823} INFO - Setting next_dagrun for example_subdag_operator to 2022-01-01 00:00:00+00:00, run_after=2022-01-01 00:00:00+00:00
[2026-06-18T17:07:03.899+0000] {logging_mixin.py:188} INFO - [2026-06-18T17:07:03.899+0000] {dag.py:3823} INFO - Setting next_dagrun for example_subdag_operator.section-1 to None, run_after=None
[2026-06-18T17:07:03.903+0000] {logging_mixin.py:188} INFO - [2026-06-18T17:07:03.902+0000] {dag.py:3823} INFO - Setting next_dagrun for example_subdag_operator.section-2 to None, run_after=None
[2026-06-18T17:07:03.918+0000] {logging_mixin.py:188} INFO - [2026-06-18T17:07:03.918+0000] {dag.py:3036} INFO - Sync 2 DAGs
[2026-06-18T17:07:03.929+0000] {logging_mixin.py:188} INFO - [2026-06-18T17:07:03.928+0000] {dag.py:3823} INFO - Setting next_dagrun for example_subdag_operator.section-1 to None, run_after=None
[2026-06-18T17:07:03.929+0000] {logging_mixin.py:188} INFO - [2026-06-18T17:07:03.929+0000] {dag.py:3823} INFO - Setting next_dagrun for example_subdag_operator.section-2 to None, run_after=None
[2026-06-18T17:07:03.947+0000] {processor.py:183} INFO - Processing /home/airflow/.local/lib/python3.8/site-packages/airflow/example_dags/example_subdag_operator.py took 0.200 seconds
[2026-06-18T17:07:34.610+0000] {processor.py:161} INFO - Started process (PID=2319) to work on /home/airflow/.local/lib/python3.8/site-packages/airflow/example_dags/example_subdag_operator.py
[2026-06-18T17:07:34.612+0000] {processor.py:830} INFO - Processing file /home/airflow/.local/lib/python3.8/site-packages/airflow/example_dags/example_subdag_operator.py for tasks to queue
[2026-06-18T17:07:34.615+0000] {logging_mixin.py:188} INFO - [2026-06-18T17:07:34.615+0000] {dagbag.py:538} INFO - Filling up the DagBag from /home/airflow/.local/lib/python3.8/site-packages/airflow/example_dags/example_subdag_operator.py
[2026-06-18T17:07:34.659+0000] {processor.py:840} INFO - DAG(s) 'example_subdag_operator.section-1', 'example_subdag_operator.section-2', 'example_subdag_operator' retrieved from /home/airflow/.local/lib/python3.8/site-packages/airflow/example_dags/example_subdag_operator.py
[2026-06-18T17:07:34.686+0000] {logging_mixin.py:188} INFO - [2026-06-18T17:07:34.685+0000] {dag.py:3036} INFO - Sync 3 DAGs
[2026-06-18T17:07:34.721+0000] {logging_mixin.py:188} INFO - [2026-06-18T17:07:34.721+0000] {dag.py:3823} INFO - Setting next_dagrun for example_subdag_operator to 2022-01-01 00:00:00+00:00, run_after=2022-01-01 00:00:00+00:00
[2026-06-18T17:07:34.727+0000] {logging_mixin.py:188} INFO - [2026-06-18T17:07:34.727+0000] {dag.py:3823} INFO - Setting next_dagrun for example_subdag_operator.section-1 to None, run_after=None
[2026-06-18T17:07:34.729+0000] {logging_mixin.py:188} INFO - [2026-06-18T17:07:34.729+0000] {dag.py:3823} INFO - Setting next_dagrun for example_subdag_operator.section-2 to None, run_after=None
[2026-06-18T17:07:34.740+0000] {logging_mixin.py:188} INFO - [2026-06-18T17:07:34.740+0000] {dag.py:3036} INFO - Sync 2 DAGs
[2026-06-18T17:07:34.749+0000] {logging_mixin.py:188} INFO - [2026-06-18T17:07:34.749+0000] {dag.py:3823} INFO - Setting next_dagrun for example_subdag_operator.section-1 to None, run_after=None
[2026-06-18T17:07:34.750+0000] {logging_mixin.py:188} INFO - [2026-06-18T17:07:34.750+0000] {dag.py:3823} INFO - Setting next_dagrun for example_subdag_operator.section-2 to None, run_after=None
[2026-06-18T17:07:34.769+0000] {processor.py:183} INFO - Processing /home/airflow/.local/lib/python3.8/site-packages/airflow/example_dags/example_subdag_operator.py took 0.165 seconds
[2026-06-18T17:08:04.900+0000] {processor.py:161} INFO - Started process (PID=2386) to work on /home/airflow/.local/lib/python3.8/site-packages/airflow/example_dags/example_subdag_operator.py
[2026-06-18T17:08:04.902+0000] {processor.py:830} INFO - Processing file /home/airflow/.local/lib/python3.8/site-packages/airflow/example_dags/example_subdag_operator.py for tasks to queue
[2026-06-18T17:08:04.904+0000] {logging_mixin.py:188} INFO - [2026-06-18T17:08:04.904+0000] {dagbag.py:538} INFO - Filling up the DagBag from /home/airflow/.local/lib/python3.8/site-packages/airflow/example_dags/example_subdag_operator.py
[2026-06-18T17:08:04.953+0000] {processor.py:840} INFO - DAG(s) 'example_subdag_operator.section-1', 'example_subdag_operator.section-2', 'example_subdag_operator' retrieved from /home/airflow/.local/lib/python3.8/site-packages/airflow/example_dags/example_subdag_operator.py
[2026-06-18T17:08:04.986+0000] {logging_mixin.py:188} INFO - [2026-06-18T17:08:04.985+0000] {dag.py:3036} INFO - Sync 3 DAGs
[2026-06-18T17:08:05.029+0000] {logging_mixin.py:188} INFO - [2026-06-18T17:08:05.028+0000] {dag.py:3823} INFO - Setting next_dagrun for example_subdag_operator to 2022-01-01 00:00:00+00:00, run_after=2022-01-01 00:00:00+00:00
[2026-06-18T17:08:05.036+0000] {logging_mixin.py:188} INFO - [2026-06-18T17:08:05.035+0000] {dag.py:3823} INFO - Setting next_dagrun for example_subdag_operator.section-1 to None, run_after=None
[2026-06-18T17:08:05.038+0000] {logging_mixin.py:188} INFO - [2026-06-18T17:08:05.038+0000] {dag.py:3823} INFO - Setting next_dagrun for example_subdag_operator.section-2 to None, run_after=None
[2026-06-18T17:08:05.051+0000] {logging_mixin.py:188} INFO - [2026-06-18T17:08:05.050+0000] {dag.py:3036} INFO - Sync 2 DAGs
[2026-06-18T17:08:05.061+0000] {logging_mixin.py:188} INFO - [2026-06-18T17:08:05.061+0000] {dag.py:3823} INFO - Setting next_dagrun for example_subdag_operator.section-1 to None, run_after=None
[2026-06-18T17:08:05.062+0000] {logging_mixin.py:188} INFO - [2026-06-18T17:08:05.062+0000] {dag.py:3823} INFO - Setting next_dagrun for example_subdag_operator.section-2 to None, run_after=None
[2026-06-18T17:08:05.081+0000] {processor.py:183} INFO - Processing /home/airflow/.local/lib/python3.8/site-packages/airflow/example_dags/example_subdag_operator.py took 0.186 seconds
[2026-06-18T17:08:35.240+0000] {processor.py:161} INFO - Started process (PID=2453) to work on /home/airflow/.local/lib/python3.8/site-packages/airflow/example_dags/example_subdag_operator.py
[2026-06-18T17:08:35.243+0000] {processor.py:830} INFO - Processing file /home/airflow/.local/lib/python3.8/site-packages/airflow/example_dags/example_subdag_operator.py for tasks to queue
[2026-06-18T17:08:35.245+0000] {logging_mixin.py:188} INFO - [2026-06-18T17:08:35.245+0000] {dagbag.py:538} INFO - Filling up the DagBag from /home/airflow/.local/lib/python3.8/site-packages/airflow/example_dags/example_subdag_operator.py
[2026-06-18T17:08:35.296+0000] {processor.py:840} INFO - DAG(s) 'example_subdag_operator.section-1', 'example_subdag_operator.section-2', 'example_subdag_operator' retrieved from /home/airflow/.local/lib/python3.8/site-packages/airflow/example_dags/example_subdag_operator.py
[2026-06-18T17:08:35.329+0000] {logging_mixin.py:188} INFO - [2026-06-18T17:08:35.329+0000] {dag.py:3036} INFO - Sync 3 DAGs
[2026-06-18T17:08:35.368+0000] {logging_mixin.py:188} INFO - [2026-06-18T17:08:35.368+0000] {dag.py:3823} INFO - Setting next_dagrun for example_subdag_operator to 2022-01-01 00:00:00+00:00, run_after=2022-01-01 00:00:00+00:00
[2026-06-18T17:08:35.374+0000] {logging_mixin.py:188} INFO - [2026-06-18T17:08:35.374+0000] {dag.py:3823} INFO - Setting next_dagrun for example_subdag_operator.section-1 to None, run_after=None
[2026-06-18T17:08:35.376+0000] {logging_mixin.py:188} INFO - [2026-06-18T17:08:35.376+0000] {dag.py:3823} INFO - Setting next_dagrun for example_subdag_operator.section-2 to None, run_after=None
[2026-06-18T17:08:35.388+0000] {logging_mixin.py:188} INFO - [2026-06-18T17:08:35.388+0000] {dag.py:3036} INFO - Sync 2 DAGs
[2026-06-18T17:08:35.397+0000] {logging_mixin.py:188} INFO - [2026-06-18T17:08:35.397+0000] {dag.py:3823} INFO - Setting next_dagrun for example_subdag_operator.section-1 to None, run_after=None
[2026-06-18T17:08:35.398+0000] {logging_mixin.py:188} INFO - [2026-06-18T17:08:35.397+0000] {dag.py:3823} INFO - Setting next_dagrun for example_subdag_operator.section-2 to None, run_after=None
[2026-06-18T17:08:35.421+0000] {processor.py:183} INFO - Processing /home/airflow/.local/lib/python3.8/site-packages/airflow/example_dags/example_subdag_operator.py took 0.187 seconds
[2026-06-18T17:09:05.693+0000] {processor.py:161} INFO - Started process (PID=2525) to work on /home/airflow/.local/lib/python3.8/site-packages/airflow/example_dags/example_subdag_operator.py
[2026-06-18T17:09:05.694+0000] {processor.py:830} INFO - Processing file /home/airflow/.local/lib/python3.8/site-packages/airflow/example_dags/example_subdag_operator.py for tasks to queue
[2026-06-18T17:09:05.696+0000] {logging_mixin.py:188} INFO - [2026-06-18T17:09:05.696+0000] {dagbag.py:538} INFO - Filling up the DagBag from /home/airflow/.local/lib/python3.8/site-packages/airflow/example_dags/example_subdag_operator.py
[2026-06-18T17:09:05.742+0000] {processor.py:840} INFO - DAG(s) 'example_subdag_operator.section-1', 'example_subdag_operator.section-2', 'example_subdag_operator' retrieved from /home/airflow/.local/lib/python3.8/site-packages/airflow/example_dags/example_subdag_operator.py
[2026-06-18T17:09:05.767+0000] {logging_mixin.py:188} INFO - [2026-06-18T17:09:05.766+0000] {dag.py:3036} INFO - Sync 3 DAGs
[2026-06-18T17:09:05.805+0000] {logging_mixin.py:188} INFO - [2026-06-18T17:09:05.804+0000] {dag.py:3823} INFO - Setting next_dagrun for example_subdag_operator to 2022-01-01 00:00:00+00:00, run_after=2022-01-01 00:00:00+00:00
[2026-06-18T17:09:05.811+0000] {logging_mixin.py:188} INFO - [2026-06-18T17:09:05.810+0000] {dag.py:3823} INFO - Setting next_dagrun for example_subdag_operator.section-1 to None, run_after=None
[2026-06-18T17:09:05.813+0000] {logging_mixin.py:188} INFO - [2026-06-18T17:09:05.812+0000] {dag.py:3823} INFO - Setting next_dagrun for example_subdag_operator.section-2 to None, run_after=None
[2026-06-18T17:09:05.826+0000] {logging_mixin.py:188} INFO - [2026-06-18T17:09:05.826+0000] {dag.py:3036} INFO - Sync 2 DAGs
[2026-06-18T17:09:05.836+0000] {logging_mixin.py:188} INFO - [2026-06-18T17:09:05.836+0000] {dag.py:3823} INFO - Setting next_dagrun for example_subdag_operator.section-1 to None, run_after=None
[2026-06-18T17:09:05.838+0000] {logging_mixin.py:188} INFO - [2026-06-18T17:09:05.838+0000] {dag.py:3823} INFO - Setting next_dagrun for example_subdag_operator.section-2 to None, run_after=None
[2026-06-18T17:09:05.863+0000] {processor.py:183} INFO - Processing /home/airflow/.local/lib/python3.8/site-packages/airflow/example_dags/example_subdag_operator.py took 0.175 seconds
[2026-06-18T17:09:36.426+0000] {processor.py:161} INFO - Started process (PID=2593) to work on /home/airflow/.local/lib/python3.8/site-packages/airflow/example_dags/example_subdag_operator.py
[2026-06-18T17:09:36.428+0000] {processor.py:830} INFO - Processing file /home/airflow/.local/lib/python3.8/site-packages/airflow/example_dags/example_subdag_operator.py for tasks to queue
[2026-06-18T17:09:36.432+0000] {logging_mixin.py:188} INFO - [2026-06-18T17:09:36.431+0000] {dagbag.py:538} INFO - Filling up the DagBag from /home/airflow/.local/lib/python3.8/site-packages/airflow/example_dags/example_subdag_operator.py
[2026-06-18T17:09:36.493+0000] {processor.py:840} INFO - DAG(s) 'example_subdag_operator.section-1', 'example_subdag_operator.section-2', 'example_subdag_operator' retrieved from /home/airflow/.local/lib/python3.8/site-packages/airflow/example_dags/example_subdag_operator.py
[2026-06-18T17:09:36.527+0000] {logging_mixin.py:188} INFO - [2026-06-18T17:09:36.527+0000] {dag.py:3036} INFO - Sync 3 DAGs
[2026-06-18T17:09:36.575+0000] {logging_mixin.py:188} INFO - [2026-06-18T17:09:36.574+0000] {dag.py:3823} INFO - Setting next_dagrun for example_subdag_operator to 2022-01-01 00:00:00+00:00, run_after=2022-01-01 00:00:00+00:00
[2026-06-18T17:09:36.581+0000] {logging_mixin.py:188} INFO - [2026-06-18T17:09:36.581+0000] {dag.py:3823} INFO - Setting next_dagrun for example_subdag_operator.section-1 to None, run_after=None
[2026-06-18T17:09:36.584+0000] {logging_mixin.py:188} INFO - [2026-06-18T17:09:36.584+0000] {dag.py:3823} INFO - Setting next_dagrun for example_subdag_operator.section-2 to None, run_after=None
[2026-06-18T17:09:36.598+0000] {logging_mixin.py:188} INFO - [2026-06-18T17:09:36.597+0000] {dag.py:3036} INFO - Sync 2 DAGs
[2026-06-18T17:09:36.609+0000] {logging_mixin.py:188} INFO - [2026-06-18T17:09:36.608+0000] {dag.py:3823} INFO - Setting next_dagrun for example_subdag_operator.section-1 to None, run_after=None
[2026-06-18T17:09:36.610+0000] {logging_mixin.py:188} INFO - [2026-06-18T17:09:36.609+0000] {dag.py:3823} INFO - Setting next_dagrun for example_subdag_operator.section-2 to None, run_after=None
[2026-06-18T17:09:36.630+0000] {processor.py:183} INFO - Processing /home/airflow/.local/lib/python3.8/site-packages/airflow/example_dags/example_subdag_operator.py took 0.211 seconds
[2026-06-18T17:10:07.218+0000] {processor.py:161} INFO - Started process (PID=2659) to work on /home/airflow/.local/lib/python3.8/site-packages/airflow/example_dags/example_subdag_operator.py
[2026-06-18T17:10:07.220+0000] {processor.py:830} INFO - Processing file /home/airflow/.local/lib/python3.8/site-packages/airflow/example_dags/example_subdag_operator.py for tasks to queue
[2026-06-18T17:10:07.223+0000] {logging_mixin.py:188} INFO - [2026-06-18T17:10:07.222+0000] {dagbag.py:538} INFO - Filling up the DagBag from /home/airflow/.local/lib/python3.8/site-packages/airflow/example_dags/example_subdag_operator.py
[2026-06-18T17:10:07.273+0000] {processor.py:840} INFO - DAG(s) 'example_subdag_operator.section-1', 'example_subdag_operator.section-2', 'example_subdag_operator' retrieved from /home/airflow/.local/lib/python3.8/site-packages/airflow/example_dags/example_subdag_operator.py
[2026-06-18T17:10:07.312+0000] {logging_mixin.py:188} INFO - [2026-06-18T17:10:07.312+0000] {dag.py:3036} INFO - Sync 3 DAGs
[2026-06-18T17:10:07.353+0000] {logging_mixin.py:188} INFO - [2026-06-18T17:10:07.353+0000] {dag.py:3823} INFO - Setting next_dagrun for example_subdag_operator to 2022-01-01 00:00:00+00:00, run_after=2022-01-01 00:00:00+00:00
[2026-06-18T17:10:07.360+0000] {logging_mixin.py:188} INFO - [2026-06-18T17:10:07.359+0000] {dag.py:3823} INFO - Setting next_dagrun for example_subdag_operator.section-1 to None, run_after=None
[2026-06-18T17:10:07.362+0000] {logging_mixin.py:188} INFO - [2026-06-18T17:10:07.362+0000] {dag.py:3823} INFO - Setting next_dagrun for example_subdag_operator.section-2 to None, run_after=None
[2026-06-18T17:10:07.375+0000] {logging_mixin.py:188} INFO - [2026-06-18T17:10:07.375+0000] {dag.py:3036} INFO - Sync 2 DAGs
[2026-06-18T17:10:07.386+0000] {logging_mixin.py:188} INFO - [2026-06-18T17:10:07.385+0000] {dag.py:3823} INFO - Setting next_dagrun for example_subdag_operator.section-1 to None, run_after=None
[2026-06-18T17:10:07.387+0000] {logging_mixin.py:188} INFO - [2026-06-18T17:10:07.386+0000] {dag.py:3823} INFO - Setting next_dagrun for example_subdag_operator.section-2 to None, run_after=None
[2026-06-18T17:10:07.410+0000] {processor.py:183} INFO - Processing /home/airflow/.local/lib/python3.8/site-packages/airflow/example_dags/example_subdag_operator.py took 0.198 seconds
[2026-06-18T17:10:38.243+0000] {processor.py:161} INFO - Started process (PID=2724) to work on /home/airflow/.local/lib/python3.8/site-packages/airflow/example_dags/example_subdag_operator.py
[2026-06-18T17:10:38.245+0000] {processor.py:830} INFO - Processing file /home/airflow/.local/lib/python3.8/site-packages/airflow/example_dags/example_subdag_operator.py for tasks to queue
[2026-06-18T17:10:38.248+0000] {logging_mixin.py:188} INFO - [2026-06-18T17:10:38.247+0000] {dagbag.py:538} INFO - Filling up the DagBag from /home/airflow/.local/lib/python3.8/site-packages/airflow/example_dags/example_subdag_operator.py
[2026-06-18T17:10:38.305+0000] {processor.py:840} INFO - DAG(s) 'example_subdag_operator.section-1', 'example_subdag_operator.section-2', 'example_subdag_operator' retrieved from /home/airflow/.local/lib/python3.8/site-packages/airflow/example_dags/example_subdag_operator.py
[2026-06-18T17:10:38.339+0000] {logging_mixin.py:188} INFO - [2026-06-18T17:10:38.338+0000] {dag.py:3036} INFO - Sync 3 DAGs
[2026-06-18T17:10:38.387+0000] {logging_mixin.py:188} INFO - [2026-06-18T17:10:38.387+0000] {dag.py:3823} INFO - Setting next_dagrun for example_subdag_operator to 2022-01-01 00:00:00+00:00, run_after=2022-01-01 00:00:00+00:00
[2026-06-18T17:10:38.395+0000] {logging_mixin.py:188} INFO - [2026-06-18T17:10:38.395+0000] {dag.py:3823} INFO - Setting next_dagrun for example_subdag_operator.section-1 to None, run_after=None
[2026-06-18T17:10:38.398+0000] {logging_mixin.py:188} INFO - [2026-06-18T17:10:38.397+0000] {dag.py:3823} INFO - Setting next_dagrun for example_subdag_operator.section-2 to None, run_after=None
[2026-06-18T17:10:38.414+0000] {logging_mixin.py:188} INFO - [2026-06-18T17:10:38.414+0000] {dag.py:3036} INFO - Sync 2 DAGs
[2026-06-18T17:10:38.426+0000] {logging_mixin.py:188} INFO - [2026-06-18T17:10:38.425+0000] {dag.py:3823} INFO - Setting next_dagrun for example_subdag_operator.section-1 to None, run_after=None
[2026-06-18T17:10:38.427+0000] {logging_mixin.py:188} INFO - [2026-06-18T17:10:38.426+0000] {dag.py:3823} INFO - Setting next_dagrun for example_subdag_operator.section-2 to None, run_after=None
[2026-06-18T17:10:38.460+0000] {processor.py:183} INFO - Processing /home/airflow/.local/lib/python3.8/site-packages/airflow/example_dags/example_subdag_operator.py took 0.223 seconds
[2026-06-18T17:11:09.204+0000] {processor.py:161} INFO - Started process (PID=2791) to work on /home/airflow/.local/lib/python3.8/site-packages/airflow/example_dags/example_subdag_operator.py
[2026-06-18T17:11:09.206+0000] {processor.py:830} INFO - Processing file /home/airflow/.local/lib/python3.8/site-packages/airflow/example_dags/example_subdag_operator.py for tasks to queue
[2026-06-18T17:11:09.217+0000] {logging_mixin.py:188} INFO - [2026-06-18T17:11:09.214+0000] {dagbag.py:538} INFO - Filling up the DagBag from /home/airflow/.local/lib/python3.8/site-packages/airflow/example_dags/example_subdag_operator.py
[2026-06-18T17:11:09.272+0000] {processor.py:840} INFO - DAG(s) 'example_subdag_operator.section-1', 'example_subdag_operator.section-2', 'example_subdag_operator' retrieved from /home/airflow/.local/lib/python3.8/site-packages/airflow/example_dags/example_subdag_operator.py
[2026-06-18T17:11:09.307+0000] {logging_mixin.py:188} INFO - [2026-06-18T17:11:09.306+0000] {dag.py:3036} INFO - Sync 3 DAGs
[2026-06-18T17:11:09.370+0000] {logging_mixin.py:188} INFO - [2026-06-18T17:11:09.370+0000] {dag.py:3823} INFO - Setting next_dagrun for example_subdag_operator to 2022-01-01 00:00:00+00:00, run_after=2022-01-01 00:00:00+00:00
[2026-06-18T17:11:09.378+0000] {logging_mixin.py:188} INFO - [2026-06-18T17:11:09.377+0000] {dag.py:3823} INFO - Setting next_dagrun for example_subdag_operator.section-1 to None, run_after=None
[2026-06-18T17:11:09.381+0000] {logging_mixin.py:188} INFO - [2026-06-18T17:11:09.380+0000] {dag.py:3823} INFO - Setting next_dagrun for example_subdag_operator.section-2 to None, run_after=None
[2026-06-18T17:11:09.405+0000] {logging_mixin.py:188} INFO - [2026-06-18T17:11:09.404+0000] {dag.py:3036} INFO - Sync 2 DAGs
[2026-06-18T17:11:09.417+0000] {logging_mixin.py:188} INFO - [2026-06-18T17:11:09.416+0000] {dag.py:3823} INFO - Setting next_dagrun for example_subdag_operator.section-1 to None, run_after=None
[2026-06-18T17:11:09.417+0000] {logging_mixin.py:188} INFO - [2026-06-18T17:11:09.417+0000] {dag.py:3823} INFO - Setting next_dagrun for example_subdag_operator.section-2 to None, run_after=None
[2026-06-18T17:11:09.450+0000] {processor.py:183} INFO - Processing /home/airflow/.local/lib/python3.8/site-packages/airflow/example_dags/example_subdag_operator.py took 0.254 seconds
[2026-06-18T17:11:39.646+0000] {processor.py:161} INFO - Started process (PID=2856) to work on /home/airflow/.local/lib/python3.8/site-packages/airflow/example_dags/example_subdag_operator.py
[2026-06-18T17:11:39.648+0000] {processor.py:830} INFO - Processing file /home/airflow/.local/lib/python3.8/site-packages/airflow/example_dags/example_subdag_operator.py for tasks to queue
[2026-06-18T17:11:39.651+0000] {logging_mixin.py:188} INFO - [2026-06-18T17:11:39.650+0000] {dagbag.py:538} INFO - Filling up the DagBag from /home/airflow/.local/lib/python3.8/site-packages/airflow/example_dags/example_subdag_operator.py
[2026-06-18T17:11:39.696+0000] {processor.py:840} INFO - DAG(s) 'example_subdag_operator.section-1', 'example_subdag_operator.section-2', 'example_subdag_operator' retrieved from /home/airflow/.local/lib/python3.8/site-packages/airflow/example_dags/example_subdag_operator.py
[2026-06-18T17:11:39.723+0000] {logging_mixin.py:188} INFO - [2026-06-18T17:11:39.723+0000] {dag.py:3036} INFO - Sync 3 DAGs
[2026-06-18T17:11:39.764+0000] {logging_mixin.py:188} INFO - [2026-06-18T17:11:39.764+0000] {dag.py:3823} INFO - Setting next_dagrun for example_subdag_operator to 2022-01-01 00:00:00+00:00, run_after=2022-01-01 00:00:00+00:00
[2026-06-18T17:11:39.770+0000] {logging_mixin.py:188} INFO - [2026-06-18T17:11:39.770+0000] {dag.py:3823} INFO - Setting next_dagrun for example_subdag_operator.section-1 to None, run_after=None
[2026-06-18T17:11:39.773+0000] {logging_mixin.py:188} INFO - [2026-06-18T17:11:39.773+0000] {dag.py:3823} INFO - Setting next_dagrun for example_subdag_operator.section-2 to None, run_after=None
[2026-06-18T17:11:39.792+0000] {logging_mixin.py:188} INFO - [2026-06-18T17:11:39.792+0000] {dag.py:3036} INFO - Sync 2 DAGs
[2026-06-18T17:11:39.803+0000] {logging_mixin.py:188} INFO - [2026-06-18T17:11:39.802+0000] {dag.py:3823} INFO - Setting next_dagrun for example_subdag_operator.section-1 to None, run_after=None
[2026-06-18T17:11:39.803+0000] {logging_mixin.py:188} INFO - [2026-06-18T17:11:39.803+0000] {dag.py:3823} INFO - Setting next_dagrun for example_subdag_operator.section-2 to None, run_after=None
[2026-06-18T17:11:39.827+0000] {processor.py:183} INFO - Processing /home/airflow/.local/lib/python3.8/site-packages/airflow/example_dags/example_subdag_operator.py took 0.186 seconds
[2026-06-18T17:12:10.419+0000] {processor.py:161} INFO - Started process (PID=2922) to work on /home/airflow/.local/lib/python3.8/site-packages/airflow/example_dags/example_subdag_operator.py
[2026-06-18T17:12:10.421+0000] {processor.py:830} INFO - Processing file /home/airflow/.local/lib/python3.8/site-packages/airflow/example_dags/example_subdag_operator.py for tasks to queue
[2026-06-18T17:12:10.424+0000] {logging_mixin.py:188} INFO - [2026-06-18T17:12:10.423+0000] {dagbag.py:538} INFO - Filling up the DagBag from /home/airflow/.local/lib/python3.8/site-packages/airflow/example_dags/example_subdag_operator.py
[2026-06-18T17:12:10.472+0000] {processor.py:840} INFO - DAG(s) 'example_subdag_operator.section-1', 'example_subdag_operator.section-2', 'example_subdag_operator' retrieved from /home/airflow/.local/lib/python3.8/site-packages/airflow/example_dags/example_subdag_operator.py
[2026-06-18T17:12:10.508+0000] {logging_mixin.py:188} INFO - [2026-06-18T17:12:10.507+0000] {dag.py:3036} INFO - Sync 3 DAGs
[2026-06-18T17:12:10.547+0000] {logging_mixin.py:188} INFO - [2026-06-18T17:12:10.546+0000] {dag.py:3823} INFO - Setting next_dagrun for example_subdag_operator to 2022-01-01 00:00:00+00:00, run_after=2022-01-01 00:00:00+00:00
[2026-06-18T17:12:10.553+0000] {logging_mixin.py:188} INFO - [2026-06-18T17:12:10.553+0000] {dag.py:3823} INFO - Setting next_dagrun for example_subdag_operator.section-1 to None, run_after=None
[2026-06-18T17:12:10.556+0000] {logging_mixin.py:188} INFO - [2026-06-18T17:12:10.556+0000] {dag.py:3823} INFO - Setting next_dagrun for example_subdag_operator.section-2 to None, run_after=None
[2026-06-18T17:12:10.570+0000] {logging_mixin.py:188} INFO - [2026-06-18T17:12:10.569+0000] {dag.py:3036} INFO - Sync 2 DAGs
[2026-06-18T17:12:10.579+0000] {logging_mixin.py:188} INFO - [2026-06-18T17:12:10.579+0000] {dag.py:3823} INFO - Setting next_dagrun for example_subdag_operator.section-1 to None, run_after=None
[2026-06-18T17:12:10.580+0000] {logging_mixin.py:188} INFO - [2026-06-18T17:12:10.580+0000] {dag.py:3823} INFO - Setting next_dagrun for example_subdag_operator.section-2 to None, run_after=None
[2026-06-18T17:12:10.601+0000] {processor.py:183} INFO - Processing /home/airflow/.local/lib/python3.8/site-packages/airflow/example_dags/example_subdag_operator.py took 0.187 seconds
[2026-06-18T17:12:41.986+0000] {processor.py:161} INFO - Started process (PID=2989) to work on /home/airflow/.local/lib/python3.8/site-packages/airflow/example_dags/example_subdag_operator.py
[2026-06-18T17:12:41.988+0000] {processor.py:830} INFO - Processing file /home/airflow/.local/lib/python3.8/site-packages/airflow/example_dags/example_subdag_operator.py for tasks to queue
[2026-06-18T17:12:41.991+0000] {logging_mixin.py:188} INFO - [2026-06-18T17:12:41.991+0000] {dagbag.py:538} INFO - Filling up the DagBag from /home/airflow/.local/lib/python3.8/site-packages/airflow/example_dags/example_subdag_operator.py
[2026-06-18T17:12:42.043+0000] {processor.py:840} INFO - DAG(s) 'example_subdag_operator.section-1', 'example_subdag_operator.section-2', 'example_subdag_operator' retrieved from /home/airflow/.local/lib/python3.8/site-packages/airflow/example_dags/example_subdag_operator.py
[2026-06-18T17:12:42.078+0000] {logging_mixin.py:188} INFO - [2026-06-18T17:12:42.077+0000] {dag.py:3036} INFO - Sync 3 DAGs
[2026-06-18T17:12:42.327+0000] {logging_mixin.py:188} INFO - [2026-06-18T17:12:42.326+0000] {dag.py:3823} INFO - Setting next_dagrun for example_subdag_operator to 2022-01-01 00:00:00+00:00, run_after=2022-01-01 00:00:00+00:00
[2026-06-18T17:12:42.333+0000] {logging_mixin.py:188} INFO - [2026-06-18T17:12:42.333+0000] {dag.py:3823} INFO - Setting next_dagrun for example_subdag_operator.section-1 to None, run_after=None
[2026-06-18T17:12:42.335+0000] {logging_mixin.py:188} INFO - [2026-06-18T17:12:42.335+0000] {dag.py:3823} INFO - Setting next_dagrun for example_subdag_operator.section-2 to None, run_after=None
[2026-06-18T17:12:42.346+0000] {logging_mixin.py:188} INFO - [2026-06-18T17:12:42.346+0000] {dag.py:3036} INFO - Sync 2 DAGs
[2026-06-18T17:12:42.356+0000] {logging_mixin.py:188} INFO - [2026-06-18T17:12:42.355+0000] {dag.py:3823} INFO - Setting next_dagrun for example_subdag_operator.section-1 to None, run_after=None
[2026-06-18T17:12:42.356+0000] {logging_mixin.py:188} INFO - [2026-06-18T17:12:42.356+0000] {dag.py:3823} INFO - Setting next_dagrun for example_subdag_operator.section-2 to None, run_after=None
[2026-06-18T17:12:42.373+0000] {processor.py:183} INFO - Processing /home/airflow/.local/lib/python3.8/site-packages/airflow/example_dags/example_subdag_operator.py took 0.395 seconds
[2026-06-18T17:13:12.455+0000] {processor.py:161} INFO - Started process (PID=3052) to work on /home/airflow/.local/lib/python3.8/site-packages/airflow/example_dags/example_subdag_operator.py
[2026-06-18T17:13:12.457+0000] {processor.py:830} INFO - Processing file /home/airflow/.local/lib/python3.8/site-packages/airflow/example_dags/example_subdag_operator.py for tasks to queue
[2026-06-18T17:13:12.460+0000] {logging_mixin.py:188} INFO - [2026-06-18T17:13:12.459+0000] {dagbag.py:538} INFO - Filling up the DagBag from /home/airflow/.local/lib/python3.8/site-packages/airflow/example_dags/example_subdag_operator.py
[2026-06-18T17:13:12.510+0000] {processor.py:840} INFO - DAG(s) 'example_subdag_operator.section-1', 'example_subdag_operator.section-2', 'example_subdag_operator' retrieved from /home/airflow/.local/lib/python3.8/site-packages/airflow/example_dags/example_subdag_operator.py
[2026-06-18T17:13:12.544+0000] {logging_mixin.py:188} INFO - [2026-06-18T17:13:12.543+0000] {dag.py:3036} INFO - Sync 3 DAGs
[2026-06-18T17:13:12.799+0000] {logging_mixin.py:188} INFO - [2026-06-18T17:13:12.799+0000] {dag.py:3823} INFO - Setting next_dagrun for example_subdag_operator to 2022-01-01 00:00:00+00:00, run_after=2022-01-01 00:00:00+00:00
[2026-06-18T17:13:12.806+0000] {logging_mixin.py:188} INFO - [2026-06-18T17:13:12.806+0000] {dag.py:3823} INFO - Setting next_dagrun for example_subdag_operator.section-1 to None, run_after=None
[2026-06-18T17:13:12.809+0000] {logging_mixin.py:188} INFO - [2026-06-18T17:13:12.808+0000] {dag.py:3823} INFO - Setting next_dagrun for example_subdag_operator.section-2 to None, run_after=None
[2026-06-18T17:13:12.820+0000] {logging_mixin.py:188} INFO - [2026-06-18T17:13:12.819+0000] {dag.py:3036} INFO - Sync 2 DAGs
[2026-06-18T17:13:12.830+0000] {logging_mixin.py:188} INFO - [2026-06-18T17:13:12.829+0000] {dag.py:3823} INFO - Setting next_dagrun for example_subdag_operator.section-1 to None, run_after=None
[2026-06-18T17:13:12.830+0000] {logging_mixin.py:188} INFO - [2026-06-18T17:13:12.830+0000] {dag.py:3823} INFO - Setting next_dagrun for example_subdag_operator.section-2 to None, run_after=None
[2026-06-18T17:13:12.851+0000] {processor.py:183} INFO - Processing /home/airflow/.local/lib/python3.8/site-packages/airflow/example_dags/example_subdag_operator.py took 0.402 seconds
[2026-06-18T17:13:43.503+0000] {processor.py:161} INFO - Started process (PID=3117) to work on /home/airflow/.local/lib/python3.8/site-packages/airflow/example_dags/example_subdag_operator.py
[2026-06-18T17:13:43.505+0000] {processor.py:830} INFO - Processing file /home/airflow/.local/lib/python3.8/site-packages/airflow/example_dags/example_subdag_operator.py for tasks to queue
[2026-06-18T17:13:43.508+0000] {logging_mixin.py:188} INFO - [2026-06-18T17:13:43.508+0000] {dagbag.py:538} INFO - Filling up the DagBag from /home/airflow/.local/lib/python3.8/site-packages/airflow/example_dags/example_subdag_operator.py
[2026-06-18T17:13:43.556+0000] {processor.py:840} INFO - DAG(s) 'example_subdag_operator.section-1', 'example_subdag_operator.section-2', 'example_subdag_operator' retrieved from /home/airflow/.local/lib/python3.8/site-packages/airflow/example_dags/example_subdag_operator.py
[2026-06-18T17:13:43.588+0000] {logging_mixin.py:188} INFO - [2026-06-18T17:13:43.587+0000] {dag.py:3036} INFO - Sync 3 DAGs
[2026-06-18T17:13:43.630+0000] {logging_mixin.py:188} INFO - [2026-06-18T17:13:43.629+0000] {dag.py:3823} INFO - Setting next_dagrun for example_subdag_operator to 2022-01-01 00:00:00+00:00, run_after=2022-01-01 00:00:00+00:00
[2026-06-18T17:13:43.635+0000] {logging_mixin.py:188} INFO - [2026-06-18T17:13:43.635+0000] {dag.py:3823} INFO - Setting next_dagrun for example_subdag_operator.section-1 to None, run_after=None
[2026-06-18T17:13:43.637+0000] {logging_mixin.py:188} INFO - [2026-06-18T17:13:43.637+0000] {dag.py:3823} INFO - Setting next_dagrun for example_subdag_operator.section-2 to None, run_after=None
[2026-06-18T17:13:43.652+0000] {logging_mixin.py:188} INFO - [2026-06-18T17:13:43.651+0000] {dag.py:3036} INFO - Sync 2 DAGs
[2026-06-18T17:13:43.661+0000] {logging_mixin.py:188} INFO - [2026-06-18T17:13:43.660+0000] {dag.py:3823} INFO - Setting next_dagrun for example_subdag_operator.section-1 to None, run_after=None
[2026-06-18T17:13:43.661+0000] {logging_mixin.py:188} INFO - [2026-06-18T17:13:43.661+0000] {dag.py:3823} INFO - Setting next_dagrun for example_subdag_operator.section-2 to None, run_after=None
[2026-06-18T17:13:43.680+0000] {processor.py:183} INFO - Processing /home/airflow/.local/lib/python3.8/site-packages/airflow/example_dags/example_subdag_operator.py took 0.183 seconds
[2026-06-18T17:14:14.627+0000] {processor.py:161} INFO - Started process (PID=3182) to work on /home/airflow/.local/lib/python3.8/site-packages/airflow/example_dags/example_subdag_operator.py
[2026-06-18T17:14:14.629+0000] {processor.py:830} INFO - Processing file /home/airflow/.local/lib/python3.8/site-packages/airflow/example_dags/example_subdag_operator.py for tasks to queue
[2026-06-18T17:14:14.633+0000] {logging_mixin.py:188} INFO - [2026-06-18T17:14:14.632+0000] {dagbag.py:538} INFO - Filling up the DagBag from /home/airflow/.local/lib/python3.8/site-packages/airflow/example_dags/example_subdag_operator.py
[2026-06-18T17:14:14.677+0000] {processor.py:840} INFO - DAG(s) 'example_subdag_operator.section-1', 'example_subdag_operator.section-2', 'example_subdag_operator' retrieved from /home/airflow/.local/lib/python3.8/site-packages/airflow/example_dags/example_subdag_operator.py
[2026-06-18T17:14:14.707+0000] {logging_mixin.py:188} INFO - [2026-06-18T17:14:14.707+0000] {dag.py:3036} INFO - Sync 3 DAGs
[2026-06-18T17:14:14.744+0000] {logging_mixin.py:188} INFO - [2026-06-18T17:14:14.744+0000] {dag.py:3823} INFO - Setting next_dagrun for example_subdag_operator to 2022-01-01 00:00:00+00:00, run_after=2022-01-01 00:00:00+00:00
[2026-06-18T17:14:14.751+0000] {logging_mixin.py:188} INFO - [2026-06-18T17:14:14.751+0000] {dag.py:3823} INFO - Setting next_dagrun for example_subdag_operator.section-1 to None, run_after=None
[2026-06-18T17:14:14.753+0000] {logging_mixin.py:188} INFO - [2026-06-18T17:14:14.753+0000] {dag.py:3823} INFO - Setting next_dagrun for example_subdag_operator.section-2 to None, run_after=None
[2026-06-18T17:14:14.765+0000] {logging_mixin.py:188} INFO - [2026-06-18T17:14:14.765+0000] {dag.py:3036} INFO - Sync 2 DAGs
[2026-06-18T17:14:14.774+0000] {logging_mixin.py:188} INFO - [2026-06-18T17:14:14.773+0000] {dag.py:3823} INFO - Setting next_dagrun for example_subdag_operator.section-1 to None, run_after=None
[2026-06-18T17:14:14.774+0000] {logging_mixin.py:188} INFO - [2026-06-18T17:14:14.774+0000] {dag.py:3823} INFO - Setting next_dagrun for example_subdag_operator.section-2 to None, run_after=None
[2026-06-18T17:14:14.793+0000] {processor.py:183} INFO - Processing /home/airflow/.local/lib/python3.8/site-packages/airflow/example_dags/example_subdag_operator.py took 0.172 seconds
[2026-06-18T17:14:44.894+0000] {processor.py:161} INFO - Started process (PID=3248) to work on /home/airflow/.local/lib/python3.8/site-packages/airflow/example_dags/example_subdag_operator.py
[2026-06-18T17:14:44.895+0000] {processor.py:830} INFO - Processing file /home/airflow/.local/lib/python3.8/site-packages/airflow/example_dags/example_subdag_operator.py for tasks to queue
[2026-06-18T17:14:44.899+0000] {logging_mixin.py:188} INFO - [2026-06-18T17:14:44.898+0000] {dagbag.py:538} INFO - Filling up the DagBag from /home/airflow/.local/lib/python3.8/site-packages/airflow/example_dags/example_subdag_operator.py
[2026-06-18T17:14:44.958+0000] {processor.py:840} INFO - DAG(s) 'example_subdag_operator.section-1', 'example_subdag_operator.section-2', 'example_subdag_operator' retrieved from /home/airflow/.local/lib/python3.8/site-packages/airflow/example_dags/example_subdag_operator.py
[2026-06-18T17:14:44.993+0000] {logging_mixin.py:188} INFO - [2026-06-18T17:14:44.993+0000] {dag.py:3036} INFO - Sync 3 DAGs
[2026-06-18T17:14:45.042+0000] {logging_mixin.py:188} INFO - [2026-06-18T17:14:45.041+0000] {dag.py:3823} INFO - Setting next_dagrun for example_subdag_operator to 2022-01-01 00:00:00+00:00, run_after=2022-01-01 00:00:00+00:00
[2026-06-18T17:14:45.049+0000] {logging_mixin.py:188} INFO - [2026-06-18T17:14:45.049+0000] {dag.py:3823} INFO - Setting next_dagrun for example_subdag_operator.section-1 to None, run_after=None
[2026-06-18T17:14:45.052+0000] {logging_mixin.py:188} INFO - [2026-06-18T17:14:45.052+0000] {dag.py:3823} INFO - Setting next_dagrun for example_subdag_operator.section-2 to None, run_after=None
[2026-06-18T17:14:45.067+0000] {logging_mixin.py:188} INFO - [2026-06-18T17:14:45.066+0000] {dag.py:3036} INFO - Sync 2 DAGs
[2026-06-18T17:14:45.079+0000] {logging_mixin.py:188} INFO - [2026-06-18T17:14:45.079+0000] {dag.py:3823} INFO - Setting next_dagrun for example_subdag_operator.section-1 to None, run_after=None
[2026-06-18T17:14:45.080+0000] {logging_mixin.py:188} INFO - [2026-06-18T17:14:45.080+0000] {dag.py:3823} INFO - Setting next_dagrun for example_subdag_operator.section-2 to None, run_after=None
[2026-06-18T17:14:45.104+0000] {processor.py:183} INFO - Processing /home/airflow/.local/lib/python3.8/site-packages/airflow/example_dags/example_subdag_operator.py took 0.216 seconds
[2026-06-18T17:15:15.310+0000] {processor.py:161} INFO - Started process (PID=3315) to work on /home/airflow/.local/lib/python3.8/site-packages/airflow/example_dags/example_subdag_operator.py
[2026-06-18T17:15:15.312+0000] {processor.py:830} INFO - Processing file /home/airflow/.local/lib/python3.8/site-packages/airflow/example_dags/example_subdag_operator.py for tasks to queue
[2026-06-18T17:15:15.314+0000] {logging_mixin.py:188} INFO - [2026-06-18T17:15:15.314+0000] {dagbag.py:538} INFO - Filling up the DagBag from /home/airflow/.local/lib/python3.8/site-packages/airflow/example_dags/example_subdag_operator.py
[2026-06-18T17:15:15.370+0000] {processor.py:840} INFO - DAG(s) 'example_subdag_operator.section-1', 'example_subdag_operator.section-2', 'example_subdag_operator' retrieved from /home/airflow/.local/lib/python3.8/site-packages/airflow/example_dags/example_subdag_operator.py
[2026-06-18T17:15:15.402+0000] {logging_mixin.py:188} INFO - [2026-06-18T17:15:15.402+0000] {dag.py:3036} INFO - Sync 3 DAGs
[2026-06-18T17:15:15.444+0000] {logging_mixin.py:188} INFO - [2026-06-18T17:15:15.444+0000] {dag.py:3823} INFO - Setting next_dagrun for example_subdag_operator to 2022-01-01 00:00:00+00:00, run_after=2022-01-01 00:00:00+00:00
[2026-06-18T17:15:15.451+0000] {logging_mixin.py:188} INFO - [2026-06-18T17:15:15.451+0000] {dag.py:3823} INFO - Setting next_dagrun for example_subdag_operator.section-1 to None, run_after=None
[2026-06-18T17:15:15.453+0000] {logging_mixin.py:188} INFO - [2026-06-18T17:15:15.453+0000] {dag.py:3823} INFO - Setting next_dagrun for example_subdag_operator.section-2 to None, run_after=None
[2026-06-18T17:15:15.467+0000] {logging_mixin.py:188} INFO - [2026-06-18T17:15:15.467+0000] {dag.py:3036} INFO - Sync 2 DAGs
[2026-06-18T17:15:15.476+0000] {logging_mixin.py:188} INFO - [2026-06-18T17:15:15.476+0000] {dag.py:3823} INFO - Setting next_dagrun for example_subdag_operator.section-1 to None, run_after=None
[2026-06-18T17:15:15.479+0000] {logging_mixin.py:188} INFO - [2026-06-18T17:15:15.477+0000] {dag.py:3823} INFO - Setting next_dagrun for example_subdag_operator.section-2 to None, run_after=None
[2026-06-18T17:15:15.501+0000] {processor.py:183} INFO - Processing /home/airflow/.local/lib/python3.8/site-packages/airflow/example_dags/example_subdag_operator.py took 0.196 seconds
[2026-06-18T17:15:45.628+0000] {processor.py:161} INFO - Started process (PID=3380) to work on /home/airflow/.local/lib/python3.8/site-packages/airflow/example_dags/example_subdag_operator.py
[2026-06-18T17:15:45.630+0000] {processor.py:830} INFO - Processing file /home/airflow/.local/lib/python3.8/site-packages/airflow/example_dags/example_subdag_operator.py for tasks to queue
[2026-06-18T17:15:45.633+0000] {logging_mixin.py:188} INFO - [2026-06-18T17:15:45.632+0000] {dagbag.py:538} INFO - Filling up the DagBag from /home/airflow/.local/lib/python3.8/site-packages/airflow/example_dags/example_subdag_operator.py
[2026-06-18T17:15:45.690+0000] {processor.py:840} INFO - DAG(s) 'example_subdag_operator.section-1', 'example_subdag_operator.section-2', 'example_subdag_operator' retrieved from /home/airflow/.local/lib/python3.8/site-packages/airflow/example_dags/example_subdag_operator.py
[2026-06-18T17:15:45.720+0000] {logging_mixin.py:188} INFO - [2026-06-18T17:15:45.720+0000] {dag.py:3036} INFO - Sync 3 DAGs
[2026-06-18T17:15:45.766+0000] {logging_mixin.py:188} INFO - [2026-06-18T17:15:45.766+0000] {dag.py:3823} INFO - Setting next_dagrun for example_subdag_operator to 2022-01-01 00:00:00+00:00, run_after=2022-01-01 00:00:00+00:00
[2026-06-18T17:15:45.773+0000] {logging_mixin.py:188} INFO - [2026-06-18T17:15:45.772+0000] {dag.py:3823} INFO - Setting next_dagrun for example_subdag_operator.section-1 to None, run_after=None
[2026-06-18T17:15:45.776+0000] {logging_mixin.py:188} INFO - [2026-06-18T17:15:45.776+0000] {dag.py:3823} INFO - Setting next_dagrun for example_subdag_operator.section-2 to None, run_after=None
[2026-06-18T17:15:45.787+0000] {logging_mixin.py:188} INFO - [2026-06-18T17:15:45.787+0000] {dag.py:3036} INFO - Sync 2 DAGs
[2026-06-18T17:15:45.796+0000] {logging_mixin.py:188} INFO - [2026-06-18T17:15:45.796+0000] {dag.py:3823} INFO - Setting next_dagrun for example_subdag_operator.section-1 to None, run_after=None
[2026-06-18T17:15:45.797+0000] {logging_mixin.py:188} INFO - [2026-06-18T17:15:45.796+0000] {dag.py:3823} INFO - Setting next_dagrun for example_subdag_operator.section-2 to None, run_after=None
[2026-06-18T17:15:45.814+0000] {processor.py:183} INFO - Processing /home/airflow/.local/lib/python3.8/site-packages/airflow/example_dags/example_subdag_operator.py took 0.192 seconds
[2026-06-18T17:16:16.095+0000] {processor.py:161} INFO - Started process (PID=3452) to work on /home/airflow/.local/lib/python3.8/site-packages/airflow/example_dags/example_subdag_operator.py
[2026-06-18T17:16:16.097+0000] {processor.py:830} INFO - Processing file /home/airflow/.local/lib/python3.8/site-packages/airflow/example_dags/example_subdag_operator.py for tasks to queue
[2026-06-18T17:16:16.110+0000] {logging_mixin.py:188} INFO - [2026-06-18T17:16:16.104+0000] {dagbag.py:538} INFO - Filling up the DagBag from /home/airflow/.local/lib/python3.8/site-packages/airflow/example_dags/example_subdag_operator.py
[2026-06-18T17:16:16.180+0000] {processor.py:840} INFO - DAG(s) 'example_subdag_operator.section-1', 'example_subdag_operator.section-2', 'example_subdag_operator' retrieved from /home/airflow/.local/lib/python3.8/site-packages/airflow/example_dags/example_subdag_operator.py
[2026-06-18T17:16:16.213+0000] {logging_mixin.py:188} INFO - [2026-06-18T17:16:16.212+0000] {dag.py:3036} INFO - Sync 3 DAGs
[2026-06-18T17:16:16.259+0000] {logging_mixin.py:188} INFO - [2026-06-18T17:16:16.259+0000] {dag.py:3823} INFO - Setting next_dagrun for example_subdag_operator to 2022-01-01 00:00:00+00:00, run_after=2022-01-01 00:00:00+00:00
[2026-06-18T17:16:16.267+0000] {logging_mixin.py:188} INFO - [2026-06-18T17:16:16.266+0000] {dag.py:3823} INFO - Setting next_dagrun for example_subdag_operator.section-1 to None, run_after=None
[2026-06-18T17:16:16.270+0000] {logging_mixin.py:188} INFO - [2026-06-18T17:16:16.269+0000] {dag.py:3823} INFO - Setting next_dagrun for example_subdag_operator.section-2 to None, run_after=None
[2026-06-18T17:16:16.284+0000] {logging_mixin.py:188} INFO - [2026-06-18T17:16:16.283+0000] {dag.py:3036} INFO - Sync 2 DAGs
[2026-06-18T17:16:16.295+0000] {logging_mixin.py:188} INFO - [2026-06-18T17:16:16.295+0000] {dag.py:3823} INFO - Setting next_dagrun for example_subdag_operator.section-1 to None, run_after=None
[2026-06-18T17:16:16.296+0000] {logging_mixin.py:188} INFO - [2026-06-18T17:16:16.296+0000] {dag.py:3823} INFO - Setting next_dagrun for example_subdag_operator.section-2 to None, run_after=None
[2026-06-18T17:16:16.319+0000] {processor.py:183} INFO - Processing /home/airflow/.local/lib/python3.8/site-packages/airflow/example_dags/example_subdag_operator.py took 0.230 seconds
[2026-06-18T17:16:46.398+0000] {processor.py:161} INFO - Started process (PID=3519) to work on /home/airflow/.local/lib/python3.8/site-packages/airflow/example_dags/example_subdag_operator.py
[2026-06-18T17:16:46.400+0000] {processor.py:830} INFO - Processing file /home/airflow/.local/lib/python3.8/site-packages/airflow/example_dags/example_subdag_operator.py for tasks to queue
[2026-06-18T17:16:46.403+0000] {logging_mixin.py:188} INFO - [2026-06-18T17:16:46.402+0000] {dagbag.py:538} INFO - Filling up the DagBag from /home/airflow/.local/lib/python3.8/site-packages/airflow/example_dags/example_subdag_operator.py
[2026-06-18T17:16:46.453+0000] {processor.py:840} INFO - DAG(s) 'example_subdag_operator.section-1', 'example_subdag_operator.section-2', 'example_subdag_operator' retrieved from /home/airflow/.local/lib/python3.8/site-packages/airflow/example_dags/example_subdag_operator.py
[2026-06-18T17:16:46.487+0000] {logging_mixin.py:188} INFO - [2026-06-18T17:16:46.486+0000] {dag.py:3036} INFO - Sync 3 DAGs
[2026-06-18T17:16:46.541+0000] {logging_mixin.py:188} INFO - [2026-06-18T17:16:46.541+0000] {dag.py:3823} INFO - Setting next_dagrun for example_subdag_operator to 2022-01-01 00:00:00+00:00, run_after=2022-01-01 00:00:00+00:00
[2026-06-18T17:16:46.549+0000] {logging_mixin.py:188} INFO - [2026-06-18T17:16:46.548+0000] {dag.py:3823} INFO - Setting next_dagrun for example_subdag_operator.section-1 to None, run_after=None
[2026-06-18T17:16:46.552+0000] {logging_mixin.py:188} INFO - [2026-06-18T17:16:46.551+0000] {dag.py:3823} INFO - Setting next_dagrun for example_subdag_operator.section-2 to None, run_after=None
[2026-06-18T17:16:46.570+0000] {logging_mixin.py:188} INFO - [2026-06-18T17:16:46.570+0000] {dag.py:3036} INFO - Sync 2 DAGs
[2026-06-18T17:16:46.587+0000] {logging_mixin.py:188} INFO - [2026-06-18T17:16:46.586+0000] {dag.py:3823} INFO - Setting next_dagrun for example_subdag_operator.section-1 to None, run_after=None
[2026-06-18T17:16:46.588+0000] {logging_mixin.py:188} INFO - [2026-06-18T17:16:46.588+0000] {dag.py:3823} INFO - Setting next_dagrun for example_subdag_operator.section-2 to None, run_after=None
[2026-06-18T17:16:46.608+0000] {processor.py:183} INFO - Processing /home/airflow/.local/lib/python3.8/site-packages/airflow/example_dags/example_subdag_operator.py took 0.216 seconds
[2026-06-18T17:17:16.681+0000] {processor.py:161} INFO - Started process (PID=3586) to work on /home/airflow/.local/lib/python3.8/site-packages/airflow/example_dags/example_subdag_operator.py
[2026-06-18T17:17:16.683+0000] {processor.py:830} INFO - Processing file /home/airflow/.local/lib/python3.8/site-packages/airflow/example_dags/example_subdag_operator.py for tasks to queue
[2026-06-18T17:17:16.685+0000] {logging_mixin.py:188} INFO - [2026-06-18T17:17:16.685+0000] {dagbag.py:538} INFO - Filling up the DagBag from /home/airflow/.local/lib/python3.8/site-packages/airflow/example_dags/example_subdag_operator.py
[2026-06-18T17:17:16.729+0000] {processor.py:840} INFO - DAG(s) 'example_subdag_operator.section-1', 'example_subdag_operator.section-2', 'example_subdag_operator' retrieved from /home/airflow/.local/lib/python3.8/site-packages/airflow/example_dags/example_subdag_operator.py
[2026-06-18T17:17:16.761+0000] {logging_mixin.py:188} INFO - [2026-06-18T17:17:16.760+0000] {dag.py:3036} INFO - Sync 3 DAGs
[2026-06-18T17:17:16.810+0000] {logging_mixin.py:188} INFO - [2026-06-18T17:17:16.809+0000] {dag.py:3823} INFO - Setting next_dagrun for example_subdag_operator to 2022-01-01 00:00:00+00:00, run_after=2022-01-01 00:00:00+00:00
[2026-06-18T17:17:16.817+0000] {logging_mixin.py:188} INFO - [2026-06-18T17:17:16.816+0000] {dag.py:3823} INFO - Setting next_dagrun for example_subdag_operator.section-1 to None, run_after=None
[2026-06-18T17:17:16.820+0000] {logging_mixin.py:188} INFO - [2026-06-18T17:17:16.820+0000] {dag.py:3823} INFO - Setting next_dagrun for example_subdag_operator.section-2 to None, run_after=None
[2026-06-18T17:17:16.835+0000] {logging_mixin.py:188} INFO - [2026-06-18T17:17:16.834+0000] {dag.py:3036} INFO - Sync 2 DAGs
[2026-06-18T17:17:16.844+0000] {logging_mixin.py:188} INFO - [2026-06-18T17:17:16.844+0000] {dag.py:3823} INFO - Setting next_dagrun for example_subdag_operator.section-1 to None, run_after=None
[2026-06-18T17:17:16.845+0000] {logging_mixin.py:188} INFO - [2026-06-18T17:17:16.845+0000] {dag.py:3823} INFO - Setting next_dagrun for example_subdag_operator.section-2 to None, run_after=None
[2026-06-18T17:17:16.870+0000] {processor.py:183} INFO - Processing /home/airflow/.local/lib/python3.8/site-packages/airflow/example_dags/example_subdag_operator.py took 0.194 seconds
[2026-06-18T17:17:47.181+0000] {processor.py:161} INFO - Started process (PID=3652) to work on /home/airflow/.local/lib/python3.8/site-packages/airflow/example_dags/example_subdag_operator.py
[2026-06-18T17:17:47.184+0000] {processor.py:830} INFO - Processing file /home/airflow/.local/lib/python3.8/site-packages/airflow/example_dags/example_subdag_operator.py for tasks to queue
[2026-06-18T17:17:47.187+0000] {logging_mixin.py:188} INFO - [2026-06-18T17:17:47.186+0000] {dagbag.py:538} INFO - Filling up the DagBag from /home/airflow/.local/lib/python3.8/site-packages/airflow/example_dags/example_subdag_operator.py
[2026-06-18T17:17:47.245+0000] {processor.py:840} INFO - DAG(s) 'example_subdag_operator.section-1', 'example_subdag_operator.section-2', 'example_subdag_operator' retrieved from /home/airflow/.local/lib/python3.8/site-packages/airflow/example_dags/example_subdag_operator.py
[2026-06-18T17:17:47.282+0000] {logging_mixin.py:188} INFO - [2026-06-18T17:17:47.281+0000] {dag.py:3036} INFO - Sync 3 DAGs
[2026-06-18T17:17:47.324+0000] {logging_mixin.py:188} INFO - [2026-06-18T17:17:47.323+0000] {dag.py:3823} INFO - Setting next_dagrun for example_subdag_operator to 2022-01-01 00:00:00+00:00, run_after=2022-01-01 00:00:00+00:00
[2026-06-18T17:17:47.331+0000] {logging_mixin.py:188} INFO - [2026-06-18T17:17:47.331+0000] {dag.py:3823} INFO - Setting next_dagrun for example_subdag_operator.section-1 to None, run_after=None
[2026-06-18T17:17:47.335+0000] {logging_mixin.py:188} INFO - [2026-06-18T17:17:47.334+0000] {dag.py:3823} INFO - Setting next_dagrun for example_subdag_operator.section-2 to None, run_after=None
[2026-06-18T17:17:47.349+0000] {logging_mixin.py:188} INFO - [2026-06-18T17:17:47.348+0000] {dag.py:3036} INFO - Sync 2 DAGs
[2026-06-18T17:17:47.359+0000] {logging_mixin.py:188} INFO - [2026-06-18T17:17:47.359+0000] {dag.py:3823} INFO - Setting next_dagrun for example_subdag_operator.section-1 to None, run_after=None
[2026-06-18T17:17:47.360+0000] {logging_mixin.py:188} INFO - [2026-06-18T17:17:47.360+0000] {dag.py:3823} INFO - Setting next_dagrun for example_subdag_operator.section-2 to None, run_after=None
[2026-06-18T17:17:47.380+0000] {processor.py:183} INFO - Processing /home/airflow/.local/lib/python3.8/site-packages/airflow/example_dags/example_subdag_operator.py took 0.205 seconds
[2026-06-18T17:18:17.835+0000] {processor.py:161} INFO - Started process (PID=3719) to work on /home/airflow/.local/lib/python3.8/site-packages/airflow/example_dags/example_subdag_operator.py
[2026-06-18T17:18:17.837+0000] {processor.py:830} INFO - Processing file /home/airflow/.local/lib/python3.8/site-packages/airflow/example_dags/example_subdag_operator.py for tasks to queue
[2026-06-18T17:18:17.839+0000] {logging_mixin.py:188} INFO - [2026-06-18T17:18:17.839+0000] {dagbag.py:538} INFO - Filling up the DagBag from /home/airflow/.local/lib/python3.8/site-packages/airflow/example_dags/example_subdag_operator.py
[2026-06-18T17:18:17.890+0000] {processor.py:840} INFO - DAG(s) 'example_subdag_operator.section-1', 'example_subdag_operator.section-2', 'example_subdag_operator' retrieved from /home/airflow/.local/lib/python3.8/site-packages/airflow/example_dags/example_subdag_operator.py
[2026-06-18T17:18:17.920+0000] {logging_mixin.py:188} INFO - [2026-06-18T17:18:17.919+0000] {dag.py:3036} INFO - Sync 3 DAGs
[2026-06-18T17:18:17.956+0000] {logging_mixin.py:188} INFO - [2026-06-18T17:18:17.956+0000] {dag.py:3823} INFO - Setting next_dagrun for example_subdag_operator to 2022-01-01 00:00:00+00:00, run_after=2022-01-01 00:00:00+00:00
[2026-06-18T17:18:17.962+0000] {logging_mixin.py:188} INFO - [2026-06-18T17:18:17.961+0000] {dag.py:3823} INFO - Setting next_dagrun for example_subdag_operator.section-1 to None, run_after=None
[2026-06-18T17:18:17.964+0000] {logging_mixin.py:188} INFO - [2026-06-18T17:18:17.963+0000] {dag.py:3823} INFO - Setting next_dagrun for example_subdag_operator.section-2 to None, run_after=None
[2026-06-18T17:18:17.975+0000] {logging_mixin.py:188} INFO - [2026-06-18T17:18:17.974+0000] {dag.py:3036} INFO - Sync 2 DAGs
[2026-06-18T17:18:17.984+0000] {logging_mixin.py:188} INFO - [2026-06-18T17:18:17.984+0000] {dag.py:3823} INFO - Setting next_dagrun for example_subdag_operator.section-1 to None, run_after=None
[2026-06-18T17:18:17.985+0000] {logging_mixin.py:188} INFO - [2026-06-18T17:18:17.985+0000] {dag.py:3823} INFO - Setting next_dagrun for example_subdag_operator.section-2 to None, run_after=None
[2026-06-18T17:18:18.008+0000] {processor.py:183} INFO - Processing /home/airflow/.local/lib/python3.8/site-packages/airflow/example_dags/example_subdag_operator.py took 0.178 seconds
[2026-06-18T17:18:48.384+0000] {processor.py:161} INFO - Started process (PID=3785) to work on /home/airflow/.local/lib/python3.8/site-packages/airflow/example_dags/example_subdag_operator.py
[2026-06-18T17:18:48.386+0000] {processor.py:830} INFO - Processing file /home/airflow/.local/lib/python3.8/site-packages/airflow/example_dags/example_subdag_operator.py for tasks to queue
[2026-06-18T17:18:48.389+0000] {logging_mixin.py:188} INFO - [2026-06-18T17:18:48.389+0000] {dagbag.py:538} INFO - Filling up the DagBag from /home/airflow/.local/lib/python3.8/site-packages/airflow/example_dags/example_subdag_operator.py
[2026-06-18T17:18:48.437+0000] {processor.py:840} INFO - DAG(s) 'example_subdag_operator.section-1', 'example_subdag_operator.section-2', 'example_subdag_operator' retrieved from /home/airflow/.local/lib/python3.8/site-packages/airflow/example_dags/example_subdag_operator.py
[2026-06-18T17:18:48.474+0000] {logging_mixin.py:188} INFO - [2026-06-18T17:18:48.474+0000] {dag.py:3036} INFO - Sync 3 DAGs
[2026-06-18T17:18:48.520+0000] {logging_mixin.py:188} INFO - [2026-06-18T17:18:48.519+0000] {dag.py:3823} INFO - Setting next_dagrun for example_subdag_operator to 2022-01-01 00:00:00+00:00, run_after=2022-01-01 00:00:00+00:00
[2026-06-18T17:18:48.527+0000] {logging_mixin.py:188} INFO - [2026-06-18T17:18:48.527+0000] {dag.py:3823} INFO - Setting next_dagrun for example_subdag_operator.section-1 to None, run_after=None
[2026-06-18T17:18:48.530+0000] {logging_mixin.py:188} INFO - [2026-06-18T17:18:48.530+0000] {dag.py:3823} INFO - Setting next_dagrun for example_subdag_operator.section-2 to None, run_after=None
[2026-06-18T17:18:48.549+0000] {logging_mixin.py:188} INFO - [2026-06-18T17:18:48.549+0000] {dag.py:3036} INFO - Sync 2 DAGs
[2026-06-18T17:18:48.562+0000] {logging_mixin.py:188} INFO - [2026-06-18T17:18:48.562+0000] {dag.py:3823} INFO - Setting next_dagrun for example_subdag_operator.section-1 to None, run_after=None
[2026-06-18T17:18:48.563+0000] {logging_mixin.py:188} INFO - [2026-06-18T17:18:48.563+0000] {dag.py:3823} INFO - Setting next_dagrun for example_subdag_operator.section-2 to None, run_after=None
[2026-06-18T17:18:48.583+0000] {processor.py:183} INFO - Processing /home/airflow/.local/lib/python3.8/site-packages/airflow/example_dags/example_subdag_operator.py took 0.206 seconds
[2026-06-18T17:19:18.778+0000] {processor.py:161} INFO - Started process (PID=3851) to work on /home/airflow/.local/lib/python3.8/site-packages/airflow/example_dags/example_subdag_operator.py
[2026-06-18T17:19:18.780+0000] {processor.py:830} INFO - Processing file /home/airflow/.local/lib/python3.8/site-packages/airflow/example_dags/example_subdag_operator.py for tasks to queue
[2026-06-18T17:19:18.783+0000] {logging_mixin.py:188} INFO - [2026-06-18T17:19:18.782+0000] {dagbag.py:538} INFO - Filling up the DagBag from /home/airflow/.local/lib/python3.8/site-packages/airflow/example_dags/example_subdag_operator.py
[2026-06-18T17:19:18.851+0000] {processor.py:840} INFO - DAG(s) 'example_subdag_operator.section-1', 'example_subdag_operator.section-2', 'example_subdag_operator' retrieved from /home/airflow/.local/lib/python3.8/site-packages/airflow/example_dags/example_subdag_operator.py
[2026-06-18T17:19:18.884+0000] {logging_mixin.py:188} INFO - [2026-06-18T17:19:18.884+0000] {dag.py:3036} INFO - Sync 3 DAGs
[2026-06-18T17:19:18.929+0000] {logging_mixin.py:188} INFO - [2026-06-18T17:19:18.929+0000] {dag.py:3823} INFO - Setting next_dagrun for example_subdag_operator to 2022-01-01 00:00:00+00:00, run_after=2022-01-01 00:00:00+00:00
[2026-06-18T17:19:18.936+0000] {logging_mixin.py:188} INFO - [2026-06-18T17:19:18.936+0000] {dag.py:3823} INFO - Setting next_dagrun for example_subdag_operator.section-1 to None, run_after=None
[2026-06-18T17:19:18.939+0000] {logging_mixin.py:188} INFO - [2026-06-18T17:19:18.938+0000] {dag.py:3823} INFO - Setting next_dagrun for example_subdag_operator.section-2 to None, run_after=None
[2026-06-18T17:19:18.949+0000] {logging_mixin.py:188} INFO - [2026-06-18T17:19:18.949+0000] {dag.py:3036} INFO - Sync 2 DAGs
[2026-06-18T17:19:18.960+0000] {logging_mixin.py:188} INFO - [2026-06-18T17:19:18.959+0000] {dag.py:3823} INFO - Setting next_dagrun for example_subdag_operator.section-1 to None, run_after=None
[2026-06-18T17:19:18.961+0000] {logging_mixin.py:188} INFO - [2026-06-18T17:19:18.960+0000] {dag.py:3823} INFO - Setting next_dagrun for example_subdag_operator.section-2 to None, run_after=None
[2026-06-18T17:19:18.982+0000] {processor.py:183} INFO - Processing /home/airflow/.local/lib/python3.8/site-packages/airflow/example_dags/example_subdag_operator.py took 0.211 seconds
[2026-06-18T17:19:49.066+0000] {processor.py:161} INFO - Started process (PID=3920) to work on /home/airflow/.local/lib/python3.8/site-packages/airflow/example_dags/example_subdag_operator.py
[2026-06-18T17:19:49.068+0000] {processor.py:830} INFO - Processing file /home/airflow/.local/lib/python3.8/site-packages/airflow/example_dags/example_subdag_operator.py for tasks to queue
[2026-06-18T17:19:49.070+0000] {logging_mixin.py:188} INFO - [2026-06-18T17:19:49.070+0000] {dagbag.py:538} INFO - Filling up the DagBag from /home/airflow/.local/lib/python3.8/site-packages/airflow/example_dags/example_subdag_operator.py
[2026-06-18T17:19:49.119+0000] {processor.py:840} INFO - DAG(s) 'example_subdag_operator.section-1', 'example_subdag_operator.section-2', 'example_subdag_operator' retrieved from /home/airflow/.local/lib/python3.8/site-packages/airflow/example_dags/example_subdag_operator.py
[2026-06-18T17:19:49.149+0000] {logging_mixin.py:188} INFO - [2026-06-18T17:19:49.148+0000] {dag.py:3036} INFO - Sync 3 DAGs
[2026-06-18T17:19:49.197+0000] {logging_mixin.py:188} INFO - [2026-06-18T17:19:49.196+0000] {dag.py:3823} INFO - Setting next_dagrun for example_subdag_operator to 2022-01-01 00:00:00+00:00, run_after=2022-01-01 00:00:00+00:00
[2026-06-18T17:19:49.205+0000] {logging_mixin.py:188} INFO - [2026-06-18T17:19:49.205+0000] {dag.py:3823} INFO - Setting next_dagrun for example_subdag_operator.section-1 to None, run_after=None
[2026-06-18T17:19:49.209+0000] {logging_mixin.py:188} INFO - [2026-06-18T17:19:49.208+0000] {dag.py:3823} INFO - Setting next_dagrun for example_subdag_operator.section-2 to None, run_after=None
[2026-06-18T17:19:49.227+0000] {logging_mixin.py:188} INFO - [2026-06-18T17:19:49.226+0000] {dag.py:3036} INFO - Sync 2 DAGs
[2026-06-18T17:19:49.240+0000] {logging_mixin.py:188} INFO - [2026-06-18T17:19:49.239+0000] {dag.py:3823} INFO - Setting next_dagrun for example_subdag_operator.section-1 to None, run_after=None
[2026-06-18T17:19:49.240+0000] {logging_mixin.py:188} INFO - [2026-06-18T17:19:49.240+0000] {dag.py:3823} INFO - Setting next_dagrun for example_subdag_operator.section-2 to None, run_after=None
[2026-06-18T17:19:49.281+0000] {processor.py:183} INFO - Processing /home/airflow/.local/lib/python3.8/site-packages/airflow/example_dags/example_subdag_operator.py took 0.220 seconds
[2026-06-18T17:20:19.588+0000] {processor.py:161} INFO - Started process (PID=3986) to work on /home/airflow/.local/lib/python3.8/site-packages/airflow/example_dags/example_subdag_operator.py
[2026-06-18T17:20:19.589+0000] {processor.py:830} INFO - Processing file /home/airflow/.local/lib/python3.8/site-packages/airflow/example_dags/example_subdag_operator.py for tasks to queue
[2026-06-18T17:20:19.592+0000] {logging_mixin.py:188} INFO - [2026-06-18T17:20:19.592+0000] {dagbag.py:538} INFO - Filling up the DagBag from /home/airflow/.local/lib/python3.8/site-packages/airflow/example_dags/example_subdag_operator.py
[2026-06-18T17:20:19.640+0000] {processor.py:840} INFO - DAG(s) 'example_subdag_operator.section-1', 'example_subdag_operator.section-2', 'example_subdag_operator' retrieved from /home/airflow/.local/lib/python3.8/site-packages/airflow/example_dags/example_subdag_operator.py
[2026-06-18T17:20:19.675+0000] {logging_mixin.py:188} INFO - [2026-06-18T17:20:19.674+0000] {dag.py:3036} INFO - Sync 3 DAGs
[2026-06-18T17:20:19.716+0000] {logging_mixin.py:188} INFO - [2026-06-18T17:20:19.715+0000] {dag.py:3823} INFO - Setting next_dagrun for example_subdag_operator to 2022-01-01 00:00:00+00:00, run_after=2022-01-01 00:00:00+00:00
[2026-06-18T17:20:19.723+0000] {logging_mixin.py:188} INFO - [2026-06-18T17:20:19.723+0000] {dag.py:3823} INFO - Setting next_dagrun for example_subdag_operator.section-1 to None, run_after=None
[2026-06-18T17:20:19.726+0000] {logging_mixin.py:188} INFO - [2026-06-18T17:20:19.726+0000] {dag.py:3823} INFO - Setting next_dagrun for example_subdag_operator.section-2 to None, run_after=None
[2026-06-18T17:20:19.741+0000] {logging_mixin.py:188} INFO - [2026-06-18T17:20:19.740+0000] {dag.py:3036} INFO - Sync 2 DAGs
[2026-06-18T17:20:19.751+0000] {logging_mixin.py:188} INFO - [2026-06-18T17:20:19.751+0000] {dag.py:3823} INFO - Setting next_dagrun for example_subdag_operator.section-1 to None, run_after=None
[2026-06-18T17:20:19.752+0000] {logging_mixin.py:188} INFO - [2026-06-18T17:20:19.752+0000] {dag.py:3823} INFO - Setting next_dagrun for example_subdag_operator.section-2 to None, run_after=None
[2026-06-18T17:20:19.784+0000] {processor.py:183} INFO - Processing /home/airflow/.local/lib/python3.8/site-packages/airflow/example_dags/example_subdag_operator.py took 0.201 seconds
[2026-06-18T17:20:49.853+0000] {processor.py:161} INFO - Started process (PID=4053) to work on /home/airflow/.local/lib/python3.8/site-packages/airflow/example_dags/example_subdag_operator.py
[2026-06-18T17:20:49.854+0000] {processor.py:830} INFO - Processing file /home/airflow/.local/lib/python3.8/site-packages/airflow/example_dags/example_subdag_operator.py for tasks to queue
[2026-06-18T17:20:49.857+0000] {logging_mixin.py:188} INFO - [2026-06-18T17:20:49.857+0000] {dagbag.py:538} INFO - Filling up the DagBag from /home/airflow/.local/lib/python3.8/site-packages/airflow/example_dags/example_subdag_operator.py
[2026-06-18T17:20:49.913+0000] {processor.py:840} INFO - DAG(s) 'example_subdag_operator.section-1', 'example_subdag_operator.section-2', 'example_subdag_operator' retrieved from /home/airflow/.local/lib/python3.8/site-packages/airflow/example_dags/example_subdag_operator.py
[2026-06-18T17:20:49.947+0000] {logging_mixin.py:188} INFO - [2026-06-18T17:20:49.946+0000] {dag.py:3036} INFO - Sync 3 DAGs
[2026-06-18T17:20:49.996+0000] {logging_mixin.py:188} INFO - [2026-06-18T17:20:49.995+0000] {dag.py:3823} INFO - Setting next_dagrun for example_subdag_operator to 2022-01-01 00:00:00+00:00, run_after=2022-01-01 00:00:00+00:00
[2026-06-18T17:20:50.003+0000] {logging_mixin.py:188} INFO - [2026-06-18T17:20:50.003+0000] {dag.py:3823} INFO - Setting next_dagrun for example_subdag_operator.section-1 to None, run_after=None
[2026-06-18T17:20:50.006+0000] {logging_mixin.py:188} INFO - [2026-06-18T17:20:50.005+0000] {dag.py:3823} INFO - Setting next_dagrun for example_subdag_operator.section-2 to None, run_after=None
[2026-06-18T17:20:50.019+0000] {logging_mixin.py:188} INFO - [2026-06-18T17:20:50.018+0000] {dag.py:3036} INFO - Sync 2 DAGs
[2026-06-18T17:20:50.030+0000] {logging_mixin.py:188} INFO - [2026-06-18T17:20:50.030+0000] {dag.py:3823} INFO - Setting next_dagrun for example_subdag_operator.section-1 to None, run_after=None
[2026-06-18T17:20:50.031+0000] {logging_mixin.py:188} INFO - [2026-06-18T17:20:50.031+0000] {dag.py:3823} INFO - Setting next_dagrun for example_subdag_operator.section-2 to None, run_after=None
[2026-06-18T17:20:50.052+0000] {processor.py:183} INFO - Processing /home/airflow/.local/lib/python3.8/site-packages/airflow/example_dags/example_subdag_operator.py took 0.205 seconds
[2026-06-18T17:21:20.565+0000] {processor.py:161} INFO - Started process (PID=4119) to work on /home/airflow/.local/lib/python3.8/site-packages/airflow/example_dags/example_subdag_operator.py
[2026-06-18T17:21:20.567+0000] {processor.py:830} INFO - Processing file /home/airflow/.local/lib/python3.8/site-packages/airflow/example_dags/example_subdag_operator.py for tasks to queue
[2026-06-18T17:21:20.569+0000] {logging_mixin.py:188} INFO - [2026-06-18T17:21:20.569+0000] {dagbag.py:538} INFO - Filling up the DagBag from /home/airflow/.local/lib/python3.8/site-packages/airflow/example_dags/example_subdag_operator.py
[2026-06-18T17:21:20.615+0000] {processor.py:840} INFO - DAG(s) 'example_subdag_operator.section-1', 'example_subdag_operator.section-2', 'example_subdag_operator' retrieved from /home/airflow/.local/lib/python3.8/site-packages/airflow/example_dags/example_subdag_operator.py
[2026-06-18T17:21:20.648+0000] {logging_mixin.py:188} INFO - [2026-06-18T17:21:20.647+0000] {dag.py:3036} INFO - Sync 3 DAGs
[2026-06-18T17:21:20.704+0000] {logging_mixin.py:188} INFO - [2026-06-18T17:21:20.703+0000] {dag.py:3823} INFO - Setting next_dagrun for example_subdag_operator to 2022-01-01 00:00:00+00:00, run_after=2022-01-01 00:00:00+00:00
[2026-06-18T17:21:20.711+0000] {logging_mixin.py:188} INFO - [2026-06-18T17:21:20.711+0000] {dag.py:3823} INFO - Setting next_dagrun for example_subdag_operator.section-1 to None, run_after=None
[2026-06-18T17:21:20.714+0000] {logging_mixin.py:188} INFO - [2026-06-18T17:21:20.714+0000] {dag.py:3823} INFO - Setting next_dagrun for example_subdag_operator.section-2 to None, run_after=None
[2026-06-18T17:21:20.736+0000] {logging_mixin.py:188} INFO - [2026-06-18T17:21:20.735+0000] {dag.py:3036} INFO - Sync 2 DAGs
[2026-06-18T17:21:20.746+0000] {logging_mixin.py:188} INFO - [2026-06-18T17:21:20.745+0000] {dag.py:3823} INFO - Setting next_dagrun for example_subdag_operator.section-1 to None, run_after=None
[2026-06-18T17:21:20.746+0000] {logging_mixin.py:188} INFO - [2026-06-18T17:21:20.746+0000] {dag.py:3823} INFO - Setting next_dagrun for example_subdag_operator.section-2 to None, run_after=None
[2026-06-18T17:21:20.767+0000] {processor.py:183} INFO - Processing /home/airflow/.local/lib/python3.8/site-packages/airflow/example_dags/example_subdag_operator.py took 0.208 seconds
[2026-06-18T17:21:50.988+0000] {processor.py:161} INFO - Started process (PID=4185) to work on /home/airflow/.local/lib/python3.8/site-packages/airflow/example_dags/example_subdag_operator.py
[2026-06-18T17:21:50.989+0000] {processor.py:830} INFO - Processing file /home/airflow/.local/lib/python3.8/site-packages/airflow/example_dags/example_subdag_operator.py for tasks to queue
[2026-06-18T17:21:50.992+0000] {logging_mixin.py:188} INFO - [2026-06-18T17:21:50.992+0000] {dagbag.py:538} INFO - Filling up the DagBag from /home/airflow/.local/lib/python3.8/site-packages/airflow/example_dags/example_subdag_operator.py
[2026-06-18T17:21:51.045+0000] {processor.py:840} INFO - DAG(s) 'example_subdag_operator.section-1', 'example_subdag_operator.section-2', 'example_subdag_operator' retrieved from /home/airflow/.local/lib/python3.8/site-packages/airflow/example_dags/example_subdag_operator.py
[2026-06-18T17:21:51.081+0000] {logging_mixin.py:188} INFO - [2026-06-18T17:21:51.080+0000] {dag.py:3036} INFO - Sync 3 DAGs
[2026-06-18T17:21:51.123+0000] {logging_mixin.py:188} INFO - [2026-06-18T17:21:51.123+0000] {dag.py:3823} INFO - Setting next_dagrun for example_subdag_operator to 2022-01-01 00:00:00+00:00, run_after=2022-01-01 00:00:00+00:00
[2026-06-18T17:21:51.130+0000] {logging_mixin.py:188} INFO - [2026-06-18T17:21:51.130+0000] {dag.py:3823} INFO - Setting next_dagrun for example_subdag_operator.section-1 to None, run_after=None
[2026-06-18T17:21:51.133+0000] {logging_mixin.py:188} INFO - [2026-06-18T17:21:51.132+0000] {dag.py:3823} INFO - Setting next_dagrun for example_subdag_operator.section-2 to None, run_after=None
[2026-06-18T17:21:51.146+0000] {logging_mixin.py:188} INFO - [2026-06-18T17:21:51.146+0000] {dag.py:3036} INFO - Sync 2 DAGs
[2026-06-18T17:21:51.156+0000] {logging_mixin.py:188} INFO - [2026-06-18T17:21:51.156+0000] {dag.py:3823} INFO - Setting next_dagrun for example_subdag_operator.section-1 to None, run_after=None
[2026-06-18T17:21:51.157+0000] {logging_mixin.py:188} INFO - [2026-06-18T17:21:51.157+0000] {dag.py:3823} INFO - Setting next_dagrun for example_subdag_operator.section-2 to None, run_after=None
[2026-06-18T17:21:51.178+0000] {processor.py:183} INFO - Processing /home/airflow/.local/lib/python3.8/site-packages/airflow/example_dags/example_subdag_operator.py took 0.196 seconds
[2026-06-18T17:22:21.271+0000] {processor.py:161} INFO - Started process (PID=4251) to work on /home/airflow/.local/lib/python3.8/site-packages/airflow/example_dags/example_subdag_operator.py
[2026-06-18T17:22:21.273+0000] {processor.py:830} INFO - Processing file /home/airflow/.local/lib/python3.8/site-packages/airflow/example_dags/example_subdag_operator.py for tasks to queue
[2026-06-18T17:22:21.277+0000] {logging_mixin.py:188} INFO - [2026-06-18T17:22:21.276+0000] {dagbag.py:538} INFO - Filling up the DagBag from /home/airflow/.local/lib/python3.8/site-packages/airflow/example_dags/example_subdag_operator.py
[2026-06-18T17:22:21.327+0000] {processor.py:840} INFO - DAG(s) 'example_subdag_operator.section-1', 'example_subdag_operator.section-2', 'example_subdag_operator' retrieved from /home/airflow/.local/lib/python3.8/site-packages/airflow/example_dags/example_subdag_operator.py
[2026-06-18T17:22:21.361+0000] {logging_mixin.py:188} INFO - [2026-06-18T17:22:21.361+0000] {dag.py:3036} INFO - Sync 3 DAGs
[2026-06-18T17:22:21.410+0000] {logging_mixin.py:188} INFO - [2026-06-18T17:22:21.409+0000] {dag.py:3823} INFO - Setting next_dagrun for example_subdag_operator to 2022-01-01 00:00:00+00:00, run_after=2022-01-01 00:00:00+00:00
[2026-06-18T17:22:21.417+0000] {logging_mixin.py:188} INFO - [2026-06-18T17:22:21.417+0000] {dag.py:3823} INFO - Setting next_dagrun for example_subdag_operator.section-1 to None, run_after=None
[2026-06-18T17:22:21.421+0000] {logging_mixin.py:188} INFO - [2026-06-18T17:22:21.420+0000] {dag.py:3823} INFO - Setting next_dagrun for example_subdag_operator.section-2 to None, run_after=None
[2026-06-18T17:22:21.439+0000] {logging_mixin.py:188} INFO - [2026-06-18T17:22:21.439+0000] {dag.py:3036} INFO - Sync 2 DAGs
[2026-06-18T17:22:21.455+0000] {logging_mixin.py:188} INFO - [2026-06-18T17:22:21.454+0000] {dag.py:3823} INFO - Setting next_dagrun for example_subdag_operator.section-1 to None, run_after=None
[2026-06-18T17:22:21.455+0000] {logging_mixin.py:188} INFO - [2026-06-18T17:22:21.455+0000] {dag.py:3823} INFO - Setting next_dagrun for example_subdag_operator.section-2 to None, run_after=None
[2026-06-18T17:22:21.480+0000] {processor.py:183} INFO - Processing /home/airflow/.local/lib/python3.8/site-packages/airflow/example_dags/example_subdag_operator.py took 0.214 seconds
[2026-06-18T17:22:51.664+0000] {processor.py:161} INFO - Started process (PID=4327) to work on /home/airflow/.local/lib/python3.8/site-packages/airflow/example_dags/example_subdag_operator.py
[2026-06-18T17:22:51.666+0000] {processor.py:830} INFO - Processing file /home/airflow/.local/lib/python3.8/site-packages/airflow/example_dags/example_subdag_operator.py for tasks to queue
[2026-06-18T17:22:51.669+0000] {logging_mixin.py:188} INFO - [2026-06-18T17:22:51.668+0000] {dagbag.py:538} INFO - Filling up the DagBag from /home/airflow/.local/lib/python3.8/site-packages/airflow/example_dags/example_subdag_operator.py
[2026-06-18T17:22:51.736+0000] {processor.py:840} INFO - DAG(s) 'example_subdag_operator.section-1', 'example_subdag_operator.section-2', 'example_subdag_operator' retrieved from /home/airflow/.local/lib/python3.8/site-packages/airflow/example_dags/example_subdag_operator.py
[2026-06-18T17:22:51.769+0000] {logging_mixin.py:188} INFO - [2026-06-18T17:22:51.768+0000] {dag.py:3036} INFO - Sync 3 DAGs
[2026-06-18T17:22:51.816+0000] {logging_mixin.py:188} INFO - [2026-06-18T17:22:51.815+0000] {dag.py:3823} INFO - Setting next_dagrun for example_subdag_operator to 2022-01-01 00:00:00+00:00, run_after=2022-01-01 00:00:00+00:00
[2026-06-18T17:22:51.823+0000] {logging_mixin.py:188} INFO - [2026-06-18T17:22:51.822+0000] {dag.py:3823} INFO - Setting next_dagrun for example_subdag_operator.section-1 to None, run_after=None
[2026-06-18T17:22:51.825+0000] {logging_mixin.py:188} INFO - [2026-06-18T17:22:51.825+0000] {dag.py:3823} INFO - Setting next_dagrun for example_subdag_operator.section-2 to None, run_after=None
[2026-06-18T17:22:51.837+0000] {logging_mixin.py:188} INFO - [2026-06-18T17:22:51.837+0000] {dag.py:3036} INFO - Sync 2 DAGs
[2026-06-18T17:22:51.847+0000] {logging_mixin.py:188} INFO - [2026-06-18T17:22:51.847+0000] {dag.py:3823} INFO - Setting next_dagrun for example_subdag_operator.section-1 to None, run_after=None
[2026-06-18T17:22:51.848+0000] {logging_mixin.py:188} INFO - [2026-06-18T17:22:51.848+0000] {dag.py:3823} INFO - Setting next_dagrun for example_subdag_operator.section-2 to None, run_after=None
[2026-06-18T17:22:51.871+0000] {processor.py:183} INFO - Processing /home/airflow/.local/lib/python3.8/site-packages/airflow/example_dags/example_subdag_operator.py took 0.212 seconds
[2026-06-18T17:23:22.372+0000] {processor.py:161} INFO - Started process (PID=4391) to work on /home/airflow/.local/lib/python3.8/site-packages/airflow/example_dags/example_subdag_operator.py
[2026-06-18T17:23:22.374+0000] {processor.py:830} INFO - Processing file /home/airflow/.local/lib/python3.8/site-packages/airflow/example_dags/example_subdag_operator.py for tasks to queue
[2026-06-18T17:23:22.378+0000] {logging_mixin.py:188} INFO - [2026-06-18T17:23:22.377+0000] {dagbag.py:538} INFO - Filling up the DagBag from /home/airflow/.local/lib/python3.8/site-packages/airflow/example_dags/example_subdag_operator.py
[2026-06-18T17:23:22.433+0000] {processor.py:840} INFO - DAG(s) 'example_subdag_operator.section-1', 'example_subdag_operator.section-2', 'example_subdag_operator' retrieved from /home/airflow/.local/lib/python3.8/site-packages/airflow/example_dags/example_subdag_operator.py
[2026-06-18T17:23:22.467+0000] {logging_mixin.py:188} INFO - [2026-06-18T17:23:22.467+0000] {dag.py:3036} INFO - Sync 3 DAGs
[2026-06-18T17:23:22.515+0000] {logging_mixin.py:188} INFO - [2026-06-18T17:23:22.515+0000] {dag.py:3823} INFO - Setting next_dagrun for example_subdag_operator to 2022-01-01 00:00:00+00:00, run_after=2022-01-01 00:00:00+00:00
[2026-06-18T17:23:22.532+0000] {logging_mixin.py:188} INFO - [2026-06-18T17:23:22.531+0000] {dag.py:3823} INFO - Setting next_dagrun for example_subdag_operator.section-1 to None, run_after=None
[2026-06-18T17:23:22.534+0000] {logging_mixin.py:188} INFO - [2026-06-18T17:23:22.534+0000] {dag.py:3823} INFO - Setting next_dagrun for example_subdag_operator.section-2 to None, run_after=None
[2026-06-18T17:23:22.547+0000] {logging_mixin.py:188} INFO - [2026-06-18T17:23:22.547+0000] {dag.py:3036} INFO - Sync 2 DAGs
[2026-06-18T17:23:22.559+0000] {logging_mixin.py:188} INFO - [2026-06-18T17:23:22.558+0000] {dag.py:3823} INFO - Setting next_dagrun for example_subdag_operator.section-1 to None, run_after=None
[2026-06-18T17:23:22.560+0000] {logging_mixin.py:188} INFO - [2026-06-18T17:23:22.559+0000] {dag.py:3823} INFO - Setting next_dagrun for example_subdag_operator.section-2 to None, run_after=None
[2026-06-18T17:23:22.579+0000] {processor.py:183} INFO - Processing /home/airflow/.local/lib/python3.8/site-packages/airflow/example_dags/example_subdag_operator.py took 0.213 seconds
[2026-06-18T17:23:52.748+0000] {processor.py:161} INFO - Started process (PID=4456) to work on /home/airflow/.local/lib/python3.8/site-packages/airflow/example_dags/example_subdag_operator.py
[2026-06-18T17:23:52.749+0000] {processor.py:830} INFO - Processing file /home/airflow/.local/lib/python3.8/site-packages/airflow/example_dags/example_subdag_operator.py for tasks to queue
[2026-06-18T17:23:52.753+0000] {logging_mixin.py:188} INFO - [2026-06-18T17:23:52.752+0000] {dagbag.py:538} INFO - Filling up the DagBag from /home/airflow/.local/lib/python3.8/site-packages/airflow/example_dags/example_subdag_operator.py
[2026-06-18T17:23:52.802+0000] {processor.py:840} INFO - DAG(s) 'example_subdag_operator.section-1', 'example_subdag_operator.section-2', 'example_subdag_operator' retrieved from /home/airflow/.local/lib/python3.8/site-packages/airflow/example_dags/example_subdag_operator.py
[2026-06-18T17:23:52.835+0000] {logging_mixin.py:188} INFO - [2026-06-18T17:23:52.835+0000] {dag.py:3036} INFO - Sync 3 DAGs
[2026-06-18T17:23:52.885+0000] {logging_mixin.py:188} INFO - [2026-06-18T17:23:52.884+0000] {dag.py:3823} INFO - Setting next_dagrun for example_subdag_operator to 2022-01-01 00:00:00+00:00, run_after=2022-01-01 00:00:00+00:00
[2026-06-18T17:23:52.892+0000] {logging_mixin.py:188} INFO - [2026-06-18T17:23:52.892+0000] {dag.py:3823} INFO - Setting next_dagrun for example_subdag_operator.section-1 to None, run_after=None
[2026-06-18T17:23:52.895+0000] {logging_mixin.py:188} INFO - [2026-06-18T17:23:52.894+0000] {dag.py:3823} INFO - Setting next_dagrun for example_subdag_operator.section-2 to None, run_after=None
[2026-06-18T17:23:52.909+0000] {logging_mixin.py:188} INFO - [2026-06-18T17:23:52.908+0000] {dag.py:3036} INFO - Sync 2 DAGs
[2026-06-18T17:23:52.919+0000] {logging_mixin.py:188} INFO - [2026-06-18T17:23:52.919+0000] {dag.py:3823} INFO - Setting next_dagrun for example_subdag_operator.section-1 to None, run_after=None
[2026-06-18T17:23:52.920+0000] {logging_mixin.py:188} INFO - [2026-06-18T17:23:52.920+0000] {dag.py:3823} INFO - Setting next_dagrun for example_subdag_operator.section-2 to None, run_after=None
[2026-06-18T17:23:52.940+0000] {processor.py:183} INFO - Processing /home/airflow/.local/lib/python3.8/site-packages/airflow/example_dags/example_subdag_operator.py took 0.199 seconds
[2026-06-18T17:24:23.202+0000] {processor.py:161} INFO - Started process (PID=4522) to work on /home/airflow/.local/lib/python3.8/site-packages/airflow/example_dags/example_subdag_operator.py
[2026-06-18T17:24:23.207+0000] {processor.py:830} INFO - Processing file /home/airflow/.local/lib/python3.8/site-packages/airflow/example_dags/example_subdag_operator.py for tasks to queue
[2026-06-18T17:24:23.210+0000] {logging_mixin.py:188} INFO - [2026-06-18T17:24:23.209+0000] {dagbag.py:538} INFO - Filling up the DagBag from /home/airflow/.local/lib/python3.8/site-packages/airflow/example_dags/example_subdag_operator.py
[2026-06-18T17:24:23.259+0000] {processor.py:840} INFO - DAG(s) 'example_subdag_operator.section-1', 'example_subdag_operator.section-2', 'example_subdag_operator' retrieved from /home/airflow/.local/lib/python3.8/site-packages/airflow/example_dags/example_subdag_operator.py
[2026-06-18T17:24:23.289+0000] {logging_mixin.py:188} INFO - [2026-06-18T17:24:23.289+0000] {dag.py:3036} INFO - Sync 3 DAGs
[2026-06-18T17:24:23.335+0000] {logging_mixin.py:188} INFO - [2026-06-18T17:24:23.334+0000] {dag.py:3823} INFO - Setting next_dagrun for example_subdag_operator to 2022-01-01 00:00:00+00:00, run_after=2022-01-01 00:00:00+00:00
[2026-06-18T17:24:23.342+0000] {logging_mixin.py:188} INFO - [2026-06-18T17:24:23.342+0000] {dag.py:3823} INFO - Setting next_dagrun for example_subdag_operator.section-1 to None, run_after=None
[2026-06-18T17:24:23.345+0000] {logging_mixin.py:188} INFO - [2026-06-18T17:24:23.344+0000] {dag.py:3823} INFO - Setting next_dagrun for example_subdag_operator.section-2 to None, run_after=None
[2026-06-18T17:24:23.357+0000] {logging_mixin.py:188} INFO - [2026-06-18T17:24:23.357+0000] {dag.py:3036} INFO - Sync 2 DAGs
[2026-06-18T17:24:23.367+0000] {logging_mixin.py:188} INFO - [2026-06-18T17:24:23.367+0000] {dag.py:3823} INFO - Setting next_dagrun for example_subdag_operator.section-1 to None, run_after=None
[2026-06-18T17:24:23.368+0000] {logging_mixin.py:188} INFO - [2026-06-18T17:24:23.368+0000] {dag.py:3823} INFO - Setting next_dagrun for example_subdag_operator.section-2 to None, run_after=None
[2026-06-18T17:24:23.389+0000] {processor.py:183} INFO - Processing /home/airflow/.local/lib/python3.8/site-packages/airflow/example_dags/example_subdag_operator.py took 0.194 seconds
[2026-06-18T17:24:53.861+0000] {processor.py:161} INFO - Started process (PID=4589) to work on /home/airflow/.local/lib/python3.8/site-packages/airflow/example_dags/example_subdag_operator.py
[2026-06-18T17:24:53.862+0000] {processor.py:830} INFO - Processing file /home/airflow/.local/lib/python3.8/site-packages/airflow/example_dags/example_subdag_operator.py for tasks to queue
[2026-06-18T17:24:53.864+0000] {logging_mixin.py:188} INFO - [2026-06-18T17:24:53.864+0000] {dagbag.py:538} INFO - Filling up the DagBag from /home/airflow/.local/lib/python3.8/site-packages/airflow/example_dags/example_subdag_operator.py
[2026-06-18T17:24:53.912+0000] {processor.py:840} INFO - DAG(s) 'example_subdag_operator.section-1', 'example_subdag_operator.section-2', 'example_subdag_operator' retrieved from /home/airflow/.local/lib/python3.8/site-packages/airflow/example_dags/example_subdag_operator.py
[2026-06-18T17:24:53.940+0000] {logging_mixin.py:188} INFO - [2026-06-18T17:24:53.940+0000] {dag.py:3036} INFO - Sync 3 DAGs
[2026-06-18T17:24:53.979+0000] {logging_mixin.py:188} INFO - [2026-06-18T17:24:53.978+0000] {dag.py:3823} INFO - Setting next_dagrun for example_subdag_operator to 2022-01-01 00:00:00+00:00, run_after=2022-01-01 00:00:00+00:00
[2026-06-18T17:24:53.985+0000] {logging_mixin.py:188} INFO - [2026-06-18T17:24:53.985+0000] {dag.py:3823} INFO - Setting next_dagrun for example_subdag_operator.section-1 to None, run_after=None
[2026-06-18T17:24:53.988+0000] {logging_mixin.py:188} INFO - [2026-06-18T17:24:53.987+0000] {dag.py:3823} INFO - Setting next_dagrun for example_subdag_operator.section-2 to None, run_after=None
[2026-06-18T17:24:54.001+0000] {logging_mixin.py:188} INFO - [2026-06-18T17:24:54.001+0000] {dag.py:3036} INFO - Sync 2 DAGs
[2026-06-18T17:24:54.011+0000] {logging_mixin.py:188} INFO - [2026-06-18T17:24:54.010+0000] {dag.py:3823} INFO - Setting next_dagrun for example_subdag_operator.section-1 to None, run_after=None
[2026-06-18T17:24:54.012+0000] {logging_mixin.py:188} INFO - [2026-06-18T17:24:54.011+0000] {dag.py:3823} INFO - Setting next_dagrun for example_subdag_operator.section-2 to None, run_after=None
[2026-06-18T17:24:54.033+0000] {processor.py:183} INFO - Processing /home/airflow/.local/lib/python3.8/site-packages/airflow/example_dags/example_subdag_operator.py took 0.178 seconds
[2026-06-18T17:25:24.177+0000] {processor.py:161} INFO - Started process (PID=4655) to work on /home/airflow/.local/lib/python3.8/site-packages/airflow/example_dags/example_subdag_operator.py
[2026-06-18T17:25:24.179+0000] {processor.py:830} INFO - Processing file /home/airflow/.local/lib/python3.8/site-packages/airflow/example_dags/example_subdag_operator.py for tasks to queue
[2026-06-18T17:25:24.181+0000] {logging_mixin.py:188} INFO - [2026-06-18T17:25:24.180+0000] {dagbag.py:538} INFO - Filling up the DagBag from /home/airflow/.local/lib/python3.8/site-packages/airflow/example_dags/example_subdag_operator.py
[2026-06-18T17:25:24.230+0000] {processor.py:840} INFO - DAG(s) 'example_subdag_operator.section-1', 'example_subdag_operator.section-2', 'example_subdag_operator' retrieved from /home/airflow/.local/lib/python3.8/site-packages/airflow/example_dags/example_subdag_operator.py
[2026-06-18T17:25:24.257+0000] {logging_mixin.py:188} INFO - [2026-06-18T17:25:24.256+0000] {dag.py:3036} INFO - Sync 3 DAGs
[2026-06-18T17:25:24.296+0000] {logging_mixin.py:188} INFO - [2026-06-18T17:25:24.295+0000] {dag.py:3823} INFO - Setting next_dagrun for example_subdag_operator to 2022-01-01 00:00:00+00:00, run_after=2022-01-01 00:00:00+00:00
[2026-06-18T17:25:24.302+0000] {logging_mixin.py:188} INFO - [2026-06-18T17:25:24.301+0000] {dag.py:3823} INFO - Setting next_dagrun for example_subdag_operator.section-1 to None, run_after=None
[2026-06-18T17:25:24.304+0000] {logging_mixin.py:188} INFO - [2026-06-18T17:25:24.304+0000] {dag.py:3823} INFO - Setting next_dagrun for example_subdag_operator.section-2 to None, run_after=None
[2026-06-18T17:25:24.317+0000] {logging_mixin.py:188} INFO - [2026-06-18T17:25:24.316+0000] {dag.py:3036} INFO - Sync 2 DAGs
[2026-06-18T17:25:24.325+0000] {logging_mixin.py:188} INFO - [2026-06-18T17:25:24.325+0000] {dag.py:3823} INFO - Setting next_dagrun for example_subdag_operator.section-1 to None, run_after=None
[2026-06-18T17:25:24.326+0000] {logging_mixin.py:188} INFO - [2026-06-18T17:25:24.325+0000] {dag.py:3823} INFO - Setting next_dagrun for example_subdag_operator.section-2 to None, run_after=None
[2026-06-18T17:25:24.344+0000] {processor.py:183} INFO - Processing /home/airflow/.local/lib/python3.8/site-packages/airflow/example_dags/example_subdag_operator.py took 0.173 seconds
[2026-06-18T17:25:54.560+0000] {processor.py:161} INFO - Started process (PID=4721) to work on /home/airflow/.local/lib/python3.8/site-packages/airflow/example_dags/example_subdag_operator.py
[2026-06-18T17:25:54.561+0000] {processor.py:830} INFO - Processing file /home/airflow/.local/lib/python3.8/site-packages/airflow/example_dags/example_subdag_operator.py for tasks to queue
[2026-06-18T17:25:54.564+0000] {logging_mixin.py:188} INFO - [2026-06-18T17:25:54.564+0000] {dagbag.py:538} INFO - Filling up the DagBag from /home/airflow/.local/lib/python3.8/site-packages/airflow/example_dags/example_subdag_operator.py
[2026-06-18T17:25:54.609+0000] {processor.py:840} INFO - DAG(s) 'example_subdag_operator.section-1', 'example_subdag_operator.section-2', 'example_subdag_operator' retrieved from /home/airflow/.local/lib/python3.8/site-packages/airflow/example_dags/example_subdag_operator.py
[2026-06-18T17:25:54.637+0000] {logging_mixin.py:188} INFO - [2026-06-18T17:25:54.636+0000] {dag.py:3036} INFO - Sync 3 DAGs
[2026-06-18T17:25:54.674+0000] {logging_mixin.py:188} INFO - [2026-06-18T17:25:54.674+0000] {dag.py:3823} INFO - Setting next_dagrun for example_subdag_operator to 2022-01-01 00:00:00+00:00, run_after=2022-01-01 00:00:00+00:00
[2026-06-18T17:25:54.681+0000] {logging_mixin.py:188} INFO - [2026-06-18T17:25:54.681+0000] {dag.py:3823} INFO - Setting next_dagrun for example_subdag_operator.section-1 to None, run_after=None
[2026-06-18T17:25:54.683+0000] {logging_mixin.py:188} INFO - [2026-06-18T17:25:54.683+0000] {dag.py:3823} INFO - Setting next_dagrun for example_subdag_operator.section-2 to None, run_after=None
[2026-06-18T17:25:54.697+0000] {logging_mixin.py:188} INFO - [2026-06-18T17:25:54.697+0000] {dag.py:3036} INFO - Sync 2 DAGs
[2026-06-18T17:25:54.707+0000] {logging_mixin.py:188} INFO - [2026-06-18T17:25:54.707+0000] {dag.py:3823} INFO - Setting next_dagrun for example_subdag_operator.section-1 to None, run_after=None
[2026-06-18T17:25:54.708+0000] {logging_mixin.py:188} INFO - [2026-06-18T17:25:54.708+0000] {dag.py:3823} INFO - Setting next_dagrun for example_subdag_operator.section-2 to None, run_after=None
[2026-06-18T17:25:54.729+0000] {processor.py:183} INFO - Processing /home/airflow/.local/lib/python3.8/site-packages/airflow/example_dags/example_subdag_operator.py took 0.174 seconds
[2026-06-18T17:26:24.882+0000] {processor.py:161} INFO - Started process (PID=4788) to work on /home/airflow/.local/lib/python3.8/site-packages/airflow/example_dags/example_subdag_operator.py
[2026-06-18T17:26:24.884+0000] {processor.py:830} INFO - Processing file /home/airflow/.local/lib/python3.8/site-packages/airflow/example_dags/example_subdag_operator.py for tasks to queue
[2026-06-18T17:26:24.887+0000] {logging_mixin.py:188} INFO - [2026-06-18T17:26:24.886+0000] {dagbag.py:538} INFO - Filling up the DagBag from /home/airflow/.local/lib/python3.8/site-packages/airflow/example_dags/example_subdag_operator.py
[2026-06-18T17:26:24.930+0000] {processor.py:840} INFO - DAG(s) 'example_subdag_operator.section-1', 'example_subdag_operator.section-2', 'example_subdag_operator' retrieved from /home/airflow/.local/lib/python3.8/site-packages/airflow/example_dags/example_subdag_operator.py
[2026-06-18T17:26:24.956+0000] {logging_mixin.py:188} INFO - [2026-06-18T17:26:24.956+0000] {dag.py:3036} INFO - Sync 3 DAGs
[2026-06-18T17:26:24.993+0000] {logging_mixin.py:188} INFO - [2026-06-18T17:26:24.993+0000] {dag.py:3823} INFO - Setting next_dagrun for example_subdag_operator to 2022-01-01 00:00:00+00:00, run_after=2022-01-01 00:00:00+00:00
[2026-06-18T17:26:24.999+0000] {logging_mixin.py:188} INFO - [2026-06-18T17:26:24.999+0000] {dag.py:3823} INFO - Setting next_dagrun for example_subdag_operator.section-1 to None, run_after=None
[2026-06-18T17:26:25.001+0000] {logging_mixin.py:188} INFO - [2026-06-18T17:26:25.001+0000] {dag.py:3823} INFO - Setting next_dagrun for example_subdag_operator.section-2 to None, run_after=None
[2026-06-18T17:26:25.012+0000] {logging_mixin.py:188} INFO - [2026-06-18T17:26:25.012+0000] {dag.py:3036} INFO - Sync 2 DAGs
[2026-06-18T17:26:25.024+0000] {logging_mixin.py:188} INFO - [2026-06-18T17:26:25.024+0000] {dag.py:3823} INFO - Setting next_dagrun for example_subdag_operator.section-1 to None, run_after=None
[2026-06-18T17:26:25.025+0000] {logging_mixin.py:188} INFO - [2026-06-18T17:26:25.025+0000] {dag.py:3823} INFO - Setting next_dagrun for example_subdag_operator.section-2 to None, run_after=None
[2026-06-18T17:26:25.049+0000] {processor.py:183} INFO - Processing /home/airflow/.local/lib/python3.8/site-packages/airflow/example_dags/example_subdag_operator.py took 0.172 seconds
[2026-06-18T17:26:55.441+0000] {processor.py:161} INFO - Started process (PID=4854) to work on /home/airflow/.local/lib/python3.8/site-packages/airflow/example_dags/example_subdag_operator.py
[2026-06-18T17:26:55.443+0000] {processor.py:830} INFO - Processing file /home/airflow/.local/lib/python3.8/site-packages/airflow/example_dags/example_subdag_operator.py for tasks to queue
[2026-06-18T17:26:55.446+0000] {logging_mixin.py:188} INFO - [2026-06-18T17:26:55.445+0000] {dagbag.py:538} INFO - Filling up the DagBag from /home/airflow/.local/lib/python3.8/site-packages/airflow/example_dags/example_subdag_operator.py
[2026-06-18T17:26:55.490+0000] {processor.py:840} INFO - DAG(s) 'example_subdag_operator.section-1', 'example_subdag_operator.section-2', 'example_subdag_operator' retrieved from /home/airflow/.local/lib/python3.8/site-packages/airflow/example_dags/example_subdag_operator.py
[2026-06-18T17:26:55.518+0000] {logging_mixin.py:188} INFO - [2026-06-18T17:26:55.518+0000] {dag.py:3036} INFO - Sync 3 DAGs
[2026-06-18T17:26:55.559+0000] {logging_mixin.py:188} INFO - [2026-06-18T17:26:55.559+0000] {dag.py:3823} INFO - Setting next_dagrun for example_subdag_operator to 2022-01-01 00:00:00+00:00, run_after=2022-01-01 00:00:00+00:00
[2026-06-18T17:26:55.565+0000] {logging_mixin.py:188} INFO - [2026-06-18T17:26:55.564+0000] {dag.py:3823} INFO - Setting next_dagrun for example_subdag_operator.section-1 to None, run_after=None
[2026-06-18T17:26:55.567+0000] {logging_mixin.py:188} INFO - [2026-06-18T17:26:55.567+0000] {dag.py:3823} INFO - Setting next_dagrun for example_subdag_operator.section-2 to None, run_after=None
[2026-06-18T17:26:55.578+0000] {logging_mixin.py:188} INFO - [2026-06-18T17:26:55.577+0000] {dag.py:3036} INFO - Sync 2 DAGs
[2026-06-18T17:26:55.586+0000] {logging_mixin.py:188} INFO - [2026-06-18T17:26:55.586+0000] {dag.py:3823} INFO - Setting next_dagrun for example_subdag_operator.section-1 to None, run_after=None
[2026-06-18T17:26:55.587+0000] {logging_mixin.py:188} INFO - [2026-06-18T17:26:55.586+0000] {dag.py:3823} INFO - Setting next_dagrun for example_subdag_operator.section-2 to None, run_after=None
[2026-06-18T17:26:55.603+0000] {processor.py:183} INFO - Processing /home/airflow/.local/lib/python3.8/site-packages/airflow/example_dags/example_subdag_operator.py took 0.168 seconds
[2026-06-18T17:27:25.817+0000] {processor.py:161} INFO - Started process (PID=4920) to work on /home/airflow/.local/lib/python3.8/site-packages/airflow/example_dags/example_subdag_operator.py
[2026-06-18T17:27:25.819+0000] {processor.py:830} INFO - Processing file /home/airflow/.local/lib/python3.8/site-packages/airflow/example_dags/example_subdag_operator.py for tasks to queue
[2026-06-18T17:27:25.822+0000] {logging_mixin.py:188} INFO - [2026-06-18T17:27:25.821+0000] {dagbag.py:538} INFO - Filling up the DagBag from /home/airflow/.local/lib/python3.8/site-packages/airflow/example_dags/example_subdag_operator.py
[2026-06-18T17:27:25.871+0000] {processor.py:840} INFO - DAG(s) 'example_subdag_operator.section-1', 'example_subdag_operator.section-2', 'example_subdag_operator' retrieved from /home/airflow/.local/lib/python3.8/site-packages/airflow/example_dags/example_subdag_operator.py
[2026-06-18T17:27:25.900+0000] {logging_mixin.py:188} INFO - [2026-06-18T17:27:25.900+0000] {dag.py:3036} INFO - Sync 3 DAGs
[2026-06-18T17:27:25.943+0000] {logging_mixin.py:188} INFO - [2026-06-18T17:27:25.943+0000] {dag.py:3823} INFO - Setting next_dagrun for example_subdag_operator to 2022-01-01 00:00:00+00:00, run_after=2022-01-01 00:00:00+00:00
[2026-06-18T17:27:25.951+0000] {logging_mixin.py:188} INFO - [2026-06-18T17:27:25.950+0000] {dag.py:3823} INFO - Setting next_dagrun for example_subdag_operator.section-1 to None, run_after=None
[2026-06-18T17:27:25.953+0000] {logging_mixin.py:188} INFO - [2026-06-18T17:27:25.953+0000] {dag.py:3823} INFO - Setting next_dagrun for example_subdag_operator.section-2 to None, run_after=None
[2026-06-18T17:27:25.967+0000] {logging_mixin.py:188} INFO - [2026-06-18T17:27:25.966+0000] {dag.py:3036} INFO - Sync 2 DAGs
[2026-06-18T17:27:25.978+0000] {logging_mixin.py:188} INFO - [2026-06-18T17:27:25.977+0000] {dag.py:3823} INFO - Setting next_dagrun for example_subdag_operator.section-1 to None, run_after=None
[2026-06-18T17:27:25.979+0000] {logging_mixin.py:188} INFO - [2026-06-18T17:27:25.979+0000] {dag.py:3823} INFO - Setting next_dagrun for example_subdag_operator.section-2 to None, run_after=None
[2026-06-18T17:27:26.024+0000] {processor.py:183} INFO - Processing /home/airflow/.local/lib/python3.8/site-packages/airflow/example_dags/example_subdag_operator.py took 0.214 seconds
[2026-06-18T17:27:56.242+0000] {processor.py:161} INFO - Started process (PID=4987) to work on /home/airflow/.local/lib/python3.8/site-packages/airflow/example_dags/example_subdag_operator.py
[2026-06-18T17:27:56.244+0000] {processor.py:830} INFO - Processing file /home/airflow/.local/lib/python3.8/site-packages/airflow/example_dags/example_subdag_operator.py for tasks to queue
[2026-06-18T17:27:56.246+0000] {logging_mixin.py:188} INFO - [2026-06-18T17:27:56.246+0000] {dagbag.py:538} INFO - Filling up the DagBag from /home/airflow/.local/lib/python3.8/site-packages/airflow/example_dags/example_subdag_operator.py
[2026-06-18T17:27:56.288+0000] {processor.py:840} INFO - DAG(s) 'example_subdag_operator.section-1', 'example_subdag_operator.section-2', 'example_subdag_operator' retrieved from /home/airflow/.local/lib/python3.8/site-packages/airflow/example_dags/example_subdag_operator.py
[2026-06-18T17:27:56.317+0000] {logging_mixin.py:188} INFO - [2026-06-18T17:27:56.317+0000] {dag.py:3036} INFO - Sync 3 DAGs
[2026-06-18T17:27:56.358+0000] {logging_mixin.py:188} INFO - [2026-06-18T17:27:56.358+0000] {dag.py:3823} INFO - Setting next_dagrun for example_subdag_operator to 2022-01-01 00:00:00+00:00, run_after=2022-01-01 00:00:00+00:00
[2026-06-18T17:27:56.365+0000] {logging_mixin.py:188} INFO - [2026-06-18T17:27:56.365+0000] {dag.py:3823} INFO - Setting next_dagrun for example_subdag_operator.section-1 to None, run_after=None
[2026-06-18T17:27:56.368+0000] {logging_mixin.py:188} INFO - [2026-06-18T17:27:56.368+0000] {dag.py:3823} INFO - Setting next_dagrun for example_subdag_operator.section-2 to None, run_after=None
[2026-06-18T17:27:56.382+0000] {logging_mixin.py:188} INFO - [2026-06-18T17:27:56.381+0000] {dag.py:3036} INFO - Sync 2 DAGs
[2026-06-18T17:27:56.393+0000] {logging_mixin.py:188} INFO - [2026-06-18T17:27:56.393+0000] {dag.py:3823} INFO - Setting next_dagrun for example_subdag_operator.section-1 to None, run_after=None
[2026-06-18T17:27:56.394+0000] {logging_mixin.py:188} INFO - [2026-06-18T17:27:56.394+0000] {dag.py:3823} INFO - Setting next_dagrun for example_subdag_operator.section-2 to None, run_after=None
[2026-06-18T17:27:56.414+0000] {processor.py:183} INFO - Processing /home/airflow/.local/lib/python3.8/site-packages/airflow/example_dags/example_subdag_operator.py took 0.177 seconds
[2026-06-18T17:28:26.461+0000] {processor.py:161} INFO - Started process (PID=5052) to work on /home/airflow/.local/lib/python3.8/site-packages/airflow/example_dags/example_subdag_operator.py
[2026-06-18T17:28:26.462+0000] {processor.py:830} INFO - Processing file /home/airflow/.local/lib/python3.8/site-packages/airflow/example_dags/example_subdag_operator.py for tasks to queue
[2026-06-18T17:28:26.465+0000] {logging_mixin.py:188} INFO - [2026-06-18T17:28:26.464+0000] {dagbag.py:538} INFO - Filling up the DagBag from /home/airflow/.local/lib/python3.8/site-packages/airflow/example_dags/example_subdag_operator.py
[2026-06-18T17:28:26.509+0000] {processor.py:840} INFO - DAG(s) 'example_subdag_operator.section-1', 'example_subdag_operator.section-2', 'example_subdag_operator' retrieved from /home/airflow/.local/lib/python3.8/site-packages/airflow/example_dags/example_subdag_operator.py
[2026-06-18T17:28:26.536+0000] {logging_mixin.py:188} INFO - [2026-06-18T17:28:26.536+0000] {dag.py:3036} INFO - Sync 3 DAGs
[2026-06-18T17:28:26.571+0000] {logging_mixin.py:188} INFO - [2026-06-18T17:28:26.571+0000] {dag.py:3823} INFO - Setting next_dagrun for example_subdag_operator to 2022-01-01 00:00:00+00:00, run_after=2022-01-01 00:00:00+00:00
[2026-06-18T17:28:26.576+0000] {logging_mixin.py:188} INFO - [2026-06-18T17:28:26.576+0000] {dag.py:3823} INFO - Setting next_dagrun for example_subdag_operator.section-1 to None, run_after=None
[2026-06-18T17:28:26.578+0000] {logging_mixin.py:188} INFO - [2026-06-18T17:28:26.578+0000] {dag.py:3823} INFO - Setting next_dagrun for example_subdag_operator.section-2 to None, run_after=None
[2026-06-18T17:28:26.588+0000] {logging_mixin.py:188} INFO - [2026-06-18T17:28:26.588+0000] {dag.py:3036} INFO - Sync 2 DAGs
[2026-06-18T17:28:26.597+0000] {logging_mixin.py:188} INFO - [2026-06-18T17:28:26.597+0000] {dag.py:3823} INFO - Setting next_dagrun for example_subdag_operator.section-1 to None, run_after=None
[2026-06-18T17:28:26.598+0000] {logging_mixin.py:188} INFO - [2026-06-18T17:28:26.598+0000] {dag.py:3823} INFO - Setting next_dagrun for example_subdag_operator.section-2 to None, run_after=None
[2026-06-18T17:28:26.616+0000] {processor.py:183} INFO - Processing /home/airflow/.local/lib/python3.8/site-packages/airflow/example_dags/example_subdag_operator.py took 0.160 seconds
[2026-06-18T17:28:56.941+0000] {processor.py:161} INFO - Started process (PID=5118) to work on /home/airflow/.local/lib/python3.8/site-packages/airflow/example_dags/example_subdag_operator.py
[2026-06-18T17:28:56.943+0000] {processor.py:830} INFO - Processing file /home/airflow/.local/lib/python3.8/site-packages/airflow/example_dags/example_subdag_operator.py for tasks to queue
[2026-06-18T17:28:56.946+0000] {logging_mixin.py:188} INFO - [2026-06-18T17:28:56.945+0000] {dagbag.py:538} INFO - Filling up the DagBag from /home/airflow/.local/lib/python3.8/site-packages/airflow/example_dags/example_subdag_operator.py
[2026-06-18T17:28:56.990+0000] {processor.py:840} INFO - DAG(s) 'example_subdag_operator.section-1', 'example_subdag_operator.section-2', 'example_subdag_operator' retrieved from /home/airflow/.local/lib/python3.8/site-packages/airflow/example_dags/example_subdag_operator.py
[2026-06-18T17:28:57.017+0000] {logging_mixin.py:188} INFO - [2026-06-18T17:28:57.016+0000] {dag.py:3036} INFO - Sync 3 DAGs
[2026-06-18T17:28:57.059+0000] {logging_mixin.py:188} INFO - [2026-06-18T17:28:57.058+0000] {dag.py:3823} INFO - Setting next_dagrun for example_subdag_operator to 2022-01-01 00:00:00+00:00, run_after=2022-01-01 00:00:00+00:00
[2026-06-18T17:28:57.067+0000] {logging_mixin.py:188} INFO - [2026-06-18T17:28:57.066+0000] {dag.py:3823} INFO - Setting next_dagrun for example_subdag_operator.section-1 to None, run_after=None
[2026-06-18T17:28:57.070+0000] {logging_mixin.py:188} INFO - [2026-06-18T17:28:57.069+0000] {dag.py:3823} INFO - Setting next_dagrun for example_subdag_operator.section-2 to None, run_after=None
[2026-06-18T17:28:57.084+0000] {logging_mixin.py:188} INFO - [2026-06-18T17:28:57.084+0000] {dag.py:3036} INFO - Sync 2 DAGs
[2026-06-18T17:28:57.096+0000] {logging_mixin.py:188} INFO - [2026-06-18T17:28:57.095+0000] {dag.py:3823} INFO - Setting next_dagrun for example_subdag_operator.section-1 to None, run_after=None
[2026-06-18T17:28:57.096+0000] {logging_mixin.py:188} INFO - [2026-06-18T17:28:57.096+0000] {dag.py:3823} INFO - Setting next_dagrun for example_subdag_operator.section-2 to None, run_after=None
[2026-06-18T17:28:57.116+0000] {processor.py:183} INFO - Processing /home/airflow/.local/lib/python3.8/site-packages/airflow/example_dags/example_subdag_operator.py took 0.180 seconds
[2026-06-18T17:29:27.334+0000] {processor.py:161} INFO - Started process (PID=5190) to work on /home/airflow/.local/lib/python3.8/site-packages/airflow/example_dags/example_subdag_operator.py
[2026-06-18T17:29:27.335+0000] {processor.py:830} INFO - Processing file /home/airflow/.local/lib/python3.8/site-packages/airflow/example_dags/example_subdag_operator.py for tasks to queue
[2026-06-18T17:29:27.338+0000] {logging_mixin.py:188} INFO - [2026-06-18T17:29:27.338+0000] {dagbag.py:538} INFO - Filling up the DagBag from /home/airflow/.local/lib/python3.8/site-packages/airflow/example_dags/example_subdag_operator.py
[2026-06-18T17:29:27.407+0000] {processor.py:840} INFO - DAG(s) 'example_subdag_operator.section-1', 'example_subdag_operator.section-2', 'example_subdag_operator' retrieved from /home/airflow/.local/lib/python3.8/site-packages/airflow/example_dags/example_subdag_operator.py
[2026-06-18T17:29:27.442+0000] {logging_mixin.py:188} INFO - [2026-06-18T17:29:27.442+0000] {dag.py:3036} INFO - Sync 3 DAGs
[2026-06-18T17:29:27.483+0000] {logging_mixin.py:188} INFO - [2026-06-18T17:29:27.483+0000] {dag.py:3823} INFO - Setting next_dagrun for example_subdag_operator to 2022-01-01 00:00:00+00:00, run_after=2022-01-01 00:00:00+00:00
[2026-06-18T17:29:27.490+0000] {logging_mixin.py:188} INFO - [2026-06-18T17:29:27.490+0000] {dag.py:3823} INFO - Setting next_dagrun for example_subdag_operator.section-1 to None, run_after=None
[2026-06-18T17:29:27.493+0000] {logging_mixin.py:188} INFO - [2026-06-18T17:29:27.492+0000] {dag.py:3823} INFO - Setting next_dagrun for example_subdag_operator.section-2 to None, run_after=None
[2026-06-18T17:29:27.507+0000] {logging_mixin.py:188} INFO - [2026-06-18T17:29:27.506+0000] {dag.py:3036} INFO - Sync 2 DAGs
[2026-06-18T17:29:27.518+0000] {logging_mixin.py:188} INFO - [2026-06-18T17:29:27.517+0000] {dag.py:3823} INFO - Setting next_dagrun for example_subdag_operator.section-1 to None, run_after=None
[2026-06-18T17:29:27.519+0000] {logging_mixin.py:188} INFO - [2026-06-18T17:29:27.518+0000] {dag.py:3823} INFO - Setting next_dagrun for example_subdag_operator.section-2 to None, run_after=None
[2026-06-18T17:29:27.541+0000] {processor.py:183} INFO - Processing /home/airflow/.local/lib/python3.8/site-packages/airflow/example_dags/example_subdag_operator.py took 0.213 seconds
[2026-06-18T17:29:57.928+0000] {processor.py:161} INFO - Started process (PID=5254) to work on /home/airflow/.local/lib/python3.8/site-packages/airflow/example_dags/example_subdag_operator.py
[2026-06-18T17:29:57.930+0000] {processor.py:830} INFO - Processing file /home/airflow/.local/lib/python3.8/site-packages/airflow/example_dags/example_subdag_operator.py for tasks to queue
[2026-06-18T17:29:57.932+0000] {logging_mixin.py:188} INFO - [2026-06-18T17:29:57.932+0000] {dagbag.py:538} INFO - Filling up the DagBag from /home/airflow/.local/lib/python3.8/site-packages/airflow/example_dags/example_subdag_operator.py
[2026-06-18T17:29:57.971+0000] {processor.py:840} INFO - DAG(s) 'example_subdag_operator.section-1', 'example_subdag_operator.section-2', 'example_subdag_operator' retrieved from /home/airflow/.local/lib/python3.8/site-packages/airflow/example_dags/example_subdag_operator.py
[2026-06-18T17:29:58.005+0000] {logging_mixin.py:188} INFO - [2026-06-18T17:29:58.004+0000] {dag.py:3036} INFO - Sync 3 DAGs
[2026-06-18T17:29:58.051+0000] {logging_mixin.py:188} INFO - [2026-06-18T17:29:58.051+0000] {dag.py:3823} INFO - Setting next_dagrun for example_subdag_operator to 2022-01-01 00:00:00+00:00, run_after=2022-01-01 00:00:00+00:00
[2026-06-18T17:29:58.059+0000] {logging_mixin.py:188} INFO - [2026-06-18T17:29:58.058+0000] {dag.py:3823} INFO - Setting next_dagrun for example_subdag_operator.section-1 to None, run_after=None
[2026-06-18T17:29:58.061+0000] {logging_mixin.py:188} INFO - [2026-06-18T17:29:58.061+0000] {dag.py:3823} INFO - Setting next_dagrun for example_subdag_operator.section-2 to None, run_after=None
[2026-06-18T17:29:58.075+0000] {logging_mixin.py:188} INFO - [2026-06-18T17:29:58.075+0000] {dag.py:3036} INFO - Sync 2 DAGs
[2026-06-18T17:29:58.086+0000] {logging_mixin.py:188} INFO - [2026-06-18T17:29:58.085+0000] {dag.py:3823} INFO - Setting next_dagrun for example_subdag_operator.section-1 to None, run_after=None
[2026-06-18T17:29:58.087+0000] {logging_mixin.py:188} INFO - [2026-06-18T17:29:58.086+0000] {dag.py:3823} INFO - Setting next_dagrun for example_subdag_operator.section-2 to None, run_after=None
[2026-06-18T17:29:58.106+0000] {processor.py:183} INFO - Processing /home/airflow/.local/lib/python3.8/site-packages/airflow/example_dags/example_subdag_operator.py took 0.183 seconds
[2026-06-18T17:30:28.497+0000] {processor.py:161} INFO - Started process (PID=5320) to work on /home/airflow/.local/lib/python3.8/site-packages/airflow/example_dags/example_subdag_operator.py
[2026-06-18T17:30:28.498+0000] {processor.py:830} INFO - Processing file /home/airflow/.local/lib/python3.8/site-packages/airflow/example_dags/example_subdag_operator.py for tasks to queue
[2026-06-18T17:30:28.501+0000] {logging_mixin.py:188} INFO - [2026-06-18T17:30:28.501+0000] {dagbag.py:538} INFO - Filling up the DagBag from /home/airflow/.local/lib/python3.8/site-packages/airflow/example_dags/example_subdag_operator.py
[2026-06-18T17:30:28.553+0000] {processor.py:840} INFO - DAG(s) 'example_subdag_operator.section-1', 'example_subdag_operator.section-2', 'example_subdag_operator' retrieved from /home/airflow/.local/lib/python3.8/site-packages/airflow/example_dags/example_subdag_operator.py
[2026-06-18T17:30:28.587+0000] {logging_mixin.py:188} INFO - [2026-06-18T17:30:28.587+0000] {dag.py:3036} INFO - Sync 3 DAGs
[2026-06-18T17:30:28.634+0000] {logging_mixin.py:188} INFO - [2026-06-18T17:30:28.633+0000] {dag.py:3823} INFO - Setting next_dagrun for example_subdag_operator to 2022-01-01 00:00:00+00:00, run_after=2022-01-01 00:00:00+00:00
[2026-06-18T17:30:28.641+0000] {logging_mixin.py:188} INFO - [2026-06-18T17:30:28.641+0000] {dag.py:3823} INFO - Setting next_dagrun for example_subdag_operator.section-1 to None, run_after=None
[2026-06-18T17:30:28.644+0000] {logging_mixin.py:188} INFO - [2026-06-18T17:30:28.644+0000] {dag.py:3823} INFO - Setting next_dagrun for example_subdag_operator.section-2 to None, run_after=None
[2026-06-18T17:30:28.658+0000] {logging_mixin.py:188} INFO - [2026-06-18T17:30:28.658+0000] {dag.py:3036} INFO - Sync 2 DAGs
[2026-06-18T17:30:28.669+0000] {logging_mixin.py:188} INFO - [2026-06-18T17:30:28.668+0000] {dag.py:3823} INFO - Setting next_dagrun for example_subdag_operator.section-1 to None, run_after=None
[2026-06-18T17:30:28.670+0000] {logging_mixin.py:188} INFO - [2026-06-18T17:30:28.669+0000] {dag.py:3823} INFO - Setting next_dagrun for example_subdag_operator.section-2 to None, run_after=None
[2026-06-18T17:30:28.690+0000] {processor.py:183} INFO - Processing /home/airflow/.local/lib/python3.8/site-packages/airflow/example_dags/example_subdag_operator.py took 0.200 seconds
[2026-06-18T17:30:59.166+0000] {processor.py:161} INFO - Started process (PID=5386) to work on /home/airflow/.local/lib/python3.8/site-packages/airflow/example_dags/example_subdag_operator.py
[2026-06-18T17:30:59.169+0000] {processor.py:830} INFO - Processing file /home/airflow/.local/lib/python3.8/site-packages/airflow/example_dags/example_subdag_operator.py for tasks to queue
[2026-06-18T17:30:59.172+0000] {logging_mixin.py:188} INFO - [2026-06-18T17:30:59.171+0000] {dagbag.py:538} INFO - Filling up the DagBag from /home/airflow/.local/lib/python3.8/site-packages/airflow/example_dags/example_subdag_operator.py
[2026-06-18T17:30:59.232+0000] {processor.py:840} INFO - DAG(s) 'example_subdag_operator.section-1', 'example_subdag_operator.section-2', 'example_subdag_operator' retrieved from /home/airflow/.local/lib/python3.8/site-packages/airflow/example_dags/example_subdag_operator.py
[2026-06-18T17:30:59.262+0000] {logging_mixin.py:188} INFO - [2026-06-18T17:30:59.262+0000] {dag.py:3036} INFO - Sync 3 DAGs
[2026-06-18T17:30:59.308+0000] {logging_mixin.py:188} INFO - [2026-06-18T17:30:59.307+0000] {dag.py:3823} INFO - Setting next_dagrun for example_subdag_operator to 2022-01-01 00:00:00+00:00, run_after=2022-01-01 00:00:00+00:00
[2026-06-18T17:30:59.316+0000] {logging_mixin.py:188} INFO - [2026-06-18T17:30:59.316+0000] {dag.py:3823} INFO - Setting next_dagrun for example_subdag_operator.section-1 to None, run_after=None
[2026-06-18T17:30:59.319+0000] {logging_mixin.py:188} INFO - [2026-06-18T17:30:59.319+0000] {dag.py:3823} INFO - Setting next_dagrun for example_subdag_operator.section-2 to None, run_after=None
[2026-06-18T17:30:59.334+0000] {logging_mixin.py:188} INFO - [2026-06-18T17:30:59.334+0000] {dag.py:3036} INFO - Sync 2 DAGs
[2026-06-18T17:30:59.346+0000] {logging_mixin.py:188} INFO - [2026-06-18T17:30:59.346+0000] {dag.py:3823} INFO - Setting next_dagrun for example_subdag_operator.section-1 to None, run_after=None
[2026-06-18T17:30:59.347+0000] {logging_mixin.py:188} INFO - [2026-06-18T17:30:59.347+0000] {dag.py:3823} INFO - Setting next_dagrun for example_subdag_operator.section-2 to None, run_after=None
[2026-06-18T17:30:59.370+0000] {processor.py:183} INFO - Processing /home/airflow/.local/lib/python3.8/site-packages/airflow/example_dags/example_subdag_operator.py took 0.210 seconds
[2026-06-18T17:31:30.082+0000] {processor.py:161} INFO - Started process (PID=5451) to work on /home/airflow/.local/lib/python3.8/site-packages/airflow/example_dags/example_subdag_operator.py
[2026-06-18T17:31:30.088+0000] {processor.py:830} INFO - Processing file /home/airflow/.local/lib/python3.8/site-packages/airflow/example_dags/example_subdag_operator.py for tasks to queue
[2026-06-18T17:31:30.092+0000] {logging_mixin.py:188} INFO - [2026-06-18T17:31:30.092+0000] {dagbag.py:538} INFO - Filling up the DagBag from /home/airflow/.local/lib/python3.8/site-packages/airflow/example_dags/example_subdag_operator.py
[2026-06-18T17:31:30.160+0000] {processor.py:840} INFO - DAG(s) 'example_subdag_operator.section-1', 'example_subdag_operator.section-2', 'example_subdag_operator' retrieved from /home/airflow/.local/lib/python3.8/site-packages/airflow/example_dags/example_subdag_operator.py
[2026-06-18T17:31:30.193+0000] {logging_mixin.py:188} INFO - [2026-06-18T17:31:30.192+0000] {dag.py:3036} INFO - Sync 3 DAGs
[2026-06-18T17:31:30.237+0000] {logging_mixin.py:188} INFO - [2026-06-18T17:31:30.236+0000] {dag.py:3823} INFO - Setting next_dagrun for example_subdag_operator to 2022-01-01 00:00:00+00:00, run_after=2022-01-01 00:00:00+00:00
[2026-06-18T17:31:30.244+0000] {logging_mixin.py:188} INFO - [2026-06-18T17:31:30.244+0000] {dag.py:3823} INFO - Setting next_dagrun for example_subdag_operator.section-1 to None, run_after=None
[2026-06-18T17:31:30.247+0000] {logging_mixin.py:188} INFO - [2026-06-18T17:31:30.247+0000] {dag.py:3823} INFO - Setting next_dagrun for example_subdag_operator.section-2 to None, run_after=None
[2026-06-18T17:31:30.262+0000] {logging_mixin.py:188} INFO - [2026-06-18T17:31:30.261+0000] {dag.py:3036} INFO - Sync 2 DAGs
[2026-06-18T17:31:30.279+0000] {logging_mixin.py:188} INFO - [2026-06-18T17:31:30.278+0000] {dag.py:3823} INFO - Setting next_dagrun for example_subdag_operator.section-1 to None, run_after=None
[2026-06-18T17:31:30.279+0000] {logging_mixin.py:188} INFO - [2026-06-18T17:31:30.279+0000] {dag.py:3823} INFO - Setting next_dagrun for example_subdag_operator.section-2 to None, run_after=None
[2026-06-18T17:31:30.302+0000] {processor.py:183} INFO - Processing /home/airflow/.local/lib/python3.8/site-packages/airflow/example_dags/example_subdag_operator.py took 0.229 seconds
[2026-06-18T17:32:01.063+0000] {processor.py:161} INFO - Started process (PID=5517) to work on /home/airflow/.local/lib/python3.8/site-packages/airflow/example_dags/example_subdag_operator.py
[2026-06-18T17:32:01.065+0000] {processor.py:830} INFO - Processing file /home/airflow/.local/lib/python3.8/site-packages/airflow/example_dags/example_subdag_operator.py for tasks to queue
[2026-06-18T17:32:01.069+0000] {logging_mixin.py:188} INFO - [2026-06-18T17:32:01.068+0000] {dagbag.py:538} INFO - Filling up the DagBag from /home/airflow/.local/lib/python3.8/site-packages/airflow/example_dags/example_subdag_operator.py
[2026-06-18T17:32:01.118+0000] {processor.py:840} INFO - DAG(s) 'example_subdag_operator.section-1', 'example_subdag_operator.section-2', 'example_subdag_operator' retrieved from /home/airflow/.local/lib/python3.8/site-packages/airflow/example_dags/example_subdag_operator.py
[2026-06-18T17:32:01.148+0000] {logging_mixin.py:188} INFO - [2026-06-18T17:32:01.148+0000] {dag.py:3036} INFO - Sync 3 DAGs
[2026-06-18T17:32:01.188+0000] {logging_mixin.py:188} INFO - [2026-06-18T17:32:01.188+0000] {dag.py:3823} INFO - Setting next_dagrun for example_subdag_operator to 2022-01-01 00:00:00+00:00, run_after=2022-01-01 00:00:00+00:00
[2026-06-18T17:32:01.196+0000] {logging_mixin.py:188} INFO - [2026-06-18T17:32:01.196+0000] {dag.py:3823} INFO - Setting next_dagrun for example_subdag_operator.section-1 to None, run_after=None
[2026-06-18T17:32:01.199+0000] {logging_mixin.py:188} INFO - [2026-06-18T17:32:01.198+0000] {dag.py:3823} INFO - Setting next_dagrun for example_subdag_operator.section-2 to None, run_after=None
[2026-06-18T17:32:01.211+0000] {logging_mixin.py:188} INFO - [2026-06-18T17:32:01.211+0000] {dag.py:3036} INFO - Sync 2 DAGs
[2026-06-18T17:32:01.221+0000] {logging_mixin.py:188} INFO - [2026-06-18T17:32:01.220+0000] {dag.py:3823} INFO - Setting next_dagrun for example_subdag_operator.section-1 to None, run_after=None
[2026-06-18T17:32:01.221+0000] {logging_mixin.py:188} INFO - [2026-06-18T17:32:01.221+0000] {dag.py:3823} INFO - Setting next_dagrun for example_subdag_operator.section-2 to None, run_after=None
[2026-06-18T17:32:01.243+0000] {processor.py:183} INFO - Processing /home/airflow/.local/lib/python3.8/site-packages/airflow/example_dags/example_subdag_operator.py took 0.185 seconds
[2026-06-18T17:32:31.451+0000] {processor.py:161} INFO - Started process (PID=5583) to work on /home/airflow/.local/lib/python3.8/site-packages/airflow/example_dags/example_subdag_operator.py
[2026-06-18T17:32:31.453+0000] {processor.py:830} INFO - Processing file /home/airflow/.local/lib/python3.8/site-packages/airflow/example_dags/example_subdag_operator.py for tasks to queue
[2026-06-18T17:32:31.455+0000] {logging_mixin.py:188} INFO - [2026-06-18T17:32:31.455+0000] {dagbag.py:538} INFO - Filling up the DagBag from /home/airflow/.local/lib/python3.8/site-packages/airflow/example_dags/example_subdag_operator.py
[2026-06-18T17:32:31.501+0000] {processor.py:840} INFO - DAG(s) 'example_subdag_operator.section-1', 'example_subdag_operator.section-2', 'example_subdag_operator' retrieved from /home/airflow/.local/lib/python3.8/site-packages/airflow/example_dags/example_subdag_operator.py
[2026-06-18T17:32:31.529+0000] {logging_mixin.py:188} INFO - [2026-06-18T17:32:31.528+0000] {dag.py:3036} INFO - Sync 3 DAGs
[2026-06-18T17:32:31.566+0000] {logging_mixin.py:188} INFO - [2026-06-18T17:32:31.565+0000] {dag.py:3823} INFO - Setting next_dagrun for example_subdag_operator to 2022-01-01 00:00:00+00:00, run_after=2022-01-01 00:00:00+00:00
[2026-06-18T17:32:31.573+0000] {logging_mixin.py:188} INFO - [2026-06-18T17:32:31.572+0000] {dag.py:3823} INFO - Setting next_dagrun for example_subdag_operator.section-1 to None, run_after=None
[2026-06-18T17:32:31.575+0000] {logging_mixin.py:188} INFO - [2026-06-18T17:32:31.575+0000] {dag.py:3823} INFO - Setting next_dagrun for example_subdag_operator.section-2 to None, run_after=None
[2026-06-18T17:32:31.588+0000] {logging_mixin.py:188} INFO - [2026-06-18T17:32:31.587+0000] {dag.py:3036} INFO - Sync 2 DAGs
[2026-06-18T17:32:31.597+0000] {logging_mixin.py:188} INFO - [2026-06-18T17:32:31.597+0000] {dag.py:3823} INFO - Setting next_dagrun for example_subdag_operator.section-1 to None, run_after=None
[2026-06-18T17:32:31.598+0000] {logging_mixin.py:188} INFO - [2026-06-18T17:32:31.598+0000] {dag.py:3823} INFO - Setting next_dagrun for example_subdag_operator.section-2 to None, run_after=None
[2026-06-18T17:32:31.618+0000] {processor.py:183} INFO - Processing /home/airflow/.local/lib/python3.8/site-packages/airflow/example_dags/example_subdag_operator.py took 0.172 seconds
[2026-06-18T17:33:01.797+0000] {processor.py:161} INFO - Started process (PID=5649) to work on /home/airflow/.local/lib/python3.8/site-packages/airflow/example_dags/example_subdag_operator.py
[2026-06-18T17:33:01.799+0000] {processor.py:830} INFO - Processing file /home/airflow/.local/lib/python3.8/site-packages/airflow/example_dags/example_subdag_operator.py for tasks to queue
[2026-06-18T17:33:01.801+0000] {logging_mixin.py:188} INFO - [2026-06-18T17:33:01.801+0000] {dagbag.py:538} INFO - Filling up the DagBag from /home/airflow/.local/lib/python3.8/site-packages/airflow/example_dags/example_subdag_operator.py
[2026-06-18T17:33:01.843+0000] {processor.py:840} INFO - DAG(s) 'example_subdag_operator.section-1', 'example_subdag_operator.section-2', 'example_subdag_operator' retrieved from /home/airflow/.local/lib/python3.8/site-packages/airflow/example_dags/example_subdag_operator.py
[2026-06-18T17:33:01.870+0000] {logging_mixin.py:188} INFO - [2026-06-18T17:33:01.870+0000] {dag.py:3036} INFO - Sync 3 DAGs
[2026-06-18T17:33:01.906+0000] {logging_mixin.py:188} INFO - [2026-06-18T17:33:01.905+0000] {dag.py:3823} INFO - Setting next_dagrun for example_subdag_operator to 2022-01-01 00:00:00+00:00, run_after=2022-01-01 00:00:00+00:00
[2026-06-18T17:33:01.912+0000] {logging_mixin.py:188} INFO - [2026-06-18T17:33:01.911+0000] {dag.py:3823} INFO - Setting next_dagrun for example_subdag_operator.section-1 to None, run_after=None
[2026-06-18T17:33:01.914+0000] {logging_mixin.py:188} INFO - [2026-06-18T17:33:01.913+0000] {dag.py:3823} INFO - Setting next_dagrun for example_subdag_operator.section-2 to None, run_after=None
[2026-06-18T17:33:01.925+0000] {logging_mixin.py:188} INFO - [2026-06-18T17:33:01.924+0000] {dag.py:3036} INFO - Sync 2 DAGs
[2026-06-18T17:33:01.933+0000] {logging_mixin.py:188} INFO - [2026-06-18T17:33:01.932+0000] {dag.py:3823} INFO - Setting next_dagrun for example_subdag_operator.section-1 to None, run_after=None
[2026-06-18T17:33:01.933+0000] {logging_mixin.py:188} INFO - [2026-06-18T17:33:01.933+0000] {dag.py:3823} INFO - Setting next_dagrun for example_subdag_operator.section-2 to None, run_after=None
[2026-06-18T17:33:01.954+0000] {processor.py:183} INFO - Processing /home/airflow/.local/lib/python3.8/site-packages/airflow/example_dags/example_subdag_operator.py took 0.163 seconds
[2026-06-18T17:33:32.603+0000] {processor.py:161} INFO - Started process (PID=5715) to work on /home/airflow/.local/lib/python3.8/site-packages/airflow/example_dags/example_subdag_operator.py
[2026-06-18T17:33:32.605+0000] {processor.py:830} INFO - Processing file /home/airflow/.local/lib/python3.8/site-packages/airflow/example_dags/example_subdag_operator.py for tasks to queue
[2026-06-18T17:33:32.607+0000] {logging_mixin.py:188} INFO - [2026-06-18T17:33:32.607+0000] {dagbag.py:538} INFO - Filling up the DagBag from /home/airflow/.local/lib/python3.8/site-packages/airflow/example_dags/example_subdag_operator.py
[2026-06-18T17:33:32.659+0000] {processor.py:840} INFO - DAG(s) 'example_subdag_operator.section-1', 'example_subdag_operator.section-2', 'example_subdag_operator' retrieved from /home/airflow/.local/lib/python3.8/site-packages/airflow/example_dags/example_subdag_operator.py
[2026-06-18T17:33:32.691+0000] {logging_mixin.py:188} INFO - [2026-06-18T17:33:32.691+0000] {dag.py:3036} INFO - Sync 3 DAGs
[2026-06-18T17:33:32.731+0000] {logging_mixin.py:188} INFO - [2026-06-18T17:33:32.730+0000] {dag.py:3823} INFO - Setting next_dagrun for example_subdag_operator to 2022-01-01 00:00:00+00:00, run_after=2022-01-01 00:00:00+00:00
[2026-06-18T17:33:32.736+0000] {logging_mixin.py:188} INFO - [2026-06-18T17:33:32.736+0000] {dag.py:3823} INFO - Setting next_dagrun for example_subdag_operator.section-1 to None, run_after=None
[2026-06-18T17:33:32.738+0000] {logging_mixin.py:188} INFO - [2026-06-18T17:33:32.738+0000] {dag.py:3823} INFO - Setting next_dagrun for example_subdag_operator.section-2 to None, run_after=None
[2026-06-18T17:33:32.749+0000] {logging_mixin.py:188} INFO - [2026-06-18T17:33:32.749+0000] {dag.py:3036} INFO - Sync 2 DAGs
[2026-06-18T17:33:32.758+0000] {logging_mixin.py:188} INFO - [2026-06-18T17:33:32.758+0000] {dag.py:3823} INFO - Setting next_dagrun for example_subdag_operator.section-1 to None, run_after=None
[2026-06-18T17:33:32.759+0000] {logging_mixin.py:188} INFO - [2026-06-18T17:33:32.759+0000] {dag.py:3823} INFO - Setting next_dagrun for example_subdag_operator.section-2 to None, run_after=None
[2026-06-18T17:33:32.778+0000] {processor.py:183} INFO - Processing /home/airflow/.local/lib/python3.8/site-packages/airflow/example_dags/example_subdag_operator.py took 0.180 seconds
[2026-06-18T17:34:02.953+0000] {processor.py:161} INFO - Started process (PID=5781) to work on /home/airflow/.local/lib/python3.8/site-packages/airflow/example_dags/example_subdag_operator.py
[2026-06-18T17:34:02.955+0000] {processor.py:830} INFO - Processing file /home/airflow/.local/lib/python3.8/site-packages/airflow/example_dags/example_subdag_operator.py for tasks to queue
[2026-06-18T17:34:02.959+0000] {logging_mixin.py:188} INFO - [2026-06-18T17:34:02.958+0000] {dagbag.py:538} INFO - Filling up the DagBag from /home/airflow/.local/lib/python3.8/site-packages/airflow/example_dags/example_subdag_operator.py
[2026-06-18T17:34:03.011+0000] {processor.py:840} INFO - DAG(s) 'example_subdag_operator.section-1', 'example_subdag_operator.section-2', 'example_subdag_operator' retrieved from /home/airflow/.local/lib/python3.8/site-packages/airflow/example_dags/example_subdag_operator.py
[2026-06-18T17:34:03.045+0000] {logging_mixin.py:188} INFO - [2026-06-18T17:34:03.045+0000] {dag.py:3036} INFO - Sync 3 DAGs
[2026-06-18T17:34:03.091+0000] {logging_mixin.py:188} INFO - [2026-06-18T17:34:03.090+0000] {dag.py:3823} INFO - Setting next_dagrun for example_subdag_operator to 2022-01-01 00:00:00+00:00, run_after=2022-01-01 00:00:00+00:00
[2026-06-18T17:34:03.103+0000] {logging_mixin.py:188} INFO - [2026-06-18T17:34:03.103+0000] {dag.py:3823} INFO - Setting next_dagrun for example_subdag_operator.section-1 to None, run_after=None
[2026-06-18T17:34:03.106+0000] {logging_mixin.py:188} INFO - [2026-06-18T17:34:03.106+0000] {dag.py:3823} INFO - Setting next_dagrun for example_subdag_operator.section-2 to None, run_after=None
[2026-06-18T17:34:03.122+0000] {logging_mixin.py:188} INFO - [2026-06-18T17:34:03.121+0000] {dag.py:3036} INFO - Sync 2 DAGs
[2026-06-18T17:34:03.131+0000] {logging_mixin.py:188} INFO - [2026-06-18T17:34:03.131+0000] {dag.py:3823} INFO - Setting next_dagrun for example_subdag_operator.section-1 to None, run_after=None
[2026-06-18T17:34:03.132+0000] {logging_mixin.py:188} INFO - [2026-06-18T17:34:03.131+0000] {dag.py:3823} INFO - Setting next_dagrun for example_subdag_operator.section-2 to None, run_after=None
[2026-06-18T17:34:03.153+0000] {processor.py:183} INFO - Processing /home/airflow/.local/lib/python3.8/site-packages/airflow/example_dags/example_subdag_operator.py took 0.205 seconds
[2026-06-18T17:34:33.513+0000] {processor.py:161} INFO - Started process (PID=5846) to work on /home/airflow/.local/lib/python3.8/site-packages/airflow/example_dags/example_subdag_operator.py
[2026-06-18T17:34:33.515+0000] {processor.py:830} INFO - Processing file /home/airflow/.local/lib/python3.8/site-packages/airflow/example_dags/example_subdag_operator.py for tasks to queue
[2026-06-18T17:34:33.518+0000] {logging_mixin.py:188} INFO - [2026-06-18T17:34:33.517+0000] {dagbag.py:538} INFO - Filling up the DagBag from /home/airflow/.local/lib/python3.8/site-packages/airflow/example_dags/example_subdag_operator.py
[2026-06-18T17:34:33.560+0000] {processor.py:840} INFO - DAG(s) 'example_subdag_operator.section-1', 'example_subdag_operator.section-2', 'example_subdag_operator' retrieved from /home/airflow/.local/lib/python3.8/site-packages/airflow/example_dags/example_subdag_operator.py
[2026-06-18T17:34:33.588+0000] {logging_mixin.py:188} INFO - [2026-06-18T17:34:33.588+0000] {dag.py:3036} INFO - Sync 3 DAGs
[2026-06-18T17:34:33.627+0000] {logging_mixin.py:188} INFO - [2026-06-18T17:34:33.626+0000] {dag.py:3823} INFO - Setting next_dagrun for example_subdag_operator to 2022-01-01 00:00:00+00:00, run_after=2022-01-01 00:00:00+00:00
[2026-06-18T17:34:33.633+0000] {logging_mixin.py:188} INFO - [2026-06-18T17:34:33.633+0000] {dag.py:3823} INFO - Setting next_dagrun for example_subdag_operator.section-1 to None, run_after=None
[2026-06-18T17:34:33.636+0000] {logging_mixin.py:188} INFO - [2026-06-18T17:34:33.636+0000] {dag.py:3823} INFO - Setting next_dagrun for example_subdag_operator.section-2 to None, run_after=None
[2026-06-18T17:34:33.649+0000] {logging_mixin.py:188} INFO - [2026-06-18T17:34:33.648+0000] {dag.py:3036} INFO - Sync 2 DAGs
[2026-06-18T17:34:33.657+0000] {logging_mixin.py:188} INFO - [2026-06-18T17:34:33.657+0000] {dag.py:3823} INFO - Setting next_dagrun for example_subdag_operator.section-1 to None, run_after=None
[2026-06-18T17:34:33.658+0000] {logging_mixin.py:188} INFO - [2026-06-18T17:34:33.658+0000] {dag.py:3823} INFO - Setting next_dagrun for example_subdag_operator.section-2 to None, run_after=None
[2026-06-18T17:34:33.676+0000] {processor.py:183} INFO - Processing /home/airflow/.local/lib/python3.8/site-packages/airflow/example_dags/example_subdag_operator.py took 0.168 seconds
[2026-06-18T17:35:04.362+0000] {processor.py:161} INFO - Started process (PID=5919) to work on /home/airflow/.local/lib/python3.8/site-packages/airflow/example_dags/example_subdag_operator.py
[2026-06-18T17:35:04.364+0000] {processor.py:830} INFO - Processing file /home/airflow/.local/lib/python3.8/site-packages/airflow/example_dags/example_subdag_operator.py for tasks to queue
[2026-06-18T17:35:04.367+0000] {logging_mixin.py:188} INFO - [2026-06-18T17:35:04.366+0000] {dagbag.py:538} INFO - Filling up the DagBag from /home/airflow/.local/lib/python3.8/site-packages/airflow/example_dags/example_subdag_operator.py
[2026-06-18T17:35:04.417+0000] {processor.py:840} INFO - DAG(s) 'example_subdag_operator.section-1', 'example_subdag_operator.section-2', 'example_subdag_operator' retrieved from /home/airflow/.local/lib/python3.8/site-packages/airflow/example_dags/example_subdag_operator.py
[2026-06-18T17:35:04.451+0000] {logging_mixin.py:188} INFO - [2026-06-18T17:35:04.451+0000] {dag.py:3036} INFO - Sync 3 DAGs
[2026-06-18T17:35:04.495+0000] {logging_mixin.py:188} INFO - [2026-06-18T17:35:04.494+0000] {dag.py:3823} INFO - Setting next_dagrun for example_subdag_operator to 2022-01-01 00:00:00+00:00, run_after=2022-01-01 00:00:00+00:00
[2026-06-18T17:35:04.505+0000] {logging_mixin.py:188} INFO - [2026-06-18T17:35:04.504+0000] {dag.py:3823} INFO - Setting next_dagrun for example_subdag_operator.section-1 to None, run_after=None
[2026-06-18T17:35:04.508+0000] {logging_mixin.py:188} INFO - [2026-06-18T17:35:04.507+0000] {dag.py:3823} INFO - Setting next_dagrun for example_subdag_operator.section-2 to None, run_after=None
[2026-06-18T17:35:04.524+0000] {logging_mixin.py:188} INFO - [2026-06-18T17:35:04.524+0000] {dag.py:3036} INFO - Sync 2 DAGs
[2026-06-18T17:35:04.536+0000] {logging_mixin.py:188} INFO - [2026-06-18T17:35:04.535+0000] {dag.py:3823} INFO - Setting next_dagrun for example_subdag_operator.section-1 to None, run_after=None
[2026-06-18T17:35:04.537+0000] {logging_mixin.py:188} INFO - [2026-06-18T17:35:04.536+0000] {dag.py:3823} INFO - Setting next_dagrun for example_subdag_operator.section-2 to None, run_after=None
[2026-06-18T17:35:04.557+0000] {processor.py:183} INFO - Processing /home/airflow/.local/lib/python3.8/site-packages/airflow/example_dags/example_subdag_operator.py took 0.201 seconds
[2026-06-18T17:35:34.845+0000] {processor.py:161} INFO - Started process (PID=5984) to work on /home/airflow/.local/lib/python3.8/site-packages/airflow/example_dags/example_subdag_operator.py
[2026-06-18T17:35:34.848+0000] {processor.py:830} INFO - Processing file /home/airflow/.local/lib/python3.8/site-packages/airflow/example_dags/example_subdag_operator.py for tasks to queue
[2026-06-18T17:35:34.851+0000] {logging_mixin.py:188} INFO - [2026-06-18T17:35:34.850+0000] {dagbag.py:538} INFO - Filling up the DagBag from /home/airflow/.local/lib/python3.8/site-packages/airflow/example_dags/example_subdag_operator.py
[2026-06-18T17:35:34.905+0000] {processor.py:840} INFO - DAG(s) 'example_subdag_operator.section-1', 'example_subdag_operator.section-2', 'example_subdag_operator' retrieved from /home/airflow/.local/lib/python3.8/site-packages/airflow/example_dags/example_subdag_operator.py
[2026-06-18T17:35:34.940+0000] {logging_mixin.py:188} INFO - [2026-06-18T17:35:34.940+0000] {dag.py:3036} INFO - Sync 3 DAGs
[2026-06-18T17:35:34.990+0000] {logging_mixin.py:188} INFO - [2026-06-18T17:35:34.989+0000] {dag.py:3823} INFO - Setting next_dagrun for example_subdag_operator to 2022-01-01 00:00:00+00:00, run_after=2022-01-01 00:00:00+00:00
[2026-06-18T17:35:34.998+0000] {logging_mixin.py:188} INFO - [2026-06-18T17:35:34.997+0000] {dag.py:3823} INFO - Setting next_dagrun for example_subdag_operator.section-1 to None, run_after=None
[2026-06-18T17:35:35.002+0000] {logging_mixin.py:188} INFO - [2026-06-18T17:35:35.001+0000] {dag.py:3823} INFO - Setting next_dagrun for example_subdag_operator.section-2 to None, run_after=None
[2026-06-18T17:35:35.018+0000] {logging_mixin.py:188} INFO - [2026-06-18T17:35:35.017+0000] {dag.py:3036} INFO - Sync 2 DAGs
[2026-06-18T17:35:35.030+0000] {logging_mixin.py:188} INFO - [2026-06-18T17:35:35.029+0000] {dag.py:3823} INFO - Setting next_dagrun for example_subdag_operator.section-1 to None, run_after=None
[2026-06-18T17:35:35.031+0000] {logging_mixin.py:188} INFO - [2026-06-18T17:35:35.031+0000] {dag.py:3823} INFO - Setting next_dagrun for example_subdag_operator.section-2 to None, run_after=None
[2026-06-18T17:35:35.052+0000] {processor.py:183} INFO - Processing /home/airflow/.local/lib/python3.8/site-packages/airflow/example_dags/example_subdag_operator.py took 0.214 seconds
[2026-06-18T17:36:05.523+0000] {processor.py:161} INFO - Started process (PID=6051) to work on /home/airflow/.local/lib/python3.8/site-packages/airflow/example_dags/example_subdag_operator.py
[2026-06-18T17:36:05.525+0000] {processor.py:830} INFO - Processing file /home/airflow/.local/lib/python3.8/site-packages/airflow/example_dags/example_subdag_operator.py for tasks to queue
[2026-06-18T17:36:05.528+0000] {logging_mixin.py:188} INFO - [2026-06-18T17:36:05.527+0000] {dagbag.py:538} INFO - Filling up the DagBag from /home/airflow/.local/lib/python3.8/site-packages/airflow/example_dags/example_subdag_operator.py
[2026-06-18T17:36:05.577+0000] {processor.py:840} INFO - DAG(s) 'example_subdag_operator.section-1', 'example_subdag_operator.section-2', 'example_subdag_operator' retrieved from /home/airflow/.local/lib/python3.8/site-packages/airflow/example_dags/example_subdag_operator.py
[2026-06-18T17:36:05.611+0000] {logging_mixin.py:188} INFO - [2026-06-18T17:36:05.611+0000] {dag.py:3036} INFO - Sync 3 DAGs
[2026-06-18T17:36:05.658+0000] {logging_mixin.py:188} INFO - [2026-06-18T17:36:05.658+0000] {dag.py:3823} INFO - Setting next_dagrun for example_subdag_operator to 2022-01-01 00:00:00+00:00, run_after=2022-01-01 00:00:00+00:00
[2026-06-18T17:36:05.665+0000] {logging_mixin.py:188} INFO - [2026-06-18T17:36:05.664+0000] {dag.py:3823} INFO - Setting next_dagrun for example_subdag_operator.section-1 to None, run_after=None
[2026-06-18T17:36:05.667+0000] {logging_mixin.py:188} INFO - [2026-06-18T17:36:05.667+0000] {dag.py:3823} INFO - Setting next_dagrun for example_subdag_operator.section-2 to None, run_after=None
[2026-06-18T17:36:05.681+0000] {logging_mixin.py:188} INFO - [2026-06-18T17:36:05.680+0000] {dag.py:3036} INFO - Sync 2 DAGs
[2026-06-18T17:36:05.691+0000] {logging_mixin.py:188} INFO - [2026-06-18T17:36:05.690+0000] {dag.py:3823} INFO - Setting next_dagrun for example_subdag_operator.section-1 to None, run_after=None
[2026-06-18T17:36:05.691+0000] {logging_mixin.py:188} INFO - [2026-06-18T17:36:05.691+0000] {dag.py:3823} INFO - Setting next_dagrun for example_subdag_operator.section-2 to None, run_after=None
[2026-06-18T17:36:05.710+0000] {processor.py:183} INFO - Processing /home/airflow/.local/lib/python3.8/site-packages/airflow/example_dags/example_subdag_operator.py took 0.194 seconds
[2026-06-18T17:36:35.837+0000] {processor.py:161} INFO - Started process (PID=6117) to work on /home/airflow/.local/lib/python3.8/site-packages/airflow/example_dags/example_subdag_operator.py
[2026-06-18T17:36:35.840+0000] {processor.py:830} INFO - Processing file /home/airflow/.local/lib/python3.8/site-packages/airflow/example_dags/example_subdag_operator.py for tasks to queue
[2026-06-18T17:36:35.844+0000] {logging_mixin.py:188} INFO - [2026-06-18T17:36:35.842+0000] {dagbag.py:538} INFO - Filling up the DagBag from /home/airflow/.local/lib/python3.8/site-packages/airflow/example_dags/example_subdag_operator.py
[2026-06-18T17:36:35.923+0000] {processor.py:840} INFO - DAG(s) 'example_subdag_operator.section-1', 'example_subdag_operator.section-2', 'example_subdag_operator' retrieved from /home/airflow/.local/lib/python3.8/site-packages/airflow/example_dags/example_subdag_operator.py
[2026-06-18T17:36:35.961+0000] {logging_mixin.py:188} INFO - [2026-06-18T17:36:35.960+0000] {dag.py:3036} INFO - Sync 3 DAGs
[2026-06-18T17:36:36.005+0000] {logging_mixin.py:188} INFO - [2026-06-18T17:36:36.005+0000] {dag.py:3823} INFO - Setting next_dagrun for example_subdag_operator to 2022-01-01 00:00:00+00:00, run_after=2022-01-01 00:00:00+00:00
[2026-06-18T17:36:36.013+0000] {logging_mixin.py:188} INFO - [2026-06-18T17:36:36.012+0000] {dag.py:3823} INFO - Setting next_dagrun for example_subdag_operator.section-1 to None, run_after=None
[2026-06-18T17:36:36.015+0000] {logging_mixin.py:188} INFO - [2026-06-18T17:36:36.014+0000] {dag.py:3823} INFO - Setting next_dagrun for example_subdag_operator.section-2 to None, run_after=None
[2026-06-18T17:36:36.026+0000] {logging_mixin.py:188} INFO - [2026-06-18T17:36:36.026+0000] {dag.py:3036} INFO - Sync 2 DAGs
[2026-06-18T17:36:36.036+0000] {logging_mixin.py:188} INFO - [2026-06-18T17:36:36.036+0000] {dag.py:3823} INFO - Setting next_dagrun for example_subdag_operator.section-1 to None, run_after=None
[2026-06-18T17:36:36.037+0000] {logging_mixin.py:188} INFO - [2026-06-18T17:36:36.036+0000] {dag.py:3823} INFO - Setting next_dagrun for example_subdag_operator.section-2 to None, run_after=None
[2026-06-18T17:36:36.062+0000] {processor.py:183} INFO - Processing /home/airflow/.local/lib/python3.8/site-packages/airflow/example_dags/example_subdag_operator.py took 0.232 seconds
[2026-06-18T17:37:06.160+0000] {processor.py:161} INFO - Started process (PID=6183) to work on /home/airflow/.local/lib/python3.8/site-packages/airflow/example_dags/example_subdag_operator.py
[2026-06-18T17:37:06.162+0000] {processor.py:830} INFO - Processing file /home/airflow/.local/lib/python3.8/site-packages/airflow/example_dags/example_subdag_operator.py for tasks to queue
[2026-06-18T17:37:06.164+0000] {logging_mixin.py:188} INFO - [2026-06-18T17:37:06.164+0000] {dagbag.py:538} INFO - Filling up the DagBag from /home/airflow/.local/lib/python3.8/site-packages/airflow/example_dags/example_subdag_operator.py
[2026-06-18T17:37:06.206+0000] {processor.py:840} INFO - DAG(s) 'example_subdag_operator.section-1', 'example_subdag_operator.section-2', 'example_subdag_operator' retrieved from /home/airflow/.local/lib/python3.8/site-packages/airflow/example_dags/example_subdag_operator.py
[2026-06-18T17:37:06.233+0000] {logging_mixin.py:188} INFO - [2026-06-18T17:37:06.232+0000] {dag.py:3036} INFO - Sync 3 DAGs
[2026-06-18T17:37:06.278+0000] {logging_mixin.py:188} INFO - [2026-06-18T17:37:06.278+0000] {dag.py:3823} INFO - Setting next_dagrun for example_subdag_operator to 2022-01-01 00:00:00+00:00, run_after=2022-01-01 00:00:00+00:00
[2026-06-18T17:37:06.285+0000] {logging_mixin.py:188} INFO - [2026-06-18T17:37:06.285+0000] {dag.py:3823} INFO - Setting next_dagrun for example_subdag_operator.section-1 to None, run_after=None
[2026-06-18T17:37:06.287+0000] {logging_mixin.py:188} INFO - [2026-06-18T17:37:06.287+0000] {dag.py:3823} INFO - Setting next_dagrun for example_subdag_operator.section-2 to None, run_after=None
[2026-06-18T17:37:06.302+0000] {logging_mixin.py:188} INFO - [2026-06-18T17:37:06.302+0000] {dag.py:3036} INFO - Sync 2 DAGs
[2026-06-18T17:37:06.315+0000] {logging_mixin.py:188} INFO - [2026-06-18T17:37:06.314+0000] {dag.py:3823} INFO - Setting next_dagrun for example_subdag_operator.section-1 to None, run_after=None
[2026-06-18T17:37:06.315+0000] {logging_mixin.py:188} INFO - [2026-06-18T17:37:06.315+0000] {dag.py:3823} INFO - Setting next_dagrun for example_subdag_operator.section-2 to None, run_after=None
[2026-06-18T17:37:06.338+0000] {processor.py:183} INFO - Processing /home/airflow/.local/lib/python3.8/site-packages/airflow/example_dags/example_subdag_operator.py took 0.184 seconds
[2026-06-18T17:37:36.581+0000] {processor.py:161} INFO - Started process (PID=6248) to work on /home/airflow/.local/lib/python3.8/site-packages/airflow/example_dags/example_subdag_operator.py
[2026-06-18T17:37:36.583+0000] {processor.py:830} INFO - Processing file /home/airflow/.local/lib/python3.8/site-packages/airflow/example_dags/example_subdag_operator.py for tasks to queue
[2026-06-18T17:37:36.586+0000] {logging_mixin.py:188} INFO - [2026-06-18T17:37:36.586+0000] {dagbag.py:538} INFO - Filling up the DagBag from /home/airflow/.local/lib/python3.8/site-packages/airflow/example_dags/example_subdag_operator.py
[2026-06-18T17:37:36.639+0000] {processor.py:840} INFO - DAG(s) 'example_subdag_operator.section-1', 'example_subdag_operator.section-2', 'example_subdag_operator' retrieved from /home/airflow/.local/lib/python3.8/site-packages/airflow/example_dags/example_subdag_operator.py
[2026-06-18T17:37:36.670+0000] {logging_mixin.py:188} INFO - [2026-06-18T17:37:36.670+0000] {dag.py:3036} INFO - Sync 3 DAGs
[2026-06-18T17:37:36.714+0000] {logging_mixin.py:188} INFO - [2026-06-18T17:37:36.713+0000] {dag.py:3823} INFO - Setting next_dagrun for example_subdag_operator to 2022-01-01 00:00:00+00:00, run_after=2022-01-01 00:00:00+00:00
[2026-06-18T17:37:36.720+0000] {logging_mixin.py:188} INFO - [2026-06-18T17:37:36.720+0000] {dag.py:3823} INFO - Setting next_dagrun for example_subdag_operator.section-1 to None, run_after=None
[2026-06-18T17:37:36.723+0000] {logging_mixin.py:188} INFO - [2026-06-18T17:37:36.722+0000] {dag.py:3823} INFO - Setting next_dagrun for example_subdag_operator.section-2 to None, run_after=None
[2026-06-18T17:37:36.736+0000] {logging_mixin.py:188} INFO - [2026-06-18T17:37:36.736+0000] {dag.py:3036} INFO - Sync 2 DAGs
[2026-06-18T17:37:36.747+0000] {logging_mixin.py:188} INFO - [2026-06-18T17:37:36.747+0000] {dag.py:3823} INFO - Setting next_dagrun for example_subdag_operator.section-1 to None, run_after=None
[2026-06-18T17:37:36.748+0000] {logging_mixin.py:188} INFO - [2026-06-18T17:37:36.748+0000] {dag.py:3823} INFO - Setting next_dagrun for example_subdag_operator.section-2 to None, run_after=None
[2026-06-18T17:37:36.768+0000] {processor.py:183} INFO - Processing /home/airflow/.local/lib/python3.8/site-packages/airflow/example_dags/example_subdag_operator.py took 0.192 seconds
[2026-06-18T17:38:07.025+0000] {processor.py:161} INFO - Started process (PID=6314) to work on /home/airflow/.local/lib/python3.8/site-packages/airflow/example_dags/example_subdag_operator.py
[2026-06-18T17:38:07.026+0000] {processor.py:830} INFO - Processing file /home/airflow/.local/lib/python3.8/site-packages/airflow/example_dags/example_subdag_operator.py for tasks to queue
[2026-06-18T17:38:07.029+0000] {logging_mixin.py:188} INFO - [2026-06-18T17:38:07.029+0000] {dagbag.py:538} INFO - Filling up the DagBag from /home/airflow/.local/lib/python3.8/site-packages/airflow/example_dags/example_subdag_operator.py
[2026-06-18T17:38:07.078+0000] {processor.py:840} INFO - DAG(s) 'example_subdag_operator.section-1', 'example_subdag_operator.section-2', 'example_subdag_operator' retrieved from /home/airflow/.local/lib/python3.8/site-packages/airflow/example_dags/example_subdag_operator.py
[2026-06-18T17:38:07.106+0000] {logging_mixin.py:188} INFO - [2026-06-18T17:38:07.105+0000] {dag.py:3036} INFO - Sync 3 DAGs
[2026-06-18T17:38:07.144+0000] {logging_mixin.py:188} INFO - [2026-06-18T17:38:07.144+0000] {dag.py:3823} INFO - Setting next_dagrun for example_subdag_operator to 2022-01-01 00:00:00+00:00, run_after=2022-01-01 00:00:00+00:00
[2026-06-18T17:38:07.150+0000] {logging_mixin.py:188} INFO - [2026-06-18T17:38:07.150+0000] {dag.py:3823} INFO - Setting next_dagrun for example_subdag_operator.section-1 to None, run_after=None
[2026-06-18T17:38:07.152+0000] {logging_mixin.py:188} INFO - [2026-06-18T17:38:07.152+0000] {dag.py:3823} INFO - Setting next_dagrun for example_subdag_operator.section-2 to None, run_after=None
[2026-06-18T17:38:07.163+0000] {logging_mixin.py:188} INFO - [2026-06-18T17:38:07.163+0000] {dag.py:3036} INFO - Sync 2 DAGs
[2026-06-18T17:38:07.171+0000] {logging_mixin.py:188} INFO - [2026-06-18T17:38:07.171+0000] {dag.py:3823} INFO - Setting next_dagrun for example_subdag_operator.section-1 to None, run_after=None
[2026-06-18T17:38:07.172+0000] {logging_mixin.py:188} INFO - [2026-06-18T17:38:07.172+0000] {dag.py:3823} INFO - Setting next_dagrun for example_subdag_operator.section-2 to None, run_after=None
[2026-06-18T17:38:07.191+0000] {processor.py:183} INFO - Processing /home/airflow/.local/lib/python3.8/site-packages/airflow/example_dags/example_subdag_operator.py took 0.172 seconds
[2026-06-18T17:38:37.260+0000] {processor.py:161} INFO - Started process (PID=6380) to work on /home/airflow/.local/lib/python3.8/site-packages/airflow/example_dags/example_subdag_operator.py
[2026-06-18T17:38:37.262+0000] {processor.py:830} INFO - Processing file /home/airflow/.local/lib/python3.8/site-packages/airflow/example_dags/example_subdag_operator.py for tasks to queue
[2026-06-18T17:38:37.265+0000] {logging_mixin.py:188} INFO - [2026-06-18T17:38:37.264+0000] {dagbag.py:538} INFO - Filling up the DagBag from /home/airflow/.local/lib/python3.8/site-packages/airflow/example_dags/example_subdag_operator.py
[2026-06-18T17:38:37.310+0000] {processor.py:840} INFO - DAG(s) 'example_subdag_operator.section-1', 'example_subdag_operator.section-2', 'example_subdag_operator' retrieved from /home/airflow/.local/lib/python3.8/site-packages/airflow/example_dags/example_subdag_operator.py
[2026-06-18T17:38:37.339+0000] {logging_mixin.py:188} INFO - [2026-06-18T17:38:37.339+0000] {dag.py:3036} INFO - Sync 3 DAGs
[2026-06-18T17:38:37.378+0000] {logging_mixin.py:188} INFO - [2026-06-18T17:38:37.377+0000] {dag.py:3823} INFO - Setting next_dagrun for example_subdag_operator to 2022-01-01 00:00:00+00:00, run_after=2022-01-01 00:00:00+00:00
[2026-06-18T17:38:37.384+0000] {logging_mixin.py:188} INFO - [2026-06-18T17:38:37.383+0000] {dag.py:3823} INFO - Setting next_dagrun for example_subdag_operator.section-1 to None, run_after=None
[2026-06-18T17:38:37.386+0000] {logging_mixin.py:188} INFO - [2026-06-18T17:38:37.386+0000] {dag.py:3823} INFO - Setting next_dagrun for example_subdag_operator.section-2 to None, run_after=None
[2026-06-18T17:38:37.402+0000] {logging_mixin.py:188} INFO - [2026-06-18T17:38:37.401+0000] {dag.py:3036} INFO - Sync 2 DAGs
[2026-06-18T17:38:37.411+0000] {logging_mixin.py:188} INFO - [2026-06-18T17:38:37.411+0000] {dag.py:3823} INFO - Setting next_dagrun for example_subdag_operator.section-1 to None, run_after=None
[2026-06-18T17:38:37.412+0000] {logging_mixin.py:188} INFO - [2026-06-18T17:38:37.412+0000] {dag.py:3823} INFO - Setting next_dagrun for example_subdag_operator.section-2 to None, run_after=None
[2026-06-18T17:38:37.431+0000] {processor.py:183} INFO - Processing /home/airflow/.local/lib/python3.8/site-packages/airflow/example_dags/example_subdag_operator.py took 0.176 seconds
[2026-06-18T17:39:08.058+0000] {processor.py:161} INFO - Started process (PID=6443) to work on /home/airflow/.local/lib/python3.8/site-packages/airflow/example_dags/example_subdag_operator.py
[2026-06-18T17:39:08.060+0000] {processor.py:830} INFO - Processing file /home/airflow/.local/lib/python3.8/site-packages/airflow/example_dags/example_subdag_operator.py for tasks to queue
[2026-06-18T17:39:08.063+0000] {logging_mixin.py:188} INFO - [2026-06-18T17:39:08.062+0000] {dagbag.py:538} INFO - Filling up the DagBag from /home/airflow/.local/lib/python3.8/site-packages/airflow/example_dags/example_subdag_operator.py
[2026-06-18T17:39:08.115+0000] {processor.py:840} INFO - DAG(s) 'example_subdag_operator.section-1', 'example_subdag_operator.section-2', 'example_subdag_operator' retrieved from /home/airflow/.local/lib/python3.8/site-packages/airflow/example_dags/example_subdag_operator.py
[2026-06-18T17:39:08.156+0000] {logging_mixin.py:188} INFO - [2026-06-18T17:39:08.156+0000] {dag.py:3036} INFO - Sync 3 DAGs
[2026-06-18T17:39:08.201+0000] {logging_mixin.py:188} INFO - [2026-06-18T17:39:08.200+0000] {dag.py:3823} INFO - Setting next_dagrun for example_subdag_operator to 2022-01-01 00:00:00+00:00, run_after=2022-01-01 00:00:00+00:00
[2026-06-18T17:39:08.208+0000] {logging_mixin.py:188} INFO - [2026-06-18T17:39:08.208+0000] {dag.py:3823} INFO - Setting next_dagrun for example_subdag_operator.section-1 to None, run_after=None
[2026-06-18T17:39:08.211+0000] {logging_mixin.py:188} INFO - [2026-06-18T17:39:08.211+0000] {dag.py:3823} INFO - Setting next_dagrun for example_subdag_operator.section-2 to None, run_after=None
[2026-06-18T17:39:08.224+0000] {logging_mixin.py:188} INFO - [2026-06-18T17:39:08.224+0000] {dag.py:3036} INFO - Sync 2 DAGs
[2026-06-18T17:39:08.235+0000] {logging_mixin.py:188} INFO - [2026-06-18T17:39:08.235+0000] {dag.py:3823} INFO - Setting next_dagrun for example_subdag_operator.section-1 to None, run_after=None
[2026-06-18T17:39:08.236+0000] {logging_mixin.py:188} INFO - [2026-06-18T17:39:08.236+0000] {dag.py:3823} INFO - Setting next_dagrun for example_subdag_operator.section-2 to None, run_after=None
[2026-06-18T17:39:08.258+0000] {processor.py:183} INFO - Processing /home/airflow/.local/lib/python3.8/site-packages/airflow/example_dags/example_subdag_operator.py took 0.205 seconds
[2026-06-18T17:39:38.365+0000] {processor.py:161} INFO - Started process (PID=6509) to work on /home/airflow/.local/lib/python3.8/site-packages/airflow/example_dags/example_subdag_operator.py
[2026-06-18T17:39:38.366+0000] {processor.py:830} INFO - Processing file /home/airflow/.local/lib/python3.8/site-packages/airflow/example_dags/example_subdag_operator.py for tasks to queue
[2026-06-18T17:39:38.369+0000] {logging_mixin.py:188} INFO - [2026-06-18T17:39:38.369+0000] {dagbag.py:538} INFO - Filling up the DagBag from /home/airflow/.local/lib/python3.8/site-packages/airflow/example_dags/example_subdag_operator.py
[2026-06-18T17:39:38.422+0000] {processor.py:840} INFO - DAG(s) 'example_subdag_operator.section-1', 'example_subdag_operator.section-2', 'example_subdag_operator' retrieved from /home/airflow/.local/lib/python3.8/site-packages/airflow/example_dags/example_subdag_operator.py
[2026-06-18T17:39:38.450+0000] {logging_mixin.py:188} INFO - [2026-06-18T17:39:38.449+0000] {dag.py:3036} INFO - Sync 3 DAGs
[2026-06-18T17:39:38.494+0000] {logging_mixin.py:188} INFO - [2026-06-18T17:39:38.494+0000] {dag.py:3823} INFO - Setting next_dagrun for example_subdag_operator to 2022-01-01 00:00:00+00:00, run_after=2022-01-01 00:00:00+00:00
[2026-06-18T17:39:38.503+0000] {logging_mixin.py:188} INFO - [2026-06-18T17:39:38.503+0000] {dag.py:3823} INFO - Setting next_dagrun for example_subdag_operator.section-1 to None, run_after=None
[2026-06-18T17:39:38.506+0000] {logging_mixin.py:188} INFO - [2026-06-18T17:39:38.506+0000] {dag.py:3823} INFO - Setting next_dagrun for example_subdag_operator.section-2 to None, run_after=None
[2026-06-18T17:39:38.518+0000] {logging_mixin.py:188} INFO - [2026-06-18T17:39:38.518+0000] {dag.py:3036} INFO - Sync 2 DAGs
[2026-06-18T17:39:38.528+0000] {logging_mixin.py:188} INFO - [2026-06-18T17:39:38.528+0000] {dag.py:3823} INFO - Setting next_dagrun for example_subdag_operator.section-1 to None, run_after=None
[2026-06-18T17:39:38.529+0000] {logging_mixin.py:188} INFO - [2026-06-18T17:39:38.528+0000] {dag.py:3823} INFO - Setting next_dagrun for example_subdag_operator.section-2 to None, run_after=None
[2026-06-18T17:39:38.548+0000] {processor.py:183} INFO - Processing /home/airflow/.local/lib/python3.8/site-packages/airflow/example_dags/example_subdag_operator.py took 0.190 seconds
[2026-06-18T17:40:09.203+0000] {processor.py:161} INFO - Started process (PID=6575) to work on /home/airflow/.local/lib/python3.8/site-packages/airflow/example_dags/example_subdag_operator.py
[2026-06-18T17:40:09.205+0000] {processor.py:830} INFO - Processing file /home/airflow/.local/lib/python3.8/site-packages/airflow/example_dags/example_subdag_operator.py for tasks to queue
[2026-06-18T17:40:09.208+0000] {logging_mixin.py:188} INFO - [2026-06-18T17:40:09.207+0000] {dagbag.py:538} INFO - Filling up the DagBag from /home/airflow/.local/lib/python3.8/site-packages/airflow/example_dags/example_subdag_operator.py
[2026-06-18T17:40:09.254+0000] {processor.py:840} INFO - DAG(s) 'example_subdag_operator.section-1', 'example_subdag_operator.section-2', 'example_subdag_operator' retrieved from /home/airflow/.local/lib/python3.8/site-packages/airflow/example_dags/example_subdag_operator.py
[2026-06-18T17:40:09.287+0000] {logging_mixin.py:188} INFO - [2026-06-18T17:40:09.287+0000] {dag.py:3036} INFO - Sync 3 DAGs
[2026-06-18T17:40:09.326+0000] {logging_mixin.py:188} INFO - [2026-06-18T17:40:09.326+0000] {dag.py:3823} INFO - Setting next_dagrun for example_subdag_operator to 2022-01-01 00:00:00+00:00, run_after=2022-01-01 00:00:00+00:00
[2026-06-18T17:40:09.332+0000] {logging_mixin.py:188} INFO - [2026-06-18T17:40:09.332+0000] {dag.py:3823} INFO - Setting next_dagrun for example_subdag_operator.section-1 to None, run_after=None
[2026-06-18T17:40:09.334+0000] {logging_mixin.py:188} INFO - [2026-06-18T17:40:09.334+0000] {dag.py:3823} INFO - Setting next_dagrun for example_subdag_operator.section-2 to None, run_after=None
[2026-06-18T17:40:09.345+0000] {logging_mixin.py:188} INFO - [2026-06-18T17:40:09.345+0000] {dag.py:3036} INFO - Sync 2 DAGs
[2026-06-18T17:40:09.354+0000] {logging_mixin.py:188} INFO - [2026-06-18T17:40:09.353+0000] {dag.py:3823} INFO - Setting next_dagrun for example_subdag_operator.section-1 to None, run_after=None
[2026-06-18T17:40:09.354+0000] {logging_mixin.py:188} INFO - [2026-06-18T17:40:09.354+0000] {dag.py:3823} INFO - Setting next_dagrun for example_subdag_operator.section-2 to None, run_after=None
[2026-06-18T17:40:09.374+0000] {processor.py:183} INFO - Processing /home/airflow/.local/lib/python3.8/site-packages/airflow/example_dags/example_subdag_operator.py took 0.177 seconds
[2026-06-18T17:40:39.444+0000] {processor.py:161} INFO - Started process (PID=6641) to work on /home/airflow/.local/lib/python3.8/site-packages/airflow/example_dags/example_subdag_operator.py
[2026-06-18T17:40:39.445+0000] {processor.py:830} INFO - Processing file /home/airflow/.local/lib/python3.8/site-packages/airflow/example_dags/example_subdag_operator.py for tasks to queue
[2026-06-18T17:40:39.449+0000] {logging_mixin.py:188} INFO - [2026-06-18T17:40:39.448+0000] {dagbag.py:538} INFO - Filling up the DagBag from /home/airflow/.local/lib/python3.8/site-packages/airflow/example_dags/example_subdag_operator.py
[2026-06-18T17:40:39.500+0000] {processor.py:840} INFO - DAG(s) 'example_subdag_operator.section-1', 'example_subdag_operator.section-2', 'example_subdag_operator' retrieved from /home/airflow/.local/lib/python3.8/site-packages/airflow/example_dags/example_subdag_operator.py
[2026-06-18T17:40:39.530+0000] {logging_mixin.py:188} INFO - [2026-06-18T17:40:39.530+0000] {dag.py:3036} INFO - Sync 3 DAGs
[2026-06-18T17:40:39.571+0000] {logging_mixin.py:188} INFO - [2026-06-18T17:40:39.571+0000] {dag.py:3823} INFO - Setting next_dagrun for example_subdag_operator to 2022-01-01 00:00:00+00:00, run_after=2022-01-01 00:00:00+00:00
[2026-06-18T17:40:39.578+0000] {logging_mixin.py:188} INFO - [2026-06-18T17:40:39.578+0000] {dag.py:3823} INFO - Setting next_dagrun for example_subdag_operator.section-1 to None, run_after=None
[2026-06-18T17:40:39.582+0000] {logging_mixin.py:188} INFO - [2026-06-18T17:40:39.581+0000] {dag.py:3823} INFO - Setting next_dagrun for example_subdag_operator.section-2 to None, run_after=None
[2026-06-18T17:40:39.594+0000] {logging_mixin.py:188} INFO - [2026-06-18T17:40:39.593+0000] {dag.py:3036} INFO - Sync 2 DAGs
[2026-06-18T17:40:39.605+0000] {logging_mixin.py:188} INFO - [2026-06-18T17:40:39.604+0000] {dag.py:3823} INFO - Setting next_dagrun for example_subdag_operator.section-1 to None, run_after=None
[2026-06-18T17:40:39.606+0000] {logging_mixin.py:188} INFO - [2026-06-18T17:40:39.605+0000] {dag.py:3823} INFO - Setting next_dagrun for example_subdag_operator.section-2 to None, run_after=None
[2026-06-18T17:40:39.627+0000] {processor.py:183} INFO - Processing /home/airflow/.local/lib/python3.8/site-packages/airflow/example_dags/example_subdag_operator.py took 0.189 seconds
[2026-06-18T17:41:09.692+0000] {processor.py:161} INFO - Started process (PID=6707) to work on /home/airflow/.local/lib/python3.8/site-packages/airflow/example_dags/example_subdag_operator.py
[2026-06-18T17:41:09.694+0000] {processor.py:830} INFO - Processing file /home/airflow/.local/lib/python3.8/site-packages/airflow/example_dags/example_subdag_operator.py for tasks to queue
[2026-06-18T17:41:09.696+0000] {logging_mixin.py:188} INFO - [2026-06-18T17:41:09.696+0000] {dagbag.py:538} INFO - Filling up the DagBag from /home/airflow/.local/lib/python3.8/site-packages/airflow/example_dags/example_subdag_operator.py
[2026-06-18T17:41:09.744+0000] {processor.py:840} INFO - DAG(s) 'example_subdag_operator.section-1', 'example_subdag_operator.section-2', 'example_subdag_operator' retrieved from /home/airflow/.local/lib/python3.8/site-packages/airflow/example_dags/example_subdag_operator.py
[2026-06-18T17:41:09.777+0000] {logging_mixin.py:188} INFO - [2026-06-18T17:41:09.776+0000] {dag.py:3036} INFO - Sync 3 DAGs
[2026-06-18T17:41:09.817+0000] {logging_mixin.py:188} INFO - [2026-06-18T17:41:09.817+0000] {dag.py:3823} INFO - Setting next_dagrun for example_subdag_operator to 2022-01-01 00:00:00+00:00, run_after=2022-01-01 00:00:00+00:00
[2026-06-18T17:41:09.824+0000] {logging_mixin.py:188} INFO - [2026-06-18T17:41:09.823+0000] {dag.py:3823} INFO - Setting next_dagrun for example_subdag_operator.section-1 to None, run_after=None
[2026-06-18T17:41:09.827+0000] {logging_mixin.py:188} INFO - [2026-06-18T17:41:09.826+0000] {dag.py:3823} INFO - Setting next_dagrun for example_subdag_operator.section-2 to None, run_after=None
[2026-06-18T17:41:09.841+0000] {logging_mixin.py:188} INFO - [2026-06-18T17:41:09.841+0000] {dag.py:3036} INFO - Sync 2 DAGs
[2026-06-18T17:41:09.851+0000] {logging_mixin.py:188} INFO - [2026-06-18T17:41:09.850+0000] {dag.py:3823} INFO - Setting next_dagrun for example_subdag_operator.section-1 to None, run_after=None
[2026-06-18T17:41:09.851+0000] {logging_mixin.py:188} INFO - [2026-06-18T17:41:09.851+0000] {dag.py:3823} INFO - Setting next_dagrun for example_subdag_operator.section-2 to None, run_after=None
[2026-06-18T17:41:09.875+0000] {processor.py:183} INFO - Processing /home/airflow/.local/lib/python3.8/site-packages/airflow/example_dags/example_subdag_operator.py took 0.188 seconds
[2026-06-18T17:41:40.125+0000] {processor.py:161} INFO - Started process (PID=6771) to work on /home/airflow/.local/lib/python3.8/site-packages/airflow/example_dags/example_subdag_operator.py
[2026-06-18T17:41:40.127+0000] {processor.py:830} INFO - Processing file /home/airflow/.local/lib/python3.8/site-packages/airflow/example_dags/example_subdag_operator.py for tasks to queue
[2026-06-18T17:41:40.129+0000] {logging_mixin.py:188} INFO - [2026-06-18T17:41:40.129+0000] {dagbag.py:538} INFO - Filling up the DagBag from /home/airflow/.local/lib/python3.8/site-packages/airflow/example_dags/example_subdag_operator.py
[2026-06-18T17:41:40.182+0000] {processor.py:840} INFO - DAG(s) 'example_subdag_operator.section-1', 'example_subdag_operator.section-2', 'example_subdag_operator' retrieved from /home/airflow/.local/lib/python3.8/site-packages/airflow/example_dags/example_subdag_operator.py
[2026-06-18T17:41:40.214+0000] {logging_mixin.py:188} INFO - [2026-06-18T17:41:40.213+0000] {dag.py:3036} INFO - Sync 3 DAGs
[2026-06-18T17:41:40.265+0000] {logging_mixin.py:188} INFO - [2026-06-18T17:41:40.264+0000] {dag.py:3823} INFO - Setting next_dagrun for example_subdag_operator to 2022-01-01 00:00:00+00:00, run_after=2022-01-01 00:00:00+00:00
[2026-06-18T17:41:40.275+0000] {logging_mixin.py:188} INFO - [2026-06-18T17:41:40.274+0000] {dag.py:3823} INFO - Setting next_dagrun for example_subdag_operator.section-1 to None, run_after=None
[2026-06-18T17:41:40.278+0000] {logging_mixin.py:188} INFO - [2026-06-18T17:41:40.278+0000] {dag.py:3823} INFO - Setting next_dagrun for example_subdag_operator.section-2 to None, run_after=None
[2026-06-18T17:41:40.297+0000] {logging_mixin.py:188} INFO - [2026-06-18T17:41:40.296+0000] {dag.py:3036} INFO - Sync 2 DAGs
[2026-06-18T17:41:40.308+0000] {logging_mixin.py:188} INFO - [2026-06-18T17:41:40.308+0000] {dag.py:3823} INFO - Setting next_dagrun for example_subdag_operator.section-1 to None, run_after=None
[2026-06-18T17:41:40.309+0000] {logging_mixin.py:188} INFO - [2026-06-18T17:41:40.309+0000] {dag.py:3823} INFO - Setting next_dagrun for example_subdag_operator.section-2 to None, run_after=None
[2026-06-18T17:41:40.331+0000] {processor.py:183} INFO - Processing /home/airflow/.local/lib/python3.8/site-packages/airflow/example_dags/example_subdag_operator.py took 0.211 seconds
[2026-06-18T17:42:11.071+0000] {processor.py:161} INFO - Started process (PID=6845) to work on /home/airflow/.local/lib/python3.8/site-packages/airflow/example_dags/example_subdag_operator.py
[2026-06-18T17:42:11.073+0000] {processor.py:830} INFO - Processing file /home/airflow/.local/lib/python3.8/site-packages/airflow/example_dags/example_subdag_operator.py for tasks to queue
[2026-06-18T17:42:11.076+0000] {logging_mixin.py:188} INFO - [2026-06-18T17:42:11.075+0000] {dagbag.py:538} INFO - Filling up the DagBag from /home/airflow/.local/lib/python3.8/site-packages/airflow/example_dags/example_subdag_operator.py
[2026-06-18T17:42:11.126+0000] {processor.py:840} INFO - DAG(s) 'example_subdag_operator.section-1', 'example_subdag_operator.section-2', 'example_subdag_operator' retrieved from /home/airflow/.local/lib/python3.8/site-packages/airflow/example_dags/example_subdag_operator.py
[2026-06-18T17:42:11.155+0000] {logging_mixin.py:188} INFO - [2026-06-18T17:42:11.155+0000] {dag.py:3036} INFO - Sync 3 DAGs
[2026-06-18T17:42:11.198+0000] {logging_mixin.py:188} INFO - [2026-06-18T17:42:11.197+0000] {dag.py:3823} INFO - Setting next_dagrun for example_subdag_operator to 2022-01-01 00:00:00+00:00, run_after=2022-01-01 00:00:00+00:00
[2026-06-18T17:42:11.204+0000] {logging_mixin.py:188} INFO - [2026-06-18T17:42:11.204+0000] {dag.py:3823} INFO - Setting next_dagrun for example_subdag_operator.section-1 to None, run_after=None
[2026-06-18T17:42:11.206+0000] {logging_mixin.py:188} INFO - [2026-06-18T17:42:11.206+0000] {dag.py:3823} INFO - Setting next_dagrun for example_subdag_operator.section-2 to None, run_after=None
[2026-06-18T17:42:11.218+0000] {logging_mixin.py:188} INFO - [2026-06-18T17:42:11.217+0000] {dag.py:3036} INFO - Sync 2 DAGs
[2026-06-18T17:42:11.226+0000] {logging_mixin.py:188} INFO - [2026-06-18T17:42:11.226+0000] {dag.py:3823} INFO - Setting next_dagrun for example_subdag_operator.section-1 to None, run_after=None
[2026-06-18T17:42:11.227+0000] {logging_mixin.py:188} INFO - [2026-06-18T17:42:11.227+0000] {dag.py:3823} INFO - Setting next_dagrun for example_subdag_operator.section-2 to None, run_after=None
[2026-06-18T17:42:11.246+0000] {processor.py:183} INFO - Processing /home/airflow/.local/lib/python3.8/site-packages/airflow/example_dags/example_subdag_operator.py took 0.182 seconds
[2026-06-18T17:42:41.470+0000] {processor.py:161} INFO - Started process (PID=6911) to work on /home/airflow/.local/lib/python3.8/site-packages/airflow/example_dags/example_subdag_operator.py
[2026-06-18T17:42:41.472+0000] {processor.py:830} INFO - Processing file /home/airflow/.local/lib/python3.8/site-packages/airflow/example_dags/example_subdag_operator.py for tasks to queue
[2026-06-18T17:42:41.475+0000] {logging_mixin.py:188} INFO - [2026-06-18T17:42:41.475+0000] {dagbag.py:538} INFO - Filling up the DagBag from /home/airflow/.local/lib/python3.8/site-packages/airflow/example_dags/example_subdag_operator.py
[2026-06-18T17:42:41.524+0000] {processor.py:840} INFO - DAG(s) 'example_subdag_operator.section-1', 'example_subdag_operator.section-2', 'example_subdag_operator' retrieved from /home/airflow/.local/lib/python3.8/site-packages/airflow/example_dags/example_subdag_operator.py
[2026-06-18T17:42:41.555+0000] {logging_mixin.py:188} INFO - [2026-06-18T17:42:41.555+0000] {dag.py:3036} INFO - Sync 3 DAGs
[2026-06-18T17:42:41.598+0000] {logging_mixin.py:188} INFO - [2026-06-18T17:42:41.597+0000] {dag.py:3823} INFO - Setting next_dagrun for example_subdag_operator to 2022-01-01 00:00:00+00:00, run_after=2022-01-01 00:00:00+00:00
[2026-06-18T17:42:41.605+0000] {logging_mixin.py:188} INFO - [2026-06-18T17:42:41.605+0000] {dag.py:3823} INFO - Setting next_dagrun for example_subdag_operator.section-1 to None, run_after=None
[2026-06-18T17:42:41.608+0000] {logging_mixin.py:188} INFO - [2026-06-18T17:42:41.608+0000] {dag.py:3823} INFO - Setting next_dagrun for example_subdag_operator.section-2 to None, run_after=None
[2026-06-18T17:42:41.622+0000] {logging_mixin.py:188} INFO - [2026-06-18T17:42:41.622+0000] {dag.py:3036} INFO - Sync 2 DAGs
[2026-06-18T17:42:41.634+0000] {logging_mixin.py:188} INFO - [2026-06-18T17:42:41.633+0000] {dag.py:3823} INFO - Setting next_dagrun for example_subdag_operator.section-1 to None, run_after=None
[2026-06-18T17:42:41.634+0000] {logging_mixin.py:188} INFO - [2026-06-18T17:42:41.634+0000] {dag.py:3823} INFO - Setting next_dagrun for example_subdag_operator.section-2 to None, run_after=None
[2026-06-18T17:42:41.655+0000] {processor.py:183} INFO - Processing /home/airflow/.local/lib/python3.8/site-packages/airflow/example_dags/example_subdag_operator.py took 0.191 seconds
[2026-06-18T17:43:12.342+0000] {processor.py:161} INFO - Started process (PID=6978) to work on /home/airflow/.local/lib/python3.8/site-packages/airflow/example_dags/example_subdag_operator.py
[2026-06-18T17:43:12.351+0000] {processor.py:830} INFO - Processing file /home/airflow/.local/lib/python3.8/site-packages/airflow/example_dags/example_subdag_operator.py for tasks to queue
[2026-06-18T17:43:12.354+0000] {logging_mixin.py:188} INFO - [2026-06-18T17:43:12.354+0000] {dagbag.py:538} INFO - Filling up the DagBag from /home/airflow/.local/lib/python3.8/site-packages/airflow/example_dags/example_subdag_operator.py
[2026-06-18T17:43:12.415+0000] {processor.py:840} INFO - DAG(s) 'example_subdag_operator.section-1', 'example_subdag_operator.section-2', 'example_subdag_operator' retrieved from /home/airflow/.local/lib/python3.8/site-packages/airflow/example_dags/example_subdag_operator.py
[2026-06-18T17:43:12.463+0000] {logging_mixin.py:188} INFO - [2026-06-18T17:43:12.463+0000] {dag.py:3036} INFO - Sync 3 DAGs
[2026-06-18T17:43:12.507+0000] {logging_mixin.py:188} INFO - [2026-06-18T17:43:12.507+0000] {dag.py:3823} INFO - Setting next_dagrun for example_subdag_operator to 2022-01-01 00:00:00+00:00, run_after=2022-01-01 00:00:00+00:00
[2026-06-18T17:43:12.514+0000] {logging_mixin.py:188} INFO - [2026-06-18T17:43:12.514+0000] {dag.py:3823} INFO - Setting next_dagrun for example_subdag_operator.section-1 to None, run_after=None
[2026-06-18T17:43:12.517+0000] {logging_mixin.py:188} INFO - [2026-06-18T17:43:12.517+0000] {dag.py:3823} INFO - Setting next_dagrun for example_subdag_operator.section-2 to None, run_after=None
[2026-06-18T17:43:12.531+0000] {logging_mixin.py:188} INFO - [2026-06-18T17:43:12.531+0000] {dag.py:3036} INFO - Sync 2 DAGs
[2026-06-18T17:43:12.553+0000] {logging_mixin.py:188} INFO - [2026-06-18T17:43:12.552+0000] {dag.py:3823} INFO - Setting next_dagrun for example_subdag_operator.section-1 to None, run_after=None
[2026-06-18T17:43:12.554+0000] {logging_mixin.py:188} INFO - [2026-06-18T17:43:12.553+0000] {dag.py:3823} INFO - Setting next_dagrun for example_subdag_operator.section-2 to None, run_after=None
[2026-06-18T17:43:12.579+0000] {processor.py:183} INFO - Processing /home/airflow/.local/lib/python3.8/site-packages/airflow/example_dags/example_subdag_operator.py took 0.250 seconds
[2026-06-18T17:43:42.679+0000] {processor.py:161} INFO - Started process (PID=7043) to work on /home/airflow/.local/lib/python3.8/site-packages/airflow/example_dags/example_subdag_operator.py
[2026-06-18T17:43:42.680+0000] {processor.py:830} INFO - Processing file /home/airflow/.local/lib/python3.8/site-packages/airflow/example_dags/example_subdag_operator.py for tasks to queue
[2026-06-18T17:43:42.684+0000] {logging_mixin.py:188} INFO - [2026-06-18T17:43:42.683+0000] {dagbag.py:538} INFO - Filling up the DagBag from /home/airflow/.local/lib/python3.8/site-packages/airflow/example_dags/example_subdag_operator.py
[2026-06-18T17:43:42.737+0000] {processor.py:840} INFO - DAG(s) 'example_subdag_operator.section-1', 'example_subdag_operator.section-2', 'example_subdag_operator' retrieved from /home/airflow/.local/lib/python3.8/site-packages/airflow/example_dags/example_subdag_operator.py
[2026-06-18T17:43:42.779+0000] {logging_mixin.py:188} INFO - [2026-06-18T17:43:42.779+0000] {dag.py:3036} INFO - Sync 3 DAGs
[2026-06-18T17:43:42.832+0000] {logging_mixin.py:188} INFO - [2026-06-18T17:43:42.832+0000] {dag.py:3823} INFO - Setting next_dagrun for example_subdag_operator to 2022-01-01 00:00:00+00:00, run_after=2022-01-01 00:00:00+00:00
[2026-06-18T17:43:42.840+0000] {logging_mixin.py:188} INFO - [2026-06-18T17:43:42.840+0000] {dag.py:3823} INFO - Setting next_dagrun for example_subdag_operator.section-1 to None, run_after=None
[2026-06-18T17:43:42.843+0000] {logging_mixin.py:188} INFO - [2026-06-18T17:43:42.843+0000] {dag.py:3823} INFO - Setting next_dagrun for example_subdag_operator.section-2 to None, run_after=None
[2026-06-18T17:43:42.858+0000] {logging_mixin.py:188} INFO - [2026-06-18T17:43:42.858+0000] {dag.py:3036} INFO - Sync 2 DAGs
[2026-06-18T17:43:42.869+0000] {logging_mixin.py:188} INFO - [2026-06-18T17:43:42.869+0000] {dag.py:3823} INFO - Setting next_dagrun for example_subdag_operator.section-1 to None, run_after=None
[2026-06-18T17:43:42.870+0000] {logging_mixin.py:188} INFO - [2026-06-18T17:43:42.870+0000] {dag.py:3823} INFO - Setting next_dagrun for example_subdag_operator.section-2 to None, run_after=None
[2026-06-18T17:43:42.889+0000] {processor.py:183} INFO - Processing /home/airflow/.local/lib/python3.8/site-packages/airflow/example_dags/example_subdag_operator.py took 0.228 seconds
[2026-06-18T17:44:13.711+0000] {processor.py:161} INFO - Started process (PID=7109) to work on /home/airflow/.local/lib/python3.8/site-packages/airflow/example_dags/example_subdag_operator.py
[2026-06-18T17:44:13.713+0000] {processor.py:830} INFO - Processing file /home/airflow/.local/lib/python3.8/site-packages/airflow/example_dags/example_subdag_operator.py for tasks to queue
[2026-06-18T17:44:13.716+0000] {logging_mixin.py:188} INFO - [2026-06-18T17:44:13.716+0000] {dagbag.py:538} INFO - Filling up the DagBag from /home/airflow/.local/lib/python3.8/site-packages/airflow/example_dags/example_subdag_operator.py
[2026-06-18T17:44:13.783+0000] {processor.py:840} INFO - DAG(s) 'example_subdag_operator.section-1', 'example_subdag_operator.section-2', 'example_subdag_operator' retrieved from /home/airflow/.local/lib/python3.8/site-packages/airflow/example_dags/example_subdag_operator.py
[2026-06-18T17:44:13.851+0000] {logging_mixin.py:188} INFO - [2026-06-18T17:44:13.851+0000] {dag.py:3036} INFO - Sync 3 DAGs
[2026-06-18T17:44:13.908+0000] {logging_mixin.py:188} INFO - [2026-06-18T17:44:13.908+0000] {dag.py:3823} INFO - Setting next_dagrun for example_subdag_operator to 2022-01-01 00:00:00+00:00, run_after=2022-01-01 00:00:00+00:00
[2026-06-18T17:44:13.916+0000] {logging_mixin.py:188} INFO - [2026-06-18T17:44:13.915+0000] {dag.py:3823} INFO - Setting next_dagrun for example_subdag_operator.section-1 to None, run_after=None
[2026-06-18T17:44:13.918+0000] {logging_mixin.py:188} INFO - [2026-06-18T17:44:13.918+0000] {dag.py:3823} INFO - Setting next_dagrun for example_subdag_operator.section-2 to None, run_after=None
[2026-06-18T17:44:13.933+0000] {logging_mixin.py:188} INFO - [2026-06-18T17:44:13.933+0000] {dag.py:3036} INFO - Sync 2 DAGs
[2026-06-18T17:44:13.944+0000] {logging_mixin.py:188} INFO - [2026-06-18T17:44:13.943+0000] {dag.py:3823} INFO - Setting next_dagrun for example_subdag_operator.section-1 to None, run_after=None
[2026-06-18T17:44:13.944+0000] {logging_mixin.py:188} INFO - [2026-06-18T17:44:13.944+0000] {dag.py:3823} INFO - Setting next_dagrun for example_subdag_operator.section-2 to None, run_after=None
[2026-06-18T17:44:13.962+0000] {processor.py:183} INFO - Processing /home/airflow/.local/lib/python3.8/site-packages/airflow/example_dags/example_subdag_operator.py took 0.257 seconds
[2026-06-18T17:44:44.465+0000] {processor.py:161} INFO - Started process (PID=7175) to work on /home/airflow/.local/lib/python3.8/site-packages/airflow/example_dags/example_subdag_operator.py
[2026-06-18T17:44:44.467+0000] {processor.py:830} INFO - Processing file /home/airflow/.local/lib/python3.8/site-packages/airflow/example_dags/example_subdag_operator.py for tasks to queue
[2026-06-18T17:44:44.469+0000] {logging_mixin.py:188} INFO - [2026-06-18T17:44:44.469+0000] {dagbag.py:538} INFO - Filling up the DagBag from /home/airflow/.local/lib/python3.8/site-packages/airflow/example_dags/example_subdag_operator.py
[2026-06-18T17:44:44.519+0000] {processor.py:840} INFO - DAG(s) 'example_subdag_operator.section-1', 'example_subdag_operator.section-2', 'example_subdag_operator' retrieved from /home/airflow/.local/lib/python3.8/site-packages/airflow/example_dags/example_subdag_operator.py
[2026-06-18T17:44:44.553+0000] {logging_mixin.py:188} INFO - [2026-06-18T17:44:44.552+0000] {dag.py:3036} INFO - Sync 3 DAGs
[2026-06-18T17:44:44.592+0000] {logging_mixin.py:188} INFO - [2026-06-18T17:44:44.591+0000] {dag.py:3823} INFO - Setting next_dagrun for example_subdag_operator to 2022-01-01 00:00:00+00:00, run_after=2022-01-01 00:00:00+00:00
[2026-06-18T17:44:44.598+0000] {logging_mixin.py:188} INFO - [2026-06-18T17:44:44.597+0000] {dag.py:3823} INFO - Setting next_dagrun for example_subdag_operator.section-1 to None, run_after=None
[2026-06-18T17:44:44.600+0000] {logging_mixin.py:188} INFO - [2026-06-18T17:44:44.600+0000] {dag.py:3823} INFO - Setting next_dagrun for example_subdag_operator.section-2 to None, run_after=None
[2026-06-18T17:44:44.612+0000] {logging_mixin.py:188} INFO - [2026-06-18T17:44:44.611+0000] {dag.py:3036} INFO - Sync 2 DAGs
[2026-06-18T17:44:44.622+0000] {logging_mixin.py:188} INFO - [2026-06-18T17:44:44.621+0000] {dag.py:3823} INFO - Setting next_dagrun for example_subdag_operator.section-1 to None, run_after=None
[2026-06-18T17:44:44.622+0000] {logging_mixin.py:188} INFO - [2026-06-18T17:44:44.622+0000] {dag.py:3823} INFO - Setting next_dagrun for example_subdag_operator.section-2 to None, run_after=None
[2026-06-18T17:44:44.640+0000] {processor.py:183} INFO - Processing /home/airflow/.local/lib/python3.8/site-packages/airflow/example_dags/example_subdag_operator.py took 0.181 seconds
[2026-06-18T17:45:15.307+0000] {processor.py:161} INFO - Started process (PID=7241) to work on /home/airflow/.local/lib/python3.8/site-packages/airflow/example_dags/example_subdag_operator.py
[2026-06-18T17:45:15.309+0000] {processor.py:830} INFO - Processing file /home/airflow/.local/lib/python3.8/site-packages/airflow/example_dags/example_subdag_operator.py for tasks to queue
[2026-06-18T17:45:15.313+0000] {logging_mixin.py:188} INFO - [2026-06-18T17:45:15.312+0000] {dagbag.py:538} INFO - Filling up the DagBag from /home/airflow/.local/lib/python3.8/site-packages/airflow/example_dags/example_subdag_operator.py
[2026-06-18T17:45:15.357+0000] {processor.py:840} INFO - DAG(s) 'example_subdag_operator.section-1', 'example_subdag_operator.section-2', 'example_subdag_operator' retrieved from /home/airflow/.local/lib/python3.8/site-packages/airflow/example_dags/example_subdag_operator.py
[2026-06-18T17:45:15.384+0000] {logging_mixin.py:188} INFO - [2026-06-18T17:45:15.384+0000] {dag.py:3036} INFO - Sync 3 DAGs
[2026-06-18T17:45:15.420+0000] {logging_mixin.py:188} INFO - [2026-06-18T17:45:15.419+0000] {dag.py:3823} INFO - Setting next_dagrun for example_subdag_operator to 2022-01-01 00:00:00+00:00, run_after=2022-01-01 00:00:00+00:00
[2026-06-18T17:45:15.425+0000] {logging_mixin.py:188} INFO - [2026-06-18T17:45:15.425+0000] {dag.py:3823} INFO - Setting next_dagrun for example_subdag_operator.section-1 to None, run_after=None
[2026-06-18T17:45:15.427+0000] {logging_mixin.py:188} INFO - [2026-06-18T17:45:15.427+0000] {dag.py:3823} INFO - Setting next_dagrun for example_subdag_operator.section-2 to None, run_after=None
[2026-06-18T17:45:15.439+0000] {logging_mixin.py:188} INFO - [2026-06-18T17:45:15.438+0000] {dag.py:3036} INFO - Sync 2 DAGs
[2026-06-18T17:45:15.447+0000] {logging_mixin.py:188} INFO - [2026-06-18T17:45:15.447+0000] {dag.py:3823} INFO - Setting next_dagrun for example_subdag_operator.section-1 to None, run_after=None
[2026-06-18T17:45:15.448+0000] {logging_mixin.py:188} INFO - [2026-06-18T17:45:15.448+0000] {dag.py:3823} INFO - Setting next_dagrun for example_subdag_operator.section-2 to None, run_after=None
[2026-06-18T17:45:15.466+0000] {processor.py:183} INFO - Processing /home/airflow/.local/lib/python3.8/site-packages/airflow/example_dags/example_subdag_operator.py took 0.164 seconds
[2026-06-18T17:45:46.144+0000] {processor.py:161} INFO - Started process (PID=7307) to work on /home/airflow/.local/lib/python3.8/site-packages/airflow/example_dags/example_subdag_operator.py
[2026-06-18T17:45:46.146+0000] {processor.py:830} INFO - Processing file /home/airflow/.local/lib/python3.8/site-packages/airflow/example_dags/example_subdag_operator.py for tasks to queue
[2026-06-18T17:45:46.149+0000] {logging_mixin.py:188} INFO - [2026-06-18T17:45:46.148+0000] {dagbag.py:538} INFO - Filling up the DagBag from /home/airflow/.local/lib/python3.8/site-packages/airflow/example_dags/example_subdag_operator.py
[2026-06-18T17:45:46.198+0000] {processor.py:840} INFO - DAG(s) 'example_subdag_operator.section-1', 'example_subdag_operator.section-2', 'example_subdag_operator' retrieved from /home/airflow/.local/lib/python3.8/site-packages/airflow/example_dags/example_subdag_operator.py
[2026-06-18T17:45:46.227+0000] {logging_mixin.py:188} INFO - [2026-06-18T17:45:46.226+0000] {dag.py:3036} INFO - Sync 3 DAGs
[2026-06-18T17:45:46.267+0000] {logging_mixin.py:188} INFO - [2026-06-18T17:45:46.266+0000] {dag.py:3823} INFO - Setting next_dagrun for example_subdag_operator to 2022-01-01 00:00:00+00:00, run_after=2022-01-01 00:00:00+00:00
[2026-06-18T17:45:46.273+0000] {logging_mixin.py:188} INFO - [2026-06-18T17:45:46.273+0000] {dag.py:3823} INFO - Setting next_dagrun for example_subdag_operator.section-1 to None, run_after=None
[2026-06-18T17:45:46.276+0000] {logging_mixin.py:188} INFO - [2026-06-18T17:45:46.275+0000] {dag.py:3823} INFO - Setting next_dagrun for example_subdag_operator.section-2 to None, run_after=None
[2026-06-18T17:45:46.289+0000] {logging_mixin.py:188} INFO - [2026-06-18T17:45:46.289+0000] {dag.py:3036} INFO - Sync 2 DAGs
[2026-06-18T17:45:46.299+0000] {logging_mixin.py:188} INFO - [2026-06-18T17:45:46.298+0000] {dag.py:3823} INFO - Setting next_dagrun for example_subdag_operator.section-1 to None, run_after=None
[2026-06-18T17:45:46.300+0000] {logging_mixin.py:188} INFO - [2026-06-18T17:45:46.299+0000] {dag.py:3823} INFO - Setting next_dagrun for example_subdag_operator.section-2 to None, run_after=None
[2026-06-18T17:45:46.321+0000] {processor.py:183} INFO - Processing /home/airflow/.local/lib/python3.8/site-packages/airflow/example_dags/example_subdag_operator.py took 0.182 seconds
[2026-06-18T17:46:17.033+0000] {processor.py:161} INFO - Started process (PID=7373) to work on /home/airflow/.local/lib/python3.8/site-packages/airflow/example_dags/example_subdag_operator.py
[2026-06-18T17:46:17.035+0000] {processor.py:830} INFO - Processing file /home/airflow/.local/lib/python3.8/site-packages/airflow/example_dags/example_subdag_operator.py for tasks to queue
[2026-06-18T17:46:17.038+0000] {logging_mixin.py:188} INFO - [2026-06-18T17:46:17.038+0000] {dagbag.py:538} INFO - Filling up the DagBag from /home/airflow/.local/lib/python3.8/site-packages/airflow/example_dags/example_subdag_operator.py
[2026-06-18T17:46:17.088+0000] {processor.py:840} INFO - DAG(s) 'example_subdag_operator.section-1', 'example_subdag_operator.section-2', 'example_subdag_operator' retrieved from /home/airflow/.local/lib/python3.8/site-packages/airflow/example_dags/example_subdag_operator.py
[2026-06-18T17:46:17.127+0000] {logging_mixin.py:188} INFO - [2026-06-18T17:46:17.127+0000] {dag.py:3036} INFO - Sync 3 DAGs
[2026-06-18T17:46:17.178+0000] {logging_mixin.py:188} INFO - [2026-06-18T17:46:17.178+0000] {dag.py:3823} INFO - Setting next_dagrun for example_subdag_operator to 2022-01-01 00:00:00+00:00, run_after=2022-01-01 00:00:00+00:00
[2026-06-18T17:46:17.188+0000] {logging_mixin.py:188} INFO - [2026-06-18T17:46:17.188+0000] {dag.py:3823} INFO - Setting next_dagrun for example_subdag_operator.section-1 to None, run_after=None
[2026-06-18T17:46:17.191+0000] {logging_mixin.py:188} INFO - [2026-06-18T17:46:17.191+0000] {dag.py:3823} INFO - Setting next_dagrun for example_subdag_operator.section-2 to None, run_after=None
[2026-06-18T17:46:17.207+0000] {logging_mixin.py:188} INFO - [2026-06-18T17:46:17.207+0000] {dag.py:3036} INFO - Sync 2 DAGs
[2026-06-18T17:46:17.218+0000] {logging_mixin.py:188} INFO - [2026-06-18T17:46:17.218+0000] {dag.py:3823} INFO - Setting next_dagrun for example_subdag_operator.section-1 to None, run_after=None
[2026-06-18T17:46:17.219+0000] {logging_mixin.py:188} INFO - [2026-06-18T17:46:17.219+0000] {dag.py:3823} INFO - Setting next_dagrun for example_subdag_operator.section-2 to None, run_after=None
[2026-06-18T17:46:17.248+0000] {processor.py:183} INFO - Processing /home/airflow/.local/lib/python3.8/site-packages/airflow/example_dags/example_subdag_operator.py took 0.221 seconds
[2026-06-18T17:46:47.534+0000] {processor.py:161} INFO - Started process (PID=7440) to work on /home/airflow/.local/lib/python3.8/site-packages/airflow/example_dags/example_subdag_operator.py
[2026-06-18T17:46:47.536+0000] {processor.py:830} INFO - Processing file /home/airflow/.local/lib/python3.8/site-packages/airflow/example_dags/example_subdag_operator.py for tasks to queue
[2026-06-18T17:46:47.538+0000] {logging_mixin.py:188} INFO - [2026-06-18T17:46:47.538+0000] {dagbag.py:538} INFO - Filling up the DagBag from /home/airflow/.local/lib/python3.8/site-packages/airflow/example_dags/example_subdag_operator.py
[2026-06-18T17:46:47.589+0000] {processor.py:840} INFO - DAG(s) 'example_subdag_operator.section-1', 'example_subdag_operator.section-2', 'example_subdag_operator' retrieved from /home/airflow/.local/lib/python3.8/site-packages/airflow/example_dags/example_subdag_operator.py
[2026-06-18T17:46:47.621+0000] {logging_mixin.py:188} INFO - [2026-06-18T17:46:47.621+0000] {dag.py:3036} INFO - Sync 3 DAGs
[2026-06-18T17:46:47.661+0000] {logging_mixin.py:188} INFO - [2026-06-18T17:46:47.660+0000] {dag.py:3823} INFO - Setting next_dagrun for example_subdag_operator to 2022-01-01 00:00:00+00:00, run_after=2022-01-01 00:00:00+00:00
[2026-06-18T17:46:47.668+0000] {logging_mixin.py:188} INFO - [2026-06-18T17:46:47.668+0000] {dag.py:3823} INFO - Setting next_dagrun for example_subdag_operator.section-1 to None, run_after=None
[2026-06-18T17:46:47.671+0000] {logging_mixin.py:188} INFO - [2026-06-18T17:46:47.671+0000] {dag.py:3823} INFO - Setting next_dagrun for example_subdag_operator.section-2 to None, run_after=None
[2026-06-18T17:46:47.688+0000] {logging_mixin.py:188} INFO - [2026-06-18T17:46:47.688+0000] {dag.py:3036} INFO - Sync 2 DAGs
[2026-06-18T17:46:47.698+0000] {logging_mixin.py:188} INFO - [2026-06-18T17:46:47.698+0000] {dag.py:3823} INFO - Setting next_dagrun for example_subdag_operator.section-1 to None, run_after=None
[2026-06-18T17:46:47.699+0000] {logging_mixin.py:188} INFO - [2026-06-18T17:46:47.699+0000] {dag.py:3823} INFO - Setting next_dagrun for example_subdag_operator.section-2 to None, run_after=None
[2026-06-18T17:46:47.726+0000] {processor.py:183} INFO - Processing /home/airflow/.local/lib/python3.8/site-packages/airflow/example_dags/example_subdag_operator.py took 0.198 seconds
[2026-06-18T17:47:18.332+0000] {processor.py:161} INFO - Started process (PID=7506) to work on /home/airflow/.local/lib/python3.8/site-packages/airflow/example_dags/example_subdag_operator.py
[2026-06-18T17:47:18.335+0000] {processor.py:830} INFO - Processing file /home/airflow/.local/lib/python3.8/site-packages/airflow/example_dags/example_subdag_operator.py for tasks to queue
[2026-06-18T17:47:18.339+0000] {logging_mixin.py:188} INFO - [2026-06-18T17:47:18.338+0000] {dagbag.py:538} INFO - Filling up the DagBag from /home/airflow/.local/lib/python3.8/site-packages/airflow/example_dags/example_subdag_operator.py
[2026-06-18T17:47:18.392+0000] {processor.py:840} INFO - DAG(s) 'example_subdag_operator.section-1', 'example_subdag_operator.section-2', 'example_subdag_operator' retrieved from /home/airflow/.local/lib/python3.8/site-packages/airflow/example_dags/example_subdag_operator.py
[2026-06-18T17:47:18.421+0000] {logging_mixin.py:188} INFO - [2026-06-18T17:47:18.421+0000] {dag.py:3036} INFO - Sync 3 DAGs
[2026-06-18T17:47:18.463+0000] {logging_mixin.py:188} INFO - [2026-06-18T17:47:18.462+0000] {dag.py:3823} INFO - Setting next_dagrun for example_subdag_operator to 2022-01-01 00:00:00+00:00, run_after=2022-01-01 00:00:00+00:00
[2026-06-18T17:47:18.470+0000] {logging_mixin.py:188} INFO - [2026-06-18T17:47:18.470+0000] {dag.py:3823} INFO - Setting next_dagrun for example_subdag_operator.section-1 to None, run_after=None
[2026-06-18T17:47:18.473+0000] {logging_mixin.py:188} INFO - [2026-06-18T17:47:18.473+0000] {dag.py:3823} INFO - Setting next_dagrun for example_subdag_operator.section-2 to None, run_after=None
[2026-06-18T17:47:18.488+0000] {logging_mixin.py:188} INFO - [2026-06-18T17:47:18.488+0000] {dag.py:3036} INFO - Sync 2 DAGs
[2026-06-18T17:47:18.499+0000] {logging_mixin.py:188} INFO - [2026-06-18T17:47:18.498+0000] {dag.py:3823} INFO - Setting next_dagrun for example_subdag_operator.section-1 to None, run_after=None
[2026-06-18T17:47:18.499+0000] {logging_mixin.py:188} INFO - [2026-06-18T17:47:18.499+0000] {dag.py:3823} INFO - Setting next_dagrun for example_subdag_operator.section-2 to None, run_after=None
[2026-06-18T17:47:18.524+0000] {processor.py:183} INFO - Processing /home/airflow/.local/lib/python3.8/site-packages/airflow/example_dags/example_subdag_operator.py took 0.198 seconds
[2026-06-18T17:47:48.719+0000] {processor.py:161} INFO - Started process (PID=7573) to work on /home/airflow/.local/lib/python3.8/site-packages/airflow/example_dags/example_subdag_operator.py
[2026-06-18T17:47:48.720+0000] {processor.py:830} INFO - Processing file /home/airflow/.local/lib/python3.8/site-packages/airflow/example_dags/example_subdag_operator.py for tasks to queue
[2026-06-18T17:47:48.724+0000] {logging_mixin.py:188} INFO - [2026-06-18T17:47:48.723+0000] {dagbag.py:538} INFO - Filling up the DagBag from /home/airflow/.local/lib/python3.8/site-packages/airflow/example_dags/example_subdag_operator.py
[2026-06-18T17:47:48.775+0000] {processor.py:840} INFO - DAG(s) 'example_subdag_operator.section-1', 'example_subdag_operator.section-2', 'example_subdag_operator' retrieved from /home/airflow/.local/lib/python3.8/site-packages/airflow/example_dags/example_subdag_operator.py
[2026-06-18T17:47:48.811+0000] {logging_mixin.py:188} INFO - [2026-06-18T17:47:48.811+0000] {dag.py:3036} INFO - Sync 3 DAGs
[2026-06-18T17:47:48.856+0000] {logging_mixin.py:188} INFO - [2026-06-18T17:47:48.856+0000] {dag.py:3823} INFO - Setting next_dagrun for example_subdag_operator to 2022-01-01 00:00:00+00:00, run_after=2022-01-01 00:00:00+00:00
[2026-06-18T17:47:48.865+0000] {logging_mixin.py:188} INFO - [2026-06-18T17:47:48.864+0000] {dag.py:3823} INFO - Setting next_dagrun for example_subdag_operator.section-1 to None, run_after=None
[2026-06-18T17:47:48.868+0000] {logging_mixin.py:188} INFO - [2026-06-18T17:47:48.867+0000] {dag.py:3823} INFO - Setting next_dagrun for example_subdag_operator.section-2 to None, run_after=None
[2026-06-18T17:47:48.881+0000] {logging_mixin.py:188} INFO - [2026-06-18T17:47:48.881+0000] {dag.py:3036} INFO - Sync 2 DAGs
[2026-06-18T17:47:48.891+0000] {logging_mixin.py:188} INFO - [2026-06-18T17:47:48.891+0000] {dag.py:3823} INFO - Setting next_dagrun for example_subdag_operator.section-1 to None, run_after=None
[2026-06-18T17:47:48.892+0000] {logging_mixin.py:188} INFO - [2026-06-18T17:47:48.892+0000] {dag.py:3823} INFO - Setting next_dagrun for example_subdag_operator.section-2 to None, run_after=None
[2026-06-18T17:47:48.917+0000] {processor.py:183} INFO - Processing /home/airflow/.local/lib/python3.8/site-packages/airflow/example_dags/example_subdag_operator.py took 0.204 seconds
[2026-06-18T17:48:19.449+0000] {processor.py:161} INFO - Started process (PID=7638) to work on /home/airflow/.local/lib/python3.8/site-packages/airflow/example_dags/example_subdag_operator.py
[2026-06-18T17:48:19.451+0000] {processor.py:830} INFO - Processing file /home/airflow/.local/lib/python3.8/site-packages/airflow/example_dags/example_subdag_operator.py for tasks to queue
[2026-06-18T17:48:19.454+0000] {logging_mixin.py:188} INFO - [2026-06-18T17:48:19.453+0000] {dagbag.py:538} INFO - Filling up the DagBag from /home/airflow/.local/lib/python3.8/site-packages/airflow/example_dags/example_subdag_operator.py
[2026-06-18T17:48:19.504+0000] {processor.py:840} INFO - DAG(s) 'example_subdag_operator.section-1', 'example_subdag_operator.section-2', 'example_subdag_operator' retrieved from /home/airflow/.local/lib/python3.8/site-packages/airflow/example_dags/example_subdag_operator.py
[2026-06-18T17:48:19.538+0000] {logging_mixin.py:188} INFO - [2026-06-18T17:48:19.538+0000] {dag.py:3036} INFO - Sync 3 DAGs
[2026-06-18T17:48:19.589+0000] {logging_mixin.py:188} INFO - [2026-06-18T17:48:19.589+0000] {dag.py:3823} INFO - Setting next_dagrun for example_subdag_operator to 2022-01-01 00:00:00+00:00, run_after=2022-01-01 00:00:00+00:00
[2026-06-18T17:48:19.597+0000] {logging_mixin.py:188} INFO - [2026-06-18T17:48:19.596+0000] {dag.py:3823} INFO - Setting next_dagrun for example_subdag_operator.section-1 to None, run_after=None
[2026-06-18T17:48:19.599+0000] {logging_mixin.py:188} INFO - [2026-06-18T17:48:19.599+0000] {dag.py:3823} INFO - Setting next_dagrun for example_subdag_operator.section-2 to None, run_after=None
[2026-06-18T17:48:19.611+0000] {logging_mixin.py:188} INFO - [2026-06-18T17:48:19.611+0000] {dag.py:3036} INFO - Sync 2 DAGs
[2026-06-18T17:48:19.621+0000] {logging_mixin.py:188} INFO - [2026-06-18T17:48:19.620+0000] {dag.py:3823} INFO - Setting next_dagrun for example_subdag_operator.section-1 to None, run_after=None
[2026-06-18T17:48:19.622+0000] {logging_mixin.py:188} INFO - [2026-06-18T17:48:19.622+0000] {dag.py:3823} INFO - Setting next_dagrun for example_subdag_operator.section-2 to None, run_after=None
[2026-06-18T17:48:19.641+0000] {processor.py:183} INFO - Processing /home/airflow/.local/lib/python3.8/site-packages/airflow/example_dags/example_subdag_operator.py took 0.198 seconds
[2026-06-18T17:48:49.991+0000] {processor.py:161} INFO - Started process (PID=7704) to work on /home/airflow/.local/lib/python3.8/site-packages/airflow/example_dags/example_subdag_operator.py
[2026-06-18T17:48:49.993+0000] {processor.py:830} INFO - Processing file /home/airflow/.local/lib/python3.8/site-packages/airflow/example_dags/example_subdag_operator.py for tasks to queue
[2026-06-18T17:48:49.997+0000] {logging_mixin.py:188} INFO - [2026-06-18T17:48:49.996+0000] {dagbag.py:538} INFO - Filling up the DagBag from /home/airflow/.local/lib/python3.8/site-packages/airflow/example_dags/example_subdag_operator.py
[2026-06-18T17:48:50.047+0000] {processor.py:840} INFO - DAG(s) 'example_subdag_operator.section-1', 'example_subdag_operator.section-2', 'example_subdag_operator' retrieved from /home/airflow/.local/lib/python3.8/site-packages/airflow/example_dags/example_subdag_operator.py
[2026-06-18T17:48:50.081+0000] {logging_mixin.py:188} INFO - [2026-06-18T17:48:50.081+0000] {dag.py:3036} INFO - Sync 3 DAGs
[2026-06-18T17:48:50.128+0000] {logging_mixin.py:188} INFO - [2026-06-18T17:48:50.127+0000] {dag.py:3823} INFO - Setting next_dagrun for example_subdag_operator to 2022-01-01 00:00:00+00:00, run_after=2022-01-01 00:00:00+00:00
[2026-06-18T17:48:50.135+0000] {logging_mixin.py:188} INFO - [2026-06-18T17:48:50.135+0000] {dag.py:3823} INFO - Setting next_dagrun for example_subdag_operator.section-1 to None, run_after=None
[2026-06-18T17:48:50.138+0000] {logging_mixin.py:188} INFO - [2026-06-18T17:48:50.137+0000] {dag.py:3823} INFO - Setting next_dagrun for example_subdag_operator.section-2 to None, run_after=None
[2026-06-18T17:48:50.153+0000] {logging_mixin.py:188} INFO - [2026-06-18T17:48:50.153+0000] {dag.py:3036} INFO - Sync 2 DAGs
[2026-06-18T17:48:50.168+0000] {logging_mixin.py:188} INFO - [2026-06-18T17:48:50.167+0000] {dag.py:3823} INFO - Setting next_dagrun for example_subdag_operator.section-1 to None, run_after=None
[2026-06-18T17:48:50.168+0000] {logging_mixin.py:188} INFO - [2026-06-18T17:48:50.168+0000] {dag.py:3823} INFO - Setting next_dagrun for example_subdag_operator.section-2 to None, run_after=None
[2026-06-18T17:48:50.195+0000] {processor.py:183} INFO - Processing /home/airflow/.local/lib/python3.8/site-packages/airflow/example_dags/example_subdag_operator.py took 0.210 seconds
[2026-06-18T17:49:20.333+0000] {processor.py:161} INFO - Started process (PID=7777) to work on /home/airflow/.local/lib/python3.8/site-packages/airflow/example_dags/example_subdag_operator.py
[2026-06-18T17:49:20.335+0000] {processor.py:830} INFO - Processing file /home/airflow/.local/lib/python3.8/site-packages/airflow/example_dags/example_subdag_operator.py for tasks to queue
[2026-06-18T17:49:20.338+0000] {logging_mixin.py:188} INFO - [2026-06-18T17:49:20.337+0000] {dagbag.py:538} INFO - Filling up the DagBag from /home/airflow/.local/lib/python3.8/site-packages/airflow/example_dags/example_subdag_operator.py
[2026-06-18T17:49:20.389+0000] {processor.py:840} INFO - DAG(s) 'example_subdag_operator.section-1', 'example_subdag_operator.section-2', 'example_subdag_operator' retrieved from /home/airflow/.local/lib/python3.8/site-packages/airflow/example_dags/example_subdag_operator.py
[2026-06-18T17:49:20.423+0000] {logging_mixin.py:188} INFO - [2026-06-18T17:49:20.423+0000] {dag.py:3036} INFO - Sync 3 DAGs
[2026-06-18T17:49:20.469+0000] {logging_mixin.py:188} INFO - [2026-06-18T17:49:20.468+0000] {dag.py:3823} INFO - Setting next_dagrun for example_subdag_operator to 2022-01-01 00:00:00+00:00, run_after=2022-01-01 00:00:00+00:00
[2026-06-18T17:49:20.476+0000] {logging_mixin.py:188} INFO - [2026-06-18T17:49:20.475+0000] {dag.py:3823} INFO - Setting next_dagrun for example_subdag_operator.section-1 to None, run_after=None
[2026-06-18T17:49:20.479+0000] {logging_mixin.py:188} INFO - [2026-06-18T17:49:20.478+0000] {dag.py:3823} INFO - Setting next_dagrun for example_subdag_operator.section-2 to None, run_after=None
[2026-06-18T17:49:20.496+0000] {logging_mixin.py:188} INFO - [2026-06-18T17:49:20.496+0000] {dag.py:3036} INFO - Sync 2 DAGs
[2026-06-18T17:49:20.511+0000] {logging_mixin.py:188} INFO - [2026-06-18T17:49:20.511+0000] {dag.py:3823} INFO - Setting next_dagrun for example_subdag_operator.section-1 to None, run_after=None
[2026-06-18T17:49:20.512+0000] {logging_mixin.py:188} INFO - [2026-06-18T17:49:20.512+0000] {dag.py:3823} INFO - Setting next_dagrun for example_subdag_operator.section-2 to None, run_after=None
[2026-06-18T17:49:20.534+0000] {processor.py:183} INFO - Processing /home/airflow/.local/lib/python3.8/site-packages/airflow/example_dags/example_subdag_operator.py took 0.207 seconds
