[2026-06-18T16:50:15.230+0000] {processor.py:161} INFO - Started process (PID=62) to work on /home/airflow/.local/lib/python3.8/site-packages/airflow/example_dags/example_sensors.py
[2026-06-18T16:50:15.231+0000] {processor.py:830} INFO - Processing file /home/airflow/.local/lib/python3.8/site-packages/airflow/example_dags/example_sensors.py for tasks to queue
[2026-06-18T16:50:15.234+0000] {logging_mixin.py:188} INFO - [2026-06-18T16:50:15.233+0000] {dagbag.py:538} INFO - Filling up the DagBag from /home/airflow/.local/lib/python3.8/site-packages/airflow/example_dags/example_sensors.py
[2026-06-18T16:50:15.285+0000] {processor.py:840} INFO - DAG(s) 'example_sensors' retrieved from /home/airflow/.local/lib/python3.8/site-packages/airflow/example_dags/example_sensors.py
[2026-06-18T16:50:15.455+0000] {logging_mixin.py:188} INFO - [2026-06-18T16:50:15.455+0000] {dag.py:3036} INFO - Sync 1 DAGs
[2026-06-18T16:50:15.502+0000] {logging_mixin.py:188} INFO - [2026-06-18T16:50:15.501+0000] {dag.py:3823} INFO - Setting next_dagrun for example_sensors to None, run_after=None
[2026-06-18T16:50:15.557+0000] {processor.py:183} INFO - Processing /home/airflow/.local/lib/python3.8/site-packages/airflow/example_dags/example_sensors.py took 0.349 seconds
[2026-06-18T16:50:46.186+0000] {processor.py:161} INFO - Started process (PID=128) to work on /home/airflow/.local/lib/python3.8/site-packages/airflow/example_dags/example_sensors.py
[2026-06-18T16:50:46.187+0000] {processor.py:830} INFO - Processing file /home/airflow/.local/lib/python3.8/site-packages/airflow/example_dags/example_sensors.py for tasks to queue
[2026-06-18T16:50:46.190+0000] {logging_mixin.py:188} INFO - [2026-06-18T16:50:46.190+0000] {dagbag.py:538} INFO - Filling up the DagBag from /home/airflow/.local/lib/python3.8/site-packages/airflow/example_dags/example_sensors.py
[2026-06-18T16:50:46.208+0000] {processor.py:840} INFO - DAG(s) 'example_sensors' retrieved from /home/airflow/.local/lib/python3.8/site-packages/airflow/example_dags/example_sensors.py
[2026-06-18T16:50:46.254+0000] {logging_mixin.py:188} INFO - [2026-06-18T16:50:46.254+0000] {dag.py:3036} INFO - Sync 1 DAGs
[2026-06-18T16:50:46.277+0000] {logging_mixin.py:188} INFO - [2026-06-18T16:50:46.277+0000] {dag.py:3823} INFO - Setting next_dagrun for example_sensors to None, run_after=None
[2026-06-18T16:50:46.312+0000] {processor.py:183} INFO - Processing /home/airflow/.local/lib/python3.8/site-packages/airflow/example_dags/example_sensors.py took 0.131 seconds
[2026-06-18T16:51:17.049+0000] {processor.py:161} INFO - Started process (PID=195) to work on /home/airflow/.local/lib/python3.8/site-packages/airflow/example_dags/example_sensors.py
[2026-06-18T16:51:17.051+0000] {processor.py:830} INFO - Processing file /home/airflow/.local/lib/python3.8/site-packages/airflow/example_dags/example_sensors.py for tasks to queue
[2026-06-18T16:51:17.053+0000] {logging_mixin.py:188} INFO - [2026-06-18T16:51:17.053+0000] {dagbag.py:538} INFO - Filling up the DagBag from /home/airflow/.local/lib/python3.8/site-packages/airflow/example_dags/example_sensors.py
[2026-06-18T16:51:17.070+0000] {processor.py:840} INFO - DAG(s) 'example_sensors' retrieved from /home/airflow/.local/lib/python3.8/site-packages/airflow/example_dags/example_sensors.py
[2026-06-18T16:51:17.116+0000] {logging_mixin.py:188} INFO - [2026-06-18T16:51:17.115+0000] {dag.py:3036} INFO - Sync 1 DAGs
[2026-06-18T16:51:17.136+0000] {logging_mixin.py:188} INFO - [2026-06-18T16:51:17.136+0000] {dag.py:3823} INFO - Setting next_dagrun for example_sensors to None, run_after=None
[2026-06-18T16:51:17.166+0000] {processor.py:183} INFO - Processing /home/airflow/.local/lib/python3.8/site-packages/airflow/example_dags/example_sensors.py took 0.122 seconds
[2026-06-18T16:51:47.301+0000] {processor.py:161} INFO - Started process (PID=261) to work on /home/airflow/.local/lib/python3.8/site-packages/airflow/example_dags/example_sensors.py
[2026-06-18T16:51:47.303+0000] {processor.py:830} INFO - Processing file /home/airflow/.local/lib/python3.8/site-packages/airflow/example_dags/example_sensors.py for tasks to queue
[2026-06-18T16:51:47.306+0000] {logging_mixin.py:188} INFO - [2026-06-18T16:51:47.305+0000] {dagbag.py:538} INFO - Filling up the DagBag from /home/airflow/.local/lib/python3.8/site-packages/airflow/example_dags/example_sensors.py
[2026-06-18T16:51:47.320+0000] {processor.py:840} INFO - DAG(s) 'example_sensors' retrieved from /home/airflow/.local/lib/python3.8/site-packages/airflow/example_dags/example_sensors.py
[2026-06-18T16:51:47.372+0000] {logging_mixin.py:188} INFO - [2026-06-18T16:51:47.372+0000] {dag.py:3036} INFO - Sync 1 DAGs
[2026-06-18T16:51:47.395+0000] {logging_mixin.py:188} INFO - [2026-06-18T16:51:47.395+0000] {dag.py:3823} INFO - Setting next_dagrun for example_sensors to None, run_after=None
[2026-06-18T16:51:47.433+0000] {processor.py:183} INFO - Processing /home/airflow/.local/lib/python3.8/site-packages/airflow/example_dags/example_sensors.py took 0.137 seconds
[2026-06-18T16:52:18.373+0000] {processor.py:161} INFO - Started process (PID=327) to work on /home/airflow/.local/lib/python3.8/site-packages/airflow/example_dags/example_sensors.py
[2026-06-18T16:52:18.375+0000] {processor.py:830} INFO - Processing file /home/airflow/.local/lib/python3.8/site-packages/airflow/example_dags/example_sensors.py for tasks to queue
[2026-06-18T16:52:18.377+0000] {logging_mixin.py:188} INFO - [2026-06-18T16:52:18.377+0000] {dagbag.py:538} INFO - Filling up the DagBag from /home/airflow/.local/lib/python3.8/site-packages/airflow/example_dags/example_sensors.py
[2026-06-18T16:52:18.394+0000] {processor.py:840} INFO - DAG(s) 'example_sensors' retrieved from /home/airflow/.local/lib/python3.8/site-packages/airflow/example_dags/example_sensors.py
[2026-06-18T16:52:18.448+0000] {logging_mixin.py:188} INFO - [2026-06-18T16:52:18.448+0000] {dag.py:3036} INFO - Sync 1 DAGs
[2026-06-18T16:52:18.470+0000] {logging_mixin.py:188} INFO - [2026-06-18T16:52:18.469+0000] {dag.py:3823} INFO - Setting next_dagrun for example_sensors to None, run_after=None
[2026-06-18T16:52:18.503+0000] {processor.py:183} INFO - Processing /home/airflow/.local/lib/python3.8/site-packages/airflow/example_dags/example_sensors.py took 0.135 seconds
[2026-06-18T16:52:48.951+0000] {processor.py:161} INFO - Started process (PID=395) to work on /home/airflow/.local/lib/python3.8/site-packages/airflow/example_dags/example_sensors.py
[2026-06-18T16:52:48.952+0000] {processor.py:830} INFO - Processing file /home/airflow/.local/lib/python3.8/site-packages/airflow/example_dags/example_sensors.py for tasks to queue
[2026-06-18T16:52:48.955+0000] {logging_mixin.py:188} INFO - [2026-06-18T16:52:48.955+0000] {dagbag.py:538} INFO - Filling up the DagBag from /home/airflow/.local/lib/python3.8/site-packages/airflow/example_dags/example_sensors.py
[2026-06-18T16:52:48.969+0000] {processor.py:840} INFO - DAG(s) 'example_sensors' retrieved from /home/airflow/.local/lib/python3.8/site-packages/airflow/example_dags/example_sensors.py
[2026-06-18T16:52:49.019+0000] {logging_mixin.py:188} INFO - [2026-06-18T16:52:49.019+0000] {dag.py:3036} INFO - Sync 1 DAGs
[2026-06-18T16:52:49.043+0000] {logging_mixin.py:188} INFO - [2026-06-18T16:52:49.042+0000] {dag.py:3823} INFO - Setting next_dagrun for example_sensors to None, run_after=None
[2026-06-18T16:52:49.077+0000] {processor.py:183} INFO - Processing /home/airflow/.local/lib/python3.8/site-packages/airflow/example_dags/example_sensors.py took 0.131 seconds
[2026-06-18T16:53:19.283+0000] {processor.py:161} INFO - Started process (PID=461) to work on /home/airflow/.local/lib/python3.8/site-packages/airflow/example_dags/example_sensors.py
[2026-06-18T16:53:19.284+0000] {processor.py:830} INFO - Processing file /home/airflow/.local/lib/python3.8/site-packages/airflow/example_dags/example_sensors.py for tasks to queue
[2026-06-18T16:53:19.287+0000] {logging_mixin.py:188} INFO - [2026-06-18T16:53:19.286+0000] {dagbag.py:538} INFO - Filling up the DagBag from /home/airflow/.local/lib/python3.8/site-packages/airflow/example_dags/example_sensors.py
[2026-06-18T16:53:19.300+0000] {processor.py:840} INFO - DAG(s) 'example_sensors' retrieved from /home/airflow/.local/lib/python3.8/site-packages/airflow/example_dags/example_sensors.py
[2026-06-18T16:53:19.341+0000] {logging_mixin.py:188} INFO - [2026-06-18T16:53:19.341+0000] {dag.py:3036} INFO - Sync 1 DAGs
[2026-06-18T16:53:19.360+0000] {logging_mixin.py:188} INFO - [2026-06-18T16:53:19.360+0000] {dag.py:3823} INFO - Setting next_dagrun for example_sensors to None, run_after=None
[2026-06-18T16:53:19.389+0000] {processor.py:183} INFO - Processing /home/airflow/.local/lib/python3.8/site-packages/airflow/example_dags/example_sensors.py took 0.111 seconds
[2026-06-18T16:53:49.551+0000] {processor.py:161} INFO - Started process (PID=528) to work on /home/airflow/.local/lib/python3.8/site-packages/airflow/example_dags/example_sensors.py
[2026-06-18T16:53:49.552+0000] {processor.py:830} INFO - Processing file /home/airflow/.local/lib/python3.8/site-packages/airflow/example_dags/example_sensors.py for tasks to queue
[2026-06-18T16:53:49.555+0000] {logging_mixin.py:188} INFO - [2026-06-18T16:53:49.554+0000] {dagbag.py:538} INFO - Filling up the DagBag from /home/airflow/.local/lib/python3.8/site-packages/airflow/example_dags/example_sensors.py
[2026-06-18T16:53:49.570+0000] {processor.py:840} INFO - DAG(s) 'example_sensors' retrieved from /home/airflow/.local/lib/python3.8/site-packages/airflow/example_dags/example_sensors.py
[2026-06-18T16:53:49.613+0000] {logging_mixin.py:188} INFO - [2026-06-18T16:53:49.613+0000] {dag.py:3036} INFO - Sync 1 DAGs
[2026-06-18T16:53:49.634+0000] {logging_mixin.py:188} INFO - [2026-06-18T16:53:49.634+0000] {dag.py:3823} INFO - Setting next_dagrun for example_sensors to None, run_after=None
[2026-06-18T16:53:49.666+0000] {processor.py:183} INFO - Processing /home/airflow/.local/lib/python3.8/site-packages/airflow/example_dags/example_sensors.py took 0.120 seconds
[2026-06-18T16:54:20.047+0000] {processor.py:161} INFO - Started process (PID=595) to work on /home/airflow/.local/lib/python3.8/site-packages/airflow/example_dags/example_sensors.py
[2026-06-18T16:54:20.050+0000] {processor.py:830} INFO - Processing file /home/airflow/.local/lib/python3.8/site-packages/airflow/example_dags/example_sensors.py for tasks to queue
[2026-06-18T16:54:20.053+0000] {logging_mixin.py:188} INFO - [2026-06-18T16:54:20.052+0000] {dagbag.py:538} INFO - Filling up the DagBag from /home/airflow/.local/lib/python3.8/site-packages/airflow/example_dags/example_sensors.py
[2026-06-18T16:54:20.071+0000] {processor.py:840} INFO - DAG(s) 'example_sensors' retrieved from /home/airflow/.local/lib/python3.8/site-packages/airflow/example_dags/example_sensors.py
[2026-06-18T16:54:20.126+0000] {logging_mixin.py:188} INFO - [2026-06-18T16:54:20.125+0000] {dag.py:3036} INFO - Sync 1 DAGs
[2026-06-18T16:54:20.151+0000] {logging_mixin.py:188} INFO - [2026-06-18T16:54:20.150+0000] {dag.py:3823} INFO - Setting next_dagrun for example_sensors to None, run_after=None
[2026-06-18T16:54:20.188+0000] {processor.py:183} INFO - Processing /home/airflow/.local/lib/python3.8/site-packages/airflow/example_dags/example_sensors.py took 0.147 seconds
[2026-06-18T16:54:50.524+0000] {processor.py:161} INFO - Started process (PID=660) to work on /home/airflow/.local/lib/python3.8/site-packages/airflow/example_dags/example_sensors.py
[2026-06-18T16:54:50.525+0000] {processor.py:830} INFO - Processing file /home/airflow/.local/lib/python3.8/site-packages/airflow/example_dags/example_sensors.py for tasks to queue
[2026-06-18T16:54:50.528+0000] {logging_mixin.py:188} INFO - [2026-06-18T16:54:50.527+0000] {dagbag.py:538} INFO - Filling up the DagBag from /home/airflow/.local/lib/python3.8/site-packages/airflow/example_dags/example_sensors.py
[2026-06-18T16:54:50.544+0000] {processor.py:840} INFO - DAG(s) 'example_sensors' retrieved from /home/airflow/.local/lib/python3.8/site-packages/airflow/example_dags/example_sensors.py
[2026-06-18T16:54:50.590+0000] {logging_mixin.py:188} INFO - [2026-06-18T16:54:50.590+0000] {dag.py:3036} INFO - Sync 1 DAGs
[2026-06-18T16:54:50.612+0000] {logging_mixin.py:188} INFO - [2026-06-18T16:54:50.612+0000] {dag.py:3823} INFO - Setting next_dagrun for example_sensors to None, run_after=None
[2026-06-18T16:54:50.642+0000] {processor.py:183} INFO - Processing /home/airflow/.local/lib/python3.8/site-packages/airflow/example_dags/example_sensors.py took 0.124 seconds
[2026-06-18T16:55:21.123+0000] {processor.py:161} INFO - Started process (PID=734) to work on /home/airflow/.local/lib/python3.8/site-packages/airflow/example_dags/example_sensors.py
[2026-06-18T16:55:21.124+0000] {processor.py:830} INFO - Processing file /home/airflow/.local/lib/python3.8/site-packages/airflow/example_dags/example_sensors.py for tasks to queue
[2026-06-18T16:55:21.127+0000] {logging_mixin.py:188} INFO - [2026-06-18T16:55:21.127+0000] {dagbag.py:538} INFO - Filling up the DagBag from /home/airflow/.local/lib/python3.8/site-packages/airflow/example_dags/example_sensors.py
[2026-06-18T16:55:21.143+0000] {processor.py:840} INFO - DAG(s) 'example_sensors' retrieved from /home/airflow/.local/lib/python3.8/site-packages/airflow/example_dags/example_sensors.py
[2026-06-18T16:55:21.187+0000] {logging_mixin.py:188} INFO - [2026-06-18T16:55:21.187+0000] {dag.py:3036} INFO - Sync 1 DAGs
[2026-06-18T16:55:21.206+0000] {logging_mixin.py:188} INFO - [2026-06-18T16:55:21.206+0000] {dag.py:3823} INFO - Setting next_dagrun for example_sensors to None, run_after=None
[2026-06-18T16:55:21.237+0000] {processor.py:183} INFO - Processing /home/airflow/.local/lib/python3.8/site-packages/airflow/example_dags/example_sensors.py took 0.119 seconds
[2026-06-18T16:55:51.281+0000] {processor.py:161} INFO - Started process (PID=802) to work on /home/airflow/.local/lib/python3.8/site-packages/airflow/example_dags/example_sensors.py
[2026-06-18T16:55:51.283+0000] {processor.py:830} INFO - Processing file /home/airflow/.local/lib/python3.8/site-packages/airflow/example_dags/example_sensors.py for tasks to queue
[2026-06-18T16:55:51.287+0000] {logging_mixin.py:188} INFO - [2026-06-18T16:55:51.286+0000] {dagbag.py:538} INFO - Filling up the DagBag from /home/airflow/.local/lib/python3.8/site-packages/airflow/example_dags/example_sensors.py
[2026-06-18T16:55:51.302+0000] {processor.py:840} INFO - DAG(s) 'example_sensors' retrieved from /home/airflow/.local/lib/python3.8/site-packages/airflow/example_dags/example_sensors.py
[2026-06-18T16:55:51.358+0000] {logging_mixin.py:188} INFO - [2026-06-18T16:55:51.357+0000] {dag.py:3036} INFO - Sync 1 DAGs
[2026-06-18T16:55:51.383+0000] {logging_mixin.py:188} INFO - [2026-06-18T16:55:51.382+0000] {dag.py:3823} INFO - Setting next_dagrun for example_sensors to None, run_after=None
[2026-06-18T16:55:51.418+0000] {processor.py:183} INFO - Processing /home/airflow/.local/lib/python3.8/site-packages/airflow/example_dags/example_sensors.py took 0.142 seconds
[2026-06-18T16:56:21.751+0000] {processor.py:161} INFO - Started process (PID=868) to work on /home/airflow/.local/lib/python3.8/site-packages/airflow/example_dags/example_sensors.py
[2026-06-18T16:56:21.752+0000] {processor.py:830} INFO - Processing file /home/airflow/.local/lib/python3.8/site-packages/airflow/example_dags/example_sensors.py for tasks to queue
[2026-06-18T16:56:21.755+0000] {logging_mixin.py:188} INFO - [2026-06-18T16:56:21.755+0000] {dagbag.py:538} INFO - Filling up the DagBag from /home/airflow/.local/lib/python3.8/site-packages/airflow/example_dags/example_sensors.py
[2026-06-18T16:56:21.774+0000] {processor.py:840} INFO - DAG(s) 'example_sensors' retrieved from /home/airflow/.local/lib/python3.8/site-packages/airflow/example_dags/example_sensors.py
[2026-06-18T16:56:21.827+0000] {logging_mixin.py:188} INFO - [2026-06-18T16:56:21.827+0000] {dag.py:3036} INFO - Sync 1 DAGs
[2026-06-18T16:56:21.849+0000] {logging_mixin.py:188} INFO - [2026-06-18T16:56:21.849+0000] {dag.py:3823} INFO - Setting next_dagrun for example_sensors to None, run_after=None
[2026-06-18T16:56:21.886+0000] {processor.py:183} INFO - Processing /home/airflow/.local/lib/python3.8/site-packages/airflow/example_dags/example_sensors.py took 0.142 seconds
[2026-06-18T16:56:52.700+0000] {processor.py:161} INFO - Started process (PID=934) to work on /home/airflow/.local/lib/python3.8/site-packages/airflow/example_dags/example_sensors.py
[2026-06-18T16:56:52.702+0000] {processor.py:830} INFO - Processing file /home/airflow/.local/lib/python3.8/site-packages/airflow/example_dags/example_sensors.py for tasks to queue
[2026-06-18T16:56:52.705+0000] {logging_mixin.py:188} INFO - [2026-06-18T16:56:52.704+0000] {dagbag.py:538} INFO - Filling up the DagBag from /home/airflow/.local/lib/python3.8/site-packages/airflow/example_dags/example_sensors.py
[2026-06-18T16:56:52.729+0000] {processor.py:840} INFO - DAG(s) 'example_sensors' retrieved from /home/airflow/.local/lib/python3.8/site-packages/airflow/example_dags/example_sensors.py
[2026-06-18T16:56:52.779+0000] {logging_mixin.py:188} INFO - [2026-06-18T16:56:52.779+0000] {dag.py:3036} INFO - Sync 1 DAGs
[2026-06-18T16:56:52.804+0000] {logging_mixin.py:188} INFO - [2026-06-18T16:56:52.804+0000] {dag.py:3823} INFO - Setting next_dagrun for example_sensors to None, run_after=None
[2026-06-18T16:56:52.837+0000] {processor.py:183} INFO - Processing /home/airflow/.local/lib/python3.8/site-packages/airflow/example_dags/example_sensors.py took 0.143 seconds
[2026-06-18T16:57:23.556+0000] {processor.py:161} INFO - Started process (PID=999) to work on /home/airflow/.local/lib/python3.8/site-packages/airflow/example_dags/example_sensors.py
[2026-06-18T16:57:23.558+0000] {processor.py:830} INFO - Processing file /home/airflow/.local/lib/python3.8/site-packages/airflow/example_dags/example_sensors.py for tasks to queue
[2026-06-18T16:57:23.562+0000] {logging_mixin.py:188} INFO - [2026-06-18T16:57:23.560+0000] {dagbag.py:538} INFO - Filling up the DagBag from /home/airflow/.local/lib/python3.8/site-packages/airflow/example_dags/example_sensors.py
[2026-06-18T16:57:23.577+0000] {processor.py:840} INFO - DAG(s) 'example_sensors' retrieved from /home/airflow/.local/lib/python3.8/site-packages/airflow/example_dags/example_sensors.py
[2026-06-18T16:57:23.628+0000] {logging_mixin.py:188} INFO - [2026-06-18T16:57:23.627+0000] {dag.py:3036} INFO - Sync 1 DAGs
[2026-06-18T16:57:23.653+0000] {logging_mixin.py:188} INFO - [2026-06-18T16:57:23.653+0000] {dag.py:3823} INFO - Setting next_dagrun for example_sensors to None, run_after=None
[2026-06-18T16:57:23.688+0000] {processor.py:183} INFO - Processing /home/airflow/.local/lib/python3.8/site-packages/airflow/example_dags/example_sensors.py took 0.137 seconds
[2026-06-18T16:57:54.299+0000] {processor.py:161} INFO - Started process (PID=1064) to work on /home/airflow/.local/lib/python3.8/site-packages/airflow/example_dags/example_sensors.py
[2026-06-18T16:57:54.301+0000] {processor.py:830} INFO - Processing file /home/airflow/.local/lib/python3.8/site-packages/airflow/example_dags/example_sensors.py for tasks to queue
[2026-06-18T16:57:54.305+0000] {logging_mixin.py:188} INFO - [2026-06-18T16:57:54.304+0000] {dagbag.py:538} INFO - Filling up the DagBag from /home/airflow/.local/lib/python3.8/site-packages/airflow/example_dags/example_sensors.py
[2026-06-18T16:57:54.324+0000] {processor.py:840} INFO - DAG(s) 'example_sensors' retrieved from /home/airflow/.local/lib/python3.8/site-packages/airflow/example_dags/example_sensors.py
[2026-06-18T16:57:54.378+0000] {logging_mixin.py:188} INFO - [2026-06-18T16:57:54.378+0000] {dag.py:3036} INFO - Sync 1 DAGs
[2026-06-18T16:57:54.403+0000] {logging_mixin.py:188} INFO - [2026-06-18T16:57:54.403+0000] {dag.py:3823} INFO - Setting next_dagrun for example_sensors to None, run_after=None
[2026-06-18T16:57:54.436+0000] {processor.py:183} INFO - Processing /home/airflow/.local/lib/python3.8/site-packages/airflow/example_dags/example_sensors.py took 0.143 seconds
[2026-06-18T16:58:24.883+0000] {processor.py:161} INFO - Started process (PID=1129) to work on /home/airflow/.local/lib/python3.8/site-packages/airflow/example_dags/example_sensors.py
[2026-06-18T16:58:24.885+0000] {processor.py:830} INFO - Processing file /home/airflow/.local/lib/python3.8/site-packages/airflow/example_dags/example_sensors.py for tasks to queue
[2026-06-18T16:58:24.888+0000] {logging_mixin.py:188} INFO - [2026-06-18T16:58:24.888+0000] {dagbag.py:538} INFO - Filling up the DagBag from /home/airflow/.local/lib/python3.8/site-packages/airflow/example_dags/example_sensors.py
[2026-06-18T16:58:24.907+0000] {processor.py:840} INFO - DAG(s) 'example_sensors' retrieved from /home/airflow/.local/lib/python3.8/site-packages/airflow/example_dags/example_sensors.py
[2026-06-18T16:58:24.937+0000] {logging_mixin.py:188} INFO - [2026-06-18T16:58:24.937+0000] {dag.py:3036} INFO - Sync 1 DAGs
[2026-06-18T16:58:24.965+0000] {logging_mixin.py:188} INFO - [2026-06-18T16:58:24.965+0000] {dag.py:3823} INFO - Setting next_dagrun for example_sensors to None, run_after=None
[2026-06-18T16:58:25.011+0000] {processor.py:183} INFO - Processing /home/airflow/.local/lib/python3.8/site-packages/airflow/example_dags/example_sensors.py took 0.134 seconds
[2026-06-18T16:58:55.745+0000] {processor.py:161} INFO - Started process (PID=1195) to work on /home/airflow/.local/lib/python3.8/site-packages/airflow/example_dags/example_sensors.py
[2026-06-18T16:58:55.747+0000] {processor.py:830} INFO - Processing file /home/airflow/.local/lib/python3.8/site-packages/airflow/example_dags/example_sensors.py for tasks to queue
[2026-06-18T16:58:55.750+0000] {logging_mixin.py:188} INFO - [2026-06-18T16:58:55.749+0000] {dagbag.py:538} INFO - Filling up the DagBag from /home/airflow/.local/lib/python3.8/site-packages/airflow/example_dags/example_sensors.py
[2026-06-18T16:58:55.764+0000] {processor.py:840} INFO - DAG(s) 'example_sensors' retrieved from /home/airflow/.local/lib/python3.8/site-packages/airflow/example_dags/example_sensors.py
[2026-06-18T16:58:55.944+0000] {logging_mixin.py:188} INFO - [2026-06-18T16:58:55.944+0000] {dag.py:3036} INFO - Sync 1 DAGs
[2026-06-18T16:58:55.963+0000] {logging_mixin.py:188} INFO - [2026-06-18T16:58:55.963+0000] {dag.py:3823} INFO - Setting next_dagrun for example_sensors to None, run_after=None
[2026-06-18T16:58:55.991+0000] {processor.py:183} INFO - Processing /home/airflow/.local/lib/python3.8/site-packages/airflow/example_dags/example_sensors.py took 0.251 seconds
[2026-06-18T16:59:26.707+0000] {processor.py:161} INFO - Started process (PID=1261) to work on /home/airflow/.local/lib/python3.8/site-packages/airflow/example_dags/example_sensors.py
[2026-06-18T16:59:26.709+0000] {processor.py:830} INFO - Processing file /home/airflow/.local/lib/python3.8/site-packages/airflow/example_dags/example_sensors.py for tasks to queue
[2026-06-18T16:59:26.711+0000] {logging_mixin.py:188} INFO - [2026-06-18T16:59:26.711+0000] {dagbag.py:538} INFO - Filling up the DagBag from /home/airflow/.local/lib/python3.8/site-packages/airflow/example_dags/example_sensors.py
[2026-06-18T16:59:26.726+0000] {processor.py:840} INFO - DAG(s) 'example_sensors' retrieved from /home/airflow/.local/lib/python3.8/site-packages/airflow/example_dags/example_sensors.py
[2026-06-18T16:59:26.777+0000] {logging_mixin.py:188} INFO - [2026-06-18T16:59:26.776+0000] {dag.py:3036} INFO - Sync 1 DAGs
[2026-06-18T16:59:26.796+0000] {logging_mixin.py:188} INFO - [2026-06-18T16:59:26.796+0000] {dag.py:3823} INFO - Setting next_dagrun for example_sensors to None, run_after=None
[2026-06-18T16:59:26.829+0000] {processor.py:183} INFO - Processing /home/airflow/.local/lib/python3.8/site-packages/airflow/example_dags/example_sensors.py took 0.127 seconds
[2026-06-18T16:59:57.365+0000] {processor.py:161} INFO - Started process (PID=1327) to work on /home/airflow/.local/lib/python3.8/site-packages/airflow/example_dags/example_sensors.py
[2026-06-18T16:59:57.368+0000] {processor.py:830} INFO - Processing file /home/airflow/.local/lib/python3.8/site-packages/airflow/example_dags/example_sensors.py for tasks to queue
[2026-06-18T16:59:57.371+0000] {logging_mixin.py:188} INFO - [2026-06-18T16:59:57.370+0000] {dagbag.py:538} INFO - Filling up the DagBag from /home/airflow/.local/lib/python3.8/site-packages/airflow/example_dags/example_sensors.py
[2026-06-18T16:59:57.394+0000] {processor.py:840} INFO - DAG(s) 'example_sensors' retrieved from /home/airflow/.local/lib/python3.8/site-packages/airflow/example_dags/example_sensors.py
[2026-06-18T16:59:57.425+0000] {logging_mixin.py:188} INFO - [2026-06-18T16:59:57.425+0000] {dag.py:3036} INFO - Sync 1 DAGs
[2026-06-18T16:59:57.453+0000] {logging_mixin.py:188} INFO - [2026-06-18T16:59:57.453+0000] {dag.py:3823} INFO - Setting next_dagrun for example_sensors to None, run_after=None
[2026-06-18T16:59:57.509+0000] {processor.py:183} INFO - Processing /home/airflow/.local/lib/python3.8/site-packages/airflow/example_dags/example_sensors.py took 0.149 seconds
[2026-06-18T17:00:27.772+0000] {processor.py:161} INFO - Started process (PID=1393) to work on /home/airflow/.local/lib/python3.8/site-packages/airflow/example_dags/example_sensors.py
[2026-06-18T17:00:27.774+0000] {processor.py:830} INFO - Processing file /home/airflow/.local/lib/python3.8/site-packages/airflow/example_dags/example_sensors.py for tasks to queue
[2026-06-18T17:00:27.776+0000] {logging_mixin.py:188} INFO - [2026-06-18T17:00:27.775+0000] {dagbag.py:538} INFO - Filling up the DagBag from /home/airflow/.local/lib/python3.8/site-packages/airflow/example_dags/example_sensors.py
[2026-06-18T17:00:27.792+0000] {processor.py:840} INFO - DAG(s) 'example_sensors' retrieved from /home/airflow/.local/lib/python3.8/site-packages/airflow/example_dags/example_sensors.py
[2026-06-18T17:00:27.996+0000] {logging_mixin.py:188} INFO - [2026-06-18T17:00:27.996+0000] {dag.py:3036} INFO - Sync 1 DAGs
[2026-06-18T17:00:28.015+0000] {logging_mixin.py:188} INFO - [2026-06-18T17:00:28.015+0000] {dag.py:3823} INFO - Setting next_dagrun for example_sensors to None, run_after=None
[2026-06-18T17:00:28.050+0000] {processor.py:183} INFO - Processing /home/airflow/.local/lib/python3.8/site-packages/airflow/example_dags/example_sensors.py took 0.284 seconds
[2026-06-18T17:00:59.077+0000] {processor.py:161} INFO - Started process (PID=1458) to work on /home/airflow/.local/lib/python3.8/site-packages/airflow/example_dags/example_sensors.py
[2026-06-18T17:00:59.078+0000] {processor.py:830} INFO - Processing file /home/airflow/.local/lib/python3.8/site-packages/airflow/example_dags/example_sensors.py for tasks to queue
[2026-06-18T17:00:59.082+0000] {logging_mixin.py:188} INFO - [2026-06-18T17:00:59.081+0000] {dagbag.py:538} INFO - Filling up the DagBag from /home/airflow/.local/lib/python3.8/site-packages/airflow/example_dags/example_sensors.py
[2026-06-18T17:00:59.112+0000] {processor.py:840} INFO - DAG(s) 'example_sensors' retrieved from /home/airflow/.local/lib/python3.8/site-packages/airflow/example_dags/example_sensors.py
[2026-06-18T17:00:59.171+0000] {logging_mixin.py:188} INFO - [2026-06-18T17:00:59.170+0000] {dag.py:3036} INFO - Sync 1 DAGs
[2026-06-18T17:00:59.196+0000] {logging_mixin.py:188} INFO - [2026-06-18T17:00:59.196+0000] {dag.py:3823} INFO - Setting next_dagrun for example_sensors to None, run_after=None
[2026-06-18T17:00:59.240+0000] {processor.py:183} INFO - Processing /home/airflow/.local/lib/python3.8/site-packages/airflow/example_dags/example_sensors.py took 0.169 seconds
[2026-06-18T17:01:29.536+0000] {processor.py:161} INFO - Started process (PID=1524) to work on /home/airflow/.local/lib/python3.8/site-packages/airflow/example_dags/example_sensors.py
[2026-06-18T17:01:29.539+0000] {processor.py:830} INFO - Processing file /home/airflow/.local/lib/python3.8/site-packages/airflow/example_dags/example_sensors.py for tasks to queue
[2026-06-18T17:01:29.543+0000] {logging_mixin.py:188} INFO - [2026-06-18T17:01:29.542+0000] {dagbag.py:538} INFO - Filling up the DagBag from /home/airflow/.local/lib/python3.8/site-packages/airflow/example_dags/example_sensors.py
[2026-06-18T17:01:29.562+0000] {processor.py:840} INFO - DAG(s) 'example_sensors' retrieved from /home/airflow/.local/lib/python3.8/site-packages/airflow/example_dags/example_sensors.py
[2026-06-18T17:01:29.616+0000] {logging_mixin.py:188} INFO - [2026-06-18T17:01:29.615+0000] {dag.py:3036} INFO - Sync 1 DAGs
[2026-06-18T17:01:29.639+0000] {logging_mixin.py:188} INFO - [2026-06-18T17:01:29.639+0000] {dag.py:3823} INFO - Setting next_dagrun for example_sensors to None, run_after=None
[2026-06-18T17:01:29.694+0000] {processor.py:183} INFO - Processing /home/airflow/.local/lib/python3.8/site-packages/airflow/example_dags/example_sensors.py took 0.165 seconds
[2026-06-18T17:02:00.127+0000] {processor.py:161} INFO - Started process (PID=1590) to work on /home/airflow/.local/lib/python3.8/site-packages/airflow/example_dags/example_sensors.py
[2026-06-18T17:02:00.128+0000] {processor.py:830} INFO - Processing file /home/airflow/.local/lib/python3.8/site-packages/airflow/example_dags/example_sensors.py for tasks to queue
[2026-06-18T17:02:00.131+0000] {logging_mixin.py:188} INFO - [2026-06-18T17:02:00.130+0000] {dagbag.py:538} INFO - Filling up the DagBag from /home/airflow/.local/lib/python3.8/site-packages/airflow/example_dags/example_sensors.py
[2026-06-18T17:02:00.149+0000] {processor.py:840} INFO - DAG(s) 'example_sensors' retrieved from /home/airflow/.local/lib/python3.8/site-packages/airflow/example_dags/example_sensors.py
[2026-06-18T17:02:00.205+0000] {logging_mixin.py:188} INFO - [2026-06-18T17:02:00.204+0000] {dag.py:3036} INFO - Sync 1 DAGs
[2026-06-18T17:02:00.230+0000] {logging_mixin.py:188} INFO - [2026-06-18T17:02:00.230+0000] {dag.py:3823} INFO - Setting next_dagrun for example_sensors to None, run_after=None
[2026-06-18T17:02:00.267+0000] {processor.py:183} INFO - Processing /home/airflow/.local/lib/python3.8/site-packages/airflow/example_dags/example_sensors.py took 0.146 seconds
[2026-06-18T17:02:30.885+0000] {processor.py:161} INFO - Started process (PID=1663) to work on /home/airflow/.local/lib/python3.8/site-packages/airflow/example_dags/example_sensors.py
[2026-06-18T17:02:30.887+0000] {processor.py:830} INFO - Processing file /home/airflow/.local/lib/python3.8/site-packages/airflow/example_dags/example_sensors.py for tasks to queue
[2026-06-18T17:02:30.890+0000] {logging_mixin.py:188} INFO - [2026-06-18T17:02:30.890+0000] {dagbag.py:538} INFO - Filling up the DagBag from /home/airflow/.local/lib/python3.8/site-packages/airflow/example_dags/example_sensors.py
[2026-06-18T17:02:30.910+0000] {processor.py:840} INFO - DAG(s) 'example_sensors' retrieved from /home/airflow/.local/lib/python3.8/site-packages/airflow/example_dags/example_sensors.py
[2026-06-18T17:02:30.965+0000] {logging_mixin.py:188} INFO - [2026-06-18T17:02:30.964+0000] {dag.py:3036} INFO - Sync 1 DAGs
[2026-06-18T17:02:30.991+0000] {logging_mixin.py:188} INFO - [2026-06-18T17:02:30.990+0000] {dag.py:3823} INFO - Setting next_dagrun for example_sensors to None, run_after=None
[2026-06-18T17:02:31.029+0000] {processor.py:183} INFO - Processing /home/airflow/.local/lib/python3.8/site-packages/airflow/example_dags/example_sensors.py took 0.150 seconds
[2026-06-18T17:03:01.449+0000] {processor.py:161} INFO - Started process (PID=1729) to work on /home/airflow/.local/lib/python3.8/site-packages/airflow/example_dags/example_sensors.py
[2026-06-18T17:03:01.451+0000] {processor.py:830} INFO - Processing file /home/airflow/.local/lib/python3.8/site-packages/airflow/example_dags/example_sensors.py for tasks to queue
[2026-06-18T17:03:01.453+0000] {logging_mixin.py:188} INFO - [2026-06-18T17:03:01.453+0000] {dagbag.py:538} INFO - Filling up the DagBag from /home/airflow/.local/lib/python3.8/site-packages/airflow/example_dags/example_sensors.py
[2026-06-18T17:03:01.473+0000] {processor.py:840} INFO - DAG(s) 'example_sensors' retrieved from /home/airflow/.local/lib/python3.8/site-packages/airflow/example_dags/example_sensors.py
[2026-06-18T17:03:01.526+0000] {logging_mixin.py:188} INFO - [2026-06-18T17:03:01.526+0000] {dag.py:3036} INFO - Sync 1 DAGs
[2026-06-18T17:03:01.551+0000] {logging_mixin.py:188} INFO - [2026-06-18T17:03:01.551+0000] {dag.py:3823} INFO - Setting next_dagrun for example_sensors to None, run_after=None
[2026-06-18T17:03:01.588+0000] {processor.py:183} INFO - Processing /home/airflow/.local/lib/python3.8/site-packages/airflow/example_dags/example_sensors.py took 0.146 seconds
[2026-06-18T17:03:32.108+0000] {processor.py:161} INFO - Started process (PID=1795) to work on /home/airflow/.local/lib/python3.8/site-packages/airflow/example_dags/example_sensors.py
[2026-06-18T17:03:32.110+0000] {processor.py:830} INFO - Processing file /home/airflow/.local/lib/python3.8/site-packages/airflow/example_dags/example_sensors.py for tasks to queue
[2026-06-18T17:03:32.114+0000] {logging_mixin.py:188} INFO - [2026-06-18T17:03:32.113+0000] {dagbag.py:538} INFO - Filling up the DagBag from /home/airflow/.local/lib/python3.8/site-packages/airflow/example_dags/example_sensors.py
[2026-06-18T17:03:32.133+0000] {processor.py:840} INFO - DAG(s) 'example_sensors' retrieved from /home/airflow/.local/lib/python3.8/site-packages/airflow/example_dags/example_sensors.py
[2026-06-18T17:03:32.192+0000] {logging_mixin.py:188} INFO - [2026-06-18T17:03:32.192+0000] {dag.py:3036} INFO - Sync 1 DAGs
[2026-06-18T17:03:32.217+0000] {logging_mixin.py:188} INFO - [2026-06-18T17:03:32.217+0000] {dag.py:3823} INFO - Setting next_dagrun for example_sensors to None, run_after=None
[2026-06-18T17:03:32.249+0000] {processor.py:183} INFO - Processing /home/airflow/.local/lib/python3.8/site-packages/airflow/example_dags/example_sensors.py took 0.147 seconds
[2026-06-18T17:04:02.659+0000] {processor.py:161} INFO - Started process (PID=1861) to work on /home/airflow/.local/lib/python3.8/site-packages/airflow/example_dags/example_sensors.py
[2026-06-18T17:04:02.660+0000] {processor.py:830} INFO - Processing file /home/airflow/.local/lib/python3.8/site-packages/airflow/example_dags/example_sensors.py for tasks to queue
[2026-06-18T17:04:02.663+0000] {logging_mixin.py:188} INFO - [2026-06-18T17:04:02.662+0000] {dagbag.py:538} INFO - Filling up the DagBag from /home/airflow/.local/lib/python3.8/site-packages/airflow/example_dags/example_sensors.py
[2026-06-18T17:04:02.681+0000] {processor.py:840} INFO - DAG(s) 'example_sensors' retrieved from /home/airflow/.local/lib/python3.8/site-packages/airflow/example_dags/example_sensors.py
[2026-06-18T17:04:02.739+0000] {logging_mixin.py:188} INFO - [2026-06-18T17:04:02.738+0000] {dag.py:3036} INFO - Sync 1 DAGs
[2026-06-18T17:04:02.763+0000] {logging_mixin.py:188} INFO - [2026-06-18T17:04:02.763+0000] {dag.py:3823} INFO - Setting next_dagrun for example_sensors to None, run_after=None
[2026-06-18T17:04:02.801+0000] {processor.py:183} INFO - Processing /home/airflow/.local/lib/python3.8/site-packages/airflow/example_dags/example_sensors.py took 0.148 seconds
[2026-06-18T17:04:33.121+0000] {processor.py:161} INFO - Started process (PID=1928) to work on /home/airflow/.local/lib/python3.8/site-packages/airflow/example_dags/example_sensors.py
[2026-06-18T17:04:33.122+0000] {processor.py:830} INFO - Processing file /home/airflow/.local/lib/python3.8/site-packages/airflow/example_dags/example_sensors.py for tasks to queue
[2026-06-18T17:04:33.125+0000] {logging_mixin.py:188} INFO - [2026-06-18T17:04:33.124+0000] {dagbag.py:538} INFO - Filling up the DagBag from /home/airflow/.local/lib/python3.8/site-packages/airflow/example_dags/example_sensors.py
[2026-06-18T17:04:33.139+0000] {processor.py:840} INFO - DAG(s) 'example_sensors' retrieved from /home/airflow/.local/lib/python3.8/site-packages/airflow/example_dags/example_sensors.py
[2026-06-18T17:04:33.187+0000] {logging_mixin.py:188} INFO - [2026-06-18T17:04:33.187+0000] {dag.py:3036} INFO - Sync 1 DAGs
[2026-06-18T17:04:33.208+0000] {logging_mixin.py:188} INFO - [2026-06-18T17:04:33.208+0000] {dag.py:3823} INFO - Setting next_dagrun for example_sensors to None, run_after=None
[2026-06-18T17:04:33.245+0000] {processor.py:183} INFO - Processing /home/airflow/.local/lib/python3.8/site-packages/airflow/example_dags/example_sensors.py took 0.129 seconds
[2026-06-18T17:05:03.518+0000] {processor.py:161} INFO - Started process (PID=1993) to work on /home/airflow/.local/lib/python3.8/site-packages/airflow/example_dags/example_sensors.py
[2026-06-18T17:05:03.520+0000] {processor.py:830} INFO - Processing file /home/airflow/.local/lib/python3.8/site-packages/airflow/example_dags/example_sensors.py for tasks to queue
[2026-06-18T17:05:03.522+0000] {logging_mixin.py:188} INFO - [2026-06-18T17:05:03.522+0000] {dagbag.py:538} INFO - Filling up the DagBag from /home/airflow/.local/lib/python3.8/site-packages/airflow/example_dags/example_sensors.py
[2026-06-18T17:05:03.538+0000] {processor.py:840} INFO - DAG(s) 'example_sensors' retrieved from /home/airflow/.local/lib/python3.8/site-packages/airflow/example_dags/example_sensors.py
[2026-06-18T17:05:03.590+0000] {logging_mixin.py:188} INFO - [2026-06-18T17:05:03.590+0000] {dag.py:3036} INFO - Sync 1 DAGs
[2026-06-18T17:05:03.613+0000] {logging_mixin.py:188} INFO - [2026-06-18T17:05:03.613+0000] {dag.py:3823} INFO - Setting next_dagrun for example_sensors to None, run_after=None
[2026-06-18T17:05:03.646+0000] {processor.py:183} INFO - Processing /home/airflow/.local/lib/python3.8/site-packages/airflow/example_dags/example_sensors.py took 0.133 seconds
[2026-06-18T17:05:34.171+0000] {processor.py:161} INFO - Started process (PID=2059) to work on /home/airflow/.local/lib/python3.8/site-packages/airflow/example_dags/example_sensors.py
[2026-06-18T17:05:34.173+0000] {processor.py:830} INFO - Processing file /home/airflow/.local/lib/python3.8/site-packages/airflow/example_dags/example_sensors.py for tasks to queue
[2026-06-18T17:05:34.175+0000] {logging_mixin.py:188} INFO - [2026-06-18T17:05:34.175+0000] {dagbag.py:538} INFO - Filling up the DagBag from /home/airflow/.local/lib/python3.8/site-packages/airflow/example_dags/example_sensors.py
[2026-06-18T17:05:34.189+0000] {processor.py:840} INFO - DAG(s) 'example_sensors' retrieved from /home/airflow/.local/lib/python3.8/site-packages/airflow/example_dags/example_sensors.py
[2026-06-18T17:05:34.240+0000] {logging_mixin.py:188} INFO - [2026-06-18T17:05:34.240+0000] {dag.py:3036} INFO - Sync 1 DAGs
[2026-06-18T17:05:34.263+0000] {logging_mixin.py:188} INFO - [2026-06-18T17:05:34.262+0000] {dag.py:3823} INFO - Setting next_dagrun for example_sensors to None, run_after=None
[2026-06-18T17:05:34.297+0000] {processor.py:183} INFO - Processing /home/airflow/.local/lib/python3.8/site-packages/airflow/example_dags/example_sensors.py took 0.131 seconds
[2026-06-18T17:06:05.126+0000] {processor.py:161} INFO - Started process (PID=2124) to work on /home/airflow/.local/lib/python3.8/site-packages/airflow/example_dags/example_sensors.py
[2026-06-18T17:06:05.128+0000] {processor.py:830} INFO - Processing file /home/airflow/.local/lib/python3.8/site-packages/airflow/example_dags/example_sensors.py for tasks to queue
[2026-06-18T17:06:05.131+0000] {logging_mixin.py:188} INFO - [2026-06-18T17:06:05.130+0000] {dagbag.py:538} INFO - Filling up the DagBag from /home/airflow/.local/lib/python3.8/site-packages/airflow/example_dags/example_sensors.py
[2026-06-18T17:06:05.150+0000] {processor.py:840} INFO - DAG(s) 'example_sensors' retrieved from /home/airflow/.local/lib/python3.8/site-packages/airflow/example_dags/example_sensors.py
[2026-06-18T17:06:05.211+0000] {logging_mixin.py:188} INFO - [2026-06-18T17:06:05.211+0000] {dag.py:3036} INFO - Sync 1 DAGs
[2026-06-18T17:06:05.235+0000] {logging_mixin.py:188} INFO - [2026-06-18T17:06:05.235+0000] {dag.py:3823} INFO - Setting next_dagrun for example_sensors to None, run_after=None
[2026-06-18T17:06:05.273+0000] {processor.py:183} INFO - Processing /home/airflow/.local/lib/python3.8/site-packages/airflow/example_dags/example_sensors.py took 0.152 seconds
[2026-06-18T17:06:35.679+0000] {processor.py:161} INFO - Started process (PID=2190) to work on /home/airflow/.local/lib/python3.8/site-packages/airflow/example_dags/example_sensors.py
[2026-06-18T17:06:35.681+0000] {processor.py:830} INFO - Processing file /home/airflow/.local/lib/python3.8/site-packages/airflow/example_dags/example_sensors.py for tasks to queue
[2026-06-18T17:06:35.684+0000] {logging_mixin.py:188} INFO - [2026-06-18T17:06:35.684+0000] {dagbag.py:538} INFO - Filling up the DagBag from /home/airflow/.local/lib/python3.8/site-packages/airflow/example_dags/example_sensors.py
[2026-06-18T17:06:35.703+0000] {processor.py:840} INFO - DAG(s) 'example_sensors' retrieved from /home/airflow/.local/lib/python3.8/site-packages/airflow/example_dags/example_sensors.py
[2026-06-18T17:06:35.763+0000] {logging_mixin.py:188} INFO - [2026-06-18T17:06:35.763+0000] {dag.py:3036} INFO - Sync 1 DAGs
[2026-06-18T17:06:35.789+0000] {logging_mixin.py:188} INFO - [2026-06-18T17:06:35.788+0000] {dag.py:3823} INFO - Setting next_dagrun for example_sensors to None, run_after=None
[2026-06-18T17:06:35.844+0000] {processor.py:183} INFO - Processing /home/airflow/.local/lib/python3.8/site-packages/airflow/example_dags/example_sensors.py took 0.170 seconds
[2026-06-18T17:07:06.010+0000] {processor.py:161} INFO - Started process (PID=2256) to work on /home/airflow/.local/lib/python3.8/site-packages/airflow/example_dags/example_sensors.py
[2026-06-18T17:07:06.012+0000] {processor.py:830} INFO - Processing file /home/airflow/.local/lib/python3.8/site-packages/airflow/example_dags/example_sensors.py for tasks to queue
[2026-06-18T17:07:06.014+0000] {logging_mixin.py:188} INFO - [2026-06-18T17:07:06.014+0000] {dagbag.py:538} INFO - Filling up the DagBag from /home/airflow/.local/lib/python3.8/site-packages/airflow/example_dags/example_sensors.py
[2026-06-18T17:07:06.029+0000] {processor.py:840} INFO - DAG(s) 'example_sensors' retrieved from /home/airflow/.local/lib/python3.8/site-packages/airflow/example_dags/example_sensors.py
[2026-06-18T17:07:06.082+0000] {logging_mixin.py:188} INFO - [2026-06-18T17:07:06.082+0000] {dag.py:3036} INFO - Sync 1 DAGs
[2026-06-18T17:07:06.106+0000] {logging_mixin.py:188} INFO - [2026-06-18T17:07:06.106+0000] {dag.py:3823} INFO - Setting next_dagrun for example_sensors to None, run_after=None
[2026-06-18T17:07:06.140+0000] {processor.py:183} INFO - Processing /home/airflow/.local/lib/python3.8/site-packages/airflow/example_dags/example_sensors.py took 0.135 seconds
[2026-06-18T17:07:36.827+0000] {processor.py:161} INFO - Started process (PID=2321) to work on /home/airflow/.local/lib/python3.8/site-packages/airflow/example_dags/example_sensors.py
[2026-06-18T17:07:36.829+0000] {processor.py:830} INFO - Processing file /home/airflow/.local/lib/python3.8/site-packages/airflow/example_dags/example_sensors.py for tasks to queue
[2026-06-18T17:07:36.831+0000] {logging_mixin.py:188} INFO - [2026-06-18T17:07:36.831+0000] {dagbag.py:538} INFO - Filling up the DagBag from /home/airflow/.local/lib/python3.8/site-packages/airflow/example_dags/example_sensors.py
[2026-06-18T17:07:36.848+0000] {processor.py:840} INFO - DAG(s) 'example_sensors' retrieved from /home/airflow/.local/lib/python3.8/site-packages/airflow/example_dags/example_sensors.py
[2026-06-18T17:07:36.902+0000] {logging_mixin.py:188} INFO - [2026-06-18T17:07:36.901+0000] {dag.py:3036} INFO - Sync 1 DAGs
[2026-06-18T17:07:36.926+0000] {logging_mixin.py:188} INFO - [2026-06-18T17:07:36.926+0000] {dag.py:3823} INFO - Setting next_dagrun for example_sensors to None, run_after=None
[2026-06-18T17:07:36.959+0000] {processor.py:183} INFO - Processing /home/airflow/.local/lib/python3.8/site-packages/airflow/example_dags/example_sensors.py took 0.137 seconds
[2026-06-18T17:08:07.149+0000] {processor.py:161} INFO - Started process (PID=2395) to work on /home/airflow/.local/lib/python3.8/site-packages/airflow/example_dags/example_sensors.py
[2026-06-18T17:08:07.150+0000] {processor.py:830} INFO - Processing file /home/airflow/.local/lib/python3.8/site-packages/airflow/example_dags/example_sensors.py for tasks to queue
[2026-06-18T17:08:07.153+0000] {logging_mixin.py:188} INFO - [2026-06-18T17:08:07.153+0000] {dagbag.py:538} INFO - Filling up the DagBag from /home/airflow/.local/lib/python3.8/site-packages/airflow/example_dags/example_sensors.py
[2026-06-18T17:08:07.172+0000] {processor.py:840} INFO - DAG(s) 'example_sensors' retrieved from /home/airflow/.local/lib/python3.8/site-packages/airflow/example_dags/example_sensors.py
[2026-06-18T17:08:07.226+0000] {logging_mixin.py:188} INFO - [2026-06-18T17:08:07.226+0000] {dag.py:3036} INFO - Sync 1 DAGs
[2026-06-18T17:08:07.257+0000] {logging_mixin.py:188} INFO - [2026-06-18T17:08:07.256+0000] {dag.py:3823} INFO - Setting next_dagrun for example_sensors to None, run_after=None
[2026-06-18T17:08:07.293+0000] {processor.py:183} INFO - Processing /home/airflow/.local/lib/python3.8/site-packages/airflow/example_dags/example_sensors.py took 0.150 seconds
[2026-06-18T17:08:37.368+0000] {processor.py:161} INFO - Started process (PID=2463) to work on /home/airflow/.local/lib/python3.8/site-packages/airflow/example_dags/example_sensors.py
[2026-06-18T17:08:37.370+0000] {processor.py:830} INFO - Processing file /home/airflow/.local/lib/python3.8/site-packages/airflow/example_dags/example_sensors.py for tasks to queue
[2026-06-18T17:08:37.373+0000] {logging_mixin.py:188} INFO - [2026-06-18T17:08:37.373+0000] {dagbag.py:538} INFO - Filling up the DagBag from /home/airflow/.local/lib/python3.8/site-packages/airflow/example_dags/example_sensors.py
[2026-06-18T17:08:37.391+0000] {processor.py:840} INFO - DAG(s) 'example_sensors' retrieved from /home/airflow/.local/lib/python3.8/site-packages/airflow/example_dags/example_sensors.py
[2026-06-18T17:08:37.451+0000] {logging_mixin.py:188} INFO - [2026-06-18T17:08:37.450+0000] {dag.py:3036} INFO - Sync 1 DAGs
[2026-06-18T17:08:37.475+0000] {logging_mixin.py:188} INFO - [2026-06-18T17:08:37.474+0000] {dag.py:3823} INFO - Setting next_dagrun for example_sensors to None, run_after=None
[2026-06-18T17:08:37.514+0000] {processor.py:183} INFO - Processing /home/airflow/.local/lib/python3.8/site-packages/airflow/example_dags/example_sensors.py took 0.152 seconds
[2026-06-18T17:09:07.934+0000] {processor.py:161} INFO - Started process (PID=2528) to work on /home/airflow/.local/lib/python3.8/site-packages/airflow/example_dags/example_sensors.py
[2026-06-18T17:09:07.936+0000] {processor.py:830} INFO - Processing file /home/airflow/.local/lib/python3.8/site-packages/airflow/example_dags/example_sensors.py for tasks to queue
[2026-06-18T17:09:07.939+0000] {logging_mixin.py:188} INFO - [2026-06-18T17:09:07.939+0000] {dagbag.py:538} INFO - Filling up the DagBag from /home/airflow/.local/lib/python3.8/site-packages/airflow/example_dags/example_sensors.py
[2026-06-18T17:09:07.956+0000] {processor.py:840} INFO - DAG(s) 'example_sensors' retrieved from /home/airflow/.local/lib/python3.8/site-packages/airflow/example_dags/example_sensors.py
[2026-06-18T17:09:08.016+0000] {logging_mixin.py:188} INFO - [2026-06-18T17:09:08.016+0000] {dag.py:3036} INFO - Sync 1 DAGs
[2026-06-18T17:09:08.038+0000] {logging_mixin.py:188} INFO - [2026-06-18T17:09:08.037+0000] {dag.py:3823} INFO - Setting next_dagrun for example_sensors to None, run_after=None
[2026-06-18T17:09:08.069+0000] {processor.py:183} INFO - Processing /home/airflow/.local/lib/python3.8/site-packages/airflow/example_dags/example_sensors.py took 0.141 seconds
[2026-06-18T17:09:38.676+0000] {processor.py:161} INFO - Started process (PID=2595) to work on /home/airflow/.local/lib/python3.8/site-packages/airflow/example_dags/example_sensors.py
[2026-06-18T17:09:38.678+0000] {processor.py:830} INFO - Processing file /home/airflow/.local/lib/python3.8/site-packages/airflow/example_dags/example_sensors.py for tasks to queue
[2026-06-18T17:09:38.681+0000] {logging_mixin.py:188} INFO - [2026-06-18T17:09:38.680+0000] {dagbag.py:538} INFO - Filling up the DagBag from /home/airflow/.local/lib/python3.8/site-packages/airflow/example_dags/example_sensors.py
[2026-06-18T17:09:38.699+0000] {processor.py:840} INFO - DAG(s) 'example_sensors' retrieved from /home/airflow/.local/lib/python3.8/site-packages/airflow/example_dags/example_sensors.py
[2026-06-18T17:09:38.753+0000] {logging_mixin.py:188} INFO - [2026-06-18T17:09:38.752+0000] {dag.py:3036} INFO - Sync 1 DAGs
[2026-06-18T17:09:38.779+0000] {logging_mixin.py:188} INFO - [2026-06-18T17:09:38.778+0000] {dag.py:3823} INFO - Setting next_dagrun for example_sensors to None, run_after=None
[2026-06-18T17:09:38.815+0000] {processor.py:183} INFO - Processing /home/airflow/.local/lib/python3.8/site-packages/airflow/example_dags/example_sensors.py took 0.149 seconds
[2026-06-18T17:10:09.494+0000] {processor.py:161} INFO - Started process (PID=2661) to work on /home/airflow/.local/lib/python3.8/site-packages/airflow/example_dags/example_sensors.py
[2026-06-18T17:10:09.496+0000] {processor.py:830} INFO - Processing file /home/airflow/.local/lib/python3.8/site-packages/airflow/example_dags/example_sensors.py for tasks to queue
[2026-06-18T17:10:09.499+0000] {logging_mixin.py:188} INFO - [2026-06-18T17:10:09.498+0000] {dagbag.py:538} INFO - Filling up the DagBag from /home/airflow/.local/lib/python3.8/site-packages/airflow/example_dags/example_sensors.py
[2026-06-18T17:10:09.517+0000] {processor.py:840} INFO - DAG(s) 'example_sensors' retrieved from /home/airflow/.local/lib/python3.8/site-packages/airflow/example_dags/example_sensors.py
[2026-06-18T17:10:09.573+0000] {logging_mixin.py:188} INFO - [2026-06-18T17:10:09.573+0000] {dag.py:3036} INFO - Sync 1 DAGs
[2026-06-18T17:10:09.598+0000] {logging_mixin.py:188} INFO - [2026-06-18T17:10:09.597+0000] {dag.py:3823} INFO - Setting next_dagrun for example_sensors to None, run_after=None
[2026-06-18T17:10:09.634+0000] {processor.py:183} INFO - Processing /home/airflow/.local/lib/python3.8/site-packages/airflow/example_dags/example_sensors.py took 0.145 seconds
[2026-06-18T17:10:40.520+0000] {processor.py:161} INFO - Started process (PID=2726) to work on /home/airflow/.local/lib/python3.8/site-packages/airflow/example_dags/example_sensors.py
[2026-06-18T17:10:40.522+0000] {processor.py:830} INFO - Processing file /home/airflow/.local/lib/python3.8/site-packages/airflow/example_dags/example_sensors.py for tasks to queue
[2026-06-18T17:10:40.525+0000] {logging_mixin.py:188} INFO - [2026-06-18T17:10:40.524+0000] {dagbag.py:538} INFO - Filling up the DagBag from /home/airflow/.local/lib/python3.8/site-packages/airflow/example_dags/example_sensors.py
[2026-06-18T17:10:40.539+0000] {processor.py:840} INFO - DAG(s) 'example_sensors' retrieved from /home/airflow/.local/lib/python3.8/site-packages/airflow/example_dags/example_sensors.py
[2026-06-18T17:10:40.590+0000] {logging_mixin.py:188} INFO - [2026-06-18T17:10:40.589+0000] {dag.py:3036} INFO - Sync 1 DAGs
[2026-06-18T17:10:40.616+0000] {logging_mixin.py:188} INFO - [2026-06-18T17:10:40.616+0000] {dag.py:3823} INFO - Setting next_dagrun for example_sensors to None, run_after=None
[2026-06-18T17:10:40.650+0000] {processor.py:183} INFO - Processing /home/airflow/.local/lib/python3.8/site-packages/airflow/example_dags/example_sensors.py took 0.136 seconds
[2026-06-18T17:11:11.462+0000] {processor.py:161} INFO - Started process (PID=2793) to work on /home/airflow/.local/lib/python3.8/site-packages/airflow/example_dags/example_sensors.py
[2026-06-18T17:11:11.464+0000] {processor.py:830} INFO - Processing file /home/airflow/.local/lib/python3.8/site-packages/airflow/example_dags/example_sensors.py for tasks to queue
[2026-06-18T17:11:11.467+0000] {logging_mixin.py:188} INFO - [2026-06-18T17:11:11.466+0000] {dagbag.py:538} INFO - Filling up the DagBag from /home/airflow/.local/lib/python3.8/site-packages/airflow/example_dags/example_sensors.py
[2026-06-18T17:11:11.487+0000] {processor.py:840} INFO - DAG(s) 'example_sensors' retrieved from /home/airflow/.local/lib/python3.8/site-packages/airflow/example_dags/example_sensors.py
[2026-06-18T17:11:11.540+0000] {logging_mixin.py:188} INFO - [2026-06-18T17:11:11.539+0000] {dag.py:3036} INFO - Sync 1 DAGs
[2026-06-18T17:11:11.564+0000] {logging_mixin.py:188} INFO - [2026-06-18T17:11:11.563+0000] {dag.py:3823} INFO - Setting next_dagrun for example_sensors to None, run_after=None
[2026-06-18T17:11:11.599+0000] {processor.py:183} INFO - Processing /home/airflow/.local/lib/python3.8/site-packages/airflow/example_dags/example_sensors.py took 0.142 seconds
[2026-06-18T17:11:41.679+0000] {processor.py:161} INFO - Started process (PID=2858) to work on /home/airflow/.local/lib/python3.8/site-packages/airflow/example_dags/example_sensors.py
[2026-06-18T17:11:41.681+0000] {processor.py:830} INFO - Processing file /home/airflow/.local/lib/python3.8/site-packages/airflow/example_dags/example_sensors.py for tasks to queue
[2026-06-18T17:11:41.683+0000] {logging_mixin.py:188} INFO - [2026-06-18T17:11:41.683+0000] {dagbag.py:538} INFO - Filling up the DagBag from /home/airflow/.local/lib/python3.8/site-packages/airflow/example_dags/example_sensors.py
[2026-06-18T17:11:41.698+0000] {processor.py:840} INFO - DAG(s) 'example_sensors' retrieved from /home/airflow/.local/lib/python3.8/site-packages/airflow/example_dags/example_sensors.py
[2026-06-18T17:11:41.750+0000] {logging_mixin.py:188} INFO - [2026-06-18T17:11:41.750+0000] {dag.py:3036} INFO - Sync 1 DAGs
[2026-06-18T17:11:41.774+0000] {logging_mixin.py:188} INFO - [2026-06-18T17:11:41.773+0000] {dag.py:3823} INFO - Setting next_dagrun for example_sensors to None, run_after=None
[2026-06-18T17:11:41.805+0000] {processor.py:183} INFO - Processing /home/airflow/.local/lib/python3.8/site-packages/airflow/example_dags/example_sensors.py took 0.132 seconds
[2026-06-18T17:12:12.669+0000] {processor.py:161} INFO - Started process (PID=2924) to work on /home/airflow/.local/lib/python3.8/site-packages/airflow/example_dags/example_sensors.py
[2026-06-18T17:12:12.672+0000] {processor.py:830} INFO - Processing file /home/airflow/.local/lib/python3.8/site-packages/airflow/example_dags/example_sensors.py for tasks to queue
[2026-06-18T17:12:12.675+0000] {logging_mixin.py:188} INFO - [2026-06-18T17:12:12.674+0000] {dagbag.py:538} INFO - Filling up the DagBag from /home/airflow/.local/lib/python3.8/site-packages/airflow/example_dags/example_sensors.py
[2026-06-18T17:12:12.690+0000] {processor.py:840} INFO - DAG(s) 'example_sensors' retrieved from /home/airflow/.local/lib/python3.8/site-packages/airflow/example_dags/example_sensors.py
[2026-06-18T17:12:12.736+0000] {logging_mixin.py:188} INFO - [2026-06-18T17:12:12.735+0000] {dag.py:3036} INFO - Sync 1 DAGs
[2026-06-18T17:12:12.756+0000] {logging_mixin.py:188} INFO - [2026-06-18T17:12:12.755+0000] {dag.py:3823} INFO - Setting next_dagrun for example_sensors to None, run_after=None
[2026-06-18T17:12:12.785+0000] {processor.py:183} INFO - Processing /home/airflow/.local/lib/python3.8/site-packages/airflow/example_dags/example_sensors.py took 0.121 seconds
[2026-06-18T17:12:43.386+0000] {processor.py:161} INFO - Started process (PID=2991) to work on /home/airflow/.local/lib/python3.8/site-packages/airflow/example_dags/example_sensors.py
[2026-06-18T17:12:43.387+0000] {processor.py:830} INFO - Processing file /home/airflow/.local/lib/python3.8/site-packages/airflow/example_dags/example_sensors.py for tasks to queue
[2026-06-18T17:12:43.390+0000] {logging_mixin.py:188} INFO - [2026-06-18T17:12:43.390+0000] {dagbag.py:538} INFO - Filling up the DagBag from /home/airflow/.local/lib/python3.8/site-packages/airflow/example_dags/example_sensors.py
[2026-06-18T17:12:43.406+0000] {processor.py:840} INFO - DAG(s) 'example_sensors' retrieved from /home/airflow/.local/lib/python3.8/site-packages/airflow/example_dags/example_sensors.py
[2026-06-18T17:12:43.664+0000] {logging_mixin.py:188} INFO - [2026-06-18T17:12:43.664+0000] {dag.py:3036} INFO - Sync 1 DAGs
[2026-06-18T17:12:43.684+0000] {logging_mixin.py:188} INFO - [2026-06-18T17:12:43.683+0000] {dag.py:3823} INFO - Setting next_dagrun for example_sensors to None, run_after=None
[2026-06-18T17:12:43.713+0000] {processor.py:183} INFO - Processing /home/airflow/.local/lib/python3.8/site-packages/airflow/example_dags/example_sensors.py took 0.332 seconds
[2026-06-18T17:13:13.926+0000] {processor.py:161} INFO - Started process (PID=3056) to work on /home/airflow/.local/lib/python3.8/site-packages/airflow/example_dags/example_sensors.py
[2026-06-18T17:13:13.927+0000] {processor.py:830} INFO - Processing file /home/airflow/.local/lib/python3.8/site-packages/airflow/example_dags/example_sensors.py for tasks to queue
[2026-06-18T17:13:13.930+0000] {logging_mixin.py:188} INFO - [2026-06-18T17:13:13.929+0000] {dagbag.py:538} INFO - Filling up the DagBag from /home/airflow/.local/lib/python3.8/site-packages/airflow/example_dags/example_sensors.py
[2026-06-18T17:13:13.945+0000] {processor.py:840} INFO - DAG(s) 'example_sensors' retrieved from /home/airflow/.local/lib/python3.8/site-packages/airflow/example_dags/example_sensors.py
[2026-06-18T17:13:13.989+0000] {logging_mixin.py:188} INFO - [2026-06-18T17:13:13.988+0000] {dag.py:3036} INFO - Sync 1 DAGs
[2026-06-18T17:13:14.011+0000] {logging_mixin.py:188} INFO - [2026-06-18T17:13:14.011+0000] {dag.py:3823} INFO - Setting next_dagrun for example_sensors to None, run_after=None
[2026-06-18T17:13:14.253+0000] {processor.py:183} INFO - Processing /home/airflow/.local/lib/python3.8/site-packages/airflow/example_dags/example_sensors.py took 0.333 seconds
[2026-06-18T17:13:44.325+0000] {processor.py:161} INFO - Started process (PID=3121) to work on /home/airflow/.local/lib/python3.8/site-packages/airflow/example_dags/example_sensors.py
[2026-06-18T17:13:44.326+0000] {processor.py:830} INFO - Processing file /home/airflow/.local/lib/python3.8/site-packages/airflow/example_dags/example_sensors.py for tasks to queue
[2026-06-18T17:13:44.329+0000] {logging_mixin.py:188} INFO - [2026-06-18T17:13:44.328+0000] {dagbag.py:538} INFO - Filling up the DagBag from /home/airflow/.local/lib/python3.8/site-packages/airflow/example_dags/example_sensors.py
[2026-06-18T17:13:44.344+0000] {processor.py:840} INFO - DAG(s) 'example_sensors' retrieved from /home/airflow/.local/lib/python3.8/site-packages/airflow/example_dags/example_sensors.py
[2026-06-18T17:13:44.394+0000] {logging_mixin.py:188} INFO - [2026-06-18T17:13:44.394+0000] {dag.py:3036} INFO - Sync 1 DAGs
[2026-06-18T17:13:44.417+0000] {logging_mixin.py:188} INFO - [2026-06-18T17:13:44.417+0000] {dag.py:3823} INFO - Setting next_dagrun for example_sensors to None, run_after=None
[2026-06-18T17:13:44.447+0000] {processor.py:183} INFO - Processing /home/airflow/.local/lib/python3.8/site-packages/airflow/example_dags/example_sensors.py took 0.128 seconds
[2026-06-18T17:14:14.839+0000] {processor.py:161} INFO - Started process (PID=3184) to work on /home/airflow/.local/lib/python3.8/site-packages/airflow/example_dags/example_sensors.py
[2026-06-18T17:14:14.842+0000] {processor.py:830} INFO - Processing file /home/airflow/.local/lib/python3.8/site-packages/airflow/example_dags/example_sensors.py for tasks to queue
[2026-06-18T17:14:14.845+0000] {logging_mixin.py:188} INFO - [2026-06-18T17:14:14.844+0000] {dagbag.py:538} INFO - Filling up the DagBag from /home/airflow/.local/lib/python3.8/site-packages/airflow/example_dags/example_sensors.py
[2026-06-18T17:14:14.860+0000] {processor.py:840} INFO - DAG(s) 'example_sensors' retrieved from /home/airflow/.local/lib/python3.8/site-packages/airflow/example_dags/example_sensors.py
[2026-06-18T17:14:14.925+0000] {logging_mixin.py:188} INFO - [2026-06-18T17:14:14.925+0000] {dag.py:3036} INFO - Sync 1 DAGs
[2026-06-18T17:14:14.966+0000] {logging_mixin.py:188} INFO - [2026-06-18T17:14:14.965+0000] {dag.py:3823} INFO - Setting next_dagrun for example_sensors to None, run_after=None
[2026-06-18T17:14:15.090+0000] {processor.py:183} INFO - Processing /home/airflow/.local/lib/python3.8/site-packages/airflow/example_dags/example_sensors.py took 0.256 seconds
[2026-06-18T17:14:45.154+0000] {processor.py:161} INFO - Started process (PID=3250) to work on /home/airflow/.local/lib/python3.8/site-packages/airflow/example_dags/example_sensors.py
[2026-06-18T17:14:45.156+0000] {processor.py:830} INFO - Processing file /home/airflow/.local/lib/python3.8/site-packages/airflow/example_dags/example_sensors.py for tasks to queue
[2026-06-18T17:14:45.159+0000] {logging_mixin.py:188} INFO - [2026-06-18T17:14:45.159+0000] {dagbag.py:538} INFO - Filling up the DagBag from /home/airflow/.local/lib/python3.8/site-packages/airflow/example_dags/example_sensors.py
[2026-06-18T17:14:45.174+0000] {processor.py:840} INFO - DAG(s) 'example_sensors' retrieved from /home/airflow/.local/lib/python3.8/site-packages/airflow/example_dags/example_sensors.py
[2026-06-18T17:14:45.222+0000] {logging_mixin.py:188} INFO - [2026-06-18T17:14:45.222+0000] {dag.py:3036} INFO - Sync 1 DAGs
[2026-06-18T17:14:45.252+0000] {logging_mixin.py:188} INFO - [2026-06-18T17:14:45.251+0000] {dag.py:3823} INFO - Setting next_dagrun for example_sensors to None, run_after=None
[2026-06-18T17:14:45.291+0000] {processor.py:183} INFO - Processing /home/airflow/.local/lib/python3.8/site-packages/airflow/example_dags/example_sensors.py took 0.143 seconds
[2026-06-18T17:15:15.565+0000] {processor.py:161} INFO - Started process (PID=3317) to work on /home/airflow/.local/lib/python3.8/site-packages/airflow/example_dags/example_sensors.py
[2026-06-18T17:15:15.585+0000] {processor.py:830} INFO - Processing file /home/airflow/.local/lib/python3.8/site-packages/airflow/example_dags/example_sensors.py for tasks to queue
[2026-06-18T17:15:15.588+0000] {logging_mixin.py:188} INFO - [2026-06-18T17:15:15.588+0000] {dagbag.py:538} INFO - Filling up the DagBag from /home/airflow/.local/lib/python3.8/site-packages/airflow/example_dags/example_sensors.py
[2026-06-18T17:15:15.609+0000] {processor.py:840} INFO - DAG(s) 'example_sensors' retrieved from /home/airflow/.local/lib/python3.8/site-packages/airflow/example_dags/example_sensors.py
[2026-06-18T17:15:15.665+0000] {logging_mixin.py:188} INFO - [2026-06-18T17:15:15.664+0000] {dag.py:3036} INFO - Sync 1 DAGs
[2026-06-18T17:15:15.689+0000] {logging_mixin.py:188} INFO - [2026-06-18T17:15:15.688+0000] {dag.py:3823} INFO - Setting next_dagrun for example_sensors to None, run_after=None
[2026-06-18T17:15:15.722+0000] {processor.py:183} INFO - Processing /home/airflow/.local/lib/python3.8/site-packages/airflow/example_dags/example_sensors.py took 0.170 seconds
[2026-06-18T17:15:45.858+0000] {processor.py:161} INFO - Started process (PID=3382) to work on /home/airflow/.local/lib/python3.8/site-packages/airflow/example_dags/example_sensors.py
[2026-06-18T17:15:45.869+0000] {processor.py:830} INFO - Processing file /home/airflow/.local/lib/python3.8/site-packages/airflow/example_dags/example_sensors.py for tasks to queue
[2026-06-18T17:15:45.872+0000] {logging_mixin.py:188} INFO - [2026-06-18T17:15:45.872+0000] {dagbag.py:538} INFO - Filling up the DagBag from /home/airflow/.local/lib/python3.8/site-packages/airflow/example_dags/example_sensors.py
[2026-06-18T17:15:45.891+0000] {processor.py:840} INFO - DAG(s) 'example_sensors' retrieved from /home/airflow/.local/lib/python3.8/site-packages/airflow/example_dags/example_sensors.py
[2026-06-18T17:15:45.937+0000] {logging_mixin.py:188} INFO - [2026-06-18T17:15:45.937+0000] {dag.py:3036} INFO - Sync 1 DAGs
[2026-06-18T17:15:45.955+0000] {logging_mixin.py:188} INFO - [2026-06-18T17:15:45.955+0000] {dag.py:3823} INFO - Setting next_dagrun for example_sensors to None, run_after=None
[2026-06-18T17:15:45.981+0000] {processor.py:183} INFO - Processing /home/airflow/.local/lib/python3.8/site-packages/airflow/example_dags/example_sensors.py took 0.128 seconds
[2026-06-18T17:16:16.363+0000] {processor.py:161} INFO - Started process (PID=3454) to work on /home/airflow/.local/lib/python3.8/site-packages/airflow/example_dags/example_sensors.py
[2026-06-18T17:16:16.366+0000] {processor.py:830} INFO - Processing file /home/airflow/.local/lib/python3.8/site-packages/airflow/example_dags/example_sensors.py for tasks to queue
[2026-06-18T17:16:16.369+0000] {logging_mixin.py:188} INFO - [2026-06-18T17:16:16.368+0000] {dagbag.py:538} INFO - Filling up the DagBag from /home/airflow/.local/lib/python3.8/site-packages/airflow/example_dags/example_sensors.py
[2026-06-18T17:16:16.383+0000] {processor.py:840} INFO - DAG(s) 'example_sensors' retrieved from /home/airflow/.local/lib/python3.8/site-packages/airflow/example_dags/example_sensors.py
[2026-06-18T17:16:16.425+0000] {logging_mixin.py:188} INFO - [2026-06-18T17:16:16.425+0000] {dag.py:3036} INFO - Sync 1 DAGs
[2026-06-18T17:16:16.446+0000] {logging_mixin.py:188} INFO - [2026-06-18T17:16:16.445+0000] {dag.py:3823} INFO - Setting next_dagrun for example_sensors to None, run_after=None
[2026-06-18T17:16:16.473+0000] {processor.py:183} INFO - Processing /home/airflow/.local/lib/python3.8/site-packages/airflow/example_dags/example_sensors.py took 0.115 seconds
[2026-06-18T17:16:46.670+0000] {processor.py:161} INFO - Started process (PID=3521) to work on /home/airflow/.local/lib/python3.8/site-packages/airflow/example_dags/example_sensors.py
[2026-06-18T17:16:46.671+0000] {processor.py:830} INFO - Processing file /home/airflow/.local/lib/python3.8/site-packages/airflow/example_dags/example_sensors.py for tasks to queue
[2026-06-18T17:16:46.677+0000] {logging_mixin.py:188} INFO - [2026-06-18T17:16:46.676+0000] {dagbag.py:538} INFO - Filling up the DagBag from /home/airflow/.local/lib/python3.8/site-packages/airflow/example_dags/example_sensors.py
[2026-06-18T17:16:46.695+0000] {processor.py:840} INFO - DAG(s) 'example_sensors' retrieved from /home/airflow/.local/lib/python3.8/site-packages/airflow/example_dags/example_sensors.py
[2026-06-18T17:16:46.748+0000] {logging_mixin.py:188} INFO - [2026-06-18T17:16:46.747+0000] {dag.py:3036} INFO - Sync 1 DAGs
[2026-06-18T17:16:46.773+0000] {logging_mixin.py:188} INFO - [2026-06-18T17:16:46.773+0000] {dag.py:3823} INFO - Setting next_dagrun for example_sensors to None, run_after=None
[2026-06-18T17:16:46.807+0000] {processor.py:183} INFO - Processing /home/airflow/.local/lib/python3.8/site-packages/airflow/example_dags/example_sensors.py took 0.145 seconds
[2026-06-18T17:17:16.933+0000] {processor.py:161} INFO - Started process (PID=3588) to work on /home/airflow/.local/lib/python3.8/site-packages/airflow/example_dags/example_sensors.py
[2026-06-18T17:17:16.935+0000] {processor.py:830} INFO - Processing file /home/airflow/.local/lib/python3.8/site-packages/airflow/example_dags/example_sensors.py for tasks to queue
[2026-06-18T17:17:16.938+0000] {logging_mixin.py:188} INFO - [2026-06-18T17:17:16.938+0000] {dagbag.py:538} INFO - Filling up the DagBag from /home/airflow/.local/lib/python3.8/site-packages/airflow/example_dags/example_sensors.py
[2026-06-18T17:17:16.958+0000] {processor.py:840} INFO - DAG(s) 'example_sensors' retrieved from /home/airflow/.local/lib/python3.8/site-packages/airflow/example_dags/example_sensors.py
[2026-06-18T17:17:17.009+0000] {logging_mixin.py:188} INFO - [2026-06-18T17:17:17.009+0000] {dag.py:3036} INFO - Sync 1 DAGs
[2026-06-18T17:17:17.029+0000] {logging_mixin.py:188} INFO - [2026-06-18T17:17:17.029+0000] {dag.py:3823} INFO - Setting next_dagrun for example_sensors to None, run_after=None
[2026-06-18T17:17:17.064+0000] {processor.py:183} INFO - Processing /home/airflow/.local/lib/python3.8/site-packages/airflow/example_dags/example_sensors.py took 0.137 seconds
[2026-06-18T17:17:47.427+0000] {processor.py:161} INFO - Started process (PID=3654) to work on /home/airflow/.local/lib/python3.8/site-packages/airflow/example_dags/example_sensors.py
[2026-06-18T17:17:47.431+0000] {processor.py:830} INFO - Processing file /home/airflow/.local/lib/python3.8/site-packages/airflow/example_dags/example_sensors.py for tasks to queue
[2026-06-18T17:17:47.434+0000] {logging_mixin.py:188} INFO - [2026-06-18T17:17:47.433+0000] {dagbag.py:538} INFO - Filling up the DagBag from /home/airflow/.local/lib/python3.8/site-packages/airflow/example_dags/example_sensors.py
[2026-06-18T17:17:47.452+0000] {processor.py:840} INFO - DAG(s) 'example_sensors' retrieved from /home/airflow/.local/lib/python3.8/site-packages/airflow/example_dags/example_sensors.py
[2026-06-18T17:17:47.500+0000] {logging_mixin.py:188} INFO - [2026-06-18T17:17:47.499+0000] {dag.py:3036} INFO - Sync 1 DAGs
[2026-06-18T17:17:47.524+0000] {logging_mixin.py:188} INFO - [2026-06-18T17:17:47.524+0000] {dag.py:3823} INFO - Setting next_dagrun for example_sensors to None, run_after=None
[2026-06-18T17:17:47.563+0000] {processor.py:183} INFO - Processing /home/airflow/.local/lib/python3.8/site-packages/airflow/example_dags/example_sensors.py took 0.141 seconds
[2026-06-18T17:18:18.053+0000] {processor.py:161} INFO - Started process (PID=3721) to work on /home/airflow/.local/lib/python3.8/site-packages/airflow/example_dags/example_sensors.py
[2026-06-18T17:18:18.055+0000] {processor.py:830} INFO - Processing file /home/airflow/.local/lib/python3.8/site-packages/airflow/example_dags/example_sensors.py for tasks to queue
[2026-06-18T17:18:18.058+0000] {logging_mixin.py:188} INFO - [2026-06-18T17:18:18.058+0000] {dagbag.py:538} INFO - Filling up the DagBag from /home/airflow/.local/lib/python3.8/site-packages/airflow/example_dags/example_sensors.py
[2026-06-18T17:18:18.079+0000] {processor.py:840} INFO - DAG(s) 'example_sensors' retrieved from /home/airflow/.local/lib/python3.8/site-packages/airflow/example_dags/example_sensors.py
[2026-06-18T17:18:18.120+0000] {logging_mixin.py:188} INFO - [2026-06-18T17:18:18.120+0000] {dag.py:3036} INFO - Sync 1 DAGs
[2026-06-18T17:18:18.139+0000] {logging_mixin.py:188} INFO - [2026-06-18T17:18:18.139+0000] {dag.py:3823} INFO - Setting next_dagrun for example_sensors to None, run_after=None
[2026-06-18T17:18:18.165+0000] {processor.py:183} INFO - Processing /home/airflow/.local/lib/python3.8/site-packages/airflow/example_dags/example_sensors.py took 0.117 seconds
[2026-06-18T17:18:48.627+0000] {processor.py:161} INFO - Started process (PID=3787) to work on /home/airflow/.local/lib/python3.8/site-packages/airflow/example_dags/example_sensors.py
[2026-06-18T17:18:48.630+0000] {processor.py:830} INFO - Processing file /home/airflow/.local/lib/python3.8/site-packages/airflow/example_dags/example_sensors.py for tasks to queue
[2026-06-18T17:18:48.632+0000] {logging_mixin.py:188} INFO - [2026-06-18T17:18:48.632+0000] {dagbag.py:538} INFO - Filling up the DagBag from /home/airflow/.local/lib/python3.8/site-packages/airflow/example_dags/example_sensors.py
[2026-06-18T17:18:48.649+0000] {processor.py:840} INFO - DAG(s) 'example_sensors' retrieved from /home/airflow/.local/lib/python3.8/site-packages/airflow/example_dags/example_sensors.py
[2026-06-18T17:18:48.700+0000] {logging_mixin.py:188} INFO - [2026-06-18T17:18:48.699+0000] {dag.py:3036} INFO - Sync 1 DAGs
[2026-06-18T17:18:48.728+0000] {logging_mixin.py:188} INFO - [2026-06-18T17:18:48.727+0000] {dag.py:3823} INFO - Setting next_dagrun for example_sensors to None, run_after=None
[2026-06-18T17:18:48.768+0000] {processor.py:183} INFO - Processing /home/airflow/.local/lib/python3.8/site-packages/airflow/example_dags/example_sensors.py took 0.146 seconds
[2026-06-18T17:19:19.033+0000] {processor.py:161} INFO - Started process (PID=3853) to work on /home/airflow/.local/lib/python3.8/site-packages/airflow/example_dags/example_sensors.py
[2026-06-18T17:19:19.034+0000] {processor.py:830} INFO - Processing file /home/airflow/.local/lib/python3.8/site-packages/airflow/example_dags/example_sensors.py for tasks to queue
[2026-06-18T17:19:19.037+0000] {logging_mixin.py:188} INFO - [2026-06-18T17:19:19.036+0000] {dagbag.py:538} INFO - Filling up the DagBag from /home/airflow/.local/lib/python3.8/site-packages/airflow/example_dags/example_sensors.py
[2026-06-18T17:19:19.057+0000] {processor.py:840} INFO - DAG(s) 'example_sensors' retrieved from /home/airflow/.local/lib/python3.8/site-packages/airflow/example_dags/example_sensors.py
[2026-06-18T17:19:19.103+0000] {logging_mixin.py:188} INFO - [2026-06-18T17:19:19.103+0000] {dag.py:3036} INFO - Sync 1 DAGs
[2026-06-18T17:19:19.124+0000] {logging_mixin.py:188} INFO - [2026-06-18T17:19:19.124+0000] {dag.py:3823} INFO - Setting next_dagrun for example_sensors to None, run_after=None
[2026-06-18T17:19:19.158+0000] {processor.py:183} INFO - Processing /home/airflow/.local/lib/python3.8/site-packages/airflow/example_dags/example_sensors.py took 0.135 seconds
[2026-06-18T17:19:49.352+0000] {processor.py:161} INFO - Started process (PID=3922) to work on /home/airflow/.local/lib/python3.8/site-packages/airflow/example_dags/example_sensors.py
[2026-06-18T17:19:49.354+0000] {processor.py:830} INFO - Processing file /home/airflow/.local/lib/python3.8/site-packages/airflow/example_dags/example_sensors.py for tasks to queue
[2026-06-18T17:19:49.358+0000] {logging_mixin.py:188} INFO - [2026-06-18T17:19:49.357+0000] {dagbag.py:538} INFO - Filling up the DagBag from /home/airflow/.local/lib/python3.8/site-packages/airflow/example_dags/example_sensors.py
[2026-06-18T17:19:49.388+0000] {processor.py:840} INFO - DAG(s) 'example_sensors' retrieved from /home/airflow/.local/lib/python3.8/site-packages/airflow/example_dags/example_sensors.py
[2026-06-18T17:19:49.463+0000] {logging_mixin.py:188} INFO - [2026-06-18T17:19:49.462+0000] {dag.py:3036} INFO - Sync 1 DAGs
[2026-06-18T17:19:49.490+0000] {logging_mixin.py:188} INFO - [2026-06-18T17:19:49.489+0000] {dag.py:3823} INFO - Setting next_dagrun for example_sensors to None, run_after=None
[2026-06-18T17:19:49.520+0000] {processor.py:183} INFO - Processing /home/airflow/.local/lib/python3.8/site-packages/airflow/example_dags/example_sensors.py took 0.179 seconds
[2026-06-18T17:20:19.834+0000] {processor.py:161} INFO - Started process (PID=3988) to work on /home/airflow/.local/lib/python3.8/site-packages/airflow/example_dags/example_sensors.py
[2026-06-18T17:20:19.836+0000] {processor.py:830} INFO - Processing file /home/airflow/.local/lib/python3.8/site-packages/airflow/example_dags/example_sensors.py for tasks to queue
[2026-06-18T17:20:19.839+0000] {logging_mixin.py:188} INFO - [2026-06-18T17:20:19.838+0000] {dagbag.py:538} INFO - Filling up the DagBag from /home/airflow/.local/lib/python3.8/site-packages/airflow/example_dags/example_sensors.py
[2026-06-18T17:20:19.858+0000] {processor.py:840} INFO - DAG(s) 'example_sensors' retrieved from /home/airflow/.local/lib/python3.8/site-packages/airflow/example_dags/example_sensors.py
[2026-06-18T17:20:19.910+0000] {logging_mixin.py:188} INFO - [2026-06-18T17:20:19.910+0000] {dag.py:3036} INFO - Sync 1 DAGs
[2026-06-18T17:20:19.937+0000] {logging_mixin.py:188} INFO - [2026-06-18T17:20:19.936+0000] {dag.py:3823} INFO - Setting next_dagrun for example_sensors to None, run_after=None
[2026-06-18T17:20:19.977+0000] {processor.py:183} INFO - Processing /home/airflow/.local/lib/python3.8/site-packages/airflow/example_dags/example_sensors.py took 0.149 seconds
[2026-06-18T17:20:50.098+0000] {processor.py:161} INFO - Started process (PID=4055) to work on /home/airflow/.local/lib/python3.8/site-packages/airflow/example_dags/example_sensors.py
[2026-06-18T17:20:50.100+0000] {processor.py:830} INFO - Processing file /home/airflow/.local/lib/python3.8/site-packages/airflow/example_dags/example_sensors.py for tasks to queue
[2026-06-18T17:20:50.103+0000] {logging_mixin.py:188} INFO - [2026-06-18T17:20:50.102+0000] {dagbag.py:538} INFO - Filling up the DagBag from /home/airflow/.local/lib/python3.8/site-packages/airflow/example_dags/example_sensors.py
[2026-06-18T17:20:50.120+0000] {processor.py:840} INFO - DAG(s) 'example_sensors' retrieved from /home/airflow/.local/lib/python3.8/site-packages/airflow/example_dags/example_sensors.py
[2026-06-18T17:20:50.185+0000] {logging_mixin.py:188} INFO - [2026-06-18T17:20:50.185+0000] {dag.py:3036} INFO - Sync 1 DAGs
[2026-06-18T17:20:50.206+0000] {logging_mixin.py:188} INFO - [2026-06-18T17:20:50.205+0000] {dag.py:3823} INFO - Setting next_dagrun for example_sensors to None, run_after=None
[2026-06-18T17:20:50.237+0000] {processor.py:183} INFO - Processing /home/airflow/.local/lib/python3.8/site-packages/airflow/example_dags/example_sensors.py took 0.145 seconds
[2026-06-18T17:21:20.809+0000] {processor.py:161} INFO - Started process (PID=4121) to work on /home/airflow/.local/lib/python3.8/site-packages/airflow/example_dags/example_sensors.py
[2026-06-18T17:21:20.811+0000] {processor.py:830} INFO - Processing file /home/airflow/.local/lib/python3.8/site-packages/airflow/example_dags/example_sensors.py for tasks to queue
[2026-06-18T17:21:20.814+0000] {logging_mixin.py:188} INFO - [2026-06-18T17:21:20.813+0000] {dagbag.py:538} INFO - Filling up the DagBag from /home/airflow/.local/lib/python3.8/site-packages/airflow/example_dags/example_sensors.py
[2026-06-18T17:21:20.830+0000] {processor.py:840} INFO - DAG(s) 'example_sensors' retrieved from /home/airflow/.local/lib/python3.8/site-packages/airflow/example_dags/example_sensors.py
[2026-06-18T17:21:20.877+0000] {logging_mixin.py:188} INFO - [2026-06-18T17:21:20.877+0000] {dag.py:3036} INFO - Sync 1 DAGs
[2026-06-18T17:21:20.899+0000] {logging_mixin.py:188} INFO - [2026-06-18T17:21:20.899+0000] {dag.py:3823} INFO - Setting next_dagrun for example_sensors to None, run_after=None
[2026-06-18T17:21:20.932+0000] {processor.py:183} INFO - Processing /home/airflow/.local/lib/python3.8/site-packages/airflow/example_dags/example_sensors.py took 0.128 seconds
[2026-06-18T17:21:51.196+0000] {processor.py:161} INFO - Started process (PID=4187) to work on /home/airflow/.local/lib/python3.8/site-packages/airflow/example_dags/example_sensors.py
[2026-06-18T17:21:51.197+0000] {processor.py:830} INFO - Processing file /home/airflow/.local/lib/python3.8/site-packages/airflow/example_dags/example_sensors.py for tasks to queue
[2026-06-18T17:21:51.200+0000] {logging_mixin.py:188} INFO - [2026-06-18T17:21:51.200+0000] {dagbag.py:538} INFO - Filling up the DagBag from /home/airflow/.local/lib/python3.8/site-packages/airflow/example_dags/example_sensors.py
[2026-06-18T17:21:51.216+0000] {processor.py:840} INFO - DAG(s) 'example_sensors' retrieved from /home/airflow/.local/lib/python3.8/site-packages/airflow/example_dags/example_sensors.py
[2026-06-18T17:21:51.258+0000] {logging_mixin.py:188} INFO - [2026-06-18T17:21:51.258+0000] {dag.py:3036} INFO - Sync 1 DAGs
[2026-06-18T17:21:51.278+0000] {logging_mixin.py:188} INFO - [2026-06-18T17:21:51.278+0000] {dag.py:3823} INFO - Setting next_dagrun for example_sensors to None, run_after=None
[2026-06-18T17:21:51.309+0000] {processor.py:183} INFO - Processing /home/airflow/.local/lib/python3.8/site-packages/airflow/example_dags/example_sensors.py took 0.118 seconds
[2026-06-18T17:22:21.503+0000] {processor.py:161} INFO - Started process (PID=4260) to work on /home/airflow/.local/lib/python3.8/site-packages/airflow/example_dags/example_sensors.py
[2026-06-18T17:22:21.505+0000] {processor.py:830} INFO - Processing file /home/airflow/.local/lib/python3.8/site-packages/airflow/example_dags/example_sensors.py for tasks to queue
[2026-06-18T17:22:21.508+0000] {logging_mixin.py:188} INFO - [2026-06-18T17:22:21.507+0000] {dagbag.py:538} INFO - Filling up the DagBag from /home/airflow/.local/lib/python3.8/site-packages/airflow/example_dags/example_sensors.py
[2026-06-18T17:22:21.525+0000] {processor.py:840} INFO - DAG(s) 'example_sensors' retrieved from /home/airflow/.local/lib/python3.8/site-packages/airflow/example_dags/example_sensors.py
[2026-06-18T17:22:21.571+0000] {logging_mixin.py:188} INFO - [2026-06-18T17:22:21.571+0000] {dag.py:3036} INFO - Sync 1 DAGs
[2026-06-18T17:22:21.592+0000] {logging_mixin.py:188} INFO - [2026-06-18T17:22:21.592+0000] {dag.py:3823} INFO - Setting next_dagrun for example_sensors to None, run_after=None
[2026-06-18T17:22:21.625+0000] {processor.py:183} INFO - Processing /home/airflow/.local/lib/python3.8/site-packages/airflow/example_dags/example_sensors.py took 0.128 seconds
[2026-06-18T17:22:51.720+0000] {processor.py:161} INFO - Started process (PID=4328) to work on /home/airflow/.local/lib/python3.8/site-packages/airflow/example_dags/example_sensors.py
[2026-06-18T17:22:51.723+0000] {processor.py:830} INFO - Processing file /home/airflow/.local/lib/python3.8/site-packages/airflow/example_dags/example_sensors.py for tasks to queue
[2026-06-18T17:22:51.726+0000] {logging_mixin.py:188} INFO - [2026-06-18T17:22:51.725+0000] {dagbag.py:538} INFO - Filling up the DagBag from /home/airflow/.local/lib/python3.8/site-packages/airflow/example_dags/example_sensors.py
[2026-06-18T17:22:51.745+0000] {processor.py:840} INFO - DAG(s) 'example_sensors' retrieved from /home/airflow/.local/lib/python3.8/site-packages/airflow/example_dags/example_sensors.py
[2026-06-18T17:22:51.812+0000] {logging_mixin.py:188} INFO - [2026-06-18T17:22:51.811+0000] {dag.py:3036} INFO - Sync 1 DAGs
[2026-06-18T17:22:51.837+0000] {logging_mixin.py:188} INFO - [2026-06-18T17:22:51.836+0000] {dag.py:3823} INFO - Setting next_dagrun for example_sensors to None, run_after=None
[2026-06-18T17:22:51.878+0000] {processor.py:183} INFO - Processing /home/airflow/.local/lib/python3.8/site-packages/airflow/example_dags/example_sensors.py took 0.165 seconds
[2026-06-18T17:23:22.653+0000] {processor.py:161} INFO - Started process (PID=4393) to work on /home/airflow/.local/lib/python3.8/site-packages/airflow/example_dags/example_sensors.py
[2026-06-18T17:23:22.656+0000] {processor.py:830} INFO - Processing file /home/airflow/.local/lib/python3.8/site-packages/airflow/example_dags/example_sensors.py for tasks to queue
[2026-06-18T17:23:22.659+0000] {logging_mixin.py:188} INFO - [2026-06-18T17:23:22.658+0000] {dagbag.py:538} INFO - Filling up the DagBag from /home/airflow/.local/lib/python3.8/site-packages/airflow/example_dags/example_sensors.py
[2026-06-18T17:23:22.681+0000] {processor.py:840} INFO - DAG(s) 'example_sensors' retrieved from /home/airflow/.local/lib/python3.8/site-packages/airflow/example_dags/example_sensors.py
[2026-06-18T17:23:22.735+0000] {logging_mixin.py:188} INFO - [2026-06-18T17:23:22.734+0000] {dag.py:3036} INFO - Sync 1 DAGs
[2026-06-18T17:23:22.766+0000] {logging_mixin.py:188} INFO - [2026-06-18T17:23:22.766+0000] {dag.py:3823} INFO - Setting next_dagrun for example_sensors to None, run_after=None
[2026-06-18T17:23:22.812+0000] {processor.py:183} INFO - Processing /home/airflow/.local/lib/python3.8/site-packages/airflow/example_dags/example_sensors.py took 0.165 seconds
[2026-06-18T17:23:52.995+0000] {processor.py:161} INFO - Started process (PID=4458) to work on /home/airflow/.local/lib/python3.8/site-packages/airflow/example_dags/example_sensors.py
[2026-06-18T17:23:52.996+0000] {processor.py:830} INFO - Processing file /home/airflow/.local/lib/python3.8/site-packages/airflow/example_dags/example_sensors.py for tasks to queue
[2026-06-18T17:23:53.000+0000] {logging_mixin.py:188} INFO - [2026-06-18T17:23:52.999+0000] {dagbag.py:538} INFO - Filling up the DagBag from /home/airflow/.local/lib/python3.8/site-packages/airflow/example_dags/example_sensors.py
[2026-06-18T17:23:53.020+0000] {processor.py:840} INFO - DAG(s) 'example_sensors' retrieved from /home/airflow/.local/lib/python3.8/site-packages/airflow/example_dags/example_sensors.py
[2026-06-18T17:23:53.078+0000] {logging_mixin.py:188} INFO - [2026-06-18T17:23:53.077+0000] {dag.py:3036} INFO - Sync 1 DAGs
[2026-06-18T17:23:53.118+0000] {logging_mixin.py:188} INFO - [2026-06-18T17:23:53.118+0000] {dag.py:3823} INFO - Setting next_dagrun for example_sensors to None, run_after=None
[2026-06-18T17:23:53.155+0000] {processor.py:183} INFO - Processing /home/airflow/.local/lib/python3.8/site-packages/airflow/example_dags/example_sensors.py took 0.166 seconds
[2026-06-18T17:24:23.437+0000] {processor.py:161} INFO - Started process (PID=4524) to work on /home/airflow/.local/lib/python3.8/site-packages/airflow/example_dags/example_sensors.py
[2026-06-18T17:24:23.439+0000] {processor.py:830} INFO - Processing file /home/airflow/.local/lib/python3.8/site-packages/airflow/example_dags/example_sensors.py for tasks to queue
[2026-06-18T17:24:23.442+0000] {logging_mixin.py:188} INFO - [2026-06-18T17:24:23.441+0000] {dagbag.py:538} INFO - Filling up the DagBag from /home/airflow/.local/lib/python3.8/site-packages/airflow/example_dags/example_sensors.py
[2026-06-18T17:24:23.456+0000] {processor.py:840} INFO - DAG(s) 'example_sensors' retrieved from /home/airflow/.local/lib/python3.8/site-packages/airflow/example_dags/example_sensors.py
[2026-06-18T17:24:23.505+0000] {logging_mixin.py:188} INFO - [2026-06-18T17:24:23.504+0000] {dag.py:3036} INFO - Sync 1 DAGs
[2026-06-18T17:24:23.534+0000] {logging_mixin.py:188} INFO - [2026-06-18T17:24:23.533+0000] {dag.py:3823} INFO - Setting next_dagrun for example_sensors to None, run_after=None
[2026-06-18T17:24:23.574+0000] {processor.py:183} INFO - Processing /home/airflow/.local/lib/python3.8/site-packages/airflow/example_dags/example_sensors.py took 0.142 seconds
[2026-06-18T17:24:54.079+0000] {processor.py:161} INFO - Started process (PID=4591) to work on /home/airflow/.local/lib/python3.8/site-packages/airflow/example_dags/example_sensors.py
[2026-06-18T17:24:54.080+0000] {processor.py:830} INFO - Processing file /home/airflow/.local/lib/python3.8/site-packages/airflow/example_dags/example_sensors.py for tasks to queue
[2026-06-18T17:24:54.083+0000] {logging_mixin.py:188} INFO - [2026-06-18T17:24:54.082+0000] {dagbag.py:538} INFO - Filling up the DagBag from /home/airflow/.local/lib/python3.8/site-packages/airflow/example_dags/example_sensors.py
[2026-06-18T17:24:54.098+0000] {processor.py:840} INFO - DAG(s) 'example_sensors' retrieved from /home/airflow/.local/lib/python3.8/site-packages/airflow/example_dags/example_sensors.py
[2026-06-18T17:24:54.141+0000] {logging_mixin.py:188} INFO - [2026-06-18T17:24:54.141+0000] {dag.py:3036} INFO - Sync 1 DAGs
[2026-06-18T17:24:54.160+0000] {logging_mixin.py:188} INFO - [2026-06-18T17:24:54.159+0000] {dag.py:3823} INFO - Setting next_dagrun for example_sensors to None, run_after=None
[2026-06-18T17:24:54.185+0000] {processor.py:183} INFO - Processing /home/airflow/.local/lib/python3.8/site-packages/airflow/example_dags/example_sensors.py took 0.113 seconds
[2026-06-18T17:25:24.389+0000] {processor.py:161} INFO - Started process (PID=4657) to work on /home/airflow/.local/lib/python3.8/site-packages/airflow/example_dags/example_sensors.py
[2026-06-18T17:25:24.391+0000] {processor.py:830} INFO - Processing file /home/airflow/.local/lib/python3.8/site-packages/airflow/example_dags/example_sensors.py for tasks to queue
[2026-06-18T17:25:24.394+0000] {logging_mixin.py:188} INFO - [2026-06-18T17:25:24.393+0000] {dagbag.py:538} INFO - Filling up the DagBag from /home/airflow/.local/lib/python3.8/site-packages/airflow/example_dags/example_sensors.py
[2026-06-18T17:25:24.411+0000] {processor.py:840} INFO - DAG(s) 'example_sensors' retrieved from /home/airflow/.local/lib/python3.8/site-packages/airflow/example_dags/example_sensors.py
[2026-06-18T17:25:24.452+0000] {logging_mixin.py:188} INFO - [2026-06-18T17:25:24.452+0000] {dag.py:3036} INFO - Sync 1 DAGs
[2026-06-18T17:25:24.472+0000] {logging_mixin.py:188} INFO - [2026-06-18T17:25:24.471+0000] {dag.py:3823} INFO - Setting next_dagrun for example_sensors to None, run_after=None
[2026-06-18T17:25:24.499+0000] {processor.py:183} INFO - Processing /home/airflow/.local/lib/python3.8/site-packages/airflow/example_dags/example_sensors.py took 0.116 seconds
[2026-06-18T17:25:54.773+0000] {processor.py:161} INFO - Started process (PID=4723) to work on /home/airflow/.local/lib/python3.8/site-packages/airflow/example_dags/example_sensors.py
[2026-06-18T17:25:54.774+0000] {processor.py:830} INFO - Processing file /home/airflow/.local/lib/python3.8/site-packages/airflow/example_dags/example_sensors.py for tasks to queue
[2026-06-18T17:25:54.777+0000] {logging_mixin.py:188} INFO - [2026-06-18T17:25:54.777+0000] {dagbag.py:538} INFO - Filling up the DagBag from /home/airflow/.local/lib/python3.8/site-packages/airflow/example_dags/example_sensors.py
[2026-06-18T17:25:54.794+0000] {processor.py:840} INFO - DAG(s) 'example_sensors' retrieved from /home/airflow/.local/lib/python3.8/site-packages/airflow/example_dags/example_sensors.py
[2026-06-18T17:25:54.851+0000] {logging_mixin.py:188} INFO - [2026-06-18T17:25:54.851+0000] {dag.py:3036} INFO - Sync 1 DAGs
[2026-06-18T17:25:54.873+0000] {logging_mixin.py:188} INFO - [2026-06-18T17:25:54.872+0000] {dag.py:3823} INFO - Setting next_dagrun for example_sensors to None, run_after=None
[2026-06-18T17:25:54.906+0000] {processor.py:183} INFO - Processing /home/airflow/.local/lib/python3.8/site-packages/airflow/example_dags/example_sensors.py took 0.139 seconds
[2026-06-18T17:26:25.097+0000] {processor.py:161} INFO - Started process (PID=4790) to work on /home/airflow/.local/lib/python3.8/site-packages/airflow/example_dags/example_sensors.py
[2026-06-18T17:26:25.100+0000] {processor.py:830} INFO - Processing file /home/airflow/.local/lib/python3.8/site-packages/airflow/example_dags/example_sensors.py for tasks to queue
[2026-06-18T17:26:25.103+0000] {logging_mixin.py:188} INFO - [2026-06-18T17:26:25.103+0000] {dagbag.py:538} INFO - Filling up the DagBag from /home/airflow/.local/lib/python3.8/site-packages/airflow/example_dags/example_sensors.py
[2026-06-18T17:26:25.121+0000] {processor.py:840} INFO - DAG(s) 'example_sensors' retrieved from /home/airflow/.local/lib/python3.8/site-packages/airflow/example_dags/example_sensors.py
[2026-06-18T17:26:25.165+0000] {logging_mixin.py:188} INFO - [2026-06-18T17:26:25.165+0000] {dag.py:3036} INFO - Sync 1 DAGs
[2026-06-18T17:26:25.186+0000] {logging_mixin.py:188} INFO - [2026-06-18T17:26:25.186+0000] {dag.py:3823} INFO - Setting next_dagrun for example_sensors to None, run_after=None
[2026-06-18T17:26:25.218+0000] {processor.py:183} INFO - Processing /home/airflow/.local/lib/python3.8/site-packages/airflow/example_dags/example_sensors.py took 0.127 seconds
[2026-06-18T17:26:55.647+0000] {processor.py:161} INFO - Started process (PID=4856) to work on /home/airflow/.local/lib/python3.8/site-packages/airflow/example_dags/example_sensors.py
[2026-06-18T17:26:55.648+0000] {processor.py:830} INFO - Processing file /home/airflow/.local/lib/python3.8/site-packages/airflow/example_dags/example_sensors.py for tasks to queue
[2026-06-18T17:26:55.651+0000] {logging_mixin.py:188} INFO - [2026-06-18T17:26:55.650+0000] {dagbag.py:538} INFO - Filling up the DagBag from /home/airflow/.local/lib/python3.8/site-packages/airflow/example_dags/example_sensors.py
[2026-06-18T17:26:55.665+0000] {processor.py:840} INFO - DAG(s) 'example_sensors' retrieved from /home/airflow/.local/lib/python3.8/site-packages/airflow/example_dags/example_sensors.py
[2026-06-18T17:26:55.707+0000] {logging_mixin.py:188} INFO - [2026-06-18T17:26:55.706+0000] {dag.py:3036} INFO - Sync 1 DAGs
[2026-06-18T17:26:55.727+0000] {logging_mixin.py:188} INFO - [2026-06-18T17:26:55.727+0000] {dag.py:3823} INFO - Setting next_dagrun for example_sensors to None, run_after=None
[2026-06-18T17:26:55.755+0000] {processor.py:183} INFO - Processing /home/airflow/.local/lib/python3.8/site-packages/airflow/example_dags/example_sensors.py took 0.114 seconds
[2026-06-18T17:27:26.082+0000] {processor.py:161} INFO - Started process (PID=4922) to work on /home/airflow/.local/lib/python3.8/site-packages/airflow/example_dags/example_sensors.py
[2026-06-18T17:27:26.084+0000] {processor.py:830} INFO - Processing file /home/airflow/.local/lib/python3.8/site-packages/airflow/example_dags/example_sensors.py for tasks to queue
[2026-06-18T17:27:26.087+0000] {logging_mixin.py:188} INFO - [2026-06-18T17:27:26.086+0000] {dagbag.py:538} INFO - Filling up the DagBag from /home/airflow/.local/lib/python3.8/site-packages/airflow/example_dags/example_sensors.py
[2026-06-18T17:27:26.105+0000] {processor.py:840} INFO - DAG(s) 'example_sensors' retrieved from /home/airflow/.local/lib/python3.8/site-packages/airflow/example_dags/example_sensors.py
[2026-06-18T17:27:26.155+0000] {logging_mixin.py:188} INFO - [2026-06-18T17:27:26.154+0000] {dag.py:3036} INFO - Sync 1 DAGs
[2026-06-18T17:27:26.176+0000] {logging_mixin.py:188} INFO - [2026-06-18T17:27:26.175+0000] {dag.py:3823} INFO - Setting next_dagrun for example_sensors to None, run_after=None
[2026-06-18T17:27:26.212+0000] {processor.py:183} INFO - Processing /home/airflow/.local/lib/python3.8/site-packages/airflow/example_dags/example_sensors.py took 0.136 seconds
[2026-06-18T17:27:56.458+0000] {processor.py:161} INFO - Started process (PID=4989) to work on /home/airflow/.local/lib/python3.8/site-packages/airflow/example_dags/example_sensors.py
[2026-06-18T17:27:56.460+0000] {processor.py:830} INFO - Processing file /home/airflow/.local/lib/python3.8/site-packages/airflow/example_dags/example_sensors.py for tasks to queue
[2026-06-18T17:27:56.463+0000] {logging_mixin.py:188} INFO - [2026-06-18T17:27:56.462+0000] {dagbag.py:538} INFO - Filling up the DagBag from /home/airflow/.local/lib/python3.8/site-packages/airflow/example_dags/example_sensors.py
[2026-06-18T17:27:56.478+0000] {processor.py:840} INFO - DAG(s) 'example_sensors' retrieved from /home/airflow/.local/lib/python3.8/site-packages/airflow/example_dags/example_sensors.py
[2026-06-18T17:27:56.526+0000] {logging_mixin.py:188} INFO - [2026-06-18T17:27:56.526+0000] {dag.py:3036} INFO - Sync 1 DAGs
[2026-06-18T17:27:56.552+0000] {logging_mixin.py:188} INFO - [2026-06-18T17:27:56.551+0000] {dag.py:3823} INFO - Setting next_dagrun for example_sensors to None, run_after=None
[2026-06-18T17:27:56.584+0000] {processor.py:183} INFO - Processing /home/airflow/.local/lib/python3.8/site-packages/airflow/example_dags/example_sensors.py took 0.131 seconds
[2026-06-18T17:28:26.844+0000] {processor.py:161} INFO - Started process (PID=5055) to work on /home/airflow/.local/lib/python3.8/site-packages/airflow/example_dags/example_sensors.py
[2026-06-18T17:28:26.845+0000] {processor.py:830} INFO - Processing file /home/airflow/.local/lib/python3.8/site-packages/airflow/example_dags/example_sensors.py for tasks to queue
[2026-06-18T17:28:26.847+0000] {logging_mixin.py:188} INFO - [2026-06-18T17:28:26.847+0000] {dagbag.py:538} INFO - Filling up the DagBag from /home/airflow/.local/lib/python3.8/site-packages/airflow/example_dags/example_sensors.py
[2026-06-18T17:28:26.862+0000] {processor.py:840} INFO - DAG(s) 'example_sensors' retrieved from /home/airflow/.local/lib/python3.8/site-packages/airflow/example_dags/example_sensors.py
[2026-06-18T17:28:26.914+0000] {logging_mixin.py:188} INFO - [2026-06-18T17:28:26.914+0000] {dag.py:3036} INFO - Sync 1 DAGs
[2026-06-18T17:28:26.937+0000] {logging_mixin.py:188} INFO - [2026-06-18T17:28:26.937+0000] {dag.py:3823} INFO - Setting next_dagrun for example_sensors to None, run_after=None
[2026-06-18T17:28:26.970+0000] {processor.py:183} INFO - Processing /home/airflow/.local/lib/python3.8/site-packages/airflow/example_dags/example_sensors.py took 0.133 seconds
[2026-06-18T17:28:57.159+0000] {processor.py:161} INFO - Started process (PID=5120) to work on /home/airflow/.local/lib/python3.8/site-packages/airflow/example_dags/example_sensors.py
[2026-06-18T17:28:57.161+0000] {processor.py:830} INFO - Processing file /home/airflow/.local/lib/python3.8/site-packages/airflow/example_dags/example_sensors.py for tasks to queue
[2026-06-18T17:28:57.164+0000] {logging_mixin.py:188} INFO - [2026-06-18T17:28:57.164+0000] {dagbag.py:538} INFO - Filling up the DagBag from /home/airflow/.local/lib/python3.8/site-packages/airflow/example_dags/example_sensors.py
[2026-06-18T17:28:57.181+0000] {processor.py:840} INFO - DAG(s) 'example_sensors' retrieved from /home/airflow/.local/lib/python3.8/site-packages/airflow/example_dags/example_sensors.py
[2026-06-18T17:28:57.234+0000] {logging_mixin.py:188} INFO - [2026-06-18T17:28:57.233+0000] {dag.py:3036} INFO - Sync 1 DAGs
[2026-06-18T17:28:57.257+0000] {logging_mixin.py:188} INFO - [2026-06-18T17:28:57.257+0000] {dag.py:3823} INFO - Setting next_dagrun for example_sensors to None, run_after=None
[2026-06-18T17:28:57.291+0000] {processor.py:183} INFO - Processing /home/airflow/.local/lib/python3.8/site-packages/airflow/example_dags/example_sensors.py took 0.137 seconds
[2026-06-18T17:29:27.548+0000] {processor.py:161} INFO - Started process (PID=5192) to work on /home/airflow/.local/lib/python3.8/site-packages/airflow/example_dags/example_sensors.py
[2026-06-18T17:29:27.549+0000] {processor.py:830} INFO - Processing file /home/airflow/.local/lib/python3.8/site-packages/airflow/example_dags/example_sensors.py for tasks to queue
[2026-06-18T17:29:27.552+0000] {logging_mixin.py:188} INFO - [2026-06-18T17:29:27.551+0000] {dagbag.py:538} INFO - Filling up the DagBag from /home/airflow/.local/lib/python3.8/site-packages/airflow/example_dags/example_sensors.py
[2026-06-18T17:29:27.573+0000] {processor.py:840} INFO - DAG(s) 'example_sensors' retrieved from /home/airflow/.local/lib/python3.8/site-packages/airflow/example_dags/example_sensors.py
[2026-06-18T17:29:27.626+0000] {logging_mixin.py:188} INFO - [2026-06-18T17:29:27.625+0000] {dag.py:3036} INFO - Sync 1 DAGs
[2026-06-18T17:29:27.651+0000] {logging_mixin.py:188} INFO - [2026-06-18T17:29:27.651+0000] {dag.py:3823} INFO - Setting next_dagrun for example_sensors to None, run_after=None
[2026-06-18T17:29:27.685+0000] {processor.py:183} INFO - Processing /home/airflow/.local/lib/python3.8/site-packages/airflow/example_dags/example_sensors.py took 0.143 seconds
[2026-06-18T17:29:58.149+0000] {processor.py:161} INFO - Started process (PID=5256) to work on /home/airflow/.local/lib/python3.8/site-packages/airflow/example_dags/example_sensors.py
[2026-06-18T17:29:58.151+0000] {processor.py:830} INFO - Processing file /home/airflow/.local/lib/python3.8/site-packages/airflow/example_dags/example_sensors.py for tasks to queue
[2026-06-18T17:29:58.154+0000] {logging_mixin.py:188} INFO - [2026-06-18T17:29:58.153+0000] {dagbag.py:538} INFO - Filling up the DagBag from /home/airflow/.local/lib/python3.8/site-packages/airflow/example_dags/example_sensors.py
[2026-06-18T17:29:58.169+0000] {processor.py:840} INFO - DAG(s) 'example_sensors' retrieved from /home/airflow/.local/lib/python3.8/site-packages/airflow/example_dags/example_sensors.py
[2026-06-18T17:29:58.223+0000] {logging_mixin.py:188} INFO - [2026-06-18T17:29:58.223+0000] {dag.py:3036} INFO - Sync 1 DAGs
[2026-06-18T17:29:58.251+0000] {logging_mixin.py:188} INFO - [2026-06-18T17:29:58.250+0000] {dag.py:3823} INFO - Setting next_dagrun for example_sensors to None, run_after=None
[2026-06-18T17:29:58.290+0000] {processor.py:183} INFO - Processing /home/airflow/.local/lib/python3.8/site-packages/airflow/example_dags/example_sensors.py took 0.146 seconds
[2026-06-18T17:30:28.726+0000] {processor.py:161} INFO - Started process (PID=5322) to work on /home/airflow/.local/lib/python3.8/site-packages/airflow/example_dags/example_sensors.py
[2026-06-18T17:30:28.728+0000] {processor.py:830} INFO - Processing file /home/airflow/.local/lib/python3.8/site-packages/airflow/example_dags/example_sensors.py for tasks to queue
[2026-06-18T17:30:28.730+0000] {logging_mixin.py:188} INFO - [2026-06-18T17:30:28.730+0000] {dagbag.py:538} INFO - Filling up the DagBag from /home/airflow/.local/lib/python3.8/site-packages/airflow/example_dags/example_sensors.py
[2026-06-18T17:30:28.746+0000] {processor.py:840} INFO - DAG(s) 'example_sensors' retrieved from /home/airflow/.local/lib/python3.8/site-packages/airflow/example_dags/example_sensors.py
[2026-06-18T17:30:28.794+0000] {logging_mixin.py:188} INFO - [2026-06-18T17:30:28.793+0000] {dag.py:3036} INFO - Sync 1 DAGs
[2026-06-18T17:30:28.817+0000] {logging_mixin.py:188} INFO - [2026-06-18T17:30:28.817+0000] {dag.py:3823} INFO - Setting next_dagrun for example_sensors to None, run_after=None
[2026-06-18T17:30:28.868+0000] {processor.py:183} INFO - Processing /home/airflow/.local/lib/python3.8/site-packages/airflow/example_dags/example_sensors.py took 0.147 seconds
[2026-06-18T17:30:59.416+0000] {processor.py:161} INFO - Started process (PID=5388) to work on /home/airflow/.local/lib/python3.8/site-packages/airflow/example_dags/example_sensors.py
[2026-06-18T17:30:59.418+0000] {processor.py:830} INFO - Processing file /home/airflow/.local/lib/python3.8/site-packages/airflow/example_dags/example_sensors.py for tasks to queue
[2026-06-18T17:30:59.423+0000] {logging_mixin.py:188} INFO - [2026-06-18T17:30:59.422+0000] {dagbag.py:538} INFO - Filling up the DagBag from /home/airflow/.local/lib/python3.8/site-packages/airflow/example_dags/example_sensors.py
[2026-06-18T17:30:59.440+0000] {processor.py:840} INFO - DAG(s) 'example_sensors' retrieved from /home/airflow/.local/lib/python3.8/site-packages/airflow/example_dags/example_sensors.py
[2026-06-18T17:30:59.507+0000] {logging_mixin.py:188} INFO - [2026-06-18T17:30:59.506+0000] {dag.py:3036} INFO - Sync 1 DAGs
[2026-06-18T17:30:59.530+0000] {logging_mixin.py:188} INFO - [2026-06-18T17:30:59.530+0000] {dag.py:3823} INFO - Setting next_dagrun for example_sensors to None, run_after=None
[2026-06-18T17:30:59.565+0000] {processor.py:183} INFO - Processing /home/airflow/.local/lib/python3.8/site-packages/airflow/example_dags/example_sensors.py took 0.154 seconds
[2026-06-18T17:31:30.351+0000] {processor.py:161} INFO - Started process (PID=5453) to work on /home/airflow/.local/lib/python3.8/site-packages/airflow/example_dags/example_sensors.py
[2026-06-18T17:31:30.352+0000] {processor.py:830} INFO - Processing file /home/airflow/.local/lib/python3.8/site-packages/airflow/example_dags/example_sensors.py for tasks to queue
[2026-06-18T17:31:30.355+0000] {logging_mixin.py:188} INFO - [2026-06-18T17:31:30.354+0000] {dagbag.py:538} INFO - Filling up the DagBag from /home/airflow/.local/lib/python3.8/site-packages/airflow/example_dags/example_sensors.py
[2026-06-18T17:31:30.370+0000] {processor.py:840} INFO - DAG(s) 'example_sensors' retrieved from /home/airflow/.local/lib/python3.8/site-packages/airflow/example_dags/example_sensors.py
[2026-06-18T17:31:30.432+0000] {logging_mixin.py:188} INFO - [2026-06-18T17:31:30.431+0000] {dag.py:3036} INFO - Sync 1 DAGs
[2026-06-18T17:31:30.458+0000] {logging_mixin.py:188} INFO - [2026-06-18T17:31:30.457+0000] {dag.py:3823} INFO - Setting next_dagrun for example_sensors to None, run_after=None
[2026-06-18T17:31:30.492+0000] {processor.py:183} INFO - Processing /home/airflow/.local/lib/python3.8/site-packages/airflow/example_dags/example_sensors.py took 0.146 seconds
[2026-06-18T17:32:01.284+0000] {processor.py:161} INFO - Started process (PID=5519) to work on /home/airflow/.local/lib/python3.8/site-packages/airflow/example_dags/example_sensors.py
[2026-06-18T17:32:01.286+0000] {processor.py:830} INFO - Processing file /home/airflow/.local/lib/python3.8/site-packages/airflow/example_dags/example_sensors.py for tasks to queue
[2026-06-18T17:32:01.288+0000] {logging_mixin.py:188} INFO - [2026-06-18T17:32:01.288+0000] {dagbag.py:538} INFO - Filling up the DagBag from /home/airflow/.local/lib/python3.8/site-packages/airflow/example_dags/example_sensors.py
[2026-06-18T17:32:01.302+0000] {processor.py:840} INFO - DAG(s) 'example_sensors' retrieved from /home/airflow/.local/lib/python3.8/site-packages/airflow/example_dags/example_sensors.py
[2026-06-18T17:32:01.353+0000] {logging_mixin.py:188} INFO - [2026-06-18T17:32:01.353+0000] {dag.py:3036} INFO - Sync 1 DAGs
[2026-06-18T17:32:01.374+0000] {logging_mixin.py:188} INFO - [2026-06-18T17:32:01.373+0000] {dag.py:3823} INFO - Setting next_dagrun for example_sensors to None, run_after=None
[2026-06-18T17:32:01.404+0000] {processor.py:183} INFO - Processing /home/airflow/.local/lib/python3.8/site-packages/airflow/example_dags/example_sensors.py took 0.125 seconds
[2026-06-18T17:32:31.660+0000] {processor.py:161} INFO - Started process (PID=5585) to work on /home/airflow/.local/lib/python3.8/site-packages/airflow/example_dags/example_sensors.py
[2026-06-18T17:32:31.661+0000] {processor.py:830} INFO - Processing file /home/airflow/.local/lib/python3.8/site-packages/airflow/example_dags/example_sensors.py for tasks to queue
[2026-06-18T17:32:31.664+0000] {logging_mixin.py:188} INFO - [2026-06-18T17:32:31.663+0000] {dagbag.py:538} INFO - Filling up the DagBag from /home/airflow/.local/lib/python3.8/site-packages/airflow/example_dags/example_sensors.py
[2026-06-18T17:32:31.678+0000] {processor.py:840} INFO - DAG(s) 'example_sensors' retrieved from /home/airflow/.local/lib/python3.8/site-packages/airflow/example_dags/example_sensors.py
[2026-06-18T17:32:31.725+0000] {logging_mixin.py:188} INFO - [2026-06-18T17:32:31.725+0000] {dag.py:3036} INFO - Sync 1 DAGs
[2026-06-18T17:32:31.750+0000] {logging_mixin.py:188} INFO - [2026-06-18T17:32:31.749+0000] {dag.py:3823} INFO - Setting next_dagrun for example_sensors to None, run_after=None
[2026-06-18T17:32:31.783+0000] {processor.py:183} INFO - Processing /home/airflow/.local/lib/python3.8/site-packages/airflow/example_dags/example_sensors.py took 0.128 seconds
[2026-06-18T17:33:01.996+0000] {processor.py:161} INFO - Started process (PID=5651) to work on /home/airflow/.local/lib/python3.8/site-packages/airflow/example_dags/example_sensors.py
[2026-06-18T17:33:01.998+0000] {processor.py:830} INFO - Processing file /home/airflow/.local/lib/python3.8/site-packages/airflow/example_dags/example_sensors.py for tasks to queue
[2026-06-18T17:33:02.000+0000] {logging_mixin.py:188} INFO - [2026-06-18T17:33:02.000+0000] {dagbag.py:538} INFO - Filling up the DagBag from /home/airflow/.local/lib/python3.8/site-packages/airflow/example_dags/example_sensors.py
[2026-06-18T17:33:02.017+0000] {processor.py:840} INFO - DAG(s) 'example_sensors' retrieved from /home/airflow/.local/lib/python3.8/site-packages/airflow/example_dags/example_sensors.py
[2026-06-18T17:33:02.073+0000] {logging_mixin.py:188} INFO - [2026-06-18T17:33:02.072+0000] {dag.py:3036} INFO - Sync 1 DAGs
[2026-06-18T17:33:02.096+0000] {logging_mixin.py:188} INFO - [2026-06-18T17:33:02.096+0000] {dag.py:3823} INFO - Setting next_dagrun for example_sensors to None, run_after=None
[2026-06-18T17:33:02.131+0000] {processor.py:183} INFO - Processing /home/airflow/.local/lib/python3.8/site-packages/airflow/example_dags/example_sensors.py took 0.141 seconds
[2026-06-18T17:33:32.817+0000] {processor.py:161} INFO - Started process (PID=5717) to work on /home/airflow/.local/lib/python3.8/site-packages/airflow/example_dags/example_sensors.py
[2026-06-18T17:33:32.819+0000] {processor.py:830} INFO - Processing file /home/airflow/.local/lib/python3.8/site-packages/airflow/example_dags/example_sensors.py for tasks to queue
[2026-06-18T17:33:32.821+0000] {logging_mixin.py:188} INFO - [2026-06-18T17:33:32.821+0000] {dagbag.py:538} INFO - Filling up the DagBag from /home/airflow/.local/lib/python3.8/site-packages/airflow/example_dags/example_sensors.py
[2026-06-18T17:33:32.838+0000] {processor.py:840} INFO - DAG(s) 'example_sensors' retrieved from /home/airflow/.local/lib/python3.8/site-packages/airflow/example_dags/example_sensors.py
[2026-06-18T17:33:32.883+0000] {logging_mixin.py:188} INFO - [2026-06-18T17:33:32.883+0000] {dag.py:3036} INFO - Sync 1 DAGs
[2026-06-18T17:33:32.903+0000] {logging_mixin.py:188} INFO - [2026-06-18T17:33:32.903+0000] {dag.py:3823} INFO - Setting next_dagrun for example_sensors to None, run_after=None
[2026-06-18T17:33:32.933+0000] {processor.py:183} INFO - Processing /home/airflow/.local/lib/python3.8/site-packages/airflow/example_dags/example_sensors.py took 0.121 seconds
[2026-06-18T17:34:03.203+0000] {processor.py:161} INFO - Started process (PID=5783) to work on /home/airflow/.local/lib/python3.8/site-packages/airflow/example_dags/example_sensors.py
[2026-06-18T17:34:03.204+0000] {processor.py:830} INFO - Processing file /home/airflow/.local/lib/python3.8/site-packages/airflow/example_dags/example_sensors.py for tasks to queue
[2026-06-18T17:34:03.208+0000] {logging_mixin.py:188} INFO - [2026-06-18T17:34:03.207+0000] {dagbag.py:538} INFO - Filling up the DagBag from /home/airflow/.local/lib/python3.8/site-packages/airflow/example_dags/example_sensors.py
[2026-06-18T17:34:03.226+0000] {processor.py:840} INFO - DAG(s) 'example_sensors' retrieved from /home/airflow/.local/lib/python3.8/site-packages/airflow/example_dags/example_sensors.py
[2026-06-18T17:34:03.275+0000] {logging_mixin.py:188} INFO - [2026-06-18T17:34:03.274+0000] {dag.py:3036} INFO - Sync 1 DAGs
[2026-06-18T17:34:03.298+0000] {logging_mixin.py:188} INFO - [2026-06-18T17:34:03.297+0000] {dag.py:3823} INFO - Setting next_dagrun for example_sensors to None, run_after=None
[2026-06-18T17:34:03.333+0000] {processor.py:183} INFO - Processing /home/airflow/.local/lib/python3.8/site-packages/airflow/example_dags/example_sensors.py took 0.136 seconds
[2026-06-18T17:34:33.718+0000] {processor.py:161} INFO - Started process (PID=5848) to work on /home/airflow/.local/lib/python3.8/site-packages/airflow/example_dags/example_sensors.py
[2026-06-18T17:34:33.720+0000] {processor.py:830} INFO - Processing file /home/airflow/.local/lib/python3.8/site-packages/airflow/example_dags/example_sensors.py for tasks to queue
[2026-06-18T17:34:33.724+0000] {logging_mixin.py:188} INFO - [2026-06-18T17:34:33.723+0000] {dagbag.py:538} INFO - Filling up the DagBag from /home/airflow/.local/lib/python3.8/site-packages/airflow/example_dags/example_sensors.py
[2026-06-18T17:34:33.740+0000] {processor.py:840} INFO - DAG(s) 'example_sensors' retrieved from /home/airflow/.local/lib/python3.8/site-packages/airflow/example_dags/example_sensors.py
[2026-06-18T17:34:33.788+0000] {logging_mixin.py:188} INFO - [2026-06-18T17:34:33.788+0000] {dag.py:3036} INFO - Sync 1 DAGs
[2026-06-18T17:34:33.810+0000] {logging_mixin.py:188} INFO - [2026-06-18T17:34:33.809+0000] {dag.py:3823} INFO - Setting next_dagrun for example_sensors to None, run_after=None
[2026-06-18T17:34:33.838+0000] {processor.py:183} INFO - Processing /home/airflow/.local/lib/python3.8/site-packages/airflow/example_dags/example_sensors.py took 0.125 seconds
[2026-06-18T17:35:04.613+0000] {processor.py:161} INFO - Started process (PID=5921) to work on /home/airflow/.local/lib/python3.8/site-packages/airflow/example_dags/example_sensors.py
[2026-06-18T17:35:04.615+0000] {processor.py:830} INFO - Processing file /home/airflow/.local/lib/python3.8/site-packages/airflow/example_dags/example_sensors.py for tasks to queue
[2026-06-18T17:35:04.618+0000] {logging_mixin.py:188} INFO - [2026-06-18T17:35:04.618+0000] {dagbag.py:538} INFO - Filling up the DagBag from /home/airflow/.local/lib/python3.8/site-packages/airflow/example_dags/example_sensors.py
[2026-06-18T17:35:04.638+0000] {processor.py:840} INFO - DAG(s) 'example_sensors' retrieved from /home/airflow/.local/lib/python3.8/site-packages/airflow/example_dags/example_sensors.py
[2026-06-18T17:35:04.697+0000] {logging_mixin.py:188} INFO - [2026-06-18T17:35:04.696+0000] {dag.py:3036} INFO - Sync 1 DAGs
[2026-06-18T17:35:04.723+0000] {logging_mixin.py:188} INFO - [2026-06-18T17:35:04.723+0000] {dag.py:3823} INFO - Setting next_dagrun for example_sensors to None, run_after=None
[2026-06-18T17:35:04.775+0000] {processor.py:183} INFO - Processing /home/airflow/.local/lib/python3.8/site-packages/airflow/example_dags/example_sensors.py took 0.168 seconds
[2026-06-18T17:35:35.124+0000] {processor.py:161} INFO - Started process (PID=5987) to work on /home/airflow/.local/lib/python3.8/site-packages/airflow/example_dags/example_sensors.py
[2026-06-18T17:35:35.126+0000] {processor.py:830} INFO - Processing file /home/airflow/.local/lib/python3.8/site-packages/airflow/example_dags/example_sensors.py for tasks to queue
[2026-06-18T17:35:35.130+0000] {logging_mixin.py:188} INFO - [2026-06-18T17:35:35.129+0000] {dagbag.py:538} INFO - Filling up the DagBag from /home/airflow/.local/lib/python3.8/site-packages/airflow/example_dags/example_sensors.py
[2026-06-18T17:35:35.151+0000] {processor.py:840} INFO - DAG(s) 'example_sensors' retrieved from /home/airflow/.local/lib/python3.8/site-packages/airflow/example_dags/example_sensors.py
[2026-06-18T17:35:35.216+0000] {logging_mixin.py:188} INFO - [2026-06-18T17:35:35.215+0000] {dag.py:3036} INFO - Sync 1 DAGs
[2026-06-18T17:35:35.245+0000] {logging_mixin.py:188} INFO - [2026-06-18T17:35:35.244+0000] {dag.py:3823} INFO - Setting next_dagrun for example_sensors to None, run_after=None
[2026-06-18T17:35:35.305+0000] {processor.py:183} INFO - Processing /home/airflow/.local/lib/python3.8/site-packages/airflow/example_dags/example_sensors.py took 0.193 seconds
[2026-06-18T17:36:05.756+0000] {processor.py:161} INFO - Started process (PID=6053) to work on /home/airflow/.local/lib/python3.8/site-packages/airflow/example_dags/example_sensors.py
[2026-06-18T17:36:05.758+0000] {processor.py:830} INFO - Processing file /home/airflow/.local/lib/python3.8/site-packages/airflow/example_dags/example_sensors.py for tasks to queue
[2026-06-18T17:36:05.761+0000] {logging_mixin.py:188} INFO - [2026-06-18T17:36:05.761+0000] {dagbag.py:538} INFO - Filling up the DagBag from /home/airflow/.local/lib/python3.8/site-packages/airflow/example_dags/example_sensors.py
[2026-06-18T17:36:05.780+0000] {processor.py:840} INFO - DAG(s) 'example_sensors' retrieved from /home/airflow/.local/lib/python3.8/site-packages/airflow/example_dags/example_sensors.py
[2026-06-18T17:36:05.856+0000] {logging_mixin.py:188} INFO - [2026-06-18T17:36:05.856+0000] {dag.py:3036} INFO - Sync 1 DAGs
[2026-06-18T17:36:05.887+0000] {logging_mixin.py:188} INFO - [2026-06-18T17:36:05.886+0000] {dag.py:3823} INFO - Setting next_dagrun for example_sensors to None, run_after=None
[2026-06-18T17:36:05.927+0000] {processor.py:183} INFO - Processing /home/airflow/.local/lib/python3.8/site-packages/airflow/example_dags/example_sensors.py took 0.177 seconds
[2026-06-18T17:36:36.110+0000] {processor.py:161} INFO - Started process (PID=6119) to work on /home/airflow/.local/lib/python3.8/site-packages/airflow/example_dags/example_sensors.py
[2026-06-18T17:36:36.113+0000] {processor.py:830} INFO - Processing file /home/airflow/.local/lib/python3.8/site-packages/airflow/example_dags/example_sensors.py for tasks to queue
[2026-06-18T17:36:36.116+0000] {logging_mixin.py:188} INFO - [2026-06-18T17:36:36.115+0000] {dagbag.py:538} INFO - Filling up the DagBag from /home/airflow/.local/lib/python3.8/site-packages/airflow/example_dags/example_sensors.py
[2026-06-18T17:36:36.134+0000] {processor.py:840} INFO - DAG(s) 'example_sensors' retrieved from /home/airflow/.local/lib/python3.8/site-packages/airflow/example_dags/example_sensors.py
[2026-06-18T17:36:36.191+0000] {logging_mixin.py:188} INFO - [2026-06-18T17:36:36.190+0000] {dag.py:3036} INFO - Sync 1 DAGs
[2026-06-18T17:36:36.216+0000] {logging_mixin.py:188} INFO - [2026-06-18T17:36:36.215+0000] {dag.py:3823} INFO - Setting next_dagrun for example_sensors to None, run_after=None
[2026-06-18T17:36:36.250+0000] {processor.py:183} INFO - Processing /home/airflow/.local/lib/python3.8/site-packages/airflow/example_dags/example_sensors.py took 0.146 seconds
[2026-06-18T17:37:06.390+0000] {processor.py:161} INFO - Started process (PID=6185) to work on /home/airflow/.local/lib/python3.8/site-packages/airflow/example_dags/example_sensors.py
[2026-06-18T17:37:06.392+0000] {processor.py:830} INFO - Processing file /home/airflow/.local/lib/python3.8/site-packages/airflow/example_dags/example_sensors.py for tasks to queue
[2026-06-18T17:37:06.395+0000] {logging_mixin.py:188} INFO - [2026-06-18T17:37:06.394+0000] {dagbag.py:538} INFO - Filling up the DagBag from /home/airflow/.local/lib/python3.8/site-packages/airflow/example_dags/example_sensors.py
[2026-06-18T17:37:06.414+0000] {processor.py:840} INFO - DAG(s) 'example_sensors' retrieved from /home/airflow/.local/lib/python3.8/site-packages/airflow/example_dags/example_sensors.py
[2026-06-18T17:37:06.471+0000] {logging_mixin.py:188} INFO - [2026-06-18T17:37:06.470+0000] {dag.py:3036} INFO - Sync 1 DAGs
[2026-06-18T17:37:06.495+0000] {logging_mixin.py:188} INFO - [2026-06-18T17:37:06.495+0000] {dag.py:3823} INFO - Setting next_dagrun for example_sensors to None, run_after=None
[2026-06-18T17:37:06.535+0000] {processor.py:183} INFO - Processing /home/airflow/.local/lib/python3.8/site-packages/airflow/example_dags/example_sensors.py took 0.151 seconds
[2026-06-18T17:37:36.767+0000] {processor.py:161} INFO - Started process (PID=6250) to work on /home/airflow/.local/lib/python3.8/site-packages/airflow/example_dags/example_sensors.py
[2026-06-18T17:37:36.769+0000] {processor.py:830} INFO - Processing file /home/airflow/.local/lib/python3.8/site-packages/airflow/example_dags/example_sensors.py for tasks to queue
[2026-06-18T17:37:36.772+0000] {logging_mixin.py:188} INFO - [2026-06-18T17:37:36.771+0000] {dagbag.py:538} INFO - Filling up the DagBag from /home/airflow/.local/lib/python3.8/site-packages/airflow/example_dags/example_sensors.py
[2026-06-18T17:37:36.787+0000] {processor.py:840} INFO - DAG(s) 'example_sensors' retrieved from /home/airflow/.local/lib/python3.8/site-packages/airflow/example_dags/example_sensors.py
[2026-06-18T17:37:36.840+0000] {logging_mixin.py:188} INFO - [2026-06-18T17:37:36.840+0000] {dag.py:3036} INFO - Sync 1 DAGs
[2026-06-18T17:37:36.864+0000] {logging_mixin.py:188} INFO - [2026-06-18T17:37:36.863+0000] {dag.py:3823} INFO - Setting next_dagrun for example_sensors to None, run_after=None
[2026-06-18T17:37:36.903+0000] {processor.py:183} INFO - Processing /home/airflow/.local/lib/python3.8/site-packages/airflow/example_dags/example_sensors.py took 0.143 seconds
[2026-06-18T17:38:07.103+0000] {processor.py:161} INFO - Started process (PID=6315) to work on /home/airflow/.local/lib/python3.8/site-packages/airflow/example_dags/example_sensors.py
[2026-06-18T17:38:07.105+0000] {processor.py:830} INFO - Processing file /home/airflow/.local/lib/python3.8/site-packages/airflow/example_dags/example_sensors.py for tasks to queue
[2026-06-18T17:38:07.108+0000] {logging_mixin.py:188} INFO - [2026-06-18T17:38:07.107+0000] {dagbag.py:538} INFO - Filling up the DagBag from /home/airflow/.local/lib/python3.8/site-packages/airflow/example_dags/example_sensors.py
[2026-06-18T17:38:07.127+0000] {processor.py:840} INFO - DAG(s) 'example_sensors' retrieved from /home/airflow/.local/lib/python3.8/site-packages/airflow/example_dags/example_sensors.py
[2026-06-18T17:38:07.177+0000] {logging_mixin.py:188} INFO - [2026-06-18T17:38:07.177+0000] {dag.py:3036} INFO - Sync 1 DAGs
[2026-06-18T17:38:07.202+0000] {logging_mixin.py:188} INFO - [2026-06-18T17:38:07.201+0000] {dag.py:3823} INFO - Setting next_dagrun for example_sensors to None, run_after=None
[2026-06-18T17:38:07.239+0000] {processor.py:183} INFO - Processing /home/airflow/.local/lib/python3.8/site-packages/airflow/example_dags/example_sensors.py took 0.140 seconds
[2026-06-18T17:38:37.348+0000] {processor.py:161} INFO - Started process (PID=6381) to work on /home/airflow/.local/lib/python3.8/site-packages/airflow/example_dags/example_sensors.py
[2026-06-18T17:38:37.350+0000] {processor.py:830} INFO - Processing file /home/airflow/.local/lib/python3.8/site-packages/airflow/example_dags/example_sensors.py for tasks to queue
[2026-06-18T17:38:37.353+0000] {logging_mixin.py:188} INFO - [2026-06-18T17:38:37.352+0000] {dagbag.py:538} INFO - Filling up the DagBag from /home/airflow/.local/lib/python3.8/site-packages/airflow/example_dags/example_sensors.py
[2026-06-18T17:38:37.368+0000] {processor.py:840} INFO - DAG(s) 'example_sensors' retrieved from /home/airflow/.local/lib/python3.8/site-packages/airflow/example_dags/example_sensors.py
[2026-06-18T17:38:37.417+0000] {logging_mixin.py:188} INFO - [2026-06-18T17:38:37.417+0000] {dag.py:3036} INFO - Sync 1 DAGs
[2026-06-18T17:38:37.437+0000] {logging_mixin.py:188} INFO - [2026-06-18T17:38:37.437+0000] {dag.py:3823} INFO - Setting next_dagrun for example_sensors to None, run_after=None
[2026-06-18T17:38:37.468+0000] {processor.py:183} INFO - Processing /home/airflow/.local/lib/python3.8/site-packages/airflow/example_dags/example_sensors.py took 0.125 seconds
[2026-06-18T17:39:08.308+0000] {processor.py:161} INFO - Started process (PID=6445) to work on /home/airflow/.local/lib/python3.8/site-packages/airflow/example_dags/example_sensors.py
[2026-06-18T17:39:08.310+0000] {processor.py:830} INFO - Processing file /home/airflow/.local/lib/python3.8/site-packages/airflow/example_dags/example_sensors.py for tasks to queue
[2026-06-18T17:39:08.313+0000] {logging_mixin.py:188} INFO - [2026-06-18T17:39:08.313+0000] {dagbag.py:538} INFO - Filling up the DagBag from /home/airflow/.local/lib/python3.8/site-packages/airflow/example_dags/example_sensors.py
[2026-06-18T17:39:08.334+0000] {processor.py:840} INFO - DAG(s) 'example_sensors' retrieved from /home/airflow/.local/lib/python3.8/site-packages/airflow/example_dags/example_sensors.py
[2026-06-18T17:39:08.385+0000] {logging_mixin.py:188} INFO - [2026-06-18T17:39:08.385+0000] {dag.py:3036} INFO - Sync 1 DAGs
[2026-06-18T17:39:08.410+0000] {logging_mixin.py:188} INFO - [2026-06-18T17:39:08.409+0000] {dag.py:3823} INFO - Setting next_dagrun for example_sensors to None, run_after=None
[2026-06-18T17:39:08.445+0000] {processor.py:183} INFO - Processing /home/airflow/.local/lib/python3.8/site-packages/airflow/example_dags/example_sensors.py took 0.143 seconds
[2026-06-18T17:39:38.594+0000] {processor.py:161} INFO - Started process (PID=6511) to work on /home/airflow/.local/lib/python3.8/site-packages/airflow/example_dags/example_sensors.py
[2026-06-18T17:39:38.595+0000] {processor.py:830} INFO - Processing file /home/airflow/.local/lib/python3.8/site-packages/airflow/example_dags/example_sensors.py for tasks to queue
[2026-06-18T17:39:38.598+0000] {logging_mixin.py:188} INFO - [2026-06-18T17:39:38.597+0000] {dagbag.py:538} INFO - Filling up the DagBag from /home/airflow/.local/lib/python3.8/site-packages/airflow/example_dags/example_sensors.py
[2026-06-18T17:39:38.614+0000] {processor.py:840} INFO - DAG(s) 'example_sensors' retrieved from /home/airflow/.local/lib/python3.8/site-packages/airflow/example_dags/example_sensors.py
[2026-06-18T17:39:38.679+0000] {logging_mixin.py:188} INFO - [2026-06-18T17:39:38.678+0000] {dag.py:3036} INFO - Sync 1 DAGs
[2026-06-18T17:39:38.717+0000] {logging_mixin.py:188} INFO - [2026-06-18T17:39:38.716+0000] {dag.py:3823} INFO - Setting next_dagrun for example_sensors to None, run_after=None
[2026-06-18T17:39:38.761+0000] {processor.py:183} INFO - Processing /home/airflow/.local/lib/python3.8/site-packages/airflow/example_dags/example_sensors.py took 0.173 seconds
[2026-06-18T17:40:09.420+0000] {processor.py:161} INFO - Started process (PID=6577) to work on /home/airflow/.local/lib/python3.8/site-packages/airflow/example_dags/example_sensors.py
[2026-06-18T17:40:09.422+0000] {processor.py:830} INFO - Processing file /home/airflow/.local/lib/python3.8/site-packages/airflow/example_dags/example_sensors.py for tasks to queue
[2026-06-18T17:40:09.425+0000] {logging_mixin.py:188} INFO - [2026-06-18T17:40:09.425+0000] {dagbag.py:538} INFO - Filling up the DagBag from /home/airflow/.local/lib/python3.8/site-packages/airflow/example_dags/example_sensors.py
[2026-06-18T17:40:09.444+0000] {processor.py:840} INFO - DAG(s) 'example_sensors' retrieved from /home/airflow/.local/lib/python3.8/site-packages/airflow/example_dags/example_sensors.py
[2026-06-18T17:40:09.495+0000] {logging_mixin.py:188} INFO - [2026-06-18T17:40:09.494+0000] {dag.py:3036} INFO - Sync 1 DAGs
[2026-06-18T17:40:09.519+0000] {logging_mixin.py:188} INFO - [2026-06-18T17:40:09.518+0000] {dag.py:3823} INFO - Setting next_dagrun for example_sensors to None, run_after=None
[2026-06-18T17:40:09.553+0000] {processor.py:183} INFO - Processing /home/airflow/.local/lib/python3.8/site-packages/airflow/example_dags/example_sensors.py took 0.138 seconds
[2026-06-18T17:40:39.671+0000] {processor.py:161} INFO - Started process (PID=6643) to work on /home/airflow/.local/lib/python3.8/site-packages/airflow/example_dags/example_sensors.py
[2026-06-18T17:40:39.672+0000] {processor.py:830} INFO - Processing file /home/airflow/.local/lib/python3.8/site-packages/airflow/example_dags/example_sensors.py for tasks to queue
[2026-06-18T17:40:39.675+0000] {logging_mixin.py:188} INFO - [2026-06-18T17:40:39.674+0000] {dagbag.py:538} INFO - Filling up the DagBag from /home/airflow/.local/lib/python3.8/site-packages/airflow/example_dags/example_sensors.py
[2026-06-18T17:40:39.692+0000] {processor.py:840} INFO - DAG(s) 'example_sensors' retrieved from /home/airflow/.local/lib/python3.8/site-packages/airflow/example_dags/example_sensors.py
[2026-06-18T17:40:39.740+0000] {logging_mixin.py:188} INFO - [2026-06-18T17:40:39.739+0000] {dag.py:3036} INFO - Sync 1 DAGs
[2026-06-18T17:40:39.763+0000] {logging_mixin.py:188} INFO - [2026-06-18T17:40:39.762+0000] {dag.py:3823} INFO - Setting next_dagrun for example_sensors to None, run_after=None
[2026-06-18T17:40:39.793+0000] {processor.py:183} INFO - Processing /home/airflow/.local/lib/python3.8/site-packages/airflow/example_dags/example_sensors.py took 0.129 seconds
[2026-06-18T17:41:09.923+0000] {processor.py:161} INFO - Started process (PID=6709) to work on /home/airflow/.local/lib/python3.8/site-packages/airflow/example_dags/example_sensors.py
[2026-06-18T17:41:09.925+0000] {processor.py:830} INFO - Processing file /home/airflow/.local/lib/python3.8/site-packages/airflow/example_dags/example_sensors.py for tasks to queue
[2026-06-18T17:41:09.928+0000] {logging_mixin.py:188} INFO - [2026-06-18T17:41:09.927+0000] {dagbag.py:538} INFO - Filling up the DagBag from /home/airflow/.local/lib/python3.8/site-packages/airflow/example_dags/example_sensors.py
[2026-06-18T17:41:09.944+0000] {processor.py:840} INFO - DAG(s) 'example_sensors' retrieved from /home/airflow/.local/lib/python3.8/site-packages/airflow/example_dags/example_sensors.py
[2026-06-18T17:41:10.011+0000] {logging_mixin.py:188} INFO - [2026-06-18T17:41:10.010+0000] {dag.py:3036} INFO - Sync 1 DAGs
[2026-06-18T17:41:10.041+0000] {logging_mixin.py:188} INFO - [2026-06-18T17:41:10.041+0000] {dag.py:3823} INFO - Setting next_dagrun for example_sensors to None, run_after=None
[2026-06-18T17:41:10.088+0000] {processor.py:183} INFO - Processing /home/airflow/.local/lib/python3.8/site-packages/airflow/example_dags/example_sensors.py took 0.171 seconds
[2026-06-18T17:41:40.380+0000] {processor.py:161} INFO - Started process (PID=6780) to work on /home/airflow/.local/lib/python3.8/site-packages/airflow/example_dags/example_sensors.py
[2026-06-18T17:41:40.382+0000] {processor.py:830} INFO - Processing file /home/airflow/.local/lib/python3.8/site-packages/airflow/example_dags/example_sensors.py for tasks to queue
[2026-06-18T17:41:40.385+0000] {logging_mixin.py:188} INFO - [2026-06-18T17:41:40.384+0000] {dagbag.py:538} INFO - Filling up the DagBag from /home/airflow/.local/lib/python3.8/site-packages/airflow/example_dags/example_sensors.py
[2026-06-18T17:41:40.403+0000] {processor.py:840} INFO - DAG(s) 'example_sensors' retrieved from /home/airflow/.local/lib/python3.8/site-packages/airflow/example_dags/example_sensors.py
[2026-06-18T17:41:40.462+0000] {logging_mixin.py:188} INFO - [2026-06-18T17:41:40.461+0000] {dag.py:3036} INFO - Sync 1 DAGs
[2026-06-18T17:41:40.486+0000] {logging_mixin.py:188} INFO - [2026-06-18T17:41:40.486+0000] {dag.py:3823} INFO - Setting next_dagrun for example_sensors to None, run_after=None
[2026-06-18T17:41:40.528+0000] {processor.py:183} INFO - Processing /home/airflow/.local/lib/python3.8/site-packages/airflow/example_dags/example_sensors.py took 0.154 seconds
[2026-06-18T17:42:11.288+0000] {processor.py:161} INFO - Started process (PID=6847) to work on /home/airflow/.local/lib/python3.8/site-packages/airflow/example_dags/example_sensors.py
[2026-06-18T17:42:11.290+0000] {processor.py:830} INFO - Processing file /home/airflow/.local/lib/python3.8/site-packages/airflow/example_dags/example_sensors.py for tasks to queue
[2026-06-18T17:42:11.293+0000] {logging_mixin.py:188} INFO - [2026-06-18T17:42:11.292+0000] {dagbag.py:538} INFO - Filling up the DagBag from /home/airflow/.local/lib/python3.8/site-packages/airflow/example_dags/example_sensors.py
[2026-06-18T17:42:11.308+0000] {processor.py:840} INFO - DAG(s) 'example_sensors' retrieved from /home/airflow/.local/lib/python3.8/site-packages/airflow/example_dags/example_sensors.py
[2026-06-18T17:42:11.361+0000] {logging_mixin.py:188} INFO - [2026-06-18T17:42:11.360+0000] {dag.py:3036} INFO - Sync 1 DAGs
[2026-06-18T17:42:11.387+0000] {logging_mixin.py:188} INFO - [2026-06-18T17:42:11.386+0000] {dag.py:3823} INFO - Setting next_dagrun for example_sensors to None, run_after=None
[2026-06-18T17:42:11.423+0000] {processor.py:183} INFO - Processing /home/airflow/.local/lib/python3.8/site-packages/airflow/example_dags/example_sensors.py took 0.140 seconds
[2026-06-18T17:42:41.702+0000] {processor.py:161} INFO - Started process (PID=6913) to work on /home/airflow/.local/lib/python3.8/site-packages/airflow/example_dags/example_sensors.py
[2026-06-18T17:42:41.703+0000] {processor.py:830} INFO - Processing file /home/airflow/.local/lib/python3.8/site-packages/airflow/example_dags/example_sensors.py for tasks to queue
[2026-06-18T17:42:41.706+0000] {logging_mixin.py:188} INFO - [2026-06-18T17:42:41.706+0000] {dagbag.py:538} INFO - Filling up the DagBag from /home/airflow/.local/lib/python3.8/site-packages/airflow/example_dags/example_sensors.py
[2026-06-18T17:42:41.728+0000] {processor.py:840} INFO - DAG(s) 'example_sensors' retrieved from /home/airflow/.local/lib/python3.8/site-packages/airflow/example_dags/example_sensors.py
[2026-06-18T17:42:41.782+0000] {logging_mixin.py:188} INFO - [2026-06-18T17:42:41.781+0000] {dag.py:3036} INFO - Sync 1 DAGs
[2026-06-18T17:42:41.805+0000] {logging_mixin.py:188} INFO - [2026-06-18T17:42:41.805+0000] {dag.py:3823} INFO - Setting next_dagrun for example_sensors to None, run_after=None
[2026-06-18T17:42:41.841+0000] {processor.py:183} INFO - Processing /home/airflow/.local/lib/python3.8/site-packages/airflow/example_dags/example_sensors.py took 0.146 seconds
[2026-06-18T17:43:12.639+0000] {processor.py:161} INFO - Started process (PID=6980) to work on /home/airflow/.local/lib/python3.8/site-packages/airflow/example_dags/example_sensors.py
[2026-06-18T17:43:12.642+0000] {processor.py:830} INFO - Processing file /home/airflow/.local/lib/python3.8/site-packages/airflow/example_dags/example_sensors.py for tasks to queue
[2026-06-18T17:43:12.645+0000] {logging_mixin.py:188} INFO - [2026-06-18T17:43:12.644+0000] {dagbag.py:538} INFO - Filling up the DagBag from /home/airflow/.local/lib/python3.8/site-packages/airflow/example_dags/example_sensors.py
[2026-06-18T17:43:12.665+0000] {processor.py:840} INFO - DAG(s) 'example_sensors' retrieved from /home/airflow/.local/lib/python3.8/site-packages/airflow/example_dags/example_sensors.py
[2026-06-18T17:43:12.721+0000] {logging_mixin.py:188} INFO - [2026-06-18T17:43:12.721+0000] {dag.py:3036} INFO - Sync 1 DAGs
[2026-06-18T17:43:12.755+0000] {logging_mixin.py:188} INFO - [2026-06-18T17:43:12.755+0000] {dag.py:3823} INFO - Setting next_dagrun for example_sensors to None, run_after=None
[2026-06-18T17:43:12.813+0000] {processor.py:183} INFO - Processing /home/airflow/.local/lib/python3.8/site-packages/airflow/example_dags/example_sensors.py took 0.182 seconds
[2026-06-18T17:43:43.050+0000] {processor.py:161} INFO - Started process (PID=7045) to work on /home/airflow/.local/lib/python3.8/site-packages/airflow/example_dags/example_sensors.py
[2026-06-18T17:43:43.051+0000] {processor.py:830} INFO - Processing file /home/airflow/.local/lib/python3.8/site-packages/airflow/example_dags/example_sensors.py for tasks to queue
[2026-06-18T17:43:43.054+0000] {logging_mixin.py:188} INFO - [2026-06-18T17:43:43.054+0000] {dagbag.py:538} INFO - Filling up the DagBag from /home/airflow/.local/lib/python3.8/site-packages/airflow/example_dags/example_sensors.py
[2026-06-18T17:43:43.075+0000] {processor.py:840} INFO - DAG(s) 'example_sensors' retrieved from /home/airflow/.local/lib/python3.8/site-packages/airflow/example_dags/example_sensors.py
[2026-06-18T17:43:43.166+0000] {logging_mixin.py:188} INFO - [2026-06-18T17:43:43.166+0000] {dag.py:3036} INFO - Sync 1 DAGs
[2026-06-18T17:43:43.203+0000] {logging_mixin.py:188} INFO - [2026-06-18T17:43:43.202+0000] {dag.py:3823} INFO - Setting next_dagrun for example_sensors to None, run_after=None
[2026-06-18T17:43:43.267+0000] {processor.py:183} INFO - Processing /home/airflow/.local/lib/python3.8/site-packages/airflow/example_dags/example_sensors.py took 0.227 seconds
[2026-06-18T17:44:14.007+0000] {processor.py:161} INFO - Started process (PID=7111) to work on /home/airflow/.local/lib/python3.8/site-packages/airflow/example_dags/example_sensors.py
[2026-06-18T17:44:14.010+0000] {processor.py:830} INFO - Processing file /home/airflow/.local/lib/python3.8/site-packages/airflow/example_dags/example_sensors.py for tasks to queue
[2026-06-18T17:44:14.012+0000] {logging_mixin.py:188} INFO - [2026-06-18T17:44:14.012+0000] {dagbag.py:538} INFO - Filling up the DagBag from /home/airflow/.local/lib/python3.8/site-packages/airflow/example_dags/example_sensors.py
[2026-06-18T17:44:14.028+0000] {processor.py:840} INFO - DAG(s) 'example_sensors' retrieved from /home/airflow/.local/lib/python3.8/site-packages/airflow/example_dags/example_sensors.py
[2026-06-18T17:44:14.074+0000] {logging_mixin.py:188} INFO - [2026-06-18T17:44:14.073+0000] {dag.py:3036} INFO - Sync 1 DAGs
[2026-06-18T17:44:14.094+0000] {logging_mixin.py:188} INFO - [2026-06-18T17:44:14.094+0000] {dag.py:3823} INFO - Setting next_dagrun for example_sensors to None, run_after=None
[2026-06-18T17:44:14.126+0000] {processor.py:183} INFO - Processing /home/airflow/.local/lib/python3.8/site-packages/airflow/example_dags/example_sensors.py took 0.124 seconds
[2026-06-18T17:44:44.828+0000] {processor.py:161} INFO - Started process (PID=7177) to work on /home/airflow/.local/lib/python3.8/site-packages/airflow/example_dags/example_sensors.py
[2026-06-18T17:44:44.829+0000] {processor.py:830} INFO - Processing file /home/airflow/.local/lib/python3.8/site-packages/airflow/example_dags/example_sensors.py for tasks to queue
[2026-06-18T17:44:44.831+0000] {logging_mixin.py:188} INFO - [2026-06-18T17:44:44.831+0000] {dagbag.py:538} INFO - Filling up the DagBag from /home/airflow/.local/lib/python3.8/site-packages/airflow/example_dags/example_sensors.py
[2026-06-18T17:44:44.845+0000] {processor.py:840} INFO - DAG(s) 'example_sensors' retrieved from /home/airflow/.local/lib/python3.8/site-packages/airflow/example_dags/example_sensors.py
[2026-06-18T17:44:44.897+0000] {logging_mixin.py:188} INFO - [2026-06-18T17:44:44.897+0000] {dag.py:3036} INFO - Sync 1 DAGs
[2026-06-18T17:44:44.922+0000] {logging_mixin.py:188} INFO - [2026-06-18T17:44:44.921+0000] {dag.py:3823} INFO - Setting next_dagrun for example_sensors to None, run_after=None
[2026-06-18T17:44:44.956+0000] {processor.py:183} INFO - Processing /home/airflow/.local/lib/python3.8/site-packages/airflow/example_dags/example_sensors.py took 0.133 seconds
[2026-06-18T17:45:15.517+0000] {processor.py:161} INFO - Started process (PID=7243) to work on /home/airflow/.local/lib/python3.8/site-packages/airflow/example_dags/example_sensors.py
[2026-06-18T17:45:15.519+0000] {processor.py:830} INFO - Processing file /home/airflow/.local/lib/python3.8/site-packages/airflow/example_dags/example_sensors.py for tasks to queue
[2026-06-18T17:45:15.522+0000] {logging_mixin.py:188} INFO - [2026-06-18T17:45:15.522+0000] {dagbag.py:538} INFO - Filling up the DagBag from /home/airflow/.local/lib/python3.8/site-packages/airflow/example_dags/example_sensors.py
[2026-06-18T17:45:15.539+0000] {processor.py:840} INFO - DAG(s) 'example_sensors' retrieved from /home/airflow/.local/lib/python3.8/site-packages/airflow/example_dags/example_sensors.py
[2026-06-18T17:45:15.593+0000] {logging_mixin.py:188} INFO - [2026-06-18T17:45:15.593+0000] {dag.py:3036} INFO - Sync 1 DAGs
[2026-06-18T17:45:15.614+0000] {logging_mixin.py:188} INFO - [2026-06-18T17:45:15.613+0000] {dag.py:3823} INFO - Setting next_dagrun for example_sensors to None, run_after=None
[2026-06-18T17:45:15.647+0000] {processor.py:183} INFO - Processing /home/airflow/.local/lib/python3.8/site-packages/airflow/example_dags/example_sensors.py took 0.136 seconds
[2026-06-18T17:45:46.532+0000] {processor.py:161} INFO - Started process (PID=7309) to work on /home/airflow/.local/lib/python3.8/site-packages/airflow/example_dags/example_sensors.py
[2026-06-18T17:45:46.533+0000] {processor.py:830} INFO - Processing file /home/airflow/.local/lib/python3.8/site-packages/airflow/example_dags/example_sensors.py for tasks to queue
[2026-06-18T17:45:46.536+0000] {logging_mixin.py:188} INFO - [2026-06-18T17:45:46.535+0000] {dagbag.py:538} INFO - Filling up the DagBag from /home/airflow/.local/lib/python3.8/site-packages/airflow/example_dags/example_sensors.py
[2026-06-18T17:45:46.553+0000] {processor.py:840} INFO - DAG(s) 'example_sensors' retrieved from /home/airflow/.local/lib/python3.8/site-packages/airflow/example_dags/example_sensors.py
[2026-06-18T17:45:46.604+0000] {logging_mixin.py:188} INFO - [2026-06-18T17:45:46.603+0000] {dag.py:3036} INFO - Sync 1 DAGs
[2026-06-18T17:45:46.628+0000] {logging_mixin.py:188} INFO - [2026-06-18T17:45:46.628+0000] {dag.py:3823} INFO - Setting next_dagrun for example_sensors to None, run_after=None
[2026-06-18T17:45:46.668+0000] {processor.py:183} INFO - Processing /home/airflow/.local/lib/python3.8/site-packages/airflow/example_dags/example_sensors.py took 0.142 seconds
[2026-06-18T17:46:17.463+0000] {processor.py:161} INFO - Started process (PID=7375) to work on /home/airflow/.local/lib/python3.8/site-packages/airflow/example_dags/example_sensors.py
[2026-06-18T17:46:17.465+0000] {processor.py:830} INFO - Processing file /home/airflow/.local/lib/python3.8/site-packages/airflow/example_dags/example_sensors.py for tasks to queue
[2026-06-18T17:46:17.468+0000] {logging_mixin.py:188} INFO - [2026-06-18T17:46:17.467+0000] {dagbag.py:538} INFO - Filling up the DagBag from /home/airflow/.local/lib/python3.8/site-packages/airflow/example_dags/example_sensors.py
[2026-06-18T17:46:17.483+0000] {processor.py:840} INFO - DAG(s) 'example_sensors' retrieved from /home/airflow/.local/lib/python3.8/site-packages/airflow/example_dags/example_sensors.py
[2026-06-18T17:46:17.534+0000] {logging_mixin.py:188} INFO - [2026-06-18T17:46:17.533+0000] {dag.py:3036} INFO - Sync 1 DAGs
[2026-06-18T17:46:17.559+0000] {logging_mixin.py:188} INFO - [2026-06-18T17:46:17.558+0000] {dag.py:3823} INFO - Setting next_dagrun for example_sensors to None, run_after=None
[2026-06-18T17:46:17.593+0000] {processor.py:183} INFO - Processing /home/airflow/.local/lib/python3.8/site-packages/airflow/example_dags/example_sensors.py took 0.136 seconds
[2026-06-18T17:46:47.943+0000] {processor.py:161} INFO - Started process (PID=7442) to work on /home/airflow/.local/lib/python3.8/site-packages/airflow/example_dags/example_sensors.py
[2026-06-18T17:46:47.945+0000] {processor.py:830} INFO - Processing file /home/airflow/.local/lib/python3.8/site-packages/airflow/example_dags/example_sensors.py for tasks to queue
[2026-06-18T17:46:47.948+0000] {logging_mixin.py:188} INFO - [2026-06-18T17:46:47.947+0000] {dagbag.py:538} INFO - Filling up the DagBag from /home/airflow/.local/lib/python3.8/site-packages/airflow/example_dags/example_sensors.py
[2026-06-18T17:46:47.963+0000] {processor.py:840} INFO - DAG(s) 'example_sensors' retrieved from /home/airflow/.local/lib/python3.8/site-packages/airflow/example_dags/example_sensors.py
[2026-06-18T17:46:48.015+0000] {logging_mixin.py:188} INFO - [2026-06-18T17:46:48.015+0000] {dag.py:3036} INFO - Sync 1 DAGs
[2026-06-18T17:46:48.037+0000] {logging_mixin.py:188} INFO - [2026-06-18T17:46:48.037+0000] {dag.py:3823} INFO - Setting next_dagrun for example_sensors to None, run_after=None
[2026-06-18T17:46:48.073+0000] {processor.py:183} INFO - Processing /home/airflow/.local/lib/python3.8/site-packages/airflow/example_dags/example_sensors.py took 0.135 seconds
[2026-06-18T17:47:18.718+0000] {processor.py:161} INFO - Started process (PID=7508) to work on /home/airflow/.local/lib/python3.8/site-packages/airflow/example_dags/example_sensors.py
[2026-06-18T17:47:18.721+0000] {processor.py:830} INFO - Processing file /home/airflow/.local/lib/python3.8/site-packages/airflow/example_dags/example_sensors.py for tasks to queue
[2026-06-18T17:47:18.724+0000] {logging_mixin.py:188} INFO - [2026-06-18T17:47:18.723+0000] {dagbag.py:538} INFO - Filling up the DagBag from /home/airflow/.local/lib/python3.8/site-packages/airflow/example_dags/example_sensors.py
[2026-06-18T17:47:18.741+0000] {processor.py:840} INFO - DAG(s) 'example_sensors' retrieved from /home/airflow/.local/lib/python3.8/site-packages/airflow/example_dags/example_sensors.py
[2026-06-18T17:47:18.789+0000] {logging_mixin.py:188} INFO - [2026-06-18T17:47:18.789+0000] {dag.py:3036} INFO - Sync 1 DAGs
[2026-06-18T17:47:18.813+0000] {logging_mixin.py:188} INFO - [2026-06-18T17:47:18.813+0000] {dag.py:3823} INFO - Setting next_dagrun for example_sensors to None, run_after=None
[2026-06-18T17:47:18.848+0000] {processor.py:183} INFO - Processing /home/airflow/.local/lib/python3.8/site-packages/airflow/example_dags/example_sensors.py took 0.134 seconds
[2026-06-18T17:47:49.010+0000] {processor.py:161} INFO - Started process (PID=7575) to work on /home/airflow/.local/lib/python3.8/site-packages/airflow/example_dags/example_sensors.py
[2026-06-18T17:47:49.012+0000] {processor.py:830} INFO - Processing file /home/airflow/.local/lib/python3.8/site-packages/airflow/example_dags/example_sensors.py for tasks to queue
[2026-06-18T17:47:49.015+0000] {logging_mixin.py:188} INFO - [2026-06-18T17:47:49.014+0000] {dagbag.py:538} INFO - Filling up the DagBag from /home/airflow/.local/lib/python3.8/site-packages/airflow/example_dags/example_sensors.py
[2026-06-18T17:47:49.040+0000] {processor.py:840} INFO - DAG(s) 'example_sensors' retrieved from /home/airflow/.local/lib/python3.8/site-packages/airflow/example_dags/example_sensors.py
[2026-06-18T17:47:49.144+0000] {logging_mixin.py:188} INFO - [2026-06-18T17:47:49.144+0000] {dag.py:3036} INFO - Sync 1 DAGs
[2026-06-18T17:47:49.173+0000] {logging_mixin.py:188} INFO - [2026-06-18T17:47:49.173+0000] {dag.py:3823} INFO - Setting next_dagrun for example_sensors to None, run_after=None
[2026-06-18T17:47:49.213+0000] {processor.py:183} INFO - Processing /home/airflow/.local/lib/python3.8/site-packages/airflow/example_dags/example_sensors.py took 0.225 seconds
[2026-06-18T17:48:19.836+0000] {processor.py:161} INFO - Started process (PID=7640) to work on /home/airflow/.local/lib/python3.8/site-packages/airflow/example_dags/example_sensors.py
[2026-06-18T17:48:19.838+0000] {processor.py:830} INFO - Processing file /home/airflow/.local/lib/python3.8/site-packages/airflow/example_dags/example_sensors.py for tasks to queue
[2026-06-18T17:48:19.841+0000] {logging_mixin.py:188} INFO - [2026-06-18T17:48:19.841+0000] {dagbag.py:538} INFO - Filling up the DagBag from /home/airflow/.local/lib/python3.8/site-packages/airflow/example_dags/example_sensors.py
[2026-06-18T17:48:19.856+0000] {processor.py:840} INFO - DAG(s) 'example_sensors' retrieved from /home/airflow/.local/lib/python3.8/site-packages/airflow/example_dags/example_sensors.py
[2026-06-18T17:48:19.913+0000] {logging_mixin.py:188} INFO - [2026-06-18T17:48:19.913+0000] {dag.py:3036} INFO - Sync 1 DAGs
[2026-06-18T17:48:19.936+0000] {logging_mixin.py:188} INFO - [2026-06-18T17:48:19.936+0000] {dag.py:3823} INFO - Setting next_dagrun for example_sensors to None, run_after=None
[2026-06-18T17:48:19.991+0000] {processor.py:183} INFO - Processing /home/airflow/.local/lib/python3.8/site-packages/airflow/example_dags/example_sensors.py took 0.160 seconds
[2026-06-18T17:48:50.419+0000] {processor.py:161} INFO - Started process (PID=7706) to work on /home/airflow/.local/lib/python3.8/site-packages/airflow/example_dags/example_sensors.py
[2026-06-18T17:48:50.421+0000] {processor.py:830} INFO - Processing file /home/airflow/.local/lib/python3.8/site-packages/airflow/example_dags/example_sensors.py for tasks to queue
[2026-06-18T17:48:50.424+0000] {logging_mixin.py:188} INFO - [2026-06-18T17:48:50.424+0000] {dagbag.py:538} INFO - Filling up the DagBag from /home/airflow/.local/lib/python3.8/site-packages/airflow/example_dags/example_sensors.py
[2026-06-18T17:48:50.442+0000] {processor.py:840} INFO - DAG(s) 'example_sensors' retrieved from /home/airflow/.local/lib/python3.8/site-packages/airflow/example_dags/example_sensors.py
[2026-06-18T17:48:50.501+0000] {logging_mixin.py:188} INFO - [2026-06-18T17:48:50.500+0000] {dag.py:3036} INFO - Sync 1 DAGs
[2026-06-18T17:48:50.528+0000] {logging_mixin.py:188} INFO - [2026-06-18T17:48:50.527+0000] {dag.py:3823} INFO - Setting next_dagrun for example_sensors to None, run_after=None
[2026-06-18T17:48:50.567+0000] {processor.py:183} INFO - Processing /home/airflow/.local/lib/python3.8/site-packages/airflow/example_dags/example_sensors.py took 0.154 seconds
[2026-06-18T17:49:20.725+0000] {processor.py:161} INFO - Started process (PID=7780) to work on /home/airflow/.local/lib/python3.8/site-packages/airflow/example_dags/example_sensors.py
[2026-06-18T17:49:20.726+0000] {processor.py:830} INFO - Processing file /home/airflow/.local/lib/python3.8/site-packages/airflow/example_dags/example_sensors.py for tasks to queue
[2026-06-18T17:49:20.730+0000] {logging_mixin.py:188} INFO - [2026-06-18T17:49:20.729+0000] {dagbag.py:538} INFO - Filling up the DagBag from /home/airflow/.local/lib/python3.8/site-packages/airflow/example_dags/example_sensors.py
[2026-06-18T17:49:20.745+0000] {processor.py:840} INFO - DAG(s) 'example_sensors' retrieved from /home/airflow/.local/lib/python3.8/site-packages/airflow/example_dags/example_sensors.py
[2026-06-18T17:49:20.795+0000] {logging_mixin.py:188} INFO - [2026-06-18T17:49:20.795+0000] {dag.py:3036} INFO - Sync 1 DAGs
[2026-06-18T17:49:20.820+0000] {logging_mixin.py:188} INFO - [2026-06-18T17:49:20.820+0000] {dag.py:3823} INFO - Setting next_dagrun for example_sensors to None, run_after=None
[2026-06-18T17:49:20.858+0000] {processor.py:183} INFO - Processing /home/airflow/.local/lib/python3.8/site-packages/airflow/example_dags/example_sensors.py took 0.139 seconds
