[2026-06-18T16:50:18.156+0000] {processor.py:161} INFO - Started process (PID=80) to work on /home/airflow/.local/lib/python3.8/site-packages/airflow/example_dags/example_setup_teardown.py
[2026-06-18T16:50:18.158+0000] {processor.py:830} INFO - Processing file /home/airflow/.local/lib/python3.8/site-packages/airflow/example_dags/example_setup_teardown.py for tasks to queue
[2026-06-18T16:50:18.160+0000] {logging_mixin.py:188} INFO - [2026-06-18T16:50:18.160+0000] {dagbag.py:538} INFO - Filling up the DagBag from /home/airflow/.local/lib/python3.8/site-packages/airflow/example_dags/example_setup_teardown.py
[2026-06-18T16:50:18.171+0000] {processor.py:840} INFO - DAG(s) 'example_setup_teardown' retrieved from /home/airflow/.local/lib/python3.8/site-packages/airflow/example_dags/example_setup_teardown.py
[2026-06-18T16:50:18.213+0000] {logging_mixin.py:188} INFO - [2026-06-18T16:50:18.213+0000] {dag.py:3036} INFO - Sync 1 DAGs
[2026-06-18T16:50:18.260+0000] {logging_mixin.py:188} INFO - [2026-06-18T16:50:18.259+0000] {dag.py:3823} INFO - Setting next_dagrun for example_setup_teardown to 2026-06-17 00:00:00+00:00, run_after=2026-06-18 00:00:00+00:00
[2026-06-18T16:50:18.294+0000] {processor.py:183} INFO - Processing /home/airflow/.local/lib/python3.8/site-packages/airflow/example_dags/example_setup_teardown.py took 0.143 seconds
[2026-06-18T16:50:48.386+0000] {processor.py:161} INFO - Started process (PID=145) to work on /home/airflow/.local/lib/python3.8/site-packages/airflow/example_dags/example_setup_teardown.py
[2026-06-18T16:50:48.387+0000] {processor.py:830} INFO - Processing file /home/airflow/.local/lib/python3.8/site-packages/airflow/example_dags/example_setup_teardown.py for tasks to queue
[2026-06-18T16:50:48.389+0000] {logging_mixin.py:188} INFO - [2026-06-18T16:50:48.389+0000] {dagbag.py:538} INFO - Filling up the DagBag from /home/airflow/.local/lib/python3.8/site-packages/airflow/example_dags/example_setup_teardown.py
[2026-06-18T16:50:48.400+0000] {processor.py:840} INFO - DAG(s) 'example_setup_teardown' retrieved from /home/airflow/.local/lib/python3.8/site-packages/airflow/example_dags/example_setup_teardown.py
[2026-06-18T16:50:48.435+0000] {logging_mixin.py:188} INFO - [2026-06-18T16:50:48.435+0000] {dag.py:3036} INFO - Sync 1 DAGs
[2026-06-18T16:50:48.471+0000] {logging_mixin.py:188} INFO - [2026-06-18T16:50:48.471+0000] {dag.py:3823} INFO - Setting next_dagrun for example_setup_teardown to 2026-06-17 00:00:00+00:00, run_after=2026-06-18 00:00:00+00:00
[2026-06-18T16:50:48.501+0000] {processor.py:183} INFO - Processing /home/airflow/.local/lib/python3.8/site-packages/airflow/example_dags/example_setup_teardown.py took 0.120 seconds
[2026-06-18T16:51:18.859+0000] {processor.py:161} INFO - Started process (PID=211) to work on /home/airflow/.local/lib/python3.8/site-packages/airflow/example_dags/example_setup_teardown.py
[2026-06-18T16:51:18.861+0000] {processor.py:830} INFO - Processing file /home/airflow/.local/lib/python3.8/site-packages/airflow/example_dags/example_setup_teardown.py for tasks to queue
[2026-06-18T16:51:18.864+0000] {logging_mixin.py:188} INFO - [2026-06-18T16:51:18.863+0000] {dagbag.py:538} INFO - Filling up the DagBag from /home/airflow/.local/lib/python3.8/site-packages/airflow/example_dags/example_setup_teardown.py
[2026-06-18T16:51:18.874+0000] {processor.py:840} INFO - DAG(s) 'example_setup_teardown' retrieved from /home/airflow/.local/lib/python3.8/site-packages/airflow/example_dags/example_setup_teardown.py
[2026-06-18T16:51:18.912+0000] {logging_mixin.py:188} INFO - [2026-06-18T16:51:18.911+0000] {dag.py:3036} INFO - Sync 1 DAGs
[2026-06-18T16:51:18.947+0000] {logging_mixin.py:188} INFO - [2026-06-18T16:51:18.946+0000] {dag.py:3823} INFO - Setting next_dagrun for example_setup_teardown to 2026-06-17 00:00:00+00:00, run_after=2026-06-18 00:00:00+00:00
[2026-06-18T16:51:18.976+0000] {processor.py:183} INFO - Processing /home/airflow/.local/lib/python3.8/site-packages/airflow/example_dags/example_setup_teardown.py took 0.122 seconds
[2026-06-18T16:51:49.129+0000] {processor.py:161} INFO - Started process (PID=277) to work on /home/airflow/.local/lib/python3.8/site-packages/airflow/example_dags/example_setup_teardown.py
[2026-06-18T16:51:49.131+0000] {processor.py:830} INFO - Processing file /home/airflow/.local/lib/python3.8/site-packages/airflow/example_dags/example_setup_teardown.py for tasks to queue
[2026-06-18T16:51:49.133+0000] {logging_mixin.py:188} INFO - [2026-06-18T16:51:49.132+0000] {dagbag.py:538} INFO - Filling up the DagBag from /home/airflow/.local/lib/python3.8/site-packages/airflow/example_dags/example_setup_teardown.py
[2026-06-18T16:51:49.143+0000] {processor.py:840} INFO - DAG(s) 'example_setup_teardown' retrieved from /home/airflow/.local/lib/python3.8/site-packages/airflow/example_dags/example_setup_teardown.py
[2026-06-18T16:51:49.177+0000] {logging_mixin.py:188} INFO - [2026-06-18T16:51:49.177+0000] {dag.py:3036} INFO - Sync 1 DAGs
[2026-06-18T16:51:49.211+0000] {logging_mixin.py:188} INFO - [2026-06-18T16:51:49.211+0000] {dag.py:3823} INFO - Setting next_dagrun for example_setup_teardown to 2026-06-17 00:00:00+00:00, run_after=2026-06-18 00:00:00+00:00
[2026-06-18T16:51:49.239+0000] {processor.py:183} INFO - Processing /home/airflow/.local/lib/python3.8/site-packages/airflow/example_dags/example_setup_teardown.py took 0.115 seconds
[2026-06-18T16:52:20.186+0000] {processor.py:161} INFO - Started process (PID=344) to work on /home/airflow/.local/lib/python3.8/site-packages/airflow/example_dags/example_setup_teardown.py
[2026-06-18T16:52:20.188+0000] {processor.py:830} INFO - Processing file /home/airflow/.local/lib/python3.8/site-packages/airflow/example_dags/example_setup_teardown.py for tasks to queue
[2026-06-18T16:52:20.190+0000] {logging_mixin.py:188} INFO - [2026-06-18T16:52:20.190+0000] {dagbag.py:538} INFO - Filling up the DagBag from /home/airflow/.local/lib/python3.8/site-packages/airflow/example_dags/example_setup_teardown.py
[2026-06-18T16:52:20.201+0000] {processor.py:840} INFO - DAG(s) 'example_setup_teardown' retrieved from /home/airflow/.local/lib/python3.8/site-packages/airflow/example_dags/example_setup_teardown.py
[2026-06-18T16:52:20.243+0000] {logging_mixin.py:188} INFO - [2026-06-18T16:52:20.242+0000] {dag.py:3036} INFO - Sync 1 DAGs
[2026-06-18T16:52:20.278+0000] {logging_mixin.py:188} INFO - [2026-06-18T16:52:20.278+0000] {dag.py:3823} INFO - Setting next_dagrun for example_setup_teardown to 2026-06-17 00:00:00+00:00, run_after=2026-06-18 00:00:00+00:00
[2026-06-18T16:52:20.311+0000] {processor.py:183} INFO - Processing /home/airflow/.local/lib/python3.8/site-packages/airflow/example_dags/example_setup_teardown.py took 0.130 seconds
[2026-06-18T16:52:50.735+0000] {processor.py:161} INFO - Started process (PID=412) to work on /home/airflow/.local/lib/python3.8/site-packages/airflow/example_dags/example_setup_teardown.py
[2026-06-18T16:52:50.736+0000] {processor.py:830} INFO - Processing file /home/airflow/.local/lib/python3.8/site-packages/airflow/example_dags/example_setup_teardown.py for tasks to queue
[2026-06-18T16:52:50.739+0000] {logging_mixin.py:188} INFO - [2026-06-18T16:52:50.739+0000] {dagbag.py:538} INFO - Filling up the DagBag from /home/airflow/.local/lib/python3.8/site-packages/airflow/example_dags/example_setup_teardown.py
[2026-06-18T16:52:50.752+0000] {processor.py:840} INFO - DAG(s) 'example_setup_teardown' retrieved from /home/airflow/.local/lib/python3.8/site-packages/airflow/example_dags/example_setup_teardown.py
[2026-06-18T16:52:50.794+0000] {logging_mixin.py:188} INFO - [2026-06-18T16:52:50.794+0000] {dag.py:3036} INFO - Sync 1 DAGs
[2026-06-18T16:52:50.841+0000] {logging_mixin.py:188} INFO - [2026-06-18T16:52:50.841+0000] {dag.py:3823} INFO - Setting next_dagrun for example_setup_teardown to 2026-06-17 00:00:00+00:00, run_after=2026-06-18 00:00:00+00:00
[2026-06-18T16:52:50.882+0000] {processor.py:183} INFO - Processing /home/airflow/.local/lib/python3.8/site-packages/airflow/example_dags/example_setup_teardown.py took 0.154 seconds
[2026-06-18T16:53:20.988+0000] {processor.py:161} INFO - Started process (PID=478) to work on /home/airflow/.local/lib/python3.8/site-packages/airflow/example_dags/example_setup_teardown.py
[2026-06-18T16:53:20.990+0000] {processor.py:830} INFO - Processing file /home/airflow/.local/lib/python3.8/site-packages/airflow/example_dags/example_setup_teardown.py for tasks to queue
[2026-06-18T16:53:20.993+0000] {logging_mixin.py:188} INFO - [2026-06-18T16:53:20.993+0000] {dagbag.py:538} INFO - Filling up the DagBag from /home/airflow/.local/lib/python3.8/site-packages/airflow/example_dags/example_setup_teardown.py
[2026-06-18T16:53:21.006+0000] {processor.py:840} INFO - DAG(s) 'example_setup_teardown' retrieved from /home/airflow/.local/lib/python3.8/site-packages/airflow/example_dags/example_setup_teardown.py
[2026-06-18T16:53:21.051+0000] {logging_mixin.py:188} INFO - [2026-06-18T16:53:21.050+0000] {dag.py:3036} INFO - Sync 1 DAGs
[2026-06-18T16:53:21.100+0000] {logging_mixin.py:188} INFO - [2026-06-18T16:53:21.100+0000] {dag.py:3823} INFO - Setting next_dagrun for example_setup_teardown to 2026-06-17 00:00:00+00:00, run_after=2026-06-18 00:00:00+00:00
[2026-06-18T16:53:21.137+0000] {processor.py:183} INFO - Processing /home/airflow/.local/lib/python3.8/site-packages/airflow/example_dags/example_setup_teardown.py took 0.156 seconds
[2026-06-18T16:53:51.335+0000] {processor.py:161} INFO - Started process (PID=545) to work on /home/airflow/.local/lib/python3.8/site-packages/airflow/example_dags/example_setup_teardown.py
[2026-06-18T16:53:51.336+0000] {processor.py:830} INFO - Processing file /home/airflow/.local/lib/python3.8/site-packages/airflow/example_dags/example_setup_teardown.py for tasks to queue
[2026-06-18T16:53:51.339+0000] {logging_mixin.py:188} INFO - [2026-06-18T16:53:51.338+0000] {dagbag.py:538} INFO - Filling up the DagBag from /home/airflow/.local/lib/python3.8/site-packages/airflow/example_dags/example_setup_teardown.py
[2026-06-18T16:53:51.351+0000] {processor.py:840} INFO - DAG(s) 'example_setup_teardown' retrieved from /home/airflow/.local/lib/python3.8/site-packages/airflow/example_dags/example_setup_teardown.py
[2026-06-18T16:53:51.391+0000] {logging_mixin.py:188} INFO - [2026-06-18T16:53:51.391+0000] {dag.py:3036} INFO - Sync 1 DAGs
[2026-06-18T16:53:51.435+0000] {logging_mixin.py:188} INFO - [2026-06-18T16:53:51.434+0000] {dag.py:3823} INFO - Setting next_dagrun for example_setup_teardown to 2026-06-17 00:00:00+00:00, run_after=2026-06-18 00:00:00+00:00
[2026-06-18T16:53:51.485+0000] {processor.py:183} INFO - Processing /home/airflow/.local/lib/python3.8/site-packages/airflow/example_dags/example_setup_teardown.py took 0.157 seconds
[2026-06-18T16:54:21.809+0000] {processor.py:161} INFO - Started process (PID=612) to work on /home/airflow/.local/lib/python3.8/site-packages/airflow/example_dags/example_setup_teardown.py
[2026-06-18T16:54:21.811+0000] {processor.py:830} INFO - Processing file /home/airflow/.local/lib/python3.8/site-packages/airflow/example_dags/example_setup_teardown.py for tasks to queue
[2026-06-18T16:54:21.814+0000] {logging_mixin.py:188} INFO - [2026-06-18T16:54:21.814+0000] {dagbag.py:538} INFO - Filling up the DagBag from /home/airflow/.local/lib/python3.8/site-packages/airflow/example_dags/example_setup_teardown.py
[2026-06-18T16:54:21.826+0000] {processor.py:840} INFO - DAG(s) 'example_setup_teardown' retrieved from /home/airflow/.local/lib/python3.8/site-packages/airflow/example_dags/example_setup_teardown.py
[2026-06-18T16:54:21.875+0000] {logging_mixin.py:188} INFO - [2026-06-18T16:54:21.875+0000] {dag.py:3036} INFO - Sync 1 DAGs
[2026-06-18T16:54:21.922+0000] {logging_mixin.py:188} INFO - [2026-06-18T16:54:21.922+0000] {dag.py:3823} INFO - Setting next_dagrun for example_setup_teardown to 2026-06-17 00:00:00+00:00, run_after=2026-06-18 00:00:00+00:00
[2026-06-18T16:54:21.953+0000] {processor.py:183} INFO - Processing /home/airflow/.local/lib/python3.8/site-packages/airflow/example_dags/example_setup_teardown.py took 0.149 seconds
[2026-06-18T16:54:52.233+0000] {processor.py:161} INFO - Started process (PID=685) to work on /home/airflow/.local/lib/python3.8/site-packages/airflow/example_dags/example_setup_teardown.py
[2026-06-18T16:54:52.234+0000] {processor.py:830} INFO - Processing file /home/airflow/.local/lib/python3.8/site-packages/airflow/example_dags/example_setup_teardown.py for tasks to queue
[2026-06-18T16:54:52.237+0000] {logging_mixin.py:188} INFO - [2026-06-18T16:54:52.236+0000] {dagbag.py:538} INFO - Filling up the DagBag from /home/airflow/.local/lib/python3.8/site-packages/airflow/example_dags/example_setup_teardown.py
[2026-06-18T16:54:52.247+0000] {processor.py:840} INFO - DAG(s) 'example_setup_teardown' retrieved from /home/airflow/.local/lib/python3.8/site-packages/airflow/example_dags/example_setup_teardown.py
[2026-06-18T16:54:52.290+0000] {logging_mixin.py:188} INFO - [2026-06-18T16:54:52.290+0000] {dag.py:3036} INFO - Sync 1 DAGs
[2026-06-18T16:54:52.327+0000] {logging_mixin.py:188} INFO - [2026-06-18T16:54:52.326+0000] {dag.py:3823} INFO - Setting next_dagrun for example_setup_teardown to 2026-06-17 00:00:00+00:00, run_after=2026-06-18 00:00:00+00:00
[2026-06-18T16:54:52.360+0000] {processor.py:183} INFO - Processing /home/airflow/.local/lib/python3.8/site-packages/airflow/example_dags/example_setup_teardown.py took 0.132 seconds
[2026-06-18T16:55:22.911+0000] {processor.py:161} INFO - Started process (PID=752) to work on /home/airflow/.local/lib/python3.8/site-packages/airflow/example_dags/example_setup_teardown.py
[2026-06-18T16:55:22.913+0000] {processor.py:830} INFO - Processing file /home/airflow/.local/lib/python3.8/site-packages/airflow/example_dags/example_setup_teardown.py for tasks to queue
[2026-06-18T16:55:22.916+0000] {logging_mixin.py:188} INFO - [2026-06-18T16:55:22.916+0000] {dagbag.py:538} INFO - Filling up the DagBag from /home/airflow/.local/lib/python3.8/site-packages/airflow/example_dags/example_setup_teardown.py
[2026-06-18T16:55:22.929+0000] {processor.py:840} INFO - DAG(s) 'example_setup_teardown' retrieved from /home/airflow/.local/lib/python3.8/site-packages/airflow/example_dags/example_setup_teardown.py
[2026-06-18T16:55:22.976+0000] {logging_mixin.py:188} INFO - [2026-06-18T16:55:22.976+0000] {dag.py:3036} INFO - Sync 1 DAGs
[2026-06-18T16:55:23.022+0000] {logging_mixin.py:188} INFO - [2026-06-18T16:55:23.022+0000] {dag.py:3823} INFO - Setting next_dagrun for example_setup_teardown to 2026-06-17 00:00:00+00:00, run_after=2026-06-18 00:00:00+00:00
[2026-06-18T16:55:23.053+0000] {processor.py:183} INFO - Processing /home/airflow/.local/lib/python3.8/site-packages/airflow/example_dags/example_setup_teardown.py took 0.147 seconds
[2026-06-18T16:55:53.712+0000] {processor.py:161} INFO - Started process (PID=819) to work on /home/airflow/.local/lib/python3.8/site-packages/airflow/example_dags/example_setup_teardown.py
[2026-06-18T16:55:53.715+0000] {processor.py:830} INFO - Processing file /home/airflow/.local/lib/python3.8/site-packages/airflow/example_dags/example_setup_teardown.py for tasks to queue
[2026-06-18T16:55:53.717+0000] {logging_mixin.py:188} INFO - [2026-06-18T16:55:53.716+0000] {dagbag.py:538} INFO - Filling up the DagBag from /home/airflow/.local/lib/python3.8/site-packages/airflow/example_dags/example_setup_teardown.py
[2026-06-18T16:55:53.727+0000] {processor.py:840} INFO - DAG(s) 'example_setup_teardown' retrieved from /home/airflow/.local/lib/python3.8/site-packages/airflow/example_dags/example_setup_teardown.py
[2026-06-18T16:55:53.768+0000] {logging_mixin.py:188} INFO - [2026-06-18T16:55:53.767+0000] {dag.py:3036} INFO - Sync 1 DAGs
[2026-06-18T16:55:53.806+0000] {logging_mixin.py:188} INFO - [2026-06-18T16:55:53.805+0000] {dag.py:3823} INFO - Setting next_dagrun for example_setup_teardown to 2026-06-17 00:00:00+00:00, run_after=2026-06-18 00:00:00+00:00
[2026-06-18T16:55:53.834+0000] {processor.py:183} INFO - Processing /home/airflow/.local/lib/python3.8/site-packages/airflow/example_dags/example_setup_teardown.py took 0.126 seconds
[2026-06-18T16:56:24.633+0000] {processor.py:161} INFO - Started process (PID=885) to work on /home/airflow/.local/lib/python3.8/site-packages/airflow/example_dags/example_setup_teardown.py
[2026-06-18T16:56:24.634+0000] {processor.py:830} INFO - Processing file /home/airflow/.local/lib/python3.8/site-packages/airflow/example_dags/example_setup_teardown.py for tasks to queue
[2026-06-18T16:56:24.637+0000] {logging_mixin.py:188} INFO - [2026-06-18T16:56:24.636+0000] {dagbag.py:538} INFO - Filling up the DagBag from /home/airflow/.local/lib/python3.8/site-packages/airflow/example_dags/example_setup_teardown.py
[2026-06-18T16:56:24.646+0000] {processor.py:840} INFO - DAG(s) 'example_setup_teardown' retrieved from /home/airflow/.local/lib/python3.8/site-packages/airflow/example_dags/example_setup_teardown.py
[2026-06-18T16:56:24.682+0000] {logging_mixin.py:188} INFO - [2026-06-18T16:56:24.681+0000] {dag.py:3036} INFO - Sync 1 DAGs
[2026-06-18T16:56:24.723+0000] {logging_mixin.py:188} INFO - [2026-06-18T16:56:24.723+0000] {dag.py:3823} INFO - Setting next_dagrun for example_setup_teardown to 2026-06-17 00:00:00+00:00, run_after=2026-06-18 00:00:00+00:00
[2026-06-18T16:56:24.754+0000] {processor.py:183} INFO - Processing /home/airflow/.local/lib/python3.8/site-packages/airflow/example_dags/example_setup_teardown.py took 0.126 seconds
[2026-06-18T16:56:55.382+0000] {processor.py:161} INFO - Started process (PID=951) to work on /home/airflow/.local/lib/python3.8/site-packages/airflow/example_dags/example_setup_teardown.py
[2026-06-18T16:56:55.384+0000] {processor.py:830} INFO - Processing file /home/airflow/.local/lib/python3.8/site-packages/airflow/example_dags/example_setup_teardown.py for tasks to queue
[2026-06-18T16:56:55.387+0000] {logging_mixin.py:188} INFO - [2026-06-18T16:56:55.386+0000] {dagbag.py:538} INFO - Filling up the DagBag from /home/airflow/.local/lib/python3.8/site-packages/airflow/example_dags/example_setup_teardown.py
[2026-06-18T16:56:55.399+0000] {processor.py:840} INFO - DAG(s) 'example_setup_teardown' retrieved from /home/airflow/.local/lib/python3.8/site-packages/airflow/example_dags/example_setup_teardown.py
[2026-06-18T16:56:55.441+0000] {logging_mixin.py:188} INFO - [2026-06-18T16:56:55.440+0000] {dag.py:3036} INFO - Sync 1 DAGs
[2026-06-18T16:56:55.482+0000] {logging_mixin.py:188} INFO - [2026-06-18T16:56:55.482+0000] {dag.py:3823} INFO - Setting next_dagrun for example_setup_teardown to 2026-06-17 00:00:00+00:00, run_after=2026-06-18 00:00:00+00:00
[2026-06-18T16:56:55.516+0000] {processor.py:183} INFO - Processing /home/airflow/.local/lib/python3.8/site-packages/airflow/example_dags/example_setup_teardown.py took 0.140 seconds
[2026-06-18T16:57:26.141+0000] {processor.py:161} INFO - Started process (PID=1016) to work on /home/airflow/.local/lib/python3.8/site-packages/airflow/example_dags/example_setup_teardown.py
[2026-06-18T16:57:26.148+0000] {processor.py:830} INFO - Processing file /home/airflow/.local/lib/python3.8/site-packages/airflow/example_dags/example_setup_teardown.py for tasks to queue
[2026-06-18T16:57:26.151+0000] {logging_mixin.py:188} INFO - [2026-06-18T16:57:26.151+0000] {dagbag.py:538} INFO - Filling up the DagBag from /home/airflow/.local/lib/python3.8/site-packages/airflow/example_dags/example_setup_teardown.py
[2026-06-18T16:57:26.163+0000] {processor.py:840} INFO - DAG(s) 'example_setup_teardown' retrieved from /home/airflow/.local/lib/python3.8/site-packages/airflow/example_dags/example_setup_teardown.py
[2026-06-18T16:57:26.213+0000] {logging_mixin.py:188} INFO - [2026-06-18T16:57:26.212+0000] {dag.py:3036} INFO - Sync 1 DAGs
[2026-06-18T16:57:26.255+0000] {logging_mixin.py:188} INFO - [2026-06-18T16:57:26.255+0000] {dag.py:3823} INFO - Setting next_dagrun for example_setup_teardown to 2026-06-17 00:00:00+00:00, run_after=2026-06-18 00:00:00+00:00
[2026-06-18T16:57:26.290+0000] {processor.py:183} INFO - Processing /home/airflow/.local/lib/python3.8/site-packages/airflow/example_dags/example_setup_teardown.py took 0.155 seconds
[2026-06-18T16:57:56.977+0000] {processor.py:161} INFO - Started process (PID=1081) to work on /home/airflow/.local/lib/python3.8/site-packages/airflow/example_dags/example_setup_teardown.py
[2026-06-18T16:57:56.979+0000] {processor.py:830} INFO - Processing file /home/airflow/.local/lib/python3.8/site-packages/airflow/example_dags/example_setup_teardown.py for tasks to queue
[2026-06-18T16:57:56.982+0000] {logging_mixin.py:188} INFO - [2026-06-18T16:57:56.981+0000] {dagbag.py:538} INFO - Filling up the DagBag from /home/airflow/.local/lib/python3.8/site-packages/airflow/example_dags/example_setup_teardown.py
[2026-06-18T16:57:56.992+0000] {processor.py:840} INFO - DAG(s) 'example_setup_teardown' retrieved from /home/airflow/.local/lib/python3.8/site-packages/airflow/example_dags/example_setup_teardown.py
[2026-06-18T16:57:57.029+0000] {logging_mixin.py:188} INFO - [2026-06-18T16:57:57.029+0000] {dag.py:3036} INFO - Sync 1 DAGs
[2026-06-18T16:57:57.064+0000] {logging_mixin.py:188} INFO - [2026-06-18T16:57:57.063+0000] {dag.py:3823} INFO - Setting next_dagrun for example_setup_teardown to 2026-06-17 00:00:00+00:00, run_after=2026-06-18 00:00:00+00:00
[2026-06-18T16:57:57.093+0000] {processor.py:183} INFO - Processing /home/airflow/.local/lib/python3.8/site-packages/airflow/example_dags/example_setup_teardown.py took 0.120 seconds
[2026-06-18T16:58:27.537+0000] {processor.py:161} INFO - Started process (PID=1146) to work on /home/airflow/.local/lib/python3.8/site-packages/airflow/example_dags/example_setup_teardown.py
[2026-06-18T16:58:27.539+0000] {processor.py:830} INFO - Processing file /home/airflow/.local/lib/python3.8/site-packages/airflow/example_dags/example_setup_teardown.py for tasks to queue
[2026-06-18T16:58:27.542+0000] {logging_mixin.py:188} INFO - [2026-06-18T16:58:27.542+0000] {dagbag.py:538} INFO - Filling up the DagBag from /home/airflow/.local/lib/python3.8/site-packages/airflow/example_dags/example_setup_teardown.py
[2026-06-18T16:58:27.557+0000] {processor.py:840} INFO - DAG(s) 'example_setup_teardown' retrieved from /home/airflow/.local/lib/python3.8/site-packages/airflow/example_dags/example_setup_teardown.py
[2026-06-18T16:58:27.580+0000] {logging_mixin.py:188} INFO - [2026-06-18T16:58:27.580+0000] {dag.py:3036} INFO - Sync 1 DAGs
[2026-06-18T16:58:27.623+0000] {logging_mixin.py:188} INFO - [2026-06-18T16:58:27.622+0000] {dag.py:3823} INFO - Setting next_dagrun for example_setup_teardown to 2026-06-17 00:00:00+00:00, run_after=2026-06-18 00:00:00+00:00
[2026-06-18T16:58:27.655+0000] {processor.py:183} INFO - Processing /home/airflow/.local/lib/python3.8/site-packages/airflow/example_dags/example_setup_teardown.py took 0.124 seconds
[2026-06-18T16:58:58.937+0000] {processor.py:161} INFO - Started process (PID=1212) to work on /home/airflow/.local/lib/python3.8/site-packages/airflow/example_dags/example_setup_teardown.py
[2026-06-18T16:58:58.939+0000] {processor.py:830} INFO - Processing file /home/airflow/.local/lib/python3.8/site-packages/airflow/example_dags/example_setup_teardown.py for tasks to queue
[2026-06-18T16:58:58.942+0000] {logging_mixin.py:188} INFO - [2026-06-18T16:58:58.942+0000] {dagbag.py:538} INFO - Filling up the DagBag from /home/airflow/.local/lib/python3.8/site-packages/airflow/example_dags/example_setup_teardown.py
[2026-06-18T16:58:58.954+0000] {processor.py:840} INFO - DAG(s) 'example_setup_teardown' retrieved from /home/airflow/.local/lib/python3.8/site-packages/airflow/example_dags/example_setup_teardown.py
[2026-06-18T16:58:59.150+0000] {logging_mixin.py:188} INFO - [2026-06-18T16:58:59.149+0000] {dag.py:3036} INFO - Sync 1 DAGs
[2026-06-18T16:58:59.187+0000] {logging_mixin.py:188} INFO - [2026-06-18T16:58:59.187+0000] {dag.py:3823} INFO - Setting next_dagrun for example_setup_teardown to 2026-06-17 00:00:00+00:00, run_after=2026-06-18 00:00:00+00:00
[2026-06-18T16:58:59.229+0000] {processor.py:183} INFO - Processing /home/airflow/.local/lib/python3.8/site-packages/airflow/example_dags/example_setup_teardown.py took 0.297 seconds
[2026-06-18T16:59:29.443+0000] {processor.py:161} INFO - Started process (PID=1285) to work on /home/airflow/.local/lib/python3.8/site-packages/airflow/example_dags/example_setup_teardown.py
[2026-06-18T16:59:29.444+0000] {processor.py:830} INFO - Processing file /home/airflow/.local/lib/python3.8/site-packages/airflow/example_dags/example_setup_teardown.py for tasks to queue
[2026-06-18T16:59:29.447+0000] {logging_mixin.py:188} INFO - [2026-06-18T16:59:29.447+0000] {dagbag.py:538} INFO - Filling up the DagBag from /home/airflow/.local/lib/python3.8/site-packages/airflow/example_dags/example_setup_teardown.py
[2026-06-18T16:59:29.459+0000] {processor.py:840} INFO - DAG(s) 'example_setup_teardown' retrieved from /home/airflow/.local/lib/python3.8/site-packages/airflow/example_dags/example_setup_teardown.py
[2026-06-18T16:59:29.505+0000] {logging_mixin.py:188} INFO - [2026-06-18T16:59:29.504+0000] {dag.py:3036} INFO - Sync 1 DAGs
[2026-06-18T16:59:29.552+0000] {logging_mixin.py:188} INFO - [2026-06-18T16:59:29.552+0000] {dag.py:3823} INFO - Setting next_dagrun for example_setup_teardown to 2026-06-17 00:00:00+00:00, run_after=2026-06-18 00:00:00+00:00
[2026-06-18T16:59:29.590+0000] {processor.py:183} INFO - Processing /home/airflow/.local/lib/python3.8/site-packages/airflow/example_dags/example_setup_teardown.py took 0.153 seconds
[2026-06-18T17:00:00.095+0000] {processor.py:161} INFO - Started process (PID=1351) to work on /home/airflow/.local/lib/python3.8/site-packages/airflow/example_dags/example_setup_teardown.py
[2026-06-18T17:00:00.097+0000] {processor.py:830} INFO - Processing file /home/airflow/.local/lib/python3.8/site-packages/airflow/example_dags/example_setup_teardown.py for tasks to queue
[2026-06-18T17:00:00.100+0000] {logging_mixin.py:188} INFO - [2026-06-18T17:00:00.099+0000] {dagbag.py:538} INFO - Filling up the DagBag from /home/airflow/.local/lib/python3.8/site-packages/airflow/example_dags/example_setup_teardown.py
[2026-06-18T17:00:00.112+0000] {processor.py:840} INFO - DAG(s) 'example_setup_teardown' retrieved from /home/airflow/.local/lib/python3.8/site-packages/airflow/example_dags/example_setup_teardown.py
[2026-06-18T17:00:00.147+0000] {logging_mixin.py:188} INFO - [2026-06-18T17:00:00.146+0000] {dag.py:3036} INFO - Sync 1 DAGs
[2026-06-18T17:00:00.196+0000] {logging_mixin.py:188} INFO - [2026-06-18T17:00:00.195+0000] {dag.py:3823} INFO - Setting next_dagrun for example_setup_teardown to 2026-06-17 00:00:00+00:00, run_after=2026-06-18 00:00:00+00:00
[2026-06-18T17:00:00.233+0000] {processor.py:183} INFO - Processing /home/airflow/.local/lib/python3.8/site-packages/airflow/example_dags/example_setup_teardown.py took 0.144 seconds
[2026-06-18T17:00:31.478+0000] {processor.py:161} INFO - Started process (PID=1418) to work on /home/airflow/.local/lib/python3.8/site-packages/airflow/example_dags/example_setup_teardown.py
[2026-06-18T17:00:31.480+0000] {processor.py:830} INFO - Processing file /home/airflow/.local/lib/python3.8/site-packages/airflow/example_dags/example_setup_teardown.py for tasks to queue
[2026-06-18T17:00:31.484+0000] {logging_mixin.py:188} INFO - [2026-06-18T17:00:31.484+0000] {dagbag.py:538} INFO - Filling up the DagBag from /home/airflow/.local/lib/python3.8/site-packages/airflow/example_dags/example_setup_teardown.py
[2026-06-18T17:00:31.501+0000] {processor.py:840} INFO - DAG(s) 'example_setup_teardown' retrieved from /home/airflow/.local/lib/python3.8/site-packages/airflow/example_dags/example_setup_teardown.py
[2026-06-18T17:00:31.747+0000] {logging_mixin.py:188} INFO - [2026-06-18T17:00:31.747+0000] {dag.py:3036} INFO - Sync 1 DAGs
[2026-06-18T17:00:31.796+0000] {logging_mixin.py:188} INFO - [2026-06-18T17:00:31.795+0000] {dag.py:3823} INFO - Setting next_dagrun for example_setup_teardown to 2026-06-17 00:00:00+00:00, run_after=2026-06-18 00:00:00+00:00
[2026-06-18T17:00:31.842+0000] {processor.py:183} INFO - Processing /home/airflow/.local/lib/python3.8/site-packages/airflow/example_dags/example_setup_teardown.py took 0.371 seconds
[2026-06-18T17:01:02.226+0000] {processor.py:161} INFO - Started process (PID=1483) to work on /home/airflow/.local/lib/python3.8/site-packages/airflow/example_dags/example_setup_teardown.py
[2026-06-18T17:01:02.227+0000] {processor.py:830} INFO - Processing file /home/airflow/.local/lib/python3.8/site-packages/airflow/example_dags/example_setup_teardown.py for tasks to queue
[2026-06-18T17:01:02.232+0000] {logging_mixin.py:188} INFO - [2026-06-18T17:01:02.231+0000] {dagbag.py:538} INFO - Filling up the DagBag from /home/airflow/.local/lib/python3.8/site-packages/airflow/example_dags/example_setup_teardown.py
[2026-06-18T17:01:02.245+0000] {processor.py:840} INFO - DAG(s) 'example_setup_teardown' retrieved from /home/airflow/.local/lib/python3.8/site-packages/airflow/example_dags/example_setup_teardown.py
[2026-06-18T17:01:02.293+0000] {logging_mixin.py:188} INFO - [2026-06-18T17:01:02.292+0000] {dag.py:3036} INFO - Sync 1 DAGs
[2026-06-18T17:01:02.339+0000] {logging_mixin.py:188} INFO - [2026-06-18T17:01:02.338+0000] {dag.py:3823} INFO - Setting next_dagrun for example_setup_teardown to 2026-06-17 00:00:00+00:00, run_after=2026-06-18 00:00:00+00:00
[2026-06-18T17:01:02.411+0000] {processor.py:183} INFO - Processing /home/airflow/.local/lib/python3.8/site-packages/airflow/example_dags/example_setup_teardown.py took 0.191 seconds
[2026-06-18T17:01:32.584+0000] {processor.py:161} INFO - Started process (PID=1549) to work on /home/airflow/.local/lib/python3.8/site-packages/airflow/example_dags/example_setup_teardown.py
[2026-06-18T17:01:32.586+0000] {processor.py:830} INFO - Processing file /home/airflow/.local/lib/python3.8/site-packages/airflow/example_dags/example_setup_teardown.py for tasks to queue
[2026-06-18T17:01:32.589+0000] {logging_mixin.py:188} INFO - [2026-06-18T17:01:32.589+0000] {dagbag.py:538} INFO - Filling up the DagBag from /home/airflow/.local/lib/python3.8/site-packages/airflow/example_dags/example_setup_teardown.py
[2026-06-18T17:01:32.603+0000] {processor.py:840} INFO - DAG(s) 'example_setup_teardown' retrieved from /home/airflow/.local/lib/python3.8/site-packages/airflow/example_dags/example_setup_teardown.py
[2026-06-18T17:01:32.651+0000] {logging_mixin.py:188} INFO - [2026-06-18T17:01:32.650+0000] {dag.py:3036} INFO - Sync 1 DAGs
[2026-06-18T17:01:32.696+0000] {logging_mixin.py:188} INFO - [2026-06-18T17:01:32.696+0000] {dag.py:3823} INFO - Setting next_dagrun for example_setup_teardown to 2026-06-17 00:00:00+00:00, run_after=2026-06-18 00:00:00+00:00
[2026-06-18T17:01:32.734+0000] {processor.py:183} INFO - Processing /home/airflow/.local/lib/python3.8/site-packages/airflow/example_dags/example_setup_teardown.py took 0.156 seconds
[2026-06-18T17:02:03.021+0000] {processor.py:161} INFO - Started process (PID=1615) to work on /home/airflow/.local/lib/python3.8/site-packages/airflow/example_dags/example_setup_teardown.py
[2026-06-18T17:02:03.022+0000] {processor.py:830} INFO - Processing file /home/airflow/.local/lib/python3.8/site-packages/airflow/example_dags/example_setup_teardown.py for tasks to queue
[2026-06-18T17:02:03.026+0000] {logging_mixin.py:188} INFO - [2026-06-18T17:02:03.025+0000] {dagbag.py:538} INFO - Filling up the DagBag from /home/airflow/.local/lib/python3.8/site-packages/airflow/example_dags/example_setup_teardown.py
[2026-06-18T17:02:03.038+0000] {processor.py:840} INFO - DAG(s) 'example_setup_teardown' retrieved from /home/airflow/.local/lib/python3.8/site-packages/airflow/example_dags/example_setup_teardown.py
[2026-06-18T17:02:03.083+0000] {logging_mixin.py:188} INFO - [2026-06-18T17:02:03.083+0000] {dag.py:3036} INFO - Sync 1 DAGs
[2026-06-18T17:02:03.130+0000] {logging_mixin.py:188} INFO - [2026-06-18T17:02:03.130+0000] {dag.py:3823} INFO - Setting next_dagrun for example_setup_teardown to 2026-06-17 00:00:00+00:00, run_after=2026-06-18 00:00:00+00:00
[2026-06-18T17:02:03.164+0000] {processor.py:183} INFO - Processing /home/airflow/.local/lib/python3.8/site-packages/airflow/example_dags/example_setup_teardown.py took 0.151 seconds
[2026-06-18T17:02:33.752+0000] {processor.py:161} INFO - Started process (PID=1681) to work on /home/airflow/.local/lib/python3.8/site-packages/airflow/example_dags/example_setup_teardown.py
[2026-06-18T17:02:33.754+0000] {processor.py:830} INFO - Processing file /home/airflow/.local/lib/python3.8/site-packages/airflow/example_dags/example_setup_teardown.py for tasks to queue
[2026-06-18T17:02:33.757+0000] {logging_mixin.py:188} INFO - [2026-06-18T17:02:33.757+0000] {dagbag.py:538} INFO - Filling up the DagBag from /home/airflow/.local/lib/python3.8/site-packages/airflow/example_dags/example_setup_teardown.py
[2026-06-18T17:02:33.769+0000] {processor.py:840} INFO - DAG(s) 'example_setup_teardown' retrieved from /home/airflow/.local/lib/python3.8/site-packages/airflow/example_dags/example_setup_teardown.py
[2026-06-18T17:02:33.818+0000] {logging_mixin.py:188} INFO - [2026-06-18T17:02:33.817+0000] {dag.py:3036} INFO - Sync 1 DAGs
[2026-06-18T17:02:33.859+0000] {logging_mixin.py:188} INFO - [2026-06-18T17:02:33.859+0000] {dag.py:3823} INFO - Setting next_dagrun for example_setup_teardown to 2026-06-17 00:00:00+00:00, run_after=2026-06-18 00:00:00+00:00
[2026-06-18T17:02:33.899+0000] {processor.py:183} INFO - Processing /home/airflow/.local/lib/python3.8/site-packages/airflow/example_dags/example_setup_teardown.py took 0.153 seconds
[2026-06-18T17:03:04.460+0000] {processor.py:161} INFO - Started process (PID=1746) to work on /home/airflow/.local/lib/python3.8/site-packages/airflow/example_dags/example_setup_teardown.py
[2026-06-18T17:03:04.462+0000] {processor.py:830} INFO - Processing file /home/airflow/.local/lib/python3.8/site-packages/airflow/example_dags/example_setup_teardown.py for tasks to queue
[2026-06-18T17:03:04.465+0000] {logging_mixin.py:188} INFO - [2026-06-18T17:03:04.464+0000] {dagbag.py:538} INFO - Filling up the DagBag from /home/airflow/.local/lib/python3.8/site-packages/airflow/example_dags/example_setup_teardown.py
[2026-06-18T17:03:04.478+0000] {processor.py:840} INFO - DAG(s) 'example_setup_teardown' retrieved from /home/airflow/.local/lib/python3.8/site-packages/airflow/example_dags/example_setup_teardown.py
[2026-06-18T17:03:04.525+0000] {logging_mixin.py:188} INFO - [2026-06-18T17:03:04.525+0000] {dag.py:3036} INFO - Sync 1 DAGs
[2026-06-18T17:03:04.572+0000] {logging_mixin.py:188} INFO - [2026-06-18T17:03:04.572+0000] {dag.py:3823} INFO - Setting next_dagrun for example_setup_teardown to 2026-06-17 00:00:00+00:00, run_after=2026-06-18 00:00:00+00:00
[2026-06-18T17:03:04.611+0000] {processor.py:183} INFO - Processing /home/airflow/.local/lib/python3.8/site-packages/airflow/example_dags/example_setup_teardown.py took 0.157 seconds
[2026-06-18T17:03:34.920+0000] {processor.py:161} INFO - Started process (PID=1812) to work on /home/airflow/.local/lib/python3.8/site-packages/airflow/example_dags/example_setup_teardown.py
[2026-06-18T17:03:34.922+0000] {processor.py:830} INFO - Processing file /home/airflow/.local/lib/python3.8/site-packages/airflow/example_dags/example_setup_teardown.py for tasks to queue
[2026-06-18T17:03:34.925+0000] {logging_mixin.py:188} INFO - [2026-06-18T17:03:34.925+0000] {dagbag.py:538} INFO - Filling up the DagBag from /home/airflow/.local/lib/python3.8/site-packages/airflow/example_dags/example_setup_teardown.py
[2026-06-18T17:03:34.935+0000] {processor.py:840} INFO - DAG(s) 'example_setup_teardown' retrieved from /home/airflow/.local/lib/python3.8/site-packages/airflow/example_dags/example_setup_teardown.py
[2026-06-18T17:03:34.975+0000] {logging_mixin.py:188} INFO - [2026-06-18T17:03:34.975+0000] {dag.py:3036} INFO - Sync 1 DAGs
[2026-06-18T17:03:35.013+0000] {logging_mixin.py:188} INFO - [2026-06-18T17:03:35.012+0000] {dag.py:3823} INFO - Setting next_dagrun for example_setup_teardown to 2026-06-17 00:00:00+00:00, run_after=2026-06-18 00:00:00+00:00
[2026-06-18T17:03:35.045+0000] {processor.py:183} INFO - Processing /home/airflow/.local/lib/python3.8/site-packages/airflow/example_dags/example_setup_teardown.py took 0.130 seconds
[2026-06-18T17:04:05.639+0000] {processor.py:161} INFO - Started process (PID=1878) to work on /home/airflow/.local/lib/python3.8/site-packages/airflow/example_dags/example_setup_teardown.py
[2026-06-18T17:04:05.640+0000] {processor.py:830} INFO - Processing file /home/airflow/.local/lib/python3.8/site-packages/airflow/example_dags/example_setup_teardown.py for tasks to queue
[2026-06-18T17:04:05.643+0000] {logging_mixin.py:188} INFO - [2026-06-18T17:04:05.643+0000] {dagbag.py:538} INFO - Filling up the DagBag from /home/airflow/.local/lib/python3.8/site-packages/airflow/example_dags/example_setup_teardown.py
[2026-06-18T17:04:05.656+0000] {processor.py:840} INFO - DAG(s) 'example_setup_teardown' retrieved from /home/airflow/.local/lib/python3.8/site-packages/airflow/example_dags/example_setup_teardown.py
[2026-06-18T17:04:05.696+0000] {logging_mixin.py:188} INFO - [2026-06-18T17:04:05.696+0000] {dag.py:3036} INFO - Sync 1 DAGs
[2026-06-18T17:04:05.735+0000] {logging_mixin.py:188} INFO - [2026-06-18T17:04:05.735+0000] {dag.py:3823} INFO - Setting next_dagrun for example_setup_teardown to 2026-06-17 00:00:00+00:00, run_after=2026-06-18 00:00:00+00:00
[2026-06-18T17:04:05.769+0000] {processor.py:183} INFO - Processing /home/airflow/.local/lib/python3.8/site-packages/airflow/example_dags/example_setup_teardown.py took 0.136 seconds
[2026-06-18T17:04:35.924+0000] {processor.py:161} INFO - Started process (PID=1945) to work on /home/airflow/.local/lib/python3.8/site-packages/airflow/example_dags/example_setup_teardown.py
[2026-06-18T17:04:35.926+0000] {processor.py:830} INFO - Processing file /home/airflow/.local/lib/python3.8/site-packages/airflow/example_dags/example_setup_teardown.py for tasks to queue
[2026-06-18T17:04:35.929+0000] {logging_mixin.py:188} INFO - [2026-06-18T17:04:35.929+0000] {dagbag.py:538} INFO - Filling up the DagBag from /home/airflow/.local/lib/python3.8/site-packages/airflow/example_dags/example_setup_teardown.py
[2026-06-18T17:04:35.941+0000] {processor.py:840} INFO - DAG(s) 'example_setup_teardown' retrieved from /home/airflow/.local/lib/python3.8/site-packages/airflow/example_dags/example_setup_teardown.py
[2026-06-18T17:04:35.983+0000] {logging_mixin.py:188} INFO - [2026-06-18T17:04:35.983+0000] {dag.py:3036} INFO - Sync 1 DAGs
[2026-06-18T17:04:36.023+0000] {logging_mixin.py:188} INFO - [2026-06-18T17:04:36.022+0000] {dag.py:3823} INFO - Setting next_dagrun for example_setup_teardown to 2026-06-17 00:00:00+00:00, run_after=2026-06-18 00:00:00+00:00
[2026-06-18T17:04:36.050+0000] {processor.py:183} INFO - Processing /home/airflow/.local/lib/python3.8/site-packages/airflow/example_dags/example_setup_teardown.py took 0.132 seconds
[2026-06-18T17:05:06.272+0000] {processor.py:161} INFO - Started process (PID=2010) to work on /home/airflow/.local/lib/python3.8/site-packages/airflow/example_dags/example_setup_teardown.py
[2026-06-18T17:05:06.274+0000] {processor.py:830} INFO - Processing file /home/airflow/.local/lib/python3.8/site-packages/airflow/example_dags/example_setup_teardown.py for tasks to queue
[2026-06-18T17:05:06.277+0000] {logging_mixin.py:188} INFO - [2026-06-18T17:05:06.276+0000] {dagbag.py:538} INFO - Filling up the DagBag from /home/airflow/.local/lib/python3.8/site-packages/airflow/example_dags/example_setup_teardown.py
[2026-06-18T17:05:06.286+0000] {processor.py:840} INFO - DAG(s) 'example_setup_teardown' retrieved from /home/airflow/.local/lib/python3.8/site-packages/airflow/example_dags/example_setup_teardown.py
[2026-06-18T17:05:06.327+0000] {logging_mixin.py:188} INFO - [2026-06-18T17:05:06.326+0000] {dag.py:3036} INFO - Sync 1 DAGs
[2026-06-18T17:05:06.362+0000] {logging_mixin.py:188} INFO - [2026-06-18T17:05:06.362+0000] {dag.py:3823} INFO - Setting next_dagrun for example_setup_teardown to 2026-06-17 00:00:00+00:00, run_after=2026-06-18 00:00:00+00:00
[2026-06-18T17:05:06.392+0000] {processor.py:183} INFO - Processing /home/airflow/.local/lib/python3.8/site-packages/airflow/example_dags/example_setup_teardown.py took 0.126 seconds
[2026-06-18T17:05:36.981+0000] {processor.py:161} INFO - Started process (PID=2076) to work on /home/airflow/.local/lib/python3.8/site-packages/airflow/example_dags/example_setup_teardown.py
[2026-06-18T17:05:36.983+0000] {processor.py:830} INFO - Processing file /home/airflow/.local/lib/python3.8/site-packages/airflow/example_dags/example_setup_teardown.py for tasks to queue
[2026-06-18T17:05:36.986+0000] {logging_mixin.py:188} INFO - [2026-06-18T17:05:36.985+0000] {dagbag.py:538} INFO - Filling up the DagBag from /home/airflow/.local/lib/python3.8/site-packages/airflow/example_dags/example_setup_teardown.py
[2026-06-18T17:05:37.001+0000] {processor.py:840} INFO - DAG(s) 'example_setup_teardown' retrieved from /home/airflow/.local/lib/python3.8/site-packages/airflow/example_dags/example_setup_teardown.py
[2026-06-18T17:05:37.051+0000] {logging_mixin.py:188} INFO - [2026-06-18T17:05:37.050+0000] {dag.py:3036} INFO - Sync 1 DAGs
[2026-06-18T17:05:37.089+0000] {logging_mixin.py:188} INFO - [2026-06-18T17:05:37.089+0000] {dag.py:3823} INFO - Setting next_dagrun for example_setup_teardown to 2026-06-17 00:00:00+00:00, run_after=2026-06-18 00:00:00+00:00
[2026-06-18T17:05:37.119+0000] {processor.py:183} INFO - Processing /home/airflow/.local/lib/python3.8/site-packages/airflow/example_dags/example_setup_teardown.py took 0.145 seconds
[2026-06-18T17:06:08.050+0000] {processor.py:161} INFO - Started process (PID=2141) to work on /home/airflow/.local/lib/python3.8/site-packages/airflow/example_dags/example_setup_teardown.py
[2026-06-18T17:06:08.053+0000] {processor.py:830} INFO - Processing file /home/airflow/.local/lib/python3.8/site-packages/airflow/example_dags/example_setup_teardown.py for tasks to queue
[2026-06-18T17:06:08.056+0000] {logging_mixin.py:188} INFO - [2026-06-18T17:06:08.056+0000] {dagbag.py:538} INFO - Filling up the DagBag from /home/airflow/.local/lib/python3.8/site-packages/airflow/example_dags/example_setup_teardown.py
[2026-06-18T17:06:08.067+0000] {processor.py:840} INFO - DAG(s) 'example_setup_teardown' retrieved from /home/airflow/.local/lib/python3.8/site-packages/airflow/example_dags/example_setup_teardown.py
[2026-06-18T17:06:08.108+0000] {logging_mixin.py:188} INFO - [2026-06-18T17:06:08.108+0000] {dag.py:3036} INFO - Sync 1 DAGs
[2026-06-18T17:06:08.148+0000] {logging_mixin.py:188} INFO - [2026-06-18T17:06:08.148+0000] {dag.py:3823} INFO - Setting next_dagrun for example_setup_teardown to 2026-06-17 00:00:00+00:00, run_after=2026-06-18 00:00:00+00:00
[2026-06-18T17:06:08.178+0000] {processor.py:183} INFO - Processing /home/airflow/.local/lib/python3.8/site-packages/airflow/example_dags/example_setup_teardown.py took 0.133 seconds
[2026-06-18T17:06:38.434+0000] {processor.py:161} INFO - Started process (PID=2207) to work on /home/airflow/.local/lib/python3.8/site-packages/airflow/example_dags/example_setup_teardown.py
[2026-06-18T17:06:38.436+0000] {processor.py:830} INFO - Processing file /home/airflow/.local/lib/python3.8/site-packages/airflow/example_dags/example_setup_teardown.py for tasks to queue
[2026-06-18T17:06:38.438+0000] {logging_mixin.py:188} INFO - [2026-06-18T17:06:38.438+0000] {dagbag.py:538} INFO - Filling up the DagBag from /home/airflow/.local/lib/python3.8/site-packages/airflow/example_dags/example_setup_teardown.py
[2026-06-18T17:06:38.450+0000] {processor.py:840} INFO - DAG(s) 'example_setup_teardown' retrieved from /home/airflow/.local/lib/python3.8/site-packages/airflow/example_dags/example_setup_teardown.py
[2026-06-18T17:06:38.486+0000] {logging_mixin.py:188} INFO - [2026-06-18T17:06:38.485+0000] {dag.py:3036} INFO - Sync 1 DAGs
[2026-06-18T17:06:38.520+0000] {logging_mixin.py:188} INFO - [2026-06-18T17:06:38.520+0000] {dag.py:3823} INFO - Setting next_dagrun for example_setup_teardown to 2026-06-17 00:00:00+00:00, run_after=2026-06-18 00:00:00+00:00
[2026-06-18T17:06:38.547+0000] {processor.py:183} INFO - Processing /home/airflow/.local/lib/python3.8/site-packages/airflow/example_dags/example_setup_teardown.py took 0.119 seconds
[2026-06-18T17:07:08.797+0000] {processor.py:161} INFO - Started process (PID=2273) to work on /home/airflow/.local/lib/python3.8/site-packages/airflow/example_dags/example_setup_teardown.py
[2026-06-18T17:07:08.798+0000] {processor.py:830} INFO - Processing file /home/airflow/.local/lib/python3.8/site-packages/airflow/example_dags/example_setup_teardown.py for tasks to queue
[2026-06-18T17:07:08.801+0000] {logging_mixin.py:188} INFO - [2026-06-18T17:07:08.800+0000] {dagbag.py:538} INFO - Filling up the DagBag from /home/airflow/.local/lib/python3.8/site-packages/airflow/example_dags/example_setup_teardown.py
[2026-06-18T17:07:08.812+0000] {processor.py:840} INFO - DAG(s) 'example_setup_teardown' retrieved from /home/airflow/.local/lib/python3.8/site-packages/airflow/example_dags/example_setup_teardown.py
[2026-06-18T17:07:08.852+0000] {logging_mixin.py:188} INFO - [2026-06-18T17:07:08.851+0000] {dag.py:3036} INFO - Sync 1 DAGs
[2026-06-18T17:07:08.889+0000] {logging_mixin.py:188} INFO - [2026-06-18T17:07:08.888+0000] {dag.py:3823} INFO - Setting next_dagrun for example_setup_teardown to 2026-06-17 00:00:00+00:00, run_after=2026-06-18 00:00:00+00:00
[2026-06-18T17:07:08.927+0000] {processor.py:183} INFO - Processing /home/airflow/.local/lib/python3.8/site-packages/airflow/example_dags/example_setup_teardown.py took 0.135 seconds
[2026-06-18T17:07:39.853+0000] {processor.py:161} INFO - Started process (PID=2347) to work on /home/airflow/.local/lib/python3.8/site-packages/airflow/example_dags/example_setup_teardown.py
[2026-06-18T17:07:39.855+0000] {processor.py:830} INFO - Processing file /home/airflow/.local/lib/python3.8/site-packages/airflow/example_dags/example_setup_teardown.py for tasks to queue
[2026-06-18T17:07:39.858+0000] {logging_mixin.py:188} INFO - [2026-06-18T17:07:39.858+0000] {dagbag.py:538} INFO - Filling up the DagBag from /home/airflow/.local/lib/python3.8/site-packages/airflow/example_dags/example_setup_teardown.py
[2026-06-18T17:07:39.871+0000] {processor.py:840} INFO - DAG(s) 'example_setup_teardown' retrieved from /home/airflow/.local/lib/python3.8/site-packages/airflow/example_dags/example_setup_teardown.py
[2026-06-18T17:07:39.912+0000] {logging_mixin.py:188} INFO - [2026-06-18T17:07:39.912+0000] {dag.py:3036} INFO - Sync 1 DAGs
[2026-06-18T17:07:39.956+0000] {logging_mixin.py:188} INFO - [2026-06-18T17:07:39.955+0000] {dag.py:3823} INFO - Setting next_dagrun for example_setup_teardown to 2026-06-17 00:00:00+00:00, run_after=2026-06-18 00:00:00+00:00
[2026-06-18T17:07:39.996+0000] {processor.py:183} INFO - Processing /home/airflow/.local/lib/python3.8/site-packages/airflow/example_dags/example_setup_teardown.py took 0.148 seconds
[2026-06-18T17:08:10.128+0000] {processor.py:161} INFO - Started process (PID=2413) to work on /home/airflow/.local/lib/python3.8/site-packages/airflow/example_dags/example_setup_teardown.py
[2026-06-18T17:08:10.130+0000] {processor.py:830} INFO - Processing file /home/airflow/.local/lib/python3.8/site-packages/airflow/example_dags/example_setup_teardown.py for tasks to queue
[2026-06-18T17:08:10.133+0000] {logging_mixin.py:188} INFO - [2026-06-18T17:08:10.132+0000] {dagbag.py:538} INFO - Filling up the DagBag from /home/airflow/.local/lib/python3.8/site-packages/airflow/example_dags/example_setup_teardown.py
[2026-06-18T17:08:10.144+0000] {processor.py:840} INFO - DAG(s) 'example_setup_teardown' retrieved from /home/airflow/.local/lib/python3.8/site-packages/airflow/example_dags/example_setup_teardown.py
[2026-06-18T17:08:10.179+0000] {logging_mixin.py:188} INFO - [2026-06-18T17:08:10.178+0000] {dag.py:3036} INFO - Sync 1 DAGs
[2026-06-18T17:08:10.216+0000] {logging_mixin.py:188} INFO - [2026-06-18T17:08:10.215+0000] {dag.py:3823} INFO - Setting next_dagrun for example_setup_teardown to 2026-06-17 00:00:00+00:00, run_after=2026-06-18 00:00:00+00:00
[2026-06-18T17:08:10.252+0000] {processor.py:183} INFO - Processing /home/airflow/.local/lib/python3.8/site-packages/airflow/example_dags/example_setup_teardown.py took 0.128 seconds
[2026-06-18T17:08:41.092+0000] {processor.py:161} INFO - Started process (PID=2480) to work on /home/airflow/.local/lib/python3.8/site-packages/airflow/example_dags/example_setup_teardown.py
[2026-06-18T17:08:41.094+0000] {processor.py:830} INFO - Processing file /home/airflow/.local/lib/python3.8/site-packages/airflow/example_dags/example_setup_teardown.py for tasks to queue
[2026-06-18T17:08:41.097+0000] {logging_mixin.py:188} INFO - [2026-06-18T17:08:41.096+0000] {dagbag.py:538} INFO - Filling up the DagBag from /home/airflow/.local/lib/python3.8/site-packages/airflow/example_dags/example_setup_teardown.py
[2026-06-18T17:08:41.109+0000] {processor.py:840} INFO - DAG(s) 'example_setup_teardown' retrieved from /home/airflow/.local/lib/python3.8/site-packages/airflow/example_dags/example_setup_teardown.py
[2026-06-18T17:08:41.154+0000] {logging_mixin.py:188} INFO - [2026-06-18T17:08:41.153+0000] {dag.py:3036} INFO - Sync 1 DAGs
[2026-06-18T17:08:41.191+0000] {logging_mixin.py:188} INFO - [2026-06-18T17:08:41.191+0000] {dag.py:3823} INFO - Setting next_dagrun for example_setup_teardown to 2026-06-17 00:00:00+00:00, run_after=2026-06-18 00:00:00+00:00
[2026-06-18T17:08:41.223+0000] {processor.py:183} INFO - Processing /home/airflow/.local/lib/python3.8/site-packages/airflow/example_dags/example_setup_teardown.py took 0.136 seconds
[2026-06-18T17:09:11.639+0000] {processor.py:161} INFO - Started process (PID=2545) to work on /home/airflow/.local/lib/python3.8/site-packages/airflow/example_dags/example_setup_teardown.py
[2026-06-18T17:09:11.641+0000] {processor.py:830} INFO - Processing file /home/airflow/.local/lib/python3.8/site-packages/airflow/example_dags/example_setup_teardown.py for tasks to queue
[2026-06-18T17:09:11.644+0000] {logging_mixin.py:188} INFO - [2026-06-18T17:09:11.643+0000] {dagbag.py:538} INFO - Filling up the DagBag from /home/airflow/.local/lib/python3.8/site-packages/airflow/example_dags/example_setup_teardown.py
[2026-06-18T17:09:11.657+0000] {processor.py:840} INFO - DAG(s) 'example_setup_teardown' retrieved from /home/airflow/.local/lib/python3.8/site-packages/airflow/example_dags/example_setup_teardown.py
[2026-06-18T17:09:11.710+0000] {logging_mixin.py:188} INFO - [2026-06-18T17:09:11.709+0000] {dag.py:3036} INFO - Sync 1 DAGs
[2026-06-18T17:09:11.756+0000] {logging_mixin.py:188} INFO - [2026-06-18T17:09:11.756+0000] {dag.py:3823} INFO - Setting next_dagrun for example_setup_teardown to 2026-06-17 00:00:00+00:00, run_after=2026-06-18 00:00:00+00:00
[2026-06-18T17:09:11.796+0000] {processor.py:183} INFO - Processing /home/airflow/.local/lib/python3.8/site-packages/airflow/example_dags/example_setup_teardown.py took 0.163 seconds
[2026-06-18T17:09:42.427+0000] {processor.py:161} INFO - Started process (PID=2612) to work on /home/airflow/.local/lib/python3.8/site-packages/airflow/example_dags/example_setup_teardown.py
[2026-06-18T17:09:42.429+0000] {processor.py:830} INFO - Processing file /home/airflow/.local/lib/python3.8/site-packages/airflow/example_dags/example_setup_teardown.py for tasks to queue
[2026-06-18T17:09:42.431+0000] {logging_mixin.py:188} INFO - [2026-06-18T17:09:42.431+0000] {dagbag.py:538} INFO - Filling up the DagBag from /home/airflow/.local/lib/python3.8/site-packages/airflow/example_dags/example_setup_teardown.py
[2026-06-18T17:09:42.442+0000] {processor.py:840} INFO - DAG(s) 'example_setup_teardown' retrieved from /home/airflow/.local/lib/python3.8/site-packages/airflow/example_dags/example_setup_teardown.py
[2026-06-18T17:09:42.484+0000] {logging_mixin.py:188} INFO - [2026-06-18T17:09:42.483+0000] {dag.py:3036} INFO - Sync 1 DAGs
[2026-06-18T17:09:42.525+0000] {logging_mixin.py:188} INFO - [2026-06-18T17:09:42.524+0000] {dag.py:3823} INFO - Setting next_dagrun for example_setup_teardown to 2026-06-17 00:00:00+00:00, run_after=2026-06-18 00:00:00+00:00
[2026-06-18T17:09:42.557+0000] {processor.py:183} INFO - Processing /home/airflow/.local/lib/python3.8/site-packages/airflow/example_dags/example_setup_teardown.py took 0.136 seconds
[2026-06-18T17:10:12.889+0000] {processor.py:161} INFO - Started process (PID=2678) to work on /home/airflow/.local/lib/python3.8/site-packages/airflow/example_dags/example_setup_teardown.py
[2026-06-18T17:10:12.890+0000] {processor.py:830} INFO - Processing file /home/airflow/.local/lib/python3.8/site-packages/airflow/example_dags/example_setup_teardown.py for tasks to queue
[2026-06-18T17:10:12.895+0000] {logging_mixin.py:188} INFO - [2026-06-18T17:10:12.894+0000] {dagbag.py:538} INFO - Filling up the DagBag from /home/airflow/.local/lib/python3.8/site-packages/airflow/example_dags/example_setup_teardown.py
[2026-06-18T17:10:12.907+0000] {processor.py:840} INFO - DAG(s) 'example_setup_teardown' retrieved from /home/airflow/.local/lib/python3.8/site-packages/airflow/example_dags/example_setup_teardown.py
[2026-06-18T17:10:12.944+0000] {logging_mixin.py:188} INFO - [2026-06-18T17:10:12.943+0000] {dag.py:3036} INFO - Sync 1 DAGs
[2026-06-18T17:10:12.981+0000] {logging_mixin.py:188} INFO - [2026-06-18T17:10:12.981+0000] {dag.py:3823} INFO - Setting next_dagrun for example_setup_teardown to 2026-06-17 00:00:00+00:00, run_after=2026-06-18 00:00:00+00:00
[2026-06-18T17:10:13.016+0000] {processor.py:183} INFO - Processing /home/airflow/.local/lib/python3.8/site-packages/airflow/example_dags/example_setup_teardown.py took 0.133 seconds
[2026-06-18T17:10:43.586+0000] {processor.py:161} INFO - Started process (PID=2743) to work on /home/airflow/.local/lib/python3.8/site-packages/airflow/example_dags/example_setup_teardown.py
[2026-06-18T17:10:43.589+0000] {processor.py:830} INFO - Processing file /home/airflow/.local/lib/python3.8/site-packages/airflow/example_dags/example_setup_teardown.py for tasks to queue
[2026-06-18T17:10:43.595+0000] {logging_mixin.py:188} INFO - [2026-06-18T17:10:43.594+0000] {dagbag.py:538} INFO - Filling up the DagBag from /home/airflow/.local/lib/python3.8/site-packages/airflow/example_dags/example_setup_teardown.py
[2026-06-18T17:10:43.607+0000] {processor.py:840} INFO - DAG(s) 'example_setup_teardown' retrieved from /home/airflow/.local/lib/python3.8/site-packages/airflow/example_dags/example_setup_teardown.py
[2026-06-18T17:10:43.644+0000] {logging_mixin.py:188} INFO - [2026-06-18T17:10:43.644+0000] {dag.py:3036} INFO - Sync 1 DAGs
[2026-06-18T17:10:43.696+0000] {logging_mixin.py:188} INFO - [2026-06-18T17:10:43.696+0000] {dag.py:3823} INFO - Setting next_dagrun for example_setup_teardown to 2026-06-17 00:00:00+00:00, run_after=2026-06-18 00:00:00+00:00
[2026-06-18T17:10:43.740+0000] {processor.py:183} INFO - Processing /home/airflow/.local/lib/python3.8/site-packages/airflow/example_dags/example_setup_teardown.py took 0.159 seconds
[2026-06-18T17:11:14.088+0000] {processor.py:161} INFO - Started process (PID=2810) to work on /home/airflow/.local/lib/python3.8/site-packages/airflow/example_dags/example_setup_teardown.py
[2026-06-18T17:11:14.090+0000] {processor.py:830} INFO - Processing file /home/airflow/.local/lib/python3.8/site-packages/airflow/example_dags/example_setup_teardown.py for tasks to queue
[2026-06-18T17:11:14.093+0000] {logging_mixin.py:188} INFO - [2026-06-18T17:11:14.092+0000] {dagbag.py:538} INFO - Filling up the DagBag from /home/airflow/.local/lib/python3.8/site-packages/airflow/example_dags/example_setup_teardown.py
[2026-06-18T17:11:14.104+0000] {processor.py:840} INFO - DAG(s) 'example_setup_teardown' retrieved from /home/airflow/.local/lib/python3.8/site-packages/airflow/example_dags/example_setup_teardown.py
[2026-06-18T17:11:14.142+0000] {logging_mixin.py:188} INFO - [2026-06-18T17:11:14.141+0000] {dag.py:3036} INFO - Sync 1 DAGs
[2026-06-18T17:11:14.182+0000] {logging_mixin.py:188} INFO - [2026-06-18T17:11:14.181+0000] {dag.py:3823} INFO - Setting next_dagrun for example_setup_teardown to 2026-06-17 00:00:00+00:00, run_after=2026-06-18 00:00:00+00:00
[2026-06-18T17:11:14.438+0000] {processor.py:183} INFO - Processing /home/airflow/.local/lib/python3.8/site-packages/airflow/example_dags/example_setup_teardown.py took 0.356 seconds
[2026-06-18T17:11:45.432+0000] {processor.py:161} INFO - Started process (PID=2875) to work on /home/airflow/.local/lib/python3.8/site-packages/airflow/example_dags/example_setup_teardown.py
[2026-06-18T17:11:45.434+0000] {processor.py:830} INFO - Processing file /home/airflow/.local/lib/python3.8/site-packages/airflow/example_dags/example_setup_teardown.py for tasks to queue
[2026-06-18T17:11:45.437+0000] {logging_mixin.py:188} INFO - [2026-06-18T17:11:45.437+0000] {dagbag.py:538} INFO - Filling up the DagBag from /home/airflow/.local/lib/python3.8/site-packages/airflow/example_dags/example_setup_teardown.py
[2026-06-18T17:11:45.449+0000] {processor.py:840} INFO - DAG(s) 'example_setup_teardown' retrieved from /home/airflow/.local/lib/python3.8/site-packages/airflow/example_dags/example_setup_teardown.py
[2026-06-18T17:11:45.497+0000] {logging_mixin.py:188} INFO - [2026-06-18T17:11:45.496+0000] {dag.py:3036} INFO - Sync 1 DAGs
[2026-06-18T17:11:45.543+0000] {logging_mixin.py:188} INFO - [2026-06-18T17:11:45.543+0000] {dag.py:3823} INFO - Setting next_dagrun for example_setup_teardown to 2026-06-17 00:00:00+00:00, run_after=2026-06-18 00:00:00+00:00
[2026-06-18T17:11:45.586+0000] {processor.py:183} INFO - Processing /home/airflow/.local/lib/python3.8/site-packages/airflow/example_dags/example_setup_teardown.py took 0.159 seconds
[2026-06-18T17:12:16.315+0000] {processor.py:161} INFO - Started process (PID=2941) to work on /home/airflow/.local/lib/python3.8/site-packages/airflow/example_dags/example_setup_teardown.py
[2026-06-18T17:12:16.317+0000] {processor.py:830} INFO - Processing file /home/airflow/.local/lib/python3.8/site-packages/airflow/example_dags/example_setup_teardown.py for tasks to queue
[2026-06-18T17:12:16.319+0000] {logging_mixin.py:188} INFO - [2026-06-18T17:12:16.319+0000] {dagbag.py:538} INFO - Filling up the DagBag from /home/airflow/.local/lib/python3.8/site-packages/airflow/example_dags/example_setup_teardown.py
[2026-06-18T17:12:16.332+0000] {processor.py:840} INFO - DAG(s) 'example_setup_teardown' retrieved from /home/airflow/.local/lib/python3.8/site-packages/airflow/example_dags/example_setup_teardown.py
[2026-06-18T17:12:16.383+0000] {logging_mixin.py:188} INFO - [2026-06-18T17:12:16.382+0000] {dag.py:3036} INFO - Sync 1 DAGs
[2026-06-18T17:12:16.426+0000] {logging_mixin.py:188} INFO - [2026-06-18T17:12:16.426+0000] {dag.py:3823} INFO - Setting next_dagrun for example_setup_teardown to 2026-06-17 00:00:00+00:00, run_after=2026-06-18 00:00:00+00:00
[2026-06-18T17:12:16.465+0000] {processor.py:183} INFO - Processing /home/airflow/.local/lib/python3.8/site-packages/airflow/example_dags/example_setup_teardown.py took 0.156 seconds
[2026-06-18T17:12:46.556+0000] {processor.py:161} INFO - Started process (PID=3008) to work on /home/airflow/.local/lib/python3.8/site-packages/airflow/example_dags/example_setup_teardown.py
[2026-06-18T17:12:46.557+0000] {processor.py:830} INFO - Processing file /home/airflow/.local/lib/python3.8/site-packages/airflow/example_dags/example_setup_teardown.py for tasks to queue
[2026-06-18T17:12:46.560+0000] {logging_mixin.py:188} INFO - [2026-06-18T17:12:46.559+0000] {dagbag.py:538} INFO - Filling up the DagBag from /home/airflow/.local/lib/python3.8/site-packages/airflow/example_dags/example_setup_teardown.py
[2026-06-18T17:12:46.571+0000] {processor.py:840} INFO - DAG(s) 'example_setup_teardown' retrieved from /home/airflow/.local/lib/python3.8/site-packages/airflow/example_dags/example_setup_teardown.py
[2026-06-18T17:12:46.609+0000] {logging_mixin.py:188} INFO - [2026-06-18T17:12:46.609+0000] {dag.py:3036} INFO - Sync 1 DAGs
[2026-06-18T17:12:46.648+0000] {logging_mixin.py:188} INFO - [2026-06-18T17:12:46.648+0000] {dag.py:3823} INFO - Setting next_dagrun for example_setup_teardown to 2026-06-17 00:00:00+00:00, run_after=2026-06-18 00:00:00+00:00
[2026-06-18T17:12:46.679+0000] {processor.py:183} INFO - Processing /home/airflow/.local/lib/python3.8/site-packages/airflow/example_dags/example_setup_teardown.py took 0.128 seconds
[2026-06-18T17:13:17.971+0000] {processor.py:161} INFO - Started process (PID=3073) to work on /home/airflow/.local/lib/python3.8/site-packages/airflow/example_dags/example_setup_teardown.py
[2026-06-18T17:13:17.973+0000] {processor.py:830} INFO - Processing file /home/airflow/.local/lib/python3.8/site-packages/airflow/example_dags/example_setup_teardown.py for tasks to queue
[2026-06-18T17:13:17.976+0000] {logging_mixin.py:188} INFO - [2026-06-18T17:13:17.975+0000] {dagbag.py:538} INFO - Filling up the DagBag from /home/airflow/.local/lib/python3.8/site-packages/airflow/example_dags/example_setup_teardown.py
[2026-06-18T17:13:17.989+0000] {processor.py:840} INFO - DAG(s) 'example_setup_teardown' retrieved from /home/airflow/.local/lib/python3.8/site-packages/airflow/example_dags/example_setup_teardown.py
[2026-06-18T17:13:18.030+0000] {logging_mixin.py:188} INFO - [2026-06-18T17:13:18.030+0000] {dag.py:3036} INFO - Sync 1 DAGs
[2026-06-18T17:13:18.330+0000] {logging_mixin.py:188} INFO - [2026-06-18T17:13:18.330+0000] {dag.py:3823} INFO - Setting next_dagrun for example_setup_teardown to 2026-06-17 00:00:00+00:00, run_after=2026-06-18 00:00:00+00:00
[2026-06-18T17:13:18.389+0000] {processor.py:183} INFO - Processing /home/airflow/.local/lib/python3.8/site-packages/airflow/example_dags/example_setup_teardown.py took 0.424 seconds
[2026-06-18T17:13:48.727+0000] {processor.py:161} INFO - Started process (PID=3144) to work on /home/airflow/.local/lib/python3.8/site-packages/airflow/example_dags/example_setup_teardown.py
[2026-06-18T17:13:48.729+0000] {processor.py:830} INFO - Processing file /home/airflow/.local/lib/python3.8/site-packages/airflow/example_dags/example_setup_teardown.py for tasks to queue
[2026-06-18T17:13:48.732+0000] {logging_mixin.py:188} INFO - [2026-06-18T17:13:48.732+0000] {dagbag.py:538} INFO - Filling up the DagBag from /home/airflow/.local/lib/python3.8/site-packages/airflow/example_dags/example_setup_teardown.py
[2026-06-18T17:13:48.747+0000] {processor.py:840} INFO - DAG(s) 'example_setup_teardown' retrieved from /home/airflow/.local/lib/python3.8/site-packages/airflow/example_dags/example_setup_teardown.py
[2026-06-18T17:13:48.798+0000] {logging_mixin.py:188} INFO - [2026-06-18T17:13:48.797+0000] {dag.py:3036} INFO - Sync 1 DAGs
[2026-06-18T17:13:49.050+0000] {logging_mixin.py:188} INFO - [2026-06-18T17:13:49.049+0000] {dag.py:3823} INFO - Setting next_dagrun for example_setup_teardown to 2026-06-17 00:00:00+00:00, run_after=2026-06-18 00:00:00+00:00
[2026-06-18T17:13:49.107+0000] {processor.py:183} INFO - Processing /home/airflow/.local/lib/python3.8/site-packages/airflow/example_dags/example_setup_teardown.py took 0.386 seconds
[2026-06-18T17:14:19.569+0000] {processor.py:161} INFO - Started process (PID=3210) to work on /home/airflow/.local/lib/python3.8/site-packages/airflow/example_dags/example_setup_teardown.py
[2026-06-18T17:14:19.570+0000] {processor.py:830} INFO - Processing file /home/airflow/.local/lib/python3.8/site-packages/airflow/example_dags/example_setup_teardown.py for tasks to queue
[2026-06-18T17:14:19.573+0000] {logging_mixin.py:188} INFO - [2026-06-18T17:14:19.572+0000] {dagbag.py:538} INFO - Filling up the DagBag from /home/airflow/.local/lib/python3.8/site-packages/airflow/example_dags/example_setup_teardown.py
[2026-06-18T17:14:19.585+0000] {processor.py:840} INFO - DAG(s) 'example_setup_teardown' retrieved from /home/airflow/.local/lib/python3.8/site-packages/airflow/example_dags/example_setup_teardown.py
[2026-06-18T17:14:19.623+0000] {logging_mixin.py:188} INFO - [2026-06-18T17:14:19.622+0000] {dag.py:3036} INFO - Sync 1 DAGs
[2026-06-18T17:14:19.663+0000] {logging_mixin.py:188} INFO - [2026-06-18T17:14:19.663+0000] {dag.py:3823} INFO - Setting next_dagrun for example_setup_teardown to 2026-06-17 00:00:00+00:00, run_after=2026-06-18 00:00:00+00:00
[2026-06-18T17:14:19.695+0000] {processor.py:183} INFO - Processing /home/airflow/.local/lib/python3.8/site-packages/airflow/example_dags/example_setup_teardown.py took 0.131 seconds
[2026-06-18T17:14:50.574+0000] {processor.py:161} INFO - Started process (PID=3278) to work on /home/airflow/.local/lib/python3.8/site-packages/airflow/example_dags/example_setup_teardown.py
[2026-06-18T17:14:50.576+0000] {processor.py:830} INFO - Processing file /home/airflow/.local/lib/python3.8/site-packages/airflow/example_dags/example_setup_teardown.py for tasks to queue
[2026-06-18T17:14:50.579+0000] {logging_mixin.py:188} INFO - [2026-06-18T17:14:50.578+0000] {dagbag.py:538} INFO - Filling up the DagBag from /home/airflow/.local/lib/python3.8/site-packages/airflow/example_dags/example_setup_teardown.py
[2026-06-18T17:14:50.590+0000] {processor.py:840} INFO - DAG(s) 'example_setup_teardown' retrieved from /home/airflow/.local/lib/python3.8/site-packages/airflow/example_dags/example_setup_teardown.py
[2026-06-18T17:14:50.633+0000] {logging_mixin.py:188} INFO - [2026-06-18T17:14:50.632+0000] {dag.py:3036} INFO - Sync 1 DAGs
[2026-06-18T17:14:50.675+0000] {logging_mixin.py:188} INFO - [2026-06-18T17:14:50.675+0000] {dag.py:3823} INFO - Setting next_dagrun for example_setup_teardown to 2026-06-17 00:00:00+00:00, run_after=2026-06-18 00:00:00+00:00
[2026-06-18T17:14:50.706+0000] {processor.py:183} INFO - Processing /home/airflow/.local/lib/python3.8/site-packages/airflow/example_dags/example_setup_teardown.py took 0.137 seconds
[2026-06-18T17:15:20.817+0000] {processor.py:161} INFO - Started process (PID=3344) to work on /home/airflow/.local/lib/python3.8/site-packages/airflow/example_dags/example_setup_teardown.py
[2026-06-18T17:15:20.818+0000] {processor.py:830} INFO - Processing file /home/airflow/.local/lib/python3.8/site-packages/airflow/example_dags/example_setup_teardown.py for tasks to queue
[2026-06-18T17:15:20.821+0000] {logging_mixin.py:188} INFO - [2026-06-18T17:15:20.820+0000] {dagbag.py:538} INFO - Filling up the DagBag from /home/airflow/.local/lib/python3.8/site-packages/airflow/example_dags/example_setup_teardown.py
[2026-06-18T17:15:20.832+0000] {processor.py:840} INFO - DAG(s) 'example_setup_teardown' retrieved from /home/airflow/.local/lib/python3.8/site-packages/airflow/example_dags/example_setup_teardown.py
[2026-06-18T17:15:20.871+0000] {logging_mixin.py:188} INFO - [2026-06-18T17:15:20.871+0000] {dag.py:3036} INFO - Sync 1 DAGs
[2026-06-18T17:15:20.909+0000] {logging_mixin.py:188} INFO - [2026-06-18T17:15:20.909+0000] {dag.py:3823} INFO - Setting next_dagrun for example_setup_teardown to 2026-06-17 00:00:00+00:00, run_after=2026-06-18 00:00:00+00:00
[2026-06-18T17:15:20.945+0000] {processor.py:183} INFO - Processing /home/airflow/.local/lib/python3.8/site-packages/airflow/example_dags/example_setup_teardown.py took 0.133 seconds
[2026-06-18T17:15:51.507+0000] {processor.py:161} INFO - Started process (PID=3408) to work on /home/airflow/.local/lib/python3.8/site-packages/airflow/example_dags/example_setup_teardown.py
[2026-06-18T17:15:51.509+0000] {processor.py:830} INFO - Processing file /home/airflow/.local/lib/python3.8/site-packages/airflow/example_dags/example_setup_teardown.py for tasks to queue
[2026-06-18T17:15:51.512+0000] {logging_mixin.py:188} INFO - [2026-06-18T17:15:51.512+0000] {dagbag.py:538} INFO - Filling up the DagBag from /home/airflow/.local/lib/python3.8/site-packages/airflow/example_dags/example_setup_teardown.py
[2026-06-18T17:15:51.522+0000] {processor.py:840} INFO - DAG(s) 'example_setup_teardown' retrieved from /home/airflow/.local/lib/python3.8/site-packages/airflow/example_dags/example_setup_teardown.py
[2026-06-18T17:15:51.563+0000] {logging_mixin.py:188} INFO - [2026-06-18T17:15:51.562+0000] {dag.py:3036} INFO - Sync 1 DAGs
[2026-06-18T17:15:51.597+0000] {logging_mixin.py:188} INFO - [2026-06-18T17:15:51.597+0000] {dag.py:3823} INFO - Setting next_dagrun for example_setup_teardown to 2026-06-17 00:00:00+00:00, run_after=2026-06-18 00:00:00+00:00
[2026-06-18T17:15:51.625+0000] {processor.py:183} INFO - Processing /home/airflow/.local/lib/python3.8/site-packages/airflow/example_dags/example_setup_teardown.py took 0.123 seconds
[2026-06-18T17:16:21.727+0000] {processor.py:161} INFO - Started process (PID=3474) to work on /home/airflow/.local/lib/python3.8/site-packages/airflow/example_dags/example_setup_teardown.py
[2026-06-18T17:16:21.729+0000] {processor.py:830} INFO - Processing file /home/airflow/.local/lib/python3.8/site-packages/airflow/example_dags/example_setup_teardown.py for tasks to queue
[2026-06-18T17:16:21.731+0000] {logging_mixin.py:188} INFO - [2026-06-18T17:16:21.731+0000] {dagbag.py:538} INFO - Filling up the DagBag from /home/airflow/.local/lib/python3.8/site-packages/airflow/example_dags/example_setup_teardown.py
[2026-06-18T17:16:21.740+0000] {processor.py:840} INFO - DAG(s) 'example_setup_teardown' retrieved from /home/airflow/.local/lib/python3.8/site-packages/airflow/example_dags/example_setup_teardown.py
[2026-06-18T17:16:21.776+0000] {logging_mixin.py:188} INFO - [2026-06-18T17:16:21.776+0000] {dag.py:3036} INFO - Sync 1 DAGs
[2026-06-18T17:16:21.810+0000] {logging_mixin.py:188} INFO - [2026-06-18T17:16:21.810+0000] {dag.py:3823} INFO - Setting next_dagrun for example_setup_teardown to 2026-06-17 00:00:00+00:00, run_after=2026-06-18 00:00:00+00:00
[2026-06-18T17:16:21.838+0000] {processor.py:183} INFO - Processing /home/airflow/.local/lib/python3.8/site-packages/airflow/example_dags/example_setup_teardown.py took 0.115 seconds
[2026-06-18T17:16:52.539+0000] {processor.py:161} INFO - Started process (PID=3538) to work on /home/airflow/.local/lib/python3.8/site-packages/airflow/example_dags/example_setup_teardown.py
[2026-06-18T17:16:52.541+0000] {processor.py:830} INFO - Processing file /home/airflow/.local/lib/python3.8/site-packages/airflow/example_dags/example_setup_teardown.py for tasks to queue
[2026-06-18T17:16:52.544+0000] {logging_mixin.py:188} INFO - [2026-06-18T17:16:52.544+0000] {dagbag.py:538} INFO - Filling up the DagBag from /home/airflow/.local/lib/python3.8/site-packages/airflow/example_dags/example_setup_teardown.py
[2026-06-18T17:16:52.557+0000] {processor.py:840} INFO - DAG(s) 'example_setup_teardown' retrieved from /home/airflow/.local/lib/python3.8/site-packages/airflow/example_dags/example_setup_teardown.py
[2026-06-18T17:16:52.605+0000] {logging_mixin.py:188} INFO - [2026-06-18T17:16:52.604+0000] {dag.py:3036} INFO - Sync 1 DAGs
[2026-06-18T17:16:52.645+0000] {logging_mixin.py:188} INFO - [2026-06-18T17:16:52.645+0000] {dag.py:3823} INFO - Setting next_dagrun for example_setup_teardown to 2026-06-17 00:00:00+00:00, run_after=2026-06-18 00:00:00+00:00
[2026-06-18T17:16:52.683+0000] {processor.py:183} INFO - Processing /home/airflow/.local/lib/python3.8/site-packages/airflow/example_dags/example_setup_teardown.py took 0.150 seconds
[2026-06-18T17:17:22.900+0000] {processor.py:161} INFO - Started process (PID=3605) to work on /home/airflow/.local/lib/python3.8/site-packages/airflow/example_dags/example_setup_teardown.py
[2026-06-18T17:17:22.903+0000] {processor.py:830} INFO - Processing file /home/airflow/.local/lib/python3.8/site-packages/airflow/example_dags/example_setup_teardown.py for tasks to queue
[2026-06-18T17:17:22.906+0000] {logging_mixin.py:188} INFO - [2026-06-18T17:17:22.906+0000] {dagbag.py:538} INFO - Filling up the DagBag from /home/airflow/.local/lib/python3.8/site-packages/airflow/example_dags/example_setup_teardown.py
[2026-06-18T17:17:22.917+0000] {processor.py:840} INFO - DAG(s) 'example_setup_teardown' retrieved from /home/airflow/.local/lib/python3.8/site-packages/airflow/example_dags/example_setup_teardown.py
[2026-06-18T17:17:22.953+0000] {logging_mixin.py:188} INFO - [2026-06-18T17:17:22.953+0000] {dag.py:3036} INFO - Sync 1 DAGs
[2026-06-18T17:17:22.989+0000] {logging_mixin.py:188} INFO - [2026-06-18T17:17:22.989+0000] {dag.py:3823} INFO - Setting next_dagrun for example_setup_teardown to 2026-06-17 00:00:00+00:00, run_after=2026-06-18 00:00:00+00:00
[2026-06-18T17:17:23.022+0000] {processor.py:183} INFO - Processing /home/airflow/.local/lib/python3.8/site-packages/airflow/example_dags/example_setup_teardown.py took 0.127 seconds
[2026-06-18T17:17:53.190+0000] {processor.py:161} INFO - Started process (PID=3671) to work on /home/airflow/.local/lib/python3.8/site-packages/airflow/example_dags/example_setup_teardown.py
[2026-06-18T17:17:53.192+0000] {processor.py:830} INFO - Processing file /home/airflow/.local/lib/python3.8/site-packages/airflow/example_dags/example_setup_teardown.py for tasks to queue
[2026-06-18T17:17:53.196+0000] {logging_mixin.py:188} INFO - [2026-06-18T17:17:53.195+0000] {dagbag.py:538} INFO - Filling up the DagBag from /home/airflow/.local/lib/python3.8/site-packages/airflow/example_dags/example_setup_teardown.py
[2026-06-18T17:17:53.211+0000] {processor.py:840} INFO - DAG(s) 'example_setup_teardown' retrieved from /home/airflow/.local/lib/python3.8/site-packages/airflow/example_dags/example_setup_teardown.py
[2026-06-18T17:17:53.257+0000] {logging_mixin.py:188} INFO - [2026-06-18T17:17:53.256+0000] {dag.py:3036} INFO - Sync 1 DAGs
[2026-06-18T17:17:53.303+0000] {logging_mixin.py:188} INFO - [2026-06-18T17:17:53.303+0000] {dag.py:3823} INFO - Setting next_dagrun for example_setup_teardown to 2026-06-17 00:00:00+00:00, run_after=2026-06-18 00:00:00+00:00
[2026-06-18T17:17:53.336+0000] {processor.py:183} INFO - Processing /home/airflow/.local/lib/python3.8/site-packages/airflow/example_dags/example_setup_teardown.py took 0.156 seconds
[2026-06-18T17:18:23.788+0000] {processor.py:161} INFO - Started process (PID=3738) to work on /home/airflow/.local/lib/python3.8/site-packages/airflow/example_dags/example_setup_teardown.py
[2026-06-18T17:18:23.790+0000] {processor.py:830} INFO - Processing file /home/airflow/.local/lib/python3.8/site-packages/airflow/example_dags/example_setup_teardown.py for tasks to queue
[2026-06-18T17:18:23.792+0000] {logging_mixin.py:188} INFO - [2026-06-18T17:18:23.792+0000] {dagbag.py:538} INFO - Filling up the DagBag from /home/airflow/.local/lib/python3.8/site-packages/airflow/example_dags/example_setup_teardown.py
[2026-06-18T17:18:23.802+0000] {processor.py:840} INFO - DAG(s) 'example_setup_teardown' retrieved from /home/airflow/.local/lib/python3.8/site-packages/airflow/example_dags/example_setup_teardown.py
[2026-06-18T17:18:23.837+0000] {logging_mixin.py:188} INFO - [2026-06-18T17:18:23.837+0000] {dag.py:3036} INFO - Sync 1 DAGs
[2026-06-18T17:18:23.875+0000] {logging_mixin.py:188} INFO - [2026-06-18T17:18:23.875+0000] {dag.py:3823} INFO - Setting next_dagrun for example_setup_teardown to 2026-06-17 00:00:00+00:00, run_after=2026-06-18 00:00:00+00:00
[2026-06-18T17:18:23.908+0000] {processor.py:183} INFO - Processing /home/airflow/.local/lib/python3.8/site-packages/airflow/example_dags/example_setup_teardown.py took 0.125 seconds
[2026-06-18T17:18:54.513+0000] {processor.py:161} INFO - Started process (PID=3804) to work on /home/airflow/.local/lib/python3.8/site-packages/airflow/example_dags/example_setup_teardown.py
[2026-06-18T17:18:54.515+0000] {processor.py:830} INFO - Processing file /home/airflow/.local/lib/python3.8/site-packages/airflow/example_dags/example_setup_teardown.py for tasks to queue
[2026-06-18T17:18:54.517+0000] {logging_mixin.py:188} INFO - [2026-06-18T17:18:54.517+0000] {dagbag.py:538} INFO - Filling up the DagBag from /home/airflow/.local/lib/python3.8/site-packages/airflow/example_dags/example_setup_teardown.py
[2026-06-18T17:18:54.528+0000] {processor.py:840} INFO - DAG(s) 'example_setup_teardown' retrieved from /home/airflow/.local/lib/python3.8/site-packages/airflow/example_dags/example_setup_teardown.py
[2026-06-18T17:18:54.565+0000] {logging_mixin.py:188} INFO - [2026-06-18T17:18:54.565+0000] {dag.py:3036} INFO - Sync 1 DAGs
[2026-06-18T17:18:54.603+0000] {logging_mixin.py:188} INFO - [2026-06-18T17:18:54.603+0000] {dag.py:3823} INFO - Setting next_dagrun for example_setup_teardown to 2026-06-17 00:00:00+00:00, run_after=2026-06-18 00:00:00+00:00
[2026-06-18T17:18:54.629+0000] {processor.py:183} INFO - Processing /home/airflow/.local/lib/python3.8/site-packages/airflow/example_dags/example_setup_teardown.py took 0.121 seconds
[2026-06-18T17:19:24.793+0000] {processor.py:161} INFO - Started process (PID=3870) to work on /home/airflow/.local/lib/python3.8/site-packages/airflow/example_dags/example_setup_teardown.py
[2026-06-18T17:19:24.794+0000] {processor.py:830} INFO - Processing file /home/airflow/.local/lib/python3.8/site-packages/airflow/example_dags/example_setup_teardown.py for tasks to queue
[2026-06-18T17:19:24.797+0000] {logging_mixin.py:188} INFO - [2026-06-18T17:19:24.796+0000] {dagbag.py:538} INFO - Filling up the DagBag from /home/airflow/.local/lib/python3.8/site-packages/airflow/example_dags/example_setup_teardown.py
[2026-06-18T17:19:24.809+0000] {processor.py:840} INFO - DAG(s) 'example_setup_teardown' retrieved from /home/airflow/.local/lib/python3.8/site-packages/airflow/example_dags/example_setup_teardown.py
[2026-06-18T17:19:24.847+0000] {logging_mixin.py:188} INFO - [2026-06-18T17:19:24.847+0000] {dag.py:3036} INFO - Sync 1 DAGs
[2026-06-18T17:19:24.884+0000] {logging_mixin.py:188} INFO - [2026-06-18T17:19:24.883+0000] {dag.py:3823} INFO - Setting next_dagrun for example_setup_teardown to 2026-06-17 00:00:00+00:00, run_after=2026-06-18 00:00:00+00:00
[2026-06-18T17:19:24.924+0000] {processor.py:183} INFO - Processing /home/airflow/.local/lib/python3.8/site-packages/airflow/example_dags/example_setup_teardown.py took 0.136 seconds
[2026-06-18T17:19:55.144+0000] {processor.py:161} INFO - Started process (PID=3946) to work on /home/airflow/.local/lib/python3.8/site-packages/airflow/example_dags/example_setup_teardown.py
[2026-06-18T17:19:55.146+0000] {processor.py:830} INFO - Processing file /home/airflow/.local/lib/python3.8/site-packages/airflow/example_dags/example_setup_teardown.py for tasks to queue
[2026-06-18T17:19:55.149+0000] {logging_mixin.py:188} INFO - [2026-06-18T17:19:55.148+0000] {dagbag.py:538} INFO - Filling up the DagBag from /home/airflow/.local/lib/python3.8/site-packages/airflow/example_dags/example_setup_teardown.py
[2026-06-18T17:19:55.161+0000] {processor.py:840} INFO - DAG(s) 'example_setup_teardown' retrieved from /home/airflow/.local/lib/python3.8/site-packages/airflow/example_dags/example_setup_teardown.py
[2026-06-18T17:19:55.205+0000] {logging_mixin.py:188} INFO - [2026-06-18T17:19:55.205+0000] {dag.py:3036} INFO - Sync 1 DAGs
[2026-06-18T17:19:55.251+0000] {logging_mixin.py:188} INFO - [2026-06-18T17:19:55.250+0000] {dag.py:3823} INFO - Setting next_dagrun for example_setup_teardown to 2026-06-17 00:00:00+00:00, run_after=2026-06-18 00:00:00+00:00
[2026-06-18T17:19:55.286+0000] {processor.py:183} INFO - Processing /home/airflow/.local/lib/python3.8/site-packages/airflow/example_dags/example_setup_teardown.py took 0.148 seconds
[2026-06-18T17:20:25.500+0000] {processor.py:161} INFO - Started process (PID=4013) to work on /home/airflow/.local/lib/python3.8/site-packages/airflow/example_dags/example_setup_teardown.py
[2026-06-18T17:20:25.502+0000] {processor.py:830} INFO - Processing file /home/airflow/.local/lib/python3.8/site-packages/airflow/example_dags/example_setup_teardown.py for tasks to queue
[2026-06-18T17:20:25.505+0000] {logging_mixin.py:188} INFO - [2026-06-18T17:20:25.505+0000] {dagbag.py:538} INFO - Filling up the DagBag from /home/airflow/.local/lib/python3.8/site-packages/airflow/example_dags/example_setup_teardown.py
[2026-06-18T17:20:25.517+0000] {processor.py:840} INFO - DAG(s) 'example_setup_teardown' retrieved from /home/airflow/.local/lib/python3.8/site-packages/airflow/example_dags/example_setup_teardown.py
[2026-06-18T17:20:25.563+0000] {logging_mixin.py:188} INFO - [2026-06-18T17:20:25.563+0000] {dag.py:3036} INFO - Sync 1 DAGs
[2026-06-18T17:20:25.605+0000] {logging_mixin.py:188} INFO - [2026-06-18T17:20:25.604+0000] {dag.py:3823} INFO - Setting next_dagrun for example_setup_teardown to 2026-06-17 00:00:00+00:00, run_after=2026-06-18 00:00:00+00:00
[2026-06-18T17:20:25.644+0000] {processor.py:183} INFO - Processing /home/airflow/.local/lib/python3.8/site-packages/airflow/example_dags/example_setup_teardown.py took 0.150 seconds
[2026-06-18T17:20:55.721+0000] {processor.py:161} INFO - Started process (PID=4080) to work on /home/airflow/.local/lib/python3.8/site-packages/airflow/example_dags/example_setup_teardown.py
[2026-06-18T17:20:55.731+0000] {processor.py:830} INFO - Processing file /home/airflow/.local/lib/python3.8/site-packages/airflow/example_dags/example_setup_teardown.py for tasks to queue
[2026-06-18T17:20:55.734+0000] {logging_mixin.py:188} INFO - [2026-06-18T17:20:55.734+0000] {dagbag.py:538} INFO - Filling up the DagBag from /home/airflow/.local/lib/python3.8/site-packages/airflow/example_dags/example_setup_teardown.py
[2026-06-18T17:20:55.760+0000] {processor.py:840} INFO - DAG(s) 'example_setup_teardown' retrieved from /home/airflow/.local/lib/python3.8/site-packages/airflow/example_dags/example_setup_teardown.py
[2026-06-18T17:20:55.810+0000] {logging_mixin.py:188} INFO - [2026-06-18T17:20:55.810+0000] {dag.py:3036} INFO - Sync 1 DAGs
[2026-06-18T17:20:55.854+0000] {logging_mixin.py:188} INFO - [2026-06-18T17:20:55.854+0000] {dag.py:3823} INFO - Setting next_dagrun for example_setup_teardown to 2026-06-17 00:00:00+00:00, run_after=2026-06-18 00:00:00+00:00
[2026-06-18T17:20:55.888+0000] {processor.py:183} INFO - Processing /home/airflow/.local/lib/python3.8/site-packages/airflow/example_dags/example_setup_teardown.py took 0.175 seconds
[2026-06-18T17:21:26.475+0000] {processor.py:161} INFO - Started process (PID=4146) to work on /home/airflow/.local/lib/python3.8/site-packages/airflow/example_dags/example_setup_teardown.py
[2026-06-18T17:21:26.487+0000] {processor.py:830} INFO - Processing file /home/airflow/.local/lib/python3.8/site-packages/airflow/example_dags/example_setup_teardown.py for tasks to queue
[2026-06-18T17:21:26.490+0000] {logging_mixin.py:188} INFO - [2026-06-18T17:21:26.490+0000] {dagbag.py:538} INFO - Filling up the DagBag from /home/airflow/.local/lib/python3.8/site-packages/airflow/example_dags/example_setup_teardown.py
[2026-06-18T17:21:26.505+0000] {processor.py:840} INFO - DAG(s) 'example_setup_teardown' retrieved from /home/airflow/.local/lib/python3.8/site-packages/airflow/example_dags/example_setup_teardown.py
[2026-06-18T17:21:26.556+0000] {logging_mixin.py:188} INFO - [2026-06-18T17:21:26.555+0000] {dag.py:3036} INFO - Sync 1 DAGs
[2026-06-18T17:21:26.623+0000] {logging_mixin.py:188} INFO - [2026-06-18T17:21:26.622+0000] {dag.py:3823} INFO - Setting next_dagrun for example_setup_teardown to 2026-06-17 00:00:00+00:00, run_after=2026-06-18 00:00:00+00:00
[2026-06-18T17:21:26.662+0000] {processor.py:183} INFO - Processing /home/airflow/.local/lib/python3.8/site-packages/airflow/example_dags/example_setup_teardown.py took 0.193 seconds
[2026-06-18T17:21:57.028+0000] {processor.py:161} INFO - Started process (PID=4212) to work on /home/airflow/.local/lib/python3.8/site-packages/airflow/example_dags/example_setup_teardown.py
[2026-06-18T17:21:57.030+0000] {processor.py:830} INFO - Processing file /home/airflow/.local/lib/python3.8/site-packages/airflow/example_dags/example_setup_teardown.py for tasks to queue
[2026-06-18T17:21:57.032+0000] {logging_mixin.py:188} INFO - [2026-06-18T17:21:57.032+0000] {dagbag.py:538} INFO - Filling up the DagBag from /home/airflow/.local/lib/python3.8/site-packages/airflow/example_dags/example_setup_teardown.py
[2026-06-18T17:21:57.046+0000] {processor.py:840} INFO - DAG(s) 'example_setup_teardown' retrieved from /home/airflow/.local/lib/python3.8/site-packages/airflow/example_dags/example_setup_teardown.py
[2026-06-18T17:21:57.088+0000] {logging_mixin.py:188} INFO - [2026-06-18T17:21:57.088+0000] {dag.py:3036} INFO - Sync 1 DAGs
[2026-06-18T17:21:57.126+0000] {logging_mixin.py:188} INFO - [2026-06-18T17:21:57.126+0000] {dag.py:3823} INFO - Setting next_dagrun for example_setup_teardown to 2026-06-17 00:00:00+00:00, run_after=2026-06-18 00:00:00+00:00
[2026-06-18T17:21:57.156+0000] {processor.py:183} INFO - Processing /home/airflow/.local/lib/python3.8/site-packages/airflow/example_dags/example_setup_teardown.py took 0.134 seconds
[2026-06-18T17:22:27.414+0000] {processor.py:161} INFO - Started process (PID=4278) to work on /home/airflow/.local/lib/python3.8/site-packages/airflow/example_dags/example_setup_teardown.py
[2026-06-18T17:22:27.416+0000] {processor.py:830} INFO - Processing file /home/airflow/.local/lib/python3.8/site-packages/airflow/example_dags/example_setup_teardown.py for tasks to queue
[2026-06-18T17:22:27.419+0000] {logging_mixin.py:188} INFO - [2026-06-18T17:22:27.419+0000] {dagbag.py:538} INFO - Filling up the DagBag from /home/airflow/.local/lib/python3.8/site-packages/airflow/example_dags/example_setup_teardown.py
[2026-06-18T17:22:27.432+0000] {processor.py:840} INFO - DAG(s) 'example_setup_teardown' retrieved from /home/airflow/.local/lib/python3.8/site-packages/airflow/example_dags/example_setup_teardown.py
[2026-06-18T17:22:27.477+0000] {logging_mixin.py:188} INFO - [2026-06-18T17:22:27.477+0000] {dag.py:3036} INFO - Sync 1 DAGs
[2026-06-18T17:22:27.522+0000] {logging_mixin.py:188} INFO - [2026-06-18T17:22:27.522+0000] {dag.py:3823} INFO - Setting next_dagrun for example_setup_teardown to 2026-06-17 00:00:00+00:00, run_after=2026-06-18 00:00:00+00:00
[2026-06-18T17:22:27.555+0000] {processor.py:183} INFO - Processing /home/airflow/.local/lib/python3.8/site-packages/airflow/example_dags/example_setup_teardown.py took 0.146 seconds
[2026-06-18T17:22:57.852+0000] {processor.py:161} INFO - Started process (PID=4345) to work on /home/airflow/.local/lib/python3.8/site-packages/airflow/example_dags/example_setup_teardown.py
[2026-06-18T17:22:57.854+0000] {processor.py:830} INFO - Processing file /home/airflow/.local/lib/python3.8/site-packages/airflow/example_dags/example_setup_teardown.py for tasks to queue
[2026-06-18T17:22:57.856+0000] {logging_mixin.py:188} INFO - [2026-06-18T17:22:57.856+0000] {dagbag.py:538} INFO - Filling up the DagBag from /home/airflow/.local/lib/python3.8/site-packages/airflow/example_dags/example_setup_teardown.py
[2026-06-18T17:22:57.867+0000] {processor.py:840} INFO - DAG(s) 'example_setup_teardown' retrieved from /home/airflow/.local/lib/python3.8/site-packages/airflow/example_dags/example_setup_teardown.py
[2026-06-18T17:22:57.906+0000] {logging_mixin.py:188} INFO - [2026-06-18T17:22:57.905+0000] {dag.py:3036} INFO - Sync 1 DAGs
[2026-06-18T17:22:57.945+0000] {logging_mixin.py:188} INFO - [2026-06-18T17:22:57.945+0000] {dag.py:3823} INFO - Setting next_dagrun for example_setup_teardown to 2026-06-17 00:00:00+00:00, run_after=2026-06-18 00:00:00+00:00
[2026-06-18T17:22:57.978+0000] {processor.py:183} INFO - Processing /home/airflow/.local/lib/python3.8/site-packages/airflow/example_dags/example_setup_teardown.py took 0.131 seconds
[2026-06-18T17:23:28.415+0000] {processor.py:161} INFO - Started process (PID=4410) to work on /home/airflow/.local/lib/python3.8/site-packages/airflow/example_dags/example_setup_teardown.py
[2026-06-18T17:23:28.417+0000] {processor.py:830} INFO - Processing file /home/airflow/.local/lib/python3.8/site-packages/airflow/example_dags/example_setup_teardown.py for tasks to queue
[2026-06-18T17:23:28.419+0000] {logging_mixin.py:188} INFO - [2026-06-18T17:23:28.419+0000] {dagbag.py:538} INFO - Filling up the DagBag from /home/airflow/.local/lib/python3.8/site-packages/airflow/example_dags/example_setup_teardown.py
[2026-06-18T17:23:28.430+0000] {processor.py:840} INFO - DAG(s) 'example_setup_teardown' retrieved from /home/airflow/.local/lib/python3.8/site-packages/airflow/example_dags/example_setup_teardown.py
[2026-06-18T17:23:28.471+0000] {logging_mixin.py:188} INFO - [2026-06-18T17:23:28.471+0000] {dag.py:3036} INFO - Sync 1 DAGs
[2026-06-18T17:23:28.512+0000] {logging_mixin.py:188} INFO - [2026-06-18T17:23:28.511+0000] {dag.py:3823} INFO - Setting next_dagrun for example_setup_teardown to 2026-06-17 00:00:00+00:00, run_after=2026-06-18 00:00:00+00:00
[2026-06-18T17:23:28.545+0000] {processor.py:183} INFO - Processing /home/airflow/.local/lib/python3.8/site-packages/airflow/example_dags/example_setup_teardown.py took 0.136 seconds
[2026-06-18T17:23:58.678+0000] {processor.py:161} INFO - Started process (PID=4475) to work on /home/airflow/.local/lib/python3.8/site-packages/airflow/example_dags/example_setup_teardown.py
[2026-06-18T17:23:58.680+0000] {processor.py:830} INFO - Processing file /home/airflow/.local/lib/python3.8/site-packages/airflow/example_dags/example_setup_teardown.py for tasks to queue
[2026-06-18T17:23:58.682+0000] {logging_mixin.py:188} INFO - [2026-06-18T17:23:58.682+0000] {dagbag.py:538} INFO - Filling up the DagBag from /home/airflow/.local/lib/python3.8/site-packages/airflow/example_dags/example_setup_teardown.py
[2026-06-18T17:23:58.692+0000] {processor.py:840} INFO - DAG(s) 'example_setup_teardown' retrieved from /home/airflow/.local/lib/python3.8/site-packages/airflow/example_dags/example_setup_teardown.py
[2026-06-18T17:23:58.732+0000] {logging_mixin.py:188} INFO - [2026-06-18T17:23:58.732+0000] {dag.py:3036} INFO - Sync 1 DAGs
[2026-06-18T17:23:58.777+0000] {logging_mixin.py:188} INFO - [2026-06-18T17:23:58.777+0000] {dag.py:3823} INFO - Setting next_dagrun for example_setup_teardown to 2026-06-17 00:00:00+00:00, run_after=2026-06-18 00:00:00+00:00
[2026-06-18T17:23:58.806+0000] {processor.py:183} INFO - Processing /home/airflow/.local/lib/python3.8/site-packages/airflow/example_dags/example_setup_teardown.py took 0.133 seconds
[2026-06-18T17:24:28.956+0000] {processor.py:161} INFO - Started process (PID=4541) to work on /home/airflow/.local/lib/python3.8/site-packages/airflow/example_dags/example_setup_teardown.py
[2026-06-18T17:24:28.959+0000] {processor.py:830} INFO - Processing file /home/airflow/.local/lib/python3.8/site-packages/airflow/example_dags/example_setup_teardown.py for tasks to queue
[2026-06-18T17:24:28.961+0000] {logging_mixin.py:188} INFO - [2026-06-18T17:24:28.961+0000] {dagbag.py:538} INFO - Filling up the DagBag from /home/airflow/.local/lib/python3.8/site-packages/airflow/example_dags/example_setup_teardown.py
[2026-06-18T17:24:28.972+0000] {processor.py:840} INFO - DAG(s) 'example_setup_teardown' retrieved from /home/airflow/.local/lib/python3.8/site-packages/airflow/example_dags/example_setup_teardown.py
[2026-06-18T17:24:29.019+0000] {logging_mixin.py:188} INFO - [2026-06-18T17:24:29.019+0000] {dag.py:3036} INFO - Sync 1 DAGs
[2026-06-18T17:24:29.083+0000] {logging_mixin.py:188} INFO - [2026-06-18T17:24:29.082+0000] {dag.py:3823} INFO - Setting next_dagrun for example_setup_teardown to 2026-06-17 00:00:00+00:00, run_after=2026-06-18 00:00:00+00:00
[2026-06-18T17:24:29.127+0000] {processor.py:183} INFO - Processing /home/airflow/.local/lib/python3.8/site-packages/airflow/example_dags/example_setup_teardown.py took 0.176 seconds
[2026-06-18T17:24:59.758+0000] {processor.py:161} INFO - Started process (PID=4608) to work on /home/airflow/.local/lib/python3.8/site-packages/airflow/example_dags/example_setup_teardown.py
[2026-06-18T17:24:59.759+0000] {processor.py:830} INFO - Processing file /home/airflow/.local/lib/python3.8/site-packages/airflow/example_dags/example_setup_teardown.py for tasks to queue
[2026-06-18T17:24:59.762+0000] {logging_mixin.py:188} INFO - [2026-06-18T17:24:59.762+0000] {dagbag.py:538} INFO - Filling up the DagBag from /home/airflow/.local/lib/python3.8/site-packages/airflow/example_dags/example_setup_teardown.py
[2026-06-18T17:24:59.773+0000] {processor.py:840} INFO - DAG(s) 'example_setup_teardown' retrieved from /home/airflow/.local/lib/python3.8/site-packages/airflow/example_dags/example_setup_teardown.py
[2026-06-18T17:24:59.815+0000] {logging_mixin.py:188} INFO - [2026-06-18T17:24:59.814+0000] {dag.py:3036} INFO - Sync 1 DAGs
[2026-06-18T17:24:59.854+0000] {logging_mixin.py:188} INFO - [2026-06-18T17:24:59.853+0000] {dag.py:3823} INFO - Setting next_dagrun for example_setup_teardown to 2026-06-17 00:00:00+00:00, run_after=2026-06-18 00:00:00+00:00
[2026-06-18T17:24:59.886+0000] {processor.py:183} INFO - Processing /home/airflow/.local/lib/python3.8/site-packages/airflow/example_dags/example_setup_teardown.py took 0.134 seconds
[2026-06-18T17:25:30.162+0000] {processor.py:161} INFO - Started process (PID=4674) to work on /home/airflow/.local/lib/python3.8/site-packages/airflow/example_dags/example_setup_teardown.py
[2026-06-18T17:25:30.167+0000] {processor.py:830} INFO - Processing file /home/airflow/.local/lib/python3.8/site-packages/airflow/example_dags/example_setup_teardown.py for tasks to queue
[2026-06-18T17:25:30.174+0000] {logging_mixin.py:188} INFO - [2026-06-18T17:25:30.174+0000] {dagbag.py:538} INFO - Filling up the DagBag from /home/airflow/.local/lib/python3.8/site-packages/airflow/example_dags/example_setup_teardown.py
[2026-06-18T17:25:30.196+0000] {processor.py:840} INFO - DAG(s) 'example_setup_teardown' retrieved from /home/airflow/.local/lib/python3.8/site-packages/airflow/example_dags/example_setup_teardown.py
[2026-06-18T17:25:30.260+0000] {logging_mixin.py:188} INFO - [2026-06-18T17:25:30.260+0000] {dag.py:3036} INFO - Sync 1 DAGs
[2026-06-18T17:25:30.318+0000] {logging_mixin.py:188} INFO - [2026-06-18T17:25:30.317+0000] {dag.py:3823} INFO - Setting next_dagrun for example_setup_teardown to 2026-06-17 00:00:00+00:00, run_after=2026-06-18 00:00:00+00:00
[2026-06-18T17:25:30.358+0000] {processor.py:183} INFO - Processing /home/airflow/.local/lib/python3.8/site-packages/airflow/example_dags/example_setup_teardown.py took 0.203 seconds
[2026-06-18T17:26:00.399+0000] {processor.py:161} INFO - Started process (PID=4740) to work on /home/airflow/.local/lib/python3.8/site-packages/airflow/example_dags/example_setup_teardown.py
[2026-06-18T17:26:00.400+0000] {processor.py:830} INFO - Processing file /home/airflow/.local/lib/python3.8/site-packages/airflow/example_dags/example_setup_teardown.py for tasks to queue
[2026-06-18T17:26:00.403+0000] {logging_mixin.py:188} INFO - [2026-06-18T17:26:00.402+0000] {dagbag.py:538} INFO - Filling up the DagBag from /home/airflow/.local/lib/python3.8/site-packages/airflow/example_dags/example_setup_teardown.py
[2026-06-18T17:26:00.412+0000] {processor.py:840} INFO - DAG(s) 'example_setup_teardown' retrieved from /home/airflow/.local/lib/python3.8/site-packages/airflow/example_dags/example_setup_teardown.py
[2026-06-18T17:26:00.455+0000] {logging_mixin.py:188} INFO - [2026-06-18T17:26:00.454+0000] {dag.py:3036} INFO - Sync 1 DAGs
[2026-06-18T17:26:00.498+0000] {logging_mixin.py:188} INFO - [2026-06-18T17:26:00.498+0000] {dag.py:3823} INFO - Setting next_dagrun for example_setup_teardown to 2026-06-17 00:00:00+00:00, run_after=2026-06-18 00:00:00+00:00
[2026-06-18T17:26:00.535+0000] {processor.py:183} INFO - Processing /home/airflow/.local/lib/python3.8/site-packages/airflow/example_dags/example_setup_teardown.py took 0.142 seconds
[2026-06-18T17:26:30.852+0000] {processor.py:161} INFO - Started process (PID=4807) to work on /home/airflow/.local/lib/python3.8/site-packages/airflow/example_dags/example_setup_teardown.py
[2026-06-18T17:26:30.854+0000] {processor.py:830} INFO - Processing file /home/airflow/.local/lib/python3.8/site-packages/airflow/example_dags/example_setup_teardown.py for tasks to queue
[2026-06-18T17:26:30.858+0000] {logging_mixin.py:188} INFO - [2026-06-18T17:26:30.858+0000] {dagbag.py:538} INFO - Filling up the DagBag from /home/airflow/.local/lib/python3.8/site-packages/airflow/example_dags/example_setup_teardown.py
[2026-06-18T17:26:30.872+0000] {processor.py:840} INFO - DAG(s) 'example_setup_teardown' retrieved from /home/airflow/.local/lib/python3.8/site-packages/airflow/example_dags/example_setup_teardown.py
[2026-06-18T17:26:30.932+0000] {logging_mixin.py:188} INFO - [2026-06-18T17:26:30.931+0000] {dag.py:3036} INFO - Sync 1 DAGs
[2026-06-18T17:26:30.994+0000] {logging_mixin.py:188} INFO - [2026-06-18T17:26:30.993+0000] {dag.py:3823} INFO - Setting next_dagrun for example_setup_teardown to 2026-06-17 00:00:00+00:00, run_after=2026-06-18 00:00:00+00:00
[2026-06-18T17:26:31.030+0000] {processor.py:183} INFO - Processing /home/airflow/.local/lib/python3.8/site-packages/airflow/example_dags/example_setup_teardown.py took 0.185 seconds
[2026-06-18T17:27:01.368+0000] {processor.py:161} INFO - Started process (PID=4880) to work on /home/airflow/.local/lib/python3.8/site-packages/airflow/example_dags/example_setup_teardown.py
[2026-06-18T17:27:01.369+0000] {processor.py:830} INFO - Processing file /home/airflow/.local/lib/python3.8/site-packages/airflow/example_dags/example_setup_teardown.py for tasks to queue
[2026-06-18T17:27:01.372+0000] {logging_mixin.py:188} INFO - [2026-06-18T17:27:01.372+0000] {dagbag.py:538} INFO - Filling up the DagBag from /home/airflow/.local/lib/python3.8/site-packages/airflow/example_dags/example_setup_teardown.py
[2026-06-18T17:27:01.384+0000] {processor.py:840} INFO - DAG(s) 'example_setup_teardown' retrieved from /home/airflow/.local/lib/python3.8/site-packages/airflow/example_dags/example_setup_teardown.py
[2026-06-18T17:27:01.427+0000] {logging_mixin.py:188} INFO - [2026-06-18T17:27:01.426+0000] {dag.py:3036} INFO - Sync 1 DAGs
[2026-06-18T17:27:01.471+0000] {logging_mixin.py:188} INFO - [2026-06-18T17:27:01.470+0000] {dag.py:3823} INFO - Setting next_dagrun for example_setup_teardown to 2026-06-17 00:00:00+00:00, run_after=2026-06-18 00:00:00+00:00
[2026-06-18T17:27:01.513+0000] {processor.py:183} INFO - Processing /home/airflow/.local/lib/python3.8/site-packages/airflow/example_dags/example_setup_teardown.py took 0.150 seconds
[2026-06-18T17:27:32.086+0000] {processor.py:161} INFO - Started process (PID=4948) to work on /home/airflow/.local/lib/python3.8/site-packages/airflow/example_dags/example_setup_teardown.py
[2026-06-18T17:27:32.088+0000] {processor.py:830} INFO - Processing file /home/airflow/.local/lib/python3.8/site-packages/airflow/example_dags/example_setup_teardown.py for tasks to queue
[2026-06-18T17:27:32.090+0000] {logging_mixin.py:188} INFO - [2026-06-18T17:27:32.090+0000] {dagbag.py:538} INFO - Filling up the DagBag from /home/airflow/.local/lib/python3.8/site-packages/airflow/example_dags/example_setup_teardown.py
[2026-06-18T17:27:32.104+0000] {processor.py:840} INFO - DAG(s) 'example_setup_teardown' retrieved from /home/airflow/.local/lib/python3.8/site-packages/airflow/example_dags/example_setup_teardown.py
[2026-06-18T17:27:32.159+0000] {logging_mixin.py:188} INFO - [2026-06-18T17:27:32.157+0000] {dag.py:3036} INFO - Sync 1 DAGs
[2026-06-18T17:27:32.214+0000] {logging_mixin.py:188} INFO - [2026-06-18T17:27:32.214+0000] {dag.py:3823} INFO - Setting next_dagrun for example_setup_teardown to 2026-06-17 00:00:00+00:00, run_after=2026-06-18 00:00:00+00:00
[2026-06-18T17:27:32.256+0000] {processor.py:183} INFO - Processing /home/airflow/.local/lib/python3.8/site-packages/airflow/example_dags/example_setup_teardown.py took 0.175 seconds
[2026-06-18T17:28:02.998+0000] {processor.py:161} INFO - Started process (PID=5015) to work on /home/airflow/.local/lib/python3.8/site-packages/airflow/example_dags/example_setup_teardown.py
[2026-06-18T17:28:02.999+0000] {processor.py:830} INFO - Processing file /home/airflow/.local/lib/python3.8/site-packages/airflow/example_dags/example_setup_teardown.py for tasks to queue
[2026-06-18T17:28:03.002+0000] {logging_mixin.py:188} INFO - [2026-06-18T17:28:03.001+0000] {dagbag.py:538} INFO - Filling up the DagBag from /home/airflow/.local/lib/python3.8/site-packages/airflow/example_dags/example_setup_teardown.py
[2026-06-18T17:28:03.012+0000] {processor.py:840} INFO - DAG(s) 'example_setup_teardown' retrieved from /home/airflow/.local/lib/python3.8/site-packages/airflow/example_dags/example_setup_teardown.py
[2026-06-18T17:28:03.053+0000] {logging_mixin.py:188} INFO - [2026-06-18T17:28:03.053+0000] {dag.py:3036} INFO - Sync 1 DAGs
[2026-06-18T17:28:03.116+0000] {logging_mixin.py:188} INFO - [2026-06-18T17:28:03.115+0000] {dag.py:3823} INFO - Setting next_dagrun for example_setup_teardown to 2026-06-17 00:00:00+00:00, run_after=2026-06-18 00:00:00+00:00
[2026-06-18T17:28:03.158+0000] {processor.py:183} INFO - Processing /home/airflow/.local/lib/python3.8/site-packages/airflow/example_dags/example_setup_teardown.py took 0.166 seconds
[2026-06-18T17:28:33.637+0000] {processor.py:161} INFO - Started process (PID=5080) to work on /home/airflow/.local/lib/python3.8/site-packages/airflow/example_dags/example_setup_teardown.py
[2026-06-18T17:28:33.639+0000] {processor.py:830} INFO - Processing file /home/airflow/.local/lib/python3.8/site-packages/airflow/example_dags/example_setup_teardown.py for tasks to queue
[2026-06-18T17:28:33.643+0000] {logging_mixin.py:188} INFO - [2026-06-18T17:28:33.642+0000] {dagbag.py:538} INFO - Filling up the DagBag from /home/airflow/.local/lib/python3.8/site-packages/airflow/example_dags/example_setup_teardown.py
[2026-06-18T17:28:33.655+0000] {processor.py:840} INFO - DAG(s) 'example_setup_teardown' retrieved from /home/airflow/.local/lib/python3.8/site-packages/airflow/example_dags/example_setup_teardown.py
[2026-06-18T17:28:33.695+0000] {logging_mixin.py:188} INFO - [2026-06-18T17:28:33.694+0000] {dag.py:3036} INFO - Sync 1 DAGs
[2026-06-18T17:28:33.731+0000] {logging_mixin.py:188} INFO - [2026-06-18T17:28:33.730+0000] {dag.py:3823} INFO - Setting next_dagrun for example_setup_teardown to 2026-06-17 00:00:00+00:00, run_after=2026-06-18 00:00:00+00:00
[2026-06-18T17:28:33.759+0000] {processor.py:183} INFO - Processing /home/airflow/.local/lib/python3.8/site-packages/airflow/example_dags/example_setup_teardown.py took 0.127 seconds
[2026-06-18T17:29:03.857+0000] {processor.py:161} INFO - Started process (PID=5146) to work on /home/airflow/.local/lib/python3.8/site-packages/airflow/example_dags/example_setup_teardown.py
[2026-06-18T17:29:03.859+0000] {processor.py:830} INFO - Processing file /home/airflow/.local/lib/python3.8/site-packages/airflow/example_dags/example_setup_teardown.py for tasks to queue
[2026-06-18T17:29:03.862+0000] {logging_mixin.py:188} INFO - [2026-06-18T17:29:03.861+0000] {dagbag.py:538} INFO - Filling up the DagBag from /home/airflow/.local/lib/python3.8/site-packages/airflow/example_dags/example_setup_teardown.py
[2026-06-18T17:29:03.873+0000] {processor.py:840} INFO - DAG(s) 'example_setup_teardown' retrieved from /home/airflow/.local/lib/python3.8/site-packages/airflow/example_dags/example_setup_teardown.py
[2026-06-18T17:29:03.910+0000] {logging_mixin.py:188} INFO - [2026-06-18T17:29:03.910+0000] {dag.py:3036} INFO - Sync 1 DAGs
[2026-06-18T17:29:03.945+0000] {logging_mixin.py:188} INFO - [2026-06-18T17:29:03.944+0000] {dag.py:3823} INFO - Setting next_dagrun for example_setup_teardown to 2026-06-17 00:00:00+00:00, run_after=2026-06-18 00:00:00+00:00
[2026-06-18T17:29:03.975+0000] {processor.py:183} INFO - Processing /home/airflow/.local/lib/python3.8/site-packages/airflow/example_dags/example_setup_teardown.py took 0.123 seconds
[2026-06-18T17:29:34.379+0000] {processor.py:161} INFO - Started process (PID=5210) to work on /home/airflow/.local/lib/python3.8/site-packages/airflow/example_dags/example_setup_teardown.py
[2026-06-18T17:29:34.381+0000] {processor.py:830} INFO - Processing file /home/airflow/.local/lib/python3.8/site-packages/airflow/example_dags/example_setup_teardown.py for tasks to queue
[2026-06-18T17:29:34.385+0000] {logging_mixin.py:188} INFO - [2026-06-18T17:29:34.385+0000] {dagbag.py:538} INFO - Filling up the DagBag from /home/airflow/.local/lib/python3.8/site-packages/airflow/example_dags/example_setup_teardown.py
[2026-06-18T17:29:34.405+0000] {processor.py:840} INFO - DAG(s) 'example_setup_teardown' retrieved from /home/airflow/.local/lib/python3.8/site-packages/airflow/example_dags/example_setup_teardown.py
[2026-06-18T17:29:34.457+0000] {logging_mixin.py:188} INFO - [2026-06-18T17:29:34.456+0000] {dag.py:3036} INFO - Sync 1 DAGs
[2026-06-18T17:29:34.501+0000] {logging_mixin.py:188} INFO - [2026-06-18T17:29:34.501+0000] {dag.py:3823} INFO - Setting next_dagrun for example_setup_teardown to 2026-06-17 00:00:00+00:00, run_after=2026-06-18 00:00:00+00:00
[2026-06-18T17:29:34.538+0000] {processor.py:183} INFO - Processing /home/airflow/.local/lib/python3.8/site-packages/airflow/example_dags/example_setup_teardown.py took 0.164 seconds
[2026-06-18T17:30:04.868+0000] {processor.py:161} INFO - Started process (PID=5274) to work on /home/airflow/.local/lib/python3.8/site-packages/airflow/example_dags/example_setup_teardown.py
[2026-06-18T17:30:04.871+0000] {processor.py:830} INFO - Processing file /home/airflow/.local/lib/python3.8/site-packages/airflow/example_dags/example_setup_teardown.py for tasks to queue
[2026-06-18T17:30:04.874+0000] {logging_mixin.py:188} INFO - [2026-06-18T17:30:04.874+0000] {dagbag.py:538} INFO - Filling up the DagBag from /home/airflow/.local/lib/python3.8/site-packages/airflow/example_dags/example_setup_teardown.py
[2026-06-18T17:30:04.892+0000] {processor.py:840} INFO - DAG(s) 'example_setup_teardown' retrieved from /home/airflow/.local/lib/python3.8/site-packages/airflow/example_dags/example_setup_teardown.py
[2026-06-18T17:30:04.957+0000] {logging_mixin.py:188} INFO - [2026-06-18T17:30:04.956+0000] {dag.py:3036} INFO - Sync 1 DAGs
[2026-06-18T17:30:05.001+0000] {logging_mixin.py:188} INFO - [2026-06-18T17:30:05.001+0000] {dag.py:3823} INFO - Setting next_dagrun for example_setup_teardown to 2026-06-17 00:00:00+00:00, run_after=2026-06-18 00:00:00+00:00
[2026-06-18T17:30:05.039+0000] {processor.py:183} INFO - Processing /home/airflow/.local/lib/python3.8/site-packages/airflow/example_dags/example_setup_teardown.py took 0.179 seconds
[2026-06-18T17:30:35.738+0000] {processor.py:161} INFO - Started process (PID=5340) to work on /home/airflow/.local/lib/python3.8/site-packages/airflow/example_dags/example_setup_teardown.py
[2026-06-18T17:30:35.740+0000] {processor.py:830} INFO - Processing file /home/airflow/.local/lib/python3.8/site-packages/airflow/example_dags/example_setup_teardown.py for tasks to queue
[2026-06-18T17:30:35.743+0000] {logging_mixin.py:188} INFO - [2026-06-18T17:30:35.742+0000] {dagbag.py:538} INFO - Filling up the DagBag from /home/airflow/.local/lib/python3.8/site-packages/airflow/example_dags/example_setup_teardown.py
[2026-06-18T17:30:35.752+0000] {processor.py:840} INFO - DAG(s) 'example_setup_teardown' retrieved from /home/airflow/.local/lib/python3.8/site-packages/airflow/example_dags/example_setup_teardown.py
[2026-06-18T17:30:35.799+0000] {logging_mixin.py:188} INFO - [2026-06-18T17:30:35.799+0000] {dag.py:3036} INFO - Sync 1 DAGs
[2026-06-18T17:30:35.844+0000] {logging_mixin.py:188} INFO - [2026-06-18T17:30:35.843+0000] {dag.py:3823} INFO - Setting next_dagrun for example_setup_teardown to 2026-06-17 00:00:00+00:00, run_after=2026-06-18 00:00:00+00:00
[2026-06-18T17:30:35.877+0000] {processor.py:183} INFO - Processing /home/airflow/.local/lib/python3.8/site-packages/airflow/example_dags/example_setup_teardown.py took 0.144 seconds
[2026-06-18T17:31:06.093+0000] {processor.py:161} INFO - Started process (PID=5406) to work on /home/airflow/.local/lib/python3.8/site-packages/airflow/example_dags/example_setup_teardown.py
[2026-06-18T17:31:06.094+0000] {processor.py:830} INFO - Processing file /home/airflow/.local/lib/python3.8/site-packages/airflow/example_dags/example_setup_teardown.py for tasks to queue
[2026-06-18T17:31:06.099+0000] {logging_mixin.py:188} INFO - [2026-06-18T17:31:06.098+0000] {dagbag.py:538} INFO - Filling up the DagBag from /home/airflow/.local/lib/python3.8/site-packages/airflow/example_dags/example_setup_teardown.py
[2026-06-18T17:31:06.109+0000] {processor.py:840} INFO - DAG(s) 'example_setup_teardown' retrieved from /home/airflow/.local/lib/python3.8/site-packages/airflow/example_dags/example_setup_teardown.py
[2026-06-18T17:31:06.146+0000] {logging_mixin.py:188} INFO - [2026-06-18T17:31:06.146+0000] {dag.py:3036} INFO - Sync 1 DAGs
[2026-06-18T17:31:06.188+0000] {logging_mixin.py:188} INFO - [2026-06-18T17:31:06.188+0000] {dag.py:3823} INFO - Setting next_dagrun for example_setup_teardown to 2026-06-17 00:00:00+00:00, run_after=2026-06-18 00:00:00+00:00
[2026-06-18T17:31:06.225+0000] {processor.py:183} INFO - Processing /home/airflow/.local/lib/python3.8/site-packages/airflow/example_dags/example_setup_teardown.py took 0.138 seconds
[2026-06-18T17:31:36.428+0000] {processor.py:161} INFO - Started process (PID=5471) to work on /home/airflow/.local/lib/python3.8/site-packages/airflow/example_dags/example_setup_teardown.py
[2026-06-18T17:31:36.429+0000] {processor.py:830} INFO - Processing file /home/airflow/.local/lib/python3.8/site-packages/airflow/example_dags/example_setup_teardown.py for tasks to queue
[2026-06-18T17:31:36.432+0000] {logging_mixin.py:188} INFO - [2026-06-18T17:31:36.432+0000] {dagbag.py:538} INFO - Filling up the DagBag from /home/airflow/.local/lib/python3.8/site-packages/airflow/example_dags/example_setup_teardown.py
[2026-06-18T17:31:36.442+0000] {processor.py:840} INFO - DAG(s) 'example_setup_teardown' retrieved from /home/airflow/.local/lib/python3.8/site-packages/airflow/example_dags/example_setup_teardown.py
[2026-06-18T17:31:36.479+0000] {logging_mixin.py:188} INFO - [2026-06-18T17:31:36.478+0000] {dag.py:3036} INFO - Sync 1 DAGs
[2026-06-18T17:31:36.514+0000] {logging_mixin.py:188} INFO - [2026-06-18T17:31:36.513+0000] {dag.py:3823} INFO - Setting next_dagrun for example_setup_teardown to 2026-06-17 00:00:00+00:00, run_after=2026-06-18 00:00:00+00:00
[2026-06-18T17:31:36.544+0000] {processor.py:183} INFO - Processing /home/airflow/.local/lib/python3.8/site-packages/airflow/example_dags/example_setup_teardown.py took 0.121 seconds
[2026-06-18T17:32:07.030+0000] {processor.py:161} INFO - Started process (PID=5537) to work on /home/airflow/.local/lib/python3.8/site-packages/airflow/example_dags/example_setup_teardown.py
[2026-06-18T17:32:07.032+0000] {processor.py:830} INFO - Processing file /home/airflow/.local/lib/python3.8/site-packages/airflow/example_dags/example_setup_teardown.py for tasks to queue
[2026-06-18T17:32:07.034+0000] {logging_mixin.py:188} INFO - [2026-06-18T17:32:07.034+0000] {dagbag.py:538} INFO - Filling up the DagBag from /home/airflow/.local/lib/python3.8/site-packages/airflow/example_dags/example_setup_teardown.py
[2026-06-18T17:32:07.045+0000] {processor.py:840} INFO - DAG(s) 'example_setup_teardown' retrieved from /home/airflow/.local/lib/python3.8/site-packages/airflow/example_dags/example_setup_teardown.py
[2026-06-18T17:32:07.081+0000] {logging_mixin.py:188} INFO - [2026-06-18T17:32:07.081+0000] {dag.py:3036} INFO - Sync 1 DAGs
[2026-06-18T17:32:07.123+0000] {logging_mixin.py:188} INFO - [2026-06-18T17:32:07.123+0000] {dag.py:3823} INFO - Setting next_dagrun for example_setup_teardown to 2026-06-17 00:00:00+00:00, run_after=2026-06-18 00:00:00+00:00
[2026-06-18T17:32:07.175+0000] {processor.py:183} INFO - Processing /home/airflow/.local/lib/python3.8/site-packages/airflow/example_dags/example_setup_teardown.py took 0.150 seconds
[2026-06-18T17:32:37.400+0000] {processor.py:161} INFO - Started process (PID=5611) to work on /home/airflow/.local/lib/python3.8/site-packages/airflow/example_dags/example_setup_teardown.py
[2026-06-18T17:32:37.401+0000] {processor.py:830} INFO - Processing file /home/airflow/.local/lib/python3.8/site-packages/airflow/example_dags/example_setup_teardown.py for tasks to queue
[2026-06-18T17:32:37.404+0000] {logging_mixin.py:188} INFO - [2026-06-18T17:32:37.403+0000] {dagbag.py:538} INFO - Filling up the DagBag from /home/airflow/.local/lib/python3.8/site-packages/airflow/example_dags/example_setup_teardown.py
[2026-06-18T17:32:37.416+0000] {processor.py:840} INFO - DAG(s) 'example_setup_teardown' retrieved from /home/airflow/.local/lib/python3.8/site-packages/airflow/example_dags/example_setup_teardown.py
[2026-06-18T17:32:37.461+0000] {logging_mixin.py:188} INFO - [2026-06-18T17:32:37.461+0000] {dag.py:3036} INFO - Sync 1 DAGs
[2026-06-18T17:32:37.507+0000] {logging_mixin.py:188} INFO - [2026-06-18T17:32:37.507+0000] {dag.py:3823} INFO - Setting next_dagrun for example_setup_teardown to 2026-06-17 00:00:00+00:00, run_after=2026-06-18 00:00:00+00:00
[2026-06-18T17:32:37.543+0000] {processor.py:183} INFO - Processing /home/airflow/.local/lib/python3.8/site-packages/airflow/example_dags/example_setup_teardown.py took 0.151 seconds
[2026-06-18T17:33:07.989+0000] {processor.py:161} INFO - Started process (PID=5677) to work on /home/airflow/.local/lib/python3.8/site-packages/airflow/example_dags/example_setup_teardown.py
[2026-06-18T17:33:07.995+0000] {processor.py:830} INFO - Processing file /home/airflow/.local/lib/python3.8/site-packages/airflow/example_dags/example_setup_teardown.py for tasks to queue
[2026-06-18T17:33:07.998+0000] {logging_mixin.py:188} INFO - [2026-06-18T17:33:07.997+0000] {dagbag.py:538} INFO - Filling up the DagBag from /home/airflow/.local/lib/python3.8/site-packages/airflow/example_dags/example_setup_teardown.py
[2026-06-18T17:33:08.010+0000] {processor.py:840} INFO - DAG(s) 'example_setup_teardown' retrieved from /home/airflow/.local/lib/python3.8/site-packages/airflow/example_dags/example_setup_teardown.py
[2026-06-18T17:33:08.055+0000] {logging_mixin.py:188} INFO - [2026-06-18T17:33:08.054+0000] {dag.py:3036} INFO - Sync 1 DAGs
[2026-06-18T17:33:08.113+0000] {logging_mixin.py:188} INFO - [2026-06-18T17:33:08.112+0000] {dag.py:3823} INFO - Setting next_dagrun for example_setup_teardown to 2026-06-17 00:00:00+00:00, run_after=2026-06-18 00:00:00+00:00
[2026-06-18T17:33:08.153+0000] {processor.py:183} INFO - Processing /home/airflow/.local/lib/python3.8/site-packages/airflow/example_dags/example_setup_teardown.py took 0.169 seconds
[2026-06-18T17:33:38.595+0000] {processor.py:161} INFO - Started process (PID=5742) to work on /home/airflow/.local/lib/python3.8/site-packages/airflow/example_dags/example_setup_teardown.py
[2026-06-18T17:33:38.602+0000] {processor.py:830} INFO - Processing file /home/airflow/.local/lib/python3.8/site-packages/airflow/example_dags/example_setup_teardown.py for tasks to queue
[2026-06-18T17:33:38.613+0000] {logging_mixin.py:188} INFO - [2026-06-18T17:33:38.612+0000] {dagbag.py:538} INFO - Filling up the DagBag from /home/airflow/.local/lib/python3.8/site-packages/airflow/example_dags/example_setup_teardown.py
[2026-06-18T17:33:38.637+0000] {processor.py:840} INFO - DAG(s) 'example_setup_teardown' retrieved from /home/airflow/.local/lib/python3.8/site-packages/airflow/example_dags/example_setup_teardown.py
[2026-06-18T17:33:38.694+0000] {logging_mixin.py:188} INFO - [2026-06-18T17:33:38.694+0000] {dag.py:3036} INFO - Sync 1 DAGs
[2026-06-18T17:33:38.740+0000] {logging_mixin.py:188} INFO - [2026-06-18T17:33:38.740+0000] {dag.py:3823} INFO - Setting next_dagrun for example_setup_teardown to 2026-06-17 00:00:00+00:00, run_after=2026-06-18 00:00:00+00:00
[2026-06-18T17:33:38.774+0000] {processor.py:183} INFO - Processing /home/airflow/.local/lib/python3.8/site-packages/airflow/example_dags/example_setup_teardown.py took 0.193 seconds
[2026-06-18T17:34:09.068+0000] {processor.py:161} INFO - Started process (PID=5809) to work on /home/airflow/.local/lib/python3.8/site-packages/airflow/example_dags/example_setup_teardown.py
[2026-06-18T17:34:09.070+0000] {processor.py:830} INFO - Processing file /home/airflow/.local/lib/python3.8/site-packages/airflow/example_dags/example_setup_teardown.py for tasks to queue
[2026-06-18T17:34:09.073+0000] {logging_mixin.py:188} INFO - [2026-06-18T17:34:09.073+0000] {dagbag.py:538} INFO - Filling up the DagBag from /home/airflow/.local/lib/python3.8/site-packages/airflow/example_dags/example_setup_teardown.py
[2026-06-18T17:34:09.090+0000] {processor.py:840} INFO - DAG(s) 'example_setup_teardown' retrieved from /home/airflow/.local/lib/python3.8/site-packages/airflow/example_dags/example_setup_teardown.py
[2026-06-18T17:34:09.134+0000] {logging_mixin.py:188} INFO - [2026-06-18T17:34:09.133+0000] {dag.py:3036} INFO - Sync 1 DAGs
[2026-06-18T17:34:09.181+0000] {logging_mixin.py:188} INFO - [2026-06-18T17:34:09.180+0000] {dag.py:3823} INFO - Setting next_dagrun for example_setup_teardown to 2026-06-17 00:00:00+00:00, run_after=2026-06-18 00:00:00+00:00
[2026-06-18T17:34:09.216+0000] {processor.py:183} INFO - Processing /home/airflow/.local/lib/python3.8/site-packages/airflow/example_dags/example_setup_teardown.py took 0.154 seconds
[2026-06-18T17:34:39.609+0000] {processor.py:161} INFO - Started process (PID=5874) to work on /home/airflow/.local/lib/python3.8/site-packages/airflow/example_dags/example_setup_teardown.py
[2026-06-18T17:34:39.611+0000] {processor.py:830} INFO - Processing file /home/airflow/.local/lib/python3.8/site-packages/airflow/example_dags/example_setup_teardown.py for tasks to queue
[2026-06-18T17:34:39.614+0000] {logging_mixin.py:188} INFO - [2026-06-18T17:34:39.614+0000] {dagbag.py:538} INFO - Filling up the DagBag from /home/airflow/.local/lib/python3.8/site-packages/airflow/example_dags/example_setup_teardown.py
[2026-06-18T17:34:39.627+0000] {processor.py:840} INFO - DAG(s) 'example_setup_teardown' retrieved from /home/airflow/.local/lib/python3.8/site-packages/airflow/example_dags/example_setup_teardown.py
[2026-06-18T17:34:39.671+0000] {logging_mixin.py:188} INFO - [2026-06-18T17:34:39.671+0000] {dag.py:3036} INFO - Sync 1 DAGs
[2026-06-18T17:34:39.710+0000] {logging_mixin.py:188} INFO - [2026-06-18T17:34:39.709+0000] {dag.py:3823} INFO - Setting next_dagrun for example_setup_teardown to 2026-06-17 00:00:00+00:00, run_after=2026-06-18 00:00:00+00:00
[2026-06-18T17:34:39.746+0000] {processor.py:183} INFO - Processing /home/airflow/.local/lib/python3.8/site-packages/airflow/example_dags/example_setup_teardown.py took 0.143 seconds
[2026-06-18T17:35:10.237+0000] {processor.py:161} INFO - Started process (PID=5940) to work on /home/airflow/.local/lib/python3.8/site-packages/airflow/example_dags/example_setup_teardown.py
[2026-06-18T17:35:10.238+0000] {processor.py:830} INFO - Processing file /home/airflow/.local/lib/python3.8/site-packages/airflow/example_dags/example_setup_teardown.py for tasks to queue
[2026-06-18T17:35:10.241+0000] {logging_mixin.py:188} INFO - [2026-06-18T17:35:10.240+0000] {dagbag.py:538} INFO - Filling up the DagBag from /home/airflow/.local/lib/python3.8/site-packages/airflow/example_dags/example_setup_teardown.py
[2026-06-18T17:35:10.251+0000] {processor.py:840} INFO - DAG(s) 'example_setup_teardown' retrieved from /home/airflow/.local/lib/python3.8/site-packages/airflow/example_dags/example_setup_teardown.py
[2026-06-18T17:35:10.289+0000] {logging_mixin.py:188} INFO - [2026-06-18T17:35:10.289+0000] {dag.py:3036} INFO - Sync 1 DAGs
[2026-06-18T17:35:10.327+0000] {logging_mixin.py:188} INFO - [2026-06-18T17:35:10.327+0000] {dag.py:3823} INFO - Setting next_dagrun for example_setup_teardown to 2026-06-17 00:00:00+00:00, run_after=2026-06-18 00:00:00+00:00
[2026-06-18T17:35:10.356+0000] {processor.py:183} INFO - Processing /home/airflow/.local/lib/python3.8/site-packages/airflow/example_dags/example_setup_teardown.py took 0.125 seconds
[2026-06-18T17:35:40.632+0000] {processor.py:161} INFO - Started process (PID=6005) to work on /home/airflow/.local/lib/python3.8/site-packages/airflow/example_dags/example_setup_teardown.py
[2026-06-18T17:35:40.634+0000] {processor.py:830} INFO - Processing file /home/airflow/.local/lib/python3.8/site-packages/airflow/example_dags/example_setup_teardown.py for tasks to queue
[2026-06-18T17:35:40.636+0000] {logging_mixin.py:188} INFO - [2026-06-18T17:35:40.636+0000] {dagbag.py:538} INFO - Filling up the DagBag from /home/airflow/.local/lib/python3.8/site-packages/airflow/example_dags/example_setup_teardown.py
[2026-06-18T17:35:40.646+0000] {processor.py:840} INFO - DAG(s) 'example_setup_teardown' retrieved from /home/airflow/.local/lib/python3.8/site-packages/airflow/example_dags/example_setup_teardown.py
[2026-06-18T17:35:40.682+0000] {logging_mixin.py:188} INFO - [2026-06-18T17:35:40.682+0000] {dag.py:3036} INFO - Sync 1 DAGs
[2026-06-18T17:35:40.717+0000] {logging_mixin.py:188} INFO - [2026-06-18T17:35:40.717+0000] {dag.py:3823} INFO - Setting next_dagrun for example_setup_teardown to 2026-06-17 00:00:00+00:00, run_after=2026-06-18 00:00:00+00:00
[2026-06-18T17:35:40.744+0000] {processor.py:183} INFO - Processing /home/airflow/.local/lib/python3.8/site-packages/airflow/example_dags/example_setup_teardown.py took 0.117 seconds
[2026-06-18T17:36:10.849+0000] {processor.py:161} INFO - Started process (PID=6071) to work on /home/airflow/.local/lib/python3.8/site-packages/airflow/example_dags/example_setup_teardown.py
[2026-06-18T17:36:10.850+0000] {processor.py:830} INFO - Processing file /home/airflow/.local/lib/python3.8/site-packages/airflow/example_dags/example_setup_teardown.py for tasks to queue
[2026-06-18T17:36:10.853+0000] {logging_mixin.py:188} INFO - [2026-06-18T17:36:10.852+0000] {dagbag.py:538} INFO - Filling up the DagBag from /home/airflow/.local/lib/python3.8/site-packages/airflow/example_dags/example_setup_teardown.py
[2026-06-18T17:36:10.863+0000] {processor.py:840} INFO - DAG(s) 'example_setup_teardown' retrieved from /home/airflow/.local/lib/python3.8/site-packages/airflow/example_dags/example_setup_teardown.py
[2026-06-18T17:36:10.905+0000] {logging_mixin.py:188} INFO - [2026-06-18T17:36:10.905+0000] {dag.py:3036} INFO - Sync 1 DAGs
[2026-06-18T17:36:10.952+0000] {logging_mixin.py:188} INFO - [2026-06-18T17:36:10.951+0000] {dag.py:3823} INFO - Setting next_dagrun for example_setup_teardown to 2026-06-17 00:00:00+00:00, run_after=2026-06-18 00:00:00+00:00
[2026-06-18T17:36:10.985+0000] {processor.py:183} INFO - Processing /home/airflow/.local/lib/python3.8/site-packages/airflow/example_dags/example_setup_teardown.py took 0.142 seconds
[2026-06-18T17:36:41.215+0000] {processor.py:161} INFO - Started process (PID=6137) to work on /home/airflow/.local/lib/python3.8/site-packages/airflow/example_dags/example_setup_teardown.py
[2026-06-18T17:36:41.217+0000] {processor.py:830} INFO - Processing file /home/airflow/.local/lib/python3.8/site-packages/airflow/example_dags/example_setup_teardown.py for tasks to queue
[2026-06-18T17:36:41.219+0000] {logging_mixin.py:188} INFO - [2026-06-18T17:36:41.219+0000] {dagbag.py:538} INFO - Filling up the DagBag from /home/airflow/.local/lib/python3.8/site-packages/airflow/example_dags/example_setup_teardown.py
[2026-06-18T17:36:41.230+0000] {processor.py:840} INFO - DAG(s) 'example_setup_teardown' retrieved from /home/airflow/.local/lib/python3.8/site-packages/airflow/example_dags/example_setup_teardown.py
[2026-06-18T17:36:41.268+0000] {logging_mixin.py:188} INFO - [2026-06-18T17:36:41.268+0000] {dag.py:3036} INFO - Sync 1 DAGs
[2026-06-18T17:36:41.304+0000] {logging_mixin.py:188} INFO - [2026-06-18T17:36:41.303+0000] {dag.py:3823} INFO - Setting next_dagrun for example_setup_teardown to 2026-06-17 00:00:00+00:00, run_after=2026-06-18 00:00:00+00:00
[2026-06-18T17:36:41.333+0000] {processor.py:183} INFO - Processing /home/airflow/.local/lib/python3.8/site-packages/airflow/example_dags/example_setup_teardown.py took 0.123 seconds
[2026-06-18T17:37:11.482+0000] {processor.py:161} INFO - Started process (PID=6203) to work on /home/airflow/.local/lib/python3.8/site-packages/airflow/example_dags/example_setup_teardown.py
[2026-06-18T17:37:11.484+0000] {processor.py:830} INFO - Processing file /home/airflow/.local/lib/python3.8/site-packages/airflow/example_dags/example_setup_teardown.py for tasks to queue
[2026-06-18T17:37:11.486+0000] {logging_mixin.py:188} INFO - [2026-06-18T17:37:11.486+0000] {dagbag.py:538} INFO - Filling up the DagBag from /home/airflow/.local/lib/python3.8/site-packages/airflow/example_dags/example_setup_teardown.py
[2026-06-18T17:37:11.495+0000] {processor.py:840} INFO - DAG(s) 'example_setup_teardown' retrieved from /home/airflow/.local/lib/python3.8/site-packages/airflow/example_dags/example_setup_teardown.py
[2026-06-18T17:37:11.532+0000] {logging_mixin.py:188} INFO - [2026-06-18T17:37:11.532+0000] {dag.py:3036} INFO - Sync 1 DAGs
[2026-06-18T17:37:11.569+0000] {logging_mixin.py:188} INFO - [2026-06-18T17:37:11.569+0000] {dag.py:3823} INFO - Setting next_dagrun for example_setup_teardown to 2026-06-17 00:00:00+00:00, run_after=2026-06-18 00:00:00+00:00
[2026-06-18T17:37:11.599+0000] {processor.py:183} INFO - Processing /home/airflow/.local/lib/python3.8/site-packages/airflow/example_dags/example_setup_teardown.py took 0.122 seconds
[2026-06-18T17:37:41.881+0000] {processor.py:161} INFO - Started process (PID=6268) to work on /home/airflow/.local/lib/python3.8/site-packages/airflow/example_dags/example_setup_teardown.py
[2026-06-18T17:37:41.883+0000] {processor.py:830} INFO - Processing file /home/airflow/.local/lib/python3.8/site-packages/airflow/example_dags/example_setup_teardown.py for tasks to queue
[2026-06-18T17:37:41.886+0000] {logging_mixin.py:188} INFO - [2026-06-18T17:37:41.885+0000] {dagbag.py:538} INFO - Filling up the DagBag from /home/airflow/.local/lib/python3.8/site-packages/airflow/example_dags/example_setup_teardown.py
[2026-06-18T17:37:41.898+0000] {processor.py:840} INFO - DAG(s) 'example_setup_teardown' retrieved from /home/airflow/.local/lib/python3.8/site-packages/airflow/example_dags/example_setup_teardown.py
[2026-06-18T17:37:41.940+0000] {logging_mixin.py:188} INFO - [2026-06-18T17:37:41.940+0000] {dag.py:3036} INFO - Sync 1 DAGs
[2026-06-18T17:37:41.986+0000] {logging_mixin.py:188} INFO - [2026-06-18T17:37:41.985+0000] {dag.py:3823} INFO - Setting next_dagrun for example_setup_teardown to 2026-06-17 00:00:00+00:00, run_after=2026-06-18 00:00:00+00:00
[2026-06-18T17:37:42.022+0000] {processor.py:183} INFO - Processing /home/airflow/.local/lib/python3.8/site-packages/airflow/example_dags/example_setup_teardown.py took 0.147 seconds
[2026-06-18T17:38:12.944+0000] {processor.py:161} INFO - Started process (PID=6333) to work on /home/airflow/.local/lib/python3.8/site-packages/airflow/example_dags/example_setup_teardown.py
[2026-06-18T17:38:12.945+0000] {processor.py:830} INFO - Processing file /home/airflow/.local/lib/python3.8/site-packages/airflow/example_dags/example_setup_teardown.py for tasks to queue
[2026-06-18T17:38:12.953+0000] {logging_mixin.py:188} INFO - [2026-06-18T17:38:12.952+0000] {dagbag.py:538} INFO - Filling up the DagBag from /home/airflow/.local/lib/python3.8/site-packages/airflow/example_dags/example_setup_teardown.py
[2026-06-18T17:38:12.973+0000] {processor.py:840} INFO - DAG(s) 'example_setup_teardown' retrieved from /home/airflow/.local/lib/python3.8/site-packages/airflow/example_dags/example_setup_teardown.py
[2026-06-18T17:38:13.018+0000] {logging_mixin.py:188} INFO - [2026-06-18T17:38:13.018+0000] {dag.py:3036} INFO - Sync 1 DAGs
[2026-06-18T17:38:13.064+0000] {logging_mixin.py:188} INFO - [2026-06-18T17:38:13.064+0000] {dag.py:3823} INFO - Setting next_dagrun for example_setup_teardown to 2026-06-17 00:00:00+00:00, run_after=2026-06-18 00:00:00+00:00
[2026-06-18T17:38:13.100+0000] {processor.py:183} INFO - Processing /home/airflow/.local/lib/python3.8/site-packages/airflow/example_dags/example_setup_teardown.py took 0.173 seconds
[2026-06-18T17:38:44.292+0000] {processor.py:161} INFO - Started process (PID=6406) to work on /home/airflow/.local/lib/python3.8/site-packages/airflow/example_dags/example_setup_teardown.py
[2026-06-18T17:38:44.295+0000] {processor.py:830} INFO - Processing file /home/airflow/.local/lib/python3.8/site-packages/airflow/example_dags/example_setup_teardown.py for tasks to queue
[2026-06-18T17:38:44.298+0000] {logging_mixin.py:188} INFO - [2026-06-18T17:38:44.298+0000] {dagbag.py:538} INFO - Filling up the DagBag from /home/airflow/.local/lib/python3.8/site-packages/airflow/example_dags/example_setup_teardown.py
[2026-06-18T17:38:44.311+0000] {processor.py:840} INFO - DAG(s) 'example_setup_teardown' retrieved from /home/airflow/.local/lib/python3.8/site-packages/airflow/example_dags/example_setup_teardown.py
[2026-06-18T17:38:44.358+0000] {logging_mixin.py:188} INFO - [2026-06-18T17:38:44.358+0000] {dag.py:3036} INFO - Sync 1 DAGs
[2026-06-18T17:38:44.403+0000] {logging_mixin.py:188} INFO - [2026-06-18T17:38:44.402+0000] {dag.py:3823} INFO - Setting next_dagrun for example_setup_teardown to 2026-06-17 00:00:00+00:00, run_after=2026-06-18 00:00:00+00:00
[2026-06-18T17:38:44.433+0000] {processor.py:183} INFO - Processing /home/airflow/.local/lib/python3.8/site-packages/airflow/example_dags/example_setup_teardown.py took 0.149 seconds
[2026-06-18T17:39:14.908+0000] {processor.py:161} INFO - Started process (PID=6473) to work on /home/airflow/.local/lib/python3.8/site-packages/airflow/example_dags/example_setup_teardown.py
[2026-06-18T17:39:14.910+0000] {processor.py:830} INFO - Processing file /home/airflow/.local/lib/python3.8/site-packages/airflow/example_dags/example_setup_teardown.py for tasks to queue
[2026-06-18T17:39:14.913+0000] {logging_mixin.py:188} INFO - [2026-06-18T17:39:14.913+0000] {dagbag.py:538} INFO - Filling up the DagBag from /home/airflow/.local/lib/python3.8/site-packages/airflow/example_dags/example_setup_teardown.py
[2026-06-18T17:39:14.926+0000] {processor.py:840} INFO - DAG(s) 'example_setup_teardown' retrieved from /home/airflow/.local/lib/python3.8/site-packages/airflow/example_dags/example_setup_teardown.py
[2026-06-18T17:39:14.973+0000] {logging_mixin.py:188} INFO - [2026-06-18T17:39:14.973+0000] {dag.py:3036} INFO - Sync 1 DAGs
[2026-06-18T17:39:15.039+0000] {logging_mixin.py:188} INFO - [2026-06-18T17:39:15.038+0000] {dag.py:3823} INFO - Setting next_dagrun for example_setup_teardown to 2026-06-17 00:00:00+00:00, run_after=2026-06-18 00:00:00+00:00
[2026-06-18T17:39:15.075+0000] {processor.py:183} INFO - Processing /home/airflow/.local/lib/python3.8/site-packages/airflow/example_dags/example_setup_teardown.py took 0.174 seconds
[2026-06-18T17:39:45.603+0000] {processor.py:161} INFO - Started process (PID=6539) to work on /home/airflow/.local/lib/python3.8/site-packages/airflow/example_dags/example_setup_teardown.py
[2026-06-18T17:39:45.605+0000] {processor.py:830} INFO - Processing file /home/airflow/.local/lib/python3.8/site-packages/airflow/example_dags/example_setup_teardown.py for tasks to queue
[2026-06-18T17:39:45.608+0000] {logging_mixin.py:188} INFO - [2026-06-18T17:39:45.607+0000] {dagbag.py:538} INFO - Filling up the DagBag from /home/airflow/.local/lib/python3.8/site-packages/airflow/example_dags/example_setup_teardown.py
[2026-06-18T17:39:45.620+0000] {processor.py:840} INFO - DAG(s) 'example_setup_teardown' retrieved from /home/airflow/.local/lib/python3.8/site-packages/airflow/example_dags/example_setup_teardown.py
[2026-06-18T17:39:45.664+0000] {logging_mixin.py:188} INFO - [2026-06-18T17:39:45.664+0000] {dag.py:3036} INFO - Sync 1 DAGs
[2026-06-18T17:39:45.711+0000] {logging_mixin.py:188} INFO - [2026-06-18T17:39:45.710+0000] {dag.py:3823} INFO - Setting next_dagrun for example_setup_teardown to 2026-06-17 00:00:00+00:00, run_after=2026-06-18 00:00:00+00:00
[2026-06-18T17:39:45.744+0000] {processor.py:183} INFO - Processing /home/airflow/.local/lib/python3.8/site-packages/airflow/example_dags/example_setup_teardown.py took 0.147 seconds
[2026-06-18T17:40:16.467+0000] {processor.py:161} INFO - Started process (PID=6605) to work on /home/airflow/.local/lib/python3.8/site-packages/airflow/example_dags/example_setup_teardown.py
[2026-06-18T17:40:16.469+0000] {processor.py:830} INFO - Processing file /home/airflow/.local/lib/python3.8/site-packages/airflow/example_dags/example_setup_teardown.py for tasks to queue
[2026-06-18T17:40:16.472+0000] {logging_mixin.py:188} INFO - [2026-06-18T17:40:16.472+0000] {dagbag.py:538} INFO - Filling up the DagBag from /home/airflow/.local/lib/python3.8/site-packages/airflow/example_dags/example_setup_teardown.py
[2026-06-18T17:40:16.490+0000] {processor.py:840} INFO - DAG(s) 'example_setup_teardown' retrieved from /home/airflow/.local/lib/python3.8/site-packages/airflow/example_dags/example_setup_teardown.py
[2026-06-18T17:40:16.537+0000] {logging_mixin.py:188} INFO - [2026-06-18T17:40:16.537+0000] {dag.py:3036} INFO - Sync 1 DAGs
[2026-06-18T17:40:16.580+0000] {logging_mixin.py:188} INFO - [2026-06-18T17:40:16.579+0000] {dag.py:3823} INFO - Setting next_dagrun for example_setup_teardown to 2026-06-17 00:00:00+00:00, run_after=2026-06-18 00:00:00+00:00
[2026-06-18T17:40:16.620+0000] {processor.py:183} INFO - Processing /home/airflow/.local/lib/python3.8/site-packages/airflow/example_dags/example_setup_teardown.py took 0.160 seconds
[2026-06-18T17:40:47.193+0000] {processor.py:161} INFO - Started process (PID=6671) to work on /home/airflow/.local/lib/python3.8/site-packages/airflow/example_dags/example_setup_teardown.py
[2026-06-18T17:40:47.195+0000] {processor.py:830} INFO - Processing file /home/airflow/.local/lib/python3.8/site-packages/airflow/example_dags/example_setup_teardown.py for tasks to queue
[2026-06-18T17:40:47.197+0000] {logging_mixin.py:188} INFO - [2026-06-18T17:40:47.197+0000] {dagbag.py:538} INFO - Filling up the DagBag from /home/airflow/.local/lib/python3.8/site-packages/airflow/example_dags/example_setup_teardown.py
[2026-06-18T17:40:47.207+0000] {processor.py:840} INFO - DAG(s) 'example_setup_teardown' retrieved from /home/airflow/.local/lib/python3.8/site-packages/airflow/example_dags/example_setup_teardown.py
[2026-06-18T17:40:47.244+0000] {logging_mixin.py:188} INFO - [2026-06-18T17:40:47.244+0000] {dag.py:3036} INFO - Sync 1 DAGs
[2026-06-18T17:40:47.285+0000] {logging_mixin.py:188} INFO - [2026-06-18T17:40:47.284+0000] {dag.py:3823} INFO - Setting next_dagrun for example_setup_teardown to 2026-06-17 00:00:00+00:00, run_after=2026-06-18 00:00:00+00:00
[2026-06-18T17:40:47.321+0000] {processor.py:183} INFO - Processing /home/airflow/.local/lib/python3.8/site-packages/airflow/example_dags/example_setup_teardown.py took 0.133 seconds
[2026-06-18T17:41:17.680+0000] {processor.py:161} INFO - Started process (PID=6736) to work on /home/airflow/.local/lib/python3.8/site-packages/airflow/example_dags/example_setup_teardown.py
[2026-06-18T17:41:17.682+0000] {processor.py:830} INFO - Processing file /home/airflow/.local/lib/python3.8/site-packages/airflow/example_dags/example_setup_teardown.py for tasks to queue
[2026-06-18T17:41:17.685+0000] {logging_mixin.py:188} INFO - [2026-06-18T17:41:17.684+0000] {dagbag.py:538} INFO - Filling up the DagBag from /home/airflow/.local/lib/python3.8/site-packages/airflow/example_dags/example_setup_teardown.py
[2026-06-18T17:41:17.698+0000] {processor.py:840} INFO - DAG(s) 'example_setup_teardown' retrieved from /home/airflow/.local/lib/python3.8/site-packages/airflow/example_dags/example_setup_teardown.py
[2026-06-18T17:41:17.741+0000] {logging_mixin.py:188} INFO - [2026-06-18T17:41:17.740+0000] {dag.py:3036} INFO - Sync 1 DAGs
[2026-06-18T17:41:17.783+0000] {logging_mixin.py:188} INFO - [2026-06-18T17:41:17.783+0000] {dag.py:3823} INFO - Setting next_dagrun for example_setup_teardown to 2026-06-17 00:00:00+00:00, run_after=2026-06-18 00:00:00+00:00
[2026-06-18T17:41:17.819+0000] {processor.py:183} INFO - Processing /home/airflow/.local/lib/python3.8/site-packages/airflow/example_dags/example_setup_teardown.py took 0.145 seconds
[2026-06-18T17:41:48.581+0000] {processor.py:161} INFO - Started process (PID=6801) to work on /home/airflow/.local/lib/python3.8/site-packages/airflow/example_dags/example_setup_teardown.py
[2026-06-18T17:41:48.583+0000] {processor.py:830} INFO - Processing file /home/airflow/.local/lib/python3.8/site-packages/airflow/example_dags/example_setup_teardown.py for tasks to queue
[2026-06-18T17:41:48.586+0000] {logging_mixin.py:188} INFO - [2026-06-18T17:41:48.585+0000] {dagbag.py:538} INFO - Filling up the DagBag from /home/airflow/.local/lib/python3.8/site-packages/airflow/example_dags/example_setup_teardown.py
[2026-06-18T17:41:48.599+0000] {processor.py:840} INFO - DAG(s) 'example_setup_teardown' retrieved from /home/airflow/.local/lib/python3.8/site-packages/airflow/example_dags/example_setup_teardown.py
[2026-06-18T17:41:48.645+0000] {logging_mixin.py:188} INFO - [2026-06-18T17:41:48.645+0000] {dag.py:3036} INFO - Sync 1 DAGs
[2026-06-18T17:41:48.693+0000] {logging_mixin.py:188} INFO - [2026-06-18T17:41:48.693+0000] {dag.py:3823} INFO - Setting next_dagrun for example_setup_teardown to 2026-06-17 00:00:00+00:00, run_after=2026-06-18 00:00:00+00:00
[2026-06-18T17:41:48.734+0000] {processor.py:183} INFO - Processing /home/airflow/.local/lib/python3.8/site-packages/airflow/example_dags/example_setup_teardown.py took 0.159 seconds
[2026-06-18T17:42:19.078+0000] {processor.py:161} INFO - Started process (PID=6867) to work on /home/airflow/.local/lib/python3.8/site-packages/airflow/example_dags/example_setup_teardown.py
[2026-06-18T17:42:19.080+0000] {processor.py:830} INFO - Processing file /home/airflow/.local/lib/python3.8/site-packages/airflow/example_dags/example_setup_teardown.py for tasks to queue
[2026-06-18T17:42:19.083+0000] {logging_mixin.py:188} INFO - [2026-06-18T17:42:19.083+0000] {dagbag.py:538} INFO - Filling up the DagBag from /home/airflow/.local/lib/python3.8/site-packages/airflow/example_dags/example_setup_teardown.py
[2026-06-18T17:42:19.094+0000] {processor.py:840} INFO - DAG(s) 'example_setup_teardown' retrieved from /home/airflow/.local/lib/python3.8/site-packages/airflow/example_dags/example_setup_teardown.py
[2026-06-18T17:42:19.137+0000] {logging_mixin.py:188} INFO - [2026-06-18T17:42:19.137+0000] {dag.py:3036} INFO - Sync 1 DAGs
[2026-06-18T17:42:19.180+0000] {logging_mixin.py:188} INFO - [2026-06-18T17:42:19.179+0000] {dag.py:3823} INFO - Setting next_dagrun for example_setup_teardown to 2026-06-17 00:00:00+00:00, run_after=2026-06-18 00:00:00+00:00
[2026-06-18T17:42:19.212+0000] {processor.py:183} INFO - Processing /home/airflow/.local/lib/python3.8/site-packages/airflow/example_dags/example_setup_teardown.py took 0.138 seconds
[2026-06-18T17:42:49.423+0000] {processor.py:161} INFO - Started process (PID=6932) to work on /home/airflow/.local/lib/python3.8/site-packages/airflow/example_dags/example_setup_teardown.py
[2026-06-18T17:42:49.424+0000] {processor.py:830} INFO - Processing file /home/airflow/.local/lib/python3.8/site-packages/airflow/example_dags/example_setup_teardown.py for tasks to queue
[2026-06-18T17:42:49.427+0000] {logging_mixin.py:188} INFO - [2026-06-18T17:42:49.427+0000] {dagbag.py:538} INFO - Filling up the DagBag from /home/airflow/.local/lib/python3.8/site-packages/airflow/example_dags/example_setup_teardown.py
[2026-06-18T17:42:49.439+0000] {processor.py:840} INFO - DAG(s) 'example_setup_teardown' retrieved from /home/airflow/.local/lib/python3.8/site-packages/airflow/example_dags/example_setup_teardown.py
[2026-06-18T17:42:49.480+0000] {logging_mixin.py:188} INFO - [2026-06-18T17:42:49.480+0000] {dag.py:3036} INFO - Sync 1 DAGs
[2026-06-18T17:42:49.524+0000] {logging_mixin.py:188} INFO - [2026-06-18T17:42:49.524+0000] {dag.py:3823} INFO - Setting next_dagrun for example_setup_teardown to 2026-06-17 00:00:00+00:00, run_after=2026-06-18 00:00:00+00:00
[2026-06-18T17:42:49.557+0000] {processor.py:183} INFO - Processing /home/airflow/.local/lib/python3.8/site-packages/airflow/example_dags/example_setup_teardown.py took 0.139 seconds
[2026-06-18T17:43:19.932+0000] {processor.py:161} INFO - Started process (PID=6999) to work on /home/airflow/.local/lib/python3.8/site-packages/airflow/example_dags/example_setup_teardown.py
[2026-06-18T17:43:19.934+0000] {processor.py:830} INFO - Processing file /home/airflow/.local/lib/python3.8/site-packages/airflow/example_dags/example_setup_teardown.py for tasks to queue
[2026-06-18T17:43:19.937+0000] {logging_mixin.py:188} INFO - [2026-06-18T17:43:19.936+0000] {dagbag.py:538} INFO - Filling up the DagBag from /home/airflow/.local/lib/python3.8/site-packages/airflow/example_dags/example_setup_teardown.py
[2026-06-18T17:43:19.947+0000] {processor.py:840} INFO - DAG(s) 'example_setup_teardown' retrieved from /home/airflow/.local/lib/python3.8/site-packages/airflow/example_dags/example_setup_teardown.py
[2026-06-18T17:43:19.984+0000] {logging_mixin.py:188} INFO - [2026-06-18T17:43:19.984+0000] {dag.py:3036} INFO - Sync 1 DAGs
[2026-06-18T17:43:20.022+0000] {logging_mixin.py:188} INFO - [2026-06-18T17:43:20.022+0000] {dag.py:3823} INFO - Setting next_dagrun for example_setup_teardown to 2026-06-17 00:00:00+00:00, run_after=2026-06-18 00:00:00+00:00
[2026-06-18T17:43:20.054+0000] {processor.py:183} INFO - Processing /home/airflow/.local/lib/python3.8/site-packages/airflow/example_dags/example_setup_teardown.py took 0.127 seconds
[2026-06-18T17:43:50.196+0000] {processor.py:161} INFO - Started process (PID=7064) to work on /home/airflow/.local/lib/python3.8/site-packages/airflow/example_dags/example_setup_teardown.py
[2026-06-18T17:43:50.198+0000] {processor.py:830} INFO - Processing file /home/airflow/.local/lib/python3.8/site-packages/airflow/example_dags/example_setup_teardown.py for tasks to queue
[2026-06-18T17:43:50.200+0000] {logging_mixin.py:188} INFO - [2026-06-18T17:43:50.200+0000] {dagbag.py:538} INFO - Filling up the DagBag from /home/airflow/.local/lib/python3.8/site-packages/airflow/example_dags/example_setup_teardown.py
[2026-06-18T17:43:50.210+0000] {processor.py:840} INFO - DAG(s) 'example_setup_teardown' retrieved from /home/airflow/.local/lib/python3.8/site-packages/airflow/example_dags/example_setup_teardown.py
[2026-06-18T17:43:50.252+0000] {logging_mixin.py:188} INFO - [2026-06-18T17:43:50.252+0000] {dag.py:3036} INFO - Sync 1 DAGs
[2026-06-18T17:43:50.293+0000] {logging_mixin.py:188} INFO - [2026-06-18T17:43:50.293+0000] {dag.py:3823} INFO - Setting next_dagrun for example_setup_teardown to 2026-06-17 00:00:00+00:00, run_after=2026-06-18 00:00:00+00:00
[2026-06-18T17:43:50.326+0000] {processor.py:183} INFO - Processing /home/airflow/.local/lib/python3.8/site-packages/airflow/example_dags/example_setup_teardown.py took 0.135 seconds
[2026-06-18T17:44:20.960+0000] {processor.py:161} INFO - Started process (PID=7130) to work on /home/airflow/.local/lib/python3.8/site-packages/airflow/example_dags/example_setup_teardown.py
[2026-06-18T17:44:20.963+0000] {processor.py:830} INFO - Processing file /home/airflow/.local/lib/python3.8/site-packages/airflow/example_dags/example_setup_teardown.py for tasks to queue
[2026-06-18T17:44:20.967+0000] {logging_mixin.py:188} INFO - [2026-06-18T17:44:20.967+0000] {dagbag.py:538} INFO - Filling up the DagBag from /home/airflow/.local/lib/python3.8/site-packages/airflow/example_dags/example_setup_teardown.py
[2026-06-18T17:44:20.978+0000] {processor.py:840} INFO - DAG(s) 'example_setup_teardown' retrieved from /home/airflow/.local/lib/python3.8/site-packages/airflow/example_dags/example_setup_teardown.py
[2026-06-18T17:44:21.024+0000] {logging_mixin.py:188} INFO - [2026-06-18T17:44:21.023+0000] {dag.py:3036} INFO - Sync 1 DAGs
[2026-06-18T17:44:21.067+0000] {logging_mixin.py:188} INFO - [2026-06-18T17:44:21.067+0000] {dag.py:3823} INFO - Setting next_dagrun for example_setup_teardown to 2026-06-17 00:00:00+00:00, run_after=2026-06-18 00:00:00+00:00
[2026-06-18T17:44:21.097+0000] {processor.py:183} INFO - Processing /home/airflow/.local/lib/python3.8/site-packages/airflow/example_dags/example_setup_teardown.py took 0.144 seconds
[2026-06-18T17:44:51.453+0000] {processor.py:161} INFO - Started process (PID=7194) to work on /home/airflow/.local/lib/python3.8/site-packages/airflow/example_dags/example_setup_teardown.py
[2026-06-18T17:44:51.455+0000] {processor.py:830} INFO - Processing file /home/airflow/.local/lib/python3.8/site-packages/airflow/example_dags/example_setup_teardown.py for tasks to queue
[2026-06-18T17:44:51.457+0000] {logging_mixin.py:188} INFO - [2026-06-18T17:44:51.457+0000] {dagbag.py:538} INFO - Filling up the DagBag from /home/airflow/.local/lib/python3.8/site-packages/airflow/example_dags/example_setup_teardown.py
[2026-06-18T17:44:51.467+0000] {processor.py:840} INFO - DAG(s) 'example_setup_teardown' retrieved from /home/airflow/.local/lib/python3.8/site-packages/airflow/example_dags/example_setup_teardown.py
[2026-06-18T17:44:51.503+0000] {logging_mixin.py:188} INFO - [2026-06-18T17:44:51.502+0000] {dag.py:3036} INFO - Sync 1 DAGs
[2026-06-18T17:44:51.537+0000] {logging_mixin.py:188} INFO - [2026-06-18T17:44:51.537+0000] {dag.py:3823} INFO - Setting next_dagrun for example_setup_teardown to 2026-06-17 00:00:00+00:00, run_after=2026-06-18 00:00:00+00:00
[2026-06-18T17:44:51.564+0000] {processor.py:183} INFO - Processing /home/airflow/.local/lib/python3.8/site-packages/airflow/example_dags/example_setup_teardown.py took 0.116 seconds
[2026-06-18T17:45:22.202+0000] {processor.py:161} INFO - Started process (PID=7260) to work on /home/airflow/.local/lib/python3.8/site-packages/airflow/example_dags/example_setup_teardown.py
[2026-06-18T17:45:22.204+0000] {processor.py:830} INFO - Processing file /home/airflow/.local/lib/python3.8/site-packages/airflow/example_dags/example_setup_teardown.py for tasks to queue
[2026-06-18T17:45:22.207+0000] {logging_mixin.py:188} INFO - [2026-06-18T17:45:22.207+0000] {dagbag.py:538} INFO - Filling up the DagBag from /home/airflow/.local/lib/python3.8/site-packages/airflow/example_dags/example_setup_teardown.py
[2026-06-18T17:45:22.220+0000] {processor.py:840} INFO - DAG(s) 'example_setup_teardown' retrieved from /home/airflow/.local/lib/python3.8/site-packages/airflow/example_dags/example_setup_teardown.py
[2026-06-18T17:45:22.265+0000] {logging_mixin.py:188} INFO - [2026-06-18T17:45:22.265+0000] {dag.py:3036} INFO - Sync 1 DAGs
[2026-06-18T17:45:22.312+0000] {logging_mixin.py:188} INFO - [2026-06-18T17:45:22.311+0000] {dag.py:3823} INFO - Setting next_dagrun for example_setup_teardown to 2026-06-17 00:00:00+00:00, run_after=2026-06-18 00:00:00+00:00
[2026-06-18T17:45:22.359+0000] {processor.py:183} INFO - Processing /home/airflow/.local/lib/python3.8/site-packages/airflow/example_dags/example_setup_teardown.py took 0.162 seconds
[2026-06-18T17:45:52.431+0000] {processor.py:161} INFO - Started process (PID=7326) to work on /home/airflow/.local/lib/python3.8/site-packages/airflow/example_dags/example_setup_teardown.py
[2026-06-18T17:45:52.432+0000] {processor.py:830} INFO - Processing file /home/airflow/.local/lib/python3.8/site-packages/airflow/example_dags/example_setup_teardown.py for tasks to queue
[2026-06-18T17:45:52.435+0000] {logging_mixin.py:188} INFO - [2026-06-18T17:45:52.434+0000] {dagbag.py:538} INFO - Filling up the DagBag from /home/airflow/.local/lib/python3.8/site-packages/airflow/example_dags/example_setup_teardown.py
[2026-06-18T17:45:52.445+0000] {processor.py:840} INFO - DAG(s) 'example_setup_teardown' retrieved from /home/airflow/.local/lib/python3.8/site-packages/airflow/example_dags/example_setup_teardown.py
[2026-06-18T17:45:52.487+0000] {logging_mixin.py:188} INFO - [2026-06-18T17:45:52.487+0000] {dag.py:3036} INFO - Sync 1 DAGs
[2026-06-18T17:45:52.528+0000] {logging_mixin.py:188} INFO - [2026-06-18T17:45:52.528+0000] {dag.py:3823} INFO - Setting next_dagrun for example_setup_teardown to 2026-06-17 00:00:00+00:00, run_after=2026-06-18 00:00:00+00:00
[2026-06-18T17:45:52.564+0000] {processor.py:183} INFO - Processing /home/airflow/.local/lib/python3.8/site-packages/airflow/example_dags/example_setup_teardown.py took 0.138 seconds
[2026-06-18T17:46:23.213+0000] {processor.py:161} INFO - Started process (PID=7400) to work on /home/airflow/.local/lib/python3.8/site-packages/airflow/example_dags/example_setup_teardown.py
[2026-06-18T17:46:23.215+0000] {processor.py:830} INFO - Processing file /home/airflow/.local/lib/python3.8/site-packages/airflow/example_dags/example_setup_teardown.py for tasks to queue
[2026-06-18T17:46:23.218+0000] {logging_mixin.py:188} INFO - [2026-06-18T17:46:23.217+0000] {dagbag.py:538} INFO - Filling up the DagBag from /home/airflow/.local/lib/python3.8/site-packages/airflow/example_dags/example_setup_teardown.py
[2026-06-18T17:46:23.231+0000] {processor.py:840} INFO - DAG(s) 'example_setup_teardown' retrieved from /home/airflow/.local/lib/python3.8/site-packages/airflow/example_dags/example_setup_teardown.py
[2026-06-18T17:46:23.285+0000] {logging_mixin.py:188} INFO - [2026-06-18T17:46:23.284+0000] {dag.py:3036} INFO - Sync 1 DAGs
[2026-06-18T17:46:23.332+0000] {logging_mixin.py:188} INFO - [2026-06-18T17:46:23.332+0000] {dag.py:3823} INFO - Setting next_dagrun for example_setup_teardown to 2026-06-17 00:00:00+00:00, run_after=2026-06-18 00:00:00+00:00
[2026-06-18T17:46:23.371+0000] {processor.py:183} INFO - Processing /home/airflow/.local/lib/python3.8/site-packages/airflow/example_dags/example_setup_teardown.py took 0.165 seconds
[2026-06-18T17:46:53.646+0000] {processor.py:161} INFO - Started process (PID=7466) to work on /home/airflow/.local/lib/python3.8/site-packages/airflow/example_dags/example_setup_teardown.py
[2026-06-18T17:46:53.648+0000] {processor.py:830} INFO - Processing file /home/airflow/.local/lib/python3.8/site-packages/airflow/example_dags/example_setup_teardown.py for tasks to queue
[2026-06-18T17:46:53.651+0000] {logging_mixin.py:188} INFO - [2026-06-18T17:46:53.650+0000] {dagbag.py:538} INFO - Filling up the DagBag from /home/airflow/.local/lib/python3.8/site-packages/airflow/example_dags/example_setup_teardown.py
[2026-06-18T17:46:53.663+0000] {processor.py:840} INFO - DAG(s) 'example_setup_teardown' retrieved from /home/airflow/.local/lib/python3.8/site-packages/airflow/example_dags/example_setup_teardown.py
[2026-06-18T17:46:53.711+0000] {logging_mixin.py:188} INFO - [2026-06-18T17:46:53.710+0000] {dag.py:3036} INFO - Sync 1 DAGs
[2026-06-18T17:46:53.757+0000] {logging_mixin.py:188} INFO - [2026-06-18T17:46:53.756+0000] {dag.py:3823} INFO - Setting next_dagrun for example_setup_teardown to 2026-06-17 00:00:00+00:00, run_after=2026-06-18 00:00:00+00:00
[2026-06-18T17:46:53.799+0000] {processor.py:183} INFO - Processing /home/airflow/.local/lib/python3.8/site-packages/airflow/example_dags/example_setup_teardown.py took 0.158 seconds
[2026-06-18T17:47:24.418+0000] {processor.py:161} INFO - Started process (PID=7533) to work on /home/airflow/.local/lib/python3.8/site-packages/airflow/example_dags/example_setup_teardown.py
[2026-06-18T17:47:24.422+0000] {processor.py:830} INFO - Processing file /home/airflow/.local/lib/python3.8/site-packages/airflow/example_dags/example_setup_teardown.py for tasks to queue
[2026-06-18T17:47:24.425+0000] {logging_mixin.py:188} INFO - [2026-06-18T17:47:24.424+0000] {dagbag.py:538} INFO - Filling up the DagBag from /home/airflow/.local/lib/python3.8/site-packages/airflow/example_dags/example_setup_teardown.py
[2026-06-18T17:47:24.436+0000] {processor.py:840} INFO - DAG(s) 'example_setup_teardown' retrieved from /home/airflow/.local/lib/python3.8/site-packages/airflow/example_dags/example_setup_teardown.py
[2026-06-18T17:47:24.475+0000] {logging_mixin.py:188} INFO - [2026-06-18T17:47:24.475+0000] {dag.py:3036} INFO - Sync 1 DAGs
[2026-06-18T17:47:24.514+0000] {logging_mixin.py:188} INFO - [2026-06-18T17:47:24.514+0000] {dag.py:3823} INFO - Setting next_dagrun for example_setup_teardown to 2026-06-17 00:00:00+00:00, run_after=2026-06-18 00:00:00+00:00
[2026-06-18T17:47:24.548+0000] {processor.py:183} INFO - Processing /home/airflow/.local/lib/python3.8/site-packages/airflow/example_dags/example_setup_teardown.py took 0.137 seconds
[2026-06-18T17:47:54.910+0000] {processor.py:161} INFO - Started process (PID=7600) to work on /home/airflow/.local/lib/python3.8/site-packages/airflow/example_dags/example_setup_teardown.py
[2026-06-18T17:47:54.912+0000] {processor.py:830} INFO - Processing file /home/airflow/.local/lib/python3.8/site-packages/airflow/example_dags/example_setup_teardown.py for tasks to queue
[2026-06-18T17:47:54.915+0000] {logging_mixin.py:188} INFO - [2026-06-18T17:47:54.914+0000] {dagbag.py:538} INFO - Filling up the DagBag from /home/airflow/.local/lib/python3.8/site-packages/airflow/example_dags/example_setup_teardown.py
[2026-06-18T17:47:54.929+0000] {processor.py:840} INFO - DAG(s) 'example_setup_teardown' retrieved from /home/airflow/.local/lib/python3.8/site-packages/airflow/example_dags/example_setup_teardown.py
[2026-06-18T17:47:54.985+0000] {logging_mixin.py:188} INFO - [2026-06-18T17:47:54.985+0000] {dag.py:3036} INFO - Sync 1 DAGs
[2026-06-18T17:47:55.030+0000] {logging_mixin.py:188} INFO - [2026-06-18T17:47:55.029+0000] {dag.py:3823} INFO - Setting next_dagrun for example_setup_teardown to 2026-06-17 00:00:00+00:00, run_after=2026-06-18 00:00:00+00:00
[2026-06-18T17:47:55.065+0000] {processor.py:183} INFO - Processing /home/airflow/.local/lib/python3.8/site-packages/airflow/example_dags/example_setup_teardown.py took 0.167 seconds
[2026-06-18T17:48:25.680+0000] {processor.py:161} INFO - Started process (PID=7665) to work on /home/airflow/.local/lib/python3.8/site-packages/airflow/example_dags/example_setup_teardown.py
[2026-06-18T17:48:25.683+0000] {processor.py:830} INFO - Processing file /home/airflow/.local/lib/python3.8/site-packages/airflow/example_dags/example_setup_teardown.py for tasks to queue
[2026-06-18T17:48:25.687+0000] {logging_mixin.py:188} INFO - [2026-06-18T17:48:25.686+0000] {dagbag.py:538} INFO - Filling up the DagBag from /home/airflow/.local/lib/python3.8/site-packages/airflow/example_dags/example_setup_teardown.py
[2026-06-18T17:48:25.697+0000] {processor.py:840} INFO - DAG(s) 'example_setup_teardown' retrieved from /home/airflow/.local/lib/python3.8/site-packages/airflow/example_dags/example_setup_teardown.py
[2026-06-18T17:48:25.738+0000] {logging_mixin.py:188} INFO - [2026-06-18T17:48:25.737+0000] {dag.py:3036} INFO - Sync 1 DAGs
[2026-06-18T17:48:25.773+0000] {logging_mixin.py:188} INFO - [2026-06-18T17:48:25.772+0000] {dag.py:3823} INFO - Setting next_dagrun for example_setup_teardown to 2026-06-17 00:00:00+00:00, run_after=2026-06-18 00:00:00+00:00
[2026-06-18T17:48:25.810+0000] {processor.py:183} INFO - Processing /home/airflow/.local/lib/python3.8/site-packages/airflow/example_dags/example_setup_teardown.py took 0.136 seconds
[2026-06-18T17:48:56.290+0000] {processor.py:161} INFO - Started process (PID=7732) to work on /home/airflow/.local/lib/python3.8/site-packages/airflow/example_dags/example_setup_teardown.py
[2026-06-18T17:48:56.292+0000] {processor.py:830} INFO - Processing file /home/airflow/.local/lib/python3.8/site-packages/airflow/example_dags/example_setup_teardown.py for tasks to queue
[2026-06-18T17:48:56.294+0000] {logging_mixin.py:188} INFO - [2026-06-18T17:48:56.294+0000] {dagbag.py:538} INFO - Filling up the DagBag from /home/airflow/.local/lib/python3.8/site-packages/airflow/example_dags/example_setup_teardown.py
[2026-06-18T17:48:56.305+0000] {processor.py:840} INFO - DAG(s) 'example_setup_teardown' retrieved from /home/airflow/.local/lib/python3.8/site-packages/airflow/example_dags/example_setup_teardown.py
[2026-06-18T17:48:56.340+0000] {logging_mixin.py:188} INFO - [2026-06-18T17:48:56.340+0000] {dag.py:3036} INFO - Sync 1 DAGs
[2026-06-18T17:48:56.377+0000] {logging_mixin.py:188} INFO - [2026-06-18T17:48:56.377+0000] {dag.py:3823} INFO - Setting next_dagrun for example_setup_teardown to 2026-06-17 00:00:00+00:00, run_after=2026-06-18 00:00:00+00:00
[2026-06-18T17:48:56.408+0000] {processor.py:183} INFO - Processing /home/airflow/.local/lib/python3.8/site-packages/airflow/example_dags/example_setup_teardown.py took 0.123 seconds
[2026-06-18T17:49:26.577+0000] {processor.py:161} INFO - Started process (PID=7797) to work on /home/airflow/.local/lib/python3.8/site-packages/airflow/example_dags/example_setup_teardown.py
[2026-06-18T17:49:26.578+0000] {processor.py:830} INFO - Processing file /home/airflow/.local/lib/python3.8/site-packages/airflow/example_dags/example_setup_teardown.py for tasks to queue
[2026-06-18T17:49:26.581+0000] {logging_mixin.py:188} INFO - [2026-06-18T17:49:26.580+0000] {dagbag.py:538} INFO - Filling up the DagBag from /home/airflow/.local/lib/python3.8/site-packages/airflow/example_dags/example_setup_teardown.py
[2026-06-18T17:49:26.590+0000] {processor.py:840} INFO - DAG(s) 'example_setup_teardown' retrieved from /home/airflow/.local/lib/python3.8/site-packages/airflow/example_dags/example_setup_teardown.py
[2026-06-18T17:49:26.625+0000] {logging_mixin.py:188} INFO - [2026-06-18T17:49:26.624+0000] {dag.py:3036} INFO - Sync 1 DAGs
[2026-06-18T17:49:26.657+0000] {logging_mixin.py:188} INFO - [2026-06-18T17:49:26.657+0000] {dag.py:3823} INFO - Setting next_dagrun for example_setup_teardown to 2026-06-17 00:00:00+00:00, run_after=2026-06-18 00:00:00+00:00
[2026-06-18T17:49:26.685+0000] {processor.py:183} INFO - Processing /home/airflow/.local/lib/python3.8/site-packages/airflow/example_dags/example_setup_teardown.py took 0.113 seconds
