[2026-06-18T16:50:18.722+0000] {processor.py:161} INFO - Started process (PID=84) to work on /home/airflow/.local/lib/python3.8/site-packages/airflow/example_dags/example_trigger_target_dag.py
[2026-06-18T16:50:18.724+0000] {processor.py:830} INFO - Processing file /home/airflow/.local/lib/python3.8/site-packages/airflow/example_dags/example_trigger_target_dag.py for tasks to queue
[2026-06-18T16:50:18.726+0000] {logging_mixin.py:188} INFO - [2026-06-18T16:50:18.726+0000] {dagbag.py:538} INFO - Filling up the DagBag from /home/airflow/.local/lib/python3.8/site-packages/airflow/example_dags/example_trigger_target_dag.py
[2026-06-18T16:50:18.737+0000] {processor.py:840} INFO - DAG(s) 'example_trigger_target_dag' retrieved from /home/airflow/.local/lib/python3.8/site-packages/airflow/example_dags/example_trigger_target_dag.py
[2026-06-18T16:50:18.776+0000] {logging_mixin.py:188} INFO - [2026-06-18T16:50:18.776+0000] {dag.py:3036} INFO - Sync 1 DAGs
[2026-06-18T16:50:18.798+0000] {logging_mixin.py:188} INFO - [2026-06-18T16:50:18.798+0000] {dag.py:3823} INFO - Setting next_dagrun for example_trigger_target_dag to None, run_after=None
[2026-06-18T16:50:18.835+0000] {processor.py:183} INFO - Processing /home/airflow/.local/lib/python3.8/site-packages/airflow/example_dags/example_trigger_target_dag.py took 0.119 seconds
[2026-06-18T16:50:48.973+0000] {processor.py:161} INFO - Started process (PID=150) to work on /home/airflow/.local/lib/python3.8/site-packages/airflow/example_dags/example_trigger_target_dag.py
[2026-06-18T16:50:48.974+0000] {processor.py:830} INFO - Processing file /home/airflow/.local/lib/python3.8/site-packages/airflow/example_dags/example_trigger_target_dag.py for tasks to queue
[2026-06-18T16:50:48.976+0000] {logging_mixin.py:188} INFO - [2026-06-18T16:50:48.976+0000] {dagbag.py:538} INFO - Filling up the DagBag from /home/airflow/.local/lib/python3.8/site-packages/airflow/example_dags/example_trigger_target_dag.py
[2026-06-18T16:50:48.985+0000] {processor.py:840} INFO - DAG(s) 'example_trigger_target_dag' retrieved from /home/airflow/.local/lib/python3.8/site-packages/airflow/example_dags/example_trigger_target_dag.py
[2026-06-18T16:50:49.021+0000] {logging_mixin.py:188} INFO - [2026-06-18T16:50:49.021+0000] {dag.py:3036} INFO - Sync 1 DAGs
[2026-06-18T16:50:49.045+0000] {logging_mixin.py:188} INFO - [2026-06-18T16:50:49.044+0000] {dag.py:3823} INFO - Setting next_dagrun for example_trigger_target_dag to None, run_after=None
[2026-06-18T16:50:49.079+0000] {processor.py:183} INFO - Processing /home/airflow/.local/lib/python3.8/site-packages/airflow/example_dags/example_trigger_target_dag.py took 0.111 seconds
[2026-06-18T16:51:19.602+0000] {processor.py:161} INFO - Started process (PID=217) to work on /home/airflow/.local/lib/python3.8/site-packages/airflow/example_dags/example_trigger_target_dag.py
[2026-06-18T16:51:19.604+0000] {processor.py:830} INFO - Processing file /home/airflow/.local/lib/python3.8/site-packages/airflow/example_dags/example_trigger_target_dag.py for tasks to queue
[2026-06-18T16:51:19.607+0000] {logging_mixin.py:188} INFO - [2026-06-18T16:51:19.606+0000] {dagbag.py:538} INFO - Filling up the DagBag from /home/airflow/.local/lib/python3.8/site-packages/airflow/example_dags/example_trigger_target_dag.py
[2026-06-18T16:51:19.616+0000] {processor.py:840} INFO - DAG(s) 'example_trigger_target_dag' retrieved from /home/airflow/.local/lib/python3.8/site-packages/airflow/example_dags/example_trigger_target_dag.py
[2026-06-18T16:51:19.654+0000] {logging_mixin.py:188} INFO - [2026-06-18T16:51:19.653+0000] {dag.py:3036} INFO - Sync 1 DAGs
[2026-06-18T16:51:19.676+0000] {logging_mixin.py:188} INFO - [2026-06-18T16:51:19.676+0000] {dag.py:3823} INFO - Setting next_dagrun for example_trigger_target_dag to None, run_after=None
[2026-06-18T16:51:19.709+0000] {processor.py:183} INFO - Processing /home/airflow/.local/lib/python3.8/site-packages/airflow/example_dags/example_trigger_target_dag.py took 0.112 seconds
[2026-06-18T16:51:49.982+0000] {processor.py:161} INFO - Started process (PID=283) to work on /home/airflow/.local/lib/python3.8/site-packages/airflow/example_dags/example_trigger_target_dag.py
[2026-06-18T16:51:49.983+0000] {processor.py:830} INFO - Processing file /home/airflow/.local/lib/python3.8/site-packages/airflow/example_dags/example_trigger_target_dag.py for tasks to queue
[2026-06-18T16:51:49.986+0000] {logging_mixin.py:188} INFO - [2026-06-18T16:51:49.985+0000] {dagbag.py:538} INFO - Filling up the DagBag from /home/airflow/.local/lib/python3.8/site-packages/airflow/example_dags/example_trigger_target_dag.py
[2026-06-18T16:51:49.994+0000] {processor.py:840} INFO - DAG(s) 'example_trigger_target_dag' retrieved from /home/airflow/.local/lib/python3.8/site-packages/airflow/example_dags/example_trigger_target_dag.py
[2026-06-18T16:51:50.030+0000] {logging_mixin.py:188} INFO - [2026-06-18T16:51:50.029+0000] {dag.py:3036} INFO - Sync 1 DAGs
[2026-06-18T16:51:50.051+0000] {logging_mixin.py:188} INFO - [2026-06-18T16:51:50.050+0000] {dag.py:3823} INFO - Setting next_dagrun for example_trigger_target_dag to None, run_after=None
[2026-06-18T16:51:50.084+0000] {processor.py:183} INFO - Processing /home/airflow/.local/lib/python3.8/site-packages/airflow/example_dags/example_trigger_target_dag.py took 0.107 seconds
[2026-06-18T16:52:20.907+0000] {processor.py:161} INFO - Started process (PID=349) to work on /home/airflow/.local/lib/python3.8/site-packages/airflow/example_dags/example_trigger_target_dag.py
[2026-06-18T16:52:20.909+0000] {processor.py:830} INFO - Processing file /home/airflow/.local/lib/python3.8/site-packages/airflow/example_dags/example_trigger_target_dag.py for tasks to queue
[2026-06-18T16:52:20.911+0000] {logging_mixin.py:188} INFO - [2026-06-18T16:52:20.911+0000] {dagbag.py:538} INFO - Filling up the DagBag from /home/airflow/.local/lib/python3.8/site-packages/airflow/example_dags/example_trigger_target_dag.py
[2026-06-18T16:52:20.919+0000] {processor.py:840} INFO - DAG(s) 'example_trigger_target_dag' retrieved from /home/airflow/.local/lib/python3.8/site-packages/airflow/example_dags/example_trigger_target_dag.py
[2026-06-18T16:52:20.960+0000] {logging_mixin.py:188} INFO - [2026-06-18T16:52:20.959+0000] {dag.py:3036} INFO - Sync 1 DAGs
[2026-06-18T16:52:20.984+0000] {logging_mixin.py:188} INFO - [2026-06-18T16:52:20.983+0000] {dag.py:3823} INFO - Setting next_dagrun for example_trigger_target_dag to None, run_after=None
[2026-06-18T16:52:21.020+0000] {processor.py:183} INFO - Processing /home/airflow/.local/lib/python3.8/site-packages/airflow/example_dags/example_trigger_target_dag.py took 0.118 seconds
[2026-06-18T16:52:51.179+0000] {processor.py:161} INFO - Started process (PID=416) to work on /home/airflow/.local/lib/python3.8/site-packages/airflow/example_dags/example_trigger_target_dag.py
[2026-06-18T16:52:51.181+0000] {processor.py:830} INFO - Processing file /home/airflow/.local/lib/python3.8/site-packages/airflow/example_dags/example_trigger_target_dag.py for tasks to queue
[2026-06-18T16:52:51.184+0000] {logging_mixin.py:188} INFO - [2026-06-18T16:52:51.183+0000] {dagbag.py:538} INFO - Filling up the DagBag from /home/airflow/.local/lib/python3.8/site-packages/airflow/example_dags/example_trigger_target_dag.py
[2026-06-18T16:52:51.194+0000] {processor.py:840} INFO - DAG(s) 'example_trigger_target_dag' retrieved from /home/airflow/.local/lib/python3.8/site-packages/airflow/example_dags/example_trigger_target_dag.py
[2026-06-18T16:52:51.244+0000] {logging_mixin.py:188} INFO - [2026-06-18T16:52:51.244+0000] {dag.py:3036} INFO - Sync 1 DAGs
[2026-06-18T16:52:51.269+0000] {logging_mixin.py:188} INFO - [2026-06-18T16:52:51.269+0000] {dag.py:3823} INFO - Setting next_dagrun for example_trigger_target_dag to None, run_after=None
[2026-06-18T16:52:51.304+0000] {processor.py:183} INFO - Processing /home/airflow/.local/lib/python3.8/site-packages/airflow/example_dags/example_trigger_target_dag.py took 0.131 seconds
[2026-06-18T16:53:21.431+0000] {processor.py:161} INFO - Started process (PID=482) to work on /home/airflow/.local/lib/python3.8/site-packages/airflow/example_dags/example_trigger_target_dag.py
[2026-06-18T16:53:21.433+0000] {processor.py:830} INFO - Processing file /home/airflow/.local/lib/python3.8/site-packages/airflow/example_dags/example_trigger_target_dag.py for tasks to queue
[2026-06-18T16:53:21.436+0000] {logging_mixin.py:188} INFO - [2026-06-18T16:53:21.435+0000] {dagbag.py:538} INFO - Filling up the DagBag from /home/airflow/.local/lib/python3.8/site-packages/airflow/example_dags/example_trigger_target_dag.py
[2026-06-18T16:53:21.446+0000] {processor.py:840} INFO - DAG(s) 'example_trigger_target_dag' retrieved from /home/airflow/.local/lib/python3.8/site-packages/airflow/example_dags/example_trigger_target_dag.py
[2026-06-18T16:53:21.489+0000] {logging_mixin.py:188} INFO - [2026-06-18T16:53:21.489+0000] {dag.py:3036} INFO - Sync 1 DAGs
[2026-06-18T16:53:21.516+0000] {logging_mixin.py:188} INFO - [2026-06-18T16:53:21.515+0000] {dag.py:3823} INFO - Setting next_dagrun for example_trigger_target_dag to None, run_after=None
[2026-06-18T16:53:21.550+0000] {processor.py:183} INFO - Processing /home/airflow/.local/lib/python3.8/site-packages/airflow/example_dags/example_trigger_target_dag.py took 0.125 seconds
[2026-06-18T16:53:52.121+0000] {processor.py:161} INFO - Started process (PID=549) to work on /home/airflow/.local/lib/python3.8/site-packages/airflow/example_dags/example_trigger_target_dag.py
[2026-06-18T16:53:52.123+0000] {processor.py:830} INFO - Processing file /home/airflow/.local/lib/python3.8/site-packages/airflow/example_dags/example_trigger_target_dag.py for tasks to queue
[2026-06-18T16:53:52.125+0000] {logging_mixin.py:188} INFO - [2026-06-18T16:53:52.125+0000] {dagbag.py:538} INFO - Filling up the DagBag from /home/airflow/.local/lib/python3.8/site-packages/airflow/example_dags/example_trigger_target_dag.py
[2026-06-18T16:53:52.134+0000] {processor.py:840} INFO - DAG(s) 'example_trigger_target_dag' retrieved from /home/airflow/.local/lib/python3.8/site-packages/airflow/example_dags/example_trigger_target_dag.py
[2026-06-18T16:53:52.170+0000] {logging_mixin.py:188} INFO - [2026-06-18T16:53:52.169+0000] {dag.py:3036} INFO - Sync 1 DAGs
[2026-06-18T16:53:52.190+0000] {logging_mixin.py:188} INFO - [2026-06-18T16:53:52.190+0000] {dag.py:3823} INFO - Setting next_dagrun for example_trigger_target_dag to None, run_after=None
[2026-06-18T16:53:52.222+0000] {processor.py:183} INFO - Processing /home/airflow/.local/lib/python3.8/site-packages/airflow/example_dags/example_trigger_target_dag.py took 0.106 seconds
[2026-06-18T16:54:22.483+0000] {processor.py:161} INFO - Started process (PID=622) to work on /home/airflow/.local/lib/python3.8/site-packages/airflow/example_dags/example_trigger_target_dag.py
[2026-06-18T16:54:22.484+0000] {processor.py:830} INFO - Processing file /home/airflow/.local/lib/python3.8/site-packages/airflow/example_dags/example_trigger_target_dag.py for tasks to queue
[2026-06-18T16:54:22.487+0000] {logging_mixin.py:188} INFO - [2026-06-18T16:54:22.486+0000] {dagbag.py:538} INFO - Filling up the DagBag from /home/airflow/.local/lib/python3.8/site-packages/airflow/example_dags/example_trigger_target_dag.py
[2026-06-18T16:54:22.496+0000] {processor.py:840} INFO - DAG(s) 'example_trigger_target_dag' retrieved from /home/airflow/.local/lib/python3.8/site-packages/airflow/example_dags/example_trigger_target_dag.py
[2026-06-18T16:54:22.534+0000] {logging_mixin.py:188} INFO - [2026-06-18T16:54:22.534+0000] {dag.py:3036} INFO - Sync 1 DAGs
[2026-06-18T16:54:22.559+0000] {logging_mixin.py:188} INFO - [2026-06-18T16:54:22.559+0000] {dag.py:3823} INFO - Setting next_dagrun for example_trigger_target_dag to None, run_after=None
[2026-06-18T16:54:22.590+0000] {processor.py:183} INFO - Processing /home/airflow/.local/lib/python3.8/site-packages/airflow/example_dags/example_trigger_target_dag.py took 0.112 seconds
[2026-06-18T16:54:52.744+0000] {processor.py:161} INFO - Started process (PID=689) to work on /home/airflow/.local/lib/python3.8/site-packages/airflow/example_dags/example_trigger_target_dag.py
[2026-06-18T16:54:52.746+0000] {processor.py:830} INFO - Processing file /home/airflow/.local/lib/python3.8/site-packages/airflow/example_dags/example_trigger_target_dag.py for tasks to queue
[2026-06-18T16:54:52.748+0000] {logging_mixin.py:188} INFO - [2026-06-18T16:54:52.748+0000] {dagbag.py:538} INFO - Filling up the DagBag from /home/airflow/.local/lib/python3.8/site-packages/airflow/example_dags/example_trigger_target_dag.py
[2026-06-18T16:54:52.757+0000] {processor.py:840} INFO - DAG(s) 'example_trigger_target_dag' retrieved from /home/airflow/.local/lib/python3.8/site-packages/airflow/example_dags/example_trigger_target_dag.py
[2026-06-18T16:54:52.795+0000] {logging_mixin.py:188} INFO - [2026-06-18T16:54:52.795+0000] {dag.py:3036} INFO - Sync 1 DAGs
[2026-06-18T16:54:52.821+0000] {logging_mixin.py:188} INFO - [2026-06-18T16:54:52.820+0000] {dag.py:3823} INFO - Setting next_dagrun for example_trigger_target_dag to None, run_after=None
[2026-06-18T16:54:52.857+0000] {processor.py:183} INFO - Processing /home/airflow/.local/lib/python3.8/site-packages/airflow/example_dags/example_trigger_target_dag.py took 0.118 seconds
[2026-06-18T16:55:23.231+0000] {processor.py:161} INFO - Started process (PID=755) to work on /home/airflow/.local/lib/python3.8/site-packages/airflow/example_dags/example_trigger_target_dag.py
[2026-06-18T16:55:23.232+0000] {processor.py:830} INFO - Processing file /home/airflow/.local/lib/python3.8/site-packages/airflow/example_dags/example_trigger_target_dag.py for tasks to queue
[2026-06-18T16:55:23.236+0000] {logging_mixin.py:188} INFO - [2026-06-18T16:55:23.235+0000] {dagbag.py:538} INFO - Filling up the DagBag from /home/airflow/.local/lib/python3.8/site-packages/airflow/example_dags/example_trigger_target_dag.py
[2026-06-18T16:55:23.246+0000] {processor.py:840} INFO - DAG(s) 'example_trigger_target_dag' retrieved from /home/airflow/.local/lib/python3.8/site-packages/airflow/example_dags/example_trigger_target_dag.py
[2026-06-18T16:55:23.291+0000] {logging_mixin.py:188} INFO - [2026-06-18T16:55:23.290+0000] {dag.py:3036} INFO - Sync 1 DAGs
[2026-06-18T16:55:23.316+0000] {logging_mixin.py:188} INFO - [2026-06-18T16:55:23.315+0000] {dag.py:3823} INFO - Setting next_dagrun for example_trigger_target_dag to None, run_after=None
[2026-06-18T16:55:23.358+0000] {processor.py:183} INFO - Processing /home/airflow/.local/lib/python3.8/site-packages/airflow/example_dags/example_trigger_target_dag.py took 0.140 seconds
[2026-06-18T16:55:54.119+0000] {processor.py:161} INFO - Started process (PID=823) to work on /home/airflow/.local/lib/python3.8/site-packages/airflow/example_dags/example_trigger_target_dag.py
[2026-06-18T16:55:54.122+0000] {processor.py:830} INFO - Processing file /home/airflow/.local/lib/python3.8/site-packages/airflow/example_dags/example_trigger_target_dag.py for tasks to queue
[2026-06-18T16:55:54.135+0000] {logging_mixin.py:188} INFO - [2026-06-18T16:55:54.134+0000] {dagbag.py:538} INFO - Filling up the DagBag from /home/airflow/.local/lib/python3.8/site-packages/airflow/example_dags/example_trigger_target_dag.py
[2026-06-18T16:55:54.145+0000] {processor.py:840} INFO - DAG(s) 'example_trigger_target_dag' retrieved from /home/airflow/.local/lib/python3.8/site-packages/airflow/example_dags/example_trigger_target_dag.py
[2026-06-18T16:55:54.188+0000] {logging_mixin.py:188} INFO - [2026-06-18T16:55:54.188+0000] {dag.py:3036} INFO - Sync 1 DAGs
[2026-06-18T16:55:54.213+0000] {logging_mixin.py:188} INFO - [2026-06-18T16:55:54.212+0000] {dag.py:3823} INFO - Setting next_dagrun for example_trigger_target_dag to None, run_after=None
[2026-06-18T16:55:54.250+0000] {processor.py:183} INFO - Processing /home/airflow/.local/lib/python3.8/site-packages/airflow/example_dags/example_trigger_target_dag.py took 0.137 seconds
[2026-06-18T16:56:25.143+0000] {processor.py:161} INFO - Started process (PID=889) to work on /home/airflow/.local/lib/python3.8/site-packages/airflow/example_dags/example_trigger_target_dag.py
[2026-06-18T16:56:25.144+0000] {processor.py:830} INFO - Processing file /home/airflow/.local/lib/python3.8/site-packages/airflow/example_dags/example_trigger_target_dag.py for tasks to queue
[2026-06-18T16:56:25.146+0000] {logging_mixin.py:188} INFO - [2026-06-18T16:56:25.146+0000] {dagbag.py:538} INFO - Filling up the DagBag from /home/airflow/.local/lib/python3.8/site-packages/airflow/example_dags/example_trigger_target_dag.py
[2026-06-18T16:56:25.154+0000] {processor.py:840} INFO - DAG(s) 'example_trigger_target_dag' retrieved from /home/airflow/.local/lib/python3.8/site-packages/airflow/example_dags/example_trigger_target_dag.py
[2026-06-18T16:56:25.187+0000] {logging_mixin.py:188} INFO - [2026-06-18T16:56:25.187+0000] {dag.py:3036} INFO - Sync 1 DAGs
[2026-06-18T16:56:25.207+0000] {logging_mixin.py:188} INFO - [2026-06-18T16:56:25.207+0000] {dag.py:3823} INFO - Setting next_dagrun for example_trigger_target_dag to None, run_after=None
[2026-06-18T16:56:25.240+0000] {processor.py:183} INFO - Processing /home/airflow/.local/lib/python3.8/site-packages/airflow/example_dags/example_trigger_target_dag.py took 0.102 seconds
[2026-06-18T16:56:55.819+0000] {processor.py:161} INFO - Started process (PID=955) to work on /home/airflow/.local/lib/python3.8/site-packages/airflow/example_dags/example_trigger_target_dag.py
[2026-06-18T16:56:55.826+0000] {processor.py:830} INFO - Processing file /home/airflow/.local/lib/python3.8/site-packages/airflow/example_dags/example_trigger_target_dag.py for tasks to queue
[2026-06-18T16:56:55.834+0000] {logging_mixin.py:188} INFO - [2026-06-18T16:56:55.833+0000] {dagbag.py:538} INFO - Filling up the DagBag from /home/airflow/.local/lib/python3.8/site-packages/airflow/example_dags/example_trigger_target_dag.py
[2026-06-18T16:56:55.852+0000] {processor.py:840} INFO - DAG(s) 'example_trigger_target_dag' retrieved from /home/airflow/.local/lib/python3.8/site-packages/airflow/example_dags/example_trigger_target_dag.py
[2026-06-18T16:56:55.893+0000] {logging_mixin.py:188} INFO - [2026-06-18T16:56:55.892+0000] {dag.py:3036} INFO - Sync 1 DAGs
[2026-06-18T16:56:55.919+0000] {logging_mixin.py:188} INFO - [2026-06-18T16:56:55.919+0000] {dag.py:3823} INFO - Setting next_dagrun for example_trigger_target_dag to None, run_after=None
[2026-06-18T16:56:55.955+0000] {processor.py:183} INFO - Processing /home/airflow/.local/lib/python3.8/site-packages/airflow/example_dags/example_trigger_target_dag.py took 0.154 seconds
[2026-06-18T16:57:26.613+0000] {processor.py:161} INFO - Started process (PID=1020) to work on /home/airflow/.local/lib/python3.8/site-packages/airflow/example_dags/example_trigger_target_dag.py
[2026-06-18T16:57:26.615+0000] {processor.py:830} INFO - Processing file /home/airflow/.local/lib/python3.8/site-packages/airflow/example_dags/example_trigger_target_dag.py for tasks to queue
[2026-06-18T16:57:26.619+0000] {logging_mixin.py:188} INFO - [2026-06-18T16:57:26.618+0000] {dagbag.py:538} INFO - Filling up the DagBag from /home/airflow/.local/lib/python3.8/site-packages/airflow/example_dags/example_trigger_target_dag.py
[2026-06-18T16:57:26.629+0000] {processor.py:840} INFO - DAG(s) 'example_trigger_target_dag' retrieved from /home/airflow/.local/lib/python3.8/site-packages/airflow/example_dags/example_trigger_target_dag.py
[2026-06-18T16:57:26.671+0000] {logging_mixin.py:188} INFO - [2026-06-18T16:57:26.671+0000] {dag.py:3036} INFO - Sync 1 DAGs
[2026-06-18T16:57:26.697+0000] {logging_mixin.py:188} INFO - [2026-06-18T16:57:26.697+0000] {dag.py:3823} INFO - Setting next_dagrun for example_trigger_target_dag to None, run_after=None
[2026-06-18T16:57:26.724+0000] {processor.py:183} INFO - Processing /home/airflow/.local/lib/python3.8/site-packages/airflow/example_dags/example_trigger_target_dag.py took 0.131 seconds
[2026-06-18T16:57:57.326+0000] {processor.py:161} INFO - Started process (PID=1085) to work on /home/airflow/.local/lib/python3.8/site-packages/airflow/example_dags/example_trigger_target_dag.py
[2026-06-18T16:57:57.328+0000] {processor.py:830} INFO - Processing file /home/airflow/.local/lib/python3.8/site-packages/airflow/example_dags/example_trigger_target_dag.py for tasks to queue
[2026-06-18T16:57:57.331+0000] {logging_mixin.py:188} INFO - [2026-06-18T16:57:57.330+0000] {dagbag.py:538} INFO - Filling up the DagBag from /home/airflow/.local/lib/python3.8/site-packages/airflow/example_dags/example_trigger_target_dag.py
[2026-06-18T16:57:57.341+0000] {processor.py:840} INFO - DAG(s) 'example_trigger_target_dag' retrieved from /home/airflow/.local/lib/python3.8/site-packages/airflow/example_dags/example_trigger_target_dag.py
[2026-06-18T16:57:57.380+0000] {logging_mixin.py:188} INFO - [2026-06-18T16:57:57.380+0000] {dag.py:3036} INFO - Sync 1 DAGs
[2026-06-18T16:57:57.404+0000] {logging_mixin.py:188} INFO - [2026-06-18T16:57:57.404+0000] {dag.py:3823} INFO - Setting next_dagrun for example_trigger_target_dag to None, run_after=None
[2026-06-18T16:57:57.440+0000] {processor.py:183} INFO - Processing /home/airflow/.local/lib/python3.8/site-packages/airflow/example_dags/example_trigger_target_dag.py took 0.120 seconds
[2026-06-18T16:58:27.891+0000] {processor.py:161} INFO - Started process (PID=1150) to work on /home/airflow/.local/lib/python3.8/site-packages/airflow/example_dags/example_trigger_target_dag.py
[2026-06-18T16:58:27.892+0000] {processor.py:830} INFO - Processing file /home/airflow/.local/lib/python3.8/site-packages/airflow/example_dags/example_trigger_target_dag.py for tasks to queue
[2026-06-18T16:58:27.896+0000] {logging_mixin.py:188} INFO - [2026-06-18T16:58:27.895+0000] {dagbag.py:538} INFO - Filling up the DagBag from /home/airflow/.local/lib/python3.8/site-packages/airflow/example_dags/example_trigger_target_dag.py
[2026-06-18T16:58:27.905+0000] {processor.py:840} INFO - DAG(s) 'example_trigger_target_dag' retrieved from /home/airflow/.local/lib/python3.8/site-packages/airflow/example_dags/example_trigger_target_dag.py
[2026-06-18T16:58:27.935+0000] {logging_mixin.py:188} INFO - [2026-06-18T16:58:27.934+0000] {dag.py:3036} INFO - Sync 1 DAGs
[2026-06-18T16:58:27.961+0000] {logging_mixin.py:188} INFO - [2026-06-18T16:58:27.960+0000] {dag.py:3823} INFO - Setting next_dagrun for example_trigger_target_dag to None, run_after=None
[2026-06-18T16:58:27.995+0000] {processor.py:183} INFO - Processing /home/airflow/.local/lib/python3.8/site-packages/airflow/example_dags/example_trigger_target_dag.py took 0.111 seconds
[2026-06-18T16:58:59.690+0000] {processor.py:161} INFO - Started process (PID=1223) to work on /home/airflow/.local/lib/python3.8/site-packages/airflow/example_dags/example_trigger_target_dag.py
[2026-06-18T16:58:59.692+0000] {processor.py:830} INFO - Processing file /home/airflow/.local/lib/python3.8/site-packages/airflow/example_dags/example_trigger_target_dag.py for tasks to queue
[2026-06-18T16:58:59.695+0000] {logging_mixin.py:188} INFO - [2026-06-18T16:58:59.695+0000] {dagbag.py:538} INFO - Filling up the DagBag from /home/airflow/.local/lib/python3.8/site-packages/airflow/example_dags/example_trigger_target_dag.py
[2026-06-18T16:58:59.706+0000] {processor.py:840} INFO - DAG(s) 'example_trigger_target_dag' retrieved from /home/airflow/.local/lib/python3.8/site-packages/airflow/example_dags/example_trigger_target_dag.py
[2026-06-18T16:58:59.907+0000] {logging_mixin.py:188} INFO - [2026-06-18T16:58:59.906+0000] {dag.py:3036} INFO - Sync 1 DAGs
[2026-06-18T16:58:59.925+0000] {logging_mixin.py:188} INFO - [2026-06-18T16:58:59.925+0000] {dag.py:3823} INFO - Setting next_dagrun for example_trigger_target_dag to None, run_after=None
[2026-06-18T16:58:59.959+0000] {processor.py:183} INFO - Processing /home/airflow/.local/lib/python3.8/site-packages/airflow/example_dags/example_trigger_target_dag.py took 0.276 seconds
[2026-06-18T16:59:30.095+0000] {processor.py:161} INFO - Started process (PID=1290) to work on /home/airflow/.local/lib/python3.8/site-packages/airflow/example_dags/example_trigger_target_dag.py
[2026-06-18T16:59:30.096+0000] {processor.py:830} INFO - Processing file /home/airflow/.local/lib/python3.8/site-packages/airflow/example_dags/example_trigger_target_dag.py for tasks to queue
[2026-06-18T16:59:30.100+0000] {logging_mixin.py:188} INFO - [2026-06-18T16:59:30.100+0000] {dagbag.py:538} INFO - Filling up the DagBag from /home/airflow/.local/lib/python3.8/site-packages/airflow/example_dags/example_trigger_target_dag.py
[2026-06-18T16:59:30.111+0000] {processor.py:840} INFO - DAG(s) 'example_trigger_target_dag' retrieved from /home/airflow/.local/lib/python3.8/site-packages/airflow/example_dags/example_trigger_target_dag.py
[2026-06-18T16:59:30.160+0000] {logging_mixin.py:188} INFO - [2026-06-18T16:59:30.160+0000] {dag.py:3036} INFO - Sync 1 DAGs
[2026-06-18T16:59:30.194+0000] {logging_mixin.py:188} INFO - [2026-06-18T16:59:30.194+0000] {dag.py:3823} INFO - Setting next_dagrun for example_trigger_target_dag to None, run_after=None
[2026-06-18T16:59:30.252+0000] {processor.py:183} INFO - Processing /home/airflow/.local/lib/python3.8/site-packages/airflow/example_dags/example_trigger_target_dag.py took 0.164 seconds
[2026-06-18T17:00:00.532+0000] {processor.py:161} INFO - Started process (PID=1355) to work on /home/airflow/.local/lib/python3.8/site-packages/airflow/example_dags/example_trigger_target_dag.py
[2026-06-18T17:00:00.535+0000] {processor.py:830} INFO - Processing file /home/airflow/.local/lib/python3.8/site-packages/airflow/example_dags/example_trigger_target_dag.py for tasks to queue
[2026-06-18T17:00:00.538+0000] {logging_mixin.py:188} INFO - [2026-06-18T17:00:00.537+0000] {dagbag.py:538} INFO - Filling up the DagBag from /home/airflow/.local/lib/python3.8/site-packages/airflow/example_dags/example_trigger_target_dag.py
[2026-06-18T17:00:00.548+0000] {processor.py:840} INFO - DAG(s) 'example_trigger_target_dag' retrieved from /home/airflow/.local/lib/python3.8/site-packages/airflow/example_dags/example_trigger_target_dag.py
[2026-06-18T17:00:00.579+0000] {logging_mixin.py:188} INFO - [2026-06-18T17:00:00.579+0000] {dag.py:3036} INFO - Sync 1 DAGs
[2026-06-18T17:00:00.609+0000] {logging_mixin.py:188} INFO - [2026-06-18T17:00:00.609+0000] {dag.py:3823} INFO - Setting next_dagrun for example_trigger_target_dag to None, run_after=None
[2026-06-18T17:00:00.656+0000] {processor.py:183} INFO - Processing /home/airflow/.local/lib/python3.8/site-packages/airflow/example_dags/example_trigger_target_dag.py took 0.130 seconds
[2026-06-18T17:00:32.410+0000] {processor.py:161} INFO - Started process (PID=1422) to work on /home/airflow/.local/lib/python3.8/site-packages/airflow/example_dags/example_trigger_target_dag.py
[2026-06-18T17:00:32.412+0000] {processor.py:830} INFO - Processing file /home/airflow/.local/lib/python3.8/site-packages/airflow/example_dags/example_trigger_target_dag.py for tasks to queue
[2026-06-18T17:00:32.416+0000] {logging_mixin.py:188} INFO - [2026-06-18T17:00:32.415+0000] {dagbag.py:538} INFO - Filling up the DagBag from /home/airflow/.local/lib/python3.8/site-packages/airflow/example_dags/example_trigger_target_dag.py
[2026-06-18T17:00:32.427+0000] {processor.py:840} INFO - DAG(s) 'example_trigger_target_dag' retrieved from /home/airflow/.local/lib/python3.8/site-packages/airflow/example_dags/example_trigger_target_dag.py
[2026-06-18T17:00:32.656+0000] {logging_mixin.py:188} INFO - [2026-06-18T17:00:32.655+0000] {dag.py:3036} INFO - Sync 1 DAGs
[2026-06-18T17:00:32.680+0000] {logging_mixin.py:188} INFO - [2026-06-18T17:00:32.679+0000] {dag.py:3823} INFO - Setting next_dagrun for example_trigger_target_dag to None, run_after=None
[2026-06-18T17:00:32.721+0000] {processor.py:183} INFO - Processing /home/airflow/.local/lib/python3.8/site-packages/airflow/example_dags/example_trigger_target_dag.py took 0.317 seconds
[2026-06-18T17:01:03.614+0000] {processor.py:161} INFO - Started process (PID=1487) to work on /home/airflow/.local/lib/python3.8/site-packages/airflow/example_dags/example_trigger_target_dag.py
[2026-06-18T17:01:03.615+0000] {processor.py:830} INFO - Processing file /home/airflow/.local/lib/python3.8/site-packages/airflow/example_dags/example_trigger_target_dag.py for tasks to queue
[2026-06-18T17:01:03.618+0000] {logging_mixin.py:188} INFO - [2026-06-18T17:01:03.618+0000] {dagbag.py:538} INFO - Filling up the DagBag from /home/airflow/.local/lib/python3.8/site-packages/airflow/example_dags/example_trigger_target_dag.py
[2026-06-18T17:01:03.628+0000] {processor.py:840} INFO - DAG(s) 'example_trigger_target_dag' retrieved from /home/airflow/.local/lib/python3.8/site-packages/airflow/example_dags/example_trigger_target_dag.py
[2026-06-18T17:01:03.668+0000] {logging_mixin.py:188} INFO - [2026-06-18T17:01:03.668+0000] {dag.py:3036} INFO - Sync 1 DAGs
[2026-06-18T17:01:03.698+0000] {logging_mixin.py:188} INFO - [2026-06-18T17:01:03.698+0000] {dag.py:3823} INFO - Setting next_dagrun for example_trigger_target_dag to None, run_after=None
[2026-06-18T17:01:03.733+0000] {processor.py:183} INFO - Processing /home/airflow/.local/lib/python3.8/site-packages/airflow/example_dags/example_trigger_target_dag.py took 0.125 seconds
[2026-06-18T17:01:34.003+0000] {processor.py:161} INFO - Started process (PID=1553) to work on /home/airflow/.local/lib/python3.8/site-packages/airflow/example_dags/example_trigger_target_dag.py
[2026-06-18T17:01:34.005+0000] {processor.py:830} INFO - Processing file /home/airflow/.local/lib/python3.8/site-packages/airflow/example_dags/example_trigger_target_dag.py for tasks to queue
[2026-06-18T17:01:34.008+0000] {logging_mixin.py:188} INFO - [2026-06-18T17:01:34.008+0000] {dagbag.py:538} INFO - Filling up the DagBag from /home/airflow/.local/lib/python3.8/site-packages/airflow/example_dags/example_trigger_target_dag.py
[2026-06-18T17:01:34.027+0000] {processor.py:840} INFO - DAG(s) 'example_trigger_target_dag' retrieved from /home/airflow/.local/lib/python3.8/site-packages/airflow/example_dags/example_trigger_target_dag.py
[2026-06-18T17:01:34.066+0000] {logging_mixin.py:188} INFO - [2026-06-18T17:01:34.066+0000] {dag.py:3036} INFO - Sync 1 DAGs
[2026-06-18T17:01:34.092+0000] {logging_mixin.py:188} INFO - [2026-06-18T17:01:34.091+0000] {dag.py:3823} INFO - Setting next_dagrun for example_trigger_target_dag to None, run_after=None
[2026-06-18T17:01:34.128+0000] {processor.py:183} INFO - Processing /home/airflow/.local/lib/python3.8/site-packages/airflow/example_dags/example_trigger_target_dag.py took 0.131 seconds
[2026-06-18T17:02:04.488+0000] {processor.py:161} INFO - Started process (PID=1619) to work on /home/airflow/.local/lib/python3.8/site-packages/airflow/example_dags/example_trigger_target_dag.py
[2026-06-18T17:02:04.490+0000] {processor.py:830} INFO - Processing file /home/airflow/.local/lib/python3.8/site-packages/airflow/example_dags/example_trigger_target_dag.py for tasks to queue
[2026-06-18T17:02:04.493+0000] {logging_mixin.py:188} INFO - [2026-06-18T17:02:04.493+0000] {dagbag.py:538} INFO - Filling up the DagBag from /home/airflow/.local/lib/python3.8/site-packages/airflow/example_dags/example_trigger_target_dag.py
[2026-06-18T17:02:04.507+0000] {processor.py:840} INFO - DAG(s) 'example_trigger_target_dag' retrieved from /home/airflow/.local/lib/python3.8/site-packages/airflow/example_dags/example_trigger_target_dag.py
[2026-06-18T17:02:04.588+0000] {logging_mixin.py:188} INFO - [2026-06-18T17:02:04.588+0000] {dag.py:3036} INFO - Sync 1 DAGs
[2026-06-18T17:02:04.617+0000] {logging_mixin.py:188} INFO - [2026-06-18T17:02:04.617+0000] {dag.py:3823} INFO - Setting next_dagrun for example_trigger_target_dag to None, run_after=None
[2026-06-18T17:02:04.657+0000] {processor.py:183} INFO - Processing /home/airflow/.local/lib/python3.8/site-packages/airflow/example_dags/example_trigger_target_dag.py took 0.176 seconds
[2026-06-18T17:02:35.123+0000] {processor.py:161} INFO - Started process (PID=1685) to work on /home/airflow/.local/lib/python3.8/site-packages/airflow/example_dags/example_trigger_target_dag.py
[2026-06-18T17:02:35.130+0000] {processor.py:830} INFO - Processing file /home/airflow/.local/lib/python3.8/site-packages/airflow/example_dags/example_trigger_target_dag.py for tasks to queue
[2026-06-18T17:02:35.140+0000] {logging_mixin.py:188} INFO - [2026-06-18T17:02:35.138+0000] {dagbag.py:538} INFO - Filling up the DagBag from /home/airflow/.local/lib/python3.8/site-packages/airflow/example_dags/example_trigger_target_dag.py
[2026-06-18T17:02:35.155+0000] {processor.py:840} INFO - DAG(s) 'example_trigger_target_dag' retrieved from /home/airflow/.local/lib/python3.8/site-packages/airflow/example_dags/example_trigger_target_dag.py
[2026-06-18T17:02:35.210+0000] {logging_mixin.py:188} INFO - [2026-06-18T17:02:35.209+0000] {dag.py:3036} INFO - Sync 1 DAGs
[2026-06-18T17:02:35.244+0000] {logging_mixin.py:188} INFO - [2026-06-18T17:02:35.243+0000] {dag.py:3823} INFO - Setting next_dagrun for example_trigger_target_dag to None, run_after=None
[2026-06-18T17:02:35.283+0000] {processor.py:183} INFO - Processing /home/airflow/.local/lib/python3.8/site-packages/airflow/example_dags/example_trigger_target_dag.py took 0.169 seconds
[2026-06-18T17:03:05.771+0000] {processor.py:161} INFO - Started process (PID=1750) to work on /home/airflow/.local/lib/python3.8/site-packages/airflow/example_dags/example_trigger_target_dag.py
[2026-06-18T17:03:05.772+0000] {processor.py:830} INFO - Processing file /home/airflow/.local/lib/python3.8/site-packages/airflow/example_dags/example_trigger_target_dag.py for tasks to queue
[2026-06-18T17:03:05.775+0000] {logging_mixin.py:188} INFO - [2026-06-18T17:03:05.774+0000] {dagbag.py:538} INFO - Filling up the DagBag from /home/airflow/.local/lib/python3.8/site-packages/airflow/example_dags/example_trigger_target_dag.py
[2026-06-18T17:03:05.786+0000] {processor.py:840} INFO - DAG(s) 'example_trigger_target_dag' retrieved from /home/airflow/.local/lib/python3.8/site-packages/airflow/example_dags/example_trigger_target_dag.py
[2026-06-18T17:03:05.836+0000] {logging_mixin.py:188} INFO - [2026-06-18T17:03:05.835+0000] {dag.py:3036} INFO - Sync 1 DAGs
[2026-06-18T17:03:05.861+0000] {logging_mixin.py:188} INFO - [2026-06-18T17:03:05.861+0000] {dag.py:3823} INFO - Setting next_dagrun for example_trigger_target_dag to None, run_after=None
[2026-06-18T17:03:05.896+0000] {processor.py:183} INFO - Processing /home/airflow/.local/lib/python3.8/site-packages/airflow/example_dags/example_trigger_target_dag.py took 0.131 seconds
[2026-06-18T17:03:36.227+0000] {processor.py:161} INFO - Started process (PID=1816) to work on /home/airflow/.local/lib/python3.8/site-packages/airflow/example_dags/example_trigger_target_dag.py
[2026-06-18T17:03:36.229+0000] {processor.py:830} INFO - Processing file /home/airflow/.local/lib/python3.8/site-packages/airflow/example_dags/example_trigger_target_dag.py for tasks to queue
[2026-06-18T17:03:36.232+0000] {logging_mixin.py:188} INFO - [2026-06-18T17:03:36.231+0000] {dagbag.py:538} INFO - Filling up the DagBag from /home/airflow/.local/lib/python3.8/site-packages/airflow/example_dags/example_trigger_target_dag.py
[2026-06-18T17:03:36.240+0000] {processor.py:840} INFO - DAG(s) 'example_trigger_target_dag' retrieved from /home/airflow/.local/lib/python3.8/site-packages/airflow/example_dags/example_trigger_target_dag.py
[2026-06-18T17:03:36.275+0000] {logging_mixin.py:188} INFO - [2026-06-18T17:03:36.275+0000] {dag.py:3036} INFO - Sync 1 DAGs
[2026-06-18T17:03:36.295+0000] {logging_mixin.py:188} INFO - [2026-06-18T17:03:36.294+0000] {dag.py:3823} INFO - Setting next_dagrun for example_trigger_target_dag to None, run_after=None
[2026-06-18T17:03:36.324+0000] {processor.py:183} INFO - Processing /home/airflow/.local/lib/python3.8/site-packages/airflow/example_dags/example_trigger_target_dag.py took 0.102 seconds
[2026-06-18T17:04:07.020+0000] {processor.py:161} INFO - Started process (PID=1882) to work on /home/airflow/.local/lib/python3.8/site-packages/airflow/example_dags/example_trigger_target_dag.py
[2026-06-18T17:04:07.022+0000] {processor.py:830} INFO - Processing file /home/airflow/.local/lib/python3.8/site-packages/airflow/example_dags/example_trigger_target_dag.py for tasks to queue
[2026-06-18T17:04:07.024+0000] {logging_mixin.py:188} INFO - [2026-06-18T17:04:07.024+0000] {dagbag.py:538} INFO - Filling up the DagBag from /home/airflow/.local/lib/python3.8/site-packages/airflow/example_dags/example_trigger_target_dag.py
[2026-06-18T17:04:07.033+0000] {processor.py:840} INFO - DAG(s) 'example_trigger_target_dag' retrieved from /home/airflow/.local/lib/python3.8/site-packages/airflow/example_dags/example_trigger_target_dag.py
[2026-06-18T17:04:07.073+0000] {logging_mixin.py:188} INFO - [2026-06-18T17:04:07.073+0000] {dag.py:3036} INFO - Sync 1 DAGs
[2026-06-18T17:04:07.098+0000] {logging_mixin.py:188} INFO - [2026-06-18T17:04:07.097+0000] {dag.py:3823} INFO - Setting next_dagrun for example_trigger_target_dag to None, run_after=None
[2026-06-18T17:04:07.132+0000] {processor.py:183} INFO - Processing /home/airflow/.local/lib/python3.8/site-packages/airflow/example_dags/example_trigger_target_dag.py took 0.117 seconds
[2026-06-18T17:04:37.244+0000] {processor.py:161} INFO - Started process (PID=1949) to work on /home/airflow/.local/lib/python3.8/site-packages/airflow/example_dags/example_trigger_target_dag.py
[2026-06-18T17:04:37.246+0000] {processor.py:830} INFO - Processing file /home/airflow/.local/lib/python3.8/site-packages/airflow/example_dags/example_trigger_target_dag.py for tasks to queue
[2026-06-18T17:04:37.249+0000] {logging_mixin.py:188} INFO - [2026-06-18T17:04:37.248+0000] {dagbag.py:538} INFO - Filling up the DagBag from /home/airflow/.local/lib/python3.8/site-packages/airflow/example_dags/example_trigger_target_dag.py
[2026-06-18T17:04:37.259+0000] {processor.py:840} INFO - DAG(s) 'example_trigger_target_dag' retrieved from /home/airflow/.local/lib/python3.8/site-packages/airflow/example_dags/example_trigger_target_dag.py
[2026-06-18T17:04:37.297+0000] {logging_mixin.py:188} INFO - [2026-06-18T17:04:37.296+0000] {dag.py:3036} INFO - Sync 1 DAGs
[2026-06-18T17:04:37.317+0000] {logging_mixin.py:188} INFO - [2026-06-18T17:04:37.316+0000] {dag.py:3823} INFO - Setting next_dagrun for example_trigger_target_dag to None, run_after=None
[2026-06-18T17:04:37.349+0000] {processor.py:183} INFO - Processing /home/airflow/.local/lib/python3.8/site-packages/airflow/example_dags/example_trigger_target_dag.py took 0.110 seconds
[2026-06-18T17:05:07.637+0000] {processor.py:161} INFO - Started process (PID=2014) to work on /home/airflow/.local/lib/python3.8/site-packages/airflow/example_dags/example_trigger_target_dag.py
[2026-06-18T17:05:07.639+0000] {processor.py:830} INFO - Processing file /home/airflow/.local/lib/python3.8/site-packages/airflow/example_dags/example_trigger_target_dag.py for tasks to queue
[2026-06-18T17:05:07.642+0000] {logging_mixin.py:188} INFO - [2026-06-18T17:05:07.641+0000] {dagbag.py:538} INFO - Filling up the DagBag from /home/airflow/.local/lib/python3.8/site-packages/airflow/example_dags/example_trigger_target_dag.py
[2026-06-18T17:05:07.651+0000] {processor.py:840} INFO - DAG(s) 'example_trigger_target_dag' retrieved from /home/airflow/.local/lib/python3.8/site-packages/airflow/example_dags/example_trigger_target_dag.py
[2026-06-18T17:05:07.687+0000] {logging_mixin.py:188} INFO - [2026-06-18T17:05:07.687+0000] {dag.py:3036} INFO - Sync 1 DAGs
[2026-06-18T17:05:07.709+0000] {logging_mixin.py:188} INFO - [2026-06-18T17:05:07.708+0000] {dag.py:3823} INFO - Setting next_dagrun for example_trigger_target_dag to None, run_after=None
[2026-06-18T17:05:07.737+0000] {processor.py:183} INFO - Processing /home/airflow/.local/lib/python3.8/site-packages/airflow/example_dags/example_trigger_target_dag.py took 0.114 seconds
[2026-06-18T17:05:38.315+0000] {processor.py:161} INFO - Started process (PID=2080) to work on /home/airflow/.local/lib/python3.8/site-packages/airflow/example_dags/example_trigger_target_dag.py
[2026-06-18T17:05:38.317+0000] {processor.py:830} INFO - Processing file /home/airflow/.local/lib/python3.8/site-packages/airflow/example_dags/example_trigger_target_dag.py for tasks to queue
[2026-06-18T17:05:38.320+0000] {logging_mixin.py:188} INFO - [2026-06-18T17:05:38.319+0000] {dagbag.py:538} INFO - Filling up the DagBag from /home/airflow/.local/lib/python3.8/site-packages/airflow/example_dags/example_trigger_target_dag.py
[2026-06-18T17:05:38.330+0000] {processor.py:840} INFO - DAG(s) 'example_trigger_target_dag' retrieved from /home/airflow/.local/lib/python3.8/site-packages/airflow/example_dags/example_trigger_target_dag.py
[2026-06-18T17:05:38.367+0000] {logging_mixin.py:188} INFO - [2026-06-18T17:05:38.367+0000] {dag.py:3036} INFO - Sync 1 DAGs
[2026-06-18T17:05:38.389+0000] {logging_mixin.py:188} INFO - [2026-06-18T17:05:38.388+0000] {dag.py:3823} INFO - Setting next_dagrun for example_trigger_target_dag to None, run_after=None
[2026-06-18T17:05:38.423+0000] {processor.py:183} INFO - Processing /home/airflow/.local/lib/python3.8/site-packages/airflow/example_dags/example_trigger_target_dag.py took 0.114 seconds
[2026-06-18T17:06:09.337+0000] {processor.py:161} INFO - Started process (PID=2145) to work on /home/airflow/.local/lib/python3.8/site-packages/airflow/example_dags/example_trigger_target_dag.py
[2026-06-18T17:06:09.338+0000] {processor.py:830} INFO - Processing file /home/airflow/.local/lib/python3.8/site-packages/airflow/example_dags/example_trigger_target_dag.py for tasks to queue
[2026-06-18T17:06:09.341+0000] {logging_mixin.py:188} INFO - [2026-06-18T17:06:09.341+0000] {dagbag.py:538} INFO - Filling up the DagBag from /home/airflow/.local/lib/python3.8/site-packages/airflow/example_dags/example_trigger_target_dag.py
[2026-06-18T17:06:09.350+0000] {processor.py:840} INFO - DAG(s) 'example_trigger_target_dag' retrieved from /home/airflow/.local/lib/python3.8/site-packages/airflow/example_dags/example_trigger_target_dag.py
[2026-06-18T17:06:09.385+0000] {logging_mixin.py:188} INFO - [2026-06-18T17:06:09.384+0000] {dag.py:3036} INFO - Sync 1 DAGs
[2026-06-18T17:06:09.405+0000] {logging_mixin.py:188} INFO - [2026-06-18T17:06:09.405+0000] {dag.py:3823} INFO - Setting next_dagrun for example_trigger_target_dag to None, run_after=None
[2026-06-18T17:06:09.436+0000] {processor.py:183} INFO - Processing /home/airflow/.local/lib/python3.8/site-packages/airflow/example_dags/example_trigger_target_dag.py took 0.104 seconds
[2026-06-18T17:06:39.787+0000] {processor.py:161} INFO - Started process (PID=2211) to work on /home/airflow/.local/lib/python3.8/site-packages/airflow/example_dags/example_trigger_target_dag.py
[2026-06-18T17:06:39.789+0000] {processor.py:830} INFO - Processing file /home/airflow/.local/lib/python3.8/site-packages/airflow/example_dags/example_trigger_target_dag.py for tasks to queue
[2026-06-18T17:06:39.792+0000] {logging_mixin.py:188} INFO - [2026-06-18T17:06:39.791+0000] {dagbag.py:538} INFO - Filling up the DagBag from /home/airflow/.local/lib/python3.8/site-packages/airflow/example_dags/example_trigger_target_dag.py
[2026-06-18T17:06:39.800+0000] {processor.py:840} INFO - DAG(s) 'example_trigger_target_dag' retrieved from /home/airflow/.local/lib/python3.8/site-packages/airflow/example_dags/example_trigger_target_dag.py
[2026-06-18T17:06:39.838+0000] {logging_mixin.py:188} INFO - [2026-06-18T17:06:39.838+0000] {dag.py:3036} INFO - Sync 1 DAGs
[2026-06-18T17:06:39.863+0000] {logging_mixin.py:188} INFO - [2026-06-18T17:06:39.862+0000] {dag.py:3823} INFO - Setting next_dagrun for example_trigger_target_dag to None, run_after=None
[2026-06-18T17:06:39.894+0000] {processor.py:183} INFO - Processing /home/airflow/.local/lib/python3.8/site-packages/airflow/example_dags/example_trigger_target_dag.py took 0.112 seconds
[2026-06-18T17:07:10.213+0000] {processor.py:161} INFO - Started process (PID=2285) to work on /home/airflow/.local/lib/python3.8/site-packages/airflow/example_dags/example_trigger_target_dag.py
[2026-06-18T17:07:10.214+0000] {processor.py:830} INFO - Processing file /home/airflow/.local/lib/python3.8/site-packages/airflow/example_dags/example_trigger_target_dag.py for tasks to queue
[2026-06-18T17:07:10.216+0000] {logging_mixin.py:188} INFO - [2026-06-18T17:07:10.216+0000] {dagbag.py:538} INFO - Filling up the DagBag from /home/airflow/.local/lib/python3.8/site-packages/airflow/example_dags/example_trigger_target_dag.py
[2026-06-18T17:07:10.227+0000] {processor.py:840} INFO - DAG(s) 'example_trigger_target_dag' retrieved from /home/airflow/.local/lib/python3.8/site-packages/airflow/example_dags/example_trigger_target_dag.py
[2026-06-18T17:07:10.266+0000] {logging_mixin.py:188} INFO - [2026-06-18T17:07:10.265+0000] {dag.py:3036} INFO - Sync 1 DAGs
[2026-06-18T17:07:10.291+0000] {logging_mixin.py:188} INFO - [2026-06-18T17:07:10.290+0000] {dag.py:3823} INFO - Setting next_dagrun for example_trigger_target_dag to None, run_after=None
[2026-06-18T17:07:10.329+0000] {processor.py:183} INFO - Processing /home/airflow/.local/lib/python3.8/site-packages/airflow/example_dags/example_trigger_target_dag.py took 0.123 seconds
[2026-06-18T17:07:41.098+0000] {processor.py:161} INFO - Started process (PID=2351) to work on /home/airflow/.local/lib/python3.8/site-packages/airflow/example_dags/example_trigger_target_dag.py
[2026-06-18T17:07:41.101+0000] {processor.py:830} INFO - Processing file /home/airflow/.local/lib/python3.8/site-packages/airflow/example_dags/example_trigger_target_dag.py for tasks to queue
[2026-06-18T17:07:41.104+0000] {logging_mixin.py:188} INFO - [2026-06-18T17:07:41.103+0000] {dagbag.py:538} INFO - Filling up the DagBag from /home/airflow/.local/lib/python3.8/site-packages/airflow/example_dags/example_trigger_target_dag.py
[2026-06-18T17:07:41.113+0000] {processor.py:840} INFO - DAG(s) 'example_trigger_target_dag' retrieved from /home/airflow/.local/lib/python3.8/site-packages/airflow/example_dags/example_trigger_target_dag.py
[2026-06-18T17:07:41.147+0000] {logging_mixin.py:188} INFO - [2026-06-18T17:07:41.146+0000] {dag.py:3036} INFO - Sync 1 DAGs
[2026-06-18T17:07:41.166+0000] {logging_mixin.py:188} INFO - [2026-06-18T17:07:41.166+0000] {dag.py:3823} INFO - Setting next_dagrun for example_trigger_target_dag to None, run_after=None
[2026-06-18T17:07:41.195+0000] {processor.py:183} INFO - Processing /home/airflow/.local/lib/python3.8/site-packages/airflow/example_dags/example_trigger_target_dag.py took 0.103 seconds
[2026-06-18T17:08:11.400+0000] {processor.py:161} INFO - Started process (PID=2417) to work on /home/airflow/.local/lib/python3.8/site-packages/airflow/example_dags/example_trigger_target_dag.py
[2026-06-18T17:08:11.401+0000] {processor.py:830} INFO - Processing file /home/airflow/.local/lib/python3.8/site-packages/airflow/example_dags/example_trigger_target_dag.py for tasks to queue
[2026-06-18T17:08:11.416+0000] {logging_mixin.py:188} INFO - [2026-06-18T17:08:11.415+0000] {dagbag.py:538} INFO - Filling up the DagBag from /home/airflow/.local/lib/python3.8/site-packages/airflow/example_dags/example_trigger_target_dag.py
[2026-06-18T17:08:11.442+0000] {processor.py:840} INFO - DAG(s) 'example_trigger_target_dag' retrieved from /home/airflow/.local/lib/python3.8/site-packages/airflow/example_dags/example_trigger_target_dag.py
[2026-06-18T17:08:11.531+0000] {logging_mixin.py:188} INFO - [2026-06-18T17:08:11.531+0000] {dag.py:3036} INFO - Sync 1 DAGs
[2026-06-18T17:08:11.558+0000] {logging_mixin.py:188} INFO - [2026-06-18T17:08:11.558+0000] {dag.py:3823} INFO - Setting next_dagrun for example_trigger_target_dag to None, run_after=None
[2026-06-18T17:08:11.613+0000] {processor.py:183} INFO - Processing /home/airflow/.local/lib/python3.8/site-packages/airflow/example_dags/example_trigger_target_dag.py took 0.220 seconds
[2026-06-18T17:08:42.395+0000] {processor.py:161} INFO - Started process (PID=2484) to work on /home/airflow/.local/lib/python3.8/site-packages/airflow/example_dags/example_trigger_target_dag.py
[2026-06-18T17:08:42.399+0000] {processor.py:830} INFO - Processing file /home/airflow/.local/lib/python3.8/site-packages/airflow/example_dags/example_trigger_target_dag.py for tasks to queue
[2026-06-18T17:08:42.409+0000] {logging_mixin.py:188} INFO - [2026-06-18T17:08:42.408+0000] {dagbag.py:538} INFO - Filling up the DagBag from /home/airflow/.local/lib/python3.8/site-packages/airflow/example_dags/example_trigger_target_dag.py
[2026-06-18T17:08:42.421+0000] {processor.py:840} INFO - DAG(s) 'example_trigger_target_dag' retrieved from /home/airflow/.local/lib/python3.8/site-packages/airflow/example_dags/example_trigger_target_dag.py
[2026-06-18T17:08:42.463+0000] {logging_mixin.py:188} INFO - [2026-06-18T17:08:42.463+0000] {dag.py:3036} INFO - Sync 1 DAGs
[2026-06-18T17:08:42.488+0000] {logging_mixin.py:188} INFO - [2026-06-18T17:08:42.488+0000] {dag.py:3823} INFO - Setting next_dagrun for example_trigger_target_dag to None, run_after=None
[2026-06-18T17:08:42.520+0000] {processor.py:183} INFO - Processing /home/airflow/.local/lib/python3.8/site-packages/airflow/example_dags/example_trigger_target_dag.py took 0.131 seconds
[2026-06-18T17:09:13.038+0000] {processor.py:161} INFO - Started process (PID=2549) to work on /home/airflow/.local/lib/python3.8/site-packages/airflow/example_dags/example_trigger_target_dag.py
[2026-06-18T17:09:13.040+0000] {processor.py:830} INFO - Processing file /home/airflow/.local/lib/python3.8/site-packages/airflow/example_dags/example_trigger_target_dag.py for tasks to queue
[2026-06-18T17:09:13.043+0000] {logging_mixin.py:188} INFO - [2026-06-18T17:09:13.042+0000] {dagbag.py:538} INFO - Filling up the DagBag from /home/airflow/.local/lib/python3.8/site-packages/airflow/example_dags/example_trigger_target_dag.py
[2026-06-18T17:09:13.053+0000] {processor.py:840} INFO - DAG(s) 'example_trigger_target_dag' retrieved from /home/airflow/.local/lib/python3.8/site-packages/airflow/example_dags/example_trigger_target_dag.py
[2026-06-18T17:09:13.093+0000] {logging_mixin.py:188} INFO - [2026-06-18T17:09:13.092+0000] {dag.py:3036} INFO - Sync 1 DAGs
[2026-06-18T17:09:13.118+0000] {logging_mixin.py:188} INFO - [2026-06-18T17:09:13.118+0000] {dag.py:3823} INFO - Setting next_dagrun for example_trigger_target_dag to None, run_after=None
[2026-06-18T17:09:13.148+0000] {processor.py:183} INFO - Processing /home/airflow/.local/lib/python3.8/site-packages/airflow/example_dags/example_trigger_target_dag.py took 0.116 seconds
[2026-06-18T17:09:43.731+0000] {processor.py:161} INFO - Started process (PID=2616) to work on /home/airflow/.local/lib/python3.8/site-packages/airflow/example_dags/example_trigger_target_dag.py
[2026-06-18T17:09:43.733+0000] {processor.py:830} INFO - Processing file /home/airflow/.local/lib/python3.8/site-packages/airflow/example_dags/example_trigger_target_dag.py for tasks to queue
[2026-06-18T17:09:43.735+0000] {logging_mixin.py:188} INFO - [2026-06-18T17:09:43.735+0000] {dagbag.py:538} INFO - Filling up the DagBag from /home/airflow/.local/lib/python3.8/site-packages/airflow/example_dags/example_trigger_target_dag.py
[2026-06-18T17:09:43.744+0000] {processor.py:840} INFO - DAG(s) 'example_trigger_target_dag' retrieved from /home/airflow/.local/lib/python3.8/site-packages/airflow/example_dags/example_trigger_target_dag.py
[2026-06-18T17:09:43.781+0000] {logging_mixin.py:188} INFO - [2026-06-18T17:09:43.780+0000] {dag.py:3036} INFO - Sync 1 DAGs
[2026-06-18T17:09:43.804+0000] {logging_mixin.py:188} INFO - [2026-06-18T17:09:43.804+0000] {dag.py:3823} INFO - Setting next_dagrun for example_trigger_target_dag to None, run_after=None
[2026-06-18T17:09:43.837+0000] {processor.py:183} INFO - Processing /home/airflow/.local/lib/python3.8/site-packages/airflow/example_dags/example_trigger_target_dag.py took 0.111 seconds
[2026-06-18T17:10:14.150+0000] {processor.py:161} INFO - Started process (PID=2682) to work on /home/airflow/.local/lib/python3.8/site-packages/airflow/example_dags/example_trigger_target_dag.py
[2026-06-18T17:10:14.151+0000] {processor.py:830} INFO - Processing file /home/airflow/.local/lib/python3.8/site-packages/airflow/example_dags/example_trigger_target_dag.py for tasks to queue
[2026-06-18T17:10:14.154+0000] {logging_mixin.py:188} INFO - [2026-06-18T17:10:14.153+0000] {dagbag.py:538} INFO - Filling up the DagBag from /home/airflow/.local/lib/python3.8/site-packages/airflow/example_dags/example_trigger_target_dag.py
[2026-06-18T17:10:14.164+0000] {processor.py:840} INFO - DAG(s) 'example_trigger_target_dag' retrieved from /home/airflow/.local/lib/python3.8/site-packages/airflow/example_dags/example_trigger_target_dag.py
[2026-06-18T17:10:14.208+0000] {logging_mixin.py:188} INFO - [2026-06-18T17:10:14.208+0000] {dag.py:3036} INFO - Sync 1 DAGs
[2026-06-18T17:10:14.229+0000] {logging_mixin.py:188} INFO - [2026-06-18T17:10:14.229+0000] {dag.py:3823} INFO - Setting next_dagrun for example_trigger_target_dag to None, run_after=None
[2026-06-18T17:10:14.261+0000] {processor.py:183} INFO - Processing /home/airflow/.local/lib/python3.8/site-packages/airflow/example_dags/example_trigger_target_dag.py took 0.116 seconds
[2026-06-18T17:10:44.959+0000] {processor.py:161} INFO - Started process (PID=2747) to work on /home/airflow/.local/lib/python3.8/site-packages/airflow/example_dags/example_trigger_target_dag.py
[2026-06-18T17:10:44.961+0000] {processor.py:830} INFO - Processing file /home/airflow/.local/lib/python3.8/site-packages/airflow/example_dags/example_trigger_target_dag.py for tasks to queue
[2026-06-18T17:10:44.964+0000] {logging_mixin.py:188} INFO - [2026-06-18T17:10:44.964+0000] {dagbag.py:538} INFO - Filling up the DagBag from /home/airflow/.local/lib/python3.8/site-packages/airflow/example_dags/example_trigger_target_dag.py
[2026-06-18T17:10:44.974+0000] {processor.py:840} INFO - DAG(s) 'example_trigger_target_dag' retrieved from /home/airflow/.local/lib/python3.8/site-packages/airflow/example_dags/example_trigger_target_dag.py
[2026-06-18T17:10:45.010+0000] {logging_mixin.py:188} INFO - [2026-06-18T17:10:45.009+0000] {dag.py:3036} INFO - Sync 1 DAGs
[2026-06-18T17:10:45.030+0000] {logging_mixin.py:188} INFO - [2026-06-18T17:10:45.029+0000] {dag.py:3823} INFO - Setting next_dagrun for example_trigger_target_dag to None, run_after=None
[2026-06-18T17:10:45.064+0000] {processor.py:183} INFO - Processing /home/airflow/.local/lib/python3.8/site-packages/airflow/example_dags/example_trigger_target_dag.py took 0.110 seconds
[2026-06-18T17:11:15.573+0000] {processor.py:161} INFO - Started process (PID=2814) to work on /home/airflow/.local/lib/python3.8/site-packages/airflow/example_dags/example_trigger_target_dag.py
[2026-06-18T17:11:15.574+0000] {processor.py:830} INFO - Processing file /home/airflow/.local/lib/python3.8/site-packages/airflow/example_dags/example_trigger_target_dag.py for tasks to queue
[2026-06-18T17:11:15.577+0000] {logging_mixin.py:188} INFO - [2026-06-18T17:11:15.577+0000] {dagbag.py:538} INFO - Filling up the DagBag from /home/airflow/.local/lib/python3.8/site-packages/airflow/example_dags/example_trigger_target_dag.py
[2026-06-18T17:11:15.588+0000] {processor.py:840} INFO - DAG(s) 'example_trigger_target_dag' retrieved from /home/airflow/.local/lib/python3.8/site-packages/airflow/example_dags/example_trigger_target_dag.py
[2026-06-18T17:11:15.625+0000] {logging_mixin.py:188} INFO - [2026-06-18T17:11:15.625+0000] {dag.py:3036} INFO - Sync 1 DAGs
[2026-06-18T17:11:15.649+0000] {logging_mixin.py:188} INFO - [2026-06-18T17:11:15.648+0000] {dag.py:3823} INFO - Setting next_dagrun for example_trigger_target_dag to None, run_after=None
[2026-06-18T17:11:15.683+0000] {processor.py:183} INFO - Processing /home/airflow/.local/lib/python3.8/site-packages/airflow/example_dags/example_trigger_target_dag.py took 0.115 seconds
[2026-06-18T17:11:45.990+0000] {processor.py:161} INFO - Started process (PID=2879) to work on /home/airflow/.local/lib/python3.8/site-packages/airflow/example_dags/example_trigger_target_dag.py
[2026-06-18T17:11:45.992+0000] {processor.py:830} INFO - Processing file /home/airflow/.local/lib/python3.8/site-packages/airflow/example_dags/example_trigger_target_dag.py for tasks to queue
[2026-06-18T17:11:45.995+0000] {logging_mixin.py:188} INFO - [2026-06-18T17:11:45.994+0000] {dagbag.py:538} INFO - Filling up the DagBag from /home/airflow/.local/lib/python3.8/site-packages/airflow/example_dags/example_trigger_target_dag.py
[2026-06-18T17:11:46.003+0000] {processor.py:840} INFO - DAG(s) 'example_trigger_target_dag' retrieved from /home/airflow/.local/lib/python3.8/site-packages/airflow/example_dags/example_trigger_target_dag.py
[2026-06-18T17:11:46.041+0000] {logging_mixin.py:188} INFO - [2026-06-18T17:11:46.041+0000] {dag.py:3036} INFO - Sync 1 DAGs
[2026-06-18T17:11:46.064+0000] {logging_mixin.py:188} INFO - [2026-06-18T17:11:46.063+0000] {dag.py:3823} INFO - Setting next_dagrun for example_trigger_target_dag to None, run_after=None
[2026-06-18T17:11:46.097+0000] {processor.py:183} INFO - Processing /home/airflow/.local/lib/python3.8/site-packages/airflow/example_dags/example_trigger_target_dag.py took 0.112 seconds
[2026-06-18T17:12:16.705+0000] {processor.py:161} INFO - Started process (PID=2945) to work on /home/airflow/.local/lib/python3.8/site-packages/airflow/example_dags/example_trigger_target_dag.py
[2026-06-18T17:12:16.707+0000] {processor.py:830} INFO - Processing file /home/airflow/.local/lib/python3.8/site-packages/airflow/example_dags/example_trigger_target_dag.py for tasks to queue
[2026-06-18T17:12:16.709+0000] {logging_mixin.py:188} INFO - [2026-06-18T17:12:16.709+0000] {dagbag.py:538} INFO - Filling up the DagBag from /home/airflow/.local/lib/python3.8/site-packages/airflow/example_dags/example_trigger_target_dag.py
[2026-06-18T17:12:16.718+0000] {processor.py:840} INFO - DAG(s) 'example_trigger_target_dag' retrieved from /home/airflow/.local/lib/python3.8/site-packages/airflow/example_dags/example_trigger_target_dag.py
[2026-06-18T17:12:16.751+0000] {logging_mixin.py:188} INFO - [2026-06-18T17:12:16.751+0000] {dag.py:3036} INFO - Sync 1 DAGs
[2026-06-18T17:12:16.773+0000] {logging_mixin.py:188} INFO - [2026-06-18T17:12:16.772+0000] {dag.py:3823} INFO - Setting next_dagrun for example_trigger_target_dag to None, run_after=None
[2026-06-18T17:12:16.799+0000] {processor.py:183} INFO - Processing /home/airflow/.local/lib/python3.8/site-packages/airflow/example_dags/example_trigger_target_dag.py took 0.099 seconds
[2026-06-18T17:12:46.948+0000] {processor.py:161} INFO - Started process (PID=3012) to work on /home/airflow/.local/lib/python3.8/site-packages/airflow/example_dags/example_trigger_target_dag.py
[2026-06-18T17:12:46.949+0000] {processor.py:830} INFO - Processing file /home/airflow/.local/lib/python3.8/site-packages/airflow/example_dags/example_trigger_target_dag.py for tasks to queue
[2026-06-18T17:12:46.953+0000] {logging_mixin.py:188} INFO - [2026-06-18T17:12:46.952+0000] {dagbag.py:538} INFO - Filling up the DagBag from /home/airflow/.local/lib/python3.8/site-packages/airflow/example_dags/example_trigger_target_dag.py
[2026-06-18T17:12:46.964+0000] {processor.py:840} INFO - DAG(s) 'example_trigger_target_dag' retrieved from /home/airflow/.local/lib/python3.8/site-packages/airflow/example_dags/example_trigger_target_dag.py
[2026-06-18T17:12:47.007+0000] {logging_mixin.py:188} INFO - [2026-06-18T17:12:47.007+0000] {dag.py:3036} INFO - Sync 1 DAGs
[2026-06-18T17:12:47.032+0000] {logging_mixin.py:188} INFO - [2026-06-18T17:12:47.031+0000] {dag.py:3823} INFO - Setting next_dagrun for example_trigger_target_dag to None, run_after=None
[2026-06-18T17:12:47.071+0000] {processor.py:183} INFO - Processing /home/airflow/.local/lib/python3.8/site-packages/airflow/example_dags/example_trigger_target_dag.py took 0.130 seconds
[2026-06-18T17:13:18.986+0000] {processor.py:161} INFO - Started process (PID=3083) to work on /home/airflow/.local/lib/python3.8/site-packages/airflow/example_dags/example_trigger_target_dag.py
[2026-06-18T17:13:18.989+0000] {processor.py:830} INFO - Processing file /home/airflow/.local/lib/python3.8/site-packages/airflow/example_dags/example_trigger_target_dag.py for tasks to queue
[2026-06-18T17:13:18.992+0000] {logging_mixin.py:188} INFO - [2026-06-18T17:13:18.992+0000] {dagbag.py:538} INFO - Filling up the DagBag from /home/airflow/.local/lib/python3.8/site-packages/airflow/example_dags/example_trigger_target_dag.py
[2026-06-18T17:13:19.003+0000] {processor.py:840} INFO - DAG(s) 'example_trigger_target_dag' retrieved from /home/airflow/.local/lib/python3.8/site-packages/airflow/example_dags/example_trigger_target_dag.py
[2026-06-18T17:13:19.286+0000] {logging_mixin.py:188} INFO - [2026-06-18T17:13:19.286+0000] {dag.py:3036} INFO - Sync 1 DAGs
[2026-06-18T17:13:19.314+0000] {logging_mixin.py:188} INFO - [2026-06-18T17:13:19.313+0000] {dag.py:3823} INFO - Setting next_dagrun for example_trigger_target_dag to None, run_after=None
[2026-06-18T17:13:19.353+0000] {processor.py:183} INFO - Processing /home/airflow/.local/lib/python3.8/site-packages/airflow/example_dags/example_trigger_target_dag.py took 0.373 seconds
[2026-06-18T17:13:49.722+0000] {processor.py:161} INFO - Started process (PID=3149) to work on /home/airflow/.local/lib/python3.8/site-packages/airflow/example_dags/example_trigger_target_dag.py
[2026-06-18T17:13:49.724+0000] {processor.py:830} INFO - Processing file /home/airflow/.local/lib/python3.8/site-packages/airflow/example_dags/example_trigger_target_dag.py for tasks to queue
[2026-06-18T17:13:49.727+0000] {logging_mixin.py:188} INFO - [2026-06-18T17:13:49.727+0000] {dagbag.py:538} INFO - Filling up the DagBag from /home/airflow/.local/lib/python3.8/site-packages/airflow/example_dags/example_trigger_target_dag.py
[2026-06-18T17:13:49.738+0000] {processor.py:840} INFO - DAG(s) 'example_trigger_target_dag' retrieved from /home/airflow/.local/lib/python3.8/site-packages/airflow/example_dags/example_trigger_target_dag.py
[2026-06-18T17:13:49.780+0000] {logging_mixin.py:188} INFO - [2026-06-18T17:13:49.779+0000] {dag.py:3036} INFO - Sync 1 DAGs
[2026-06-18T17:13:50.020+0000] {logging_mixin.py:188} INFO - [2026-06-18T17:13:50.019+0000] {dag.py:3823} INFO - Setting next_dagrun for example_trigger_target_dag to None, run_after=None
[2026-06-18T17:13:50.054+0000] {processor.py:183} INFO - Processing /home/airflow/.local/lib/python3.8/site-packages/airflow/example_dags/example_trigger_target_dag.py took 0.338 seconds
[2026-06-18T17:14:20.131+0000] {processor.py:161} INFO - Started process (PID=3215) to work on /home/airflow/.local/lib/python3.8/site-packages/airflow/example_dags/example_trigger_target_dag.py
[2026-06-18T17:14:20.134+0000] {processor.py:830} INFO - Processing file /home/airflow/.local/lib/python3.8/site-packages/airflow/example_dags/example_trigger_target_dag.py for tasks to queue
[2026-06-18T17:14:20.139+0000] {logging_mixin.py:188} INFO - [2026-06-18T17:14:20.138+0000] {dagbag.py:538} INFO - Filling up the DagBag from /home/airflow/.local/lib/python3.8/site-packages/airflow/example_dags/example_trigger_target_dag.py
[2026-06-18T17:14:20.149+0000] {processor.py:840} INFO - DAG(s) 'example_trigger_target_dag' retrieved from /home/airflow/.local/lib/python3.8/site-packages/airflow/example_dags/example_trigger_target_dag.py
[2026-06-18T17:14:20.194+0000] {logging_mixin.py:188} INFO - [2026-06-18T17:14:20.194+0000] {dag.py:3036} INFO - Sync 1 DAGs
[2026-06-18T17:14:20.224+0000] {logging_mixin.py:188} INFO - [2026-06-18T17:14:20.223+0000] {dag.py:3823} INFO - Setting next_dagrun for example_trigger_target_dag to None, run_after=None
[2026-06-18T17:14:20.260+0000] {processor.py:183} INFO - Processing /home/airflow/.local/lib/python3.8/site-packages/airflow/example_dags/example_trigger_target_dag.py took 0.135 seconds
[2026-06-18T17:14:51.013+0000] {processor.py:161} INFO - Started process (PID=3282) to work on /home/airflow/.local/lib/python3.8/site-packages/airflow/example_dags/example_trigger_target_dag.py
[2026-06-18T17:14:51.015+0000] {processor.py:830} INFO - Processing file /home/airflow/.local/lib/python3.8/site-packages/airflow/example_dags/example_trigger_target_dag.py for tasks to queue
[2026-06-18T17:14:51.019+0000] {logging_mixin.py:188} INFO - [2026-06-18T17:14:51.018+0000] {dagbag.py:538} INFO - Filling up the DagBag from /home/airflow/.local/lib/python3.8/site-packages/airflow/example_dags/example_trigger_target_dag.py
[2026-06-18T17:14:51.030+0000] {processor.py:840} INFO - DAG(s) 'example_trigger_target_dag' retrieved from /home/airflow/.local/lib/python3.8/site-packages/airflow/example_dags/example_trigger_target_dag.py
[2026-06-18T17:14:51.085+0000] {logging_mixin.py:188} INFO - [2026-06-18T17:14:51.084+0000] {dag.py:3036} INFO - Sync 1 DAGs
[2026-06-18T17:14:51.113+0000] {logging_mixin.py:188} INFO - [2026-06-18T17:14:51.113+0000] {dag.py:3823} INFO - Setting next_dagrun for example_trigger_target_dag to None, run_after=None
[2026-06-18T17:14:51.176+0000] {processor.py:183} INFO - Processing /home/airflow/.local/lib/python3.8/site-packages/airflow/example_dags/example_trigger_target_dag.py took 0.169 seconds
[2026-06-18T17:15:21.400+0000] {processor.py:161} INFO - Started process (PID=3348) to work on /home/airflow/.local/lib/python3.8/site-packages/airflow/example_dags/example_trigger_target_dag.py
[2026-06-18T17:15:21.402+0000] {processor.py:830} INFO - Processing file /home/airflow/.local/lib/python3.8/site-packages/airflow/example_dags/example_trigger_target_dag.py for tasks to queue
[2026-06-18T17:15:21.405+0000] {logging_mixin.py:188} INFO - [2026-06-18T17:15:21.405+0000] {dagbag.py:538} INFO - Filling up the DagBag from /home/airflow/.local/lib/python3.8/site-packages/airflow/example_dags/example_trigger_target_dag.py
[2026-06-18T17:15:21.415+0000] {processor.py:840} INFO - DAG(s) 'example_trigger_target_dag' retrieved from /home/airflow/.local/lib/python3.8/site-packages/airflow/example_dags/example_trigger_target_dag.py
[2026-06-18T17:15:21.450+0000] {logging_mixin.py:188} INFO - [2026-06-18T17:15:21.449+0000] {dag.py:3036} INFO - Sync 1 DAGs
[2026-06-18T17:15:21.471+0000] {logging_mixin.py:188} INFO - [2026-06-18T17:15:21.471+0000] {dag.py:3823} INFO - Setting next_dagrun for example_trigger_target_dag to None, run_after=None
[2026-06-18T17:15:21.508+0000] {processor.py:183} INFO - Processing /home/airflow/.local/lib/python3.8/site-packages/airflow/example_dags/example_trigger_target_dag.py took 0.114 seconds
[2026-06-18T17:15:52.028+0000] {processor.py:161} INFO - Started process (PID=3412) to work on /home/airflow/.local/lib/python3.8/site-packages/airflow/example_dags/example_trigger_target_dag.py
[2026-06-18T17:15:52.030+0000] {processor.py:830} INFO - Processing file /home/airflow/.local/lib/python3.8/site-packages/airflow/example_dags/example_trigger_target_dag.py for tasks to queue
[2026-06-18T17:15:52.033+0000] {logging_mixin.py:188} INFO - [2026-06-18T17:15:52.032+0000] {dagbag.py:538} INFO - Filling up the DagBag from /home/airflow/.local/lib/python3.8/site-packages/airflow/example_dags/example_trigger_target_dag.py
[2026-06-18T17:15:52.041+0000] {processor.py:840} INFO - DAG(s) 'example_trigger_target_dag' retrieved from /home/airflow/.local/lib/python3.8/site-packages/airflow/example_dags/example_trigger_target_dag.py
[2026-06-18T17:15:52.077+0000] {logging_mixin.py:188} INFO - [2026-06-18T17:15:52.077+0000] {dag.py:3036} INFO - Sync 1 DAGs
[2026-06-18T17:15:52.099+0000] {logging_mixin.py:188} INFO - [2026-06-18T17:15:52.098+0000] {dag.py:3823} INFO - Setting next_dagrun for example_trigger_target_dag to None, run_after=None
[2026-06-18T17:15:52.132+0000] {processor.py:183} INFO - Processing /home/airflow/.local/lib/python3.8/site-packages/airflow/example_dags/example_trigger_target_dag.py took 0.110 seconds
[2026-06-18T17:16:22.235+0000] {processor.py:161} INFO - Started process (PID=3478) to work on /home/airflow/.local/lib/python3.8/site-packages/airflow/example_dags/example_trigger_target_dag.py
[2026-06-18T17:16:22.236+0000] {processor.py:830} INFO - Processing file /home/airflow/.local/lib/python3.8/site-packages/airflow/example_dags/example_trigger_target_dag.py for tasks to queue
[2026-06-18T17:16:22.239+0000] {logging_mixin.py:188} INFO - [2026-06-18T17:16:22.239+0000] {dagbag.py:538} INFO - Filling up the DagBag from /home/airflow/.local/lib/python3.8/site-packages/airflow/example_dags/example_trigger_target_dag.py
[2026-06-18T17:16:22.248+0000] {processor.py:840} INFO - DAG(s) 'example_trigger_target_dag' retrieved from /home/airflow/.local/lib/python3.8/site-packages/airflow/example_dags/example_trigger_target_dag.py
[2026-06-18T17:16:22.280+0000] {logging_mixin.py:188} INFO - [2026-06-18T17:16:22.280+0000] {dag.py:3036} INFO - Sync 1 DAGs
[2026-06-18T17:16:22.303+0000] {logging_mixin.py:188} INFO - [2026-06-18T17:16:22.303+0000] {dag.py:3823} INFO - Setting next_dagrun for example_trigger_target_dag to None, run_after=None
[2026-06-18T17:16:22.332+0000] {processor.py:183} INFO - Processing /home/airflow/.local/lib/python3.8/site-packages/airflow/example_dags/example_trigger_target_dag.py took 0.103 seconds
[2026-06-18T17:16:53.165+0000] {processor.py:161} INFO - Started process (PID=3544) to work on /home/airflow/.local/lib/python3.8/site-packages/airflow/example_dags/example_trigger_target_dag.py
[2026-06-18T17:16:53.167+0000] {processor.py:830} INFO - Processing file /home/airflow/.local/lib/python3.8/site-packages/airflow/example_dags/example_trigger_target_dag.py for tasks to queue
[2026-06-18T17:16:53.172+0000] {logging_mixin.py:188} INFO - [2026-06-18T17:16:53.171+0000] {dagbag.py:538} INFO - Filling up the DagBag from /home/airflow/.local/lib/python3.8/site-packages/airflow/example_dags/example_trigger_target_dag.py
[2026-06-18T17:16:53.185+0000] {processor.py:840} INFO - DAG(s) 'example_trigger_target_dag' retrieved from /home/airflow/.local/lib/python3.8/site-packages/airflow/example_dags/example_trigger_target_dag.py
[2026-06-18T17:16:53.230+0000] {logging_mixin.py:188} INFO - [2026-06-18T17:16:53.230+0000] {dag.py:3036} INFO - Sync 1 DAGs
[2026-06-18T17:16:53.258+0000] {logging_mixin.py:188} INFO - [2026-06-18T17:16:53.257+0000] {dag.py:3823} INFO - Setting next_dagrun for example_trigger_target_dag to None, run_after=None
[2026-06-18T17:16:53.299+0000] {processor.py:183} INFO - Processing /home/airflow/.local/lib/python3.8/site-packages/airflow/example_dags/example_trigger_target_dag.py took 0.142 seconds
[2026-06-18T17:17:23.458+0000] {processor.py:161} INFO - Started process (PID=3609) to work on /home/airflow/.local/lib/python3.8/site-packages/airflow/example_dags/example_trigger_target_dag.py
[2026-06-18T17:17:23.460+0000] {processor.py:830} INFO - Processing file /home/airflow/.local/lib/python3.8/site-packages/airflow/example_dags/example_trigger_target_dag.py for tasks to queue
[2026-06-18T17:17:23.463+0000] {logging_mixin.py:188} INFO - [2026-06-18T17:17:23.463+0000] {dagbag.py:538} INFO - Filling up the DagBag from /home/airflow/.local/lib/python3.8/site-packages/airflow/example_dags/example_trigger_target_dag.py
[2026-06-18T17:17:23.472+0000] {processor.py:840} INFO - DAG(s) 'example_trigger_target_dag' retrieved from /home/airflow/.local/lib/python3.8/site-packages/airflow/example_dags/example_trigger_target_dag.py
[2026-06-18T17:17:23.518+0000] {logging_mixin.py:188} INFO - [2026-06-18T17:17:23.517+0000] {dag.py:3036} INFO - Sync 1 DAGs
[2026-06-18T17:17:23.543+0000] {logging_mixin.py:188} INFO - [2026-06-18T17:17:23.543+0000] {dag.py:3823} INFO - Setting next_dagrun for example_trigger_target_dag to None, run_after=None
[2026-06-18T17:17:23.581+0000] {processor.py:183} INFO - Processing /home/airflow/.local/lib/python3.8/site-packages/airflow/example_dags/example_trigger_target_dag.py took 0.130 seconds
[2026-06-18T17:17:53.651+0000] {processor.py:161} INFO - Started process (PID=3675) to work on /home/airflow/.local/lib/python3.8/site-packages/airflow/example_dags/example_trigger_target_dag.py
[2026-06-18T17:17:53.652+0000] {processor.py:830} INFO - Processing file /home/airflow/.local/lib/python3.8/site-packages/airflow/example_dags/example_trigger_target_dag.py for tasks to queue
[2026-06-18T17:17:53.655+0000] {logging_mixin.py:188} INFO - [2026-06-18T17:17:53.655+0000] {dagbag.py:538} INFO - Filling up the DagBag from /home/airflow/.local/lib/python3.8/site-packages/airflow/example_dags/example_trigger_target_dag.py
[2026-06-18T17:17:53.666+0000] {processor.py:840} INFO - DAG(s) 'example_trigger_target_dag' retrieved from /home/airflow/.local/lib/python3.8/site-packages/airflow/example_dags/example_trigger_target_dag.py
[2026-06-18T17:17:53.708+0000] {logging_mixin.py:188} INFO - [2026-06-18T17:17:53.708+0000] {dag.py:3036} INFO - Sync 1 DAGs
[2026-06-18T17:17:53.733+0000] {logging_mixin.py:188} INFO - [2026-06-18T17:17:53.733+0000] {dag.py:3823} INFO - Setting next_dagrun for example_trigger_target_dag to None, run_after=None
[2026-06-18T17:17:53.783+0000] {processor.py:183} INFO - Processing /home/airflow/.local/lib/python3.8/site-packages/airflow/example_dags/example_trigger_target_dag.py took 0.140 seconds
[2026-06-18T17:18:24.328+0000] {processor.py:161} INFO - Started process (PID=3742) to work on /home/airflow/.local/lib/python3.8/site-packages/airflow/example_dags/example_trigger_target_dag.py
[2026-06-18T17:18:24.330+0000] {processor.py:830} INFO - Processing file /home/airflow/.local/lib/python3.8/site-packages/airflow/example_dags/example_trigger_target_dag.py for tasks to queue
[2026-06-18T17:18:24.332+0000] {logging_mixin.py:188} INFO - [2026-06-18T17:18:24.332+0000] {dagbag.py:538} INFO - Filling up the DagBag from /home/airflow/.local/lib/python3.8/site-packages/airflow/example_dags/example_trigger_target_dag.py
[2026-06-18T17:18:24.340+0000] {processor.py:840} INFO - DAG(s) 'example_trigger_target_dag' retrieved from /home/airflow/.local/lib/python3.8/site-packages/airflow/example_dags/example_trigger_target_dag.py
[2026-06-18T17:18:24.378+0000] {logging_mixin.py:188} INFO - [2026-06-18T17:18:24.377+0000] {dag.py:3036} INFO - Sync 1 DAGs
[2026-06-18T17:18:24.400+0000] {logging_mixin.py:188} INFO - [2026-06-18T17:18:24.400+0000] {dag.py:3823} INFO - Setting next_dagrun for example_trigger_target_dag to None, run_after=None
[2026-06-18T17:18:24.433+0000] {processor.py:183} INFO - Processing /home/airflow/.local/lib/python3.8/site-packages/airflow/example_dags/example_trigger_target_dag.py took 0.111 seconds
[2026-06-18T17:18:55.037+0000] {processor.py:161} INFO - Started process (PID=3808) to work on /home/airflow/.local/lib/python3.8/site-packages/airflow/example_dags/example_trigger_target_dag.py
[2026-06-18T17:18:55.039+0000] {processor.py:830} INFO - Processing file /home/airflow/.local/lib/python3.8/site-packages/airflow/example_dags/example_trigger_target_dag.py for tasks to queue
[2026-06-18T17:18:55.042+0000] {logging_mixin.py:188} INFO - [2026-06-18T17:18:55.041+0000] {dagbag.py:538} INFO - Filling up the DagBag from /home/airflow/.local/lib/python3.8/site-packages/airflow/example_dags/example_trigger_target_dag.py
[2026-06-18T17:18:55.050+0000] {processor.py:840} INFO - DAG(s) 'example_trigger_target_dag' retrieved from /home/airflow/.local/lib/python3.8/site-packages/airflow/example_dags/example_trigger_target_dag.py
[2026-06-18T17:18:55.085+0000] {logging_mixin.py:188} INFO - [2026-06-18T17:18:55.084+0000] {dag.py:3036} INFO - Sync 1 DAGs
[2026-06-18T17:18:55.104+0000] {logging_mixin.py:188} INFO - [2026-06-18T17:18:55.103+0000] {dag.py:3823} INFO - Setting next_dagrun for example_trigger_target_dag to None, run_after=None
[2026-06-18T17:18:55.131+0000] {processor.py:183} INFO - Processing /home/airflow/.local/lib/python3.8/site-packages/airflow/example_dags/example_trigger_target_dag.py took 0.100 seconds
[2026-06-18T17:19:25.386+0000] {processor.py:161} INFO - Started process (PID=3874) to work on /home/airflow/.local/lib/python3.8/site-packages/airflow/example_dags/example_trigger_target_dag.py
[2026-06-18T17:19:25.387+0000] {processor.py:830} INFO - Processing file /home/airflow/.local/lib/python3.8/site-packages/airflow/example_dags/example_trigger_target_dag.py for tasks to queue
[2026-06-18T17:19:25.390+0000] {logging_mixin.py:188} INFO - [2026-06-18T17:19:25.390+0000] {dagbag.py:538} INFO - Filling up the DagBag from /home/airflow/.local/lib/python3.8/site-packages/airflow/example_dags/example_trigger_target_dag.py
[2026-06-18T17:19:25.399+0000] {processor.py:840} INFO - DAG(s) 'example_trigger_target_dag' retrieved from /home/airflow/.local/lib/python3.8/site-packages/airflow/example_dags/example_trigger_target_dag.py
[2026-06-18T17:19:25.437+0000] {logging_mixin.py:188} INFO - [2026-06-18T17:19:25.436+0000] {dag.py:3036} INFO - Sync 1 DAGs
[2026-06-18T17:19:25.456+0000] {logging_mixin.py:188} INFO - [2026-06-18T17:19:25.456+0000] {dag.py:3823} INFO - Setting next_dagrun for example_trigger_target_dag to None, run_after=None
[2026-06-18T17:19:25.500+0000] {processor.py:183} INFO - Processing /home/airflow/.local/lib/python3.8/site-packages/airflow/example_dags/example_trigger_target_dag.py took 0.119 seconds
[2026-06-18T17:19:55.735+0000] {processor.py:161} INFO - Started process (PID=3950) to work on /home/airflow/.local/lib/python3.8/site-packages/airflow/example_dags/example_trigger_target_dag.py
[2026-06-18T17:19:55.737+0000] {processor.py:830} INFO - Processing file /home/airflow/.local/lib/python3.8/site-packages/airflow/example_dags/example_trigger_target_dag.py for tasks to queue
[2026-06-18T17:19:55.739+0000] {logging_mixin.py:188} INFO - [2026-06-18T17:19:55.739+0000] {dagbag.py:538} INFO - Filling up the DagBag from /home/airflow/.local/lib/python3.8/site-packages/airflow/example_dags/example_trigger_target_dag.py
[2026-06-18T17:19:55.748+0000] {processor.py:840} INFO - DAG(s) 'example_trigger_target_dag' retrieved from /home/airflow/.local/lib/python3.8/site-packages/airflow/example_dags/example_trigger_target_dag.py
[2026-06-18T17:19:55.786+0000] {logging_mixin.py:188} INFO - [2026-06-18T17:19:55.785+0000] {dag.py:3036} INFO - Sync 1 DAGs
[2026-06-18T17:19:55.808+0000] {logging_mixin.py:188} INFO - [2026-06-18T17:19:55.808+0000] {dag.py:3823} INFO - Setting next_dagrun for example_trigger_target_dag to None, run_after=None
[2026-06-18T17:19:55.841+0000] {processor.py:183} INFO - Processing /home/airflow/.local/lib/python3.8/site-packages/airflow/example_dags/example_trigger_target_dag.py took 0.111 seconds
[2026-06-18T17:20:26.171+0000] {processor.py:161} INFO - Started process (PID=4017) to work on /home/airflow/.local/lib/python3.8/site-packages/airflow/example_dags/example_trigger_target_dag.py
[2026-06-18T17:20:26.172+0000] {processor.py:830} INFO - Processing file /home/airflow/.local/lib/python3.8/site-packages/airflow/example_dags/example_trigger_target_dag.py for tasks to queue
[2026-06-18T17:20:26.175+0000] {logging_mixin.py:188} INFO - [2026-06-18T17:20:26.174+0000] {dagbag.py:538} INFO - Filling up the DagBag from /home/airflow/.local/lib/python3.8/site-packages/airflow/example_dags/example_trigger_target_dag.py
[2026-06-18T17:20:26.184+0000] {processor.py:840} INFO - DAG(s) 'example_trigger_target_dag' retrieved from /home/airflow/.local/lib/python3.8/site-packages/airflow/example_dags/example_trigger_target_dag.py
[2026-06-18T17:20:26.225+0000] {logging_mixin.py:188} INFO - [2026-06-18T17:20:26.224+0000] {dag.py:3036} INFO - Sync 1 DAGs
[2026-06-18T17:20:26.247+0000] {logging_mixin.py:188} INFO - [2026-06-18T17:20:26.246+0000] {dag.py:3823} INFO - Setting next_dagrun for example_trigger_target_dag to None, run_after=None
[2026-06-18T17:20:26.279+0000] {processor.py:183} INFO - Processing /home/airflow/.local/lib/python3.8/site-packages/airflow/example_dags/example_trigger_target_dag.py took 0.114 seconds
[2026-06-18T17:20:57.141+0000] {processor.py:161} INFO - Started process (PID=4084) to work on /home/airflow/.local/lib/python3.8/site-packages/airflow/example_dags/example_trigger_target_dag.py
[2026-06-18T17:20:57.143+0000] {processor.py:830} INFO - Processing file /home/airflow/.local/lib/python3.8/site-packages/airflow/example_dags/example_trigger_target_dag.py for tasks to queue
[2026-06-18T17:20:57.146+0000] {logging_mixin.py:188} INFO - [2026-06-18T17:20:57.146+0000] {dagbag.py:538} INFO - Filling up the DagBag from /home/airflow/.local/lib/python3.8/site-packages/airflow/example_dags/example_trigger_target_dag.py
[2026-06-18T17:20:57.156+0000] {processor.py:840} INFO - DAG(s) 'example_trigger_target_dag' retrieved from /home/airflow/.local/lib/python3.8/site-packages/airflow/example_dags/example_trigger_target_dag.py
[2026-06-18T17:20:57.201+0000] {logging_mixin.py:188} INFO - [2026-06-18T17:20:57.200+0000] {dag.py:3036} INFO - Sync 1 DAGs
[2026-06-18T17:20:57.228+0000] {logging_mixin.py:188} INFO - [2026-06-18T17:20:57.228+0000] {dag.py:3823} INFO - Setting next_dagrun for example_trigger_target_dag to None, run_after=None
[2026-06-18T17:20:57.265+0000] {processor.py:183} INFO - Processing /home/airflow/.local/lib/python3.8/site-packages/airflow/example_dags/example_trigger_target_dag.py took 0.130 seconds
[2026-06-18T17:21:27.944+0000] {processor.py:161} INFO - Started process (PID=4150) to work on /home/airflow/.local/lib/python3.8/site-packages/airflow/example_dags/example_trigger_target_dag.py
[2026-06-18T17:21:27.945+0000] {processor.py:830} INFO - Processing file /home/airflow/.local/lib/python3.8/site-packages/airflow/example_dags/example_trigger_target_dag.py for tasks to queue
[2026-06-18T17:21:27.948+0000] {logging_mixin.py:188} INFO - [2026-06-18T17:21:27.948+0000] {dagbag.py:538} INFO - Filling up the DagBag from /home/airflow/.local/lib/python3.8/site-packages/airflow/example_dags/example_trigger_target_dag.py
[2026-06-18T17:21:27.958+0000] {processor.py:840} INFO - DAG(s) 'example_trigger_target_dag' retrieved from /home/airflow/.local/lib/python3.8/site-packages/airflow/example_dags/example_trigger_target_dag.py
[2026-06-18T17:21:28.000+0000] {logging_mixin.py:188} INFO - [2026-06-18T17:21:28.000+0000] {dag.py:3036} INFO - Sync 1 DAGs
[2026-06-18T17:21:28.026+0000] {logging_mixin.py:188} INFO - [2026-06-18T17:21:28.025+0000] {dag.py:3823} INFO - Setting next_dagrun for example_trigger_target_dag to None, run_after=None
[2026-06-18T17:21:28.060+0000] {processor.py:183} INFO - Processing /home/airflow/.local/lib/python3.8/site-packages/airflow/example_dags/example_trigger_target_dag.py took 0.121 seconds
[2026-06-18T17:21:58.419+0000] {processor.py:161} INFO - Started process (PID=4216) to work on /home/airflow/.local/lib/python3.8/site-packages/airflow/example_dags/example_trigger_target_dag.py
[2026-06-18T17:21:58.421+0000] {processor.py:830} INFO - Processing file /home/airflow/.local/lib/python3.8/site-packages/airflow/example_dags/example_trigger_target_dag.py for tasks to queue
[2026-06-18T17:21:58.423+0000] {logging_mixin.py:188} INFO - [2026-06-18T17:21:58.423+0000] {dagbag.py:538} INFO - Filling up the DagBag from /home/airflow/.local/lib/python3.8/site-packages/airflow/example_dags/example_trigger_target_dag.py
[2026-06-18T17:21:58.432+0000] {processor.py:840} INFO - DAG(s) 'example_trigger_target_dag' retrieved from /home/airflow/.local/lib/python3.8/site-packages/airflow/example_dags/example_trigger_target_dag.py
[2026-06-18T17:21:58.472+0000] {logging_mixin.py:188} INFO - [2026-06-18T17:21:58.472+0000] {dag.py:3036} INFO - Sync 1 DAGs
[2026-06-18T17:21:58.494+0000] {logging_mixin.py:188} INFO - [2026-06-18T17:21:58.494+0000] {dag.py:3823} INFO - Setting next_dagrun for example_trigger_target_dag to None, run_after=None
[2026-06-18T17:21:58.523+0000] {processor.py:183} INFO - Processing /home/airflow/.local/lib/python3.8/site-packages/airflow/example_dags/example_trigger_target_dag.py took 0.109 seconds
[2026-06-18T17:22:28.631+0000] {processor.py:161} INFO - Started process (PID=4281) to work on /home/airflow/.local/lib/python3.8/site-packages/airflow/example_dags/example_trigger_target_dag.py
[2026-06-18T17:22:28.633+0000] {processor.py:830} INFO - Processing file /home/airflow/.local/lib/python3.8/site-packages/airflow/example_dags/example_trigger_target_dag.py for tasks to queue
[2026-06-18T17:22:28.636+0000] {logging_mixin.py:188} INFO - [2026-06-18T17:22:28.635+0000] {dagbag.py:538} INFO - Filling up the DagBag from /home/airflow/.local/lib/python3.8/site-packages/airflow/example_dags/example_trigger_target_dag.py
[2026-06-18T17:22:28.644+0000] {processor.py:840} INFO - DAG(s) 'example_trigger_target_dag' retrieved from /home/airflow/.local/lib/python3.8/site-packages/airflow/example_dags/example_trigger_target_dag.py
[2026-06-18T17:22:28.679+0000] {logging_mixin.py:188} INFO - [2026-06-18T17:22:28.679+0000] {dag.py:3036} INFO - Sync 1 DAGs
[2026-06-18T17:22:28.701+0000] {logging_mixin.py:188} INFO - [2026-06-18T17:22:28.701+0000] {dag.py:3823} INFO - Setting next_dagrun for example_trigger_target_dag to None, run_after=None
[2026-06-18T17:22:28.731+0000] {processor.py:183} INFO - Processing /home/airflow/.local/lib/python3.8/site-packages/airflow/example_dags/example_trigger_target_dag.py took 0.106 seconds
[2026-06-18T17:22:59.251+0000] {processor.py:161} INFO - Started process (PID=4349) to work on /home/airflow/.local/lib/python3.8/site-packages/airflow/example_dags/example_trigger_target_dag.py
[2026-06-18T17:22:59.256+0000] {processor.py:830} INFO - Processing file /home/airflow/.local/lib/python3.8/site-packages/airflow/example_dags/example_trigger_target_dag.py for tasks to queue
[2026-06-18T17:22:59.261+0000] {logging_mixin.py:188} INFO - [2026-06-18T17:22:59.261+0000] {dagbag.py:538} INFO - Filling up the DagBag from /home/airflow/.local/lib/python3.8/site-packages/airflow/example_dags/example_trigger_target_dag.py
[2026-06-18T17:22:59.283+0000] {processor.py:840} INFO - DAG(s) 'example_trigger_target_dag' retrieved from /home/airflow/.local/lib/python3.8/site-packages/airflow/example_dags/example_trigger_target_dag.py
[2026-06-18T17:22:59.327+0000] {logging_mixin.py:188} INFO - [2026-06-18T17:22:59.327+0000] {dag.py:3036} INFO - Sync 1 DAGs
[2026-06-18T17:22:59.351+0000] {logging_mixin.py:188} INFO - [2026-06-18T17:22:59.350+0000] {dag.py:3823} INFO - Setting next_dagrun for example_trigger_target_dag to None, run_after=None
[2026-06-18T17:22:59.390+0000] {processor.py:183} INFO - Processing /home/airflow/.local/lib/python3.8/site-packages/airflow/example_dags/example_trigger_target_dag.py took 0.145 seconds
[2026-06-18T17:23:29.795+0000] {processor.py:161} INFO - Started process (PID=4414) to work on /home/airflow/.local/lib/python3.8/site-packages/airflow/example_dags/example_trigger_target_dag.py
[2026-06-18T17:23:29.797+0000] {processor.py:830} INFO - Processing file /home/airflow/.local/lib/python3.8/site-packages/airflow/example_dags/example_trigger_target_dag.py for tasks to queue
[2026-06-18T17:23:29.800+0000] {logging_mixin.py:188} INFO - [2026-06-18T17:23:29.799+0000] {dagbag.py:538} INFO - Filling up the DagBag from /home/airflow/.local/lib/python3.8/site-packages/airflow/example_dags/example_trigger_target_dag.py
[2026-06-18T17:23:29.808+0000] {processor.py:840} INFO - DAG(s) 'example_trigger_target_dag' retrieved from /home/airflow/.local/lib/python3.8/site-packages/airflow/example_dags/example_trigger_target_dag.py
[2026-06-18T17:23:29.845+0000] {logging_mixin.py:188} INFO - [2026-06-18T17:23:29.844+0000] {dag.py:3036} INFO - Sync 1 DAGs
[2026-06-18T17:23:29.877+0000] {logging_mixin.py:188} INFO - [2026-06-18T17:23:29.876+0000] {dag.py:3823} INFO - Setting next_dagrun for example_trigger_target_dag to None, run_after=None
[2026-06-18T17:23:29.918+0000] {processor.py:183} INFO - Processing /home/airflow/.local/lib/python3.8/site-packages/airflow/example_dags/example_trigger_target_dag.py took 0.129 seconds
[2026-06-18T17:24:00.057+0000] {processor.py:161} INFO - Started process (PID=4479) to work on /home/airflow/.local/lib/python3.8/site-packages/airflow/example_dags/example_trigger_target_dag.py
[2026-06-18T17:24:00.058+0000] {processor.py:830} INFO - Processing file /home/airflow/.local/lib/python3.8/site-packages/airflow/example_dags/example_trigger_target_dag.py for tasks to queue
[2026-06-18T17:24:00.061+0000] {logging_mixin.py:188} INFO - [2026-06-18T17:24:00.060+0000] {dagbag.py:538} INFO - Filling up the DagBag from /home/airflow/.local/lib/python3.8/site-packages/airflow/example_dags/example_trigger_target_dag.py
[2026-06-18T17:24:00.069+0000] {processor.py:840} INFO - DAG(s) 'example_trigger_target_dag' retrieved from /home/airflow/.local/lib/python3.8/site-packages/airflow/example_dags/example_trigger_target_dag.py
[2026-06-18T17:24:00.104+0000] {logging_mixin.py:188} INFO - [2026-06-18T17:24:00.104+0000] {dag.py:3036} INFO - Sync 1 DAGs
[2026-06-18T17:24:00.126+0000] {logging_mixin.py:188} INFO - [2026-06-18T17:24:00.125+0000] {dag.py:3823} INFO - Setting next_dagrun for example_trigger_target_dag to None, run_after=None
[2026-06-18T17:24:00.164+0000] {processor.py:183} INFO - Processing /home/airflow/.local/lib/python3.8/site-packages/airflow/example_dags/example_trigger_target_dag.py took 0.112 seconds
[2026-06-18T17:24:30.482+0000] {processor.py:161} INFO - Started process (PID=4545) to work on /home/airflow/.local/lib/python3.8/site-packages/airflow/example_dags/example_trigger_target_dag.py
[2026-06-18T17:24:30.484+0000] {processor.py:830} INFO - Processing file /home/airflow/.local/lib/python3.8/site-packages/airflow/example_dags/example_trigger_target_dag.py for tasks to queue
[2026-06-18T17:24:30.487+0000] {logging_mixin.py:188} INFO - [2026-06-18T17:24:30.487+0000] {dagbag.py:538} INFO - Filling up the DagBag from /home/airflow/.local/lib/python3.8/site-packages/airflow/example_dags/example_trigger_target_dag.py
[2026-06-18T17:24:30.497+0000] {processor.py:840} INFO - DAG(s) 'example_trigger_target_dag' retrieved from /home/airflow/.local/lib/python3.8/site-packages/airflow/example_dags/example_trigger_target_dag.py
[2026-06-18T17:24:30.541+0000] {logging_mixin.py:188} INFO - [2026-06-18T17:24:30.541+0000] {dag.py:3036} INFO - Sync 1 DAGs
[2026-06-18T17:24:30.564+0000] {logging_mixin.py:188} INFO - [2026-06-18T17:24:30.564+0000] {dag.py:3823} INFO - Setting next_dagrun for example_trigger_target_dag to None, run_after=None
[2026-06-18T17:24:30.607+0000] {processor.py:183} INFO - Processing /home/airflow/.local/lib/python3.8/site-packages/airflow/example_dags/example_trigger_target_dag.py took 0.131 seconds
[2026-06-18T17:25:01.145+0000] {processor.py:161} INFO - Started process (PID=4612) to work on /home/airflow/.local/lib/python3.8/site-packages/airflow/example_dags/example_trigger_target_dag.py
[2026-06-18T17:25:01.146+0000] {processor.py:830} INFO - Processing file /home/airflow/.local/lib/python3.8/site-packages/airflow/example_dags/example_trigger_target_dag.py for tasks to queue
[2026-06-18T17:25:01.149+0000] {logging_mixin.py:188} INFO - [2026-06-18T17:25:01.148+0000] {dagbag.py:538} INFO - Filling up the DagBag from /home/airflow/.local/lib/python3.8/site-packages/airflow/example_dags/example_trigger_target_dag.py
[2026-06-18T17:25:01.158+0000] {processor.py:840} INFO - DAG(s) 'example_trigger_target_dag' retrieved from /home/airflow/.local/lib/python3.8/site-packages/airflow/example_dags/example_trigger_target_dag.py
[2026-06-18T17:25:01.199+0000] {logging_mixin.py:188} INFO - [2026-06-18T17:25:01.199+0000] {dag.py:3036} INFO - Sync 1 DAGs
[2026-06-18T17:25:01.224+0000] {logging_mixin.py:188} INFO - [2026-06-18T17:25:01.224+0000] {dag.py:3823} INFO - Setting next_dagrun for example_trigger_target_dag to None, run_after=None
[2026-06-18T17:25:01.262+0000] {processor.py:183} INFO - Processing /home/airflow/.local/lib/python3.8/site-packages/airflow/example_dags/example_trigger_target_dag.py took 0.122 seconds
[2026-06-18T17:25:31.512+0000] {processor.py:161} INFO - Started process (PID=4678) to work on /home/airflow/.local/lib/python3.8/site-packages/airflow/example_dags/example_trigger_target_dag.py
[2026-06-18T17:25:31.515+0000] {processor.py:830} INFO - Processing file /home/airflow/.local/lib/python3.8/site-packages/airflow/example_dags/example_trigger_target_dag.py for tasks to queue
[2026-06-18T17:25:31.518+0000] {logging_mixin.py:188} INFO - [2026-06-18T17:25:31.517+0000] {dagbag.py:538} INFO - Filling up the DagBag from /home/airflow/.local/lib/python3.8/site-packages/airflow/example_dags/example_trigger_target_dag.py
[2026-06-18T17:25:31.528+0000] {processor.py:840} INFO - DAG(s) 'example_trigger_target_dag' retrieved from /home/airflow/.local/lib/python3.8/site-packages/airflow/example_dags/example_trigger_target_dag.py
[2026-06-18T17:25:31.572+0000] {logging_mixin.py:188} INFO - [2026-06-18T17:25:31.572+0000] {dag.py:3036} INFO - Sync 1 DAGs
[2026-06-18T17:25:31.604+0000] {logging_mixin.py:188} INFO - [2026-06-18T17:25:31.603+0000] {dag.py:3823} INFO - Setting next_dagrun for example_trigger_target_dag to None, run_after=None
[2026-06-18T17:25:31.648+0000] {processor.py:183} INFO - Processing /home/airflow/.local/lib/python3.8/site-packages/airflow/example_dags/example_trigger_target_dag.py took 0.141 seconds
[2026-06-18T17:26:01.820+0000] {processor.py:161} INFO - Started process (PID=4744) to work on /home/airflow/.local/lib/python3.8/site-packages/airflow/example_dags/example_trigger_target_dag.py
[2026-06-18T17:26:01.821+0000] {processor.py:830} INFO - Processing file /home/airflow/.local/lib/python3.8/site-packages/airflow/example_dags/example_trigger_target_dag.py for tasks to queue
[2026-06-18T17:26:01.824+0000] {logging_mixin.py:188} INFO - [2026-06-18T17:26:01.824+0000] {dagbag.py:538} INFO - Filling up the DagBag from /home/airflow/.local/lib/python3.8/site-packages/airflow/example_dags/example_trigger_target_dag.py
[2026-06-18T17:26:01.835+0000] {processor.py:840} INFO - DAG(s) 'example_trigger_target_dag' retrieved from /home/airflow/.local/lib/python3.8/site-packages/airflow/example_dags/example_trigger_target_dag.py
[2026-06-18T17:26:01.880+0000] {logging_mixin.py:188} INFO - [2026-06-18T17:26:01.880+0000] {dag.py:3036} INFO - Sync 1 DAGs
[2026-06-18T17:26:01.910+0000] {logging_mixin.py:188} INFO - [2026-06-18T17:26:01.910+0000] {dag.py:3823} INFO - Setting next_dagrun for example_trigger_target_dag to None, run_after=None
[2026-06-18T17:26:01.991+0000] {processor.py:183} INFO - Processing /home/airflow/.local/lib/python3.8/site-packages/airflow/example_dags/example_trigger_target_dag.py took 0.177 seconds
[2026-06-18T17:26:32.329+0000] {processor.py:161} INFO - Started process (PID=4818) to work on /home/airflow/.local/lib/python3.8/site-packages/airflow/example_dags/example_trigger_target_dag.py
[2026-06-18T17:26:32.332+0000] {processor.py:830} INFO - Processing file /home/airflow/.local/lib/python3.8/site-packages/airflow/example_dags/example_trigger_target_dag.py for tasks to queue
[2026-06-18T17:26:32.335+0000] {logging_mixin.py:188} INFO - [2026-06-18T17:26:32.334+0000] {dagbag.py:538} INFO - Filling up the DagBag from /home/airflow/.local/lib/python3.8/site-packages/airflow/example_dags/example_trigger_target_dag.py
[2026-06-18T17:26:32.344+0000] {processor.py:840} INFO - DAG(s) 'example_trigger_target_dag' retrieved from /home/airflow/.local/lib/python3.8/site-packages/airflow/example_dags/example_trigger_target_dag.py
[2026-06-18T17:26:32.380+0000] {logging_mixin.py:188} INFO - [2026-06-18T17:26:32.380+0000] {dag.py:3036} INFO - Sync 1 DAGs
[2026-06-18T17:26:32.401+0000] {logging_mixin.py:188} INFO - [2026-06-18T17:26:32.401+0000] {dag.py:3823} INFO - Setting next_dagrun for example_trigger_target_dag to None, run_after=None
[2026-06-18T17:26:32.439+0000] {processor.py:183} INFO - Processing /home/airflow/.local/lib/python3.8/site-packages/airflow/example_dags/example_trigger_target_dag.py took 0.117 seconds
[2026-06-18T17:27:02.638+0000] {processor.py:161} INFO - Started process (PID=4885) to work on /home/airflow/.local/lib/python3.8/site-packages/airflow/example_dags/example_trigger_target_dag.py
[2026-06-18T17:27:02.639+0000] {processor.py:830} INFO - Processing file /home/airflow/.local/lib/python3.8/site-packages/airflow/example_dags/example_trigger_target_dag.py for tasks to queue
[2026-06-18T17:27:02.643+0000] {logging_mixin.py:188} INFO - [2026-06-18T17:27:02.642+0000] {dagbag.py:538} INFO - Filling up the DagBag from /home/airflow/.local/lib/python3.8/site-packages/airflow/example_dags/example_trigger_target_dag.py
[2026-06-18T17:27:02.652+0000] {processor.py:840} INFO - DAG(s) 'example_trigger_target_dag' retrieved from /home/airflow/.local/lib/python3.8/site-packages/airflow/example_dags/example_trigger_target_dag.py
[2026-06-18T17:27:02.691+0000] {logging_mixin.py:188} INFO - [2026-06-18T17:27:02.691+0000] {dag.py:3036} INFO - Sync 1 DAGs
[2026-06-18T17:27:02.713+0000] {logging_mixin.py:188} INFO - [2026-06-18T17:27:02.713+0000] {dag.py:3823} INFO - Setting next_dagrun for example_trigger_target_dag to None, run_after=None
[2026-06-18T17:27:02.747+0000] {processor.py:183} INFO - Processing /home/airflow/.local/lib/python3.8/site-packages/airflow/example_dags/example_trigger_target_dag.py took 0.115 seconds
[2026-06-18T17:27:33.350+0000] {processor.py:161} INFO - Started process (PID=4952) to work on /home/airflow/.local/lib/python3.8/site-packages/airflow/example_dags/example_trigger_target_dag.py
[2026-06-18T17:27:33.353+0000] {processor.py:830} INFO - Processing file /home/airflow/.local/lib/python3.8/site-packages/airflow/example_dags/example_trigger_target_dag.py for tasks to queue
[2026-06-18T17:27:33.356+0000] {logging_mixin.py:188} INFO - [2026-06-18T17:27:33.355+0000] {dagbag.py:538} INFO - Filling up the DagBag from /home/airflow/.local/lib/python3.8/site-packages/airflow/example_dags/example_trigger_target_dag.py
[2026-06-18T17:27:33.365+0000] {processor.py:840} INFO - DAG(s) 'example_trigger_target_dag' retrieved from /home/airflow/.local/lib/python3.8/site-packages/airflow/example_dags/example_trigger_target_dag.py
[2026-06-18T17:27:33.406+0000] {logging_mixin.py:188} INFO - [2026-06-18T17:27:33.406+0000] {dag.py:3036} INFO - Sync 1 DAGs
[2026-06-18T17:27:33.434+0000] {logging_mixin.py:188} INFO - [2026-06-18T17:27:33.433+0000] {dag.py:3823} INFO - Setting next_dagrun for example_trigger_target_dag to None, run_after=None
[2026-06-18T17:27:33.479+0000] {processor.py:183} INFO - Processing /home/airflow/.local/lib/python3.8/site-packages/airflow/example_dags/example_trigger_target_dag.py took 0.136 seconds
[2026-06-18T17:28:04.290+0000] {processor.py:161} INFO - Started process (PID=5019) to work on /home/airflow/.local/lib/python3.8/site-packages/airflow/example_dags/example_trigger_target_dag.py
[2026-06-18T17:28:04.293+0000] {processor.py:830} INFO - Processing file /home/airflow/.local/lib/python3.8/site-packages/airflow/example_dags/example_trigger_target_dag.py for tasks to queue
[2026-06-18T17:28:04.296+0000] {logging_mixin.py:188} INFO - [2026-06-18T17:28:04.296+0000] {dagbag.py:538} INFO - Filling up the DagBag from /home/airflow/.local/lib/python3.8/site-packages/airflow/example_dags/example_trigger_target_dag.py
[2026-06-18T17:28:04.307+0000] {processor.py:840} INFO - DAG(s) 'example_trigger_target_dag' retrieved from /home/airflow/.local/lib/python3.8/site-packages/airflow/example_dags/example_trigger_target_dag.py
[2026-06-18T17:28:04.345+0000] {logging_mixin.py:188} INFO - [2026-06-18T17:28:04.345+0000] {dag.py:3036} INFO - Sync 1 DAGs
[2026-06-18T17:28:04.366+0000] {logging_mixin.py:188} INFO - [2026-06-18T17:28:04.366+0000] {dag.py:3823} INFO - Setting next_dagrun for example_trigger_target_dag to None, run_after=None
[2026-06-18T17:28:04.404+0000] {processor.py:183} INFO - Processing /home/airflow/.local/lib/python3.8/site-packages/airflow/example_dags/example_trigger_target_dag.py took 0.120 seconds
[2026-06-18T17:28:34.840+0000] {processor.py:161} INFO - Started process (PID=5084) to work on /home/airflow/.local/lib/python3.8/site-packages/airflow/example_dags/example_trigger_target_dag.py
[2026-06-18T17:28:34.842+0000] {processor.py:830} INFO - Processing file /home/airflow/.local/lib/python3.8/site-packages/airflow/example_dags/example_trigger_target_dag.py for tasks to queue
[2026-06-18T17:28:34.845+0000] {logging_mixin.py:188} INFO - [2026-06-18T17:28:34.845+0000] {dagbag.py:538} INFO - Filling up the DagBag from /home/airflow/.local/lib/python3.8/site-packages/airflow/example_dags/example_trigger_target_dag.py
[2026-06-18T17:28:34.855+0000] {processor.py:840} INFO - DAG(s) 'example_trigger_target_dag' retrieved from /home/airflow/.local/lib/python3.8/site-packages/airflow/example_dags/example_trigger_target_dag.py
[2026-06-18T17:28:34.896+0000] {logging_mixin.py:188} INFO - [2026-06-18T17:28:34.895+0000] {dag.py:3036} INFO - Sync 1 DAGs
[2026-06-18T17:28:34.918+0000] {logging_mixin.py:188} INFO - [2026-06-18T17:28:34.918+0000] {dag.py:3823} INFO - Setting next_dagrun for example_trigger_target_dag to None, run_after=None
[2026-06-18T17:28:34.951+0000] {processor.py:183} INFO - Processing /home/airflow/.local/lib/python3.8/site-packages/airflow/example_dags/example_trigger_target_dag.py took 0.117 seconds
[2026-06-18T17:29:05.065+0000] {processor.py:161} INFO - Started process (PID=5150) to work on /home/airflow/.local/lib/python3.8/site-packages/airflow/example_dags/example_trigger_target_dag.py
[2026-06-18T17:29:05.067+0000] {processor.py:830} INFO - Processing file /home/airflow/.local/lib/python3.8/site-packages/airflow/example_dags/example_trigger_target_dag.py for tasks to queue
[2026-06-18T17:29:05.070+0000] {logging_mixin.py:188} INFO - [2026-06-18T17:29:05.069+0000] {dagbag.py:538} INFO - Filling up the DagBag from /home/airflow/.local/lib/python3.8/site-packages/airflow/example_dags/example_trigger_target_dag.py
[2026-06-18T17:29:05.080+0000] {processor.py:840} INFO - DAG(s) 'example_trigger_target_dag' retrieved from /home/airflow/.local/lib/python3.8/site-packages/airflow/example_dags/example_trigger_target_dag.py
[2026-06-18T17:29:05.123+0000] {logging_mixin.py:188} INFO - [2026-06-18T17:29:05.123+0000] {dag.py:3036} INFO - Sync 1 DAGs
[2026-06-18T17:29:05.150+0000] {logging_mixin.py:188} INFO - [2026-06-18T17:29:05.149+0000] {dag.py:3823} INFO - Setting next_dagrun for example_trigger_target_dag to None, run_after=None
[2026-06-18T17:29:05.190+0000] {processor.py:183} INFO - Processing /home/airflow/.local/lib/python3.8/site-packages/airflow/example_dags/example_trigger_target_dag.py took 0.131 seconds
[2026-06-18T17:29:35.789+0000] {processor.py:161} INFO - Started process (PID=5214) to work on /home/airflow/.local/lib/python3.8/site-packages/airflow/example_dags/example_trigger_target_dag.py
[2026-06-18T17:29:35.790+0000] {processor.py:830} INFO - Processing file /home/airflow/.local/lib/python3.8/site-packages/airflow/example_dags/example_trigger_target_dag.py for tasks to queue
[2026-06-18T17:29:35.793+0000] {logging_mixin.py:188} INFO - [2026-06-18T17:29:35.793+0000] {dagbag.py:538} INFO - Filling up the DagBag from /home/airflow/.local/lib/python3.8/site-packages/airflow/example_dags/example_trigger_target_dag.py
[2026-06-18T17:29:35.803+0000] {processor.py:840} INFO - DAG(s) 'example_trigger_target_dag' retrieved from /home/airflow/.local/lib/python3.8/site-packages/airflow/example_dags/example_trigger_target_dag.py
[2026-06-18T17:29:35.844+0000] {logging_mixin.py:188} INFO - [2026-06-18T17:29:35.844+0000] {dag.py:3036} INFO - Sync 1 DAGs
[2026-06-18T17:29:35.872+0000] {logging_mixin.py:188} INFO - [2026-06-18T17:29:35.871+0000] {dag.py:3823} INFO - Setting next_dagrun for example_trigger_target_dag to None, run_after=None
[2026-06-18T17:29:35.911+0000] {processor.py:183} INFO - Processing /home/airflow/.local/lib/python3.8/site-packages/airflow/example_dags/example_trigger_target_dag.py took 0.128 seconds
[2026-06-18T17:30:06.314+0000] {processor.py:161} INFO - Started process (PID=5278) to work on /home/airflow/.local/lib/python3.8/site-packages/airflow/example_dags/example_trigger_target_dag.py
[2026-06-18T17:30:06.316+0000] {processor.py:830} INFO - Processing file /home/airflow/.local/lib/python3.8/site-packages/airflow/example_dags/example_trigger_target_dag.py for tasks to queue
[2026-06-18T17:30:06.318+0000] {logging_mixin.py:188} INFO - [2026-06-18T17:30:06.318+0000] {dagbag.py:538} INFO - Filling up the DagBag from /home/airflow/.local/lib/python3.8/site-packages/airflow/example_dags/example_trigger_target_dag.py
[2026-06-18T17:30:06.327+0000] {processor.py:840} INFO - DAG(s) 'example_trigger_target_dag' retrieved from /home/airflow/.local/lib/python3.8/site-packages/airflow/example_dags/example_trigger_target_dag.py
[2026-06-18T17:30:06.363+0000] {logging_mixin.py:188} INFO - [2026-06-18T17:30:06.363+0000] {dag.py:3036} INFO - Sync 1 DAGs
[2026-06-18T17:30:06.383+0000] {logging_mixin.py:188} INFO - [2026-06-18T17:30:06.383+0000] {dag.py:3823} INFO - Setting next_dagrun for example_trigger_target_dag to None, run_after=None
[2026-06-18T17:30:06.418+0000] {processor.py:183} INFO - Processing /home/airflow/.local/lib/python3.8/site-packages/airflow/example_dags/example_trigger_target_dag.py took 0.110 seconds
[2026-06-18T17:30:36.974+0000] {processor.py:161} INFO - Started process (PID=5344) to work on /home/airflow/.local/lib/python3.8/site-packages/airflow/example_dags/example_trigger_target_dag.py
[2026-06-18T17:30:36.975+0000] {processor.py:830} INFO - Processing file /home/airflow/.local/lib/python3.8/site-packages/airflow/example_dags/example_trigger_target_dag.py for tasks to queue
[2026-06-18T17:30:36.978+0000] {logging_mixin.py:188} INFO - [2026-06-18T17:30:36.977+0000] {dagbag.py:538} INFO - Filling up the DagBag from /home/airflow/.local/lib/python3.8/site-packages/airflow/example_dags/example_trigger_target_dag.py
[2026-06-18T17:30:36.986+0000] {processor.py:840} INFO - DAG(s) 'example_trigger_target_dag' retrieved from /home/airflow/.local/lib/python3.8/site-packages/airflow/example_dags/example_trigger_target_dag.py
[2026-06-18T17:30:37.028+0000] {logging_mixin.py:188} INFO - [2026-06-18T17:30:37.028+0000] {dag.py:3036} INFO - Sync 1 DAGs
[2026-06-18T17:30:37.052+0000] {logging_mixin.py:188} INFO - [2026-06-18T17:30:37.052+0000] {dag.py:3823} INFO - Setting next_dagrun for example_trigger_target_dag to None, run_after=None
[2026-06-18T17:30:37.084+0000] {processor.py:183} INFO - Processing /home/airflow/.local/lib/python3.8/site-packages/airflow/example_dags/example_trigger_target_dag.py took 0.117 seconds
[2026-06-18T17:31:07.493+0000] {processor.py:161} INFO - Started process (PID=5410) to work on /home/airflow/.local/lib/python3.8/site-packages/airflow/example_dags/example_trigger_target_dag.py
[2026-06-18T17:31:07.495+0000] {processor.py:830} INFO - Processing file /home/airflow/.local/lib/python3.8/site-packages/airflow/example_dags/example_trigger_target_dag.py for tasks to queue
[2026-06-18T17:31:07.497+0000] {logging_mixin.py:188} INFO - [2026-06-18T17:31:07.497+0000] {dagbag.py:538} INFO - Filling up the DagBag from /home/airflow/.local/lib/python3.8/site-packages/airflow/example_dags/example_trigger_target_dag.py
[2026-06-18T17:31:07.505+0000] {processor.py:840} INFO - DAG(s) 'example_trigger_target_dag' retrieved from /home/airflow/.local/lib/python3.8/site-packages/airflow/example_dags/example_trigger_target_dag.py
[2026-06-18T17:31:07.547+0000] {logging_mixin.py:188} INFO - [2026-06-18T17:31:07.546+0000] {dag.py:3036} INFO - Sync 1 DAGs
[2026-06-18T17:31:07.571+0000] {logging_mixin.py:188} INFO - [2026-06-18T17:31:07.570+0000] {dag.py:3823} INFO - Setting next_dagrun for example_trigger_target_dag to None, run_after=None
[2026-06-18T17:31:07.604+0000] {processor.py:183} INFO - Processing /home/airflow/.local/lib/python3.8/site-packages/airflow/example_dags/example_trigger_target_dag.py took 0.116 seconds
[2026-06-18T17:31:37.784+0000] {processor.py:161} INFO - Started process (PID=5475) to work on /home/airflow/.local/lib/python3.8/site-packages/airflow/example_dags/example_trigger_target_dag.py
[2026-06-18T17:31:37.785+0000] {processor.py:830} INFO - Processing file /home/airflow/.local/lib/python3.8/site-packages/airflow/example_dags/example_trigger_target_dag.py for tasks to queue
[2026-06-18T17:31:37.788+0000] {logging_mixin.py:188} INFO - [2026-06-18T17:31:37.787+0000] {dagbag.py:538} INFO - Filling up the DagBag from /home/airflow/.local/lib/python3.8/site-packages/airflow/example_dags/example_trigger_target_dag.py
[2026-06-18T17:31:37.797+0000] {processor.py:840} INFO - DAG(s) 'example_trigger_target_dag' retrieved from /home/airflow/.local/lib/python3.8/site-packages/airflow/example_dags/example_trigger_target_dag.py
[2026-06-18T17:31:37.837+0000] {logging_mixin.py:188} INFO - [2026-06-18T17:31:37.836+0000] {dag.py:3036} INFO - Sync 1 DAGs
[2026-06-18T17:31:37.861+0000] {logging_mixin.py:188} INFO - [2026-06-18T17:31:37.861+0000] {dag.py:3823} INFO - Setting next_dagrun for example_trigger_target_dag to None, run_after=None
[2026-06-18T17:31:37.900+0000] {processor.py:183} INFO - Processing /home/airflow/.local/lib/python3.8/site-packages/airflow/example_dags/example_trigger_target_dag.py took 0.121 seconds
[2026-06-18T17:32:08.290+0000] {processor.py:161} INFO - Started process (PID=5549) to work on /home/airflow/.local/lib/python3.8/site-packages/airflow/example_dags/example_trigger_target_dag.py
[2026-06-18T17:32:08.292+0000] {processor.py:830} INFO - Processing file /home/airflow/.local/lib/python3.8/site-packages/airflow/example_dags/example_trigger_target_dag.py for tasks to queue
[2026-06-18T17:32:08.296+0000] {logging_mixin.py:188} INFO - [2026-06-18T17:32:08.295+0000] {dagbag.py:538} INFO - Filling up the DagBag from /home/airflow/.local/lib/python3.8/site-packages/airflow/example_dags/example_trigger_target_dag.py
[2026-06-18T17:32:08.305+0000] {processor.py:840} INFO - DAG(s) 'example_trigger_target_dag' retrieved from /home/airflow/.local/lib/python3.8/site-packages/airflow/example_dags/example_trigger_target_dag.py
[2026-06-18T17:32:08.348+0000] {logging_mixin.py:188} INFO - [2026-06-18T17:32:08.348+0000] {dag.py:3036} INFO - Sync 1 DAGs
[2026-06-18T17:32:08.375+0000] {logging_mixin.py:188} INFO - [2026-06-18T17:32:08.374+0000] {dag.py:3823} INFO - Setting next_dagrun for example_trigger_target_dag to None, run_after=None
[2026-06-18T17:32:08.411+0000] {processor.py:183} INFO - Processing /home/airflow/.local/lib/python3.8/site-packages/airflow/example_dags/example_trigger_target_dag.py took 0.126 seconds
[2026-06-18T17:32:38.818+0000] {processor.py:161} INFO - Started process (PID=5615) to work on /home/airflow/.local/lib/python3.8/site-packages/airflow/example_dags/example_trigger_target_dag.py
[2026-06-18T17:32:38.819+0000] {processor.py:830} INFO - Processing file /home/airflow/.local/lib/python3.8/site-packages/airflow/example_dags/example_trigger_target_dag.py for tasks to queue
[2026-06-18T17:32:38.823+0000] {logging_mixin.py:188} INFO - [2026-06-18T17:32:38.822+0000] {dagbag.py:538} INFO - Filling up the DagBag from /home/airflow/.local/lib/python3.8/site-packages/airflow/example_dags/example_trigger_target_dag.py
[2026-06-18T17:32:38.833+0000] {processor.py:840} INFO - DAG(s) 'example_trigger_target_dag' retrieved from /home/airflow/.local/lib/python3.8/site-packages/airflow/example_dags/example_trigger_target_dag.py
[2026-06-18T17:32:38.887+0000] {logging_mixin.py:188} INFO - [2026-06-18T17:32:38.886+0000] {dag.py:3036} INFO - Sync 1 DAGs
[2026-06-18T17:32:38.912+0000] {logging_mixin.py:188} INFO - [2026-06-18T17:32:38.912+0000] {dag.py:3823} INFO - Setting next_dagrun for example_trigger_target_dag to None, run_after=None
[2026-06-18T17:32:38.957+0000] {processor.py:183} INFO - Processing /home/airflow/.local/lib/python3.8/site-packages/airflow/example_dags/example_trigger_target_dag.py took 0.145 seconds
[2026-06-18T17:33:09.367+0000] {processor.py:161} INFO - Started process (PID=5681) to work on /home/airflow/.local/lib/python3.8/site-packages/airflow/example_dags/example_trigger_target_dag.py
[2026-06-18T17:33:09.378+0000] {processor.py:830} INFO - Processing file /home/airflow/.local/lib/python3.8/site-packages/airflow/example_dags/example_trigger_target_dag.py for tasks to queue
[2026-06-18T17:33:09.382+0000] {logging_mixin.py:188} INFO - [2026-06-18T17:33:09.382+0000] {dagbag.py:538} INFO - Filling up the DagBag from /home/airflow/.local/lib/python3.8/site-packages/airflow/example_dags/example_trigger_target_dag.py
[2026-06-18T17:33:09.393+0000] {processor.py:840} INFO - DAG(s) 'example_trigger_target_dag' retrieved from /home/airflow/.local/lib/python3.8/site-packages/airflow/example_dags/example_trigger_target_dag.py
[2026-06-18T17:33:09.436+0000] {logging_mixin.py:188} INFO - [2026-06-18T17:33:09.435+0000] {dag.py:3036} INFO - Sync 1 DAGs
[2026-06-18T17:33:09.467+0000] {logging_mixin.py:188} INFO - [2026-06-18T17:33:09.466+0000] {dag.py:3823} INFO - Setting next_dagrun for example_trigger_target_dag to None, run_after=None
[2026-06-18T17:33:09.502+0000] {processor.py:183} INFO - Processing /home/airflow/.local/lib/python3.8/site-packages/airflow/example_dags/example_trigger_target_dag.py took 0.142 seconds
[2026-06-18T17:33:39.880+0000] {processor.py:161} INFO - Started process (PID=5746) to work on /home/airflow/.local/lib/python3.8/site-packages/airflow/example_dags/example_trigger_target_dag.py
[2026-06-18T17:33:39.883+0000] {processor.py:830} INFO - Processing file /home/airflow/.local/lib/python3.8/site-packages/airflow/example_dags/example_trigger_target_dag.py for tasks to queue
[2026-06-18T17:33:39.886+0000] {logging_mixin.py:188} INFO - [2026-06-18T17:33:39.886+0000] {dagbag.py:538} INFO - Filling up the DagBag from /home/airflow/.local/lib/python3.8/site-packages/airflow/example_dags/example_trigger_target_dag.py
[2026-06-18T17:33:39.897+0000] {processor.py:840} INFO - DAG(s) 'example_trigger_target_dag' retrieved from /home/airflow/.local/lib/python3.8/site-packages/airflow/example_dags/example_trigger_target_dag.py
[2026-06-18T17:33:39.946+0000] {logging_mixin.py:188} INFO - [2026-06-18T17:33:39.946+0000] {dag.py:3036} INFO - Sync 1 DAGs
[2026-06-18T17:33:39.990+0000] {logging_mixin.py:188} INFO - [2026-06-18T17:33:39.989+0000] {dag.py:3823} INFO - Setting next_dagrun for example_trigger_target_dag to None, run_after=None
[2026-06-18T17:33:40.024+0000] {processor.py:183} INFO - Processing /home/airflow/.local/lib/python3.8/site-packages/airflow/example_dags/example_trigger_target_dag.py took 0.161 seconds
[2026-06-18T17:34:10.345+0000] {processor.py:161} INFO - Started process (PID=5813) to work on /home/airflow/.local/lib/python3.8/site-packages/airflow/example_dags/example_trigger_target_dag.py
[2026-06-18T17:34:10.347+0000] {processor.py:830} INFO - Processing file /home/airflow/.local/lib/python3.8/site-packages/airflow/example_dags/example_trigger_target_dag.py for tasks to queue
[2026-06-18T17:34:10.349+0000] {logging_mixin.py:188} INFO - [2026-06-18T17:34:10.349+0000] {dagbag.py:538} INFO - Filling up the DagBag from /home/airflow/.local/lib/python3.8/site-packages/airflow/example_dags/example_trigger_target_dag.py
[2026-06-18T17:34:10.357+0000] {processor.py:840} INFO - DAG(s) 'example_trigger_target_dag' retrieved from /home/airflow/.local/lib/python3.8/site-packages/airflow/example_dags/example_trigger_target_dag.py
[2026-06-18T17:34:10.393+0000] {logging_mixin.py:188} INFO - [2026-06-18T17:34:10.393+0000] {dag.py:3036} INFO - Sync 1 DAGs
[2026-06-18T17:34:10.419+0000] {logging_mixin.py:188} INFO - [2026-06-18T17:34:10.419+0000] {dag.py:3823} INFO - Setting next_dagrun for example_trigger_target_dag to None, run_after=None
[2026-06-18T17:34:10.459+0000] {processor.py:183} INFO - Processing /home/airflow/.local/lib/python3.8/site-packages/airflow/example_dags/example_trigger_target_dag.py took 0.119 seconds
[2026-06-18T17:34:40.905+0000] {processor.py:161} INFO - Started process (PID=5878) to work on /home/airflow/.local/lib/python3.8/site-packages/airflow/example_dags/example_trigger_target_dag.py
[2026-06-18T17:34:40.907+0000] {processor.py:830} INFO - Processing file /home/airflow/.local/lib/python3.8/site-packages/airflow/example_dags/example_trigger_target_dag.py for tasks to queue
[2026-06-18T17:34:40.909+0000] {logging_mixin.py:188} INFO - [2026-06-18T17:34:40.909+0000] {dagbag.py:538} INFO - Filling up the DagBag from /home/airflow/.local/lib/python3.8/site-packages/airflow/example_dags/example_trigger_target_dag.py
[2026-06-18T17:34:40.920+0000] {processor.py:840} INFO - DAG(s) 'example_trigger_target_dag' retrieved from /home/airflow/.local/lib/python3.8/site-packages/airflow/example_dags/example_trigger_target_dag.py
[2026-06-18T17:34:40.963+0000] {logging_mixin.py:188} INFO - [2026-06-18T17:34:40.962+0000] {dag.py:3036} INFO - Sync 1 DAGs
[2026-06-18T17:34:40.990+0000] {logging_mixin.py:188} INFO - [2026-06-18T17:34:40.990+0000] {dag.py:3823} INFO - Setting next_dagrun for example_trigger_target_dag to None, run_after=None
[2026-06-18T17:34:41.032+0000] {processor.py:183} INFO - Processing /home/airflow/.local/lib/python3.8/site-packages/airflow/example_dags/example_trigger_target_dag.py took 0.133 seconds
[2026-06-18T17:35:11.437+0000] {processor.py:161} INFO - Started process (PID=5944) to work on /home/airflow/.local/lib/python3.8/site-packages/airflow/example_dags/example_trigger_target_dag.py
[2026-06-18T17:35:11.438+0000] {processor.py:830} INFO - Processing file /home/airflow/.local/lib/python3.8/site-packages/airflow/example_dags/example_trigger_target_dag.py for tasks to queue
[2026-06-18T17:35:11.441+0000] {logging_mixin.py:188} INFO - [2026-06-18T17:35:11.441+0000] {dagbag.py:538} INFO - Filling up the DagBag from /home/airflow/.local/lib/python3.8/site-packages/airflow/example_dags/example_trigger_target_dag.py
[2026-06-18T17:35:11.451+0000] {processor.py:840} INFO - DAG(s) 'example_trigger_target_dag' retrieved from /home/airflow/.local/lib/python3.8/site-packages/airflow/example_dags/example_trigger_target_dag.py
[2026-06-18T17:35:11.487+0000] {logging_mixin.py:188} INFO - [2026-06-18T17:35:11.486+0000] {dag.py:3036} INFO - Sync 1 DAGs
[2026-06-18T17:35:11.508+0000] {logging_mixin.py:188} INFO - [2026-06-18T17:35:11.508+0000] {dag.py:3823} INFO - Setting next_dagrun for example_trigger_target_dag to None, run_after=None
[2026-06-18T17:35:11.539+0000] {processor.py:183} INFO - Processing /home/airflow/.local/lib/python3.8/site-packages/airflow/example_dags/example_trigger_target_dag.py took 0.107 seconds
[2026-06-18T17:35:41.826+0000] {processor.py:161} INFO - Started process (PID=6009) to work on /home/airflow/.local/lib/python3.8/site-packages/airflow/example_dags/example_trigger_target_dag.py
[2026-06-18T17:35:41.829+0000] {processor.py:830} INFO - Processing file /home/airflow/.local/lib/python3.8/site-packages/airflow/example_dags/example_trigger_target_dag.py for tasks to queue
[2026-06-18T17:35:41.832+0000] {logging_mixin.py:188} INFO - [2026-06-18T17:35:41.831+0000] {dagbag.py:538} INFO - Filling up the DagBag from /home/airflow/.local/lib/python3.8/site-packages/airflow/example_dags/example_trigger_target_dag.py
[2026-06-18T17:35:41.842+0000] {processor.py:840} INFO - DAG(s) 'example_trigger_target_dag' retrieved from /home/airflow/.local/lib/python3.8/site-packages/airflow/example_dags/example_trigger_target_dag.py
[2026-06-18T17:35:41.881+0000] {logging_mixin.py:188} INFO - [2026-06-18T17:35:41.881+0000] {dag.py:3036} INFO - Sync 1 DAGs
[2026-06-18T17:35:41.903+0000] {logging_mixin.py:188} INFO - [2026-06-18T17:35:41.903+0000] {dag.py:3823} INFO - Setting next_dagrun for example_trigger_target_dag to None, run_after=None
[2026-06-18T17:35:41.932+0000] {processor.py:183} INFO - Processing /home/airflow/.local/lib/python3.8/site-packages/airflow/example_dags/example_trigger_target_dag.py took 0.112 seconds
[2026-06-18T17:36:12.073+0000] {processor.py:161} INFO - Started process (PID=6075) to work on /home/airflow/.local/lib/python3.8/site-packages/airflow/example_dags/example_trigger_target_dag.py
[2026-06-18T17:36:12.074+0000] {processor.py:830} INFO - Processing file /home/airflow/.local/lib/python3.8/site-packages/airflow/example_dags/example_trigger_target_dag.py for tasks to queue
[2026-06-18T17:36:12.077+0000] {logging_mixin.py:188} INFO - [2026-06-18T17:36:12.077+0000] {dagbag.py:538} INFO - Filling up the DagBag from /home/airflow/.local/lib/python3.8/site-packages/airflow/example_dags/example_trigger_target_dag.py
[2026-06-18T17:36:12.087+0000] {processor.py:840} INFO - DAG(s) 'example_trigger_target_dag' retrieved from /home/airflow/.local/lib/python3.8/site-packages/airflow/example_dags/example_trigger_target_dag.py
[2026-06-18T17:36:12.128+0000] {logging_mixin.py:188} INFO - [2026-06-18T17:36:12.128+0000] {dag.py:3036} INFO - Sync 1 DAGs
[2026-06-18T17:36:12.151+0000] {logging_mixin.py:188} INFO - [2026-06-18T17:36:12.151+0000] {dag.py:3823} INFO - Setting next_dagrun for example_trigger_target_dag to None, run_after=None
[2026-06-18T17:36:12.186+0000] {processor.py:183} INFO - Processing /home/airflow/.local/lib/python3.8/site-packages/airflow/example_dags/example_trigger_target_dag.py took 0.119 seconds
[2026-06-18T17:36:42.412+0000] {processor.py:161} INFO - Started process (PID=6141) to work on /home/airflow/.local/lib/python3.8/site-packages/airflow/example_dags/example_trigger_target_dag.py
[2026-06-18T17:36:42.414+0000] {processor.py:830} INFO - Processing file /home/airflow/.local/lib/python3.8/site-packages/airflow/example_dags/example_trigger_target_dag.py for tasks to queue
[2026-06-18T17:36:42.416+0000] {logging_mixin.py:188} INFO - [2026-06-18T17:36:42.416+0000] {dagbag.py:538} INFO - Filling up the DagBag from /home/airflow/.local/lib/python3.8/site-packages/airflow/example_dags/example_trigger_target_dag.py
[2026-06-18T17:36:42.425+0000] {processor.py:840} INFO - DAG(s) 'example_trigger_target_dag' retrieved from /home/airflow/.local/lib/python3.8/site-packages/airflow/example_dags/example_trigger_target_dag.py
[2026-06-18T17:36:42.463+0000] {logging_mixin.py:188} INFO - [2026-06-18T17:36:42.463+0000] {dag.py:3036} INFO - Sync 1 DAGs
[2026-06-18T17:36:42.487+0000] {logging_mixin.py:188} INFO - [2026-06-18T17:36:42.486+0000] {dag.py:3823} INFO - Setting next_dagrun for example_trigger_target_dag to None, run_after=None
[2026-06-18T17:36:42.522+0000] {processor.py:183} INFO - Processing /home/airflow/.local/lib/python3.8/site-packages/airflow/example_dags/example_trigger_target_dag.py took 0.116 seconds
[2026-06-18T17:37:12.681+0000] {processor.py:161} INFO - Started process (PID=6207) to work on /home/airflow/.local/lib/python3.8/site-packages/airflow/example_dags/example_trigger_target_dag.py
[2026-06-18T17:37:12.683+0000] {processor.py:830} INFO - Processing file /home/airflow/.local/lib/python3.8/site-packages/airflow/example_dags/example_trigger_target_dag.py for tasks to queue
[2026-06-18T17:37:12.686+0000] {logging_mixin.py:188} INFO - [2026-06-18T17:37:12.686+0000] {dagbag.py:538} INFO - Filling up the DagBag from /home/airflow/.local/lib/python3.8/site-packages/airflow/example_dags/example_trigger_target_dag.py
[2026-06-18T17:37:12.697+0000] {processor.py:840} INFO - DAG(s) 'example_trigger_target_dag' retrieved from /home/airflow/.local/lib/python3.8/site-packages/airflow/example_dags/example_trigger_target_dag.py
[2026-06-18T17:37:12.736+0000] {logging_mixin.py:188} INFO - [2026-06-18T17:37:12.736+0000] {dag.py:3036} INFO - Sync 1 DAGs
[2026-06-18T17:37:12.758+0000] {logging_mixin.py:188} INFO - [2026-06-18T17:37:12.757+0000] {dag.py:3823} INFO - Setting next_dagrun for example_trigger_target_dag to None, run_after=None
[2026-06-18T17:37:12.791+0000] {processor.py:183} INFO - Processing /home/airflow/.local/lib/python3.8/site-packages/airflow/example_dags/example_trigger_target_dag.py took 0.115 seconds
[2026-06-18T17:37:43.289+0000] {processor.py:161} INFO - Started process (PID=6272) to work on /home/airflow/.local/lib/python3.8/site-packages/airflow/example_dags/example_trigger_target_dag.py
[2026-06-18T17:37:43.291+0000] {processor.py:830} INFO - Processing file /home/airflow/.local/lib/python3.8/site-packages/airflow/example_dags/example_trigger_target_dag.py for tasks to queue
[2026-06-18T17:37:43.294+0000] {logging_mixin.py:188} INFO - [2026-06-18T17:37:43.293+0000] {dagbag.py:538} INFO - Filling up the DagBag from /home/airflow/.local/lib/python3.8/site-packages/airflow/example_dags/example_trigger_target_dag.py
[2026-06-18T17:37:43.303+0000] {processor.py:840} INFO - DAG(s) 'example_trigger_target_dag' retrieved from /home/airflow/.local/lib/python3.8/site-packages/airflow/example_dags/example_trigger_target_dag.py
[2026-06-18T17:37:43.343+0000] {logging_mixin.py:188} INFO - [2026-06-18T17:37:43.343+0000] {dag.py:3036} INFO - Sync 1 DAGs
[2026-06-18T17:37:43.376+0000] {logging_mixin.py:188} INFO - [2026-06-18T17:37:43.376+0000] {dag.py:3823} INFO - Setting next_dagrun for example_trigger_target_dag to None, run_after=None
[2026-06-18T17:37:43.426+0000] {processor.py:183} INFO - Processing /home/airflow/.local/lib/python3.8/site-packages/airflow/example_dags/example_trigger_target_dag.py took 0.143 seconds
[2026-06-18T17:38:14.315+0000] {processor.py:161} INFO - Started process (PID=6337) to work on /home/airflow/.local/lib/python3.8/site-packages/airflow/example_dags/example_trigger_target_dag.py
[2026-06-18T17:38:14.316+0000] {processor.py:830} INFO - Processing file /home/airflow/.local/lib/python3.8/site-packages/airflow/example_dags/example_trigger_target_dag.py for tasks to queue
[2026-06-18T17:38:14.318+0000] {logging_mixin.py:188} INFO - [2026-06-18T17:38:14.318+0000] {dagbag.py:538} INFO - Filling up the DagBag from /home/airflow/.local/lib/python3.8/site-packages/airflow/example_dags/example_trigger_target_dag.py
[2026-06-18T17:38:14.326+0000] {processor.py:840} INFO - DAG(s) 'example_trigger_target_dag' retrieved from /home/airflow/.local/lib/python3.8/site-packages/airflow/example_dags/example_trigger_target_dag.py
[2026-06-18T17:38:14.366+0000] {logging_mixin.py:188} INFO - [2026-06-18T17:38:14.366+0000] {dag.py:3036} INFO - Sync 1 DAGs
[2026-06-18T17:38:14.390+0000] {logging_mixin.py:188} INFO - [2026-06-18T17:38:14.390+0000] {dag.py:3823} INFO - Setting next_dagrun for example_trigger_target_dag to None, run_after=None
[2026-06-18T17:38:14.423+0000] {processor.py:183} INFO - Processing /home/airflow/.local/lib/python3.8/site-packages/airflow/example_dags/example_trigger_target_dag.py took 0.114 seconds
[2026-06-18T17:38:44.668+0000] {processor.py:161} INFO - Started process (PID=6410) to work on /home/airflow/.local/lib/python3.8/site-packages/airflow/example_dags/example_trigger_target_dag.py
[2026-06-18T17:38:44.671+0000] {processor.py:830} INFO - Processing file /home/airflow/.local/lib/python3.8/site-packages/airflow/example_dags/example_trigger_target_dag.py for tasks to queue
[2026-06-18T17:38:44.674+0000] {logging_mixin.py:188} INFO - [2026-06-18T17:38:44.673+0000] {dagbag.py:538} INFO - Filling up the DagBag from /home/airflow/.local/lib/python3.8/site-packages/airflow/example_dags/example_trigger_target_dag.py
[2026-06-18T17:38:44.686+0000] {processor.py:840} INFO - DAG(s) 'example_trigger_target_dag' retrieved from /home/airflow/.local/lib/python3.8/site-packages/airflow/example_dags/example_trigger_target_dag.py
[2026-06-18T17:38:44.725+0000] {logging_mixin.py:188} INFO - [2026-06-18T17:38:44.725+0000] {dag.py:3036} INFO - Sync 1 DAGs
[2026-06-18T17:38:44.750+0000] {logging_mixin.py:188} INFO - [2026-06-18T17:38:44.749+0000] {dag.py:3823} INFO - Setting next_dagrun for example_trigger_target_dag to None, run_after=None
[2026-06-18T17:38:44.782+0000] {processor.py:183} INFO - Processing /home/airflow/.local/lib/python3.8/site-packages/airflow/example_dags/example_trigger_target_dag.py took 0.120 seconds
[2026-06-18T17:39:15.367+0000] {processor.py:161} INFO - Started process (PID=6477) to work on /home/airflow/.local/lib/python3.8/site-packages/airflow/example_dags/example_trigger_target_dag.py
[2026-06-18T17:39:15.369+0000] {processor.py:830} INFO - Processing file /home/airflow/.local/lib/python3.8/site-packages/airflow/example_dags/example_trigger_target_dag.py for tasks to queue
[2026-06-18T17:39:15.371+0000] {logging_mixin.py:188} INFO - [2026-06-18T17:39:15.371+0000] {dagbag.py:538} INFO - Filling up the DagBag from /home/airflow/.local/lib/python3.8/site-packages/airflow/example_dags/example_trigger_target_dag.py
[2026-06-18T17:39:15.380+0000] {processor.py:840} INFO - DAG(s) 'example_trigger_target_dag' retrieved from /home/airflow/.local/lib/python3.8/site-packages/airflow/example_dags/example_trigger_target_dag.py
[2026-06-18T17:39:15.416+0000] {logging_mixin.py:188} INFO - [2026-06-18T17:39:15.415+0000] {dag.py:3036} INFO - Sync 1 DAGs
[2026-06-18T17:39:15.436+0000] {logging_mixin.py:188} INFO - [2026-06-18T17:39:15.436+0000] {dag.py:3823} INFO - Setting next_dagrun for example_trigger_target_dag to None, run_after=None
[2026-06-18T17:39:15.468+0000] {processor.py:183} INFO - Processing /home/airflow/.local/lib/python3.8/site-packages/airflow/example_dags/example_trigger_target_dag.py took 0.106 seconds
[2026-06-18T17:39:46.049+0000] {processor.py:161} INFO - Started process (PID=6543) to work on /home/airflow/.local/lib/python3.8/site-packages/airflow/example_dags/example_trigger_target_dag.py
[2026-06-18T17:39:46.051+0000] {processor.py:830} INFO - Processing file /home/airflow/.local/lib/python3.8/site-packages/airflow/example_dags/example_trigger_target_dag.py for tasks to queue
[2026-06-18T17:39:46.053+0000] {logging_mixin.py:188} INFO - [2026-06-18T17:39:46.053+0000] {dagbag.py:538} INFO - Filling up the DagBag from /home/airflow/.local/lib/python3.8/site-packages/airflow/example_dags/example_trigger_target_dag.py
[2026-06-18T17:39:46.062+0000] {processor.py:840} INFO - DAG(s) 'example_trigger_target_dag' retrieved from /home/airflow/.local/lib/python3.8/site-packages/airflow/example_dags/example_trigger_target_dag.py
[2026-06-18T17:39:46.109+0000] {logging_mixin.py:188} INFO - [2026-06-18T17:39:46.108+0000] {dag.py:3036} INFO - Sync 1 DAGs
[2026-06-18T17:39:46.129+0000] {logging_mixin.py:188} INFO - [2026-06-18T17:39:46.129+0000] {dag.py:3823} INFO - Setting next_dagrun for example_trigger_target_dag to None, run_after=None
[2026-06-18T17:39:46.164+0000] {processor.py:183} INFO - Processing /home/airflow/.local/lib/python3.8/site-packages/airflow/example_dags/example_trigger_target_dag.py took 0.124 seconds
[2026-06-18T17:40:16.959+0000] {processor.py:161} INFO - Started process (PID=6609) to work on /home/airflow/.local/lib/python3.8/site-packages/airflow/example_dags/example_trigger_target_dag.py
[2026-06-18T17:40:16.962+0000] {processor.py:830} INFO - Processing file /home/airflow/.local/lib/python3.8/site-packages/airflow/example_dags/example_trigger_target_dag.py for tasks to queue
[2026-06-18T17:40:16.969+0000] {logging_mixin.py:188} INFO - [2026-06-18T17:40:16.966+0000] {dagbag.py:538} INFO - Filling up the DagBag from /home/airflow/.local/lib/python3.8/site-packages/airflow/example_dags/example_trigger_target_dag.py
[2026-06-18T17:40:16.996+0000] {processor.py:840} INFO - DAG(s) 'example_trigger_target_dag' retrieved from /home/airflow/.local/lib/python3.8/site-packages/airflow/example_dags/example_trigger_target_dag.py
[2026-06-18T17:40:17.071+0000] {logging_mixin.py:188} INFO - [2026-06-18T17:40:17.070+0000] {dag.py:3036} INFO - Sync 1 DAGs
[2026-06-18T17:40:17.101+0000] {logging_mixin.py:188} INFO - [2026-06-18T17:40:17.101+0000] {dag.py:3823} INFO - Setting next_dagrun for example_trigger_target_dag to None, run_after=None
[2026-06-18T17:40:17.143+0000] {processor.py:183} INFO - Processing /home/airflow/.local/lib/python3.8/site-packages/airflow/example_dags/example_trigger_target_dag.py took 0.192 seconds
[2026-06-18T17:40:47.605+0000] {processor.py:161} INFO - Started process (PID=6675) to work on /home/airflow/.local/lib/python3.8/site-packages/airflow/example_dags/example_trigger_target_dag.py
[2026-06-18T17:40:47.607+0000] {processor.py:830} INFO - Processing file /home/airflow/.local/lib/python3.8/site-packages/airflow/example_dags/example_trigger_target_dag.py for tasks to queue
[2026-06-18T17:40:47.610+0000] {logging_mixin.py:188} INFO - [2026-06-18T17:40:47.609+0000] {dagbag.py:538} INFO - Filling up the DagBag from /home/airflow/.local/lib/python3.8/site-packages/airflow/example_dags/example_trigger_target_dag.py
[2026-06-18T17:40:47.620+0000] {processor.py:840} INFO - DAG(s) 'example_trigger_target_dag' retrieved from /home/airflow/.local/lib/python3.8/site-packages/airflow/example_dags/example_trigger_target_dag.py
[2026-06-18T17:40:47.666+0000] {logging_mixin.py:188} INFO - [2026-06-18T17:40:47.665+0000] {dag.py:3036} INFO - Sync 1 DAGs
[2026-06-18T17:40:47.695+0000] {logging_mixin.py:188} INFO - [2026-06-18T17:40:47.694+0000] {dag.py:3823} INFO - Setting next_dagrun for example_trigger_target_dag to None, run_after=None
[2026-06-18T17:40:47.742+0000] {processor.py:183} INFO - Processing /home/airflow/.local/lib/python3.8/site-packages/airflow/example_dags/example_trigger_target_dag.py took 0.143 seconds
[2026-06-18T17:41:18.112+0000] {processor.py:161} INFO - Started process (PID=6740) to work on /home/airflow/.local/lib/python3.8/site-packages/airflow/example_dags/example_trigger_target_dag.py
[2026-06-18T17:41:18.114+0000] {processor.py:830} INFO - Processing file /home/airflow/.local/lib/python3.8/site-packages/airflow/example_dags/example_trigger_target_dag.py for tasks to queue
[2026-06-18T17:41:18.117+0000] {logging_mixin.py:188} INFO - [2026-06-18T17:41:18.117+0000] {dagbag.py:538} INFO - Filling up the DagBag from /home/airflow/.local/lib/python3.8/site-packages/airflow/example_dags/example_trigger_target_dag.py
[2026-06-18T17:41:18.128+0000] {processor.py:840} INFO - DAG(s) 'example_trigger_target_dag' retrieved from /home/airflow/.local/lib/python3.8/site-packages/airflow/example_dags/example_trigger_target_dag.py
[2026-06-18T17:41:18.164+0000] {logging_mixin.py:188} INFO - [2026-06-18T17:41:18.164+0000] {dag.py:3036} INFO - Sync 1 DAGs
[2026-06-18T17:41:18.184+0000] {logging_mixin.py:188} INFO - [2026-06-18T17:41:18.184+0000] {dag.py:3823} INFO - Setting next_dagrun for example_trigger_target_dag to None, run_after=None
[2026-06-18T17:41:18.214+0000] {processor.py:183} INFO - Processing /home/airflow/.local/lib/python3.8/site-packages/airflow/example_dags/example_trigger_target_dag.py took 0.109 seconds
[2026-06-18T17:41:49.142+0000] {processor.py:161} INFO - Started process (PID=6805) to work on /home/airflow/.local/lib/python3.8/site-packages/airflow/example_dags/example_trigger_target_dag.py
[2026-06-18T17:41:49.143+0000] {processor.py:830} INFO - Processing file /home/airflow/.local/lib/python3.8/site-packages/airflow/example_dags/example_trigger_target_dag.py for tasks to queue
[2026-06-18T17:41:49.146+0000] {logging_mixin.py:188} INFO - [2026-06-18T17:41:49.146+0000] {dagbag.py:538} INFO - Filling up the DagBag from /home/airflow/.local/lib/python3.8/site-packages/airflow/example_dags/example_trigger_target_dag.py
[2026-06-18T17:41:49.157+0000] {processor.py:840} INFO - DAG(s) 'example_trigger_target_dag' retrieved from /home/airflow/.local/lib/python3.8/site-packages/airflow/example_dags/example_trigger_target_dag.py
[2026-06-18T17:41:49.196+0000] {logging_mixin.py:188} INFO - [2026-06-18T17:41:49.196+0000] {dag.py:3036} INFO - Sync 1 DAGs
[2026-06-18T17:41:49.221+0000] {logging_mixin.py:188} INFO - [2026-06-18T17:41:49.220+0000] {dag.py:3823} INFO - Setting next_dagrun for example_trigger_target_dag to None, run_after=None
[2026-06-18T17:41:49.255+0000] {processor.py:183} INFO - Processing /home/airflow/.local/lib/python3.8/site-packages/airflow/example_dags/example_trigger_target_dag.py took 0.118 seconds
[2026-06-18T17:42:19.641+0000] {processor.py:161} INFO - Started process (PID=6871) to work on /home/airflow/.local/lib/python3.8/site-packages/airflow/example_dags/example_trigger_target_dag.py
[2026-06-18T17:42:19.643+0000] {processor.py:830} INFO - Processing file /home/airflow/.local/lib/python3.8/site-packages/airflow/example_dags/example_trigger_target_dag.py for tasks to queue
[2026-06-18T17:42:19.646+0000] {logging_mixin.py:188} INFO - [2026-06-18T17:42:19.645+0000] {dagbag.py:538} INFO - Filling up the DagBag from /home/airflow/.local/lib/python3.8/site-packages/airflow/example_dags/example_trigger_target_dag.py
[2026-06-18T17:42:19.656+0000] {processor.py:840} INFO - DAG(s) 'example_trigger_target_dag' retrieved from /home/airflow/.local/lib/python3.8/site-packages/airflow/example_dags/example_trigger_target_dag.py
[2026-06-18T17:42:19.695+0000] {logging_mixin.py:188} INFO - [2026-06-18T17:42:19.695+0000] {dag.py:3036} INFO - Sync 1 DAGs
[2026-06-18T17:42:19.718+0000] {logging_mixin.py:188} INFO - [2026-06-18T17:42:19.717+0000] {dag.py:3823} INFO - Setting next_dagrun for example_trigger_target_dag to None, run_after=None
[2026-06-18T17:42:19.747+0000] {processor.py:183} INFO - Processing /home/airflow/.local/lib/python3.8/site-packages/airflow/example_dags/example_trigger_target_dag.py took 0.112 seconds
[2026-06-18T17:42:50.211+0000] {processor.py:161} INFO - Started process (PID=6937) to work on /home/airflow/.local/lib/python3.8/site-packages/airflow/example_dags/example_trigger_target_dag.py
[2026-06-18T17:42:50.213+0000] {processor.py:830} INFO - Processing file /home/airflow/.local/lib/python3.8/site-packages/airflow/example_dags/example_trigger_target_dag.py for tasks to queue
[2026-06-18T17:42:50.215+0000] {logging_mixin.py:188} INFO - [2026-06-18T17:42:50.215+0000] {dagbag.py:538} INFO - Filling up the DagBag from /home/airflow/.local/lib/python3.8/site-packages/airflow/example_dags/example_trigger_target_dag.py
[2026-06-18T17:42:50.223+0000] {processor.py:840} INFO - DAG(s) 'example_trigger_target_dag' retrieved from /home/airflow/.local/lib/python3.8/site-packages/airflow/example_dags/example_trigger_target_dag.py
[2026-06-18T17:42:50.256+0000] {logging_mixin.py:188} INFO - [2026-06-18T17:42:50.256+0000] {dag.py:3036} INFO - Sync 1 DAGs
[2026-06-18T17:42:50.276+0000] {logging_mixin.py:188} INFO - [2026-06-18T17:42:50.276+0000] {dag.py:3823} INFO - Setting next_dagrun for example_trigger_target_dag to None, run_after=None
[2026-06-18T17:42:50.306+0000] {processor.py:183} INFO - Processing /home/airflow/.local/lib/python3.8/site-packages/airflow/example_dags/example_trigger_target_dag.py took 0.101 seconds
[2026-06-18T17:43:20.602+0000] {processor.py:161} INFO - Started process (PID=7004) to work on /home/airflow/.local/lib/python3.8/site-packages/airflow/example_dags/example_trigger_target_dag.py
[2026-06-18T17:43:20.604+0000] {processor.py:830} INFO - Processing file /home/airflow/.local/lib/python3.8/site-packages/airflow/example_dags/example_trigger_target_dag.py for tasks to queue
[2026-06-18T17:43:20.606+0000] {logging_mixin.py:188} INFO - [2026-06-18T17:43:20.606+0000] {dagbag.py:538} INFO - Filling up the DagBag from /home/airflow/.local/lib/python3.8/site-packages/airflow/example_dags/example_trigger_target_dag.py
[2026-06-18T17:43:20.615+0000] {processor.py:840} INFO - DAG(s) 'example_trigger_target_dag' retrieved from /home/airflow/.local/lib/python3.8/site-packages/airflow/example_dags/example_trigger_target_dag.py
[2026-06-18T17:43:20.648+0000] {logging_mixin.py:188} INFO - [2026-06-18T17:43:20.648+0000] {dag.py:3036} INFO - Sync 1 DAGs
[2026-06-18T17:43:20.668+0000] {logging_mixin.py:188} INFO - [2026-06-18T17:43:20.668+0000] {dag.py:3823} INFO - Setting next_dagrun for example_trigger_target_dag to None, run_after=None
[2026-06-18T17:43:20.704+0000] {processor.py:183} INFO - Processing /home/airflow/.local/lib/python3.8/site-packages/airflow/example_dags/example_trigger_target_dag.py took 0.107 seconds
[2026-06-18T17:43:51.736+0000] {processor.py:161} INFO - Started process (PID=7069) to work on /home/airflow/.local/lib/python3.8/site-packages/airflow/example_dags/example_trigger_target_dag.py
[2026-06-18T17:43:51.737+0000] {processor.py:830} INFO - Processing file /home/airflow/.local/lib/python3.8/site-packages/airflow/example_dags/example_trigger_target_dag.py for tasks to queue
[2026-06-18T17:43:51.740+0000] {logging_mixin.py:188} INFO - [2026-06-18T17:43:51.739+0000] {dagbag.py:538} INFO - Filling up the DagBag from /home/airflow/.local/lib/python3.8/site-packages/airflow/example_dags/example_trigger_target_dag.py
[2026-06-18T17:43:51.749+0000] {processor.py:840} INFO - DAG(s) 'example_trigger_target_dag' retrieved from /home/airflow/.local/lib/python3.8/site-packages/airflow/example_dags/example_trigger_target_dag.py
[2026-06-18T17:43:51.786+0000] {logging_mixin.py:188} INFO - [2026-06-18T17:43:51.786+0000] {dag.py:3036} INFO - Sync 1 DAGs
[2026-06-18T17:43:51.807+0000] {logging_mixin.py:188} INFO - [2026-06-18T17:43:51.807+0000] {dag.py:3823} INFO - Setting next_dagrun for example_trigger_target_dag to None, run_after=None
[2026-06-18T17:43:51.840+0000] {processor.py:183} INFO - Processing /home/airflow/.local/lib/python3.8/site-packages/airflow/example_dags/example_trigger_target_dag.py took 0.109 seconds
[2026-06-18T17:44:22.460+0000] {processor.py:161} INFO - Started process (PID=7135) to work on /home/airflow/.local/lib/python3.8/site-packages/airflow/example_dags/example_trigger_target_dag.py
[2026-06-18T17:44:22.462+0000] {processor.py:830} INFO - Processing file /home/airflow/.local/lib/python3.8/site-packages/airflow/example_dags/example_trigger_target_dag.py for tasks to queue
[2026-06-18T17:44:22.464+0000] {logging_mixin.py:188} INFO - [2026-06-18T17:44:22.464+0000] {dagbag.py:538} INFO - Filling up the DagBag from /home/airflow/.local/lib/python3.8/site-packages/airflow/example_dags/example_trigger_target_dag.py
[2026-06-18T17:44:22.475+0000] {processor.py:840} INFO - DAG(s) 'example_trigger_target_dag' retrieved from /home/airflow/.local/lib/python3.8/site-packages/airflow/example_dags/example_trigger_target_dag.py
[2026-06-18T17:44:22.512+0000] {logging_mixin.py:188} INFO - [2026-06-18T17:44:22.511+0000] {dag.py:3036} INFO - Sync 1 DAGs
[2026-06-18T17:44:22.532+0000] {logging_mixin.py:188} INFO - [2026-06-18T17:44:22.531+0000] {dag.py:3823} INFO - Setting next_dagrun for example_trigger_target_dag to None, run_after=None
[2026-06-18T17:44:22.562+0000] {processor.py:183} INFO - Processing /home/airflow/.local/lib/python3.8/site-packages/airflow/example_dags/example_trigger_target_dag.py took 0.107 seconds
[2026-06-18T17:44:53.177+0000] {processor.py:161} INFO - Started process (PID=7209) to work on /home/airflow/.local/lib/python3.8/site-packages/airflow/example_dags/example_trigger_target_dag.py
[2026-06-18T17:44:53.179+0000] {processor.py:830} INFO - Processing file /home/airflow/.local/lib/python3.8/site-packages/airflow/example_dags/example_trigger_target_dag.py for tasks to queue
[2026-06-18T17:44:53.182+0000] {logging_mixin.py:188} INFO - [2026-06-18T17:44:53.182+0000] {dagbag.py:538} INFO - Filling up the DagBag from /home/airflow/.local/lib/python3.8/site-packages/airflow/example_dags/example_trigger_target_dag.py
[2026-06-18T17:44:53.193+0000] {processor.py:840} INFO - DAG(s) 'example_trigger_target_dag' retrieved from /home/airflow/.local/lib/python3.8/site-packages/airflow/example_dags/example_trigger_target_dag.py
[2026-06-18T17:44:53.234+0000] {logging_mixin.py:188} INFO - [2026-06-18T17:44:53.233+0000] {dag.py:3036} INFO - Sync 1 DAGs
[2026-06-18T17:44:53.259+0000] {logging_mixin.py:188} INFO - [2026-06-18T17:44:53.259+0000] {dag.py:3823} INFO - Setting next_dagrun for example_trigger_target_dag to None, run_after=None
[2026-06-18T17:44:53.297+0000] {processor.py:183} INFO - Processing /home/airflow/.local/lib/python3.8/site-packages/airflow/example_dags/example_trigger_target_dag.py took 0.126 seconds
[2026-06-18T17:45:23.806+0000] {processor.py:161} INFO - Started process (PID=7275) to work on /home/airflow/.local/lib/python3.8/site-packages/airflow/example_dags/example_trigger_target_dag.py
[2026-06-18T17:45:23.808+0000] {processor.py:830} INFO - Processing file /home/airflow/.local/lib/python3.8/site-packages/airflow/example_dags/example_trigger_target_dag.py for tasks to queue
[2026-06-18T17:45:23.811+0000] {logging_mixin.py:188} INFO - [2026-06-18T17:45:23.811+0000] {dagbag.py:538} INFO - Filling up the DagBag from /home/airflow/.local/lib/python3.8/site-packages/airflow/example_dags/example_trigger_target_dag.py
[2026-06-18T17:45:23.823+0000] {processor.py:840} INFO - DAG(s) 'example_trigger_target_dag' retrieved from /home/airflow/.local/lib/python3.8/site-packages/airflow/example_dags/example_trigger_target_dag.py
[2026-06-18T17:45:23.867+0000] {logging_mixin.py:188} INFO - [2026-06-18T17:45:23.866+0000] {dag.py:3036} INFO - Sync 1 DAGs
[2026-06-18T17:45:23.894+0000] {logging_mixin.py:188} INFO - [2026-06-18T17:45:23.893+0000] {dag.py:3823} INFO - Setting next_dagrun for example_trigger_target_dag to None, run_after=None
[2026-06-18T17:45:23.939+0000] {processor.py:183} INFO - Processing /home/airflow/.local/lib/python3.8/site-packages/airflow/example_dags/example_trigger_target_dag.py took 0.140 seconds
[2026-06-18T17:45:54.529+0000] {processor.py:161} INFO - Started process (PID=7341) to work on /home/airflow/.local/lib/python3.8/site-packages/airflow/example_dags/example_trigger_target_dag.py
[2026-06-18T17:45:54.531+0000] {processor.py:830} INFO - Processing file /home/airflow/.local/lib/python3.8/site-packages/airflow/example_dags/example_trigger_target_dag.py for tasks to queue
[2026-06-18T17:45:54.536+0000] {logging_mixin.py:188} INFO - [2026-06-18T17:45:54.535+0000] {dagbag.py:538} INFO - Filling up the DagBag from /home/airflow/.local/lib/python3.8/site-packages/airflow/example_dags/example_trigger_target_dag.py
[2026-06-18T17:45:54.547+0000] {processor.py:840} INFO - DAG(s) 'example_trigger_target_dag' retrieved from /home/airflow/.local/lib/python3.8/site-packages/airflow/example_dags/example_trigger_target_dag.py
[2026-06-18T17:45:54.590+0000] {logging_mixin.py:188} INFO - [2026-06-18T17:45:54.590+0000] {dag.py:3036} INFO - Sync 1 DAGs
[2026-06-18T17:45:54.616+0000] {logging_mixin.py:188} INFO - [2026-06-18T17:45:54.615+0000] {dag.py:3823} INFO - Setting next_dagrun for example_trigger_target_dag to None, run_after=None
[2026-06-18T17:45:54.684+0000] {processor.py:183} INFO - Processing /home/airflow/.local/lib/python3.8/site-packages/airflow/example_dags/example_trigger_target_dag.py took 0.166 seconds
[2026-06-18T17:46:25.193+0000] {processor.py:161} INFO - Started process (PID=7408) to work on /home/airflow/.local/lib/python3.8/site-packages/airflow/example_dags/example_trigger_target_dag.py
[2026-06-18T17:46:25.213+0000] {processor.py:830} INFO - Processing file /home/airflow/.local/lib/python3.8/site-packages/airflow/example_dags/example_trigger_target_dag.py for tasks to queue
[2026-06-18T17:46:25.216+0000] {logging_mixin.py:188} INFO - [2026-06-18T17:46:25.216+0000] {dagbag.py:538} INFO - Filling up the DagBag from /home/airflow/.local/lib/python3.8/site-packages/airflow/example_dags/example_trigger_target_dag.py
[2026-06-18T17:46:25.228+0000] {processor.py:840} INFO - DAG(s) 'example_trigger_target_dag' retrieved from /home/airflow/.local/lib/python3.8/site-packages/airflow/example_dags/example_trigger_target_dag.py
[2026-06-18T17:46:25.270+0000] {logging_mixin.py:188} INFO - [2026-06-18T17:46:25.270+0000] {dag.py:3036} INFO - Sync 1 DAGs
[2026-06-18T17:46:25.296+0000] {logging_mixin.py:188} INFO - [2026-06-18T17:46:25.296+0000] {dag.py:3823} INFO - Setting next_dagrun for example_trigger_target_dag to None, run_after=None
[2026-06-18T17:46:25.331+0000] {processor.py:183} INFO - Processing /home/airflow/.local/lib/python3.8/site-packages/airflow/example_dags/example_trigger_target_dag.py took 0.144 seconds
[2026-06-18T17:46:56.094+0000] {processor.py:161} INFO - Started process (PID=7472) to work on /home/airflow/.local/lib/python3.8/site-packages/airflow/example_dags/example_trigger_target_dag.py
[2026-06-18T17:46:56.096+0000] {processor.py:830} INFO - Processing file /home/airflow/.local/lib/python3.8/site-packages/airflow/example_dags/example_trigger_target_dag.py for tasks to queue
[2026-06-18T17:46:56.100+0000] {logging_mixin.py:188} INFO - [2026-06-18T17:46:56.100+0000] {dagbag.py:538} INFO - Filling up the DagBag from /home/airflow/.local/lib/python3.8/site-packages/airflow/example_dags/example_trigger_target_dag.py
[2026-06-18T17:46:56.115+0000] {processor.py:840} INFO - DAG(s) 'example_trigger_target_dag' retrieved from /home/airflow/.local/lib/python3.8/site-packages/airflow/example_dags/example_trigger_target_dag.py
[2026-06-18T17:46:56.157+0000] {logging_mixin.py:188} INFO - [2026-06-18T17:46:56.156+0000] {dag.py:3036} INFO - Sync 1 DAGs
[2026-06-18T17:46:56.184+0000] {logging_mixin.py:188} INFO - [2026-06-18T17:46:56.184+0000] {dag.py:3823} INFO - Setting next_dagrun for example_trigger_target_dag to None, run_after=None
[2026-06-18T17:46:56.223+0000] {processor.py:183} INFO - Processing /home/airflow/.local/lib/python3.8/site-packages/airflow/example_dags/example_trigger_target_dag.py took 0.136 seconds
[2026-06-18T17:47:26.740+0000] {processor.py:161} INFO - Started process (PID=7538) to work on /home/airflow/.local/lib/python3.8/site-packages/airflow/example_dags/example_trigger_target_dag.py
[2026-06-18T17:47:26.742+0000] {processor.py:830} INFO - Processing file /home/airflow/.local/lib/python3.8/site-packages/airflow/example_dags/example_trigger_target_dag.py for tasks to queue
[2026-06-18T17:47:26.745+0000] {logging_mixin.py:188} INFO - [2026-06-18T17:47:26.744+0000] {dagbag.py:538} INFO - Filling up the DagBag from /home/airflow/.local/lib/python3.8/site-packages/airflow/example_dags/example_trigger_target_dag.py
[2026-06-18T17:47:26.756+0000] {processor.py:840} INFO - DAG(s) 'example_trigger_target_dag' retrieved from /home/airflow/.local/lib/python3.8/site-packages/airflow/example_dags/example_trigger_target_dag.py
[2026-06-18T17:47:26.801+0000] {logging_mixin.py:188} INFO - [2026-06-18T17:47:26.800+0000] {dag.py:3036} INFO - Sync 1 DAGs
[2026-06-18T17:47:26.828+0000] {logging_mixin.py:188} INFO - [2026-06-18T17:47:26.828+0000] {dag.py:3823} INFO - Setting next_dagrun for example_trigger_target_dag to None, run_after=None
[2026-06-18T17:47:26.867+0000] {processor.py:183} INFO - Processing /home/airflow/.local/lib/python3.8/site-packages/airflow/example_dags/example_trigger_target_dag.py took 0.133 seconds
[2026-06-18T17:47:57.172+0000] {processor.py:161} INFO - Started process (PID=7604) to work on /home/airflow/.local/lib/python3.8/site-packages/airflow/example_dags/example_trigger_target_dag.py
[2026-06-18T17:47:57.173+0000] {processor.py:830} INFO - Processing file /home/airflow/.local/lib/python3.8/site-packages/airflow/example_dags/example_trigger_target_dag.py for tasks to queue
[2026-06-18T17:47:57.177+0000] {logging_mixin.py:188} INFO - [2026-06-18T17:47:57.176+0000] {dagbag.py:538} INFO - Filling up the DagBag from /home/airflow/.local/lib/python3.8/site-packages/airflow/example_dags/example_trigger_target_dag.py
[2026-06-18T17:47:57.186+0000] {processor.py:840} INFO - DAG(s) 'example_trigger_target_dag' retrieved from /home/airflow/.local/lib/python3.8/site-packages/airflow/example_dags/example_trigger_target_dag.py
[2026-06-18T17:47:57.228+0000] {logging_mixin.py:188} INFO - [2026-06-18T17:47:57.227+0000] {dag.py:3036} INFO - Sync 1 DAGs
[2026-06-18T17:47:57.252+0000] {logging_mixin.py:188} INFO - [2026-06-18T17:47:57.252+0000] {dag.py:3823} INFO - Setting next_dagrun for example_trigger_target_dag to None, run_after=None
[2026-06-18T17:47:57.288+0000] {processor.py:183} INFO - Processing /home/airflow/.local/lib/python3.8/site-packages/airflow/example_dags/example_trigger_target_dag.py took 0.121 seconds
[2026-06-18T17:48:27.937+0000] {processor.py:161} INFO - Started process (PID=7670) to work on /home/airflow/.local/lib/python3.8/site-packages/airflow/example_dags/example_trigger_target_dag.py
[2026-06-18T17:48:27.940+0000] {processor.py:830} INFO - Processing file /home/airflow/.local/lib/python3.8/site-packages/airflow/example_dags/example_trigger_target_dag.py for tasks to queue
[2026-06-18T17:48:27.942+0000] {logging_mixin.py:188} INFO - [2026-06-18T17:48:27.942+0000] {dagbag.py:538} INFO - Filling up the DagBag from /home/airflow/.local/lib/python3.8/site-packages/airflow/example_dags/example_trigger_target_dag.py
[2026-06-18T17:48:27.952+0000] {processor.py:840} INFO - DAG(s) 'example_trigger_target_dag' retrieved from /home/airflow/.local/lib/python3.8/site-packages/airflow/example_dags/example_trigger_target_dag.py
[2026-06-18T17:48:27.991+0000] {logging_mixin.py:188} INFO - [2026-06-18T17:48:27.990+0000] {dag.py:3036} INFO - Sync 1 DAGs
[2026-06-18T17:48:28.011+0000] {logging_mixin.py:188} INFO - [2026-06-18T17:48:28.011+0000] {dag.py:3823} INFO - Setting next_dagrun for example_trigger_target_dag to None, run_after=None
[2026-06-18T17:48:28.048+0000] {processor.py:183} INFO - Processing /home/airflow/.local/lib/python3.8/site-packages/airflow/example_dags/example_trigger_target_dag.py took 0.117 seconds
[2026-06-18T17:48:58.546+0000] {processor.py:161} INFO - Started process (PID=7737) to work on /home/airflow/.local/lib/python3.8/site-packages/airflow/example_dags/example_trigger_target_dag.py
[2026-06-18T17:48:58.548+0000] {processor.py:830} INFO - Processing file /home/airflow/.local/lib/python3.8/site-packages/airflow/example_dags/example_trigger_target_dag.py for tasks to queue
[2026-06-18T17:48:58.551+0000] {logging_mixin.py:188} INFO - [2026-06-18T17:48:58.550+0000] {dagbag.py:538} INFO - Filling up the DagBag from /home/airflow/.local/lib/python3.8/site-packages/airflow/example_dags/example_trigger_target_dag.py
[2026-06-18T17:48:58.559+0000] {processor.py:840} INFO - DAG(s) 'example_trigger_target_dag' retrieved from /home/airflow/.local/lib/python3.8/site-packages/airflow/example_dags/example_trigger_target_dag.py
[2026-06-18T17:48:58.596+0000] {logging_mixin.py:188} INFO - [2026-06-18T17:48:58.596+0000] {dag.py:3036} INFO - Sync 1 DAGs
[2026-06-18T17:48:58.618+0000] {logging_mixin.py:188} INFO - [2026-06-18T17:48:58.618+0000] {dag.py:3823} INFO - Setting next_dagrun for example_trigger_target_dag to None, run_after=None
[2026-06-18T17:48:58.652+0000] {processor.py:183} INFO - Processing /home/airflow/.local/lib/python3.8/site-packages/airflow/example_dags/example_trigger_target_dag.py took 0.110 seconds
[2026-06-18T17:49:28.819+0000] {processor.py:161} INFO - Started process (PID=7801) to work on /home/airflow/.local/lib/python3.8/site-packages/airflow/example_dags/example_trigger_target_dag.py
[2026-06-18T17:49:28.821+0000] {processor.py:830} INFO - Processing file /home/airflow/.local/lib/python3.8/site-packages/airflow/example_dags/example_trigger_target_dag.py for tasks to queue
[2026-06-18T17:49:28.824+0000] {logging_mixin.py:188} INFO - [2026-06-18T17:49:28.823+0000] {dagbag.py:538} INFO - Filling up the DagBag from /home/airflow/.local/lib/python3.8/site-packages/airflow/example_dags/example_trigger_target_dag.py
[2026-06-18T17:49:28.834+0000] {processor.py:840} INFO - DAG(s) 'example_trigger_target_dag' retrieved from /home/airflow/.local/lib/python3.8/site-packages/airflow/example_dags/example_trigger_target_dag.py
[2026-06-18T17:49:28.868+0000] {logging_mixin.py:188} INFO - [2026-06-18T17:49:28.867+0000] {dag.py:3036} INFO - Sync 1 DAGs
[2026-06-18T17:49:28.888+0000] {logging_mixin.py:188} INFO - [2026-06-18T17:49:28.888+0000] {dag.py:3823} INFO - Setting next_dagrun for example_trigger_target_dag to None, run_after=None
[2026-06-18T17:49:28.919+0000] {processor.py:183} INFO - Processing /home/airflow/.local/lib/python3.8/site-packages/airflow/example_dags/example_trigger_target_dag.py took 0.105 seconds
