[2026-06-18T16:50:13.979+0000] {processor.py:161} INFO - Started process (PID=57) to work on /home/airflow/.local/lib/python3.8/site-packages/airflow/example_dags/example_nested_branch_dag.py
[2026-06-18T16:50:13.980+0000] {processor.py:830} INFO - Processing file /home/airflow/.local/lib/python3.8/site-packages/airflow/example_dags/example_nested_branch_dag.py for tasks to queue
[2026-06-18T16:50:13.983+0000] {logging_mixin.py:188} INFO - [2026-06-18T16:50:13.983+0000] {dagbag.py:538} INFO - Filling up the DagBag from /home/airflow/.local/lib/python3.8/site-packages/airflow/example_dags/example_nested_branch_dag.py
[2026-06-18T16:50:14.008+0000] {processor.py:840} INFO - DAG(s) 'example_nested_branch_dag' retrieved from /home/airflow/.local/lib/python3.8/site-packages/airflow/example_dags/example_nested_branch_dag.py
[2026-06-18T16:50:14.135+0000] {logging_mixin.py:188} INFO - [2026-06-18T16:50:14.134+0000] {dag.py:3036} INFO - Sync 1 DAGs
[2026-06-18T16:50:14.186+0000] {logging_mixin.py:188} INFO - [2026-06-18T16:50:14.185+0000] {dag.py:3823} INFO - Setting next_dagrun for example_nested_branch_dag to 2026-06-17 00:00:00+00:00, run_after=2026-06-18 00:00:00+00:00
[2026-06-18T16:50:14.280+0000] {processor.py:183} INFO - Processing /home/airflow/.local/lib/python3.8/site-packages/airflow/example_dags/example_nested_branch_dag.py took 0.308 seconds
[2026-06-18T16:50:44.671+0000] {processor.py:161} INFO - Started process (PID=123) to work on /home/airflow/.local/lib/python3.8/site-packages/airflow/example_dags/example_nested_branch_dag.py
[2026-06-18T16:50:44.672+0000] {processor.py:830} INFO - Processing file /home/airflow/.local/lib/python3.8/site-packages/airflow/example_dags/example_nested_branch_dag.py for tasks to queue
[2026-06-18T16:50:44.675+0000] {logging_mixin.py:188} INFO - [2026-06-18T16:50:44.674+0000] {dagbag.py:538} INFO - Filling up the DagBag from /home/airflow/.local/lib/python3.8/site-packages/airflow/example_dags/example_nested_branch_dag.py
[2026-06-18T16:50:44.695+0000] {processor.py:840} INFO - DAG(s) 'example_nested_branch_dag' retrieved from /home/airflow/.local/lib/python3.8/site-packages/airflow/example_dags/example_nested_branch_dag.py
[2026-06-18T16:50:44.755+0000] {logging_mixin.py:188} INFO - [2026-06-18T16:50:44.755+0000] {dag.py:3036} INFO - Sync 1 DAGs
[2026-06-18T16:50:44.804+0000] {logging_mixin.py:188} INFO - [2026-06-18T16:50:44.803+0000] {dag.py:3823} INFO - Setting next_dagrun for example_nested_branch_dag to 2026-06-17 00:00:00+00:00, run_after=2026-06-18 00:00:00+00:00
[2026-06-18T16:50:44.837+0000] {processor.py:183} INFO - Processing /home/airflow/.local/lib/python3.8/site-packages/airflow/example_dags/example_nested_branch_dag.py took 0.172 seconds
[2026-06-18T16:51:15.520+0000] {processor.py:161} INFO - Started process (PID=190) to work on /home/airflow/.local/lib/python3.8/site-packages/airflow/example_dags/example_nested_branch_dag.py
[2026-06-18T16:51:15.522+0000] {processor.py:830} INFO - Processing file /home/airflow/.local/lib/python3.8/site-packages/airflow/example_dags/example_nested_branch_dag.py for tasks to queue
[2026-06-18T16:51:15.527+0000] {logging_mixin.py:188} INFO - [2026-06-18T16:51:15.526+0000] {dagbag.py:538} INFO - Filling up the DagBag from /home/airflow/.local/lib/python3.8/site-packages/airflow/example_dags/example_nested_branch_dag.py
[2026-06-18T16:51:15.562+0000] {processor.py:840} INFO - DAG(s) 'example_nested_branch_dag' retrieved from /home/airflow/.local/lib/python3.8/site-packages/airflow/example_dags/example_nested_branch_dag.py
[2026-06-18T16:51:15.640+0000] {logging_mixin.py:188} INFO - [2026-06-18T16:51:15.640+0000] {dag.py:3036} INFO - Sync 1 DAGs
[2026-06-18T16:51:15.692+0000] {logging_mixin.py:188} INFO - [2026-06-18T16:51:15.691+0000] {dag.py:3823} INFO - Setting next_dagrun for example_nested_branch_dag to 2026-06-17 00:00:00+00:00, run_after=2026-06-18 00:00:00+00:00
[2026-06-18T16:51:15.778+0000] {processor.py:183} INFO - Processing /home/airflow/.local/lib/python3.8/site-packages/airflow/example_dags/example_nested_branch_dag.py took 0.265 seconds
[2026-06-18T16:51:45.889+0000] {processor.py:161} INFO - Started process (PID=256) to work on /home/airflow/.local/lib/python3.8/site-packages/airflow/example_dags/example_nested_branch_dag.py
[2026-06-18T16:51:45.890+0000] {processor.py:830} INFO - Processing file /home/airflow/.local/lib/python3.8/site-packages/airflow/example_dags/example_nested_branch_dag.py for tasks to queue
[2026-06-18T16:51:45.893+0000] {logging_mixin.py:188} INFO - [2026-06-18T16:51:45.893+0000] {dagbag.py:538} INFO - Filling up the DagBag from /home/airflow/.local/lib/python3.8/site-packages/airflow/example_dags/example_nested_branch_dag.py
[2026-06-18T16:51:45.910+0000] {processor.py:840} INFO - DAG(s) 'example_nested_branch_dag' retrieved from /home/airflow/.local/lib/python3.8/site-packages/airflow/example_dags/example_nested_branch_dag.py
[2026-06-18T16:51:45.949+0000] {logging_mixin.py:188} INFO - [2026-06-18T16:51:45.949+0000] {dag.py:3036} INFO - Sync 1 DAGs
[2026-06-18T16:51:45.987+0000] {logging_mixin.py:188} INFO - [2026-06-18T16:51:45.987+0000] {dag.py:3823} INFO - Setting next_dagrun for example_nested_branch_dag to 2026-06-17 00:00:00+00:00, run_after=2026-06-18 00:00:00+00:00
[2026-06-18T16:51:46.026+0000] {processor.py:183} INFO - Processing /home/airflow/.local/lib/python3.8/site-packages/airflow/example_dags/example_nested_branch_dag.py took 0.142 seconds
[2026-06-18T16:52:16.819+0000] {processor.py:161} INFO - Started process (PID=322) to work on /home/airflow/.local/lib/python3.8/site-packages/airflow/example_dags/example_nested_branch_dag.py
[2026-06-18T16:52:16.821+0000] {processor.py:830} INFO - Processing file /home/airflow/.local/lib/python3.8/site-packages/airflow/example_dags/example_nested_branch_dag.py for tasks to queue
[2026-06-18T16:52:16.824+0000] {logging_mixin.py:188} INFO - [2026-06-18T16:52:16.823+0000] {dagbag.py:538} INFO - Filling up the DagBag from /home/airflow/.local/lib/python3.8/site-packages/airflow/example_dags/example_nested_branch_dag.py
[2026-06-18T16:52:16.842+0000] {processor.py:840} INFO - DAG(s) 'example_nested_branch_dag' retrieved from /home/airflow/.local/lib/python3.8/site-packages/airflow/example_dags/example_nested_branch_dag.py
[2026-06-18T16:52:16.879+0000] {logging_mixin.py:188} INFO - [2026-06-18T16:52:16.878+0000] {dag.py:3036} INFO - Sync 1 DAGs
[2026-06-18T16:52:16.923+0000] {logging_mixin.py:188} INFO - [2026-06-18T16:52:16.923+0000] {dag.py:3823} INFO - Setting next_dagrun for example_nested_branch_dag to 2026-06-17 00:00:00+00:00, run_after=2026-06-18 00:00:00+00:00
[2026-06-18T16:52:16.958+0000] {processor.py:183} INFO - Processing /home/airflow/.local/lib/python3.8/site-packages/airflow/example_dags/example_nested_branch_dag.py took 0.144 seconds
[2026-06-18T16:52:47.412+0000] {processor.py:161} INFO - Started process (PID=390) to work on /home/airflow/.local/lib/python3.8/site-packages/airflow/example_dags/example_nested_branch_dag.py
[2026-06-18T16:52:47.413+0000] {processor.py:830} INFO - Processing file /home/airflow/.local/lib/python3.8/site-packages/airflow/example_dags/example_nested_branch_dag.py for tasks to queue
[2026-06-18T16:52:47.416+0000] {logging_mixin.py:188} INFO - [2026-06-18T16:52:47.415+0000] {dagbag.py:538} INFO - Filling up the DagBag from /home/airflow/.local/lib/python3.8/site-packages/airflow/example_dags/example_nested_branch_dag.py
[2026-06-18T16:52:47.435+0000] {processor.py:840} INFO - DAG(s) 'example_nested_branch_dag' retrieved from /home/airflow/.local/lib/python3.8/site-packages/airflow/example_dags/example_nested_branch_dag.py
[2026-06-18T16:52:47.476+0000] {logging_mixin.py:188} INFO - [2026-06-18T16:52:47.476+0000] {dag.py:3036} INFO - Sync 1 DAGs
[2026-06-18T16:52:47.518+0000] {logging_mixin.py:188} INFO - [2026-06-18T16:52:47.518+0000] {dag.py:3823} INFO - Setting next_dagrun for example_nested_branch_dag to 2026-06-17 00:00:00+00:00, run_after=2026-06-18 00:00:00+00:00
[2026-06-18T16:52:47.547+0000] {processor.py:183} INFO - Processing /home/airflow/.local/lib/python3.8/site-packages/airflow/example_dags/example_nested_branch_dag.py took 0.141 seconds
[2026-06-18T16:53:17.614+0000] {processor.py:161} INFO - Started process (PID=456) to work on /home/airflow/.local/lib/python3.8/site-packages/airflow/example_dags/example_nested_branch_dag.py
[2026-06-18T16:53:17.616+0000] {processor.py:830} INFO - Processing file /home/airflow/.local/lib/python3.8/site-packages/airflow/example_dags/example_nested_branch_dag.py for tasks to queue
[2026-06-18T16:53:17.618+0000] {logging_mixin.py:188} INFO - [2026-06-18T16:53:17.618+0000] {dagbag.py:538} INFO - Filling up the DagBag from /home/airflow/.local/lib/python3.8/site-packages/airflow/example_dags/example_nested_branch_dag.py
[2026-06-18T16:53:17.635+0000] {processor.py:840} INFO - DAG(s) 'example_nested_branch_dag' retrieved from /home/airflow/.local/lib/python3.8/site-packages/airflow/example_dags/example_nested_branch_dag.py
[2026-06-18T16:53:17.670+0000] {logging_mixin.py:188} INFO - [2026-06-18T16:53:17.670+0000] {dag.py:3036} INFO - Sync 1 DAGs
[2026-06-18T16:53:17.705+0000] {logging_mixin.py:188} INFO - [2026-06-18T16:53:17.705+0000] {dag.py:3823} INFO - Setting next_dagrun for example_nested_branch_dag to 2026-06-17 00:00:00+00:00, run_after=2026-06-18 00:00:00+00:00
[2026-06-18T16:53:17.733+0000] {processor.py:183} INFO - Processing /home/airflow/.local/lib/python3.8/site-packages/airflow/example_dags/example_nested_branch_dag.py took 0.124 seconds
[2026-06-18T16:53:47.968+0000] {processor.py:161} INFO - Started process (PID=523) to work on /home/airflow/.local/lib/python3.8/site-packages/airflow/example_dags/example_nested_branch_dag.py
[2026-06-18T16:53:47.969+0000] {processor.py:830} INFO - Processing file /home/airflow/.local/lib/python3.8/site-packages/airflow/example_dags/example_nested_branch_dag.py for tasks to queue
[2026-06-18T16:53:47.972+0000] {logging_mixin.py:188} INFO - [2026-06-18T16:53:47.971+0000] {dagbag.py:538} INFO - Filling up the DagBag from /home/airflow/.local/lib/python3.8/site-packages/airflow/example_dags/example_nested_branch_dag.py
[2026-06-18T16:53:47.988+0000] {processor.py:840} INFO - DAG(s) 'example_nested_branch_dag' retrieved from /home/airflow/.local/lib/python3.8/site-packages/airflow/example_dags/example_nested_branch_dag.py
[2026-06-18T16:53:48.025+0000] {logging_mixin.py:188} INFO - [2026-06-18T16:53:48.025+0000] {dag.py:3036} INFO - Sync 1 DAGs
[2026-06-18T16:53:48.061+0000] {logging_mixin.py:188} INFO - [2026-06-18T16:53:48.061+0000] {dag.py:3823} INFO - Setting next_dagrun for example_nested_branch_dag to 2026-06-17 00:00:00+00:00, run_after=2026-06-18 00:00:00+00:00
[2026-06-18T16:53:48.090+0000] {processor.py:183} INFO - Processing /home/airflow/.local/lib/python3.8/site-packages/airflow/example_dags/example_nested_branch_dag.py took 0.127 seconds
[2026-06-18T16:54:18.590+0000] {processor.py:161} INFO - Started process (PID=590) to work on /home/airflow/.local/lib/python3.8/site-packages/airflow/example_dags/example_nested_branch_dag.py
[2026-06-18T16:54:18.592+0000] {processor.py:830} INFO - Processing file /home/airflow/.local/lib/python3.8/site-packages/airflow/example_dags/example_nested_branch_dag.py for tasks to queue
[2026-06-18T16:54:18.594+0000] {logging_mixin.py:188} INFO - [2026-06-18T16:54:18.594+0000] {dagbag.py:538} INFO - Filling up the DagBag from /home/airflow/.local/lib/python3.8/site-packages/airflow/example_dags/example_nested_branch_dag.py
[2026-06-18T16:54:18.612+0000] {processor.py:840} INFO - DAG(s) 'example_nested_branch_dag' retrieved from /home/airflow/.local/lib/python3.8/site-packages/airflow/example_dags/example_nested_branch_dag.py
[2026-06-18T16:54:18.648+0000] {logging_mixin.py:188} INFO - [2026-06-18T16:54:18.648+0000] {dag.py:3036} INFO - Sync 1 DAGs
[2026-06-18T16:54:18.687+0000] {logging_mixin.py:188} INFO - [2026-06-18T16:54:18.686+0000] {dag.py:3823} INFO - Setting next_dagrun for example_nested_branch_dag to 2026-06-17 00:00:00+00:00, run_after=2026-06-18 00:00:00+00:00
[2026-06-18T16:54:18.721+0000] {processor.py:183} INFO - Processing /home/airflow/.local/lib/python3.8/site-packages/airflow/example_dags/example_nested_branch_dag.py took 0.136 seconds
[2026-06-18T16:54:49.024+0000] {processor.py:161} INFO - Started process (PID=655) to work on /home/airflow/.local/lib/python3.8/site-packages/airflow/example_dags/example_nested_branch_dag.py
[2026-06-18T16:54:49.026+0000] {processor.py:830} INFO - Processing file /home/airflow/.local/lib/python3.8/site-packages/airflow/example_dags/example_nested_branch_dag.py for tasks to queue
[2026-06-18T16:54:49.029+0000] {logging_mixin.py:188} INFO - [2026-06-18T16:54:49.028+0000] {dagbag.py:538} INFO - Filling up the DagBag from /home/airflow/.local/lib/python3.8/site-packages/airflow/example_dags/example_nested_branch_dag.py
[2026-06-18T16:54:49.048+0000] {processor.py:840} INFO - DAG(s) 'example_nested_branch_dag' retrieved from /home/airflow/.local/lib/python3.8/site-packages/airflow/example_dags/example_nested_branch_dag.py
[2026-06-18T16:54:49.094+0000] {logging_mixin.py:188} INFO - [2026-06-18T16:54:49.093+0000] {dag.py:3036} INFO - Sync 1 DAGs
[2026-06-18T16:54:49.137+0000] {logging_mixin.py:188} INFO - [2026-06-18T16:54:49.136+0000] {dag.py:3823} INFO - Setting next_dagrun for example_nested_branch_dag to 2026-06-17 00:00:00+00:00, run_after=2026-06-18 00:00:00+00:00
[2026-06-18T16:54:49.169+0000] {processor.py:183} INFO - Processing /home/airflow/.local/lib/python3.8/site-packages/airflow/example_dags/example_nested_branch_dag.py took 0.151 seconds
[2026-06-18T16:55:19.541+0000] {processor.py:161} INFO - Started process (PID=722) to work on /home/airflow/.local/lib/python3.8/site-packages/airflow/example_dags/example_nested_branch_dag.py
[2026-06-18T16:55:19.543+0000] {processor.py:830} INFO - Processing file /home/airflow/.local/lib/python3.8/site-packages/airflow/example_dags/example_nested_branch_dag.py for tasks to queue
[2026-06-18T16:55:19.546+0000] {logging_mixin.py:188} INFO - [2026-06-18T16:55:19.545+0000] {dagbag.py:538} INFO - Filling up the DagBag from /home/airflow/.local/lib/python3.8/site-packages/airflow/example_dags/example_nested_branch_dag.py
[2026-06-18T16:55:19.566+0000] {processor.py:840} INFO - DAG(s) 'example_nested_branch_dag' retrieved from /home/airflow/.local/lib/python3.8/site-packages/airflow/example_dags/example_nested_branch_dag.py
[2026-06-18T16:55:19.605+0000] {logging_mixin.py:188} INFO - [2026-06-18T16:55:19.605+0000] {dag.py:3036} INFO - Sync 1 DAGs
[2026-06-18T16:55:19.647+0000] {logging_mixin.py:188} INFO - [2026-06-18T16:55:19.646+0000] {dag.py:3823} INFO - Setting next_dagrun for example_nested_branch_dag to 2026-06-17 00:00:00+00:00, run_after=2026-06-18 00:00:00+00:00
[2026-06-18T16:55:19.677+0000] {processor.py:183} INFO - Processing /home/airflow/.local/lib/python3.8/site-packages/airflow/example_dags/example_nested_branch_dag.py took 0.143 seconds
[2026-06-18T16:55:49.824+0000] {processor.py:161} INFO - Started process (PID=788) to work on /home/airflow/.local/lib/python3.8/site-packages/airflow/example_dags/example_nested_branch_dag.py
[2026-06-18T16:55:49.826+0000] {processor.py:830} INFO - Processing file /home/airflow/.local/lib/python3.8/site-packages/airflow/example_dags/example_nested_branch_dag.py for tasks to queue
[2026-06-18T16:55:49.828+0000] {logging_mixin.py:188} INFO - [2026-06-18T16:55:49.828+0000] {dagbag.py:538} INFO - Filling up the DagBag from /home/airflow/.local/lib/python3.8/site-packages/airflow/example_dags/example_nested_branch_dag.py
[2026-06-18T16:55:49.846+0000] {processor.py:840} INFO - DAG(s) 'example_nested_branch_dag' retrieved from /home/airflow/.local/lib/python3.8/site-packages/airflow/example_dags/example_nested_branch_dag.py
[2026-06-18T16:55:49.895+0000] {logging_mixin.py:188} INFO - [2026-06-18T16:55:49.894+0000] {dag.py:3036} INFO - Sync 1 DAGs
[2026-06-18T16:55:49.942+0000] {logging_mixin.py:188} INFO - [2026-06-18T16:55:49.941+0000] {dag.py:3823} INFO - Setting next_dagrun for example_nested_branch_dag to 2026-06-17 00:00:00+00:00, run_after=2026-06-18 00:00:00+00:00
[2026-06-18T16:55:49.976+0000] {processor.py:183} INFO - Processing /home/airflow/.local/lib/python3.8/site-packages/airflow/example_dags/example_nested_branch_dag.py took 0.157 seconds
[2026-06-18T16:56:20.270+0000] {processor.py:161} INFO - Started process (PID=863) to work on /home/airflow/.local/lib/python3.8/site-packages/airflow/example_dags/example_nested_branch_dag.py
[2026-06-18T16:56:20.272+0000] {processor.py:830} INFO - Processing file /home/airflow/.local/lib/python3.8/site-packages/airflow/example_dags/example_nested_branch_dag.py for tasks to queue
[2026-06-18T16:56:20.275+0000] {logging_mixin.py:188} INFO - [2026-06-18T16:56:20.274+0000] {dagbag.py:538} INFO - Filling up the DagBag from /home/airflow/.local/lib/python3.8/site-packages/airflow/example_dags/example_nested_branch_dag.py
[2026-06-18T16:56:20.295+0000] {processor.py:840} INFO - DAG(s) 'example_nested_branch_dag' retrieved from /home/airflow/.local/lib/python3.8/site-packages/airflow/example_dags/example_nested_branch_dag.py
[2026-06-18T16:56:20.340+0000] {logging_mixin.py:188} INFO - [2026-06-18T16:56:20.339+0000] {dag.py:3036} INFO - Sync 1 DAGs
[2026-06-18T16:56:20.389+0000] {logging_mixin.py:188} INFO - [2026-06-18T16:56:20.388+0000] {dag.py:3823} INFO - Setting next_dagrun for example_nested_branch_dag to 2026-06-17 00:00:00+00:00, run_after=2026-06-18 00:00:00+00:00
[2026-06-18T16:56:20.426+0000] {processor.py:183} INFO - Processing /home/airflow/.local/lib/python3.8/site-packages/airflow/example_dags/example_nested_branch_dag.py took 0.162 seconds
[2026-06-18T16:56:51.228+0000] {processor.py:161} INFO - Started process (PID=929) to work on /home/airflow/.local/lib/python3.8/site-packages/airflow/example_dags/example_nested_branch_dag.py
[2026-06-18T16:56:51.230+0000] {processor.py:830} INFO - Processing file /home/airflow/.local/lib/python3.8/site-packages/airflow/example_dags/example_nested_branch_dag.py for tasks to queue
[2026-06-18T16:56:51.233+0000] {logging_mixin.py:188} INFO - [2026-06-18T16:56:51.233+0000] {dagbag.py:538} INFO - Filling up the DagBag from /home/airflow/.local/lib/python3.8/site-packages/airflow/example_dags/example_nested_branch_dag.py
[2026-06-18T16:56:51.251+0000] {processor.py:840} INFO - DAG(s) 'example_nested_branch_dag' retrieved from /home/airflow/.local/lib/python3.8/site-packages/airflow/example_dags/example_nested_branch_dag.py
[2026-06-18T16:56:51.296+0000] {logging_mixin.py:188} INFO - [2026-06-18T16:56:51.295+0000] {dag.py:3036} INFO - Sync 1 DAGs
[2026-06-18T16:56:51.337+0000] {logging_mixin.py:188} INFO - [2026-06-18T16:56:51.337+0000] {dag.py:3823} INFO - Setting next_dagrun for example_nested_branch_dag to 2026-06-17 00:00:00+00:00, run_after=2026-06-18 00:00:00+00:00
[2026-06-18T16:56:51.369+0000] {processor.py:183} INFO - Processing /home/airflow/.local/lib/python3.8/site-packages/airflow/example_dags/example_nested_branch_dag.py took 0.147 seconds
[2026-06-18T16:57:21.985+0000] {processor.py:161} INFO - Started process (PID=994) to work on /home/airflow/.local/lib/python3.8/site-packages/airflow/example_dags/example_nested_branch_dag.py
[2026-06-18T16:57:21.987+0000] {processor.py:830} INFO - Processing file /home/airflow/.local/lib/python3.8/site-packages/airflow/example_dags/example_nested_branch_dag.py for tasks to queue
[2026-06-18T16:57:21.990+0000] {logging_mixin.py:188} INFO - [2026-06-18T16:57:21.990+0000] {dagbag.py:538} INFO - Filling up the DagBag from /home/airflow/.local/lib/python3.8/site-packages/airflow/example_dags/example_nested_branch_dag.py
[2026-06-18T16:57:22.006+0000] {processor.py:840} INFO - DAG(s) 'example_nested_branch_dag' retrieved from /home/airflow/.local/lib/python3.8/site-packages/airflow/example_dags/example_nested_branch_dag.py
[2026-06-18T16:57:22.047+0000] {logging_mixin.py:188} INFO - [2026-06-18T16:57:22.047+0000] {dag.py:3036} INFO - Sync 1 DAGs
[2026-06-18T16:57:22.086+0000] {logging_mixin.py:188} INFO - [2026-06-18T16:57:22.086+0000] {dag.py:3823} INFO - Setting next_dagrun for example_nested_branch_dag to 2026-06-17 00:00:00+00:00, run_after=2026-06-18 00:00:00+00:00
[2026-06-18T16:57:22.122+0000] {processor.py:183} INFO - Processing /home/airflow/.local/lib/python3.8/site-packages/airflow/example_dags/example_nested_branch_dag.py took 0.143 seconds
[2026-06-18T16:57:52.829+0000] {processor.py:161} INFO - Started process (PID=1059) to work on /home/airflow/.local/lib/python3.8/site-packages/airflow/example_dags/example_nested_branch_dag.py
[2026-06-18T16:57:52.831+0000] {processor.py:830} INFO - Processing file /home/airflow/.local/lib/python3.8/site-packages/airflow/example_dags/example_nested_branch_dag.py for tasks to queue
[2026-06-18T16:57:52.834+0000] {logging_mixin.py:188} INFO - [2026-06-18T16:57:52.834+0000] {dagbag.py:538} INFO - Filling up the DagBag from /home/airflow/.local/lib/python3.8/site-packages/airflow/example_dags/example_nested_branch_dag.py
[2026-06-18T16:57:52.855+0000] {processor.py:840} INFO - DAG(s) 'example_nested_branch_dag' retrieved from /home/airflow/.local/lib/python3.8/site-packages/airflow/example_dags/example_nested_branch_dag.py
[2026-06-18T16:57:52.913+0000] {logging_mixin.py:188} INFO - [2026-06-18T16:57:52.913+0000] {dag.py:3036} INFO - Sync 1 DAGs
[2026-06-18T16:57:52.958+0000] {logging_mixin.py:188} INFO - [2026-06-18T16:57:52.957+0000] {dag.py:3823} INFO - Setting next_dagrun for example_nested_branch_dag to 2026-06-17 00:00:00+00:00, run_after=2026-06-18 00:00:00+00:00
[2026-06-18T16:57:52.990+0000] {processor.py:183} INFO - Processing /home/airflow/.local/lib/python3.8/site-packages/airflow/example_dags/example_nested_branch_dag.py took 0.166 seconds
[2026-06-18T16:58:23.231+0000] {processor.py:161} INFO - Started process (PID=1124) to work on /home/airflow/.local/lib/python3.8/site-packages/airflow/example_dags/example_nested_branch_dag.py
[2026-06-18T16:58:23.232+0000] {processor.py:830} INFO - Processing file /home/airflow/.local/lib/python3.8/site-packages/airflow/example_dags/example_nested_branch_dag.py for tasks to queue
[2026-06-18T16:58:23.236+0000] {logging_mixin.py:188} INFO - [2026-06-18T16:58:23.236+0000] {dagbag.py:538} INFO - Filling up the DagBag from /home/airflow/.local/lib/python3.8/site-packages/airflow/example_dags/example_nested_branch_dag.py
[2026-06-18T16:58:23.259+0000] {processor.py:840} INFO - DAG(s) 'example_nested_branch_dag' retrieved from /home/airflow/.local/lib/python3.8/site-packages/airflow/example_dags/example_nested_branch_dag.py
[2026-06-18T16:58:23.295+0000] {logging_mixin.py:188} INFO - [2026-06-18T16:58:23.294+0000] {dag.py:3036} INFO - Sync 1 DAGs
[2026-06-18T16:58:23.349+0000] {logging_mixin.py:188} INFO - [2026-06-18T16:58:23.348+0000] {dag.py:3823} INFO - Setting next_dagrun for example_nested_branch_dag to 2026-06-17 00:00:00+00:00, run_after=2026-06-18 00:00:00+00:00
[2026-06-18T16:58:23.395+0000] {processor.py:183} INFO - Processing /home/airflow/.local/lib/python3.8/site-packages/airflow/example_dags/example_nested_branch_dag.py took 0.172 seconds
[2026-06-18T16:58:53.654+0000] {processor.py:161} INFO - Started process (PID=1189) to work on /home/airflow/.local/lib/python3.8/site-packages/airflow/example_dags/example_nested_branch_dag.py
[2026-06-18T16:58:53.656+0000] {processor.py:830} INFO - Processing file /home/airflow/.local/lib/python3.8/site-packages/airflow/example_dags/example_nested_branch_dag.py for tasks to queue
[2026-06-18T16:58:53.659+0000] {logging_mixin.py:188} INFO - [2026-06-18T16:58:53.659+0000] {dagbag.py:538} INFO - Filling up the DagBag from /home/airflow/.local/lib/python3.8/site-packages/airflow/example_dags/example_nested_branch_dag.py
[2026-06-18T16:58:53.680+0000] {processor.py:840} INFO - DAG(s) 'example_nested_branch_dag' retrieved from /home/airflow/.local/lib/python3.8/site-packages/airflow/example_dags/example_nested_branch_dag.py
[2026-06-18T16:58:53.896+0000] {logging_mixin.py:188} INFO - [2026-06-18T16:58:53.895+0000] {dag.py:3036} INFO - Sync 1 DAGs
[2026-06-18T16:58:53.944+0000] {logging_mixin.py:188} INFO - [2026-06-18T16:58:53.944+0000] {dag.py:3823} INFO - Setting next_dagrun for example_nested_branch_dag to 2026-06-17 00:00:00+00:00, run_after=2026-06-18 00:00:00+00:00
[2026-06-18T16:58:53.978+0000] {processor.py:183} INFO - Processing /home/airflow/.local/lib/python3.8/site-packages/airflow/example_dags/example_nested_branch_dag.py took 0.329 seconds
[2026-06-18T16:59:24.124+0000] {processor.py:161} INFO - Started process (PID=1255) to work on /home/airflow/.local/lib/python3.8/site-packages/airflow/example_dags/example_nested_branch_dag.py
[2026-06-18T16:59:24.126+0000] {processor.py:830} INFO - Processing file /home/airflow/.local/lib/python3.8/site-packages/airflow/example_dags/example_nested_branch_dag.py for tasks to queue
[2026-06-18T16:59:24.129+0000] {logging_mixin.py:188} INFO - [2026-06-18T16:59:24.128+0000] {dagbag.py:538} INFO - Filling up the DagBag from /home/airflow/.local/lib/python3.8/site-packages/airflow/example_dags/example_nested_branch_dag.py
[2026-06-18T16:59:24.144+0000] {processor.py:840} INFO - DAG(s) 'example_nested_branch_dag' retrieved from /home/airflow/.local/lib/python3.8/site-packages/airflow/example_dags/example_nested_branch_dag.py
[2026-06-18T16:59:24.187+0000] {logging_mixin.py:188} INFO - [2026-06-18T16:59:24.187+0000] {dag.py:3036} INFO - Sync 1 DAGs
[2026-06-18T16:59:24.231+0000] {logging_mixin.py:188} INFO - [2026-06-18T16:59:24.231+0000] {dag.py:3823} INFO - Setting next_dagrun for example_nested_branch_dag to 2026-06-17 00:00:00+00:00, run_after=2026-06-18 00:00:00+00:00
[2026-06-18T16:59:24.266+0000] {processor.py:183} INFO - Processing /home/airflow/.local/lib/python3.8/site-packages/airflow/example_dags/example_nested_branch_dag.py took 0.147 seconds
[2026-06-18T16:59:54.738+0000] {processor.py:161} INFO - Started process (PID=1322) to work on /home/airflow/.local/lib/python3.8/site-packages/airflow/example_dags/example_nested_branch_dag.py
[2026-06-18T16:59:54.740+0000] {processor.py:830} INFO - Processing file /home/airflow/.local/lib/python3.8/site-packages/airflow/example_dags/example_nested_branch_dag.py for tasks to queue
[2026-06-18T16:59:54.743+0000] {logging_mixin.py:188} INFO - [2026-06-18T16:59:54.742+0000] {dagbag.py:538} INFO - Filling up the DagBag from /home/airflow/.local/lib/python3.8/site-packages/airflow/example_dags/example_nested_branch_dag.py
[2026-06-18T16:59:54.761+0000] {processor.py:840} INFO - DAG(s) 'example_nested_branch_dag' retrieved from /home/airflow/.local/lib/python3.8/site-packages/airflow/example_dags/example_nested_branch_dag.py
[2026-06-18T16:59:54.807+0000] {logging_mixin.py:188} INFO - [2026-06-18T16:59:54.807+0000] {dag.py:3036} INFO - Sync 1 DAGs
[2026-06-18T16:59:54.854+0000] {logging_mixin.py:188} INFO - [2026-06-18T16:59:54.853+0000] {dag.py:3823} INFO - Setting next_dagrun for example_nested_branch_dag to 2026-06-17 00:00:00+00:00, run_after=2026-06-18 00:00:00+00:00
[2026-06-18T16:59:54.902+0000] {processor.py:183} INFO - Processing /home/airflow/.local/lib/python3.8/site-packages/airflow/example_dags/example_nested_branch_dag.py took 0.170 seconds
[2026-06-18T17:00:25.051+0000] {processor.py:161} INFO - Started process (PID=1388) to work on /home/airflow/.local/lib/python3.8/site-packages/airflow/example_dags/example_nested_branch_dag.py
[2026-06-18T17:00:25.053+0000] {processor.py:830} INFO - Processing file /home/airflow/.local/lib/python3.8/site-packages/airflow/example_dags/example_nested_branch_dag.py for tasks to queue
[2026-06-18T17:00:25.055+0000] {logging_mixin.py:188} INFO - [2026-06-18T17:00:25.055+0000] {dagbag.py:538} INFO - Filling up the DagBag from /home/airflow/.local/lib/python3.8/site-packages/airflow/example_dags/example_nested_branch_dag.py
[2026-06-18T17:00:25.071+0000] {processor.py:840} INFO - DAG(s) 'example_nested_branch_dag' retrieved from /home/airflow/.local/lib/python3.8/site-packages/airflow/example_dags/example_nested_branch_dag.py
[2026-06-18T17:00:25.261+0000] {logging_mixin.py:188} INFO - [2026-06-18T17:00:25.260+0000] {dag.py:3036} INFO - Sync 1 DAGs
[2026-06-18T17:00:25.297+0000] {logging_mixin.py:188} INFO - [2026-06-18T17:00:25.297+0000] {dag.py:3823} INFO - Setting next_dagrun for example_nested_branch_dag to 2026-06-17 00:00:00+00:00, run_after=2026-06-18 00:00:00+00:00
[2026-06-18T17:00:25.329+0000] {processor.py:183} INFO - Processing /home/airflow/.local/lib/python3.8/site-packages/airflow/example_dags/example_nested_branch_dag.py took 0.284 seconds
[2026-06-18T17:00:55.623+0000] {processor.py:161} INFO - Started process (PID=1453) to work on /home/airflow/.local/lib/python3.8/site-packages/airflow/example_dags/example_nested_branch_dag.py
[2026-06-18T17:00:55.625+0000] {processor.py:830} INFO - Processing file /home/airflow/.local/lib/python3.8/site-packages/airflow/example_dags/example_nested_branch_dag.py for tasks to queue
[2026-06-18T17:00:55.628+0000] {logging_mixin.py:188} INFO - [2026-06-18T17:00:55.628+0000] {dagbag.py:538} INFO - Filling up the DagBag from /home/airflow/.local/lib/python3.8/site-packages/airflow/example_dags/example_nested_branch_dag.py
[2026-06-18T17:00:55.645+0000] {processor.py:840} INFO - DAG(s) 'example_nested_branch_dag' retrieved from /home/airflow/.local/lib/python3.8/site-packages/airflow/example_dags/example_nested_branch_dag.py
[2026-06-18T17:00:55.684+0000] {logging_mixin.py:188} INFO - [2026-06-18T17:00:55.684+0000] {dag.py:3036} INFO - Sync 1 DAGs
[2026-06-18T17:00:55.724+0000] {logging_mixin.py:188} INFO - [2026-06-18T17:00:55.723+0000] {dag.py:3823} INFO - Setting next_dagrun for example_nested_branch_dag to 2026-06-17 00:00:00+00:00, run_after=2026-06-18 00:00:00+00:00
[2026-06-18T17:00:55.754+0000] {processor.py:183} INFO - Processing /home/airflow/.local/lib/python3.8/site-packages/airflow/example_dags/example_nested_branch_dag.py took 0.136 seconds
[2026-06-18T17:01:26.080+0000] {processor.py:161} INFO - Started process (PID=1519) to work on /home/airflow/.local/lib/python3.8/site-packages/airflow/example_dags/example_nested_branch_dag.py
[2026-06-18T17:01:26.082+0000] {processor.py:830} INFO - Processing file /home/airflow/.local/lib/python3.8/site-packages/airflow/example_dags/example_nested_branch_dag.py for tasks to queue
[2026-06-18T17:01:26.084+0000] {logging_mixin.py:188} INFO - [2026-06-18T17:01:26.084+0000] {dagbag.py:538} INFO - Filling up the DagBag from /home/airflow/.local/lib/python3.8/site-packages/airflow/example_dags/example_nested_branch_dag.py
[2026-06-18T17:01:26.101+0000] {processor.py:840} INFO - DAG(s) 'example_nested_branch_dag' retrieved from /home/airflow/.local/lib/python3.8/site-packages/airflow/example_dags/example_nested_branch_dag.py
[2026-06-18T17:01:26.146+0000] {logging_mixin.py:188} INFO - [2026-06-18T17:01:26.146+0000] {dag.py:3036} INFO - Sync 1 DAGs
[2026-06-18T17:01:26.192+0000] {logging_mixin.py:188} INFO - [2026-06-18T17:01:26.191+0000] {dag.py:3823} INFO - Setting next_dagrun for example_nested_branch_dag to 2026-06-17 00:00:00+00:00, run_after=2026-06-18 00:00:00+00:00
[2026-06-18T17:01:26.222+0000] {processor.py:183} INFO - Processing /home/airflow/.local/lib/python3.8/site-packages/airflow/example_dags/example_nested_branch_dag.py took 0.147 seconds
[2026-06-18T17:01:56.815+0000] {processor.py:161} INFO - Started process (PID=1585) to work on /home/airflow/.local/lib/python3.8/site-packages/airflow/example_dags/example_nested_branch_dag.py
[2026-06-18T17:01:56.817+0000] {processor.py:830} INFO - Processing file /home/airflow/.local/lib/python3.8/site-packages/airflow/example_dags/example_nested_branch_dag.py for tasks to queue
[2026-06-18T17:01:56.819+0000] {logging_mixin.py:188} INFO - [2026-06-18T17:01:56.819+0000] {dagbag.py:538} INFO - Filling up the DagBag from /home/airflow/.local/lib/python3.8/site-packages/airflow/example_dags/example_nested_branch_dag.py
[2026-06-18T17:01:56.835+0000] {processor.py:840} INFO - DAG(s) 'example_nested_branch_dag' retrieved from /home/airflow/.local/lib/python3.8/site-packages/airflow/example_dags/example_nested_branch_dag.py
[2026-06-18T17:01:56.878+0000] {logging_mixin.py:188} INFO - [2026-06-18T17:01:56.878+0000] {dag.py:3036} INFO - Sync 1 DAGs
[2026-06-18T17:01:56.921+0000] {logging_mixin.py:188} INFO - [2026-06-18T17:01:56.920+0000] {dag.py:3823} INFO - Setting next_dagrun for example_nested_branch_dag to 2026-06-17 00:00:00+00:00, run_after=2026-06-18 00:00:00+00:00
[2026-06-18T17:01:56.952+0000] {processor.py:183} INFO - Processing /home/airflow/.local/lib/python3.8/site-packages/airflow/example_dags/example_nested_branch_dag.py took 0.142 seconds
[2026-06-18T17:02:27.401+0000] {processor.py:161} INFO - Started process (PID=1651) to work on /home/airflow/.local/lib/python3.8/site-packages/airflow/example_dags/example_nested_branch_dag.py
[2026-06-18T17:02:27.403+0000] {processor.py:830} INFO - Processing file /home/airflow/.local/lib/python3.8/site-packages/airflow/example_dags/example_nested_branch_dag.py for tasks to queue
[2026-06-18T17:02:27.405+0000] {logging_mixin.py:188} INFO - [2026-06-18T17:02:27.405+0000] {dagbag.py:538} INFO - Filling up the DagBag from /home/airflow/.local/lib/python3.8/site-packages/airflow/example_dags/example_nested_branch_dag.py
[2026-06-18T17:02:27.423+0000] {processor.py:840} INFO - DAG(s) 'example_nested_branch_dag' retrieved from /home/airflow/.local/lib/python3.8/site-packages/airflow/example_dags/example_nested_branch_dag.py
[2026-06-18T17:02:27.474+0000] {logging_mixin.py:188} INFO - [2026-06-18T17:02:27.473+0000] {dag.py:3036} INFO - Sync 1 DAGs
[2026-06-18T17:02:27.523+0000] {logging_mixin.py:188} INFO - [2026-06-18T17:02:27.522+0000] {dag.py:3823} INFO - Setting next_dagrun for example_nested_branch_dag to 2026-06-17 00:00:00+00:00, run_after=2026-06-18 00:00:00+00:00
[2026-06-18T17:02:27.563+0000] {processor.py:183} INFO - Processing /home/airflow/.local/lib/python3.8/site-packages/airflow/example_dags/example_nested_branch_dag.py took 0.168 seconds
[2026-06-18T17:02:57.928+0000] {processor.py:161} INFO - Started process (PID=1716) to work on /home/airflow/.local/lib/python3.8/site-packages/airflow/example_dags/example_nested_branch_dag.py
[2026-06-18T17:02:57.929+0000] {processor.py:830} INFO - Processing file /home/airflow/.local/lib/python3.8/site-packages/airflow/example_dags/example_nested_branch_dag.py for tasks to queue
[2026-06-18T17:02:57.932+0000] {logging_mixin.py:188} INFO - [2026-06-18T17:02:57.932+0000] {dagbag.py:538} INFO - Filling up the DagBag from /home/airflow/.local/lib/python3.8/site-packages/airflow/example_dags/example_nested_branch_dag.py
[2026-06-18T17:02:57.952+0000] {processor.py:840} INFO - DAG(s) 'example_nested_branch_dag' retrieved from /home/airflow/.local/lib/python3.8/site-packages/airflow/example_dags/example_nested_branch_dag.py
[2026-06-18T17:02:58.005+0000] {logging_mixin.py:188} INFO - [2026-06-18T17:02:58.005+0000] {dag.py:3036} INFO - Sync 1 DAGs
[2026-06-18T17:02:58.053+0000] {logging_mixin.py:188} INFO - [2026-06-18T17:02:58.052+0000] {dag.py:3823} INFO - Setting next_dagrun for example_nested_branch_dag to 2026-06-17 00:00:00+00:00, run_after=2026-06-18 00:00:00+00:00
[2026-06-18T17:02:58.087+0000] {processor.py:183} INFO - Processing /home/airflow/.local/lib/python3.8/site-packages/airflow/example_dags/example_nested_branch_dag.py took 0.168 seconds
[2026-06-18T17:03:28.805+0000] {processor.py:161} INFO - Started process (PID=1782) to work on /home/airflow/.local/lib/python3.8/site-packages/airflow/example_dags/example_nested_branch_dag.py
[2026-06-18T17:03:28.807+0000] {processor.py:830} INFO - Processing file /home/airflow/.local/lib/python3.8/site-packages/airflow/example_dags/example_nested_branch_dag.py for tasks to queue
[2026-06-18T17:03:28.810+0000] {logging_mixin.py:188} INFO - [2026-06-18T17:03:28.809+0000] {dagbag.py:538} INFO - Filling up the DagBag from /home/airflow/.local/lib/python3.8/site-packages/airflow/example_dags/example_nested_branch_dag.py
[2026-06-18T17:03:28.829+0000] {processor.py:840} INFO - DAG(s) 'example_nested_branch_dag' retrieved from /home/airflow/.local/lib/python3.8/site-packages/airflow/example_dags/example_nested_branch_dag.py
[2026-06-18T17:03:28.876+0000] {logging_mixin.py:188} INFO - [2026-06-18T17:03:28.875+0000] {dag.py:3036} INFO - Sync 1 DAGs
[2026-06-18T17:03:28.925+0000] {logging_mixin.py:188} INFO - [2026-06-18T17:03:28.924+0000] {dag.py:3823} INFO - Setting next_dagrun for example_nested_branch_dag to 2026-06-17 00:00:00+00:00, run_after=2026-06-18 00:00:00+00:00
[2026-06-18T17:03:28.961+0000] {processor.py:183} INFO - Processing /home/airflow/.local/lib/python3.8/site-packages/airflow/example_dags/example_nested_branch_dag.py took 0.161 seconds
[2026-06-18T17:03:59.162+0000] {processor.py:161} INFO - Started process (PID=1854) to work on /home/airflow/.local/lib/python3.8/site-packages/airflow/example_dags/example_nested_branch_dag.py
[2026-06-18T17:03:59.164+0000] {processor.py:830} INFO - Processing file /home/airflow/.local/lib/python3.8/site-packages/airflow/example_dags/example_nested_branch_dag.py for tasks to queue
[2026-06-18T17:03:59.167+0000] {logging_mixin.py:188} INFO - [2026-06-18T17:03:59.166+0000] {dagbag.py:538} INFO - Filling up the DagBag from /home/airflow/.local/lib/python3.8/site-packages/airflow/example_dags/example_nested_branch_dag.py
[2026-06-18T17:03:59.203+0000] {processor.py:840} INFO - DAG(s) 'example_nested_branch_dag' retrieved from /home/airflow/.local/lib/python3.8/site-packages/airflow/example_dags/example_nested_branch_dag.py
[2026-06-18T17:03:59.253+0000] {logging_mixin.py:188} INFO - [2026-06-18T17:03:59.252+0000] {dag.py:3036} INFO - Sync 1 DAGs
[2026-06-18T17:03:59.302+0000] {logging_mixin.py:188} INFO - [2026-06-18T17:03:59.301+0000] {dag.py:3823} INFO - Setting next_dagrun for example_nested_branch_dag to 2026-06-17 00:00:00+00:00, run_after=2026-06-18 00:00:00+00:00
[2026-06-18T17:03:59.338+0000] {processor.py:183} INFO - Processing /home/airflow/.local/lib/python3.8/site-packages/airflow/example_dags/example_nested_branch_dag.py took 0.183 seconds
[2026-06-18T17:04:29.765+0000] {processor.py:161} INFO - Started process (PID=1923) to work on /home/airflow/.local/lib/python3.8/site-packages/airflow/example_dags/example_nested_branch_dag.py
[2026-06-18T17:04:29.767+0000] {processor.py:830} INFO - Processing file /home/airflow/.local/lib/python3.8/site-packages/airflow/example_dags/example_nested_branch_dag.py for tasks to queue
[2026-06-18T17:04:29.772+0000] {logging_mixin.py:188} INFO - [2026-06-18T17:04:29.771+0000] {dagbag.py:538} INFO - Filling up the DagBag from /home/airflow/.local/lib/python3.8/site-packages/airflow/example_dags/example_nested_branch_dag.py
[2026-06-18T17:04:29.792+0000] {processor.py:840} INFO - DAG(s) 'example_nested_branch_dag' retrieved from /home/airflow/.local/lib/python3.8/site-packages/airflow/example_dags/example_nested_branch_dag.py
[2026-06-18T17:04:29.851+0000] {logging_mixin.py:188} INFO - [2026-06-18T17:04:29.851+0000] {dag.py:3036} INFO - Sync 1 DAGs
[2026-06-18T17:04:29.903+0000] {logging_mixin.py:188} INFO - [2026-06-18T17:04:29.903+0000] {dag.py:3823} INFO - Setting next_dagrun for example_nested_branch_dag to 2026-06-17 00:00:00+00:00, run_after=2026-06-18 00:00:00+00:00
[2026-06-18T17:04:29.955+0000] {processor.py:183} INFO - Processing /home/airflow/.local/lib/python3.8/site-packages/airflow/example_dags/example_nested_branch_dag.py took 0.196 seconds
[2026-06-18T17:05:00.050+0000] {processor.py:161} INFO - Started process (PID=1988) to work on /home/airflow/.local/lib/python3.8/site-packages/airflow/example_dags/example_nested_branch_dag.py
[2026-06-18T17:05:00.052+0000] {processor.py:830} INFO - Processing file /home/airflow/.local/lib/python3.8/site-packages/airflow/example_dags/example_nested_branch_dag.py for tasks to queue
[2026-06-18T17:05:00.055+0000] {logging_mixin.py:188} INFO - [2026-06-18T17:05:00.054+0000] {dagbag.py:538} INFO - Filling up the DagBag from /home/airflow/.local/lib/python3.8/site-packages/airflow/example_dags/example_nested_branch_dag.py
[2026-06-18T17:05:00.083+0000] {processor.py:840} INFO - DAG(s) 'example_nested_branch_dag' retrieved from /home/airflow/.local/lib/python3.8/site-packages/airflow/example_dags/example_nested_branch_dag.py
[2026-06-18T17:05:00.132+0000] {logging_mixin.py:188} INFO - [2026-06-18T17:05:00.131+0000] {dag.py:3036} INFO - Sync 1 DAGs
[2026-06-18T17:05:00.188+0000] {logging_mixin.py:188} INFO - [2026-06-18T17:05:00.187+0000] {dag.py:3823} INFO - Setting next_dagrun for example_nested_branch_dag to 2026-06-17 00:00:00+00:00, run_after=2026-06-18 00:00:00+00:00
[2026-06-18T17:05:00.225+0000] {processor.py:183} INFO - Processing /home/airflow/.local/lib/python3.8/site-packages/airflow/example_dags/example_nested_branch_dag.py took 0.181 seconds
[2026-06-18T17:05:30.842+0000] {processor.py:161} INFO - Started process (PID=2055) to work on /home/airflow/.local/lib/python3.8/site-packages/airflow/example_dags/example_nested_branch_dag.py
[2026-06-18T17:05:30.844+0000] {processor.py:830} INFO - Processing file /home/airflow/.local/lib/python3.8/site-packages/airflow/example_dags/example_nested_branch_dag.py for tasks to queue
[2026-06-18T17:05:30.848+0000] {logging_mixin.py:188} INFO - [2026-06-18T17:05:30.847+0000] {dagbag.py:538} INFO - Filling up the DagBag from /home/airflow/.local/lib/python3.8/site-packages/airflow/example_dags/example_nested_branch_dag.py
[2026-06-18T17:05:30.870+0000] {processor.py:840} INFO - DAG(s) 'example_nested_branch_dag' retrieved from /home/airflow/.local/lib/python3.8/site-packages/airflow/example_dags/example_nested_branch_dag.py
[2026-06-18T17:05:30.915+0000] {logging_mixin.py:188} INFO - [2026-06-18T17:05:30.914+0000] {dag.py:3036} INFO - Sync 1 DAGs
[2026-06-18T17:05:30.958+0000] {logging_mixin.py:188} INFO - [2026-06-18T17:05:30.957+0000] {dag.py:3823} INFO - Setting next_dagrun for example_nested_branch_dag to 2026-06-17 00:00:00+00:00, run_after=2026-06-18 00:00:00+00:00
[2026-06-18T17:05:30.996+0000] {processor.py:183} INFO - Processing /home/airflow/.local/lib/python3.8/site-packages/airflow/example_dags/example_nested_branch_dag.py took 0.160 seconds
[2026-06-18T17:06:01.687+0000] {processor.py:161} INFO - Started process (PID=2119) to work on /home/airflow/.local/lib/python3.8/site-packages/airflow/example_dags/example_nested_branch_dag.py
[2026-06-18T17:06:01.689+0000] {processor.py:830} INFO - Processing file /home/airflow/.local/lib/python3.8/site-packages/airflow/example_dags/example_nested_branch_dag.py for tasks to queue
[2026-06-18T17:06:01.692+0000] {logging_mixin.py:188} INFO - [2026-06-18T17:06:01.691+0000] {dagbag.py:538} INFO - Filling up the DagBag from /home/airflow/.local/lib/python3.8/site-packages/airflow/example_dags/example_nested_branch_dag.py
[2026-06-18T17:06:01.709+0000] {processor.py:840} INFO - DAG(s) 'example_nested_branch_dag' retrieved from /home/airflow/.local/lib/python3.8/site-packages/airflow/example_dags/example_nested_branch_dag.py
[2026-06-18T17:06:01.753+0000] {logging_mixin.py:188} INFO - [2026-06-18T17:06:01.752+0000] {dag.py:3036} INFO - Sync 1 DAGs
[2026-06-18T17:06:01.796+0000] {logging_mixin.py:188} INFO - [2026-06-18T17:06:01.795+0000] {dag.py:3823} INFO - Setting next_dagrun for example_nested_branch_dag to 2026-06-17 00:00:00+00:00, run_after=2026-06-18 00:00:00+00:00
[2026-06-18T17:06:01.827+0000] {processor.py:183} INFO - Processing /home/airflow/.local/lib/python3.8/site-packages/airflow/example_dags/example_nested_branch_dag.py took 0.144 seconds
[2026-06-18T17:06:32.212+0000] {processor.py:161} INFO - Started process (PID=2185) to work on /home/airflow/.local/lib/python3.8/site-packages/airflow/example_dags/example_nested_branch_dag.py
[2026-06-18T17:06:32.214+0000] {processor.py:830} INFO - Processing file /home/airflow/.local/lib/python3.8/site-packages/airflow/example_dags/example_nested_branch_dag.py for tasks to queue
[2026-06-18T17:06:32.217+0000] {logging_mixin.py:188} INFO - [2026-06-18T17:06:32.216+0000] {dagbag.py:538} INFO - Filling up the DagBag from /home/airflow/.local/lib/python3.8/site-packages/airflow/example_dags/example_nested_branch_dag.py
[2026-06-18T17:06:32.236+0000] {processor.py:840} INFO - DAG(s) 'example_nested_branch_dag' retrieved from /home/airflow/.local/lib/python3.8/site-packages/airflow/example_dags/example_nested_branch_dag.py
[2026-06-18T17:06:32.283+0000] {logging_mixin.py:188} INFO - [2026-06-18T17:06:32.282+0000] {dag.py:3036} INFO - Sync 1 DAGs
[2026-06-18T17:06:32.330+0000] {logging_mixin.py:188} INFO - [2026-06-18T17:06:32.330+0000] {dag.py:3823} INFO - Setting next_dagrun for example_nested_branch_dag to 2026-06-17 00:00:00+00:00, run_after=2026-06-18 00:00:00+00:00
[2026-06-18T17:06:32.363+0000] {processor.py:183} INFO - Processing /home/airflow/.local/lib/python3.8/site-packages/airflow/example_dags/example_nested_branch_dag.py took 0.157 seconds
[2026-06-18T17:07:02.534+0000] {processor.py:161} INFO - Started process (PID=2251) to work on /home/airflow/.local/lib/python3.8/site-packages/airflow/example_dags/example_nested_branch_dag.py
[2026-06-18T17:07:02.535+0000] {processor.py:830} INFO - Processing file /home/airflow/.local/lib/python3.8/site-packages/airflow/example_dags/example_nested_branch_dag.py for tasks to queue
[2026-06-18T17:07:02.539+0000] {logging_mixin.py:188} INFO - [2026-06-18T17:07:02.538+0000] {dagbag.py:538} INFO - Filling up the DagBag from /home/airflow/.local/lib/python3.8/site-packages/airflow/example_dags/example_nested_branch_dag.py
[2026-06-18T17:07:02.559+0000] {processor.py:840} INFO - DAG(s) 'example_nested_branch_dag' retrieved from /home/airflow/.local/lib/python3.8/site-packages/airflow/example_dags/example_nested_branch_dag.py
[2026-06-18T17:07:02.609+0000] {logging_mixin.py:188} INFO - [2026-06-18T17:07:02.608+0000] {dag.py:3036} INFO - Sync 1 DAGs
[2026-06-18T17:07:02.647+0000] {logging_mixin.py:188} INFO - [2026-06-18T17:07:02.647+0000] {dag.py:3823} INFO - Setting next_dagrun for example_nested_branch_dag to 2026-06-17 00:00:00+00:00, run_after=2026-06-18 00:00:00+00:00
[2026-06-18T17:07:02.679+0000] {processor.py:183} INFO - Processing /home/airflow/.local/lib/python3.8/site-packages/airflow/example_dags/example_nested_branch_dag.py took 0.151 seconds
[2026-06-18T17:07:33.419+0000] {processor.py:161} INFO - Started process (PID=2316) to work on /home/airflow/.local/lib/python3.8/site-packages/airflow/example_dags/example_nested_branch_dag.py
[2026-06-18T17:07:33.421+0000] {processor.py:830} INFO - Processing file /home/airflow/.local/lib/python3.8/site-packages/airflow/example_dags/example_nested_branch_dag.py for tasks to queue
[2026-06-18T17:07:33.424+0000] {logging_mixin.py:188} INFO - [2026-06-18T17:07:33.424+0000] {dagbag.py:538} INFO - Filling up the DagBag from /home/airflow/.local/lib/python3.8/site-packages/airflow/example_dags/example_nested_branch_dag.py
[2026-06-18T17:07:33.441+0000] {processor.py:840} INFO - DAG(s) 'example_nested_branch_dag' retrieved from /home/airflow/.local/lib/python3.8/site-packages/airflow/example_dags/example_nested_branch_dag.py
[2026-06-18T17:07:33.482+0000] {logging_mixin.py:188} INFO - [2026-06-18T17:07:33.481+0000] {dag.py:3036} INFO - Sync 1 DAGs
[2026-06-18T17:07:33.520+0000] {logging_mixin.py:188} INFO - [2026-06-18T17:07:33.520+0000] {dag.py:3823} INFO - Setting next_dagrun for example_nested_branch_dag to 2026-06-17 00:00:00+00:00, run_after=2026-06-18 00:00:00+00:00
[2026-06-18T17:07:33.553+0000] {processor.py:183} INFO - Processing /home/airflow/.local/lib/python3.8/site-packages/airflow/example_dags/example_nested_branch_dag.py took 0.140 seconds
[2026-06-18T17:08:03.709+0000] {processor.py:161} INFO - Started process (PID=2383) to work on /home/airflow/.local/lib/python3.8/site-packages/airflow/example_dags/example_nested_branch_dag.py
[2026-06-18T17:08:03.711+0000] {processor.py:830} INFO - Processing file /home/airflow/.local/lib/python3.8/site-packages/airflow/example_dags/example_nested_branch_dag.py for tasks to queue
[2026-06-18T17:08:03.713+0000] {logging_mixin.py:188} INFO - [2026-06-18T17:08:03.713+0000] {dagbag.py:538} INFO - Filling up the DagBag from /home/airflow/.local/lib/python3.8/site-packages/airflow/example_dags/example_nested_branch_dag.py
[2026-06-18T17:08:03.728+0000] {processor.py:840} INFO - DAG(s) 'example_nested_branch_dag' retrieved from /home/airflow/.local/lib/python3.8/site-packages/airflow/example_dags/example_nested_branch_dag.py
[2026-06-18T17:08:03.772+0000] {logging_mixin.py:188} INFO - [2026-06-18T17:08:03.771+0000] {dag.py:3036} INFO - Sync 1 DAGs
[2026-06-18T17:08:03.811+0000] {logging_mixin.py:188} INFO - [2026-06-18T17:08:03.810+0000] {dag.py:3823} INFO - Setting next_dagrun for example_nested_branch_dag to 2026-06-17 00:00:00+00:00, run_after=2026-06-18 00:00:00+00:00
[2026-06-18T17:08:03.843+0000] {processor.py:183} INFO - Processing /home/airflow/.local/lib/python3.8/site-packages/airflow/example_dags/example_nested_branch_dag.py took 0.138 seconds
[2026-06-18T17:08:34.031+0000] {processor.py:161} INFO - Started process (PID=2450) to work on /home/airflow/.local/lib/python3.8/site-packages/airflow/example_dags/example_nested_branch_dag.py
[2026-06-18T17:08:34.034+0000] {processor.py:830} INFO - Processing file /home/airflow/.local/lib/python3.8/site-packages/airflow/example_dags/example_nested_branch_dag.py for tasks to queue
[2026-06-18T17:08:34.036+0000] {logging_mixin.py:188} INFO - [2026-06-18T17:08:34.036+0000] {dagbag.py:538} INFO - Filling up the DagBag from /home/airflow/.local/lib/python3.8/site-packages/airflow/example_dags/example_nested_branch_dag.py
[2026-06-18T17:08:34.055+0000] {processor.py:840} INFO - DAG(s) 'example_nested_branch_dag' retrieved from /home/airflow/.local/lib/python3.8/site-packages/airflow/example_dags/example_nested_branch_dag.py
[2026-06-18T17:08:34.103+0000] {logging_mixin.py:188} INFO - [2026-06-18T17:08:34.102+0000] {dag.py:3036} INFO - Sync 1 DAGs
[2026-06-18T17:08:34.146+0000] {logging_mixin.py:188} INFO - [2026-06-18T17:08:34.146+0000] {dag.py:3823} INFO - Setting next_dagrun for example_nested_branch_dag to 2026-06-17 00:00:00+00:00, run_after=2026-06-18 00:00:00+00:00
[2026-06-18T17:08:34.181+0000] {processor.py:183} INFO - Processing /home/airflow/.local/lib/python3.8/site-packages/airflow/example_dags/example_nested_branch_dag.py took 0.155 seconds
[2026-06-18T17:09:04.472+0000] {processor.py:161} INFO - Started process (PID=2515) to work on /home/airflow/.local/lib/python3.8/site-packages/airflow/example_dags/example_nested_branch_dag.py
[2026-06-18T17:09:04.474+0000] {processor.py:830} INFO - Processing file /home/airflow/.local/lib/python3.8/site-packages/airflow/example_dags/example_nested_branch_dag.py for tasks to queue
[2026-06-18T17:09:04.483+0000] {logging_mixin.py:188} INFO - [2026-06-18T17:09:04.482+0000] {dagbag.py:538} INFO - Filling up the DagBag from /home/airflow/.local/lib/python3.8/site-packages/airflow/example_dags/example_nested_branch_dag.py
[2026-06-18T17:09:04.504+0000] {processor.py:840} INFO - DAG(s) 'example_nested_branch_dag' retrieved from /home/airflow/.local/lib/python3.8/site-packages/airflow/example_dags/example_nested_branch_dag.py
[2026-06-18T17:09:04.549+0000] {logging_mixin.py:188} INFO - [2026-06-18T17:09:04.549+0000] {dag.py:3036} INFO - Sync 1 DAGs
[2026-06-18T17:09:04.595+0000] {logging_mixin.py:188} INFO - [2026-06-18T17:09:04.594+0000] {dag.py:3823} INFO - Setting next_dagrun for example_nested_branch_dag to 2026-06-17 00:00:00+00:00, run_after=2026-06-18 00:00:00+00:00
[2026-06-18T17:09:04.632+0000] {processor.py:183} INFO - Processing /home/airflow/.local/lib/python3.8/site-packages/airflow/example_dags/example_nested_branch_dag.py took 0.165 seconds
[2026-06-18T17:09:35.203+0000] {processor.py:161} INFO - Started process (PID=2589) to work on /home/airflow/.local/lib/python3.8/site-packages/airflow/example_dags/example_nested_branch_dag.py
[2026-06-18T17:09:35.205+0000] {processor.py:830} INFO - Processing file /home/airflow/.local/lib/python3.8/site-packages/airflow/example_dags/example_nested_branch_dag.py for tasks to queue
[2026-06-18T17:09:35.208+0000] {logging_mixin.py:188} INFO - [2026-06-18T17:09:35.208+0000] {dagbag.py:538} INFO - Filling up the DagBag from /home/airflow/.local/lib/python3.8/site-packages/airflow/example_dags/example_nested_branch_dag.py
[2026-06-18T17:09:35.228+0000] {processor.py:840} INFO - DAG(s) 'example_nested_branch_dag' retrieved from /home/airflow/.local/lib/python3.8/site-packages/airflow/example_dags/example_nested_branch_dag.py
[2026-06-18T17:09:35.277+0000] {logging_mixin.py:188} INFO - [2026-06-18T17:09:35.277+0000] {dag.py:3036} INFO - Sync 1 DAGs
[2026-06-18T17:09:35.325+0000] {logging_mixin.py:188} INFO - [2026-06-18T17:09:35.325+0000] {dag.py:3823} INFO - Setting next_dagrun for example_nested_branch_dag to 2026-06-17 00:00:00+00:00, run_after=2026-06-18 00:00:00+00:00
[2026-06-18T17:09:35.357+0000] {processor.py:183} INFO - Processing /home/airflow/.local/lib/python3.8/site-packages/airflow/example_dags/example_nested_branch_dag.py took 0.160 seconds
[2026-06-18T17:10:06.000+0000] {processor.py:161} INFO - Started process (PID=2656) to work on /home/airflow/.local/lib/python3.8/site-packages/airflow/example_dags/example_nested_branch_dag.py
[2026-06-18T17:10:06.001+0000] {processor.py:830} INFO - Processing file /home/airflow/.local/lib/python3.8/site-packages/airflow/example_dags/example_nested_branch_dag.py for tasks to queue
[2026-06-18T17:10:06.005+0000] {logging_mixin.py:188} INFO - [2026-06-18T17:10:06.004+0000] {dagbag.py:538} INFO - Filling up the DagBag from /home/airflow/.local/lib/python3.8/site-packages/airflow/example_dags/example_nested_branch_dag.py
[2026-06-18T17:10:06.025+0000] {processor.py:840} INFO - DAG(s) 'example_nested_branch_dag' retrieved from /home/airflow/.local/lib/python3.8/site-packages/airflow/example_dags/example_nested_branch_dag.py
[2026-06-18T17:10:06.070+0000] {logging_mixin.py:188} INFO - [2026-06-18T17:10:06.070+0000] {dag.py:3036} INFO - Sync 1 DAGs
[2026-06-18T17:10:06.116+0000] {logging_mixin.py:188} INFO - [2026-06-18T17:10:06.116+0000] {dag.py:3823} INFO - Setting next_dagrun for example_nested_branch_dag to 2026-06-17 00:00:00+00:00, run_after=2026-06-18 00:00:00+00:00
[2026-06-18T17:10:06.150+0000] {processor.py:183} INFO - Processing /home/airflow/.local/lib/python3.8/site-packages/airflow/example_dags/example_nested_branch_dag.py took 0.156 seconds
[2026-06-18T17:10:37.011+0000] {processor.py:161} INFO - Started process (PID=2721) to work on /home/airflow/.local/lib/python3.8/site-packages/airflow/example_dags/example_nested_branch_dag.py
[2026-06-18T17:10:37.013+0000] {processor.py:830} INFO - Processing file /home/airflow/.local/lib/python3.8/site-packages/airflow/example_dags/example_nested_branch_dag.py for tasks to queue
[2026-06-18T17:10:37.017+0000] {logging_mixin.py:188} INFO - [2026-06-18T17:10:37.016+0000] {dagbag.py:538} INFO - Filling up the DagBag from /home/airflow/.local/lib/python3.8/site-packages/airflow/example_dags/example_nested_branch_dag.py
[2026-06-18T17:10:37.040+0000] {processor.py:840} INFO - DAG(s) 'example_nested_branch_dag' retrieved from /home/airflow/.local/lib/python3.8/site-packages/airflow/example_dags/example_nested_branch_dag.py
[2026-06-18T17:10:37.086+0000] {logging_mixin.py:188} INFO - [2026-06-18T17:10:37.085+0000] {dag.py:3036} INFO - Sync 1 DAGs
[2026-06-18T17:10:37.135+0000] {logging_mixin.py:188} INFO - [2026-06-18T17:10:37.135+0000] {dag.py:3823} INFO - Setting next_dagrun for example_nested_branch_dag to 2026-06-17 00:00:00+00:00, run_after=2026-06-18 00:00:00+00:00
[2026-06-18T17:10:37.170+0000] {processor.py:183} INFO - Processing /home/airflow/.local/lib/python3.8/site-packages/airflow/example_dags/example_nested_branch_dag.py took 0.170 seconds
[2026-06-18T17:11:07.847+0000] {processor.py:161} INFO - Started process (PID=2788) to work on /home/airflow/.local/lib/python3.8/site-packages/airflow/example_dags/example_nested_branch_dag.py
[2026-06-18T17:11:07.848+0000] {processor.py:830} INFO - Processing file /home/airflow/.local/lib/python3.8/site-packages/airflow/example_dags/example_nested_branch_dag.py for tasks to queue
[2026-06-18T17:11:07.852+0000] {logging_mixin.py:188} INFO - [2026-06-18T17:11:07.851+0000] {dagbag.py:538} INFO - Filling up the DagBag from /home/airflow/.local/lib/python3.8/site-packages/airflow/example_dags/example_nested_branch_dag.py
[2026-06-18T17:11:07.875+0000] {processor.py:840} INFO - DAG(s) 'example_nested_branch_dag' retrieved from /home/airflow/.local/lib/python3.8/site-packages/airflow/example_dags/example_nested_branch_dag.py
[2026-06-18T17:11:07.925+0000] {logging_mixin.py:188} INFO - [2026-06-18T17:11:07.924+0000] {dag.py:3036} INFO - Sync 1 DAGs
[2026-06-18T17:11:07.974+0000] {logging_mixin.py:188} INFO - [2026-06-18T17:11:07.974+0000] {dag.py:3823} INFO - Setting next_dagrun for example_nested_branch_dag to 2026-06-17 00:00:00+00:00, run_after=2026-06-18 00:00:00+00:00
[2026-06-18T17:11:08.008+0000] {processor.py:183} INFO - Processing /home/airflow/.local/lib/python3.8/site-packages/airflow/example_dags/example_nested_branch_dag.py took 0.168 seconds
[2026-06-18T17:11:38.698+0000] {processor.py:161} INFO - Started process (PID=2851) to work on /home/airflow/.local/lib/python3.8/site-packages/airflow/example_dags/example_nested_branch_dag.py
[2026-06-18T17:11:38.700+0000] {processor.py:830} INFO - Processing file /home/airflow/.local/lib/python3.8/site-packages/airflow/example_dags/example_nested_branch_dag.py for tasks to queue
[2026-06-18T17:11:38.703+0000] {logging_mixin.py:188} INFO - [2026-06-18T17:11:38.703+0000] {dagbag.py:538} INFO - Filling up the DagBag from /home/airflow/.local/lib/python3.8/site-packages/airflow/example_dags/example_nested_branch_dag.py
[2026-06-18T17:11:38.733+0000] {processor.py:840} INFO - DAG(s) 'example_nested_branch_dag' retrieved from /home/airflow/.local/lib/python3.8/site-packages/airflow/example_dags/example_nested_branch_dag.py
[2026-06-18T17:11:38.812+0000] {logging_mixin.py:188} INFO - [2026-06-18T17:11:38.812+0000] {dag.py:3036} INFO - Sync 1 DAGs
[2026-06-18T17:11:38.852+0000] {logging_mixin.py:188} INFO - [2026-06-18T17:11:38.852+0000] {dag.py:3823} INFO - Setting next_dagrun for example_nested_branch_dag to 2026-06-17 00:00:00+00:00, run_after=2026-06-18 00:00:00+00:00
[2026-06-18T17:11:38.888+0000] {processor.py:183} INFO - Processing /home/airflow/.local/lib/python3.8/site-packages/airflow/example_dags/example_nested_branch_dag.py took 0.196 seconds
[2026-06-18T17:12:09.414+0000] {processor.py:161} INFO - Started process (PID=2917) to work on /home/airflow/.local/lib/python3.8/site-packages/airflow/example_dags/example_nested_branch_dag.py
[2026-06-18T17:12:09.416+0000] {processor.py:830} INFO - Processing file /home/airflow/.local/lib/python3.8/site-packages/airflow/example_dags/example_nested_branch_dag.py for tasks to queue
[2026-06-18T17:12:09.419+0000] {logging_mixin.py:188} INFO - [2026-06-18T17:12:09.418+0000] {dagbag.py:538} INFO - Filling up the DagBag from /home/airflow/.local/lib/python3.8/site-packages/airflow/example_dags/example_nested_branch_dag.py
[2026-06-18T17:12:09.437+0000] {processor.py:840} INFO - DAG(s) 'example_nested_branch_dag' retrieved from /home/airflow/.local/lib/python3.8/site-packages/airflow/example_dags/example_nested_branch_dag.py
[2026-06-18T17:12:09.481+0000] {logging_mixin.py:188} INFO - [2026-06-18T17:12:09.480+0000] {dag.py:3036} INFO - Sync 1 DAGs
[2026-06-18T17:12:09.523+0000] {logging_mixin.py:188} INFO - [2026-06-18T17:12:09.522+0000] {dag.py:3823} INFO - Setting next_dagrun for example_nested_branch_dag to 2026-06-17 00:00:00+00:00, run_after=2026-06-18 00:00:00+00:00
[2026-06-18T17:12:09.561+0000] {processor.py:183} INFO - Processing /home/airflow/.local/lib/python3.8/site-packages/airflow/example_dags/example_nested_branch_dag.py took 0.153 seconds
[2026-06-18T17:12:40.481+0000] {processor.py:161} INFO - Started process (PID=2984) to work on /home/airflow/.local/lib/python3.8/site-packages/airflow/example_dags/example_nested_branch_dag.py
[2026-06-18T17:12:40.483+0000] {processor.py:830} INFO - Processing file /home/airflow/.local/lib/python3.8/site-packages/airflow/example_dags/example_nested_branch_dag.py for tasks to queue
[2026-06-18T17:12:40.485+0000] {logging_mixin.py:188} INFO - [2026-06-18T17:12:40.485+0000] {dagbag.py:538} INFO - Filling up the DagBag from /home/airflow/.local/lib/python3.8/site-packages/airflow/example_dags/example_nested_branch_dag.py
[2026-06-18T17:12:40.502+0000] {processor.py:840} INFO - DAG(s) 'example_nested_branch_dag' retrieved from /home/airflow/.local/lib/python3.8/site-packages/airflow/example_dags/example_nested_branch_dag.py
[2026-06-18T17:12:40.544+0000] {logging_mixin.py:188} INFO - [2026-06-18T17:12:40.543+0000] {dag.py:3036} INFO - Sync 1 DAGs
[2026-06-18T17:12:40.805+0000] {logging_mixin.py:188} INFO - [2026-06-18T17:12:40.805+0000] {dag.py:3823} INFO - Setting next_dagrun for example_nested_branch_dag to 2026-06-17 00:00:00+00:00, run_after=2026-06-18 00:00:00+00:00
[2026-06-18T17:12:40.848+0000] {processor.py:183} INFO - Processing /home/airflow/.local/lib/python3.8/site-packages/airflow/example_dags/example_nested_branch_dag.py took 0.373 seconds
[2026-06-18T17:13:11.692+0000] {processor.py:161} INFO - Started process (PID=3049) to work on /home/airflow/.local/lib/python3.8/site-packages/airflow/example_dags/example_nested_branch_dag.py
[2026-06-18T17:13:11.694+0000] {processor.py:830} INFO - Processing file /home/airflow/.local/lib/python3.8/site-packages/airflow/example_dags/example_nested_branch_dag.py for tasks to queue
[2026-06-18T17:13:11.696+0000] {logging_mixin.py:188} INFO - [2026-06-18T17:13:11.696+0000] {dagbag.py:538} INFO - Filling up the DagBag from /home/airflow/.local/lib/python3.8/site-packages/airflow/example_dags/example_nested_branch_dag.py
[2026-06-18T17:13:11.713+0000] {processor.py:840} INFO - DAG(s) 'example_nested_branch_dag' retrieved from /home/airflow/.local/lib/python3.8/site-packages/airflow/example_dags/example_nested_branch_dag.py
[2026-06-18T17:13:11.761+0000] {logging_mixin.py:188} INFO - [2026-06-18T17:13:11.760+0000] {dag.py:3036} INFO - Sync 1 DAGs
[2026-06-18T17:13:11.807+0000] {logging_mixin.py:188} INFO - [2026-06-18T17:13:11.807+0000] {dag.py:3823} INFO - Setting next_dagrun for example_nested_branch_dag to 2026-06-17 00:00:00+00:00, run_after=2026-06-18 00:00:00+00:00
[2026-06-18T17:13:12.040+0000] {processor.py:183} INFO - Processing /home/airflow/.local/lib/python3.8/site-packages/airflow/example_dags/example_nested_branch_dag.py took 0.354 seconds
[2026-06-18T17:13:42.141+0000] {processor.py:161} INFO - Started process (PID=3114) to work on /home/airflow/.local/lib/python3.8/site-packages/airflow/example_dags/example_nested_branch_dag.py
[2026-06-18T17:13:42.142+0000] {processor.py:830} INFO - Processing file /home/airflow/.local/lib/python3.8/site-packages/airflow/example_dags/example_nested_branch_dag.py for tasks to queue
[2026-06-18T17:13:42.149+0000] {logging_mixin.py:188} INFO - [2026-06-18T17:13:42.145+0000] {dagbag.py:538} INFO - Filling up the DagBag from /home/airflow/.local/lib/python3.8/site-packages/airflow/example_dags/example_nested_branch_dag.py
[2026-06-18T17:13:42.169+0000] {processor.py:840} INFO - DAG(s) 'example_nested_branch_dag' retrieved from /home/airflow/.local/lib/python3.8/site-packages/airflow/example_dags/example_nested_branch_dag.py
[2026-06-18T17:13:42.224+0000] {logging_mixin.py:188} INFO - [2026-06-18T17:13:42.224+0000] {dag.py:3036} INFO - Sync 1 DAGs
[2026-06-18T17:13:42.272+0000] {logging_mixin.py:188} INFO - [2026-06-18T17:13:42.272+0000] {dag.py:3823} INFO - Setting next_dagrun for example_nested_branch_dag to 2026-06-17 00:00:00+00:00, run_after=2026-06-18 00:00:00+00:00
[2026-06-18T17:13:42.306+0000] {processor.py:183} INFO - Processing /home/airflow/.local/lib/python3.8/site-packages/airflow/example_dags/example_nested_branch_dag.py took 0.171 seconds
[2026-06-18T17:14:12.838+0000] {processor.py:161} INFO - Started process (PID=3179) to work on /home/airflow/.local/lib/python3.8/site-packages/airflow/example_dags/example_nested_branch_dag.py
[2026-06-18T17:14:12.841+0000] {processor.py:830} INFO - Processing file /home/airflow/.local/lib/python3.8/site-packages/airflow/example_dags/example_nested_branch_dag.py for tasks to queue
[2026-06-18T17:14:12.844+0000] {logging_mixin.py:188} INFO - [2026-06-18T17:14:12.843+0000] {dagbag.py:538} INFO - Filling up the DagBag from /home/airflow/.local/lib/python3.8/site-packages/airflow/example_dags/example_nested_branch_dag.py
[2026-06-18T17:14:13.077+0000] {processor.py:840} INFO - DAG(s) 'example_nested_branch_dag' retrieved from /home/airflow/.local/lib/python3.8/site-packages/airflow/example_dags/example_nested_branch_dag.py
[2026-06-18T17:14:13.119+0000] {logging_mixin.py:188} INFO - [2026-06-18T17:14:13.118+0000] {dag.py:3036} INFO - Sync 1 DAGs
[2026-06-18T17:14:13.161+0000] {logging_mixin.py:188} INFO - [2026-06-18T17:14:13.160+0000] {dag.py:3823} INFO - Setting next_dagrun for example_nested_branch_dag to 2026-06-17 00:00:00+00:00, run_after=2026-06-18 00:00:00+00:00
[2026-06-18T17:14:13.192+0000] {processor.py:183} INFO - Processing /home/airflow/.local/lib/python3.8/site-packages/airflow/example_dags/example_nested_branch_dag.py took 0.360 seconds
[2026-06-18T17:14:43.515+0000] {processor.py:161} INFO - Started process (PID=3245) to work on /home/airflow/.local/lib/python3.8/site-packages/airflow/example_dags/example_nested_branch_dag.py
[2026-06-18T17:14:43.516+0000] {processor.py:830} INFO - Processing file /home/airflow/.local/lib/python3.8/site-packages/airflow/example_dags/example_nested_branch_dag.py for tasks to queue
[2026-06-18T17:14:43.519+0000] {logging_mixin.py:188} INFO - [2026-06-18T17:14:43.519+0000] {dagbag.py:538} INFO - Filling up the DagBag from /home/airflow/.local/lib/python3.8/site-packages/airflow/example_dags/example_nested_branch_dag.py
[2026-06-18T17:14:43.537+0000] {processor.py:840} INFO - DAG(s) 'example_nested_branch_dag' retrieved from /home/airflow/.local/lib/python3.8/site-packages/airflow/example_dags/example_nested_branch_dag.py
[2026-06-18T17:14:43.580+0000] {logging_mixin.py:188} INFO - [2026-06-18T17:14:43.579+0000] {dag.py:3036} INFO - Sync 1 DAGs
[2026-06-18T17:14:43.624+0000] {logging_mixin.py:188} INFO - [2026-06-18T17:14:43.624+0000] {dag.py:3823} INFO - Setting next_dagrun for example_nested_branch_dag to 2026-06-17 00:00:00+00:00, run_after=2026-06-18 00:00:00+00:00
[2026-06-18T17:14:43.658+0000] {processor.py:183} INFO - Processing /home/airflow/.local/lib/python3.8/site-packages/airflow/example_dags/example_nested_branch_dag.py took 0.149 seconds
[2026-06-18T17:15:13.972+0000] {processor.py:161} INFO - Started process (PID=3312) to work on /home/airflow/.local/lib/python3.8/site-packages/airflow/example_dags/example_nested_branch_dag.py
[2026-06-18T17:15:13.974+0000] {processor.py:830} INFO - Processing file /home/airflow/.local/lib/python3.8/site-packages/airflow/example_dags/example_nested_branch_dag.py for tasks to queue
[2026-06-18T17:15:13.977+0000] {logging_mixin.py:188} INFO - [2026-06-18T17:15:13.976+0000] {dagbag.py:538} INFO - Filling up the DagBag from /home/airflow/.local/lib/python3.8/site-packages/airflow/example_dags/example_nested_branch_dag.py
[2026-06-18T17:15:13.995+0000] {processor.py:840} INFO - DAG(s) 'example_nested_branch_dag' retrieved from /home/airflow/.local/lib/python3.8/site-packages/airflow/example_dags/example_nested_branch_dag.py
[2026-06-18T17:15:14.034+0000] {logging_mixin.py:188} INFO - [2026-06-18T17:15:14.034+0000] {dag.py:3036} INFO - Sync 1 DAGs
[2026-06-18T17:15:14.077+0000] {logging_mixin.py:188} INFO - [2026-06-18T17:15:14.077+0000] {dag.py:3823} INFO - Setting next_dagrun for example_nested_branch_dag to 2026-06-17 00:00:00+00:00, run_after=2026-06-18 00:00:00+00:00
[2026-06-18T17:15:14.107+0000] {processor.py:183} INFO - Processing /home/airflow/.local/lib/python3.8/site-packages/airflow/example_dags/example_nested_branch_dag.py took 0.140 seconds
[2026-06-18T17:15:44.249+0000] {processor.py:161} INFO - Started process (PID=3377) to work on /home/airflow/.local/lib/python3.8/site-packages/airflow/example_dags/example_nested_branch_dag.py
[2026-06-18T17:15:44.251+0000] {processor.py:830} INFO - Processing file /home/airflow/.local/lib/python3.8/site-packages/airflow/example_dags/example_nested_branch_dag.py for tasks to queue
[2026-06-18T17:15:44.254+0000] {logging_mixin.py:188} INFO - [2026-06-18T17:15:44.253+0000] {dagbag.py:538} INFO - Filling up the DagBag from /home/airflow/.local/lib/python3.8/site-packages/airflow/example_dags/example_nested_branch_dag.py
[2026-06-18T17:15:44.273+0000] {processor.py:840} INFO - DAG(s) 'example_nested_branch_dag' retrieved from /home/airflow/.local/lib/python3.8/site-packages/airflow/example_dags/example_nested_branch_dag.py
[2026-06-18T17:15:44.318+0000] {logging_mixin.py:188} INFO - [2026-06-18T17:15:44.317+0000] {dag.py:3036} INFO - Sync 1 DAGs
[2026-06-18T17:15:44.367+0000] {logging_mixin.py:188} INFO - [2026-06-18T17:15:44.366+0000] {dag.py:3823} INFO - Setting next_dagrun for example_nested_branch_dag to 2026-06-17 00:00:00+00:00, run_after=2026-06-18 00:00:00+00:00
[2026-06-18T17:15:44.404+0000] {processor.py:183} INFO - Processing /home/airflow/.local/lib/python3.8/site-packages/airflow/example_dags/example_nested_branch_dag.py took 0.160 seconds
[2026-06-18T17:16:14.812+0000] {processor.py:161} INFO - Started process (PID=3443) to work on /home/airflow/.local/lib/python3.8/site-packages/airflow/example_dags/example_nested_branch_dag.py
[2026-06-18T17:16:14.814+0000] {processor.py:830} INFO - Processing file /home/airflow/.local/lib/python3.8/site-packages/airflow/example_dags/example_nested_branch_dag.py for tasks to queue
[2026-06-18T17:16:14.817+0000] {logging_mixin.py:188} INFO - [2026-06-18T17:16:14.816+0000] {dagbag.py:538} INFO - Filling up the DagBag from /home/airflow/.local/lib/python3.8/site-packages/airflow/example_dags/example_nested_branch_dag.py
[2026-06-18T17:16:14.835+0000] {processor.py:840} INFO - DAG(s) 'example_nested_branch_dag' retrieved from /home/airflow/.local/lib/python3.8/site-packages/airflow/example_dags/example_nested_branch_dag.py
[2026-06-18T17:16:14.876+0000] {logging_mixin.py:188} INFO - [2026-06-18T17:16:14.875+0000] {dag.py:3036} INFO - Sync 1 DAGs
[2026-06-18T17:16:14.914+0000] {logging_mixin.py:188} INFO - [2026-06-18T17:16:14.913+0000] {dag.py:3823} INFO - Setting next_dagrun for example_nested_branch_dag to 2026-06-17 00:00:00+00:00, run_after=2026-06-18 00:00:00+00:00
[2026-06-18T17:16:14.943+0000] {processor.py:183} INFO - Processing /home/airflow/.local/lib/python3.8/site-packages/airflow/example_dags/example_nested_branch_dag.py took 0.136 seconds
[2026-06-18T17:16:45.146+0000] {processor.py:161} INFO - Started process (PID=3508) to work on /home/airflow/.local/lib/python3.8/site-packages/airflow/example_dags/example_nested_branch_dag.py
[2026-06-18T17:16:45.147+0000] {processor.py:830} INFO - Processing file /home/airflow/.local/lib/python3.8/site-packages/airflow/example_dags/example_nested_branch_dag.py for tasks to queue
[2026-06-18T17:16:45.150+0000] {logging_mixin.py:188} INFO - [2026-06-18T17:16:45.149+0000] {dagbag.py:538} INFO - Filling up the DagBag from /home/airflow/.local/lib/python3.8/site-packages/airflow/example_dags/example_nested_branch_dag.py
[2026-06-18T17:16:45.168+0000] {processor.py:840} INFO - DAG(s) 'example_nested_branch_dag' retrieved from /home/airflow/.local/lib/python3.8/site-packages/airflow/example_dags/example_nested_branch_dag.py
[2026-06-18T17:16:45.210+0000] {logging_mixin.py:188} INFO - [2026-06-18T17:16:45.209+0000] {dag.py:3036} INFO - Sync 1 DAGs
[2026-06-18T17:16:45.256+0000] {logging_mixin.py:188} INFO - [2026-06-18T17:16:45.256+0000] {dag.py:3823} INFO - Setting next_dagrun for example_nested_branch_dag to 2026-06-17 00:00:00+00:00, run_after=2026-06-18 00:00:00+00:00
[2026-06-18T17:16:45.293+0000] {processor.py:183} INFO - Processing /home/airflow/.local/lib/python3.8/site-packages/airflow/example_dags/example_nested_branch_dag.py took 0.152 seconds
[2026-06-18T17:17:15.443+0000] {processor.py:161} INFO - Started process (PID=3582) to work on /home/airflow/.local/lib/python3.8/site-packages/airflow/example_dags/example_nested_branch_dag.py
[2026-06-18T17:17:15.446+0000] {processor.py:830} INFO - Processing file /home/airflow/.local/lib/python3.8/site-packages/airflow/example_dags/example_nested_branch_dag.py for tasks to queue
[2026-06-18T17:17:15.448+0000] {logging_mixin.py:188} INFO - [2026-06-18T17:17:15.448+0000] {dagbag.py:538} INFO - Filling up the DagBag from /home/airflow/.local/lib/python3.8/site-packages/airflow/example_dags/example_nested_branch_dag.py
[2026-06-18T17:17:15.465+0000] {processor.py:840} INFO - DAG(s) 'example_nested_branch_dag' retrieved from /home/airflow/.local/lib/python3.8/site-packages/airflow/example_dags/example_nested_branch_dag.py
[2026-06-18T17:17:15.510+0000] {logging_mixin.py:188} INFO - [2026-06-18T17:17:15.509+0000] {dag.py:3036} INFO - Sync 1 DAGs
[2026-06-18T17:17:15.556+0000] {logging_mixin.py:188} INFO - [2026-06-18T17:17:15.556+0000] {dag.py:3823} INFO - Setting next_dagrun for example_nested_branch_dag to 2026-06-17 00:00:00+00:00, run_after=2026-06-18 00:00:00+00:00
[2026-06-18T17:17:15.590+0000] {processor.py:183} INFO - Processing /home/airflow/.local/lib/python3.8/site-packages/airflow/example_dags/example_nested_branch_dag.py took 0.152 seconds
[2026-06-18T17:17:45.794+0000] {processor.py:161} INFO - Started process (PID=3649) to work on /home/airflow/.local/lib/python3.8/site-packages/airflow/example_dags/example_nested_branch_dag.py
[2026-06-18T17:17:45.796+0000] {processor.py:830} INFO - Processing file /home/airflow/.local/lib/python3.8/site-packages/airflow/example_dags/example_nested_branch_dag.py for tasks to queue
[2026-06-18T17:17:45.799+0000] {logging_mixin.py:188} INFO - [2026-06-18T17:17:45.799+0000] {dagbag.py:538} INFO - Filling up the DagBag from /home/airflow/.local/lib/python3.8/site-packages/airflow/example_dags/example_nested_branch_dag.py
[2026-06-18T17:17:45.820+0000] {processor.py:840} INFO - DAG(s) 'example_nested_branch_dag' retrieved from /home/airflow/.local/lib/python3.8/site-packages/airflow/example_dags/example_nested_branch_dag.py
[2026-06-18T17:17:45.867+0000] {logging_mixin.py:188} INFO - [2026-06-18T17:17:45.867+0000] {dag.py:3036} INFO - Sync 1 DAGs
[2026-06-18T17:17:45.917+0000] {logging_mixin.py:188} INFO - [2026-06-18T17:17:45.916+0000] {dag.py:3823} INFO - Setting next_dagrun for example_nested_branch_dag to 2026-06-17 00:00:00+00:00, run_after=2026-06-18 00:00:00+00:00
[2026-06-18T17:17:45.950+0000] {processor.py:183} INFO - Processing /home/airflow/.local/lib/python3.8/site-packages/airflow/example_dags/example_nested_branch_dag.py took 0.162 seconds
[2026-06-18T17:18:16.490+0000] {processor.py:161} INFO - Started process (PID=3716) to work on /home/airflow/.local/lib/python3.8/site-packages/airflow/example_dags/example_nested_branch_dag.py
[2026-06-18T17:18:16.500+0000] {processor.py:830} INFO - Processing file /home/airflow/.local/lib/python3.8/site-packages/airflow/example_dags/example_nested_branch_dag.py for tasks to queue
[2026-06-18T17:18:16.503+0000] {logging_mixin.py:188} INFO - [2026-06-18T17:18:16.502+0000] {dagbag.py:538} INFO - Filling up the DagBag from /home/airflow/.local/lib/python3.8/site-packages/airflow/example_dags/example_nested_branch_dag.py
[2026-06-18T17:18:16.528+0000] {processor.py:840} INFO - DAG(s) 'example_nested_branch_dag' retrieved from /home/airflow/.local/lib/python3.8/site-packages/airflow/example_dags/example_nested_branch_dag.py
[2026-06-18T17:18:16.576+0000] {logging_mixin.py:188} INFO - [2026-06-18T17:18:16.575+0000] {dag.py:3036} INFO - Sync 1 DAGs
[2026-06-18T17:18:16.635+0000] {logging_mixin.py:188} INFO - [2026-06-18T17:18:16.635+0000] {dag.py:3823} INFO - Setting next_dagrun for example_nested_branch_dag to 2026-06-17 00:00:00+00:00, run_after=2026-06-18 00:00:00+00:00
[2026-06-18T17:18:16.674+0000] {processor.py:183} INFO - Processing /home/airflow/.local/lib/python3.8/site-packages/airflow/example_dags/example_nested_branch_dag.py took 0.195 seconds
[2026-06-18T17:18:47.020+0000] {processor.py:161} INFO - Started process (PID=3782) to work on /home/airflow/.local/lib/python3.8/site-packages/airflow/example_dags/example_nested_branch_dag.py
[2026-06-18T17:18:47.022+0000] {processor.py:830} INFO - Processing file /home/airflow/.local/lib/python3.8/site-packages/airflow/example_dags/example_nested_branch_dag.py for tasks to queue
[2026-06-18T17:18:47.025+0000] {logging_mixin.py:188} INFO - [2026-06-18T17:18:47.025+0000] {dagbag.py:538} INFO - Filling up the DagBag from /home/airflow/.local/lib/python3.8/site-packages/airflow/example_dags/example_nested_branch_dag.py
[2026-06-18T17:18:47.043+0000] {processor.py:840} INFO - DAG(s) 'example_nested_branch_dag' retrieved from /home/airflow/.local/lib/python3.8/site-packages/airflow/example_dags/example_nested_branch_dag.py
[2026-06-18T17:18:47.084+0000] {logging_mixin.py:188} INFO - [2026-06-18T17:18:47.084+0000] {dag.py:3036} INFO - Sync 1 DAGs
[2026-06-18T17:18:47.127+0000] {logging_mixin.py:188} INFO - [2026-06-18T17:18:47.127+0000] {dag.py:3823} INFO - Setting next_dagrun for example_nested_branch_dag to 2026-06-17 00:00:00+00:00, run_after=2026-06-18 00:00:00+00:00
[2026-06-18T17:18:47.165+0000] {processor.py:183} INFO - Processing /home/airflow/.local/lib/python3.8/site-packages/airflow/example_dags/example_nested_branch_dag.py took 0.151 seconds
[2026-06-18T17:19:17.478+0000] {processor.py:161} INFO - Started process (PID=3848) to work on /home/airflow/.local/lib/python3.8/site-packages/airflow/example_dags/example_nested_branch_dag.py
[2026-06-18T17:19:17.480+0000] {processor.py:830} INFO - Processing file /home/airflow/.local/lib/python3.8/site-packages/airflow/example_dags/example_nested_branch_dag.py for tasks to queue
[2026-06-18T17:19:17.484+0000] {logging_mixin.py:188} INFO - [2026-06-18T17:19:17.483+0000] {dagbag.py:538} INFO - Filling up the DagBag from /home/airflow/.local/lib/python3.8/site-packages/airflow/example_dags/example_nested_branch_dag.py
[2026-06-18T17:19:17.504+0000] {processor.py:840} INFO - DAG(s) 'example_nested_branch_dag' retrieved from /home/airflow/.local/lib/python3.8/site-packages/airflow/example_dags/example_nested_branch_dag.py
[2026-06-18T17:19:17.550+0000] {logging_mixin.py:188} INFO - [2026-06-18T17:19:17.549+0000] {dag.py:3036} INFO - Sync 1 DAGs
[2026-06-18T17:19:17.596+0000] {logging_mixin.py:188} INFO - [2026-06-18T17:19:17.596+0000] {dag.py:3823} INFO - Setting next_dagrun for example_nested_branch_dag to 2026-06-17 00:00:00+00:00, run_after=2026-06-18 00:00:00+00:00
[2026-06-18T17:19:17.634+0000] {processor.py:183} INFO - Processing /home/airflow/.local/lib/python3.8/site-packages/airflow/example_dags/example_nested_branch_dag.py took 0.162 seconds
[2026-06-18T17:19:47.706+0000] {processor.py:161} INFO - Started process (PID=3917) to work on /home/airflow/.local/lib/python3.8/site-packages/airflow/example_dags/example_nested_branch_dag.py
[2026-06-18T17:19:47.708+0000] {processor.py:830} INFO - Processing file /home/airflow/.local/lib/python3.8/site-packages/airflow/example_dags/example_nested_branch_dag.py for tasks to queue
[2026-06-18T17:19:47.710+0000] {logging_mixin.py:188} INFO - [2026-06-18T17:19:47.710+0000] {dagbag.py:538} INFO - Filling up the DagBag from /home/airflow/.local/lib/python3.8/site-packages/airflow/example_dags/example_nested_branch_dag.py
[2026-06-18T17:19:47.727+0000] {processor.py:840} INFO - DAG(s) 'example_nested_branch_dag' retrieved from /home/airflow/.local/lib/python3.8/site-packages/airflow/example_dags/example_nested_branch_dag.py
[2026-06-18T17:19:47.774+0000] {logging_mixin.py:188} INFO - [2026-06-18T17:19:47.774+0000] {dag.py:3036} INFO - Sync 1 DAGs
[2026-06-18T17:19:47.820+0000] {logging_mixin.py:188} INFO - [2026-06-18T17:19:47.820+0000] {dag.py:3823} INFO - Setting next_dagrun for example_nested_branch_dag to 2026-06-17 00:00:00+00:00, run_after=2026-06-18 00:00:00+00:00
[2026-06-18T17:19:47.855+0000] {processor.py:183} INFO - Processing /home/airflow/.local/lib/python3.8/site-packages/airflow/example_dags/example_nested_branch_dag.py took 0.155 seconds
[2026-06-18T17:20:18.245+0000] {processor.py:161} INFO - Started process (PID=3983) to work on /home/airflow/.local/lib/python3.8/site-packages/airflow/example_dags/example_nested_branch_dag.py
[2026-06-18T17:20:18.246+0000] {processor.py:830} INFO - Processing file /home/airflow/.local/lib/python3.8/site-packages/airflow/example_dags/example_nested_branch_dag.py for tasks to queue
[2026-06-18T17:20:18.249+0000] {logging_mixin.py:188} INFO - [2026-06-18T17:20:18.249+0000] {dagbag.py:538} INFO - Filling up the DagBag from /home/airflow/.local/lib/python3.8/site-packages/airflow/example_dags/example_nested_branch_dag.py
[2026-06-18T17:20:18.270+0000] {processor.py:840} INFO - DAG(s) 'example_nested_branch_dag' retrieved from /home/airflow/.local/lib/python3.8/site-packages/airflow/example_dags/example_nested_branch_dag.py
[2026-06-18T17:20:18.319+0000] {logging_mixin.py:188} INFO - [2026-06-18T17:20:18.319+0000] {dag.py:3036} INFO - Sync 1 DAGs
[2026-06-18T17:20:18.363+0000] {logging_mixin.py:188} INFO - [2026-06-18T17:20:18.363+0000] {dag.py:3823} INFO - Setting next_dagrun for example_nested_branch_dag to 2026-06-17 00:00:00+00:00, run_after=2026-06-18 00:00:00+00:00
[2026-06-18T17:20:18.396+0000] {processor.py:183} INFO - Processing /home/airflow/.local/lib/python3.8/site-packages/airflow/example_dags/example_nested_branch_dag.py took 0.158 seconds
[2026-06-18T17:20:48.662+0000] {processor.py:161} INFO - Started process (PID=4050) to work on /home/airflow/.local/lib/python3.8/site-packages/airflow/example_dags/example_nested_branch_dag.py
[2026-06-18T17:20:48.664+0000] {processor.py:830} INFO - Processing file /home/airflow/.local/lib/python3.8/site-packages/airflow/example_dags/example_nested_branch_dag.py for tasks to queue
[2026-06-18T17:20:48.666+0000] {logging_mixin.py:188} INFO - [2026-06-18T17:20:48.666+0000] {dagbag.py:538} INFO - Filling up the DagBag from /home/airflow/.local/lib/python3.8/site-packages/airflow/example_dags/example_nested_branch_dag.py
[2026-06-18T17:20:48.683+0000] {processor.py:840} INFO - DAG(s) 'example_nested_branch_dag' retrieved from /home/airflow/.local/lib/python3.8/site-packages/airflow/example_dags/example_nested_branch_dag.py
[2026-06-18T17:20:48.725+0000] {logging_mixin.py:188} INFO - [2026-06-18T17:20:48.724+0000] {dag.py:3036} INFO - Sync 1 DAGs
[2026-06-18T17:20:48.766+0000] {logging_mixin.py:188} INFO - [2026-06-18T17:20:48.766+0000] {dag.py:3823} INFO - Setting next_dagrun for example_nested_branch_dag to 2026-06-17 00:00:00+00:00, run_after=2026-06-18 00:00:00+00:00
[2026-06-18T17:20:48.798+0000] {processor.py:183} INFO - Processing /home/airflow/.local/lib/python3.8/site-packages/airflow/example_dags/example_nested_branch_dag.py took 0.141 seconds
[2026-06-18T17:21:19.194+0000] {processor.py:161} INFO - Started process (PID=4116) to work on /home/airflow/.local/lib/python3.8/site-packages/airflow/example_dags/example_nested_branch_dag.py
[2026-06-18T17:21:19.196+0000] {processor.py:830} INFO - Processing file /home/airflow/.local/lib/python3.8/site-packages/airflow/example_dags/example_nested_branch_dag.py for tasks to queue
[2026-06-18T17:21:19.198+0000] {logging_mixin.py:188} INFO - [2026-06-18T17:21:19.198+0000] {dagbag.py:538} INFO - Filling up the DagBag from /home/airflow/.local/lib/python3.8/site-packages/airflow/example_dags/example_nested_branch_dag.py
[2026-06-18T17:21:19.228+0000] {processor.py:840} INFO - DAG(s) 'example_nested_branch_dag' retrieved from /home/airflow/.local/lib/python3.8/site-packages/airflow/example_dags/example_nested_branch_dag.py
[2026-06-18T17:21:19.278+0000] {logging_mixin.py:188} INFO - [2026-06-18T17:21:19.278+0000] {dag.py:3036} INFO - Sync 1 DAGs
[2026-06-18T17:21:19.325+0000] {logging_mixin.py:188} INFO - [2026-06-18T17:21:19.325+0000] {dag.py:3823} INFO - Setting next_dagrun for example_nested_branch_dag to 2026-06-17 00:00:00+00:00, run_after=2026-06-18 00:00:00+00:00
[2026-06-18T17:21:19.358+0000] {processor.py:183} INFO - Processing /home/airflow/.local/lib/python3.8/site-packages/airflow/example_dags/example_nested_branch_dag.py took 0.170 seconds
[2026-06-18T17:21:49.568+0000] {processor.py:161} INFO - Started process (PID=4182) to work on /home/airflow/.local/lib/python3.8/site-packages/airflow/example_dags/example_nested_branch_dag.py
[2026-06-18T17:21:49.570+0000] {processor.py:830} INFO - Processing file /home/airflow/.local/lib/python3.8/site-packages/airflow/example_dags/example_nested_branch_dag.py for tasks to queue
[2026-06-18T17:21:49.573+0000] {logging_mixin.py:188} INFO - [2026-06-18T17:21:49.573+0000] {dagbag.py:538} INFO - Filling up the DagBag from /home/airflow/.local/lib/python3.8/site-packages/airflow/example_dags/example_nested_branch_dag.py
[2026-06-18T17:21:49.594+0000] {processor.py:840} INFO - DAG(s) 'example_nested_branch_dag' retrieved from /home/airflow/.local/lib/python3.8/site-packages/airflow/example_dags/example_nested_branch_dag.py
[2026-06-18T17:21:49.638+0000] {logging_mixin.py:188} INFO - [2026-06-18T17:21:49.637+0000] {dag.py:3036} INFO - Sync 1 DAGs
[2026-06-18T17:21:49.684+0000] {logging_mixin.py:188} INFO - [2026-06-18T17:21:49.684+0000] {dag.py:3823} INFO - Setting next_dagrun for example_nested_branch_dag to 2026-06-17 00:00:00+00:00, run_after=2026-06-18 00:00:00+00:00
[2026-06-18T17:21:49.720+0000] {processor.py:183} INFO - Processing /home/airflow/.local/lib/python3.8/site-packages/airflow/example_dags/example_nested_branch_dag.py took 0.157 seconds
[2026-06-18T17:22:19.863+0000] {processor.py:161} INFO - Started process (PID=4248) to work on /home/airflow/.local/lib/python3.8/site-packages/airflow/example_dags/example_nested_branch_dag.py
[2026-06-18T17:22:19.866+0000] {processor.py:830} INFO - Processing file /home/airflow/.local/lib/python3.8/site-packages/airflow/example_dags/example_nested_branch_dag.py for tasks to queue
[2026-06-18T17:22:19.869+0000] {logging_mixin.py:188} INFO - [2026-06-18T17:22:19.868+0000] {dagbag.py:538} INFO - Filling up the DagBag from /home/airflow/.local/lib/python3.8/site-packages/airflow/example_dags/example_nested_branch_dag.py
[2026-06-18T17:22:19.888+0000] {processor.py:840} INFO - DAG(s) 'example_nested_branch_dag' retrieved from /home/airflow/.local/lib/python3.8/site-packages/airflow/example_dags/example_nested_branch_dag.py
[2026-06-18T17:22:19.931+0000] {logging_mixin.py:188} INFO - [2026-06-18T17:22:19.931+0000] {dag.py:3036} INFO - Sync 1 DAGs
[2026-06-18T17:22:19.974+0000] {logging_mixin.py:188} INFO - [2026-06-18T17:22:19.973+0000] {dag.py:3823} INFO - Setting next_dagrun for example_nested_branch_dag to 2026-06-17 00:00:00+00:00, run_after=2026-06-18 00:00:00+00:00
[2026-06-18T17:22:20.008+0000] {processor.py:183} INFO - Processing /home/airflow/.local/lib/python3.8/site-packages/airflow/example_dags/example_nested_branch_dag.py took 0.151 seconds
[2026-06-18T17:22:50.329+0000] {processor.py:161} INFO - Started process (PID=4314) to work on /home/airflow/.local/lib/python3.8/site-packages/airflow/example_dags/example_nested_branch_dag.py
[2026-06-18T17:22:50.332+0000] {processor.py:830} INFO - Processing file /home/airflow/.local/lib/python3.8/site-packages/airflow/example_dags/example_nested_branch_dag.py for tasks to queue
[2026-06-18T17:22:50.335+0000] {logging_mixin.py:188} INFO - [2026-06-18T17:22:50.334+0000] {dagbag.py:538} INFO - Filling up the DagBag from /home/airflow/.local/lib/python3.8/site-packages/airflow/example_dags/example_nested_branch_dag.py
[2026-06-18T17:22:50.351+0000] {processor.py:840} INFO - DAG(s) 'example_nested_branch_dag' retrieved from /home/airflow/.local/lib/python3.8/site-packages/airflow/example_dags/example_nested_branch_dag.py
[2026-06-18T17:22:50.390+0000] {logging_mixin.py:188} INFO - [2026-06-18T17:22:50.390+0000] {dag.py:3036} INFO - Sync 1 DAGs
[2026-06-18T17:22:50.428+0000] {logging_mixin.py:188} INFO - [2026-06-18T17:22:50.428+0000] {dag.py:3823} INFO - Setting next_dagrun for example_nested_branch_dag to 2026-06-17 00:00:00+00:00, run_after=2026-06-18 00:00:00+00:00
[2026-06-18T17:22:50.464+0000] {processor.py:183} INFO - Processing /home/airflow/.local/lib/python3.8/site-packages/airflow/example_dags/example_nested_branch_dag.py took 0.140 seconds
[2026-06-18T17:23:20.934+0000] {processor.py:161} INFO - Started process (PID=4387) to work on /home/airflow/.local/lib/python3.8/site-packages/airflow/example_dags/example_nested_branch_dag.py
[2026-06-18T17:23:20.936+0000] {processor.py:830} INFO - Processing file /home/airflow/.local/lib/python3.8/site-packages/airflow/example_dags/example_nested_branch_dag.py for tasks to queue
[2026-06-18T17:23:20.939+0000] {logging_mixin.py:188} INFO - [2026-06-18T17:23:20.939+0000] {dagbag.py:538} INFO - Filling up the DagBag from /home/airflow/.local/lib/python3.8/site-packages/airflow/example_dags/example_nested_branch_dag.py
[2026-06-18T17:23:20.958+0000] {processor.py:840} INFO - DAG(s) 'example_nested_branch_dag' retrieved from /home/airflow/.local/lib/python3.8/site-packages/airflow/example_dags/example_nested_branch_dag.py
[2026-06-18T17:23:21.007+0000] {logging_mixin.py:188} INFO - [2026-06-18T17:23:21.006+0000] {dag.py:3036} INFO - Sync 1 DAGs
[2026-06-18T17:23:21.054+0000] {logging_mixin.py:188} INFO - [2026-06-18T17:23:21.054+0000] {dag.py:3823} INFO - Setting next_dagrun for example_nested_branch_dag to 2026-06-17 00:00:00+00:00, run_after=2026-06-18 00:00:00+00:00
[2026-06-18T17:23:21.091+0000] {processor.py:183} INFO - Processing /home/airflow/.local/lib/python3.8/site-packages/airflow/example_dags/example_nested_branch_dag.py took 0.163 seconds
[2026-06-18T17:23:51.356+0000] {processor.py:161} INFO - Started process (PID=4453) to work on /home/airflow/.local/lib/python3.8/site-packages/airflow/example_dags/example_nested_branch_dag.py
[2026-06-18T17:23:51.358+0000] {processor.py:830} INFO - Processing file /home/airflow/.local/lib/python3.8/site-packages/airflow/example_dags/example_nested_branch_dag.py for tasks to queue
[2026-06-18T17:23:51.361+0000] {logging_mixin.py:188} INFO - [2026-06-18T17:23:51.360+0000] {dagbag.py:538} INFO - Filling up the DagBag from /home/airflow/.local/lib/python3.8/site-packages/airflow/example_dags/example_nested_branch_dag.py
[2026-06-18T17:23:51.381+0000] {processor.py:840} INFO - DAG(s) 'example_nested_branch_dag' retrieved from /home/airflow/.local/lib/python3.8/site-packages/airflow/example_dags/example_nested_branch_dag.py
[2026-06-18T17:23:51.438+0000] {logging_mixin.py:188} INFO - [2026-06-18T17:23:51.438+0000] {dag.py:3036} INFO - Sync 1 DAGs
[2026-06-18T17:23:51.486+0000] {logging_mixin.py:188} INFO - [2026-06-18T17:23:51.485+0000] {dag.py:3823} INFO - Setting next_dagrun for example_nested_branch_dag to 2026-06-17 00:00:00+00:00, run_after=2026-06-18 00:00:00+00:00
[2026-06-18T17:23:51.520+0000] {processor.py:183} INFO - Processing /home/airflow/.local/lib/python3.8/site-packages/airflow/example_dags/example_nested_branch_dag.py took 0.177 seconds
[2026-06-18T17:24:21.926+0000] {processor.py:161} INFO - Started process (PID=4519) to work on /home/airflow/.local/lib/python3.8/site-packages/airflow/example_dags/example_nested_branch_dag.py
[2026-06-18T17:24:21.929+0000] {processor.py:830} INFO - Processing file /home/airflow/.local/lib/python3.8/site-packages/airflow/example_dags/example_nested_branch_dag.py for tasks to queue
[2026-06-18T17:24:21.932+0000] {logging_mixin.py:188} INFO - [2026-06-18T17:24:21.931+0000] {dagbag.py:538} INFO - Filling up the DagBag from /home/airflow/.local/lib/python3.8/site-packages/airflow/example_dags/example_nested_branch_dag.py
[2026-06-18T17:24:21.954+0000] {processor.py:840} INFO - DAG(s) 'example_nested_branch_dag' retrieved from /home/airflow/.local/lib/python3.8/site-packages/airflow/example_dags/example_nested_branch_dag.py
[2026-06-18T17:24:22.001+0000] {logging_mixin.py:188} INFO - [2026-06-18T17:24:22.001+0000] {dag.py:3036} INFO - Sync 1 DAGs
[2026-06-18T17:24:22.049+0000] {logging_mixin.py:188} INFO - [2026-06-18T17:24:22.049+0000] {dag.py:3823} INFO - Setting next_dagrun for example_nested_branch_dag to 2026-06-17 00:00:00+00:00, run_after=2026-06-18 00:00:00+00:00
[2026-06-18T17:24:22.084+0000] {processor.py:183} INFO - Processing /home/airflow/.local/lib/python3.8/site-packages/airflow/example_dags/example_nested_branch_dag.py took 0.164 seconds
[2026-06-18T17:24:52.493+0000] {processor.py:161} INFO - Started process (PID=4586) to work on /home/airflow/.local/lib/python3.8/site-packages/airflow/example_dags/example_nested_branch_dag.py
[2026-06-18T17:24:52.495+0000] {processor.py:830} INFO - Processing file /home/airflow/.local/lib/python3.8/site-packages/airflow/example_dags/example_nested_branch_dag.py for tasks to queue
[2026-06-18T17:24:52.498+0000] {logging_mixin.py:188} INFO - [2026-06-18T17:24:52.498+0000] {dagbag.py:538} INFO - Filling up the DagBag from /home/airflow/.local/lib/python3.8/site-packages/airflow/example_dags/example_nested_branch_dag.py
[2026-06-18T17:24:52.517+0000] {processor.py:840} INFO - DAG(s) 'example_nested_branch_dag' retrieved from /home/airflow/.local/lib/python3.8/site-packages/airflow/example_dags/example_nested_branch_dag.py
[2026-06-18T17:24:52.564+0000] {logging_mixin.py:188} INFO - [2026-06-18T17:24:52.564+0000] {dag.py:3036} INFO - Sync 1 DAGs
[2026-06-18T17:24:52.611+0000] {logging_mixin.py:188} INFO - [2026-06-18T17:24:52.611+0000] {dag.py:3823} INFO - Setting next_dagrun for example_nested_branch_dag to 2026-06-17 00:00:00+00:00, run_after=2026-06-18 00:00:00+00:00
[2026-06-18T17:24:52.645+0000] {processor.py:183} INFO - Processing /home/airflow/.local/lib/python3.8/site-packages/airflow/example_dags/example_nested_branch_dag.py took 0.157 seconds
[2026-06-18T17:25:22.828+0000] {processor.py:161} INFO - Started process (PID=4652) to work on /home/airflow/.local/lib/python3.8/site-packages/airflow/example_dags/example_nested_branch_dag.py
[2026-06-18T17:25:22.831+0000] {processor.py:830} INFO - Processing file /home/airflow/.local/lib/python3.8/site-packages/airflow/example_dags/example_nested_branch_dag.py for tasks to queue
[2026-06-18T17:25:22.835+0000] {logging_mixin.py:188} INFO - [2026-06-18T17:25:22.835+0000] {dagbag.py:538} INFO - Filling up the DagBag from /home/airflow/.local/lib/python3.8/site-packages/airflow/example_dags/example_nested_branch_dag.py
[2026-06-18T17:25:22.855+0000] {processor.py:840} INFO - DAG(s) 'example_nested_branch_dag' retrieved from /home/airflow/.local/lib/python3.8/site-packages/airflow/example_dags/example_nested_branch_dag.py
[2026-06-18T17:25:22.904+0000] {logging_mixin.py:188} INFO - [2026-06-18T17:25:22.904+0000] {dag.py:3036} INFO - Sync 1 DAGs
[2026-06-18T17:25:22.947+0000] {logging_mixin.py:188} INFO - [2026-06-18T17:25:22.947+0000] {dag.py:3823} INFO - Setting next_dagrun for example_nested_branch_dag to 2026-06-17 00:00:00+00:00, run_after=2026-06-18 00:00:00+00:00
[2026-06-18T17:25:22.977+0000] {processor.py:183} INFO - Processing /home/airflow/.local/lib/python3.8/site-packages/airflow/example_dags/example_nested_branch_dag.py took 0.162 seconds
[2026-06-18T17:25:53.233+0000] {processor.py:161} INFO - Started process (PID=4718) to work on /home/airflow/.local/lib/python3.8/site-packages/airflow/example_dags/example_nested_branch_dag.py
[2026-06-18T17:25:53.234+0000] {processor.py:830} INFO - Processing file /home/airflow/.local/lib/python3.8/site-packages/airflow/example_dags/example_nested_branch_dag.py for tasks to queue
[2026-06-18T17:25:53.238+0000] {logging_mixin.py:188} INFO - [2026-06-18T17:25:53.237+0000] {dagbag.py:538} INFO - Filling up the DagBag from /home/airflow/.local/lib/python3.8/site-packages/airflow/example_dags/example_nested_branch_dag.py
[2026-06-18T17:25:53.256+0000] {processor.py:840} INFO - DAG(s) 'example_nested_branch_dag' retrieved from /home/airflow/.local/lib/python3.8/site-packages/airflow/example_dags/example_nested_branch_dag.py
[2026-06-18T17:25:53.300+0000] {logging_mixin.py:188} INFO - [2026-06-18T17:25:53.299+0000] {dag.py:3036} INFO - Sync 1 DAGs
[2026-06-18T17:25:53.339+0000] {logging_mixin.py:188} INFO - [2026-06-18T17:25:53.339+0000] {dag.py:3823} INFO - Setting next_dagrun for example_nested_branch_dag to 2026-06-17 00:00:00+00:00, run_after=2026-06-18 00:00:00+00:00
[2026-06-18T17:25:53.371+0000] {processor.py:183} INFO - Processing /home/airflow/.local/lib/python3.8/site-packages/airflow/example_dags/example_nested_branch_dag.py took 0.144 seconds
[2026-06-18T17:26:23.698+0000] {processor.py:161} INFO - Started process (PID=4785) to work on /home/airflow/.local/lib/python3.8/site-packages/airflow/example_dags/example_nested_branch_dag.py
[2026-06-18T17:26:23.700+0000] {processor.py:830} INFO - Processing file /home/airflow/.local/lib/python3.8/site-packages/airflow/example_dags/example_nested_branch_dag.py for tasks to queue
[2026-06-18T17:26:23.703+0000] {logging_mixin.py:188} INFO - [2026-06-18T17:26:23.702+0000] {dagbag.py:538} INFO - Filling up the DagBag from /home/airflow/.local/lib/python3.8/site-packages/airflow/example_dags/example_nested_branch_dag.py
[2026-06-18T17:26:23.723+0000] {processor.py:840} INFO - DAG(s) 'example_nested_branch_dag' retrieved from /home/airflow/.local/lib/python3.8/site-packages/airflow/example_dags/example_nested_branch_dag.py
[2026-06-18T17:26:23.771+0000] {logging_mixin.py:188} INFO - [2026-06-18T17:26:23.770+0000] {dag.py:3036} INFO - Sync 1 DAGs
[2026-06-18T17:26:23.816+0000] {logging_mixin.py:188} INFO - [2026-06-18T17:26:23.815+0000] {dag.py:3823} INFO - Setting next_dagrun for example_nested_branch_dag to 2026-06-17 00:00:00+00:00, run_after=2026-06-18 00:00:00+00:00
[2026-06-18T17:26:23.850+0000] {processor.py:183} INFO - Processing /home/airflow/.local/lib/python3.8/site-packages/airflow/example_dags/example_nested_branch_dag.py took 0.157 seconds
[2026-06-18T17:26:54.062+0000] {processor.py:161} INFO - Started process (PID=4851) to work on /home/airflow/.local/lib/python3.8/site-packages/airflow/example_dags/example_nested_branch_dag.py
[2026-06-18T17:26:54.064+0000] {processor.py:830} INFO - Processing file /home/airflow/.local/lib/python3.8/site-packages/airflow/example_dags/example_nested_branch_dag.py for tasks to queue
[2026-06-18T17:26:54.068+0000] {logging_mixin.py:188} INFO - [2026-06-18T17:26:54.067+0000] {dagbag.py:538} INFO - Filling up the DagBag from /home/airflow/.local/lib/python3.8/site-packages/airflow/example_dags/example_nested_branch_dag.py
[2026-06-18T17:26:54.086+0000] {processor.py:840} INFO - DAG(s) 'example_nested_branch_dag' retrieved from /home/airflow/.local/lib/python3.8/site-packages/airflow/example_dags/example_nested_branch_dag.py
[2026-06-18T17:26:54.132+0000] {logging_mixin.py:188} INFO - [2026-06-18T17:26:54.131+0000] {dag.py:3036} INFO - Sync 1 DAGs
[2026-06-18T17:26:54.180+0000] {logging_mixin.py:188} INFO - [2026-06-18T17:26:54.180+0000] {dag.py:3823} INFO - Setting next_dagrun for example_nested_branch_dag to 2026-06-17 00:00:00+00:00, run_after=2026-06-18 00:00:00+00:00
[2026-06-18T17:26:54.216+0000] {processor.py:183} INFO - Processing /home/airflow/.local/lib/python3.8/site-packages/airflow/example_dags/example_nested_branch_dag.py took 0.160 seconds
[2026-06-18T17:27:24.432+0000] {processor.py:161} INFO - Started process (PID=4916) to work on /home/airflow/.local/lib/python3.8/site-packages/airflow/example_dags/example_nested_branch_dag.py
[2026-06-18T17:27:24.433+0000] {processor.py:830} INFO - Processing file /home/airflow/.local/lib/python3.8/site-packages/airflow/example_dags/example_nested_branch_dag.py for tasks to queue
[2026-06-18T17:27:24.435+0000] {logging_mixin.py:188} INFO - [2026-06-18T17:27:24.435+0000] {dagbag.py:538} INFO - Filling up the DagBag from /home/airflow/.local/lib/python3.8/site-packages/airflow/example_dags/example_nested_branch_dag.py
[2026-06-18T17:27:24.453+0000] {processor.py:840} INFO - DAG(s) 'example_nested_branch_dag' retrieved from /home/airflow/.local/lib/python3.8/site-packages/airflow/example_dags/example_nested_branch_dag.py
[2026-06-18T17:27:24.498+0000] {logging_mixin.py:188} INFO - [2026-06-18T17:27:24.498+0000] {dag.py:3036} INFO - Sync 1 DAGs
[2026-06-18T17:27:24.543+0000] {logging_mixin.py:188} INFO - [2026-06-18T17:27:24.543+0000] {dag.py:3823} INFO - Setting next_dagrun for example_nested_branch_dag to 2026-06-17 00:00:00+00:00, run_after=2026-06-18 00:00:00+00:00
[2026-06-18T17:27:24.574+0000] {processor.py:183} INFO - Processing /home/airflow/.local/lib/python3.8/site-packages/airflow/example_dags/example_nested_branch_dag.py took 0.148 seconds
[2026-06-18T17:27:54.786+0000] {processor.py:161} INFO - Started process (PID=4983) to work on /home/airflow/.local/lib/python3.8/site-packages/airflow/example_dags/example_nested_branch_dag.py
[2026-06-18T17:27:54.789+0000] {processor.py:830} INFO - Processing file /home/airflow/.local/lib/python3.8/site-packages/airflow/example_dags/example_nested_branch_dag.py for tasks to queue
[2026-06-18T17:27:54.792+0000] {logging_mixin.py:188} INFO - [2026-06-18T17:27:54.791+0000] {dagbag.py:538} INFO - Filling up the DagBag from /home/airflow/.local/lib/python3.8/site-packages/airflow/example_dags/example_nested_branch_dag.py
[2026-06-18T17:27:54.811+0000] {processor.py:840} INFO - DAG(s) 'example_nested_branch_dag' retrieved from /home/airflow/.local/lib/python3.8/site-packages/airflow/example_dags/example_nested_branch_dag.py
[2026-06-18T17:27:54.859+0000] {logging_mixin.py:188} INFO - [2026-06-18T17:27:54.858+0000] {dag.py:3036} INFO - Sync 1 DAGs
[2026-06-18T17:27:54.906+0000] {logging_mixin.py:188} INFO - [2026-06-18T17:27:54.906+0000] {dag.py:3823} INFO - Setting next_dagrun for example_nested_branch_dag to 2026-06-17 00:00:00+00:00, run_after=2026-06-18 00:00:00+00:00
[2026-06-18T17:27:54.951+0000] {processor.py:183} INFO - Processing /home/airflow/.local/lib/python3.8/site-packages/airflow/example_dags/example_nested_branch_dag.py took 0.171 seconds
[2026-06-18T17:28:25.092+0000] {processor.py:161} INFO - Started process (PID=5049) to work on /home/airflow/.local/lib/python3.8/site-packages/airflow/example_dags/example_nested_branch_dag.py
[2026-06-18T17:28:25.094+0000] {processor.py:830} INFO - Processing file /home/airflow/.local/lib/python3.8/site-packages/airflow/example_dags/example_nested_branch_dag.py for tasks to queue
[2026-06-18T17:28:25.097+0000] {logging_mixin.py:188} INFO - [2026-06-18T17:28:25.096+0000] {dagbag.py:538} INFO - Filling up the DagBag from /home/airflow/.local/lib/python3.8/site-packages/airflow/example_dags/example_nested_branch_dag.py
[2026-06-18T17:28:25.116+0000] {processor.py:840} INFO - DAG(s) 'example_nested_branch_dag' retrieved from /home/airflow/.local/lib/python3.8/site-packages/airflow/example_dags/example_nested_branch_dag.py
[2026-06-18T17:28:25.162+0000] {logging_mixin.py:188} INFO - [2026-06-18T17:28:25.162+0000] {dag.py:3036} INFO - Sync 1 DAGs
[2026-06-18T17:28:25.215+0000] {logging_mixin.py:188} INFO - [2026-06-18T17:28:25.215+0000] {dag.py:3823} INFO - Setting next_dagrun for example_nested_branch_dag to 2026-06-17 00:00:00+00:00, run_after=2026-06-18 00:00:00+00:00
[2026-06-18T17:28:25.256+0000] {processor.py:183} INFO - Processing /home/airflow/.local/lib/python3.8/site-packages/airflow/example_dags/example_nested_branch_dag.py took 0.169 seconds
[2026-06-18T17:28:55.608+0000] {processor.py:161} INFO - Started process (PID=5115) to work on /home/airflow/.local/lib/python3.8/site-packages/airflow/example_dags/example_nested_branch_dag.py
[2026-06-18T17:28:55.610+0000] {processor.py:830} INFO - Processing file /home/airflow/.local/lib/python3.8/site-packages/airflow/example_dags/example_nested_branch_dag.py for tasks to queue
[2026-06-18T17:28:55.614+0000] {logging_mixin.py:188} INFO - [2026-06-18T17:28:55.613+0000] {dagbag.py:538} INFO - Filling up the DagBag from /home/airflow/.local/lib/python3.8/site-packages/airflow/example_dags/example_nested_branch_dag.py
[2026-06-18T17:28:55.634+0000] {processor.py:840} INFO - DAG(s) 'example_nested_branch_dag' retrieved from /home/airflow/.local/lib/python3.8/site-packages/airflow/example_dags/example_nested_branch_dag.py
[2026-06-18T17:28:55.671+0000] {logging_mixin.py:188} INFO - [2026-06-18T17:28:55.671+0000] {dag.py:3036} INFO - Sync 1 DAGs
[2026-06-18T17:28:55.709+0000] {logging_mixin.py:188} INFO - [2026-06-18T17:28:55.709+0000] {dag.py:3823} INFO - Setting next_dagrun for example_nested_branch_dag to 2026-06-17 00:00:00+00:00, run_after=2026-06-18 00:00:00+00:00
[2026-06-18T17:28:55.738+0000] {processor.py:183} INFO - Processing /home/airflow/.local/lib/python3.8/site-packages/airflow/example_dags/example_nested_branch_dag.py took 0.137 seconds
[2026-06-18T17:29:25.919+0000] {processor.py:161} INFO - Started process (PID=5180) to work on /home/airflow/.local/lib/python3.8/site-packages/airflow/example_dags/example_nested_branch_dag.py
[2026-06-18T17:29:25.921+0000] {processor.py:830} INFO - Processing file /home/airflow/.local/lib/python3.8/site-packages/airflow/example_dags/example_nested_branch_dag.py for tasks to queue
[2026-06-18T17:29:25.923+0000] {logging_mixin.py:188} INFO - [2026-06-18T17:29:25.923+0000] {dagbag.py:538} INFO - Filling up the DagBag from /home/airflow/.local/lib/python3.8/site-packages/airflow/example_dags/example_nested_branch_dag.py
[2026-06-18T17:29:25.940+0000] {processor.py:840} INFO - DAG(s) 'example_nested_branch_dag' retrieved from /home/airflow/.local/lib/python3.8/site-packages/airflow/example_dags/example_nested_branch_dag.py
[2026-06-18T17:29:25.985+0000] {logging_mixin.py:188} INFO - [2026-06-18T17:29:25.984+0000] {dag.py:3036} INFO - Sync 1 DAGs
[2026-06-18T17:29:26.027+0000] {logging_mixin.py:188} INFO - [2026-06-18T17:29:26.026+0000] {dag.py:3823} INFO - Setting next_dagrun for example_nested_branch_dag to 2026-06-17 00:00:00+00:00, run_after=2026-06-18 00:00:00+00:00
[2026-06-18T17:29:26.057+0000] {processor.py:183} INFO - Processing /home/airflow/.local/lib/python3.8/site-packages/airflow/example_dags/example_nested_branch_dag.py took 0.143 seconds
[2026-06-18T17:29:56.596+0000] {processor.py:161} INFO - Started process (PID=5251) to work on /home/airflow/.local/lib/python3.8/site-packages/airflow/example_dags/example_nested_branch_dag.py
[2026-06-18T17:29:56.599+0000] {processor.py:830} INFO - Processing file /home/airflow/.local/lib/python3.8/site-packages/airflow/example_dags/example_nested_branch_dag.py for tasks to queue
[2026-06-18T17:29:56.602+0000] {logging_mixin.py:188} INFO - [2026-06-18T17:29:56.601+0000] {dagbag.py:538} INFO - Filling up the DagBag from /home/airflow/.local/lib/python3.8/site-packages/airflow/example_dags/example_nested_branch_dag.py
[2026-06-18T17:29:56.623+0000] {processor.py:840} INFO - DAG(s) 'example_nested_branch_dag' retrieved from /home/airflow/.local/lib/python3.8/site-packages/airflow/example_dags/example_nested_branch_dag.py
[2026-06-18T17:29:56.672+0000] {logging_mixin.py:188} INFO - [2026-06-18T17:29:56.671+0000] {dag.py:3036} INFO - Sync 1 DAGs
[2026-06-18T17:29:56.719+0000] {logging_mixin.py:188} INFO - [2026-06-18T17:29:56.718+0000] {dag.py:3823} INFO - Setting next_dagrun for example_nested_branch_dag to 2026-06-17 00:00:00+00:00, run_after=2026-06-18 00:00:00+00:00
[2026-06-18T17:29:56.750+0000] {processor.py:183} INFO - Processing /home/airflow/.local/lib/python3.8/site-packages/airflow/example_dags/example_nested_branch_dag.py took 0.160 seconds
[2026-06-18T17:30:27.139+0000] {processor.py:161} INFO - Started process (PID=5317) to work on /home/airflow/.local/lib/python3.8/site-packages/airflow/example_dags/example_nested_branch_dag.py
[2026-06-18T17:30:27.140+0000] {processor.py:830} INFO - Processing file /home/airflow/.local/lib/python3.8/site-packages/airflow/example_dags/example_nested_branch_dag.py for tasks to queue
[2026-06-18T17:30:27.143+0000] {logging_mixin.py:188} INFO - [2026-06-18T17:30:27.143+0000] {dagbag.py:538} INFO - Filling up the DagBag from /home/airflow/.local/lib/python3.8/site-packages/airflow/example_dags/example_nested_branch_dag.py
[2026-06-18T17:30:27.162+0000] {processor.py:840} INFO - DAG(s) 'example_nested_branch_dag' retrieved from /home/airflow/.local/lib/python3.8/site-packages/airflow/example_dags/example_nested_branch_dag.py
[2026-06-18T17:30:27.201+0000] {logging_mixin.py:188} INFO - [2026-06-18T17:30:27.201+0000] {dag.py:3036} INFO - Sync 1 DAGs
[2026-06-18T17:30:27.244+0000] {logging_mixin.py:188} INFO - [2026-06-18T17:30:27.244+0000] {dag.py:3823} INFO - Setting next_dagrun for example_nested_branch_dag to 2026-06-17 00:00:00+00:00, run_after=2026-06-18 00:00:00+00:00
[2026-06-18T17:30:27.277+0000] {processor.py:183} INFO - Processing /home/airflow/.local/lib/python3.8/site-packages/airflow/example_dags/example_nested_branch_dag.py took 0.144 seconds
[2026-06-18T17:30:57.711+0000] {processor.py:161} INFO - Started process (PID=5383) to work on /home/airflow/.local/lib/python3.8/site-packages/airflow/example_dags/example_nested_branch_dag.py
[2026-06-18T17:30:57.713+0000] {processor.py:830} INFO - Processing file /home/airflow/.local/lib/python3.8/site-packages/airflow/example_dags/example_nested_branch_dag.py for tasks to queue
[2026-06-18T17:30:57.716+0000] {logging_mixin.py:188} INFO - [2026-06-18T17:30:57.716+0000] {dagbag.py:538} INFO - Filling up the DagBag from /home/airflow/.local/lib/python3.8/site-packages/airflow/example_dags/example_nested_branch_dag.py
[2026-06-18T17:30:57.736+0000] {processor.py:840} INFO - DAG(s) 'example_nested_branch_dag' retrieved from /home/airflow/.local/lib/python3.8/site-packages/airflow/example_dags/example_nested_branch_dag.py
[2026-06-18T17:30:57.784+0000] {logging_mixin.py:188} INFO - [2026-06-18T17:30:57.783+0000] {dag.py:3036} INFO - Sync 1 DAGs
[2026-06-18T17:30:57.829+0000] {logging_mixin.py:188} INFO - [2026-06-18T17:30:57.828+0000] {dag.py:3823} INFO - Setting next_dagrun for example_nested_branch_dag to 2026-06-17 00:00:00+00:00, run_after=2026-06-18 00:00:00+00:00
[2026-06-18T17:30:57.866+0000] {processor.py:183} INFO - Processing /home/airflow/.local/lib/python3.8/site-packages/airflow/example_dags/example_nested_branch_dag.py took 0.161 seconds
[2026-06-18T17:31:28.723+0000] {processor.py:161} INFO - Started process (PID=5448) to work on /home/airflow/.local/lib/python3.8/site-packages/airflow/example_dags/example_nested_branch_dag.py
[2026-06-18T17:31:28.725+0000] {processor.py:830} INFO - Processing file /home/airflow/.local/lib/python3.8/site-packages/airflow/example_dags/example_nested_branch_dag.py for tasks to queue
[2026-06-18T17:31:28.730+0000] {logging_mixin.py:188} INFO - [2026-06-18T17:31:28.728+0000] {dagbag.py:538} INFO - Filling up the DagBag from /home/airflow/.local/lib/python3.8/site-packages/airflow/example_dags/example_nested_branch_dag.py
[2026-06-18T17:31:28.756+0000] {processor.py:840} INFO - DAG(s) 'example_nested_branch_dag' retrieved from /home/airflow/.local/lib/python3.8/site-packages/airflow/example_dags/example_nested_branch_dag.py
[2026-06-18T17:31:28.801+0000] {logging_mixin.py:188} INFO - [2026-06-18T17:31:28.800+0000] {dag.py:3036} INFO - Sync 1 DAGs
[2026-06-18T17:31:28.848+0000] {logging_mixin.py:188} INFO - [2026-06-18T17:31:28.847+0000] {dag.py:3823} INFO - Setting next_dagrun for example_nested_branch_dag to 2026-06-17 00:00:00+00:00, run_after=2026-06-18 00:00:00+00:00
[2026-06-18T17:31:28.880+0000] {processor.py:183} INFO - Processing /home/airflow/.local/lib/python3.8/site-packages/airflow/example_dags/example_nested_branch_dag.py took 0.163 seconds
[2026-06-18T17:31:59.687+0000] {processor.py:161} INFO - Started process (PID=5514) to work on /home/airflow/.local/lib/python3.8/site-packages/airflow/example_dags/example_nested_branch_dag.py
[2026-06-18T17:31:59.689+0000] {processor.py:830} INFO - Processing file /home/airflow/.local/lib/python3.8/site-packages/airflow/example_dags/example_nested_branch_dag.py for tasks to queue
[2026-06-18T17:31:59.692+0000] {logging_mixin.py:188} INFO - [2026-06-18T17:31:59.691+0000] {dagbag.py:538} INFO - Filling up the DagBag from /home/airflow/.local/lib/python3.8/site-packages/airflow/example_dags/example_nested_branch_dag.py
[2026-06-18T17:31:59.716+0000] {processor.py:840} INFO - DAG(s) 'example_nested_branch_dag' retrieved from /home/airflow/.local/lib/python3.8/site-packages/airflow/example_dags/example_nested_branch_dag.py
[2026-06-18T17:31:59.773+0000] {logging_mixin.py:188} INFO - [2026-06-18T17:31:59.772+0000] {dag.py:3036} INFO - Sync 1 DAGs
[2026-06-18T17:31:59.838+0000] {logging_mixin.py:188} INFO - [2026-06-18T17:31:59.837+0000] {dag.py:3823} INFO - Setting next_dagrun for example_nested_branch_dag to 2026-06-17 00:00:00+00:00, run_after=2026-06-18 00:00:00+00:00
[2026-06-18T17:31:59.871+0000] {processor.py:183} INFO - Processing /home/airflow/.local/lib/python3.8/site-packages/airflow/example_dags/example_nested_branch_dag.py took 0.191 seconds
[2026-06-18T17:32:30.080+0000] {processor.py:161} INFO - Started process (PID=5580) to work on /home/airflow/.local/lib/python3.8/site-packages/airflow/example_dags/example_nested_branch_dag.py
[2026-06-18T17:32:30.082+0000] {processor.py:830} INFO - Processing file /home/airflow/.local/lib/python3.8/site-packages/airflow/example_dags/example_nested_branch_dag.py for tasks to queue
[2026-06-18T17:32:30.084+0000] {logging_mixin.py:188} INFO - [2026-06-18T17:32:30.084+0000] {dagbag.py:538} INFO - Filling up the DagBag from /home/airflow/.local/lib/python3.8/site-packages/airflow/example_dags/example_nested_branch_dag.py
[2026-06-18T17:32:30.101+0000] {processor.py:840} INFO - DAG(s) 'example_nested_branch_dag' retrieved from /home/airflow/.local/lib/python3.8/site-packages/airflow/example_dags/example_nested_branch_dag.py
[2026-06-18T17:32:30.141+0000] {logging_mixin.py:188} INFO - [2026-06-18T17:32:30.140+0000] {dag.py:3036} INFO - Sync 1 DAGs
[2026-06-18T17:32:30.186+0000] {logging_mixin.py:188} INFO - [2026-06-18T17:32:30.186+0000] {dag.py:3823} INFO - Setting next_dagrun for example_nested_branch_dag to 2026-06-17 00:00:00+00:00, run_after=2026-06-18 00:00:00+00:00
[2026-06-18T17:32:30.227+0000] {processor.py:183} INFO - Processing /home/airflow/.local/lib/python3.8/site-packages/airflow/example_dags/example_nested_branch_dag.py took 0.152 seconds
[2026-06-18T17:33:00.456+0000] {processor.py:161} INFO - Started process (PID=5646) to work on /home/airflow/.local/lib/python3.8/site-packages/airflow/example_dags/example_nested_branch_dag.py
[2026-06-18T17:33:00.458+0000] {processor.py:830} INFO - Processing file /home/airflow/.local/lib/python3.8/site-packages/airflow/example_dags/example_nested_branch_dag.py for tasks to queue
[2026-06-18T17:33:00.462+0000] {logging_mixin.py:188} INFO - [2026-06-18T17:33:00.461+0000] {dagbag.py:538} INFO - Filling up the DagBag from /home/airflow/.local/lib/python3.8/site-packages/airflow/example_dags/example_nested_branch_dag.py
[2026-06-18T17:33:00.480+0000] {processor.py:840} INFO - DAG(s) 'example_nested_branch_dag' retrieved from /home/airflow/.local/lib/python3.8/site-packages/airflow/example_dags/example_nested_branch_dag.py
[2026-06-18T17:33:00.527+0000] {logging_mixin.py:188} INFO - [2026-06-18T17:33:00.527+0000] {dag.py:3036} INFO - Sync 1 DAGs
[2026-06-18T17:33:00.574+0000] {logging_mixin.py:188} INFO - [2026-06-18T17:33:00.573+0000] {dag.py:3823} INFO - Setting next_dagrun for example_nested_branch_dag to 2026-06-17 00:00:00+00:00, run_after=2026-06-18 00:00:00+00:00
[2026-06-18T17:33:00.610+0000] {processor.py:183} INFO - Processing /home/airflow/.local/lib/python3.8/site-packages/airflow/example_dags/example_nested_branch_dag.py took 0.159 seconds
[2026-06-18T17:33:31.259+0000] {processor.py:161} INFO - Started process (PID=5712) to work on /home/airflow/.local/lib/python3.8/site-packages/airflow/example_dags/example_nested_branch_dag.py
[2026-06-18T17:33:31.262+0000] {processor.py:830} INFO - Processing file /home/airflow/.local/lib/python3.8/site-packages/airflow/example_dags/example_nested_branch_dag.py for tasks to queue
[2026-06-18T17:33:31.265+0000] {logging_mixin.py:188} INFO - [2026-06-18T17:33:31.264+0000] {dagbag.py:538} INFO - Filling up the DagBag from /home/airflow/.local/lib/python3.8/site-packages/airflow/example_dags/example_nested_branch_dag.py
[2026-06-18T17:33:31.283+0000] {processor.py:840} INFO - DAG(s) 'example_nested_branch_dag' retrieved from /home/airflow/.local/lib/python3.8/site-packages/airflow/example_dags/example_nested_branch_dag.py
[2026-06-18T17:33:31.324+0000] {logging_mixin.py:188} INFO - [2026-06-18T17:33:31.324+0000] {dag.py:3036} INFO - Sync 1 DAGs
[2026-06-18T17:33:31.375+0000] {logging_mixin.py:188} INFO - [2026-06-18T17:33:31.375+0000] {dag.py:3823} INFO - Setting next_dagrun for example_nested_branch_dag to 2026-06-17 00:00:00+00:00, run_after=2026-06-18 00:00:00+00:00
[2026-06-18T17:33:31.410+0000] {processor.py:183} INFO - Processing /home/airflow/.local/lib/python3.8/site-packages/airflow/example_dags/example_nested_branch_dag.py took 0.156 seconds
[2026-06-18T17:34:01.589+0000] {processor.py:161} INFO - Started process (PID=5778) to work on /home/airflow/.local/lib/python3.8/site-packages/airflow/example_dags/example_nested_branch_dag.py
[2026-06-18T17:34:01.591+0000] {processor.py:830} INFO - Processing file /home/airflow/.local/lib/python3.8/site-packages/airflow/example_dags/example_nested_branch_dag.py for tasks to queue
[2026-06-18T17:34:01.594+0000] {logging_mixin.py:188} INFO - [2026-06-18T17:34:01.594+0000] {dagbag.py:538} INFO - Filling up the DagBag from /home/airflow/.local/lib/python3.8/site-packages/airflow/example_dags/example_nested_branch_dag.py
[2026-06-18T17:34:01.611+0000] {processor.py:840} INFO - DAG(s) 'example_nested_branch_dag' retrieved from /home/airflow/.local/lib/python3.8/site-packages/airflow/example_dags/example_nested_branch_dag.py
[2026-06-18T17:34:01.653+0000] {logging_mixin.py:188} INFO - [2026-06-18T17:34:01.653+0000] {dag.py:3036} INFO - Sync 1 DAGs
[2026-06-18T17:34:01.704+0000] {logging_mixin.py:188} INFO - [2026-06-18T17:34:01.703+0000] {dag.py:3823} INFO - Setting next_dagrun for example_nested_branch_dag to 2026-06-17 00:00:00+00:00, run_after=2026-06-18 00:00:00+00:00
[2026-06-18T17:34:01.737+0000] {processor.py:183} INFO - Processing /home/airflow/.local/lib/python3.8/site-packages/airflow/example_dags/example_nested_branch_dag.py took 0.152 seconds
[2026-06-18T17:34:32.306+0000] {processor.py:161} INFO - Started process (PID=5843) to work on /home/airflow/.local/lib/python3.8/site-packages/airflow/example_dags/example_nested_branch_dag.py
[2026-06-18T17:34:32.308+0000] {processor.py:830} INFO - Processing file /home/airflow/.local/lib/python3.8/site-packages/airflow/example_dags/example_nested_branch_dag.py for tasks to queue
[2026-06-18T17:34:32.311+0000] {logging_mixin.py:188} INFO - [2026-06-18T17:34:32.310+0000] {dagbag.py:538} INFO - Filling up the DagBag from /home/airflow/.local/lib/python3.8/site-packages/airflow/example_dags/example_nested_branch_dag.py
[2026-06-18T17:34:32.330+0000] {processor.py:840} INFO - DAG(s) 'example_nested_branch_dag' retrieved from /home/airflow/.local/lib/python3.8/site-packages/airflow/example_dags/example_nested_branch_dag.py
[2026-06-18T17:34:32.369+0000] {logging_mixin.py:188} INFO - [2026-06-18T17:34:32.369+0000] {dag.py:3036} INFO - Sync 1 DAGs
[2026-06-18T17:34:32.412+0000] {logging_mixin.py:188} INFO - [2026-06-18T17:34:32.412+0000] {dag.py:3823} INFO - Setting next_dagrun for example_nested_branch_dag to 2026-06-17 00:00:00+00:00, run_after=2026-06-18 00:00:00+00:00
[2026-06-18T17:34:32.443+0000] {processor.py:183} INFO - Processing /home/airflow/.local/lib/python3.8/site-packages/airflow/example_dags/example_nested_branch_dag.py took 0.143 seconds
[2026-06-18T17:35:02.951+0000] {processor.py:161} INFO - Started process (PID=5909) to work on /home/airflow/.local/lib/python3.8/site-packages/airflow/example_dags/example_nested_branch_dag.py
[2026-06-18T17:35:02.953+0000] {processor.py:830} INFO - Processing file /home/airflow/.local/lib/python3.8/site-packages/airflow/example_dags/example_nested_branch_dag.py for tasks to queue
[2026-06-18T17:35:02.956+0000] {logging_mixin.py:188} INFO - [2026-06-18T17:35:02.956+0000] {dagbag.py:538} INFO - Filling up the DagBag from /home/airflow/.local/lib/python3.8/site-packages/airflow/example_dags/example_nested_branch_dag.py
[2026-06-18T17:35:02.977+0000] {processor.py:840} INFO - DAG(s) 'example_nested_branch_dag' retrieved from /home/airflow/.local/lib/python3.8/site-packages/airflow/example_dags/example_nested_branch_dag.py
[2026-06-18T17:35:03.029+0000] {logging_mixin.py:188} INFO - [2026-06-18T17:35:03.029+0000] {dag.py:3036} INFO - Sync 1 DAGs
[2026-06-18T17:35:03.075+0000] {logging_mixin.py:188} INFO - [2026-06-18T17:35:03.075+0000] {dag.py:3823} INFO - Setting next_dagrun for example_nested_branch_dag to 2026-06-17 00:00:00+00:00, run_after=2026-06-18 00:00:00+00:00
[2026-06-18T17:35:03.113+0000] {processor.py:183} INFO - Processing /home/airflow/.local/lib/python3.8/site-packages/airflow/example_dags/example_nested_branch_dag.py took 0.167 seconds
[2026-06-18T17:35:33.392+0000] {processor.py:161} INFO - Started process (PID=5975) to work on /home/airflow/.local/lib/python3.8/site-packages/airflow/example_dags/example_nested_branch_dag.py
[2026-06-18T17:35:33.394+0000] {processor.py:830} INFO - Processing file /home/airflow/.local/lib/python3.8/site-packages/airflow/example_dags/example_nested_branch_dag.py for tasks to queue
[2026-06-18T17:35:33.398+0000] {logging_mixin.py:188} INFO - [2026-06-18T17:35:33.397+0000] {dagbag.py:538} INFO - Filling up the DagBag from /home/airflow/.local/lib/python3.8/site-packages/airflow/example_dags/example_nested_branch_dag.py
[2026-06-18T17:35:33.418+0000] {processor.py:840} INFO - DAG(s) 'example_nested_branch_dag' retrieved from /home/airflow/.local/lib/python3.8/site-packages/airflow/example_dags/example_nested_branch_dag.py
[2026-06-18T17:35:33.466+0000] {logging_mixin.py:188} INFO - [2026-06-18T17:35:33.465+0000] {dag.py:3036} INFO - Sync 1 DAGs
[2026-06-18T17:35:33.515+0000] {logging_mixin.py:188} INFO - [2026-06-18T17:35:33.515+0000] {dag.py:3823} INFO - Setting next_dagrun for example_nested_branch_dag to 2026-06-17 00:00:00+00:00, run_after=2026-06-18 00:00:00+00:00
[2026-06-18T17:35:33.554+0000] {processor.py:183} INFO - Processing /home/airflow/.local/lib/python3.8/site-packages/airflow/example_dags/example_nested_branch_dag.py took 0.168 seconds
[2026-06-18T17:36:04.158+0000] {processor.py:161} INFO - Started process (PID=6041) to work on /home/airflow/.local/lib/python3.8/site-packages/airflow/example_dags/example_nested_branch_dag.py
[2026-06-18T17:36:04.160+0000] {processor.py:830} INFO - Processing file /home/airflow/.local/lib/python3.8/site-packages/airflow/example_dags/example_nested_branch_dag.py for tasks to queue
[2026-06-18T17:36:04.163+0000] {logging_mixin.py:188} INFO - [2026-06-18T17:36:04.162+0000] {dagbag.py:538} INFO - Filling up the DagBag from /home/airflow/.local/lib/python3.8/site-packages/airflow/example_dags/example_nested_branch_dag.py
[2026-06-18T17:36:04.183+0000] {processor.py:840} INFO - DAG(s) 'example_nested_branch_dag' retrieved from /home/airflow/.local/lib/python3.8/site-packages/airflow/example_dags/example_nested_branch_dag.py
[2026-06-18T17:36:04.229+0000] {logging_mixin.py:188} INFO - [2026-06-18T17:36:04.229+0000] {dag.py:3036} INFO - Sync 1 DAGs
[2026-06-18T17:36:04.323+0000] {logging_mixin.py:188} INFO - [2026-06-18T17:36:04.322+0000] {dag.py:3823} INFO - Setting next_dagrun for example_nested_branch_dag to 2026-06-17 00:00:00+00:00, run_after=2026-06-18 00:00:00+00:00
[2026-06-18T17:36:04.359+0000] {processor.py:183} INFO - Processing /home/airflow/.local/lib/python3.8/site-packages/airflow/example_dags/example_nested_branch_dag.py took 0.207 seconds
[2026-06-18T17:36:34.479+0000] {processor.py:161} INFO - Started process (PID=6114) to work on /home/airflow/.local/lib/python3.8/site-packages/airflow/example_dags/example_nested_branch_dag.py
[2026-06-18T17:36:34.481+0000] {processor.py:830} INFO - Processing file /home/airflow/.local/lib/python3.8/site-packages/airflow/example_dags/example_nested_branch_dag.py for tasks to queue
[2026-06-18T17:36:34.484+0000] {logging_mixin.py:188} INFO - [2026-06-18T17:36:34.484+0000] {dagbag.py:538} INFO - Filling up the DagBag from /home/airflow/.local/lib/python3.8/site-packages/airflow/example_dags/example_nested_branch_dag.py
[2026-06-18T17:36:34.505+0000] {processor.py:840} INFO - DAG(s) 'example_nested_branch_dag' retrieved from /home/airflow/.local/lib/python3.8/site-packages/airflow/example_dags/example_nested_branch_dag.py
[2026-06-18T17:36:34.552+0000] {logging_mixin.py:188} INFO - [2026-06-18T17:36:34.552+0000] {dag.py:3036} INFO - Sync 1 DAGs
[2026-06-18T17:36:34.600+0000] {logging_mixin.py:188} INFO - [2026-06-18T17:36:34.599+0000] {dag.py:3823} INFO - Setting next_dagrun for example_nested_branch_dag to 2026-06-17 00:00:00+00:00, run_after=2026-06-18 00:00:00+00:00
[2026-06-18T17:36:34.638+0000] {processor.py:183} INFO - Processing /home/airflow/.local/lib/python3.8/site-packages/airflow/example_dags/example_nested_branch_dag.py took 0.165 seconds
[2026-06-18T17:37:04.746+0000] {processor.py:161} INFO - Started process (PID=6180) to work on /home/airflow/.local/lib/python3.8/site-packages/airflow/example_dags/example_nested_branch_dag.py
[2026-06-18T17:37:04.749+0000] {processor.py:830} INFO - Processing file /home/airflow/.local/lib/python3.8/site-packages/airflow/example_dags/example_nested_branch_dag.py for tasks to queue
[2026-06-18T17:37:04.752+0000] {logging_mixin.py:188} INFO - [2026-06-18T17:37:04.751+0000] {dagbag.py:538} INFO - Filling up the DagBag from /home/airflow/.local/lib/python3.8/site-packages/airflow/example_dags/example_nested_branch_dag.py
[2026-06-18T17:37:04.771+0000] {processor.py:840} INFO - DAG(s) 'example_nested_branch_dag' retrieved from /home/airflow/.local/lib/python3.8/site-packages/airflow/example_dags/example_nested_branch_dag.py
[2026-06-18T17:37:04.835+0000] {logging_mixin.py:188} INFO - [2026-06-18T17:37:04.834+0000] {dag.py:3036} INFO - Sync 1 DAGs
[2026-06-18T17:37:04.908+0000] {logging_mixin.py:188} INFO - [2026-06-18T17:37:04.907+0000] {dag.py:3823} INFO - Setting next_dagrun for example_nested_branch_dag to 2026-06-17 00:00:00+00:00, run_after=2026-06-18 00:00:00+00:00
[2026-06-18T17:37:04.945+0000] {processor.py:183} INFO - Processing /home/airflow/.local/lib/python3.8/site-packages/airflow/example_dags/example_nested_branch_dag.py took 0.209 seconds
[2026-06-18T17:37:35.171+0000] {processor.py:161} INFO - Started process (PID=6245) to work on /home/airflow/.local/lib/python3.8/site-packages/airflow/example_dags/example_nested_branch_dag.py
[2026-06-18T17:37:35.173+0000] {processor.py:830} INFO - Processing file /home/airflow/.local/lib/python3.8/site-packages/airflow/example_dags/example_nested_branch_dag.py for tasks to queue
[2026-06-18T17:37:35.177+0000] {logging_mixin.py:188} INFO - [2026-06-18T17:37:35.176+0000] {dagbag.py:538} INFO - Filling up the DagBag from /home/airflow/.local/lib/python3.8/site-packages/airflow/example_dags/example_nested_branch_dag.py
[2026-06-18T17:37:35.193+0000] {processor.py:840} INFO - DAG(s) 'example_nested_branch_dag' retrieved from /home/airflow/.local/lib/python3.8/site-packages/airflow/example_dags/example_nested_branch_dag.py
[2026-06-18T17:37:35.233+0000] {logging_mixin.py:188} INFO - [2026-06-18T17:37:35.233+0000] {dag.py:3036} INFO - Sync 1 DAGs
[2026-06-18T17:37:35.271+0000] {logging_mixin.py:188} INFO - [2026-06-18T17:37:35.271+0000] {dag.py:3823} INFO - Setting next_dagrun for example_nested_branch_dag to 2026-06-17 00:00:00+00:00, run_after=2026-06-18 00:00:00+00:00
[2026-06-18T17:37:35.301+0000] {processor.py:183} INFO - Processing /home/airflow/.local/lib/python3.8/site-packages/airflow/example_dags/example_nested_branch_dag.py took 0.135 seconds
[2026-06-18T17:38:05.563+0000] {processor.py:161} INFO - Started process (PID=6310) to work on /home/airflow/.local/lib/python3.8/site-packages/airflow/example_dags/example_nested_branch_dag.py
[2026-06-18T17:38:05.564+0000] {processor.py:830} INFO - Processing file /home/airflow/.local/lib/python3.8/site-packages/airflow/example_dags/example_nested_branch_dag.py for tasks to queue
[2026-06-18T17:38:05.567+0000] {logging_mixin.py:188} INFO - [2026-06-18T17:38:05.567+0000] {dagbag.py:538} INFO - Filling up the DagBag from /home/airflow/.local/lib/python3.8/site-packages/airflow/example_dags/example_nested_branch_dag.py
[2026-06-18T17:38:05.586+0000] {processor.py:840} INFO - DAG(s) 'example_nested_branch_dag' retrieved from /home/airflow/.local/lib/python3.8/site-packages/airflow/example_dags/example_nested_branch_dag.py
[2026-06-18T17:38:05.631+0000] {logging_mixin.py:188} INFO - [2026-06-18T17:38:05.630+0000] {dag.py:3036} INFO - Sync 1 DAGs
[2026-06-18T17:38:05.673+0000] {logging_mixin.py:188} INFO - [2026-06-18T17:38:05.672+0000] {dag.py:3823} INFO - Setting next_dagrun for example_nested_branch_dag to 2026-06-17 00:00:00+00:00, run_after=2026-06-18 00:00:00+00:00
[2026-06-18T17:38:05.718+0000] {processor.py:183} INFO - Processing /home/airflow/.local/lib/python3.8/site-packages/airflow/example_dags/example_nested_branch_dag.py took 0.160 seconds
[2026-06-18T17:38:36.357+0000] {processor.py:161} INFO - Started process (PID=6374) to work on /home/airflow/.local/lib/python3.8/site-packages/airflow/example_dags/example_nested_branch_dag.py
[2026-06-18T17:38:36.359+0000] {processor.py:830} INFO - Processing file /home/airflow/.local/lib/python3.8/site-packages/airflow/example_dags/example_nested_branch_dag.py for tasks to queue
[2026-06-18T17:38:36.362+0000] {logging_mixin.py:188} INFO - [2026-06-18T17:38:36.361+0000] {dagbag.py:538} INFO - Filling up the DagBag from /home/airflow/.local/lib/python3.8/site-packages/airflow/example_dags/example_nested_branch_dag.py
[2026-06-18T17:38:36.379+0000] {processor.py:840} INFO - DAG(s) 'example_nested_branch_dag' retrieved from /home/airflow/.local/lib/python3.8/site-packages/airflow/example_dags/example_nested_branch_dag.py
[2026-06-18T17:38:36.420+0000] {logging_mixin.py:188} INFO - [2026-06-18T17:38:36.420+0000] {dag.py:3036} INFO - Sync 1 DAGs
[2026-06-18T17:38:36.461+0000] {logging_mixin.py:188} INFO - [2026-06-18T17:38:36.461+0000] {dag.py:3823} INFO - Setting next_dagrun for example_nested_branch_dag to 2026-06-17 00:00:00+00:00, run_after=2026-06-18 00:00:00+00:00
[2026-06-18T17:38:36.491+0000] {processor.py:183} INFO - Processing /home/airflow/.local/lib/python3.8/site-packages/airflow/example_dags/example_nested_branch_dag.py took 0.139 seconds
[2026-06-18T17:39:06.693+0000] {processor.py:161} INFO - Started process (PID=6440) to work on /home/airflow/.local/lib/python3.8/site-packages/airflow/example_dags/example_nested_branch_dag.py
[2026-06-18T17:39:06.695+0000] {processor.py:830} INFO - Processing file /home/airflow/.local/lib/python3.8/site-packages/airflow/example_dags/example_nested_branch_dag.py for tasks to queue
[2026-06-18T17:39:06.698+0000] {logging_mixin.py:188} INFO - [2026-06-18T17:39:06.697+0000] {dagbag.py:538} INFO - Filling up the DagBag from /home/airflow/.local/lib/python3.8/site-packages/airflow/example_dags/example_nested_branch_dag.py
[2026-06-18T17:39:06.719+0000] {processor.py:840} INFO - DAG(s) 'example_nested_branch_dag' retrieved from /home/airflow/.local/lib/python3.8/site-packages/airflow/example_dags/example_nested_branch_dag.py
[2026-06-18T17:39:06.768+0000] {logging_mixin.py:188} INFO - [2026-06-18T17:39:06.768+0000] {dag.py:3036} INFO - Sync 1 DAGs
[2026-06-18T17:39:06.809+0000] {logging_mixin.py:188} INFO - [2026-06-18T17:39:06.809+0000] {dag.py:3823} INFO - Setting next_dagrun for example_nested_branch_dag to 2026-06-17 00:00:00+00:00, run_after=2026-06-18 00:00:00+00:00
[2026-06-18T17:39:06.847+0000] {processor.py:183} INFO - Processing /home/airflow/.local/lib/python3.8/site-packages/airflow/example_dags/example_nested_branch_dag.py took 0.161 seconds
[2026-06-18T17:39:36.984+0000] {processor.py:161} INFO - Started process (PID=6506) to work on /home/airflow/.local/lib/python3.8/site-packages/airflow/example_dags/example_nested_branch_dag.py
[2026-06-18T17:39:36.986+0000] {processor.py:830} INFO - Processing file /home/airflow/.local/lib/python3.8/site-packages/airflow/example_dags/example_nested_branch_dag.py for tasks to queue
[2026-06-18T17:39:36.988+0000] {logging_mixin.py:188} INFO - [2026-06-18T17:39:36.988+0000] {dagbag.py:538} INFO - Filling up the DagBag from /home/airflow/.local/lib/python3.8/site-packages/airflow/example_dags/example_nested_branch_dag.py
[2026-06-18T17:39:37.008+0000] {processor.py:840} INFO - DAG(s) 'example_nested_branch_dag' retrieved from /home/airflow/.local/lib/python3.8/site-packages/airflow/example_dags/example_nested_branch_dag.py
[2026-06-18T17:39:37.053+0000] {logging_mixin.py:188} INFO - [2026-06-18T17:39:37.053+0000] {dag.py:3036} INFO - Sync 1 DAGs
[2026-06-18T17:39:37.099+0000] {logging_mixin.py:188} INFO - [2026-06-18T17:39:37.098+0000] {dag.py:3823} INFO - Setting next_dagrun for example_nested_branch_dag to 2026-06-17 00:00:00+00:00, run_after=2026-06-18 00:00:00+00:00
[2026-06-18T17:39:37.151+0000] {processor.py:183} INFO - Processing /home/airflow/.local/lib/python3.8/site-packages/airflow/example_dags/example_nested_branch_dag.py took 0.172 seconds
[2026-06-18T17:40:07.860+0000] {processor.py:161} INFO - Started process (PID=6572) to work on /home/airflow/.local/lib/python3.8/site-packages/airflow/example_dags/example_nested_branch_dag.py
[2026-06-18T17:40:07.861+0000] {processor.py:830} INFO - Processing file /home/airflow/.local/lib/python3.8/site-packages/airflow/example_dags/example_nested_branch_dag.py for tasks to queue
[2026-06-18T17:40:07.864+0000] {logging_mixin.py:188} INFO - [2026-06-18T17:40:07.864+0000] {dagbag.py:538} INFO - Filling up the DagBag from /home/airflow/.local/lib/python3.8/site-packages/airflow/example_dags/example_nested_branch_dag.py
[2026-06-18T17:40:07.885+0000] {processor.py:840} INFO - DAG(s) 'example_nested_branch_dag' retrieved from /home/airflow/.local/lib/python3.8/site-packages/airflow/example_dags/example_nested_branch_dag.py
[2026-06-18T17:40:07.932+0000] {logging_mixin.py:188} INFO - [2026-06-18T17:40:07.932+0000] {dag.py:3036} INFO - Sync 1 DAGs
[2026-06-18T17:40:07.980+0000] {logging_mixin.py:188} INFO - [2026-06-18T17:40:07.980+0000] {dag.py:3823} INFO - Setting next_dagrun for example_nested_branch_dag to 2026-06-17 00:00:00+00:00, run_after=2026-06-18 00:00:00+00:00
[2026-06-18T17:40:08.013+0000] {processor.py:183} INFO - Processing /home/airflow/.local/lib/python3.8/site-packages/airflow/example_dags/example_nested_branch_dag.py took 0.161 seconds
[2026-06-18T17:40:38.081+0000] {processor.py:161} INFO - Started process (PID=6638) to work on /home/airflow/.local/lib/python3.8/site-packages/airflow/example_dags/example_nested_branch_dag.py
[2026-06-18T17:40:38.084+0000] {processor.py:830} INFO - Processing file /home/airflow/.local/lib/python3.8/site-packages/airflow/example_dags/example_nested_branch_dag.py for tasks to queue
[2026-06-18T17:40:38.087+0000] {logging_mixin.py:188} INFO - [2026-06-18T17:40:38.087+0000] {dagbag.py:538} INFO - Filling up the DagBag from /home/airflow/.local/lib/python3.8/site-packages/airflow/example_dags/example_nested_branch_dag.py
[2026-06-18T17:40:38.106+0000] {processor.py:840} INFO - DAG(s) 'example_nested_branch_dag' retrieved from /home/airflow/.local/lib/python3.8/site-packages/airflow/example_dags/example_nested_branch_dag.py
[2026-06-18T17:40:38.149+0000] {logging_mixin.py:188} INFO - [2026-06-18T17:40:38.148+0000] {dag.py:3036} INFO - Sync 1 DAGs
[2026-06-18T17:40:38.194+0000] {logging_mixin.py:188} INFO - [2026-06-18T17:40:38.194+0000] {dag.py:3823} INFO - Setting next_dagrun for example_nested_branch_dag to 2026-06-17 00:00:00+00:00, run_after=2026-06-18 00:00:00+00:00
[2026-06-18T17:40:38.227+0000] {processor.py:183} INFO - Processing /home/airflow/.local/lib/python3.8/site-packages/airflow/example_dags/example_nested_branch_dag.py took 0.152 seconds
[2026-06-18T17:41:08.442+0000] {processor.py:161} INFO - Started process (PID=6704) to work on /home/airflow/.local/lib/python3.8/site-packages/airflow/example_dags/example_nested_branch_dag.py
[2026-06-18T17:41:08.444+0000] {processor.py:830} INFO - Processing file /home/airflow/.local/lib/python3.8/site-packages/airflow/example_dags/example_nested_branch_dag.py for tasks to queue
[2026-06-18T17:41:08.446+0000] {logging_mixin.py:188} INFO - [2026-06-18T17:41:08.446+0000] {dagbag.py:538} INFO - Filling up the DagBag from /home/airflow/.local/lib/python3.8/site-packages/airflow/example_dags/example_nested_branch_dag.py
[2026-06-18T17:41:08.463+0000] {processor.py:840} INFO - DAG(s) 'example_nested_branch_dag' retrieved from /home/airflow/.local/lib/python3.8/site-packages/airflow/example_dags/example_nested_branch_dag.py
[2026-06-18T17:41:08.503+0000] {logging_mixin.py:188} INFO - [2026-06-18T17:41:08.503+0000] {dag.py:3036} INFO - Sync 1 DAGs
[2026-06-18T17:41:08.549+0000] {logging_mixin.py:188} INFO - [2026-06-18T17:41:08.549+0000] {dag.py:3823} INFO - Setting next_dagrun for example_nested_branch_dag to 2026-06-17 00:00:00+00:00, run_after=2026-06-18 00:00:00+00:00
[2026-06-18T17:41:08.579+0000] {processor.py:183} INFO - Processing /home/airflow/.local/lib/python3.8/site-packages/airflow/example_dags/example_nested_branch_dag.py took 0.143 seconds
[2026-06-18T17:41:38.780+0000] {processor.py:161} INFO - Started process (PID=6768) to work on /home/airflow/.local/lib/python3.8/site-packages/airflow/example_dags/example_nested_branch_dag.py
[2026-06-18T17:41:38.782+0000] {processor.py:830} INFO - Processing file /home/airflow/.local/lib/python3.8/site-packages/airflow/example_dags/example_nested_branch_dag.py for tasks to queue
[2026-06-18T17:41:38.785+0000] {logging_mixin.py:188} INFO - [2026-06-18T17:41:38.784+0000] {dagbag.py:538} INFO - Filling up the DagBag from /home/airflow/.local/lib/python3.8/site-packages/airflow/example_dags/example_nested_branch_dag.py
[2026-06-18T17:41:38.804+0000] {processor.py:840} INFO - DAG(s) 'example_nested_branch_dag' retrieved from /home/airflow/.local/lib/python3.8/site-packages/airflow/example_dags/example_nested_branch_dag.py
[2026-06-18T17:41:38.844+0000] {logging_mixin.py:188} INFO - [2026-06-18T17:41:38.843+0000] {dag.py:3036} INFO - Sync 1 DAGs
[2026-06-18T17:41:38.887+0000] {logging_mixin.py:188} INFO - [2026-06-18T17:41:38.887+0000] {dag.py:3823} INFO - Setting next_dagrun for example_nested_branch_dag to 2026-06-17 00:00:00+00:00, run_after=2026-06-18 00:00:00+00:00
[2026-06-18T17:41:38.919+0000] {processor.py:183} INFO - Processing /home/airflow/.local/lib/python3.8/site-packages/airflow/example_dags/example_nested_branch_dag.py took 0.145 seconds
[2026-06-18T17:42:09.689+0000] {processor.py:161} INFO - Started process (PID=6834) to work on /home/airflow/.local/lib/python3.8/site-packages/airflow/example_dags/example_nested_branch_dag.py
[2026-06-18T17:42:09.691+0000] {processor.py:830} INFO - Processing file /home/airflow/.local/lib/python3.8/site-packages/airflow/example_dags/example_nested_branch_dag.py for tasks to queue
[2026-06-18T17:42:09.694+0000] {logging_mixin.py:188} INFO - [2026-06-18T17:42:09.694+0000] {dagbag.py:538} INFO - Filling up the DagBag from /home/airflow/.local/lib/python3.8/site-packages/airflow/example_dags/example_nested_branch_dag.py
[2026-06-18T17:42:09.714+0000] {processor.py:840} INFO - DAG(s) 'example_nested_branch_dag' retrieved from /home/airflow/.local/lib/python3.8/site-packages/airflow/example_dags/example_nested_branch_dag.py
[2026-06-18T17:42:09.756+0000] {logging_mixin.py:188} INFO - [2026-06-18T17:42:09.756+0000] {dag.py:3036} INFO - Sync 1 DAGs
[2026-06-18T17:42:09.800+0000] {logging_mixin.py:188} INFO - [2026-06-18T17:42:09.800+0000] {dag.py:3823} INFO - Setting next_dagrun for example_nested_branch_dag to 2026-06-17 00:00:00+00:00, run_after=2026-06-18 00:00:00+00:00
[2026-06-18T17:42:09.840+0000] {processor.py:183} INFO - Processing /home/airflow/.local/lib/python3.8/site-packages/airflow/example_dags/example_nested_branch_dag.py took 0.156 seconds
[2026-06-18T17:42:40.256+0000] {processor.py:161} INFO - Started process (PID=6908) to work on /home/airflow/.local/lib/python3.8/site-packages/airflow/example_dags/example_nested_branch_dag.py
[2026-06-18T17:42:40.258+0000] {processor.py:830} INFO - Processing file /home/airflow/.local/lib/python3.8/site-packages/airflow/example_dags/example_nested_branch_dag.py for tasks to queue
[2026-06-18T17:42:40.261+0000] {logging_mixin.py:188} INFO - [2026-06-18T17:42:40.260+0000] {dagbag.py:538} INFO - Filling up the DagBag from /home/airflow/.local/lib/python3.8/site-packages/airflow/example_dags/example_nested_branch_dag.py
[2026-06-18T17:42:40.280+0000] {processor.py:840} INFO - DAG(s) 'example_nested_branch_dag' retrieved from /home/airflow/.local/lib/python3.8/site-packages/airflow/example_dags/example_nested_branch_dag.py
[2026-06-18T17:42:40.320+0000] {logging_mixin.py:188} INFO - [2026-06-18T17:42:40.320+0000] {dag.py:3036} INFO - Sync 1 DAGs
[2026-06-18T17:42:40.366+0000] {logging_mixin.py:188} INFO - [2026-06-18T17:42:40.365+0000] {dag.py:3823} INFO - Setting next_dagrun for example_nested_branch_dag to 2026-06-17 00:00:00+00:00, run_after=2026-06-18 00:00:00+00:00
[2026-06-18T17:42:40.401+0000] {processor.py:183} INFO - Processing /home/airflow/.local/lib/python3.8/site-packages/airflow/example_dags/example_nested_branch_dag.py took 0.152 seconds
[2026-06-18T17:43:10.897+0000] {processor.py:161} INFO - Started process (PID=6975) to work on /home/airflow/.local/lib/python3.8/site-packages/airflow/example_dags/example_nested_branch_dag.py
[2026-06-18T17:43:10.900+0000] {processor.py:830} INFO - Processing file /home/airflow/.local/lib/python3.8/site-packages/airflow/example_dags/example_nested_branch_dag.py for tasks to queue
[2026-06-18T17:43:10.904+0000] {logging_mixin.py:188} INFO - [2026-06-18T17:43:10.903+0000] {dagbag.py:538} INFO - Filling up the DagBag from /home/airflow/.local/lib/python3.8/site-packages/airflow/example_dags/example_nested_branch_dag.py
[2026-06-18T17:43:10.925+0000] {processor.py:840} INFO - DAG(s) 'example_nested_branch_dag' retrieved from /home/airflow/.local/lib/python3.8/site-packages/airflow/example_dags/example_nested_branch_dag.py
[2026-06-18T17:43:10.973+0000] {logging_mixin.py:188} INFO - [2026-06-18T17:43:10.973+0000] {dag.py:3036} INFO - Sync 1 DAGs
[2026-06-18T17:43:11.018+0000] {logging_mixin.py:188} INFO - [2026-06-18T17:43:11.017+0000] {dag.py:3823} INFO - Setting next_dagrun for example_nested_branch_dag to 2026-06-17 00:00:00+00:00, run_after=2026-06-18 00:00:00+00:00
[2026-06-18T17:43:11.055+0000] {processor.py:183} INFO - Processing /home/airflow/.local/lib/python3.8/site-packages/airflow/example_dags/example_nested_branch_dag.py took 0.163 seconds
[2026-06-18T17:43:41.225+0000] {processor.py:161} INFO - Started process (PID=7040) to work on /home/airflow/.local/lib/python3.8/site-packages/airflow/example_dags/example_nested_branch_dag.py
[2026-06-18T17:43:41.226+0000] {processor.py:830} INFO - Processing file /home/airflow/.local/lib/python3.8/site-packages/airflow/example_dags/example_nested_branch_dag.py for tasks to queue
[2026-06-18T17:43:41.230+0000] {logging_mixin.py:188} INFO - [2026-06-18T17:43:41.229+0000] {dagbag.py:538} INFO - Filling up the DagBag from /home/airflow/.local/lib/python3.8/site-packages/airflow/example_dags/example_nested_branch_dag.py
[2026-06-18T17:43:41.254+0000] {processor.py:840} INFO - DAG(s) 'example_nested_branch_dag' retrieved from /home/airflow/.local/lib/python3.8/site-packages/airflow/example_dags/example_nested_branch_dag.py
[2026-06-18T17:43:41.300+0000] {logging_mixin.py:188} INFO - [2026-06-18T17:43:41.299+0000] {dag.py:3036} INFO - Sync 1 DAGs
[2026-06-18T17:43:41.345+0000] {logging_mixin.py:188} INFO - [2026-06-18T17:43:41.345+0000] {dag.py:3823} INFO - Setting next_dagrun for example_nested_branch_dag to 2026-06-17 00:00:00+00:00, run_after=2026-06-18 00:00:00+00:00
[2026-06-18T17:43:41.382+0000] {processor.py:183} INFO - Processing /home/airflow/.local/lib/python3.8/site-packages/airflow/example_dags/example_nested_branch_dag.py took 0.163 seconds
[2026-06-18T17:44:11.444+0000] {processor.py:161} INFO - Started process (PID=7106) to work on /home/airflow/.local/lib/python3.8/site-packages/airflow/example_dags/example_nested_branch_dag.py
[2026-06-18T17:44:11.446+0000] {processor.py:830} INFO - Processing file /home/airflow/.local/lib/python3.8/site-packages/airflow/example_dags/example_nested_branch_dag.py for tasks to queue
[2026-06-18T17:44:11.450+0000] {logging_mixin.py:188} INFO - [2026-06-18T17:44:11.449+0000] {dagbag.py:538} INFO - Filling up the DagBag from /home/airflow/.local/lib/python3.8/site-packages/airflow/example_dags/example_nested_branch_dag.py
[2026-06-18T17:44:11.470+0000] {processor.py:840} INFO - DAG(s) 'example_nested_branch_dag' retrieved from /home/airflow/.local/lib/python3.8/site-packages/airflow/example_dags/example_nested_branch_dag.py
[2026-06-18T17:44:11.521+0000] {logging_mixin.py:188} INFO - [2026-06-18T17:44:11.521+0000] {dag.py:3036} INFO - Sync 1 DAGs
[2026-06-18T17:44:11.568+0000] {logging_mixin.py:188} INFO - [2026-06-18T17:44:11.568+0000] {dag.py:3823} INFO - Setting next_dagrun for example_nested_branch_dag to 2026-06-17 00:00:00+00:00, run_after=2026-06-18 00:00:00+00:00
[2026-06-18T17:44:11.601+0000] {processor.py:183} INFO - Processing /home/airflow/.local/lib/python3.8/site-packages/airflow/example_dags/example_nested_branch_dag.py took 0.163 seconds
[2026-06-18T17:44:42.234+0000] {processor.py:161} INFO - Started process (PID=7172) to work on /home/airflow/.local/lib/python3.8/site-packages/airflow/example_dags/example_nested_branch_dag.py
[2026-06-18T17:44:42.236+0000] {processor.py:830} INFO - Processing file /home/airflow/.local/lib/python3.8/site-packages/airflow/example_dags/example_nested_branch_dag.py for tasks to queue
[2026-06-18T17:44:42.241+0000] {logging_mixin.py:188} INFO - [2026-06-18T17:44:42.240+0000] {dagbag.py:538} INFO - Filling up the DagBag from /home/airflow/.local/lib/python3.8/site-packages/airflow/example_dags/example_nested_branch_dag.py
[2026-06-18T17:44:42.262+0000] {processor.py:840} INFO - DAG(s) 'example_nested_branch_dag' retrieved from /home/airflow/.local/lib/python3.8/site-packages/airflow/example_dags/example_nested_branch_dag.py
[2026-06-18T17:44:42.310+0000] {logging_mixin.py:188} INFO - [2026-06-18T17:44:42.309+0000] {dag.py:3036} INFO - Sync 1 DAGs
[2026-06-18T17:44:42.359+0000] {logging_mixin.py:188} INFO - [2026-06-18T17:44:42.359+0000] {dag.py:3823} INFO - Setting next_dagrun for example_nested_branch_dag to 2026-06-17 00:00:00+00:00, run_after=2026-06-18 00:00:00+00:00
[2026-06-18T17:44:42.394+0000] {processor.py:183} INFO - Processing /home/airflow/.local/lib/python3.8/site-packages/airflow/example_dags/example_nested_branch_dag.py took 0.166 seconds
[2026-06-18T17:45:13.025+0000] {processor.py:161} INFO - Started process (PID=7238) to work on /home/airflow/.local/lib/python3.8/site-packages/airflow/example_dags/example_nested_branch_dag.py
[2026-06-18T17:45:13.027+0000] {processor.py:830} INFO - Processing file /home/airflow/.local/lib/python3.8/site-packages/airflow/example_dags/example_nested_branch_dag.py for tasks to queue
[2026-06-18T17:45:13.030+0000] {logging_mixin.py:188} INFO - [2026-06-18T17:45:13.029+0000] {dagbag.py:538} INFO - Filling up the DagBag from /home/airflow/.local/lib/python3.8/site-packages/airflow/example_dags/example_nested_branch_dag.py
[2026-06-18T17:45:13.049+0000] {processor.py:840} INFO - DAG(s) 'example_nested_branch_dag' retrieved from /home/airflow/.local/lib/python3.8/site-packages/airflow/example_dags/example_nested_branch_dag.py
[2026-06-18T17:45:13.095+0000] {logging_mixin.py:188} INFO - [2026-06-18T17:45:13.095+0000] {dag.py:3036} INFO - Sync 1 DAGs
[2026-06-18T17:45:13.144+0000] {logging_mixin.py:188} INFO - [2026-06-18T17:45:13.144+0000] {dag.py:3823} INFO - Setting next_dagrun for example_nested_branch_dag to 2026-06-17 00:00:00+00:00, run_after=2026-06-18 00:00:00+00:00
[2026-06-18T17:45:13.179+0000] {processor.py:183} INFO - Processing /home/airflow/.local/lib/python3.8/site-packages/airflow/example_dags/example_nested_branch_dag.py took 0.160 seconds
[2026-06-18T17:45:43.915+0000] {processor.py:161} INFO - Started process (PID=7304) to work on /home/airflow/.local/lib/python3.8/site-packages/airflow/example_dags/example_nested_branch_dag.py
[2026-06-18T17:45:43.917+0000] {processor.py:830} INFO - Processing file /home/airflow/.local/lib/python3.8/site-packages/airflow/example_dags/example_nested_branch_dag.py for tasks to queue
[2026-06-18T17:45:43.919+0000] {logging_mixin.py:188} INFO - [2026-06-18T17:45:43.919+0000] {dagbag.py:538} INFO - Filling up the DagBag from /home/airflow/.local/lib/python3.8/site-packages/airflow/example_dags/example_nested_branch_dag.py
[2026-06-18T17:45:43.937+0000] {processor.py:840} INFO - DAG(s) 'example_nested_branch_dag' retrieved from /home/airflow/.local/lib/python3.8/site-packages/airflow/example_dags/example_nested_branch_dag.py
[2026-06-18T17:45:43.983+0000] {logging_mixin.py:188} INFO - [2026-06-18T17:45:43.982+0000] {dag.py:3036} INFO - Sync 1 DAGs
[2026-06-18T17:45:44.038+0000] {logging_mixin.py:188} INFO - [2026-06-18T17:45:44.038+0000] {dag.py:3823} INFO - Setting next_dagrun for example_nested_branch_dag to 2026-06-17 00:00:00+00:00, run_after=2026-06-18 00:00:00+00:00
[2026-06-18T17:45:44.070+0000] {processor.py:183} INFO - Processing /home/airflow/.local/lib/python3.8/site-packages/airflow/example_dags/example_nested_branch_dag.py took 0.160 seconds
[2026-06-18T17:46:14.792+0000] {processor.py:161} INFO - Started process (PID=7370) to work on /home/airflow/.local/lib/python3.8/site-packages/airflow/example_dags/example_nested_branch_dag.py
[2026-06-18T17:46:14.794+0000] {processor.py:830} INFO - Processing file /home/airflow/.local/lib/python3.8/site-packages/airflow/example_dags/example_nested_branch_dag.py for tasks to queue
[2026-06-18T17:46:14.797+0000] {logging_mixin.py:188} INFO - [2026-06-18T17:46:14.796+0000] {dagbag.py:538} INFO - Filling up the DagBag from /home/airflow/.local/lib/python3.8/site-packages/airflow/example_dags/example_nested_branch_dag.py
[2026-06-18T17:46:14.816+0000] {processor.py:840} INFO - DAG(s) 'example_nested_branch_dag' retrieved from /home/airflow/.local/lib/python3.8/site-packages/airflow/example_dags/example_nested_branch_dag.py
[2026-06-18T17:46:14.860+0000] {logging_mixin.py:188} INFO - [2026-06-18T17:46:14.860+0000] {dag.py:3036} INFO - Sync 1 DAGs
[2026-06-18T17:46:14.905+0000] {logging_mixin.py:188} INFO - [2026-06-18T17:46:14.905+0000] {dag.py:3823} INFO - Setting next_dagrun for example_nested_branch_dag to 2026-06-17 00:00:00+00:00, run_after=2026-06-18 00:00:00+00:00
[2026-06-18T17:46:14.943+0000] {processor.py:183} INFO - Processing /home/airflow/.local/lib/python3.8/site-packages/airflow/example_dags/example_nested_branch_dag.py took 0.158 seconds
[2026-06-18T17:46:45.300+0000] {processor.py:161} INFO - Started process (PID=7437) to work on /home/airflow/.local/lib/python3.8/site-packages/airflow/example_dags/example_nested_branch_dag.py
[2026-06-18T17:46:45.302+0000] {processor.py:830} INFO - Processing file /home/airflow/.local/lib/python3.8/site-packages/airflow/example_dags/example_nested_branch_dag.py for tasks to queue
[2026-06-18T17:46:45.306+0000] {logging_mixin.py:188} INFO - [2026-06-18T17:46:45.305+0000] {dagbag.py:538} INFO - Filling up the DagBag from /home/airflow/.local/lib/python3.8/site-packages/airflow/example_dags/example_nested_branch_dag.py
[2026-06-18T17:46:45.327+0000] {processor.py:840} INFO - DAG(s) 'example_nested_branch_dag' retrieved from /home/airflow/.local/lib/python3.8/site-packages/airflow/example_dags/example_nested_branch_dag.py
[2026-06-18T17:46:45.374+0000] {logging_mixin.py:188} INFO - [2026-06-18T17:46:45.373+0000] {dag.py:3036} INFO - Sync 1 DAGs
[2026-06-18T17:46:45.421+0000] {logging_mixin.py:188} INFO - [2026-06-18T17:46:45.421+0000] {dag.py:3823} INFO - Setting next_dagrun for example_nested_branch_dag to 2026-06-17 00:00:00+00:00, run_after=2026-06-18 00:00:00+00:00
[2026-06-18T17:46:45.455+0000] {processor.py:183} INFO - Processing /home/airflow/.local/lib/python3.8/site-packages/airflow/example_dags/example_nested_branch_dag.py took 0.161 seconds
[2026-06-18T17:47:16.093+0000] {processor.py:161} INFO - Started process (PID=7503) to work on /home/airflow/.local/lib/python3.8/site-packages/airflow/example_dags/example_nested_branch_dag.py
[2026-06-18T17:47:16.096+0000] {processor.py:830} INFO - Processing file /home/airflow/.local/lib/python3.8/site-packages/airflow/example_dags/example_nested_branch_dag.py for tasks to queue
[2026-06-18T17:47:16.100+0000] {logging_mixin.py:188} INFO - [2026-06-18T17:47:16.099+0000] {dagbag.py:538} INFO - Filling up the DagBag from /home/airflow/.local/lib/python3.8/site-packages/airflow/example_dags/example_nested_branch_dag.py
[2026-06-18T17:47:16.119+0000] {processor.py:840} INFO - DAG(s) 'example_nested_branch_dag' retrieved from /home/airflow/.local/lib/python3.8/site-packages/airflow/example_dags/example_nested_branch_dag.py
[2026-06-18T17:47:16.170+0000] {logging_mixin.py:188} INFO - [2026-06-18T17:47:16.170+0000] {dag.py:3036} INFO - Sync 1 DAGs
[2026-06-18T17:47:16.221+0000] {logging_mixin.py:188} INFO - [2026-06-18T17:47:16.221+0000] {dag.py:3823} INFO - Setting next_dagrun for example_nested_branch_dag to 2026-06-17 00:00:00+00:00, run_after=2026-06-18 00:00:00+00:00
[2026-06-18T17:47:16.258+0000] {processor.py:183} INFO - Processing /home/airflow/.local/lib/python3.8/site-packages/airflow/example_dags/example_nested_branch_dag.py took 0.171 seconds
[2026-06-18T17:47:46.338+0000] {processor.py:161} INFO - Started process (PID=7570) to work on /home/airflow/.local/lib/python3.8/site-packages/airflow/example_dags/example_nested_branch_dag.py
[2026-06-18T17:47:46.339+0000] {processor.py:830} INFO - Processing file /home/airflow/.local/lib/python3.8/site-packages/airflow/example_dags/example_nested_branch_dag.py for tasks to queue
[2026-06-18T17:47:46.342+0000] {logging_mixin.py:188} INFO - [2026-06-18T17:47:46.342+0000] {dagbag.py:538} INFO - Filling up the DagBag from /home/airflow/.local/lib/python3.8/site-packages/airflow/example_dags/example_nested_branch_dag.py
[2026-06-18T17:47:46.360+0000] {processor.py:840} INFO - DAG(s) 'example_nested_branch_dag' retrieved from /home/airflow/.local/lib/python3.8/site-packages/airflow/example_dags/example_nested_branch_dag.py
[2026-06-18T17:47:46.408+0000] {logging_mixin.py:188} INFO - [2026-06-18T17:47:46.408+0000] {dag.py:3036} INFO - Sync 1 DAGs
[2026-06-18T17:47:46.454+0000] {logging_mixin.py:188} INFO - [2026-06-18T17:47:46.453+0000] {dag.py:3823} INFO - Setting next_dagrun for example_nested_branch_dag to 2026-06-17 00:00:00+00:00, run_after=2026-06-18 00:00:00+00:00
[2026-06-18T17:47:46.491+0000] {processor.py:183} INFO - Processing /home/airflow/.local/lib/python3.8/site-packages/airflow/example_dags/example_nested_branch_dag.py took 0.159 seconds
[2026-06-18T17:48:17.205+0000] {processor.py:161} INFO - Started process (PID=7635) to work on /home/airflow/.local/lib/python3.8/site-packages/airflow/example_dags/example_nested_branch_dag.py
[2026-06-18T17:48:17.207+0000] {processor.py:830} INFO - Processing file /home/airflow/.local/lib/python3.8/site-packages/airflow/example_dags/example_nested_branch_dag.py for tasks to queue
[2026-06-18T17:48:17.209+0000] {logging_mixin.py:188} INFO - [2026-06-18T17:48:17.208+0000] {dagbag.py:538} INFO - Filling up the DagBag from /home/airflow/.local/lib/python3.8/site-packages/airflow/example_dags/example_nested_branch_dag.py
[2026-06-18T17:48:17.227+0000] {processor.py:840} INFO - DAG(s) 'example_nested_branch_dag' retrieved from /home/airflow/.local/lib/python3.8/site-packages/airflow/example_dags/example_nested_branch_dag.py
[2026-06-18T17:48:17.274+0000] {logging_mixin.py:188} INFO - [2026-06-18T17:48:17.273+0000] {dag.py:3036} INFO - Sync 1 DAGs
[2026-06-18T17:48:17.315+0000] {logging_mixin.py:188} INFO - [2026-06-18T17:48:17.315+0000] {dag.py:3823} INFO - Setting next_dagrun for example_nested_branch_dag to 2026-06-17 00:00:00+00:00, run_after=2026-06-18 00:00:00+00:00
[2026-06-18T17:48:17.369+0000] {processor.py:183} INFO - Processing /home/airflow/.local/lib/python3.8/site-packages/airflow/example_dags/example_nested_branch_dag.py took 0.170 seconds
[2026-06-18T17:48:47.721+0000] {processor.py:161} INFO - Started process (PID=7701) to work on /home/airflow/.local/lib/python3.8/site-packages/airflow/example_dags/example_nested_branch_dag.py
[2026-06-18T17:48:47.723+0000] {processor.py:830} INFO - Processing file /home/airflow/.local/lib/python3.8/site-packages/airflow/example_dags/example_nested_branch_dag.py for tasks to queue
[2026-06-18T17:48:47.726+0000] {logging_mixin.py:188} INFO - [2026-06-18T17:48:47.726+0000] {dagbag.py:538} INFO - Filling up the DagBag from /home/airflow/.local/lib/python3.8/site-packages/airflow/example_dags/example_nested_branch_dag.py
[2026-06-18T17:48:47.748+0000] {processor.py:840} INFO - DAG(s) 'example_nested_branch_dag' retrieved from /home/airflow/.local/lib/python3.8/site-packages/airflow/example_dags/example_nested_branch_dag.py
[2026-06-18T17:48:47.798+0000] {logging_mixin.py:188} INFO - [2026-06-18T17:48:47.798+0000] {dag.py:3036} INFO - Sync 1 DAGs
[2026-06-18T17:48:47.850+0000] {logging_mixin.py:188} INFO - [2026-06-18T17:48:47.850+0000] {dag.py:3823} INFO - Setting next_dagrun for example_nested_branch_dag to 2026-06-17 00:00:00+00:00, run_after=2026-06-18 00:00:00+00:00
[2026-06-18T17:48:47.898+0000] {processor.py:183} INFO - Processing /home/airflow/.local/lib/python3.8/site-packages/airflow/example_dags/example_nested_branch_dag.py took 0.183 seconds
[2026-06-18T17:49:18.064+0000] {processor.py:161} INFO - Started process (PID=7768) to work on /home/airflow/.local/lib/python3.8/site-packages/airflow/example_dags/example_nested_branch_dag.py
[2026-06-18T17:49:18.066+0000] {processor.py:830} INFO - Processing file /home/airflow/.local/lib/python3.8/site-packages/airflow/example_dags/example_nested_branch_dag.py for tasks to queue
[2026-06-18T17:49:18.069+0000] {logging_mixin.py:188} INFO - [2026-06-18T17:49:18.069+0000] {dagbag.py:538} INFO - Filling up the DagBag from /home/airflow/.local/lib/python3.8/site-packages/airflow/example_dags/example_nested_branch_dag.py
[2026-06-18T17:49:18.091+0000] {processor.py:840} INFO - DAG(s) 'example_nested_branch_dag' retrieved from /home/airflow/.local/lib/python3.8/site-packages/airflow/example_dags/example_nested_branch_dag.py
[2026-06-18T17:49:18.163+0000] {logging_mixin.py:188} INFO - [2026-06-18T17:49:18.163+0000] {dag.py:3036} INFO - Sync 1 DAGs
[2026-06-18T17:49:18.228+0000] {logging_mixin.py:188} INFO - [2026-06-18T17:49:18.227+0000] {dag.py:3823} INFO - Setting next_dagrun for example_nested_branch_dag to 2026-06-17 00:00:00+00:00, run_after=2026-06-18 00:00:00+00:00
[2026-06-18T17:49:18.264+0000] {processor.py:183} INFO - Processing /home/airflow/.local/lib/python3.8/site-packages/airflow/example_dags/example_nested_branch_dag.py took 0.205 seconds
