[2026-06-18T16:50:14.374+0000] {processor.py:161} INFO - Started process (PID=58) to work on /home/airflow/.local/lib/python3.8/site-packages/airflow/example_dags/example_dynamic_task_mapping_with_no_taskflow_operators.py
[2026-06-18T16:50:14.375+0000] {processor.py:830} INFO - Processing file /home/airflow/.local/lib/python3.8/site-packages/airflow/example_dags/example_dynamic_task_mapping_with_no_taskflow_operators.py for tasks to queue
[2026-06-18T16:50:14.378+0000] {logging_mixin.py:188} INFO - [2026-06-18T16:50:14.377+0000] {dagbag.py:538} INFO - Filling up the DagBag from /home/airflow/.local/lib/python3.8/site-packages/airflow/example_dags/example_dynamic_task_mapping_with_no_taskflow_operators.py
[2026-06-18T16:50:14.420+0000] {processor.py:840} INFO - DAG(s) 'example_dynamic_task_mapping_with_no_taskflow_operators' retrieved from /home/airflow/.local/lib/python3.8/site-packages/airflow/example_dags/example_dynamic_task_mapping_with_no_taskflow_operators.py
[2026-06-18T16:50:14.518+0000] {logging_mixin.py:188} INFO - [2026-06-18T16:50:14.517+0000] {dag.py:3036} INFO - Sync 1 DAGs
[2026-06-18T16:50:14.563+0000] {logging_mixin.py:188} INFO - [2026-06-18T16:50:14.563+0000] {dag.py:3823} INFO - Setting next_dagrun for example_dynamic_task_mapping_with_no_taskflow_operators to 2026-06-17 00:00:00+00:00, run_after=2026-06-18 00:00:00+00:00
[2026-06-18T16:50:14.632+0000] {processor.py:183} INFO - Processing /home/airflow/.local/lib/python3.8/site-packages/airflow/example_dags/example_dynamic_task_mapping_with_no_taskflow_operators.py took 0.276 seconds
[2026-06-18T16:50:44.822+0000] {processor.py:161} INFO - Started process (PID=124) to work on /home/airflow/.local/lib/python3.8/site-packages/airflow/example_dags/example_dynamic_task_mapping_with_no_taskflow_operators.py
[2026-06-18T16:50:44.824+0000] {processor.py:830} INFO - Processing file /home/airflow/.local/lib/python3.8/site-packages/airflow/example_dags/example_dynamic_task_mapping_with_no_taskflow_operators.py for tasks to queue
[2026-06-18T16:50:44.827+0000] {logging_mixin.py:188} INFO - [2026-06-18T16:50:44.826+0000] {dagbag.py:538} INFO - Filling up the DagBag from /home/airflow/.local/lib/python3.8/site-packages/airflow/example_dags/example_dynamic_task_mapping_with_no_taskflow_operators.py
[2026-06-18T16:50:44.838+0000] {processor.py:840} INFO - DAG(s) 'example_dynamic_task_mapping_with_no_taskflow_operators' retrieved from /home/airflow/.local/lib/python3.8/site-packages/airflow/example_dags/example_dynamic_task_mapping_with_no_taskflow_operators.py
[2026-06-18T16:50:44.879+0000] {logging_mixin.py:188} INFO - [2026-06-18T16:50:44.878+0000] {dag.py:3036} INFO - Sync 1 DAGs
[2026-06-18T16:50:44.935+0000] {logging_mixin.py:188} INFO - [2026-06-18T16:50:44.934+0000] {dag.py:3823} INFO - Setting next_dagrun for example_dynamic_task_mapping_with_no_taskflow_operators to 2026-06-17 00:00:00+00:00, run_after=2026-06-18 00:00:00+00:00
[2026-06-18T16:50:44.968+0000] {processor.py:183} INFO - Processing /home/airflow/.local/lib/python3.8/site-packages/airflow/example_dags/example_dynamic_task_mapping_with_no_taskflow_operators.py took 0.152 seconds
[2026-06-18T16:51:15.624+0000] {processor.py:161} INFO - Started process (PID=191) to work on /home/airflow/.local/lib/python3.8/site-packages/airflow/example_dags/example_dynamic_task_mapping_with_no_taskflow_operators.py
[2026-06-18T16:51:15.627+0000] {processor.py:830} INFO - Processing file /home/airflow/.local/lib/python3.8/site-packages/airflow/example_dags/example_dynamic_task_mapping_with_no_taskflow_operators.py for tasks to queue
[2026-06-18T16:51:15.635+0000] {logging_mixin.py:188} INFO - [2026-06-18T16:51:15.633+0000] {dagbag.py:538} INFO - Filling up the DagBag from /home/airflow/.local/lib/python3.8/site-packages/airflow/example_dags/example_dynamic_task_mapping_with_no_taskflow_operators.py
[2026-06-18T16:51:15.660+0000] {processor.py:840} INFO - DAG(s) 'example_dynamic_task_mapping_with_no_taskflow_operators' retrieved from /home/airflow/.local/lib/python3.8/site-packages/airflow/example_dags/example_dynamic_task_mapping_with_no_taskflow_operators.py
[2026-06-18T16:51:15.712+0000] {logging_mixin.py:188} INFO - [2026-06-18T16:51:15.711+0000] {dag.py:3036} INFO - Sync 1 DAGs
[2026-06-18T16:51:15.756+0000] {logging_mixin.py:188} INFO - [2026-06-18T16:51:15.755+0000] {dag.py:3823} INFO - Setting next_dagrun for example_dynamic_task_mapping_with_no_taskflow_operators to 2026-06-17 00:00:00+00:00, run_after=2026-06-18 00:00:00+00:00
[2026-06-18T16:51:15.807+0000] {processor.py:183} INFO - Processing /home/airflow/.local/lib/python3.8/site-packages/airflow/example_dags/example_dynamic_task_mapping_with_no_taskflow_operators.py took 0.189 seconds
[2026-06-18T16:51:45.904+0000] {processor.py:161} INFO - Started process (PID=257) to work on /home/airflow/.local/lib/python3.8/site-packages/airflow/example_dags/example_dynamic_task_mapping_with_no_taskflow_operators.py
[2026-06-18T16:51:45.905+0000] {processor.py:830} INFO - Processing file /home/airflow/.local/lib/python3.8/site-packages/airflow/example_dags/example_dynamic_task_mapping_with_no_taskflow_operators.py for tasks to queue
[2026-06-18T16:51:45.909+0000] {logging_mixin.py:188} INFO - [2026-06-18T16:51:45.908+0000] {dagbag.py:538} INFO - Filling up the DagBag from /home/airflow/.local/lib/python3.8/site-packages/airflow/example_dags/example_dynamic_task_mapping_with_no_taskflow_operators.py
[2026-06-18T16:51:45.920+0000] {processor.py:840} INFO - DAG(s) 'example_dynamic_task_mapping_with_no_taskflow_operators' retrieved from /home/airflow/.local/lib/python3.8/site-packages/airflow/example_dags/example_dynamic_task_mapping_with_no_taskflow_operators.py
[2026-06-18T16:51:45.963+0000] {logging_mixin.py:188} INFO - [2026-06-18T16:51:45.962+0000] {dag.py:3036} INFO - Sync 1 DAGs
[2026-06-18T16:51:46.006+0000] {logging_mixin.py:188} INFO - [2026-06-18T16:51:46.006+0000] {dag.py:3823} INFO - Setting next_dagrun for example_dynamic_task_mapping_with_no_taskflow_operators to 2026-06-17 00:00:00+00:00, run_after=2026-06-18 00:00:00+00:00
[2026-06-18T16:51:46.045+0000] {processor.py:183} INFO - Processing /home/airflow/.local/lib/python3.8/site-packages/airflow/example_dags/example_dynamic_task_mapping_with_no_taskflow_operators.py took 0.148 seconds
[2026-06-18T16:52:16.992+0000] {processor.py:161} INFO - Started process (PID=323) to work on /home/airflow/.local/lib/python3.8/site-packages/airflow/example_dags/example_dynamic_task_mapping_with_no_taskflow_operators.py
[2026-06-18T16:52:16.996+0000] {processor.py:830} INFO - Processing file /home/airflow/.local/lib/python3.8/site-packages/airflow/example_dags/example_dynamic_task_mapping_with_no_taskflow_operators.py for tasks to queue
[2026-06-18T16:52:17.001+0000] {logging_mixin.py:188} INFO - [2026-06-18T16:52:17.000+0000] {dagbag.py:538} INFO - Filling up the DagBag from /home/airflow/.local/lib/python3.8/site-packages/airflow/example_dags/example_dynamic_task_mapping_with_no_taskflow_operators.py
[2026-06-18T16:52:17.013+0000] {processor.py:840} INFO - DAG(s) 'example_dynamic_task_mapping_with_no_taskflow_operators' retrieved from /home/airflow/.local/lib/python3.8/site-packages/airflow/example_dags/example_dynamic_task_mapping_with_no_taskflow_operators.py
[2026-06-18T16:52:17.048+0000] {logging_mixin.py:188} INFO - [2026-06-18T16:52:17.047+0000] {dag.py:3036} INFO - Sync 1 DAGs
[2026-06-18T16:52:17.087+0000] {logging_mixin.py:188} INFO - [2026-06-18T16:52:17.087+0000] {dag.py:3823} INFO - Setting next_dagrun for example_dynamic_task_mapping_with_no_taskflow_operators to 2026-06-17 00:00:00+00:00, run_after=2026-06-18 00:00:00+00:00
[2026-06-18T16:52:17.115+0000] {processor.py:183} INFO - Processing /home/airflow/.local/lib/python3.8/site-packages/airflow/example_dags/example_dynamic_task_mapping_with_no_taskflow_operators.py took 0.129 seconds
[2026-06-18T16:52:47.571+0000] {processor.py:161} INFO - Started process (PID=391) to work on /home/airflow/.local/lib/python3.8/site-packages/airflow/example_dags/example_dynamic_task_mapping_with_no_taskflow_operators.py
[2026-06-18T16:52:47.572+0000] {processor.py:830} INFO - Processing file /home/airflow/.local/lib/python3.8/site-packages/airflow/example_dags/example_dynamic_task_mapping_with_no_taskflow_operators.py for tasks to queue
[2026-06-18T16:52:47.575+0000] {logging_mixin.py:188} INFO - [2026-06-18T16:52:47.574+0000] {dagbag.py:538} INFO - Filling up the DagBag from /home/airflow/.local/lib/python3.8/site-packages/airflow/example_dags/example_dynamic_task_mapping_with_no_taskflow_operators.py
[2026-06-18T16:52:47.583+0000] {processor.py:840} INFO - DAG(s) 'example_dynamic_task_mapping_with_no_taskflow_operators' retrieved from /home/airflow/.local/lib/python3.8/site-packages/airflow/example_dags/example_dynamic_task_mapping_with_no_taskflow_operators.py
[2026-06-18T16:52:47.614+0000] {logging_mixin.py:188} INFO - [2026-06-18T16:52:47.614+0000] {dag.py:3036} INFO - Sync 1 DAGs
[2026-06-18T16:52:47.647+0000] {logging_mixin.py:188} INFO - [2026-06-18T16:52:47.646+0000] {dag.py:3823} INFO - Setting next_dagrun for example_dynamic_task_mapping_with_no_taskflow_operators to 2026-06-17 00:00:00+00:00, run_after=2026-06-18 00:00:00+00:00
[2026-06-18T16:52:47.672+0000] {processor.py:183} INFO - Processing /home/airflow/.local/lib/python3.8/site-packages/airflow/example_dags/example_dynamic_task_mapping_with_no_taskflow_operators.py took 0.106 seconds
[2026-06-18T16:53:17.760+0000] {processor.py:161} INFO - Started process (PID=457) to work on /home/airflow/.local/lib/python3.8/site-packages/airflow/example_dags/example_dynamic_task_mapping_with_no_taskflow_operators.py
[2026-06-18T16:53:17.761+0000] {processor.py:830} INFO - Processing file /home/airflow/.local/lib/python3.8/site-packages/airflow/example_dags/example_dynamic_task_mapping_with_no_taskflow_operators.py for tasks to queue
[2026-06-18T16:53:17.764+0000] {logging_mixin.py:188} INFO - [2026-06-18T16:53:17.763+0000] {dagbag.py:538} INFO - Filling up the DagBag from /home/airflow/.local/lib/python3.8/site-packages/airflow/example_dags/example_dynamic_task_mapping_with_no_taskflow_operators.py
[2026-06-18T16:53:17.772+0000] {processor.py:840} INFO - DAG(s) 'example_dynamic_task_mapping_with_no_taskflow_operators' retrieved from /home/airflow/.local/lib/python3.8/site-packages/airflow/example_dags/example_dynamic_task_mapping_with_no_taskflow_operators.py
[2026-06-18T16:53:17.803+0000] {logging_mixin.py:188} INFO - [2026-06-18T16:53:17.802+0000] {dag.py:3036} INFO - Sync 1 DAGs
[2026-06-18T16:53:17.835+0000] {logging_mixin.py:188} INFO - [2026-06-18T16:53:17.835+0000] {dag.py:3823} INFO - Setting next_dagrun for example_dynamic_task_mapping_with_no_taskflow_operators to 2026-06-17 00:00:00+00:00, run_after=2026-06-18 00:00:00+00:00
[2026-06-18T16:53:17.859+0000] {processor.py:183} INFO - Processing /home/airflow/.local/lib/python3.8/site-packages/airflow/example_dags/example_dynamic_task_mapping_with_no_taskflow_operators.py took 0.104 seconds
[2026-06-18T16:53:48.124+0000] {processor.py:161} INFO - Started process (PID=524) to work on /home/airflow/.local/lib/python3.8/site-packages/airflow/example_dags/example_dynamic_task_mapping_with_no_taskflow_operators.py
[2026-06-18T16:53:48.126+0000] {processor.py:830} INFO - Processing file /home/airflow/.local/lib/python3.8/site-packages/airflow/example_dags/example_dynamic_task_mapping_with_no_taskflow_operators.py for tasks to queue
[2026-06-18T16:53:48.128+0000] {logging_mixin.py:188} INFO - [2026-06-18T16:53:48.128+0000] {dagbag.py:538} INFO - Filling up the DagBag from /home/airflow/.local/lib/python3.8/site-packages/airflow/example_dags/example_dynamic_task_mapping_with_no_taskflow_operators.py
[2026-06-18T16:53:48.136+0000] {processor.py:840} INFO - DAG(s) 'example_dynamic_task_mapping_with_no_taskflow_operators' retrieved from /home/airflow/.local/lib/python3.8/site-packages/airflow/example_dags/example_dynamic_task_mapping_with_no_taskflow_operators.py
[2026-06-18T16:53:48.169+0000] {logging_mixin.py:188} INFO - [2026-06-18T16:53:48.169+0000] {dag.py:3036} INFO - Sync 1 DAGs
[2026-06-18T16:53:48.204+0000] {logging_mixin.py:188} INFO - [2026-06-18T16:53:48.203+0000] {dag.py:3823} INFO - Setting next_dagrun for example_dynamic_task_mapping_with_no_taskflow_operators to 2026-06-17 00:00:00+00:00, run_after=2026-06-18 00:00:00+00:00
[2026-06-18T16:53:48.230+0000] {processor.py:183} INFO - Processing /home/airflow/.local/lib/python3.8/site-packages/airflow/example_dags/example_dynamic_task_mapping_with_no_taskflow_operators.py took 0.110 seconds
[2026-06-18T16:54:18.757+0000] {processor.py:161} INFO - Started process (PID=591) to work on /home/airflow/.local/lib/python3.8/site-packages/airflow/example_dags/example_dynamic_task_mapping_with_no_taskflow_operators.py
[2026-06-18T16:54:18.759+0000] {processor.py:830} INFO - Processing file /home/airflow/.local/lib/python3.8/site-packages/airflow/example_dags/example_dynamic_task_mapping_with_no_taskflow_operators.py for tasks to queue
[2026-06-18T16:54:18.762+0000] {logging_mixin.py:188} INFO - [2026-06-18T16:54:18.761+0000] {dagbag.py:538} INFO - Filling up the DagBag from /home/airflow/.local/lib/python3.8/site-packages/airflow/example_dags/example_dynamic_task_mapping_with_no_taskflow_operators.py
[2026-06-18T16:54:18.772+0000] {processor.py:840} INFO - DAG(s) 'example_dynamic_task_mapping_with_no_taskflow_operators' retrieved from /home/airflow/.local/lib/python3.8/site-packages/airflow/example_dags/example_dynamic_task_mapping_with_no_taskflow_operators.py
[2026-06-18T16:54:18.811+0000] {logging_mixin.py:188} INFO - [2026-06-18T16:54:18.810+0000] {dag.py:3036} INFO - Sync 1 DAGs
[2026-06-18T16:54:18.852+0000] {logging_mixin.py:188} INFO - [2026-06-18T16:54:18.852+0000] {dag.py:3823} INFO - Setting next_dagrun for example_dynamic_task_mapping_with_no_taskflow_operators to 2026-06-17 00:00:00+00:00, run_after=2026-06-18 00:00:00+00:00
[2026-06-18T16:54:18.884+0000] {processor.py:183} INFO - Processing /home/airflow/.local/lib/python3.8/site-packages/airflow/example_dags/example_dynamic_task_mapping_with_no_taskflow_operators.py took 0.132 seconds
[2026-06-18T16:54:49.202+0000] {processor.py:161} INFO - Started process (PID=656) to work on /home/airflow/.local/lib/python3.8/site-packages/airflow/example_dags/example_dynamic_task_mapping_with_no_taskflow_operators.py
[2026-06-18T16:54:49.204+0000] {processor.py:830} INFO - Processing file /home/airflow/.local/lib/python3.8/site-packages/airflow/example_dags/example_dynamic_task_mapping_with_no_taskflow_operators.py for tasks to queue
[2026-06-18T16:54:49.206+0000] {logging_mixin.py:188} INFO - [2026-06-18T16:54:49.206+0000] {dagbag.py:538} INFO - Filling up the DagBag from /home/airflow/.local/lib/python3.8/site-packages/airflow/example_dags/example_dynamic_task_mapping_with_no_taskflow_operators.py
[2026-06-18T16:54:49.217+0000] {processor.py:840} INFO - DAG(s) 'example_dynamic_task_mapping_with_no_taskflow_operators' retrieved from /home/airflow/.local/lib/python3.8/site-packages/airflow/example_dags/example_dynamic_task_mapping_with_no_taskflow_operators.py
[2026-06-18T16:54:49.251+0000] {logging_mixin.py:188} INFO - [2026-06-18T16:54:49.250+0000] {dag.py:3036} INFO - Sync 1 DAGs
[2026-06-18T16:54:49.285+0000] {logging_mixin.py:188} INFO - [2026-06-18T16:54:49.285+0000] {dag.py:3823} INFO - Setting next_dagrun for example_dynamic_task_mapping_with_no_taskflow_operators to 2026-06-17 00:00:00+00:00, run_after=2026-06-18 00:00:00+00:00
[2026-06-18T16:54:49.315+0000] {processor.py:183} INFO - Processing /home/airflow/.local/lib/python3.8/site-packages/airflow/example_dags/example_dynamic_task_mapping_with_no_taskflow_operators.py took 0.119 seconds
[2026-06-18T16:55:19.699+0000] {processor.py:161} INFO - Started process (PID=723) to work on /home/airflow/.local/lib/python3.8/site-packages/airflow/example_dags/example_dynamic_task_mapping_with_no_taskflow_operators.py
[2026-06-18T16:55:19.700+0000] {processor.py:830} INFO - Processing file /home/airflow/.local/lib/python3.8/site-packages/airflow/example_dags/example_dynamic_task_mapping_with_no_taskflow_operators.py for tasks to queue
[2026-06-18T16:55:19.703+0000] {logging_mixin.py:188} INFO - [2026-06-18T16:55:19.702+0000] {dagbag.py:538} INFO - Filling up the DagBag from /home/airflow/.local/lib/python3.8/site-packages/airflow/example_dags/example_dynamic_task_mapping_with_no_taskflow_operators.py
[2026-06-18T16:55:19.711+0000] {processor.py:840} INFO - DAG(s) 'example_dynamic_task_mapping_with_no_taskflow_operators' retrieved from /home/airflow/.local/lib/python3.8/site-packages/airflow/example_dags/example_dynamic_task_mapping_with_no_taskflow_operators.py
[2026-06-18T16:55:19.748+0000] {logging_mixin.py:188} INFO - [2026-06-18T16:55:19.748+0000] {dag.py:3036} INFO - Sync 1 DAGs
[2026-06-18T16:55:19.789+0000] {logging_mixin.py:188} INFO - [2026-06-18T16:55:19.789+0000] {dag.py:3823} INFO - Setting next_dagrun for example_dynamic_task_mapping_with_no_taskflow_operators to 2026-06-17 00:00:00+00:00, run_after=2026-06-18 00:00:00+00:00
[2026-06-18T16:55:19.822+0000] {processor.py:183} INFO - Processing /home/airflow/.local/lib/python3.8/site-packages/airflow/example_dags/example_dynamic_task_mapping_with_no_taskflow_operators.py took 0.128 seconds
[2026-06-18T16:55:50.010+0000] {processor.py:161} INFO - Started process (PID=797) to work on /home/airflow/.local/lib/python3.8/site-packages/airflow/example_dags/example_dynamic_task_mapping_with_no_taskflow_operators.py
[2026-06-18T16:55:50.012+0000] {processor.py:830} INFO - Processing file /home/airflow/.local/lib/python3.8/site-packages/airflow/example_dags/example_dynamic_task_mapping_with_no_taskflow_operators.py for tasks to queue
[2026-06-18T16:55:50.014+0000] {logging_mixin.py:188} INFO - [2026-06-18T16:55:50.014+0000] {dagbag.py:538} INFO - Filling up the DagBag from /home/airflow/.local/lib/python3.8/site-packages/airflow/example_dags/example_dynamic_task_mapping_with_no_taskflow_operators.py
[2026-06-18T16:55:50.024+0000] {processor.py:840} INFO - DAG(s) 'example_dynamic_task_mapping_with_no_taskflow_operators' retrieved from /home/airflow/.local/lib/python3.8/site-packages/airflow/example_dags/example_dynamic_task_mapping_with_no_taskflow_operators.py
[2026-06-18T16:55:50.059+0000] {logging_mixin.py:188} INFO - [2026-06-18T16:55:50.059+0000] {dag.py:3036} INFO - Sync 1 DAGs
[2026-06-18T16:55:50.096+0000] {logging_mixin.py:188} INFO - [2026-06-18T16:55:50.096+0000] {dag.py:3823} INFO - Setting next_dagrun for example_dynamic_task_mapping_with_no_taskflow_operators to 2026-06-17 00:00:00+00:00, run_after=2026-06-18 00:00:00+00:00
[2026-06-18T16:55:50.125+0000] {processor.py:183} INFO - Processing /home/airflow/.local/lib/python3.8/site-packages/airflow/example_dags/example_dynamic_task_mapping_with_no_taskflow_operators.py took 0.120 seconds
[2026-06-18T16:56:20.451+0000] {processor.py:161} INFO - Started process (PID=864) to work on /home/airflow/.local/lib/python3.8/site-packages/airflow/example_dags/example_dynamic_task_mapping_with_no_taskflow_operators.py
[2026-06-18T16:56:20.452+0000] {processor.py:830} INFO - Processing file /home/airflow/.local/lib/python3.8/site-packages/airflow/example_dags/example_dynamic_task_mapping_with_no_taskflow_operators.py for tasks to queue
[2026-06-18T16:56:20.454+0000] {logging_mixin.py:188} INFO - [2026-06-18T16:56:20.454+0000] {dagbag.py:538} INFO - Filling up the DagBag from /home/airflow/.local/lib/python3.8/site-packages/airflow/example_dags/example_dynamic_task_mapping_with_no_taskflow_operators.py
[2026-06-18T16:56:20.464+0000] {processor.py:840} INFO - DAG(s) 'example_dynamic_task_mapping_with_no_taskflow_operators' retrieved from /home/airflow/.local/lib/python3.8/site-packages/airflow/example_dags/example_dynamic_task_mapping_with_no_taskflow_operators.py
[2026-06-18T16:56:20.504+0000] {logging_mixin.py:188} INFO - [2026-06-18T16:56:20.504+0000] {dag.py:3036} INFO - Sync 1 DAGs
[2026-06-18T16:56:20.552+0000] {logging_mixin.py:188} INFO - [2026-06-18T16:56:20.552+0000] {dag.py:3823} INFO - Setting next_dagrun for example_dynamic_task_mapping_with_no_taskflow_operators to 2026-06-17 00:00:00+00:00, run_after=2026-06-18 00:00:00+00:00
[2026-06-18T16:56:20.588+0000] {processor.py:183} INFO - Processing /home/airflow/.local/lib/python3.8/site-packages/airflow/example_dags/example_dynamic_task_mapping_with_no_taskflow_operators.py took 0.143 seconds
[2026-06-18T16:56:51.408+0000] {processor.py:161} INFO - Started process (PID=930) to work on /home/airflow/.local/lib/python3.8/site-packages/airflow/example_dags/example_dynamic_task_mapping_with_no_taskflow_operators.py
[2026-06-18T16:56:51.410+0000] {processor.py:830} INFO - Processing file /home/airflow/.local/lib/python3.8/site-packages/airflow/example_dags/example_dynamic_task_mapping_with_no_taskflow_operators.py for tasks to queue
[2026-06-18T16:56:51.412+0000] {logging_mixin.py:188} INFO - [2026-06-18T16:56:51.412+0000] {dagbag.py:538} INFO - Filling up the DagBag from /home/airflow/.local/lib/python3.8/site-packages/airflow/example_dags/example_dynamic_task_mapping_with_no_taskflow_operators.py
[2026-06-18T16:56:51.421+0000] {processor.py:840} INFO - DAG(s) 'example_dynamic_task_mapping_with_no_taskflow_operators' retrieved from /home/airflow/.local/lib/python3.8/site-packages/airflow/example_dags/example_dynamic_task_mapping_with_no_taskflow_operators.py
[2026-06-18T16:56:51.459+0000] {logging_mixin.py:188} INFO - [2026-06-18T16:56:51.459+0000] {dag.py:3036} INFO - Sync 1 DAGs
[2026-06-18T16:56:51.503+0000] {logging_mixin.py:188} INFO - [2026-06-18T16:56:51.502+0000] {dag.py:3823} INFO - Setting next_dagrun for example_dynamic_task_mapping_with_no_taskflow_operators to 2026-06-17 00:00:00+00:00, run_after=2026-06-18 00:00:00+00:00
[2026-06-18T16:56:51.536+0000] {processor.py:183} INFO - Processing /home/airflow/.local/lib/python3.8/site-packages/airflow/example_dags/example_dynamic_task_mapping_with_no_taskflow_operators.py took 0.134 seconds
[2026-06-18T16:57:22.153+0000] {processor.py:161} INFO - Started process (PID=995) to work on /home/airflow/.local/lib/python3.8/site-packages/airflow/example_dags/example_dynamic_task_mapping_with_no_taskflow_operators.py
[2026-06-18T16:57:22.155+0000] {processor.py:830} INFO - Processing file /home/airflow/.local/lib/python3.8/site-packages/airflow/example_dags/example_dynamic_task_mapping_with_no_taskflow_operators.py for tasks to queue
[2026-06-18T16:57:22.157+0000] {logging_mixin.py:188} INFO - [2026-06-18T16:57:22.157+0000] {dagbag.py:538} INFO - Filling up the DagBag from /home/airflow/.local/lib/python3.8/site-packages/airflow/example_dags/example_dynamic_task_mapping_with_no_taskflow_operators.py
[2026-06-18T16:57:22.166+0000] {processor.py:840} INFO - DAG(s) 'example_dynamic_task_mapping_with_no_taskflow_operators' retrieved from /home/airflow/.local/lib/python3.8/site-packages/airflow/example_dags/example_dynamic_task_mapping_with_no_taskflow_operators.py
[2026-06-18T16:57:22.202+0000] {logging_mixin.py:188} INFO - [2026-06-18T16:57:22.202+0000] {dag.py:3036} INFO - Sync 1 DAGs
[2026-06-18T16:57:22.238+0000] {logging_mixin.py:188} INFO - [2026-06-18T16:57:22.238+0000] {dag.py:3823} INFO - Setting next_dagrun for example_dynamic_task_mapping_with_no_taskflow_operators to 2026-06-17 00:00:00+00:00, run_after=2026-06-18 00:00:00+00:00
[2026-06-18T16:57:22.264+0000] {processor.py:183} INFO - Processing /home/airflow/.local/lib/python3.8/site-packages/airflow/example_dags/example_dynamic_task_mapping_with_no_taskflow_operators.py took 0.116 seconds
[2026-06-18T16:57:53.012+0000] {processor.py:161} INFO - Started process (PID=1060) to work on /home/airflow/.local/lib/python3.8/site-packages/airflow/example_dags/example_dynamic_task_mapping_with_no_taskflow_operators.py
[2026-06-18T16:57:53.014+0000] {processor.py:830} INFO - Processing file /home/airflow/.local/lib/python3.8/site-packages/airflow/example_dags/example_dynamic_task_mapping_with_no_taskflow_operators.py for tasks to queue
[2026-06-18T16:57:53.017+0000] {logging_mixin.py:188} INFO - [2026-06-18T16:57:53.016+0000] {dagbag.py:538} INFO - Filling up the DagBag from /home/airflow/.local/lib/python3.8/site-packages/airflow/example_dags/example_dynamic_task_mapping_with_no_taskflow_operators.py
[2026-06-18T16:57:53.028+0000] {processor.py:840} INFO - DAG(s) 'example_dynamic_task_mapping_with_no_taskflow_operators' retrieved from /home/airflow/.local/lib/python3.8/site-packages/airflow/example_dags/example_dynamic_task_mapping_with_no_taskflow_operators.py
[2026-06-18T16:57:53.063+0000] {logging_mixin.py:188} INFO - [2026-06-18T16:57:53.063+0000] {dag.py:3036} INFO - Sync 1 DAGs
[2026-06-18T16:57:53.103+0000] {logging_mixin.py:188} INFO - [2026-06-18T16:57:53.102+0000] {dag.py:3823} INFO - Setting next_dagrun for example_dynamic_task_mapping_with_no_taskflow_operators to 2026-06-17 00:00:00+00:00, run_after=2026-06-18 00:00:00+00:00
[2026-06-18T16:57:53.133+0000] {processor.py:183} INFO - Processing /home/airflow/.local/lib/python3.8/site-packages/airflow/example_dags/example_dynamic_task_mapping_with_no_taskflow_operators.py took 0.130 seconds
[2026-06-18T16:58:23.459+0000] {processor.py:161} INFO - Started process (PID=1125) to work on /home/airflow/.local/lib/python3.8/site-packages/airflow/example_dags/example_dynamic_task_mapping_with_no_taskflow_operators.py
[2026-06-18T16:58:23.461+0000] {processor.py:830} INFO - Processing file /home/airflow/.local/lib/python3.8/site-packages/airflow/example_dags/example_dynamic_task_mapping_with_no_taskflow_operators.py for tasks to queue
[2026-06-18T16:58:23.464+0000] {logging_mixin.py:188} INFO - [2026-06-18T16:58:23.464+0000] {dagbag.py:538} INFO - Filling up the DagBag from /home/airflow/.local/lib/python3.8/site-packages/airflow/example_dags/example_dynamic_task_mapping_with_no_taskflow_operators.py
[2026-06-18T16:58:23.476+0000] {processor.py:840} INFO - DAG(s) 'example_dynamic_task_mapping_with_no_taskflow_operators' retrieved from /home/airflow/.local/lib/python3.8/site-packages/airflow/example_dags/example_dynamic_task_mapping_with_no_taskflow_operators.py
[2026-06-18T16:58:23.502+0000] {logging_mixin.py:188} INFO - [2026-06-18T16:58:23.501+0000] {dag.py:3036} INFO - Sync 1 DAGs
[2026-06-18T16:58:23.550+0000] {logging_mixin.py:188} INFO - [2026-06-18T16:58:23.550+0000] {dag.py:3823} INFO - Setting next_dagrun for example_dynamic_task_mapping_with_no_taskflow_operators to 2026-06-17 00:00:00+00:00, run_after=2026-06-18 00:00:00+00:00
[2026-06-18T16:58:23.587+0000] {processor.py:183} INFO - Processing /home/airflow/.local/lib/python3.8/site-packages/airflow/example_dags/example_dynamic_task_mapping_with_no_taskflow_operators.py took 0.136 seconds
[2026-06-18T16:58:53.665+0000] {processor.py:161} INFO - Started process (PID=1190) to work on /home/airflow/.local/lib/python3.8/site-packages/airflow/example_dags/example_dynamic_task_mapping_with_no_taskflow_operators.py
[2026-06-18T16:58:53.667+0000] {processor.py:830} INFO - Processing file /home/airflow/.local/lib/python3.8/site-packages/airflow/example_dags/example_dynamic_task_mapping_with_no_taskflow_operators.py for tasks to queue
[2026-06-18T16:58:53.670+0000] {logging_mixin.py:188} INFO - [2026-06-18T16:58:53.669+0000] {dagbag.py:538} INFO - Filling up the DagBag from /home/airflow/.local/lib/python3.8/site-packages/airflow/example_dags/example_dynamic_task_mapping_with_no_taskflow_operators.py
[2026-06-18T16:58:53.682+0000] {processor.py:840} INFO - DAG(s) 'example_dynamic_task_mapping_with_no_taskflow_operators' retrieved from /home/airflow/.local/lib/python3.8/site-packages/airflow/example_dags/example_dynamic_task_mapping_with_no_taskflow_operators.py
[2026-06-18T16:58:53.884+0000] {logging_mixin.py:188} INFO - [2026-06-18T16:58:53.883+0000] {dag.py:3036} INFO - Sync 1 DAGs
[2026-06-18T16:58:53.931+0000] {logging_mixin.py:188} INFO - [2026-06-18T16:58:53.931+0000] {dag.py:3823} INFO - Setting next_dagrun for example_dynamic_task_mapping_with_no_taskflow_operators to 2026-06-17 00:00:00+00:00, run_after=2026-06-18 00:00:00+00:00
[2026-06-18T16:58:53.978+0000] {processor.py:183} INFO - Processing /home/airflow/.local/lib/python3.8/site-packages/airflow/example_dags/example_dynamic_task_mapping_with_no_taskflow_operators.py took 0.318 seconds
[2026-06-18T16:59:24.135+0000] {processor.py:161} INFO - Started process (PID=1256) to work on /home/airflow/.local/lib/python3.8/site-packages/airflow/example_dags/example_dynamic_task_mapping_with_no_taskflow_operators.py
[2026-06-18T16:59:24.136+0000] {processor.py:830} INFO - Processing file /home/airflow/.local/lib/python3.8/site-packages/airflow/example_dags/example_dynamic_task_mapping_with_no_taskflow_operators.py for tasks to queue
[2026-06-18T16:59:24.139+0000] {logging_mixin.py:188} INFO - [2026-06-18T16:59:24.138+0000] {dagbag.py:538} INFO - Filling up the DagBag from /home/airflow/.local/lib/python3.8/site-packages/airflow/example_dags/example_dynamic_task_mapping_with_no_taskflow_operators.py
[2026-06-18T16:59:24.148+0000] {processor.py:840} INFO - DAG(s) 'example_dynamic_task_mapping_with_no_taskflow_operators' retrieved from /home/airflow/.local/lib/python3.8/site-packages/airflow/example_dags/example_dynamic_task_mapping_with_no_taskflow_operators.py
[2026-06-18T16:59:24.184+0000] {logging_mixin.py:188} INFO - [2026-06-18T16:59:24.183+0000] {dag.py:3036} INFO - Sync 1 DAGs
[2026-06-18T16:59:24.221+0000] {logging_mixin.py:188} INFO - [2026-06-18T16:59:24.221+0000] {dag.py:3823} INFO - Setting next_dagrun for example_dynamic_task_mapping_with_no_taskflow_operators to 2026-06-17 00:00:00+00:00, run_after=2026-06-18 00:00:00+00:00
[2026-06-18T16:59:24.255+0000] {processor.py:183} INFO - Processing /home/airflow/.local/lib/python3.8/site-packages/airflow/example_dags/example_dynamic_task_mapping_with_no_taskflow_operators.py took 0.125 seconds
[2026-06-18T16:59:54.953+0000] {processor.py:161} INFO - Started process (PID=1323) to work on /home/airflow/.local/lib/python3.8/site-packages/airflow/example_dags/example_dynamic_task_mapping_with_no_taskflow_operators.py
[2026-06-18T16:59:54.956+0000] {processor.py:830} INFO - Processing file /home/airflow/.local/lib/python3.8/site-packages/airflow/example_dags/example_dynamic_task_mapping_with_no_taskflow_operators.py for tasks to queue
[2026-06-18T16:59:54.959+0000] {logging_mixin.py:188} INFO - [2026-06-18T16:59:54.959+0000] {dagbag.py:538} INFO - Filling up the DagBag from /home/airflow/.local/lib/python3.8/site-packages/airflow/example_dags/example_dynamic_task_mapping_with_no_taskflow_operators.py
[2026-06-18T16:59:54.972+0000] {processor.py:840} INFO - DAG(s) 'example_dynamic_task_mapping_with_no_taskflow_operators' retrieved from /home/airflow/.local/lib/python3.8/site-packages/airflow/example_dags/example_dynamic_task_mapping_with_no_taskflow_operators.py
[2026-06-18T16:59:55.014+0000] {logging_mixin.py:188} INFO - [2026-06-18T16:59:55.014+0000] {dag.py:3036} INFO - Sync 1 DAGs
[2026-06-18T16:59:55.058+0000] {logging_mixin.py:188} INFO - [2026-06-18T16:59:55.058+0000] {dag.py:3823} INFO - Setting next_dagrun for example_dynamic_task_mapping_with_no_taskflow_operators to 2026-06-17 00:00:00+00:00, run_after=2026-06-18 00:00:00+00:00
[2026-06-18T16:59:55.097+0000] {processor.py:183} INFO - Processing /home/airflow/.local/lib/python3.8/site-packages/airflow/example_dags/example_dynamic_task_mapping_with_no_taskflow_operators.py took 0.163 seconds
[2026-06-18T17:00:25.359+0000] {processor.py:161} INFO - Started process (PID=1389) to work on /home/airflow/.local/lib/python3.8/site-packages/airflow/example_dags/example_dynamic_task_mapping_with_no_taskflow_operators.py
[2026-06-18T17:00:25.361+0000] {processor.py:830} INFO - Processing file /home/airflow/.local/lib/python3.8/site-packages/airflow/example_dags/example_dynamic_task_mapping_with_no_taskflow_operators.py for tasks to queue
[2026-06-18T17:00:25.364+0000] {logging_mixin.py:188} INFO - [2026-06-18T17:00:25.363+0000] {dagbag.py:538} INFO - Filling up the DagBag from /home/airflow/.local/lib/python3.8/site-packages/airflow/example_dags/example_dynamic_task_mapping_with_no_taskflow_operators.py
[2026-06-18T17:00:25.376+0000] {processor.py:840} INFO - DAG(s) 'example_dynamic_task_mapping_with_no_taskflow_operators' retrieved from /home/airflow/.local/lib/python3.8/site-packages/airflow/example_dags/example_dynamic_task_mapping_with_no_taskflow_operators.py
[2026-06-18T17:00:25.556+0000] {logging_mixin.py:188} INFO - [2026-06-18T17:00:25.555+0000] {dag.py:3036} INFO - Sync 1 DAGs
[2026-06-18T17:00:25.587+0000] {logging_mixin.py:188} INFO - [2026-06-18T17:00:25.587+0000] {dag.py:3823} INFO - Setting next_dagrun for example_dynamic_task_mapping_with_no_taskflow_operators to 2026-06-17 00:00:00+00:00, run_after=2026-06-18 00:00:00+00:00
[2026-06-18T17:00:25.620+0000] {processor.py:183} INFO - Processing /home/airflow/.local/lib/python3.8/site-packages/airflow/example_dags/example_dynamic_task_mapping_with_no_taskflow_operators.py took 0.266 seconds
[2026-06-18T17:00:55.800+0000] {processor.py:161} INFO - Started process (PID=1454) to work on /home/airflow/.local/lib/python3.8/site-packages/airflow/example_dags/example_dynamic_task_mapping_with_no_taskflow_operators.py
[2026-06-18T17:00:55.802+0000] {processor.py:830} INFO - Processing file /home/airflow/.local/lib/python3.8/site-packages/airflow/example_dags/example_dynamic_task_mapping_with_no_taskflow_operators.py for tasks to queue
[2026-06-18T17:00:55.805+0000] {logging_mixin.py:188} INFO - [2026-06-18T17:00:55.804+0000] {dagbag.py:538} INFO - Filling up the DagBag from /home/airflow/.local/lib/python3.8/site-packages/airflow/example_dags/example_dynamic_task_mapping_with_no_taskflow_operators.py
[2026-06-18T17:00:55.814+0000] {processor.py:840} INFO - DAG(s) 'example_dynamic_task_mapping_with_no_taskflow_operators' retrieved from /home/airflow/.local/lib/python3.8/site-packages/airflow/example_dags/example_dynamic_task_mapping_with_no_taskflow_operators.py
[2026-06-18T17:00:55.854+0000] {logging_mixin.py:188} INFO - [2026-06-18T17:00:55.853+0000] {dag.py:3036} INFO - Sync 1 DAGs
[2026-06-18T17:00:55.889+0000] {logging_mixin.py:188} INFO - [2026-06-18T17:00:55.889+0000] {dag.py:3823} INFO - Setting next_dagrun for example_dynamic_task_mapping_with_no_taskflow_operators to 2026-06-17 00:00:00+00:00, run_after=2026-06-18 00:00:00+00:00
[2026-06-18T17:00:55.922+0000] {processor.py:183} INFO - Processing /home/airflow/.local/lib/python3.8/site-packages/airflow/example_dags/example_dynamic_task_mapping_with_no_taskflow_operators.py took 0.127 seconds
[2026-06-18T17:01:26.205+0000] {processor.py:161} INFO - Started process (PID=1520) to work on /home/airflow/.local/lib/python3.8/site-packages/airflow/example_dags/example_dynamic_task_mapping_with_no_taskflow_operators.py
[2026-06-18T17:01:26.207+0000] {processor.py:830} INFO - Processing file /home/airflow/.local/lib/python3.8/site-packages/airflow/example_dags/example_dynamic_task_mapping_with_no_taskflow_operators.py for tasks to queue
[2026-06-18T17:01:26.209+0000] {logging_mixin.py:188} INFO - [2026-06-18T17:01:26.209+0000] {dagbag.py:538} INFO - Filling up the DagBag from /home/airflow/.local/lib/python3.8/site-packages/airflow/example_dags/example_dynamic_task_mapping_with_no_taskflow_operators.py
[2026-06-18T17:01:26.219+0000] {processor.py:840} INFO - DAG(s) 'example_dynamic_task_mapping_with_no_taskflow_operators' retrieved from /home/airflow/.local/lib/python3.8/site-packages/airflow/example_dags/example_dynamic_task_mapping_with_no_taskflow_operators.py
[2026-06-18T17:01:26.255+0000] {logging_mixin.py:188} INFO - [2026-06-18T17:01:26.255+0000] {dag.py:3036} INFO - Sync 1 DAGs
[2026-06-18T17:01:26.291+0000] {logging_mixin.py:188} INFO - [2026-06-18T17:01:26.291+0000] {dag.py:3823} INFO - Setting next_dagrun for example_dynamic_task_mapping_with_no_taskflow_operators to 2026-06-17 00:00:00+00:00, run_after=2026-06-18 00:00:00+00:00
[2026-06-18T17:01:26.317+0000] {processor.py:183} INFO - Processing /home/airflow/.local/lib/python3.8/site-packages/airflow/example_dags/example_dynamic_task_mapping_with_no_taskflow_operators.py took 0.118 seconds
[2026-06-18T17:01:56.946+0000] {processor.py:161} INFO - Started process (PID=1586) to work on /home/airflow/.local/lib/python3.8/site-packages/airflow/example_dags/example_dynamic_task_mapping_with_no_taskflow_operators.py
[2026-06-18T17:01:56.948+0000] {processor.py:830} INFO - Processing file /home/airflow/.local/lib/python3.8/site-packages/airflow/example_dags/example_dynamic_task_mapping_with_no_taskflow_operators.py for tasks to queue
[2026-06-18T17:01:56.950+0000] {logging_mixin.py:188} INFO - [2026-06-18T17:01:56.950+0000] {dagbag.py:538} INFO - Filling up the DagBag from /home/airflow/.local/lib/python3.8/site-packages/airflow/example_dags/example_dynamic_task_mapping_with_no_taskflow_operators.py
[2026-06-18T17:01:56.960+0000] {processor.py:840} INFO - DAG(s) 'example_dynamic_task_mapping_with_no_taskflow_operators' retrieved from /home/airflow/.local/lib/python3.8/site-packages/airflow/example_dags/example_dynamic_task_mapping_with_no_taskflow_operators.py
[2026-06-18T17:01:56.994+0000] {logging_mixin.py:188} INFO - [2026-06-18T17:01:56.994+0000] {dag.py:3036} INFO - Sync 1 DAGs
[2026-06-18T17:01:57.030+0000] {logging_mixin.py:188} INFO - [2026-06-18T17:01:57.030+0000] {dag.py:3823} INFO - Setting next_dagrun for example_dynamic_task_mapping_with_no_taskflow_operators to 2026-06-17 00:00:00+00:00, run_after=2026-06-18 00:00:00+00:00
[2026-06-18T17:01:57.057+0000] {processor.py:183} INFO - Processing /home/airflow/.local/lib/python3.8/site-packages/airflow/example_dags/example_dynamic_task_mapping_with_no_taskflow_operators.py took 0.117 seconds
[2026-06-18T17:02:27.519+0000] {processor.py:161} INFO - Started process (PID=1652) to work on /home/airflow/.local/lib/python3.8/site-packages/airflow/example_dags/example_dynamic_task_mapping_with_no_taskflow_operators.py
[2026-06-18T17:02:27.521+0000] {processor.py:830} INFO - Processing file /home/airflow/.local/lib/python3.8/site-packages/airflow/example_dags/example_dynamic_task_mapping_with_no_taskflow_operators.py for tasks to queue
[2026-06-18T17:02:27.524+0000] {logging_mixin.py:188} INFO - [2026-06-18T17:02:27.524+0000] {dagbag.py:538} INFO - Filling up the DagBag from /home/airflow/.local/lib/python3.8/site-packages/airflow/example_dags/example_dynamic_task_mapping_with_no_taskflow_operators.py
[2026-06-18T17:02:27.535+0000] {processor.py:840} INFO - DAG(s) 'example_dynamic_task_mapping_with_no_taskflow_operators' retrieved from /home/airflow/.local/lib/python3.8/site-packages/airflow/example_dags/example_dynamic_task_mapping_with_no_taskflow_operators.py
[2026-06-18T17:02:27.578+0000] {logging_mixin.py:188} INFO - [2026-06-18T17:02:27.577+0000] {dag.py:3036} INFO - Sync 1 DAGs
[2026-06-18T17:02:27.620+0000] {logging_mixin.py:188} INFO - [2026-06-18T17:02:27.619+0000] {dag.py:3823} INFO - Setting next_dagrun for example_dynamic_task_mapping_with_no_taskflow_operators to 2026-06-17 00:00:00+00:00, run_after=2026-06-18 00:00:00+00:00
[2026-06-18T17:02:27.645+0000] {processor.py:183} INFO - Processing /home/airflow/.local/lib/python3.8/site-packages/airflow/example_dags/example_dynamic_task_mapping_with_no_taskflow_operators.py took 0.132 seconds
[2026-06-18T17:02:58.062+0000] {processor.py:161} INFO - Started process (PID=1717) to work on /home/airflow/.local/lib/python3.8/site-packages/airflow/example_dags/example_dynamic_task_mapping_with_no_taskflow_operators.py
[2026-06-18T17:02:58.064+0000] {processor.py:830} INFO - Processing file /home/airflow/.local/lib/python3.8/site-packages/airflow/example_dags/example_dynamic_task_mapping_with_no_taskflow_operators.py for tasks to queue
[2026-06-18T17:02:58.066+0000] {logging_mixin.py:188} INFO - [2026-06-18T17:02:58.066+0000] {dagbag.py:538} INFO - Filling up the DagBag from /home/airflow/.local/lib/python3.8/site-packages/airflow/example_dags/example_dynamic_task_mapping_with_no_taskflow_operators.py
[2026-06-18T17:02:58.076+0000] {processor.py:840} INFO - DAG(s) 'example_dynamic_task_mapping_with_no_taskflow_operators' retrieved from /home/airflow/.local/lib/python3.8/site-packages/airflow/example_dags/example_dynamic_task_mapping_with_no_taskflow_operators.py
[2026-06-18T17:02:58.117+0000] {logging_mixin.py:188} INFO - [2026-06-18T17:02:58.116+0000] {dag.py:3036} INFO - Sync 1 DAGs
[2026-06-18T17:02:58.155+0000] {logging_mixin.py:188} INFO - [2026-06-18T17:02:58.155+0000] {dag.py:3823} INFO - Setting next_dagrun for example_dynamic_task_mapping_with_no_taskflow_operators to 2026-06-17 00:00:00+00:00, run_after=2026-06-18 00:00:00+00:00
[2026-06-18T17:02:58.187+0000] {processor.py:183} INFO - Processing /home/airflow/.local/lib/python3.8/site-packages/airflow/example_dags/example_dynamic_task_mapping_with_no_taskflow_operators.py took 0.131 seconds
[2026-06-18T17:03:28.887+0000] {processor.py:161} INFO - Started process (PID=1783) to work on /home/airflow/.local/lib/python3.8/site-packages/airflow/example_dags/example_dynamic_task_mapping_with_no_taskflow_operators.py
[2026-06-18T17:03:28.890+0000] {processor.py:830} INFO - Processing file /home/airflow/.local/lib/python3.8/site-packages/airflow/example_dags/example_dynamic_task_mapping_with_no_taskflow_operators.py for tasks to queue
[2026-06-18T17:03:28.892+0000] {logging_mixin.py:188} INFO - [2026-06-18T17:03:28.892+0000] {dagbag.py:538} INFO - Filling up the DagBag from /home/airflow/.local/lib/python3.8/site-packages/airflow/example_dags/example_dynamic_task_mapping_with_no_taskflow_operators.py
[2026-06-18T17:03:28.901+0000] {processor.py:840} INFO - DAG(s) 'example_dynamic_task_mapping_with_no_taskflow_operators' retrieved from /home/airflow/.local/lib/python3.8/site-packages/airflow/example_dags/example_dynamic_task_mapping_with_no_taskflow_operators.py
[2026-06-18T17:03:28.937+0000] {logging_mixin.py:188} INFO - [2026-06-18T17:03:28.936+0000] {dag.py:3036} INFO - Sync 1 DAGs
[2026-06-18T17:03:28.987+0000] {logging_mixin.py:188} INFO - [2026-06-18T17:03:28.987+0000] {dag.py:3823} INFO - Setting next_dagrun for example_dynamic_task_mapping_with_no_taskflow_operators to 2026-06-17 00:00:00+00:00, run_after=2026-06-18 00:00:00+00:00
[2026-06-18T17:03:29.028+0000] {processor.py:183} INFO - Processing /home/airflow/.local/lib/python3.8/site-packages/airflow/example_dags/example_dynamic_task_mapping_with_no_taskflow_operators.py took 0.147 seconds
[2026-06-18T17:03:59.342+0000] {processor.py:161} INFO - Started process (PID=1856) to work on /home/airflow/.local/lib/python3.8/site-packages/airflow/example_dags/example_dynamic_task_mapping_with_no_taskflow_operators.py
[2026-06-18T17:03:59.344+0000] {processor.py:830} INFO - Processing file /home/airflow/.local/lib/python3.8/site-packages/airflow/example_dags/example_dynamic_task_mapping_with_no_taskflow_operators.py for tasks to queue
[2026-06-18T17:03:59.347+0000] {logging_mixin.py:188} INFO - [2026-06-18T17:03:59.347+0000] {dagbag.py:538} INFO - Filling up the DagBag from /home/airflow/.local/lib/python3.8/site-packages/airflow/example_dags/example_dynamic_task_mapping_with_no_taskflow_operators.py
[2026-06-18T17:03:59.359+0000] {processor.py:840} INFO - DAG(s) 'example_dynamic_task_mapping_with_no_taskflow_operators' retrieved from /home/airflow/.local/lib/python3.8/site-packages/airflow/example_dags/example_dynamic_task_mapping_with_no_taskflow_operators.py
[2026-06-18T17:03:59.399+0000] {logging_mixin.py:188} INFO - [2026-06-18T17:03:59.398+0000] {dag.py:3036} INFO - Sync 1 DAGs
[2026-06-18T17:03:59.445+0000] {logging_mixin.py:188} INFO - [2026-06-18T17:03:59.444+0000] {dag.py:3823} INFO - Setting next_dagrun for example_dynamic_task_mapping_with_no_taskflow_operators to 2026-06-17 00:00:00+00:00, run_after=2026-06-18 00:00:00+00:00
[2026-06-18T17:03:59.479+0000] {processor.py:183} INFO - Processing /home/airflow/.local/lib/python3.8/site-packages/airflow/example_dags/example_dynamic_task_mapping_with_no_taskflow_operators.py took 0.144 seconds
[2026-06-18T17:04:29.779+0000] {processor.py:161} INFO - Started process (PID=1924) to work on /home/airflow/.local/lib/python3.8/site-packages/airflow/example_dags/example_dynamic_task_mapping_with_no_taskflow_operators.py
[2026-06-18T17:04:29.781+0000] {processor.py:830} INFO - Processing file /home/airflow/.local/lib/python3.8/site-packages/airflow/example_dags/example_dynamic_task_mapping_with_no_taskflow_operators.py for tasks to queue
[2026-06-18T17:04:29.786+0000] {logging_mixin.py:188} INFO - [2026-06-18T17:04:29.785+0000] {dagbag.py:538} INFO - Filling up the DagBag from /home/airflow/.local/lib/python3.8/site-packages/airflow/example_dags/example_dynamic_task_mapping_with_no_taskflow_operators.py
[2026-06-18T17:04:29.803+0000] {processor.py:840} INFO - DAG(s) 'example_dynamic_task_mapping_with_no_taskflow_operators' retrieved from /home/airflow/.local/lib/python3.8/site-packages/airflow/example_dags/example_dynamic_task_mapping_with_no_taskflow_operators.py
[2026-06-18T17:04:29.844+0000] {logging_mixin.py:188} INFO - [2026-06-18T17:04:29.844+0000] {dag.py:3036} INFO - Sync 1 DAGs
[2026-06-18T17:04:29.901+0000] {logging_mixin.py:188} INFO - [2026-06-18T17:04:29.901+0000] {dag.py:3823} INFO - Setting next_dagrun for example_dynamic_task_mapping_with_no_taskflow_operators to 2026-06-17 00:00:00+00:00, run_after=2026-06-18 00:00:00+00:00
[2026-06-18T17:04:29.946+0000] {processor.py:183} INFO - Processing /home/airflow/.local/lib/python3.8/site-packages/airflow/example_dags/example_dynamic_task_mapping_with_no_taskflow_operators.py took 0.173 seconds
[2026-06-18T17:05:00.069+0000] {processor.py:161} INFO - Started process (PID=1989) to work on /home/airflow/.local/lib/python3.8/site-packages/airflow/example_dags/example_dynamic_task_mapping_with_no_taskflow_operators.py
[2026-06-18T17:05:00.074+0000] {processor.py:830} INFO - Processing file /home/airflow/.local/lib/python3.8/site-packages/airflow/example_dags/example_dynamic_task_mapping_with_no_taskflow_operators.py for tasks to queue
[2026-06-18T17:05:00.077+0000] {logging_mixin.py:188} INFO - [2026-06-18T17:05:00.076+0000] {dagbag.py:538} INFO - Filling up the DagBag from /home/airflow/.local/lib/python3.8/site-packages/airflow/example_dags/example_dynamic_task_mapping_with_no_taskflow_operators.py
[2026-06-18T17:05:00.088+0000] {processor.py:840} INFO - DAG(s) 'example_dynamic_task_mapping_with_no_taskflow_operators' retrieved from /home/airflow/.local/lib/python3.8/site-packages/airflow/example_dags/example_dynamic_task_mapping_with_no_taskflow_operators.py
[2026-06-18T17:05:00.134+0000] {logging_mixin.py:188} INFO - [2026-06-18T17:05:00.133+0000] {dag.py:3036} INFO - Sync 1 DAGs
[2026-06-18T17:05:00.172+0000] {logging_mixin.py:188} INFO - [2026-06-18T17:05:00.172+0000] {dag.py:3823} INFO - Setting next_dagrun for example_dynamic_task_mapping_with_no_taskflow_operators to 2026-06-17 00:00:00+00:00, run_after=2026-06-18 00:00:00+00:00
[2026-06-18T17:05:00.201+0000] {processor.py:183} INFO - Processing /home/airflow/.local/lib/python3.8/site-packages/airflow/example_dags/example_dynamic_task_mapping_with_no_taskflow_operators.py took 0.143 seconds
[2026-06-18T17:05:30.736+0000] {processor.py:161} INFO - Started process (PID=2054) to work on /home/airflow/.local/lib/python3.8/site-packages/airflow/example_dags/example_dynamic_task_mapping_with_no_taskflow_operators.py
[2026-06-18T17:05:30.738+0000] {processor.py:830} INFO - Processing file /home/airflow/.local/lib/python3.8/site-packages/airflow/example_dags/example_dynamic_task_mapping_with_no_taskflow_operators.py for tasks to queue
[2026-06-18T17:05:30.742+0000] {logging_mixin.py:188} INFO - [2026-06-18T17:05:30.742+0000] {dagbag.py:538} INFO - Filling up the DagBag from /home/airflow/.local/lib/python3.8/site-packages/airflow/example_dags/example_dynamic_task_mapping_with_no_taskflow_operators.py
[2026-06-18T17:05:30.754+0000] {processor.py:840} INFO - DAG(s) 'example_dynamic_task_mapping_with_no_taskflow_operators' retrieved from /home/airflow/.local/lib/python3.8/site-packages/airflow/example_dags/example_dynamic_task_mapping_with_no_taskflow_operators.py
[2026-06-18T17:05:30.796+0000] {logging_mixin.py:188} INFO - [2026-06-18T17:05:30.796+0000] {dag.py:3036} INFO - Sync 1 DAGs
[2026-06-18T17:05:30.842+0000] {logging_mixin.py:188} INFO - [2026-06-18T17:05:30.842+0000] {dag.py:3823} INFO - Setting next_dagrun for example_dynamic_task_mapping_with_no_taskflow_operators to 2026-06-17 00:00:00+00:00, run_after=2026-06-18 00:00:00+00:00
[2026-06-18T17:05:30.878+0000] {processor.py:183} INFO - Processing /home/airflow/.local/lib/python3.8/site-packages/airflow/example_dags/example_dynamic_task_mapping_with_no_taskflow_operators.py took 0.148 seconds
[2026-06-18T17:06:01.809+0000] {processor.py:161} INFO - Started process (PID=2120) to work on /home/airflow/.local/lib/python3.8/site-packages/airflow/example_dags/example_dynamic_task_mapping_with_no_taskflow_operators.py
[2026-06-18T17:06:01.810+0000] {processor.py:830} INFO - Processing file /home/airflow/.local/lib/python3.8/site-packages/airflow/example_dags/example_dynamic_task_mapping_with_no_taskflow_operators.py for tasks to queue
[2026-06-18T17:06:01.813+0000] {logging_mixin.py:188} INFO - [2026-06-18T17:06:01.812+0000] {dagbag.py:538} INFO - Filling up the DagBag from /home/airflow/.local/lib/python3.8/site-packages/airflow/example_dags/example_dynamic_task_mapping_with_no_taskflow_operators.py
[2026-06-18T17:06:01.823+0000] {processor.py:840} INFO - DAG(s) 'example_dynamic_task_mapping_with_no_taskflow_operators' retrieved from /home/airflow/.local/lib/python3.8/site-packages/airflow/example_dags/example_dynamic_task_mapping_with_no_taskflow_operators.py
[2026-06-18T17:06:01.860+0000] {logging_mixin.py:188} INFO - [2026-06-18T17:06:01.859+0000] {dag.py:3036} INFO - Sync 1 DAGs
[2026-06-18T17:06:01.896+0000] {logging_mixin.py:188} INFO - [2026-06-18T17:06:01.896+0000] {dag.py:3823} INFO - Setting next_dagrun for example_dynamic_task_mapping_with_no_taskflow_operators to 2026-06-17 00:00:00+00:00, run_after=2026-06-18 00:00:00+00:00
[2026-06-18T17:06:01.923+0000] {processor.py:183} INFO - Processing /home/airflow/.local/lib/python3.8/site-packages/airflow/example_dags/example_dynamic_task_mapping_with_no_taskflow_operators.py took 0.120 seconds
[2026-06-18T17:06:32.379+0000] {processor.py:161} INFO - Started process (PID=2186) to work on /home/airflow/.local/lib/python3.8/site-packages/airflow/example_dags/example_dynamic_task_mapping_with_no_taskflow_operators.py
[2026-06-18T17:06:32.381+0000] {processor.py:830} INFO - Processing file /home/airflow/.local/lib/python3.8/site-packages/airflow/example_dags/example_dynamic_task_mapping_with_no_taskflow_operators.py for tasks to queue
[2026-06-18T17:06:32.384+0000] {logging_mixin.py:188} INFO - [2026-06-18T17:06:32.383+0000] {dagbag.py:538} INFO - Filling up the DagBag from /home/airflow/.local/lib/python3.8/site-packages/airflow/example_dags/example_dynamic_task_mapping_with_no_taskflow_operators.py
[2026-06-18T17:06:32.393+0000] {processor.py:840} INFO - DAG(s) 'example_dynamic_task_mapping_with_no_taskflow_operators' retrieved from /home/airflow/.local/lib/python3.8/site-packages/airflow/example_dags/example_dynamic_task_mapping_with_no_taskflow_operators.py
[2026-06-18T17:06:32.426+0000] {logging_mixin.py:188} INFO - [2026-06-18T17:06:32.425+0000] {dag.py:3036} INFO - Sync 1 DAGs
[2026-06-18T17:06:32.463+0000] {logging_mixin.py:188} INFO - [2026-06-18T17:06:32.463+0000] {dag.py:3823} INFO - Setting next_dagrun for example_dynamic_task_mapping_with_no_taskflow_operators to 2026-06-17 00:00:00+00:00, run_after=2026-06-18 00:00:00+00:00
[2026-06-18T17:06:32.490+0000] {processor.py:183} INFO - Processing /home/airflow/.local/lib/python3.8/site-packages/airflow/example_dags/example_dynamic_task_mapping_with_no_taskflow_operators.py took 0.117 seconds
[2026-06-18T17:07:02.619+0000] {processor.py:161} INFO - Started process (PID=2252) to work on /home/airflow/.local/lib/python3.8/site-packages/airflow/example_dags/example_dynamic_task_mapping_with_no_taskflow_operators.py
[2026-06-18T17:07:02.620+0000] {processor.py:830} INFO - Processing file /home/airflow/.local/lib/python3.8/site-packages/airflow/example_dags/example_dynamic_task_mapping_with_no_taskflow_operators.py for tasks to queue
[2026-06-18T17:07:02.624+0000] {logging_mixin.py:188} INFO - [2026-06-18T17:07:02.623+0000] {dagbag.py:538} INFO - Filling up the DagBag from /home/airflow/.local/lib/python3.8/site-packages/airflow/example_dags/example_dynamic_task_mapping_with_no_taskflow_operators.py
[2026-06-18T17:07:02.635+0000] {processor.py:840} INFO - DAG(s) 'example_dynamic_task_mapping_with_no_taskflow_operators' retrieved from /home/airflow/.local/lib/python3.8/site-packages/airflow/example_dags/example_dynamic_task_mapping_with_no_taskflow_operators.py
[2026-06-18T17:07:02.680+0000] {logging_mixin.py:188} INFO - [2026-06-18T17:07:02.679+0000] {dag.py:3036} INFO - Sync 1 DAGs
[2026-06-18T17:07:02.721+0000] {logging_mixin.py:188} INFO - [2026-06-18T17:07:02.720+0000] {dag.py:3823} INFO - Setting next_dagrun for example_dynamic_task_mapping_with_no_taskflow_operators to 2026-06-17 00:00:00+00:00, run_after=2026-06-18 00:00:00+00:00
[2026-06-18T17:07:02.752+0000] {processor.py:183} INFO - Processing /home/airflow/.local/lib/python3.8/site-packages/airflow/example_dags/example_dynamic_task_mapping_with_no_taskflow_operators.py took 0.139 seconds
[2026-06-18T17:07:33.468+0000] {processor.py:161} INFO - Started process (PID=2317) to work on /home/airflow/.local/lib/python3.8/site-packages/airflow/example_dags/example_dynamic_task_mapping_with_no_taskflow_operators.py
[2026-06-18T17:07:33.470+0000] {processor.py:830} INFO - Processing file /home/airflow/.local/lib/python3.8/site-packages/airflow/example_dags/example_dynamic_task_mapping_with_no_taskflow_operators.py for tasks to queue
[2026-06-18T17:07:33.474+0000] {logging_mixin.py:188} INFO - [2026-06-18T17:07:33.473+0000] {dagbag.py:538} INFO - Filling up the DagBag from /home/airflow/.local/lib/python3.8/site-packages/airflow/example_dags/example_dynamic_task_mapping_with_no_taskflow_operators.py
[2026-06-18T17:07:33.483+0000] {processor.py:840} INFO - DAG(s) 'example_dynamic_task_mapping_with_no_taskflow_operators' retrieved from /home/airflow/.local/lib/python3.8/site-packages/airflow/example_dags/example_dynamic_task_mapping_with_no_taskflow_operators.py
[2026-06-18T17:07:33.517+0000] {logging_mixin.py:188} INFO - [2026-06-18T17:07:33.516+0000] {dag.py:3036} INFO - Sync 1 DAGs
[2026-06-18T17:07:33.556+0000] {logging_mixin.py:188} INFO - [2026-06-18T17:07:33.556+0000] {dag.py:3823} INFO - Setting next_dagrun for example_dynamic_task_mapping_with_no_taskflow_operators to 2026-06-17 00:00:00+00:00, run_after=2026-06-18 00:00:00+00:00
[2026-06-18T17:07:33.587+0000] {processor.py:183} INFO - Processing /home/airflow/.local/lib/python3.8/site-packages/airflow/example_dags/example_dynamic_task_mapping_with_no_taskflow_operators.py took 0.123 seconds
[2026-06-18T17:08:03.803+0000] {processor.py:161} INFO - Started process (PID=2384) to work on /home/airflow/.local/lib/python3.8/site-packages/airflow/example_dags/example_dynamic_task_mapping_with_no_taskflow_operators.py
[2026-06-18T17:08:03.804+0000] {processor.py:830} INFO - Processing file /home/airflow/.local/lib/python3.8/site-packages/airflow/example_dags/example_dynamic_task_mapping_with_no_taskflow_operators.py for tasks to queue
[2026-06-18T17:08:03.807+0000] {logging_mixin.py:188} INFO - [2026-06-18T17:08:03.806+0000] {dagbag.py:538} INFO - Filling up the DagBag from /home/airflow/.local/lib/python3.8/site-packages/airflow/example_dags/example_dynamic_task_mapping_with_no_taskflow_operators.py
[2026-06-18T17:08:03.816+0000] {processor.py:840} INFO - DAG(s) 'example_dynamic_task_mapping_with_no_taskflow_operators' retrieved from /home/airflow/.local/lib/python3.8/site-packages/airflow/example_dags/example_dynamic_task_mapping_with_no_taskflow_operators.py
[2026-06-18T17:08:03.855+0000] {logging_mixin.py:188} INFO - [2026-06-18T17:08:03.854+0000] {dag.py:3036} INFO - Sync 1 DAGs
[2026-06-18T17:08:03.894+0000] {logging_mixin.py:188} INFO - [2026-06-18T17:08:03.894+0000] {dag.py:3823} INFO - Setting next_dagrun for example_dynamic_task_mapping_with_no_taskflow_operators to 2026-06-17 00:00:00+00:00, run_after=2026-06-18 00:00:00+00:00
[2026-06-18T17:08:03.926+0000] {processor.py:183} INFO - Processing /home/airflow/.local/lib/python3.8/site-packages/airflow/example_dags/example_dynamic_task_mapping_with_no_taskflow_operators.py took 0.129 seconds
[2026-06-18T17:08:34.168+0000] {processor.py:161} INFO - Started process (PID=2451) to work on /home/airflow/.local/lib/python3.8/site-packages/airflow/example_dags/example_dynamic_task_mapping_with_no_taskflow_operators.py
[2026-06-18T17:08:34.170+0000] {processor.py:830} INFO - Processing file /home/airflow/.local/lib/python3.8/site-packages/airflow/example_dags/example_dynamic_task_mapping_with_no_taskflow_operators.py for tasks to queue
[2026-06-18T17:08:34.172+0000] {logging_mixin.py:188} INFO - [2026-06-18T17:08:34.172+0000] {dagbag.py:538} INFO - Filling up the DagBag from /home/airflow/.local/lib/python3.8/site-packages/airflow/example_dags/example_dynamic_task_mapping_with_no_taskflow_operators.py
[2026-06-18T17:08:34.181+0000] {processor.py:840} INFO - DAG(s) 'example_dynamic_task_mapping_with_no_taskflow_operators' retrieved from /home/airflow/.local/lib/python3.8/site-packages/airflow/example_dags/example_dynamic_task_mapping_with_no_taskflow_operators.py
[2026-06-18T17:08:34.216+0000] {logging_mixin.py:188} INFO - [2026-06-18T17:08:34.215+0000] {dag.py:3036} INFO - Sync 1 DAGs
[2026-06-18T17:08:34.259+0000] {logging_mixin.py:188} INFO - [2026-06-18T17:08:34.258+0000] {dag.py:3823} INFO - Setting next_dagrun for example_dynamic_task_mapping_with_no_taskflow_operators to 2026-06-17 00:00:00+00:00, run_after=2026-06-18 00:00:00+00:00
[2026-06-18T17:08:34.288+0000] {processor.py:183} INFO - Processing /home/airflow/.local/lib/python3.8/site-packages/airflow/example_dags/example_dynamic_task_mapping_with_no_taskflow_operators.py took 0.125 seconds
[2026-06-18T17:09:04.587+0000] {processor.py:161} INFO - Started process (PID=2516) to work on /home/airflow/.local/lib/python3.8/site-packages/airflow/example_dags/example_dynamic_task_mapping_with_no_taskflow_operators.py
[2026-06-18T17:09:04.589+0000] {processor.py:830} INFO - Processing file /home/airflow/.local/lib/python3.8/site-packages/airflow/example_dags/example_dynamic_task_mapping_with_no_taskflow_operators.py for tasks to queue
[2026-06-18T17:09:04.592+0000] {logging_mixin.py:188} INFO - [2026-06-18T17:09:04.592+0000] {dagbag.py:538} INFO - Filling up the DagBag from /home/airflow/.local/lib/python3.8/site-packages/airflow/example_dags/example_dynamic_task_mapping_with_no_taskflow_operators.py
[2026-06-18T17:09:04.604+0000] {processor.py:840} INFO - DAG(s) 'example_dynamic_task_mapping_with_no_taskflow_operators' retrieved from /home/airflow/.local/lib/python3.8/site-packages/airflow/example_dags/example_dynamic_task_mapping_with_no_taskflow_operators.py
[2026-06-18T17:09:04.644+0000] {logging_mixin.py:188} INFO - [2026-06-18T17:09:04.644+0000] {dag.py:3036} INFO - Sync 1 DAGs
[2026-06-18T17:09:04.685+0000] {logging_mixin.py:188} INFO - [2026-06-18T17:09:04.684+0000] {dag.py:3823} INFO - Setting next_dagrun for example_dynamic_task_mapping_with_no_taskflow_operators to 2026-06-17 00:00:00+00:00, run_after=2026-06-18 00:00:00+00:00
[2026-06-18T17:09:04.714+0000] {processor.py:183} INFO - Processing /home/airflow/.local/lib/python3.8/site-packages/airflow/example_dags/example_dynamic_task_mapping_with_no_taskflow_operators.py took 0.132 seconds
[2026-06-18T17:09:35.333+0000] {processor.py:161} INFO - Started process (PID=2590) to work on /home/airflow/.local/lib/python3.8/site-packages/airflow/example_dags/example_dynamic_task_mapping_with_no_taskflow_operators.py
[2026-06-18T17:09:35.335+0000] {processor.py:830} INFO - Processing file /home/airflow/.local/lib/python3.8/site-packages/airflow/example_dags/example_dynamic_task_mapping_with_no_taskflow_operators.py for tasks to queue
[2026-06-18T17:09:35.339+0000] {logging_mixin.py:188} INFO - [2026-06-18T17:09:35.338+0000] {dagbag.py:538} INFO - Filling up the DagBag from /home/airflow/.local/lib/python3.8/site-packages/airflow/example_dags/example_dynamic_task_mapping_with_no_taskflow_operators.py
[2026-06-18T17:09:35.351+0000] {processor.py:840} INFO - DAG(s) 'example_dynamic_task_mapping_with_no_taskflow_operators' retrieved from /home/airflow/.local/lib/python3.8/site-packages/airflow/example_dags/example_dynamic_task_mapping_with_no_taskflow_operators.py
[2026-06-18T17:09:35.399+0000] {logging_mixin.py:188} INFO - [2026-06-18T17:09:35.398+0000] {dag.py:3036} INFO - Sync 1 DAGs
[2026-06-18T17:09:35.446+0000] {logging_mixin.py:188} INFO - [2026-06-18T17:09:35.446+0000] {dag.py:3823} INFO - Setting next_dagrun for example_dynamic_task_mapping_with_no_taskflow_operators to 2026-06-17 00:00:00+00:00, run_after=2026-06-18 00:00:00+00:00
[2026-06-18T17:09:35.479+0000] {processor.py:183} INFO - Processing /home/airflow/.local/lib/python3.8/site-packages/airflow/example_dags/example_dynamic_task_mapping_with_no_taskflow_operators.py took 0.153 seconds
[2026-06-18T17:10:06.148+0000] {processor.py:161} INFO - Started process (PID=2657) to work on /home/airflow/.local/lib/python3.8/site-packages/airflow/example_dags/example_dynamic_task_mapping_with_no_taskflow_operators.py
[2026-06-18T17:10:06.149+0000] {processor.py:830} INFO - Processing file /home/airflow/.local/lib/python3.8/site-packages/airflow/example_dags/example_dynamic_task_mapping_with_no_taskflow_operators.py for tasks to queue
[2026-06-18T17:10:06.151+0000] {logging_mixin.py:188} INFO - [2026-06-18T17:10:06.151+0000] {dagbag.py:538} INFO - Filling up the DagBag from /home/airflow/.local/lib/python3.8/site-packages/airflow/example_dags/example_dynamic_task_mapping_with_no_taskflow_operators.py
[2026-06-18T17:10:06.162+0000] {processor.py:840} INFO - DAG(s) 'example_dynamic_task_mapping_with_no_taskflow_operators' retrieved from /home/airflow/.local/lib/python3.8/site-packages/airflow/example_dags/example_dynamic_task_mapping_with_no_taskflow_operators.py
[2026-06-18T17:10:06.197+0000] {logging_mixin.py:188} INFO - [2026-06-18T17:10:06.197+0000] {dag.py:3036} INFO - Sync 1 DAGs
[2026-06-18T17:10:06.234+0000] {logging_mixin.py:188} INFO - [2026-06-18T17:10:06.234+0000] {dag.py:3823} INFO - Setting next_dagrun for example_dynamic_task_mapping_with_no_taskflow_operators to 2026-06-17 00:00:00+00:00, run_after=2026-06-18 00:00:00+00:00
[2026-06-18T17:10:06.270+0000] {processor.py:183} INFO - Processing /home/airflow/.local/lib/python3.8/site-packages/airflow/example_dags/example_dynamic_task_mapping_with_no_taskflow_operators.py took 0.127 seconds
[2026-06-18T17:10:37.114+0000] {processor.py:161} INFO - Started process (PID=2722) to work on /home/airflow/.local/lib/python3.8/site-packages/airflow/example_dags/example_dynamic_task_mapping_with_no_taskflow_operators.py
[2026-06-18T17:10:37.116+0000] {processor.py:830} INFO - Processing file /home/airflow/.local/lib/python3.8/site-packages/airflow/example_dags/example_dynamic_task_mapping_with_no_taskflow_operators.py for tasks to queue
[2026-06-18T17:10:37.119+0000] {logging_mixin.py:188} INFO - [2026-06-18T17:10:37.119+0000] {dagbag.py:538} INFO - Filling up the DagBag from /home/airflow/.local/lib/python3.8/site-packages/airflow/example_dags/example_dynamic_task_mapping_with_no_taskflow_operators.py
[2026-06-18T17:10:37.133+0000] {processor.py:840} INFO - DAG(s) 'example_dynamic_task_mapping_with_no_taskflow_operators' retrieved from /home/airflow/.local/lib/python3.8/site-packages/airflow/example_dags/example_dynamic_task_mapping_with_no_taskflow_operators.py
[2026-06-18T17:10:37.175+0000] {logging_mixin.py:188} INFO - [2026-06-18T17:10:37.175+0000] {dag.py:3036} INFO - Sync 1 DAGs
[2026-06-18T17:10:37.229+0000] {logging_mixin.py:188} INFO - [2026-06-18T17:10:37.228+0000] {dag.py:3823} INFO - Setting next_dagrun for example_dynamic_task_mapping_with_no_taskflow_operators to 2026-06-17 00:00:00+00:00, run_after=2026-06-18 00:00:00+00:00
[2026-06-18T17:10:37.273+0000] {processor.py:183} INFO - Processing /home/airflow/.local/lib/python3.8/site-packages/airflow/example_dags/example_dynamic_task_mapping_with_no_taskflow_operators.py took 0.166 seconds
[2026-06-18T17:11:08.059+0000] {processor.py:161} INFO - Started process (PID=2789) to work on /home/airflow/.local/lib/python3.8/site-packages/airflow/example_dags/example_dynamic_task_mapping_with_no_taskflow_operators.py
[2026-06-18T17:11:08.061+0000] {processor.py:830} INFO - Processing file /home/airflow/.local/lib/python3.8/site-packages/airflow/example_dags/example_dynamic_task_mapping_with_no_taskflow_operators.py for tasks to queue
[2026-06-18T17:11:08.064+0000] {logging_mixin.py:188} INFO - [2026-06-18T17:11:08.063+0000] {dagbag.py:538} INFO - Filling up the DagBag from /home/airflow/.local/lib/python3.8/site-packages/airflow/example_dags/example_dynamic_task_mapping_with_no_taskflow_operators.py
[2026-06-18T17:11:08.076+0000] {processor.py:840} INFO - DAG(s) 'example_dynamic_task_mapping_with_no_taskflow_operators' retrieved from /home/airflow/.local/lib/python3.8/site-packages/airflow/example_dags/example_dynamic_task_mapping_with_no_taskflow_operators.py
[2026-06-18T17:11:08.120+0000] {logging_mixin.py:188} INFO - [2026-06-18T17:11:08.119+0000] {dag.py:3036} INFO - Sync 1 DAGs
[2026-06-18T17:11:08.164+0000] {logging_mixin.py:188} INFO - [2026-06-18T17:11:08.163+0000] {dag.py:3823} INFO - Setting next_dagrun for example_dynamic_task_mapping_with_no_taskflow_operators to 2026-06-17 00:00:00+00:00, run_after=2026-06-18 00:00:00+00:00
[2026-06-18T17:11:08.194+0000] {processor.py:183} INFO - Processing /home/airflow/.local/lib/python3.8/site-packages/airflow/example_dags/example_dynamic_task_mapping_with_no_taskflow_operators.py took 0.142 seconds
[2026-06-18T17:11:38.881+0000] {processor.py:161} INFO - Started process (PID=2852) to work on /home/airflow/.local/lib/python3.8/site-packages/airflow/example_dags/example_dynamic_task_mapping_with_no_taskflow_operators.py
[2026-06-18T17:11:38.883+0000] {processor.py:830} INFO - Processing file /home/airflow/.local/lib/python3.8/site-packages/airflow/example_dags/example_dynamic_task_mapping_with_no_taskflow_operators.py for tasks to queue
[2026-06-18T17:11:38.886+0000] {logging_mixin.py:188} INFO - [2026-06-18T17:11:38.886+0000] {dagbag.py:538} INFO - Filling up the DagBag from /home/airflow/.local/lib/python3.8/site-packages/airflow/example_dags/example_dynamic_task_mapping_with_no_taskflow_operators.py
[2026-06-18T17:11:38.897+0000] {processor.py:840} INFO - DAG(s) 'example_dynamic_task_mapping_with_no_taskflow_operators' retrieved from /home/airflow/.local/lib/python3.8/site-packages/airflow/example_dags/example_dynamic_task_mapping_with_no_taskflow_operators.py
[2026-06-18T17:11:38.933+0000] {logging_mixin.py:188} INFO - [2026-06-18T17:11:38.933+0000] {dag.py:3036} INFO - Sync 1 DAGs
[2026-06-18T17:11:38.990+0000] {logging_mixin.py:188} INFO - [2026-06-18T17:11:38.989+0000] {dag.py:3823} INFO - Setting next_dagrun for example_dynamic_task_mapping_with_no_taskflow_operators to 2026-06-17 00:00:00+00:00, run_after=2026-06-18 00:00:00+00:00
[2026-06-18T17:11:39.024+0000] {processor.py:183} INFO - Processing /home/airflow/.local/lib/python3.8/site-packages/airflow/example_dags/example_dynamic_task_mapping_with_no_taskflow_operators.py took 0.150 seconds
[2026-06-18T17:12:09.593+0000] {processor.py:161} INFO - Started process (PID=2918) to work on /home/airflow/.local/lib/python3.8/site-packages/airflow/example_dags/example_dynamic_task_mapping_with_no_taskflow_operators.py
[2026-06-18T17:12:09.595+0000] {processor.py:830} INFO - Processing file /home/airflow/.local/lib/python3.8/site-packages/airflow/example_dags/example_dynamic_task_mapping_with_no_taskflow_operators.py for tasks to queue
[2026-06-18T17:12:09.598+0000] {logging_mixin.py:188} INFO - [2026-06-18T17:12:09.597+0000] {dagbag.py:538} INFO - Filling up the DagBag from /home/airflow/.local/lib/python3.8/site-packages/airflow/example_dags/example_dynamic_task_mapping_with_no_taskflow_operators.py
[2026-06-18T17:12:09.607+0000] {processor.py:840} INFO - DAG(s) 'example_dynamic_task_mapping_with_no_taskflow_operators' retrieved from /home/airflow/.local/lib/python3.8/site-packages/airflow/example_dags/example_dynamic_task_mapping_with_no_taskflow_operators.py
[2026-06-18T17:12:09.641+0000] {logging_mixin.py:188} INFO - [2026-06-18T17:12:09.641+0000] {dag.py:3036} INFO - Sync 1 DAGs
[2026-06-18T17:12:09.678+0000] {logging_mixin.py:188} INFO - [2026-06-18T17:12:09.678+0000] {dag.py:3823} INFO - Setting next_dagrun for example_dynamic_task_mapping_with_no_taskflow_operators to 2026-06-17 00:00:00+00:00, run_after=2026-06-18 00:00:00+00:00
[2026-06-18T17:12:09.704+0000] {processor.py:183} INFO - Processing /home/airflow/.local/lib/python3.8/site-packages/airflow/example_dags/example_dynamic_task_mapping_with_no_taskflow_operators.py took 0.116 seconds
[2026-06-18T17:12:40.888+0000] {processor.py:161} INFO - Started process (PID=2985) to work on /home/airflow/.local/lib/python3.8/site-packages/airflow/example_dags/example_dynamic_task_mapping_with_no_taskflow_operators.py
[2026-06-18T17:12:40.889+0000] {processor.py:830} INFO - Processing file /home/airflow/.local/lib/python3.8/site-packages/airflow/example_dags/example_dynamic_task_mapping_with_no_taskflow_operators.py for tasks to queue
[2026-06-18T17:12:40.891+0000] {logging_mixin.py:188} INFO - [2026-06-18T17:12:40.891+0000] {dagbag.py:538} INFO - Filling up the DagBag from /home/airflow/.local/lib/python3.8/site-packages/airflow/example_dags/example_dynamic_task_mapping_with_no_taskflow_operators.py
[2026-06-18T17:12:40.900+0000] {processor.py:840} INFO - DAG(s) 'example_dynamic_task_mapping_with_no_taskflow_operators' retrieved from /home/airflow/.local/lib/python3.8/site-packages/airflow/example_dags/example_dynamic_task_mapping_with_no_taskflow_operators.py
[2026-06-18T17:12:40.934+0000] {logging_mixin.py:188} INFO - [2026-06-18T17:12:40.934+0000] {dag.py:3036} INFO - Sync 1 DAGs
[2026-06-18T17:12:41.182+0000] {logging_mixin.py:188} INFO - [2026-06-18T17:12:41.181+0000] {dag.py:3823} INFO - Setting next_dagrun for example_dynamic_task_mapping_with_no_taskflow_operators to 2026-06-17 00:00:00+00:00, run_after=2026-06-18 00:00:00+00:00
[2026-06-18T17:12:41.212+0000] {processor.py:183} INFO - Processing /home/airflow/.local/lib/python3.8/site-packages/airflow/example_dags/example_dynamic_task_mapping_with_no_taskflow_operators.py took 0.329 seconds
[2026-06-18T17:13:12.082+0000] {processor.py:161} INFO - Started process (PID=3050) to work on /home/airflow/.local/lib/python3.8/site-packages/airflow/example_dags/example_dynamic_task_mapping_with_no_taskflow_operators.py
[2026-06-18T17:13:12.084+0000] {processor.py:830} INFO - Processing file /home/airflow/.local/lib/python3.8/site-packages/airflow/example_dags/example_dynamic_task_mapping_with_no_taskflow_operators.py for tasks to queue
[2026-06-18T17:13:12.088+0000] {logging_mixin.py:188} INFO - [2026-06-18T17:13:12.087+0000] {dagbag.py:538} INFO - Filling up the DagBag from /home/airflow/.local/lib/python3.8/site-packages/airflow/example_dags/example_dynamic_task_mapping_with_no_taskflow_operators.py
[2026-06-18T17:13:12.097+0000] {processor.py:840} INFO - DAG(s) 'example_dynamic_task_mapping_with_no_taskflow_operators' retrieved from /home/airflow/.local/lib/python3.8/site-packages/airflow/example_dags/example_dynamic_task_mapping_with_no_taskflow_operators.py
[2026-06-18T17:13:12.132+0000] {logging_mixin.py:188} INFO - [2026-06-18T17:13:12.131+0000] {dag.py:3036} INFO - Sync 1 DAGs
[2026-06-18T17:13:12.175+0000] {logging_mixin.py:188} INFO - [2026-06-18T17:13:12.174+0000] {dag.py:3823} INFO - Setting next_dagrun for example_dynamic_task_mapping_with_no_taskflow_operators to 2026-06-17 00:00:00+00:00, run_after=2026-06-18 00:00:00+00:00
[2026-06-18T17:13:12.393+0000] {processor.py:183} INFO - Processing /home/airflow/.local/lib/python3.8/site-packages/airflow/example_dags/example_dynamic_task_mapping_with_no_taskflow_operators.py took 0.317 seconds
[2026-06-18T17:13:43.341+0000] {processor.py:161} INFO - Started process (PID=3115) to work on /home/airflow/.local/lib/python3.8/site-packages/airflow/example_dags/example_dynamic_task_mapping_with_no_taskflow_operators.py
[2026-06-18T17:13:43.342+0000] {processor.py:830} INFO - Processing file /home/airflow/.local/lib/python3.8/site-packages/airflow/example_dags/example_dynamic_task_mapping_with_no_taskflow_operators.py for tasks to queue
[2026-06-18T17:13:43.345+0000] {logging_mixin.py:188} INFO - [2026-06-18T17:13:43.345+0000] {dagbag.py:538} INFO - Filling up the DagBag from /home/airflow/.local/lib/python3.8/site-packages/airflow/example_dags/example_dynamic_task_mapping_with_no_taskflow_operators.py
[2026-06-18T17:13:43.356+0000] {processor.py:840} INFO - DAG(s) 'example_dynamic_task_mapping_with_no_taskflow_operators' retrieved from /home/airflow/.local/lib/python3.8/site-packages/airflow/example_dags/example_dynamic_task_mapping_with_no_taskflow_operators.py
[2026-06-18T17:13:43.395+0000] {logging_mixin.py:188} INFO - [2026-06-18T17:13:43.395+0000] {dag.py:3036} INFO - Sync 1 DAGs
[2026-06-18T17:13:43.438+0000] {logging_mixin.py:188} INFO - [2026-06-18T17:13:43.437+0000] {dag.py:3823} INFO - Setting next_dagrun for example_dynamic_task_mapping_with_no_taskflow_operators to 2026-06-17 00:00:00+00:00, run_after=2026-06-18 00:00:00+00:00
[2026-06-18T17:13:43.466+0000] {processor.py:183} INFO - Processing /home/airflow/.local/lib/python3.8/site-packages/airflow/example_dags/example_dynamic_task_mapping_with_no_taskflow_operators.py took 0.130 seconds
[2026-06-18T17:14:14.246+0000] {processor.py:161} INFO - Started process (PID=3180) to work on /home/airflow/.local/lib/python3.8/site-packages/airflow/example_dags/example_dynamic_task_mapping_with_no_taskflow_operators.py
[2026-06-18T17:14:14.248+0000] {processor.py:830} INFO - Processing file /home/airflow/.local/lib/python3.8/site-packages/airflow/example_dags/example_dynamic_task_mapping_with_no_taskflow_operators.py for tasks to queue
[2026-06-18T17:14:14.251+0000] {logging_mixin.py:188} INFO - [2026-06-18T17:14:14.251+0000] {dagbag.py:538} INFO - Filling up the DagBag from /home/airflow/.local/lib/python3.8/site-packages/airflow/example_dags/example_dynamic_task_mapping_with_no_taskflow_operators.py
[2026-06-18T17:14:14.461+0000] {processor.py:840} INFO - DAG(s) 'example_dynamic_task_mapping_with_no_taskflow_operators' retrieved from /home/airflow/.local/lib/python3.8/site-packages/airflow/example_dags/example_dynamic_task_mapping_with_no_taskflow_operators.py
[2026-06-18T17:14:14.502+0000] {logging_mixin.py:188} INFO - [2026-06-18T17:14:14.501+0000] {dag.py:3036} INFO - Sync 1 DAGs
[2026-06-18T17:14:14.544+0000] {logging_mixin.py:188} INFO - [2026-06-18T17:14:14.544+0000] {dag.py:3823} INFO - Setting next_dagrun for example_dynamic_task_mapping_with_no_taskflow_operators to 2026-06-17 00:00:00+00:00, run_after=2026-06-18 00:00:00+00:00
[2026-06-18T17:14:14.580+0000] {processor.py:183} INFO - Processing /home/airflow/.local/lib/python3.8/site-packages/airflow/example_dags/example_dynamic_task_mapping_with_no_taskflow_operators.py took 0.340 seconds
[2026-06-18T17:14:44.702+0000] {processor.py:161} INFO - Started process (PID=3246) to work on /home/airflow/.local/lib/python3.8/site-packages/airflow/example_dags/example_dynamic_task_mapping_with_no_taskflow_operators.py
[2026-06-18T17:14:44.704+0000] {processor.py:830} INFO - Processing file /home/airflow/.local/lib/python3.8/site-packages/airflow/example_dags/example_dynamic_task_mapping_with_no_taskflow_operators.py for tasks to queue
[2026-06-18T17:14:44.707+0000] {logging_mixin.py:188} INFO - [2026-06-18T17:14:44.706+0000] {dagbag.py:538} INFO - Filling up the DagBag from /home/airflow/.local/lib/python3.8/site-packages/airflow/example_dags/example_dynamic_task_mapping_with_no_taskflow_operators.py
[2026-06-18T17:14:44.719+0000] {processor.py:840} INFO - DAG(s) 'example_dynamic_task_mapping_with_no_taskflow_operators' retrieved from /home/airflow/.local/lib/python3.8/site-packages/airflow/example_dags/example_dynamic_task_mapping_with_no_taskflow_operators.py
[2026-06-18T17:14:44.759+0000] {logging_mixin.py:188} INFO - [2026-06-18T17:14:44.759+0000] {dag.py:3036} INFO - Sync 1 DAGs
[2026-06-18T17:14:44.800+0000] {logging_mixin.py:188} INFO - [2026-06-18T17:14:44.800+0000] {dag.py:3823} INFO - Setting next_dagrun for example_dynamic_task_mapping_with_no_taskflow_operators to 2026-06-17 00:00:00+00:00, run_after=2026-06-18 00:00:00+00:00
[2026-06-18T17:14:44.835+0000] {processor.py:183} INFO - Processing /home/airflow/.local/lib/python3.8/site-packages/airflow/example_dags/example_dynamic_task_mapping_with_no_taskflow_operators.py took 0.138 seconds
[2026-06-18T17:15:15.152+0000] {processor.py:161} INFO - Started process (PID=3313) to work on /home/airflow/.local/lib/python3.8/site-packages/airflow/example_dags/example_dynamic_task_mapping_with_no_taskflow_operators.py
[2026-06-18T17:15:15.154+0000] {processor.py:830} INFO - Processing file /home/airflow/.local/lib/python3.8/site-packages/airflow/example_dags/example_dynamic_task_mapping_with_no_taskflow_operators.py for tasks to queue
[2026-06-18T17:15:15.157+0000] {logging_mixin.py:188} INFO - [2026-06-18T17:15:15.156+0000] {dagbag.py:538} INFO - Filling up the DagBag from /home/airflow/.local/lib/python3.8/site-packages/airflow/example_dags/example_dynamic_task_mapping_with_no_taskflow_operators.py
[2026-06-18T17:15:15.167+0000] {processor.py:840} INFO - DAG(s) 'example_dynamic_task_mapping_with_no_taskflow_operators' retrieved from /home/airflow/.local/lib/python3.8/site-packages/airflow/example_dags/example_dynamic_task_mapping_with_no_taskflow_operators.py
[2026-06-18T17:15:15.203+0000] {logging_mixin.py:188} INFO - [2026-06-18T17:15:15.202+0000] {dag.py:3036} INFO - Sync 1 DAGs
[2026-06-18T17:15:15.240+0000] {logging_mixin.py:188} INFO - [2026-06-18T17:15:15.239+0000] {dag.py:3823} INFO - Setting next_dagrun for example_dynamic_task_mapping_with_no_taskflow_operators to 2026-06-17 00:00:00+00:00, run_after=2026-06-18 00:00:00+00:00
[2026-06-18T17:15:15.271+0000] {processor.py:183} INFO - Processing /home/airflow/.local/lib/python3.8/site-packages/airflow/example_dags/example_dynamic_task_mapping_with_no_taskflow_operators.py took 0.124 seconds
[2026-06-18T17:15:45.425+0000] {processor.py:161} INFO - Started process (PID=3378) to work on /home/airflow/.local/lib/python3.8/site-packages/airflow/example_dags/example_dynamic_task_mapping_with_no_taskflow_operators.py
[2026-06-18T17:15:45.426+0000] {processor.py:830} INFO - Processing file /home/airflow/.local/lib/python3.8/site-packages/airflow/example_dags/example_dynamic_task_mapping_with_no_taskflow_operators.py for tasks to queue
[2026-06-18T17:15:45.429+0000] {logging_mixin.py:188} INFO - [2026-06-18T17:15:45.429+0000] {dagbag.py:538} INFO - Filling up the DagBag from /home/airflow/.local/lib/python3.8/site-packages/airflow/example_dags/example_dynamic_task_mapping_with_no_taskflow_operators.py
[2026-06-18T17:15:45.441+0000] {processor.py:840} INFO - DAG(s) 'example_dynamic_task_mapping_with_no_taskflow_operators' retrieved from /home/airflow/.local/lib/python3.8/site-packages/airflow/example_dags/example_dynamic_task_mapping_with_no_taskflow_operators.py
[2026-06-18T17:15:45.478+0000] {logging_mixin.py:188} INFO - [2026-06-18T17:15:45.478+0000] {dag.py:3036} INFO - Sync 1 DAGs
[2026-06-18T17:15:45.516+0000] {logging_mixin.py:188} INFO - [2026-06-18T17:15:45.516+0000] {dag.py:3823} INFO - Setting next_dagrun for example_dynamic_task_mapping_with_no_taskflow_operators to 2026-06-17 00:00:00+00:00, run_after=2026-06-18 00:00:00+00:00
[2026-06-18T17:15:45.561+0000] {processor.py:183} INFO - Processing /home/airflow/.local/lib/python3.8/site-packages/airflow/example_dags/example_dynamic_task_mapping_with_no_taskflow_operators.py took 0.141 seconds
[2026-06-18T17:16:15.889+0000] {processor.py:161} INFO - Started process (PID=3449) to work on /home/airflow/.local/lib/python3.8/site-packages/airflow/example_dags/example_dynamic_task_mapping_with_no_taskflow_operators.py
[2026-06-18T17:16:15.892+0000] {processor.py:830} INFO - Processing file /home/airflow/.local/lib/python3.8/site-packages/airflow/example_dags/example_dynamic_task_mapping_with_no_taskflow_operators.py for tasks to queue
[2026-06-18T17:16:15.895+0000] {logging_mixin.py:188} INFO - [2026-06-18T17:16:15.895+0000] {dagbag.py:538} INFO - Filling up the DagBag from /home/airflow/.local/lib/python3.8/site-packages/airflow/example_dags/example_dynamic_task_mapping_with_no_taskflow_operators.py
[2026-06-18T17:16:15.908+0000] {processor.py:840} INFO - DAG(s) 'example_dynamic_task_mapping_with_no_taskflow_operators' retrieved from /home/airflow/.local/lib/python3.8/site-packages/airflow/example_dags/example_dynamic_task_mapping_with_no_taskflow_operators.py
[2026-06-18T17:16:15.950+0000] {logging_mixin.py:188} INFO - [2026-06-18T17:16:15.950+0000] {dag.py:3036} INFO - Sync 1 DAGs
[2026-06-18T17:16:15.997+0000] {logging_mixin.py:188} INFO - [2026-06-18T17:16:15.997+0000] {dag.py:3823} INFO - Setting next_dagrun for example_dynamic_task_mapping_with_no_taskflow_operators to 2026-06-17 00:00:00+00:00, run_after=2026-06-18 00:00:00+00:00
[2026-06-18T17:16:16.035+0000] {processor.py:183} INFO - Processing /home/airflow/.local/lib/python3.8/site-packages/airflow/example_dags/example_dynamic_task_mapping_with_no_taskflow_operators.py took 0.152 seconds
[2026-06-18T17:16:46.213+0000] {processor.py:161} INFO - Started process (PID=3517) to work on /home/airflow/.local/lib/python3.8/site-packages/airflow/example_dags/example_dynamic_task_mapping_with_no_taskflow_operators.py
[2026-06-18T17:16:46.214+0000] {processor.py:830} INFO - Processing file /home/airflow/.local/lib/python3.8/site-packages/airflow/example_dags/example_dynamic_task_mapping_with_no_taskflow_operators.py for tasks to queue
[2026-06-18T17:16:46.217+0000] {logging_mixin.py:188} INFO - [2026-06-18T17:16:46.217+0000] {dagbag.py:538} INFO - Filling up the DagBag from /home/airflow/.local/lib/python3.8/site-packages/airflow/example_dags/example_dynamic_task_mapping_with_no_taskflow_operators.py
[2026-06-18T17:16:46.227+0000] {processor.py:840} INFO - DAG(s) 'example_dynamic_task_mapping_with_no_taskflow_operators' retrieved from /home/airflow/.local/lib/python3.8/site-packages/airflow/example_dags/example_dynamic_task_mapping_with_no_taskflow_operators.py
[2026-06-18T17:16:46.267+0000] {logging_mixin.py:188} INFO - [2026-06-18T17:16:46.267+0000] {dag.py:3036} INFO - Sync 1 DAGs
[2026-06-18T17:16:46.309+0000] {logging_mixin.py:188} INFO - [2026-06-18T17:16:46.308+0000] {dag.py:3823} INFO - Setting next_dagrun for example_dynamic_task_mapping_with_no_taskflow_operators to 2026-06-17 00:00:00+00:00, run_after=2026-06-18 00:00:00+00:00
[2026-06-18T17:16:46.347+0000] {processor.py:183} INFO - Processing /home/airflow/.local/lib/python3.8/site-packages/airflow/example_dags/example_dynamic_task_mapping_with_no_taskflow_operators.py took 0.140 seconds
[2026-06-18T17:17:16.512+0000] {processor.py:161} INFO - Started process (PID=3584) to work on /home/airflow/.local/lib/python3.8/site-packages/airflow/example_dags/example_dynamic_task_mapping_with_no_taskflow_operators.py
[2026-06-18T17:17:16.514+0000] {processor.py:830} INFO - Processing file /home/airflow/.local/lib/python3.8/site-packages/airflow/example_dags/example_dynamic_task_mapping_with_no_taskflow_operators.py for tasks to queue
[2026-06-18T17:17:16.517+0000] {logging_mixin.py:188} INFO - [2026-06-18T17:17:16.516+0000] {dagbag.py:538} INFO - Filling up the DagBag from /home/airflow/.local/lib/python3.8/site-packages/airflow/example_dags/example_dynamic_task_mapping_with_no_taskflow_operators.py
[2026-06-18T17:17:16.525+0000] {processor.py:840} INFO - DAG(s) 'example_dynamic_task_mapping_with_no_taskflow_operators' retrieved from /home/airflow/.local/lib/python3.8/site-packages/airflow/example_dags/example_dynamic_task_mapping_with_no_taskflow_operators.py
[2026-06-18T17:17:16.562+0000] {logging_mixin.py:188} INFO - [2026-06-18T17:17:16.561+0000] {dag.py:3036} INFO - Sync 1 DAGs
[2026-06-18T17:17:16.605+0000] {logging_mixin.py:188} INFO - [2026-06-18T17:17:16.604+0000] {dag.py:3823} INFO - Setting next_dagrun for example_dynamic_task_mapping_with_no_taskflow_operators to 2026-06-17 00:00:00+00:00, run_after=2026-06-18 00:00:00+00:00
[2026-06-18T17:17:16.641+0000] {processor.py:183} INFO - Processing /home/airflow/.local/lib/python3.8/site-packages/airflow/example_dags/example_dynamic_task_mapping_with_no_taskflow_operators.py took 0.134 seconds
[2026-06-18T17:17:46.992+0000] {processor.py:161} INFO - Started process (PID=3650) to work on /home/airflow/.local/lib/python3.8/site-packages/airflow/example_dags/example_dynamic_task_mapping_with_no_taskflow_operators.py
[2026-06-18T17:17:46.994+0000] {processor.py:830} INFO - Processing file /home/airflow/.local/lib/python3.8/site-packages/airflow/example_dags/example_dynamic_task_mapping_with_no_taskflow_operators.py for tasks to queue
[2026-06-18T17:17:46.997+0000] {logging_mixin.py:188} INFO - [2026-06-18T17:17:46.996+0000] {dagbag.py:538} INFO - Filling up the DagBag from /home/airflow/.local/lib/python3.8/site-packages/airflow/example_dags/example_dynamic_task_mapping_with_no_taskflow_operators.py
[2026-06-18T17:17:47.008+0000] {processor.py:840} INFO - DAG(s) 'example_dynamic_task_mapping_with_no_taskflow_operators' retrieved from /home/airflow/.local/lib/python3.8/site-packages/airflow/example_dags/example_dynamic_task_mapping_with_no_taskflow_operators.py
[2026-06-18T17:17:47.043+0000] {logging_mixin.py:188} INFO - [2026-06-18T17:17:47.042+0000] {dag.py:3036} INFO - Sync 1 DAGs
[2026-06-18T17:17:47.086+0000] {logging_mixin.py:188} INFO - [2026-06-18T17:17:47.086+0000] {dag.py:3823} INFO - Setting next_dagrun for example_dynamic_task_mapping_with_no_taskflow_operators to 2026-06-17 00:00:00+00:00, run_after=2026-06-18 00:00:00+00:00
[2026-06-18T17:17:47.128+0000] {processor.py:183} INFO - Processing /home/airflow/.local/lib/python3.8/site-packages/airflow/example_dags/example_dynamic_task_mapping_with_no_taskflow_operators.py took 0.142 seconds
[2026-06-18T17:18:17.683+0000] {processor.py:161} INFO - Started process (PID=3717) to work on /home/airflow/.local/lib/python3.8/site-packages/airflow/example_dags/example_dynamic_task_mapping_with_no_taskflow_operators.py
[2026-06-18T17:18:17.685+0000] {processor.py:830} INFO - Processing file /home/airflow/.local/lib/python3.8/site-packages/airflow/example_dags/example_dynamic_task_mapping_with_no_taskflow_operators.py for tasks to queue
[2026-06-18T17:18:17.688+0000] {logging_mixin.py:188} INFO - [2026-06-18T17:18:17.688+0000] {dagbag.py:538} INFO - Filling up the DagBag from /home/airflow/.local/lib/python3.8/site-packages/airflow/example_dags/example_dynamic_task_mapping_with_no_taskflow_operators.py
[2026-06-18T17:18:17.699+0000] {processor.py:840} INFO - DAG(s) 'example_dynamic_task_mapping_with_no_taskflow_operators' retrieved from /home/airflow/.local/lib/python3.8/site-packages/airflow/example_dags/example_dynamic_task_mapping_with_no_taskflow_operators.py
[2026-06-18T17:18:17.734+0000] {logging_mixin.py:188} INFO - [2026-06-18T17:18:17.734+0000] {dag.py:3036} INFO - Sync 1 DAGs
[2026-06-18T17:18:17.772+0000] {logging_mixin.py:188} INFO - [2026-06-18T17:18:17.771+0000] {dag.py:3823} INFO - Setting next_dagrun for example_dynamic_task_mapping_with_no_taskflow_operators to 2026-06-17 00:00:00+00:00, run_after=2026-06-18 00:00:00+00:00
[2026-06-18T17:18:17.798+0000] {processor.py:183} INFO - Processing /home/airflow/.local/lib/python3.8/site-packages/airflow/example_dags/example_dynamic_task_mapping_with_no_taskflow_operators.py took 0.121 seconds
[2026-06-18T17:18:48.211+0000] {processor.py:161} INFO - Started process (PID=3783) to work on /home/airflow/.local/lib/python3.8/site-packages/airflow/example_dags/example_dynamic_task_mapping_with_no_taskflow_operators.py
[2026-06-18T17:18:48.213+0000] {processor.py:830} INFO - Processing file /home/airflow/.local/lib/python3.8/site-packages/airflow/example_dags/example_dynamic_task_mapping_with_no_taskflow_operators.py for tasks to queue
[2026-06-18T17:18:48.215+0000] {logging_mixin.py:188} INFO - [2026-06-18T17:18:48.215+0000] {dagbag.py:538} INFO - Filling up the DagBag from /home/airflow/.local/lib/python3.8/site-packages/airflow/example_dags/example_dynamic_task_mapping_with_no_taskflow_operators.py
[2026-06-18T17:18:48.226+0000] {processor.py:840} INFO - DAG(s) 'example_dynamic_task_mapping_with_no_taskflow_operators' retrieved from /home/airflow/.local/lib/python3.8/site-packages/airflow/example_dags/example_dynamic_task_mapping_with_no_taskflow_operators.py
[2026-06-18T17:18:48.262+0000] {logging_mixin.py:188} INFO - [2026-06-18T17:18:48.262+0000] {dag.py:3036} INFO - Sync 1 DAGs
[2026-06-18T17:18:48.305+0000] {logging_mixin.py:188} INFO - [2026-06-18T17:18:48.305+0000] {dag.py:3823} INFO - Setting next_dagrun for example_dynamic_task_mapping_with_no_taskflow_operators to 2026-06-17 00:00:00+00:00, run_after=2026-06-18 00:00:00+00:00
[2026-06-18T17:18:48.341+0000] {processor.py:183} INFO - Processing /home/airflow/.local/lib/python3.8/site-packages/airflow/example_dags/example_dynamic_task_mapping_with_no_taskflow_operators.py took 0.136 seconds
[2026-06-18T17:19:18.591+0000] {processor.py:161} INFO - Started process (PID=3849) to work on /home/airflow/.local/lib/python3.8/site-packages/airflow/example_dags/example_dynamic_task_mapping_with_no_taskflow_operators.py
[2026-06-18T17:19:18.592+0000] {processor.py:830} INFO - Processing file /home/airflow/.local/lib/python3.8/site-packages/airflow/example_dags/example_dynamic_task_mapping_with_no_taskflow_operators.py for tasks to queue
[2026-06-18T17:19:18.595+0000] {logging_mixin.py:188} INFO - [2026-06-18T17:19:18.594+0000] {dagbag.py:538} INFO - Filling up the DagBag from /home/airflow/.local/lib/python3.8/site-packages/airflow/example_dags/example_dynamic_task_mapping_with_no_taskflow_operators.py
[2026-06-18T17:19:18.604+0000] {processor.py:840} INFO - DAG(s) 'example_dynamic_task_mapping_with_no_taskflow_operators' retrieved from /home/airflow/.local/lib/python3.8/site-packages/airflow/example_dags/example_dynamic_task_mapping_with_no_taskflow_operators.py
[2026-06-18T17:19:18.644+0000] {logging_mixin.py:188} INFO - [2026-06-18T17:19:18.644+0000] {dag.py:3036} INFO - Sync 1 DAGs
[2026-06-18T17:19:18.691+0000] {logging_mixin.py:188} INFO - [2026-06-18T17:19:18.691+0000] {dag.py:3823} INFO - Setting next_dagrun for example_dynamic_task_mapping_with_no_taskflow_operators to 2026-06-17 00:00:00+00:00, run_after=2026-06-18 00:00:00+00:00
[2026-06-18T17:19:18.726+0000] {processor.py:183} INFO - Processing /home/airflow/.local/lib/python3.8/site-packages/airflow/example_dags/example_dynamic_task_mapping_with_no_taskflow_operators.py took 0.141 seconds
[2026-06-18T17:19:48.899+0000] {processor.py:161} INFO - Started process (PID=3918) to work on /home/airflow/.local/lib/python3.8/site-packages/airflow/example_dags/example_dynamic_task_mapping_with_no_taskflow_operators.py
[2026-06-18T17:19:48.901+0000] {processor.py:830} INFO - Processing file /home/airflow/.local/lib/python3.8/site-packages/airflow/example_dags/example_dynamic_task_mapping_with_no_taskflow_operators.py for tasks to queue
[2026-06-18T17:19:48.904+0000] {logging_mixin.py:188} INFO - [2026-06-18T17:19:48.903+0000] {dagbag.py:538} INFO - Filling up the DagBag from /home/airflow/.local/lib/python3.8/site-packages/airflow/example_dags/example_dynamic_task_mapping_with_no_taskflow_operators.py
[2026-06-18T17:19:48.922+0000] {processor.py:840} INFO - DAG(s) 'example_dynamic_task_mapping_with_no_taskflow_operators' retrieved from /home/airflow/.local/lib/python3.8/site-packages/airflow/example_dags/example_dynamic_task_mapping_with_no_taskflow_operators.py
[2026-06-18T17:19:48.959+0000] {logging_mixin.py:188} INFO - [2026-06-18T17:19:48.959+0000] {dag.py:3036} INFO - Sync 1 DAGs
[2026-06-18T17:19:48.998+0000] {logging_mixin.py:188} INFO - [2026-06-18T17:19:48.997+0000] {dag.py:3823} INFO - Setting next_dagrun for example_dynamic_task_mapping_with_no_taskflow_operators to 2026-06-17 00:00:00+00:00, run_after=2026-06-18 00:00:00+00:00
[2026-06-18T17:19:49.027+0000] {processor.py:183} INFO - Processing /home/airflow/.local/lib/python3.8/site-packages/airflow/example_dags/example_dynamic_task_mapping_with_no_taskflow_operators.py took 0.134 seconds
[2026-06-18T17:20:19.428+0000] {processor.py:161} INFO - Started process (PID=3984) to work on /home/airflow/.local/lib/python3.8/site-packages/airflow/example_dags/example_dynamic_task_mapping_with_no_taskflow_operators.py
[2026-06-18T17:20:19.430+0000] {processor.py:830} INFO - Processing file /home/airflow/.local/lib/python3.8/site-packages/airflow/example_dags/example_dynamic_task_mapping_with_no_taskflow_operators.py for tasks to queue
[2026-06-18T17:20:19.433+0000] {logging_mixin.py:188} INFO - [2026-06-18T17:20:19.432+0000] {dagbag.py:538} INFO - Filling up the DagBag from /home/airflow/.local/lib/python3.8/site-packages/airflow/example_dags/example_dynamic_task_mapping_with_no_taskflow_operators.py
[2026-06-18T17:20:19.446+0000] {processor.py:840} INFO - DAG(s) 'example_dynamic_task_mapping_with_no_taskflow_operators' retrieved from /home/airflow/.local/lib/python3.8/site-packages/airflow/example_dags/example_dynamic_task_mapping_with_no_taskflow_operators.py
[2026-06-18T17:20:19.484+0000] {logging_mixin.py:188} INFO - [2026-06-18T17:20:19.483+0000] {dag.py:3036} INFO - Sync 1 DAGs
[2026-06-18T17:20:19.519+0000] {logging_mixin.py:188} INFO - [2026-06-18T17:20:19.519+0000] {dag.py:3823} INFO - Setting next_dagrun for example_dynamic_task_mapping_with_no_taskflow_operators to 2026-06-17 00:00:00+00:00, run_after=2026-06-18 00:00:00+00:00
[2026-06-18T17:20:19.550+0000] {processor.py:183} INFO - Processing /home/airflow/.local/lib/python3.8/site-packages/airflow/example_dags/example_dynamic_task_mapping_with_no_taskflow_operators.py took 0.127 seconds
[2026-06-18T17:20:49.688+0000] {processor.py:161} INFO - Started process (PID=4051) to work on /home/airflow/.local/lib/python3.8/site-packages/airflow/example_dags/example_dynamic_task_mapping_with_no_taskflow_operators.py
[2026-06-18T17:20:49.689+0000] {processor.py:830} INFO - Processing file /home/airflow/.local/lib/python3.8/site-packages/airflow/example_dags/example_dynamic_task_mapping_with_no_taskflow_operators.py for tasks to queue
[2026-06-18T17:20:49.692+0000] {logging_mixin.py:188} INFO - [2026-06-18T17:20:49.691+0000] {dagbag.py:538} INFO - Filling up the DagBag from /home/airflow/.local/lib/python3.8/site-packages/airflow/example_dags/example_dynamic_task_mapping_with_no_taskflow_operators.py
[2026-06-18T17:20:49.701+0000] {processor.py:840} INFO - DAG(s) 'example_dynamic_task_mapping_with_no_taskflow_operators' retrieved from /home/airflow/.local/lib/python3.8/site-packages/airflow/example_dags/example_dynamic_task_mapping_with_no_taskflow_operators.py
[2026-06-18T17:20:49.738+0000] {logging_mixin.py:188} INFO - [2026-06-18T17:20:49.737+0000] {dag.py:3036} INFO - Sync 1 DAGs
[2026-06-18T17:20:49.778+0000] {logging_mixin.py:188} INFO - [2026-06-18T17:20:49.777+0000] {dag.py:3823} INFO - Setting next_dagrun for example_dynamic_task_mapping_with_no_taskflow_operators to 2026-06-17 00:00:00+00:00, run_after=2026-06-18 00:00:00+00:00
[2026-06-18T17:20:49.811+0000] {processor.py:183} INFO - Processing /home/airflow/.local/lib/python3.8/site-packages/airflow/example_dags/example_dynamic_task_mapping_with_no_taskflow_operators.py took 0.129 seconds
[2026-06-18T17:21:20.390+0000] {processor.py:161} INFO - Started process (PID=4117) to work on /home/airflow/.local/lib/python3.8/site-packages/airflow/example_dags/example_dynamic_task_mapping_with_no_taskflow_operators.py
[2026-06-18T17:21:20.392+0000] {processor.py:830} INFO - Processing file /home/airflow/.local/lib/python3.8/site-packages/airflow/example_dags/example_dynamic_task_mapping_with_no_taskflow_operators.py for tasks to queue
[2026-06-18T17:21:20.397+0000] {logging_mixin.py:188} INFO - [2026-06-18T17:21:20.396+0000] {dagbag.py:538} INFO - Filling up the DagBag from /home/airflow/.local/lib/python3.8/site-packages/airflow/example_dags/example_dynamic_task_mapping_with_no_taskflow_operators.py
[2026-06-18T17:21:20.406+0000] {processor.py:840} INFO - DAG(s) 'example_dynamic_task_mapping_with_no_taskflow_operators' retrieved from /home/airflow/.local/lib/python3.8/site-packages/airflow/example_dags/example_dynamic_task_mapping_with_no_taskflow_operators.py
[2026-06-18T17:21:20.446+0000] {logging_mixin.py:188} INFO - [2026-06-18T17:21:20.446+0000] {dag.py:3036} INFO - Sync 1 DAGs
[2026-06-18T17:21:20.486+0000] {logging_mixin.py:188} INFO - [2026-06-18T17:21:20.486+0000] {dag.py:3823} INFO - Setting next_dagrun for example_dynamic_task_mapping_with_no_taskflow_operators to 2026-06-17 00:00:00+00:00, run_after=2026-06-18 00:00:00+00:00
[2026-06-18T17:21:20.521+0000] {processor.py:183} INFO - Processing /home/airflow/.local/lib/python3.8/site-packages/airflow/example_dags/example_dynamic_task_mapping_with_no_taskflow_operators.py took 0.136 seconds
[2026-06-18T17:21:50.612+0000] {processor.py:161} INFO - Started process (PID=4183) to work on /home/airflow/.local/lib/python3.8/site-packages/airflow/example_dags/example_dynamic_task_mapping_with_no_taskflow_operators.py
[2026-06-18T17:21:50.613+0000] {processor.py:830} INFO - Processing file /home/airflow/.local/lib/python3.8/site-packages/airflow/example_dags/example_dynamic_task_mapping_with_no_taskflow_operators.py for tasks to queue
[2026-06-18T17:21:50.616+0000] {logging_mixin.py:188} INFO - [2026-06-18T17:21:50.615+0000] {dagbag.py:538} INFO - Filling up the DagBag from /home/airflow/.local/lib/python3.8/site-packages/airflow/example_dags/example_dynamic_task_mapping_with_no_taskflow_operators.py
[2026-06-18T17:21:50.625+0000] {processor.py:840} INFO - DAG(s) 'example_dynamic_task_mapping_with_no_taskflow_operators' retrieved from /home/airflow/.local/lib/python3.8/site-packages/airflow/example_dags/example_dynamic_task_mapping_with_no_taskflow_operators.py
[2026-06-18T17:21:50.659+0000] {logging_mixin.py:188} INFO - [2026-06-18T17:21:50.658+0000] {dag.py:3036} INFO - Sync 1 DAGs
[2026-06-18T17:21:50.701+0000] {logging_mixin.py:188} INFO - [2026-06-18T17:21:50.701+0000] {dag.py:3823} INFO - Setting next_dagrun for example_dynamic_task_mapping_with_no_taskflow_operators to 2026-06-17 00:00:00+00:00, run_after=2026-06-18 00:00:00+00:00
[2026-06-18T17:21:50.735+0000] {processor.py:183} INFO - Processing /home/airflow/.local/lib/python3.8/site-packages/airflow/example_dags/example_dynamic_task_mapping_with_no_taskflow_operators.py took 0.129 seconds
[2026-06-18T17:22:20.907+0000] {processor.py:161} INFO - Started process (PID=4249) to work on /home/airflow/.local/lib/python3.8/site-packages/airflow/example_dags/example_dynamic_task_mapping_with_no_taskflow_operators.py
[2026-06-18T17:22:20.909+0000] {processor.py:830} INFO - Processing file /home/airflow/.local/lib/python3.8/site-packages/airflow/example_dags/example_dynamic_task_mapping_with_no_taskflow_operators.py for tasks to queue
[2026-06-18T17:22:20.911+0000] {logging_mixin.py:188} INFO - [2026-06-18T17:22:20.911+0000] {dagbag.py:538} INFO - Filling up the DagBag from /home/airflow/.local/lib/python3.8/site-packages/airflow/example_dags/example_dynamic_task_mapping_with_no_taskflow_operators.py
[2026-06-18T17:22:20.920+0000] {processor.py:840} INFO - DAG(s) 'example_dynamic_task_mapping_with_no_taskflow_operators' retrieved from /home/airflow/.local/lib/python3.8/site-packages/airflow/example_dags/example_dynamic_task_mapping_with_no_taskflow_operators.py
[2026-06-18T17:22:20.955+0000] {logging_mixin.py:188} INFO - [2026-06-18T17:22:20.954+0000] {dag.py:3036} INFO - Sync 1 DAGs
[2026-06-18T17:22:20.992+0000] {logging_mixin.py:188} INFO - [2026-06-18T17:22:20.991+0000] {dag.py:3823} INFO - Setting next_dagrun for example_dynamic_task_mapping_with_no_taskflow_operators to 2026-06-17 00:00:00+00:00, run_after=2026-06-18 00:00:00+00:00
[2026-06-18T17:22:21.023+0000] {processor.py:183} INFO - Processing /home/airflow/.local/lib/python3.8/site-packages/airflow/example_dags/example_dynamic_task_mapping_with_no_taskflow_operators.py took 0.121 seconds
[2026-06-18T17:22:51.385+0000] {processor.py:161} INFO - Started process (PID=4323) to work on /home/airflow/.local/lib/python3.8/site-packages/airflow/example_dags/example_dynamic_task_mapping_with_no_taskflow_operators.py
[2026-06-18T17:22:51.387+0000] {processor.py:830} INFO - Processing file /home/airflow/.local/lib/python3.8/site-packages/airflow/example_dags/example_dynamic_task_mapping_with_no_taskflow_operators.py for tasks to queue
[2026-06-18T17:22:51.390+0000] {logging_mixin.py:188} INFO - [2026-06-18T17:22:51.389+0000] {dagbag.py:538} INFO - Filling up the DagBag from /home/airflow/.local/lib/python3.8/site-packages/airflow/example_dags/example_dynamic_task_mapping_with_no_taskflow_operators.py
[2026-06-18T17:22:51.399+0000] {processor.py:840} INFO - DAG(s) 'example_dynamic_task_mapping_with_no_taskflow_operators' retrieved from /home/airflow/.local/lib/python3.8/site-packages/airflow/example_dags/example_dynamic_task_mapping_with_no_taskflow_operators.py
[2026-06-18T17:22:51.434+0000] {logging_mixin.py:188} INFO - [2026-06-18T17:22:51.434+0000] {dag.py:3036} INFO - Sync 1 DAGs
[2026-06-18T17:22:51.472+0000] {logging_mixin.py:188} INFO - [2026-06-18T17:22:51.471+0000] {dag.py:3823} INFO - Setting next_dagrun for example_dynamic_task_mapping_with_no_taskflow_operators to 2026-06-17 00:00:00+00:00, run_after=2026-06-18 00:00:00+00:00
[2026-06-18T17:22:51.503+0000] {processor.py:183} INFO - Processing /home/airflow/.local/lib/python3.8/site-packages/airflow/example_dags/example_dynamic_task_mapping_with_no_taskflow_operators.py took 0.123 seconds
[2026-06-18T17:23:22.144+0000] {processor.py:161} INFO - Started process (PID=4389) to work on /home/airflow/.local/lib/python3.8/site-packages/airflow/example_dags/example_dynamic_task_mapping_with_no_taskflow_operators.py
[2026-06-18T17:23:22.148+0000] {processor.py:830} INFO - Processing file /home/airflow/.local/lib/python3.8/site-packages/airflow/example_dags/example_dynamic_task_mapping_with_no_taskflow_operators.py for tasks to queue
[2026-06-18T17:23:22.155+0000] {logging_mixin.py:188} INFO - [2026-06-18T17:23:22.154+0000] {dagbag.py:538} INFO - Filling up the DagBag from /home/airflow/.local/lib/python3.8/site-packages/airflow/example_dags/example_dynamic_task_mapping_with_no_taskflow_operators.py
[2026-06-18T17:23:22.166+0000] {processor.py:840} INFO - DAG(s) 'example_dynamic_task_mapping_with_no_taskflow_operators' retrieved from /home/airflow/.local/lib/python3.8/site-packages/airflow/example_dags/example_dynamic_task_mapping_with_no_taskflow_operators.py
[2026-06-18T17:23:22.216+0000] {logging_mixin.py:188} INFO - [2026-06-18T17:23:22.216+0000] {dag.py:3036} INFO - Sync 1 DAGs
[2026-06-18T17:23:22.266+0000] {logging_mixin.py:188} INFO - [2026-06-18T17:23:22.266+0000] {dag.py:3823} INFO - Setting next_dagrun for example_dynamic_task_mapping_with_no_taskflow_operators to 2026-06-17 00:00:00+00:00, run_after=2026-06-18 00:00:00+00:00
[2026-06-18T17:23:22.320+0000] {processor.py:183} INFO - Processing /home/airflow/.local/lib/python3.8/site-packages/airflow/example_dags/example_dynamic_task_mapping_with_no_taskflow_operators.py took 0.183 seconds
[2026-06-18T17:23:52.563+0000] {processor.py:161} INFO - Started process (PID=4454) to work on /home/airflow/.local/lib/python3.8/site-packages/airflow/example_dags/example_dynamic_task_mapping_with_no_taskflow_operators.py
[2026-06-18T17:23:52.564+0000] {processor.py:830} INFO - Processing file /home/airflow/.local/lib/python3.8/site-packages/airflow/example_dags/example_dynamic_task_mapping_with_no_taskflow_operators.py for tasks to queue
[2026-06-18T17:23:52.568+0000] {logging_mixin.py:188} INFO - [2026-06-18T17:23:52.567+0000] {dagbag.py:538} INFO - Filling up the DagBag from /home/airflow/.local/lib/python3.8/site-packages/airflow/example_dags/example_dynamic_task_mapping_with_no_taskflow_operators.py
[2026-06-18T17:23:52.579+0000] {processor.py:840} INFO - DAG(s) 'example_dynamic_task_mapping_with_no_taskflow_operators' retrieved from /home/airflow/.local/lib/python3.8/site-packages/airflow/example_dags/example_dynamic_task_mapping_with_no_taskflow_operators.py
[2026-06-18T17:23:52.621+0000] {logging_mixin.py:188} INFO - [2026-06-18T17:23:52.620+0000] {dag.py:3036} INFO - Sync 1 DAGs
[2026-06-18T17:23:52.667+0000] {logging_mixin.py:188} INFO - [2026-06-18T17:23:52.666+0000] {dag.py:3823} INFO - Setting next_dagrun for example_dynamic_task_mapping_with_no_taskflow_operators to 2026-06-17 00:00:00+00:00, run_after=2026-06-18 00:00:00+00:00
[2026-06-18T17:23:52.699+0000] {processor.py:183} INFO - Processing /home/airflow/.local/lib/python3.8/site-packages/airflow/example_dags/example_dynamic_task_mapping_with_no_taskflow_operators.py took 0.143 seconds
[2026-06-18T17:24:22.943+0000] {processor.py:161} INFO - Started process (PID=4520) to work on /home/airflow/.local/lib/python3.8/site-packages/airflow/example_dags/example_dynamic_task_mapping_with_no_taskflow_operators.py
[2026-06-18T17:24:22.948+0000] {processor.py:830} INFO - Processing file /home/airflow/.local/lib/python3.8/site-packages/airflow/example_dags/example_dynamic_task_mapping_with_no_taskflow_operators.py for tasks to queue
[2026-06-18T17:24:22.957+0000] {logging_mixin.py:188} INFO - [2026-06-18T17:24:22.956+0000] {dagbag.py:538} INFO - Filling up the DagBag from /home/airflow/.local/lib/python3.8/site-packages/airflow/example_dags/example_dynamic_task_mapping_with_no_taskflow_operators.py
[2026-06-18T17:24:22.975+0000] {processor.py:840} INFO - DAG(s) 'example_dynamic_task_mapping_with_no_taskflow_operators' retrieved from /home/airflow/.local/lib/python3.8/site-packages/airflow/example_dags/example_dynamic_task_mapping_with_no_taskflow_operators.py
[2026-06-18T17:24:23.027+0000] {logging_mixin.py:188} INFO - [2026-06-18T17:24:23.027+0000] {dag.py:3036} INFO - Sync 1 DAGs
[2026-06-18T17:24:23.103+0000] {logging_mixin.py:188} INFO - [2026-06-18T17:24:23.102+0000] {dag.py:3823} INFO - Setting next_dagrun for example_dynamic_task_mapping_with_no_taskflow_operators to 2026-06-17 00:00:00+00:00, run_after=2026-06-18 00:00:00+00:00
[2026-06-18T17:24:23.152+0000] {processor.py:183} INFO - Processing /home/airflow/.local/lib/python3.8/site-packages/airflow/example_dags/example_dynamic_task_mapping_with_no_taskflow_operators.py took 0.216 seconds
[2026-06-18T17:24:53.690+0000] {processor.py:161} INFO - Started process (PID=4587) to work on /home/airflow/.local/lib/python3.8/site-packages/airflow/example_dags/example_dynamic_task_mapping_with_no_taskflow_operators.py
[2026-06-18T17:24:53.691+0000] {processor.py:830} INFO - Processing file /home/airflow/.local/lib/python3.8/site-packages/airflow/example_dags/example_dynamic_task_mapping_with_no_taskflow_operators.py for tasks to queue
[2026-06-18T17:24:53.693+0000] {logging_mixin.py:188} INFO - [2026-06-18T17:24:53.693+0000] {dagbag.py:538} INFO - Filling up the DagBag from /home/airflow/.local/lib/python3.8/site-packages/airflow/example_dags/example_dynamic_task_mapping_with_no_taskflow_operators.py
[2026-06-18T17:24:53.704+0000] {processor.py:840} INFO - DAG(s) 'example_dynamic_task_mapping_with_no_taskflow_operators' retrieved from /home/airflow/.local/lib/python3.8/site-packages/airflow/example_dags/example_dynamic_task_mapping_with_no_taskflow_operators.py
[2026-06-18T17:24:53.744+0000] {logging_mixin.py:188} INFO - [2026-06-18T17:24:53.744+0000] {dag.py:3036} INFO - Sync 1 DAGs
[2026-06-18T17:24:53.787+0000] {logging_mixin.py:188} INFO - [2026-06-18T17:24:53.786+0000] {dag.py:3823} INFO - Setting next_dagrun for example_dynamic_task_mapping_with_no_taskflow_operators to 2026-06-17 00:00:00+00:00, run_after=2026-06-18 00:00:00+00:00
[2026-06-18T17:24:53.820+0000] {processor.py:183} INFO - Processing /home/airflow/.local/lib/python3.8/site-packages/airflow/example_dags/example_dynamic_task_mapping_with_no_taskflow_operators.py took 0.136 seconds
[2026-06-18T17:25:24.012+0000] {processor.py:161} INFO - Started process (PID=4653) to work on /home/airflow/.local/lib/python3.8/site-packages/airflow/example_dags/example_dynamic_task_mapping_with_no_taskflow_operators.py
[2026-06-18T17:25:24.014+0000] {processor.py:830} INFO - Processing file /home/airflow/.local/lib/python3.8/site-packages/airflow/example_dags/example_dynamic_task_mapping_with_no_taskflow_operators.py for tasks to queue
[2026-06-18T17:25:24.017+0000] {logging_mixin.py:188} INFO - [2026-06-18T17:25:24.017+0000] {dagbag.py:538} INFO - Filling up the DagBag from /home/airflow/.local/lib/python3.8/site-packages/airflow/example_dags/example_dynamic_task_mapping_with_no_taskflow_operators.py
[2026-06-18T17:25:24.027+0000] {processor.py:840} INFO - DAG(s) 'example_dynamic_task_mapping_with_no_taskflow_operators' retrieved from /home/airflow/.local/lib/python3.8/site-packages/airflow/example_dags/example_dynamic_task_mapping_with_no_taskflow_operators.py
[2026-06-18T17:25:24.064+0000] {logging_mixin.py:188} INFO - [2026-06-18T17:25:24.064+0000] {dag.py:3036} INFO - Sync 1 DAGs
[2026-06-18T17:25:24.105+0000] {logging_mixin.py:188} INFO - [2026-06-18T17:25:24.105+0000] {dag.py:3823} INFO - Setting next_dagrun for example_dynamic_task_mapping_with_no_taskflow_operators to 2026-06-17 00:00:00+00:00, run_after=2026-06-18 00:00:00+00:00
[2026-06-18T17:25:24.134+0000] {processor.py:183} INFO - Processing /home/airflow/.local/lib/python3.8/site-packages/airflow/example_dags/example_dynamic_task_mapping_with_no_taskflow_operators.py took 0.127 seconds
[2026-06-18T17:25:54.409+0000] {processor.py:161} INFO - Started process (PID=4719) to work on /home/airflow/.local/lib/python3.8/site-packages/airflow/example_dags/example_dynamic_task_mapping_with_no_taskflow_operators.py
[2026-06-18T17:25:54.410+0000] {processor.py:830} INFO - Processing file /home/airflow/.local/lib/python3.8/site-packages/airflow/example_dags/example_dynamic_task_mapping_with_no_taskflow_operators.py for tasks to queue
[2026-06-18T17:25:54.413+0000] {logging_mixin.py:188} INFO - [2026-06-18T17:25:54.412+0000] {dagbag.py:538} INFO - Filling up the DagBag from /home/airflow/.local/lib/python3.8/site-packages/airflow/example_dags/example_dynamic_task_mapping_with_no_taskflow_operators.py
[2026-06-18T17:25:54.424+0000] {processor.py:840} INFO - DAG(s) 'example_dynamic_task_mapping_with_no_taskflow_operators' retrieved from /home/airflow/.local/lib/python3.8/site-packages/airflow/example_dags/example_dynamic_task_mapping_with_no_taskflow_operators.py
[2026-06-18T17:25:54.462+0000] {logging_mixin.py:188} INFO - [2026-06-18T17:25:54.461+0000] {dag.py:3036} INFO - Sync 1 DAGs
[2026-06-18T17:25:54.497+0000] {logging_mixin.py:188} INFO - [2026-06-18T17:25:54.497+0000] {dag.py:3823} INFO - Setting next_dagrun for example_dynamic_task_mapping_with_no_taskflow_operators to 2026-06-17 00:00:00+00:00, run_after=2026-06-18 00:00:00+00:00
[2026-06-18T17:25:54.523+0000] {processor.py:183} INFO - Processing /home/airflow/.local/lib/python3.8/site-packages/airflow/example_dags/example_dynamic_task_mapping_with_no_taskflow_operators.py took 0.120 seconds
[2026-06-18T17:26:24.713+0000] {processor.py:161} INFO - Started process (PID=4786) to work on /home/airflow/.local/lib/python3.8/site-packages/airflow/example_dags/example_dynamic_task_mapping_with_no_taskflow_operators.py
[2026-06-18T17:26:24.715+0000] {processor.py:830} INFO - Processing file /home/airflow/.local/lib/python3.8/site-packages/airflow/example_dags/example_dynamic_task_mapping_with_no_taskflow_operators.py for tasks to queue
[2026-06-18T17:26:24.717+0000] {logging_mixin.py:188} INFO - [2026-06-18T17:26:24.717+0000] {dagbag.py:538} INFO - Filling up the DagBag from /home/airflow/.local/lib/python3.8/site-packages/airflow/example_dags/example_dynamic_task_mapping_with_no_taskflow_operators.py
[2026-06-18T17:26:24.726+0000] {processor.py:840} INFO - DAG(s) 'example_dynamic_task_mapping_with_no_taskflow_operators' retrieved from /home/airflow/.local/lib/python3.8/site-packages/airflow/example_dags/example_dynamic_task_mapping_with_no_taskflow_operators.py
[2026-06-18T17:26:24.763+0000] {logging_mixin.py:188} INFO - [2026-06-18T17:26:24.763+0000] {dag.py:3036} INFO - Sync 1 DAGs
[2026-06-18T17:26:24.806+0000] {logging_mixin.py:188} INFO - [2026-06-18T17:26:24.806+0000] {dag.py:3823} INFO - Setting next_dagrun for example_dynamic_task_mapping_with_no_taskflow_operators to 2026-06-17 00:00:00+00:00, run_after=2026-06-18 00:00:00+00:00
[2026-06-18T17:26:24.840+0000] {processor.py:183} INFO - Processing /home/airflow/.local/lib/python3.8/site-packages/airflow/example_dags/example_dynamic_task_mapping_with_no_taskflow_operators.py took 0.132 seconds
[2026-06-18T17:26:55.255+0000] {processor.py:161} INFO - Started process (PID=4852) to work on /home/airflow/.local/lib/python3.8/site-packages/airflow/example_dags/example_dynamic_task_mapping_with_no_taskflow_operators.py
[2026-06-18T17:26:55.257+0000] {processor.py:830} INFO - Processing file /home/airflow/.local/lib/python3.8/site-packages/airflow/example_dags/example_dynamic_task_mapping_with_no_taskflow_operators.py for tasks to queue
[2026-06-18T17:26:55.260+0000] {logging_mixin.py:188} INFO - [2026-06-18T17:26:55.260+0000] {dagbag.py:538} INFO - Filling up the DagBag from /home/airflow/.local/lib/python3.8/site-packages/airflow/example_dags/example_dynamic_task_mapping_with_no_taskflow_operators.py
[2026-06-18T17:26:55.274+0000] {processor.py:840} INFO - DAG(s) 'example_dynamic_task_mapping_with_no_taskflow_operators' retrieved from /home/airflow/.local/lib/python3.8/site-packages/airflow/example_dags/example_dynamic_task_mapping_with_no_taskflow_operators.py
[2026-06-18T17:26:55.316+0000] {logging_mixin.py:188} INFO - [2026-06-18T17:26:55.316+0000] {dag.py:3036} INFO - Sync 1 DAGs
[2026-06-18T17:26:55.364+0000] {logging_mixin.py:188} INFO - [2026-06-18T17:26:55.364+0000] {dag.py:3823} INFO - Setting next_dagrun for example_dynamic_task_mapping_with_no_taskflow_operators to 2026-06-17 00:00:00+00:00, run_after=2026-06-18 00:00:00+00:00
[2026-06-18T17:26:55.401+0000] {processor.py:183} INFO - Processing /home/airflow/.local/lib/python3.8/site-packages/airflow/example_dags/example_dynamic_task_mapping_with_no_taskflow_operators.py took 0.152 seconds
[2026-06-18T17:27:25.632+0000] {processor.py:161} INFO - Started process (PID=4918) to work on /home/airflow/.local/lib/python3.8/site-packages/airflow/example_dags/example_dynamic_task_mapping_with_no_taskflow_operators.py
[2026-06-18T17:27:25.635+0000] {processor.py:830} INFO - Processing file /home/airflow/.local/lib/python3.8/site-packages/airflow/example_dags/example_dynamic_task_mapping_with_no_taskflow_operators.py for tasks to queue
[2026-06-18T17:27:25.637+0000] {logging_mixin.py:188} INFO - [2026-06-18T17:27:25.637+0000] {dagbag.py:538} INFO - Filling up the DagBag from /home/airflow/.local/lib/python3.8/site-packages/airflow/example_dags/example_dynamic_task_mapping_with_no_taskflow_operators.py
[2026-06-18T17:27:25.648+0000] {processor.py:840} INFO - DAG(s) 'example_dynamic_task_mapping_with_no_taskflow_operators' retrieved from /home/airflow/.local/lib/python3.8/site-packages/airflow/example_dags/example_dynamic_task_mapping_with_no_taskflow_operators.py
[2026-06-18T17:27:25.686+0000] {logging_mixin.py:188} INFO - [2026-06-18T17:27:25.685+0000] {dag.py:3036} INFO - Sync 1 DAGs
[2026-06-18T17:27:25.733+0000] {logging_mixin.py:188} INFO - [2026-06-18T17:27:25.733+0000] {dag.py:3823} INFO - Setting next_dagrun for example_dynamic_task_mapping_with_no_taskflow_operators to 2026-06-17 00:00:00+00:00, run_after=2026-06-18 00:00:00+00:00
[2026-06-18T17:27:25.769+0000] {processor.py:183} INFO - Processing /home/airflow/.local/lib/python3.8/site-packages/airflow/example_dags/example_dynamic_task_mapping_with_no_taskflow_operators.py took 0.142 seconds
[2026-06-18T17:27:55.848+0000] {processor.py:161} INFO - Started process (PID=4984) to work on /home/airflow/.local/lib/python3.8/site-packages/airflow/example_dags/example_dynamic_task_mapping_with_no_taskflow_operators.py
[2026-06-18T17:27:55.849+0000] {processor.py:830} INFO - Processing file /home/airflow/.local/lib/python3.8/site-packages/airflow/example_dags/example_dynamic_task_mapping_with_no_taskflow_operators.py for tasks to queue
[2026-06-18T17:27:55.852+0000] {logging_mixin.py:188} INFO - [2026-06-18T17:27:55.852+0000] {dagbag.py:538} INFO - Filling up the DagBag from /home/airflow/.local/lib/python3.8/site-packages/airflow/example_dags/example_dynamic_task_mapping_with_no_taskflow_operators.py
[2026-06-18T17:27:55.862+0000] {processor.py:840} INFO - DAG(s) 'example_dynamic_task_mapping_with_no_taskflow_operators' retrieved from /home/airflow/.local/lib/python3.8/site-packages/airflow/example_dags/example_dynamic_task_mapping_with_no_taskflow_operators.py
[2026-06-18T17:27:55.900+0000] {logging_mixin.py:188} INFO - [2026-06-18T17:27:55.900+0000] {dag.py:3036} INFO - Sync 1 DAGs
[2026-06-18T17:27:55.939+0000] {logging_mixin.py:188} INFO - [2026-06-18T17:27:55.939+0000] {dag.py:3823} INFO - Setting next_dagrun for example_dynamic_task_mapping_with_no_taskflow_operators to 2026-06-17 00:00:00+00:00, run_after=2026-06-18 00:00:00+00:00
[2026-06-18T17:27:55.971+0000] {processor.py:183} INFO - Processing /home/airflow/.local/lib/python3.8/site-packages/airflow/example_dags/example_dynamic_task_mapping_with_no_taskflow_operators.py took 0.129 seconds
[2026-06-18T17:28:26.293+0000] {processor.py:161} INFO - Started process (PID=5050) to work on /home/airflow/.local/lib/python3.8/site-packages/airflow/example_dags/example_dynamic_task_mapping_with_no_taskflow_operators.py
[2026-06-18T17:28:26.295+0000] {processor.py:830} INFO - Processing file /home/airflow/.local/lib/python3.8/site-packages/airflow/example_dags/example_dynamic_task_mapping_with_no_taskflow_operators.py for tasks to queue
[2026-06-18T17:28:26.298+0000] {logging_mixin.py:188} INFO - [2026-06-18T17:28:26.297+0000] {dagbag.py:538} INFO - Filling up the DagBag from /home/airflow/.local/lib/python3.8/site-packages/airflow/example_dags/example_dynamic_task_mapping_with_no_taskflow_operators.py
[2026-06-18T17:28:26.308+0000] {processor.py:840} INFO - DAG(s) 'example_dynamic_task_mapping_with_no_taskflow_operators' retrieved from /home/airflow/.local/lib/python3.8/site-packages/airflow/example_dags/example_dynamic_task_mapping_with_no_taskflow_operators.py
[2026-06-18T17:28:26.343+0000] {logging_mixin.py:188} INFO - [2026-06-18T17:28:26.342+0000] {dag.py:3036} INFO - Sync 1 DAGs
[2026-06-18T17:28:26.385+0000] {logging_mixin.py:188} INFO - [2026-06-18T17:28:26.384+0000] {dag.py:3823} INFO - Setting next_dagrun for example_dynamic_task_mapping_with_no_taskflow_operators to 2026-06-17 00:00:00+00:00, run_after=2026-06-18 00:00:00+00:00
[2026-06-18T17:28:26.418+0000] {processor.py:183} INFO - Processing /home/airflow/.local/lib/python3.8/site-packages/airflow/example_dags/example_dynamic_task_mapping_with_no_taskflow_operators.py took 0.130 seconds
[2026-06-18T17:28:56.774+0000] {processor.py:161} INFO - Started process (PID=5116) to work on /home/airflow/.local/lib/python3.8/site-packages/airflow/example_dags/example_dynamic_task_mapping_with_no_taskflow_operators.py
[2026-06-18T17:28:56.776+0000] {processor.py:830} INFO - Processing file /home/airflow/.local/lib/python3.8/site-packages/airflow/example_dags/example_dynamic_task_mapping_with_no_taskflow_operators.py for tasks to queue
[2026-06-18T17:28:56.779+0000] {logging_mixin.py:188} INFO - [2026-06-18T17:28:56.778+0000] {dagbag.py:538} INFO - Filling up the DagBag from /home/airflow/.local/lib/python3.8/site-packages/airflow/example_dags/example_dynamic_task_mapping_with_no_taskflow_operators.py
[2026-06-18T17:28:56.788+0000] {processor.py:840} INFO - DAG(s) 'example_dynamic_task_mapping_with_no_taskflow_operators' retrieved from /home/airflow/.local/lib/python3.8/site-packages/airflow/example_dags/example_dynamic_task_mapping_with_no_taskflow_operators.py
[2026-06-18T17:28:56.822+0000] {logging_mixin.py:188} INFO - [2026-06-18T17:28:56.821+0000] {dag.py:3036} INFO - Sync 1 DAGs
[2026-06-18T17:28:56.866+0000] {logging_mixin.py:188} INFO - [2026-06-18T17:28:56.865+0000] {dag.py:3823} INFO - Setting next_dagrun for example_dynamic_task_mapping_with_no_taskflow_operators to 2026-06-17 00:00:00+00:00, run_after=2026-06-18 00:00:00+00:00
[2026-06-18T17:28:56.902+0000] {processor.py:183} INFO - Processing /home/airflow/.local/lib/python3.8/site-packages/airflow/example_dags/example_dynamic_task_mapping_with_no_taskflow_operators.py took 0.133 seconds
[2026-06-18T17:29:26.973+0000] {processor.py:161} INFO - Started process (PID=5187) to work on /home/airflow/.local/lib/python3.8/site-packages/airflow/example_dags/example_dynamic_task_mapping_with_no_taskflow_operators.py
[2026-06-18T17:29:26.974+0000] {processor.py:830} INFO - Processing file /home/airflow/.local/lib/python3.8/site-packages/airflow/example_dags/example_dynamic_task_mapping_with_no_taskflow_operators.py for tasks to queue
[2026-06-18T17:29:26.977+0000] {logging_mixin.py:188} INFO - [2026-06-18T17:29:26.976+0000] {dagbag.py:538} INFO - Filling up the DagBag from /home/airflow/.local/lib/python3.8/site-packages/airflow/example_dags/example_dynamic_task_mapping_with_no_taskflow_operators.py
[2026-06-18T17:29:26.986+0000] {processor.py:840} INFO - DAG(s) 'example_dynamic_task_mapping_with_no_taskflow_operators' retrieved from /home/airflow/.local/lib/python3.8/site-packages/airflow/example_dags/example_dynamic_task_mapping_with_no_taskflow_operators.py
[2026-06-18T17:29:27.032+0000] {logging_mixin.py:188} INFO - [2026-06-18T17:29:27.032+0000] {dag.py:3036} INFO - Sync 1 DAGs
[2026-06-18T17:29:27.070+0000] {logging_mixin.py:188} INFO - [2026-06-18T17:29:27.069+0000] {dag.py:3823} INFO - Setting next_dagrun for example_dynamic_task_mapping_with_no_taskflow_operators to 2026-06-17 00:00:00+00:00, run_after=2026-06-18 00:00:00+00:00
[2026-06-18T17:29:27.106+0000] {processor.py:183} INFO - Processing /home/airflow/.local/lib/python3.8/site-packages/airflow/example_dags/example_dynamic_task_mapping_with_no_taskflow_operators.py took 0.138 seconds
[2026-06-18T17:29:57.772+0000] {processor.py:161} INFO - Started process (PID=5252) to work on /home/airflow/.local/lib/python3.8/site-packages/airflow/example_dags/example_dynamic_task_mapping_with_no_taskflow_operators.py
[2026-06-18T17:29:57.773+0000] {processor.py:830} INFO - Processing file /home/airflow/.local/lib/python3.8/site-packages/airflow/example_dags/example_dynamic_task_mapping_with_no_taskflow_operators.py for tasks to queue
[2026-06-18T17:29:57.776+0000] {logging_mixin.py:188} INFO - [2026-06-18T17:29:57.776+0000] {dagbag.py:538} INFO - Filling up the DagBag from /home/airflow/.local/lib/python3.8/site-packages/airflow/example_dags/example_dynamic_task_mapping_with_no_taskflow_operators.py
[2026-06-18T17:29:57.786+0000] {processor.py:840} INFO - DAG(s) 'example_dynamic_task_mapping_with_no_taskflow_operators' retrieved from /home/airflow/.local/lib/python3.8/site-packages/airflow/example_dags/example_dynamic_task_mapping_with_no_taskflow_operators.py
[2026-06-18T17:29:57.819+0000] {logging_mixin.py:188} INFO - [2026-06-18T17:29:57.819+0000] {dag.py:3036} INFO - Sync 1 DAGs
[2026-06-18T17:29:57.855+0000] {logging_mixin.py:188} INFO - [2026-06-18T17:29:57.855+0000] {dag.py:3823} INFO - Setting next_dagrun for example_dynamic_task_mapping_with_no_taskflow_operators to 2026-06-17 00:00:00+00:00, run_after=2026-06-18 00:00:00+00:00
[2026-06-18T17:29:57.889+0000] {processor.py:183} INFO - Processing /home/airflow/.local/lib/python3.8/site-packages/airflow/example_dags/example_dynamic_task_mapping_with_no_taskflow_operators.py took 0.123 seconds
[2026-06-18T17:30:28.324+0000] {processor.py:161} INFO - Started process (PID=5318) to work on /home/airflow/.local/lib/python3.8/site-packages/airflow/example_dags/example_dynamic_task_mapping_with_no_taskflow_operators.py
[2026-06-18T17:30:28.325+0000] {processor.py:830} INFO - Processing file /home/airflow/.local/lib/python3.8/site-packages/airflow/example_dags/example_dynamic_task_mapping_with_no_taskflow_operators.py for tasks to queue
[2026-06-18T17:30:28.328+0000] {logging_mixin.py:188} INFO - [2026-06-18T17:30:28.328+0000] {dagbag.py:538} INFO - Filling up the DagBag from /home/airflow/.local/lib/python3.8/site-packages/airflow/example_dags/example_dynamic_task_mapping_with_no_taskflow_operators.py
[2026-06-18T17:30:28.339+0000] {processor.py:840} INFO - DAG(s) 'example_dynamic_task_mapping_with_no_taskflow_operators' retrieved from /home/airflow/.local/lib/python3.8/site-packages/airflow/example_dags/example_dynamic_task_mapping_with_no_taskflow_operators.py
[2026-06-18T17:30:28.377+0000] {logging_mixin.py:188} INFO - [2026-06-18T17:30:28.376+0000] {dag.py:3036} INFO - Sync 1 DAGs
[2026-06-18T17:30:28.419+0000] {logging_mixin.py:188} INFO - [2026-06-18T17:30:28.418+0000] {dag.py:3823} INFO - Setting next_dagrun for example_dynamic_task_mapping_with_no_taskflow_operators to 2026-06-17 00:00:00+00:00, run_after=2026-06-18 00:00:00+00:00
[2026-06-18T17:30:28.453+0000] {processor.py:183} INFO - Processing /home/airflow/.local/lib/python3.8/site-packages/airflow/example_dags/example_dynamic_task_mapping_with_no_taskflow_operators.py took 0.134 seconds
[2026-06-18T17:30:58.931+0000] {processor.py:161} INFO - Started process (PID=5384) to work on /home/airflow/.local/lib/python3.8/site-packages/airflow/example_dags/example_dynamic_task_mapping_with_no_taskflow_operators.py
[2026-06-18T17:30:58.933+0000] {processor.py:830} INFO - Processing file /home/airflow/.local/lib/python3.8/site-packages/airflow/example_dags/example_dynamic_task_mapping_with_no_taskflow_operators.py for tasks to queue
[2026-06-18T17:30:58.936+0000] {logging_mixin.py:188} INFO - [2026-06-18T17:30:58.936+0000] {dagbag.py:538} INFO - Filling up the DagBag from /home/airflow/.local/lib/python3.8/site-packages/airflow/example_dags/example_dynamic_task_mapping_with_no_taskflow_operators.py
[2026-06-18T17:30:58.951+0000] {processor.py:840} INFO - DAG(s) 'example_dynamic_task_mapping_with_no_taskflow_operators' retrieved from /home/airflow/.local/lib/python3.8/site-packages/airflow/example_dags/example_dynamic_task_mapping_with_no_taskflow_operators.py
[2026-06-18T17:30:59.025+0000] {logging_mixin.py:188} INFO - [2026-06-18T17:30:59.025+0000] {dag.py:3036} INFO - Sync 1 DAGs
[2026-06-18T17:30:59.072+0000] {logging_mixin.py:188} INFO - [2026-06-18T17:30:59.072+0000] {dag.py:3823} INFO - Setting next_dagrun for example_dynamic_task_mapping_with_no_taskflow_operators to 2026-06-17 00:00:00+00:00, run_after=2026-06-18 00:00:00+00:00
[2026-06-18T17:30:59.118+0000] {processor.py:183} INFO - Processing /home/airflow/.local/lib/python3.8/site-packages/airflow/example_dags/example_dynamic_task_mapping_with_no_taskflow_operators.py took 0.195 seconds
[2026-06-18T17:31:29.899+0000] {processor.py:161} INFO - Started process (PID=5449) to work on /home/airflow/.local/lib/python3.8/site-packages/airflow/example_dags/example_dynamic_task_mapping_with_no_taskflow_operators.py
[2026-06-18T17:31:29.901+0000] {processor.py:830} INFO - Processing file /home/airflow/.local/lib/python3.8/site-packages/airflow/example_dags/example_dynamic_task_mapping_with_no_taskflow_operators.py for tasks to queue
[2026-06-18T17:31:29.903+0000] {logging_mixin.py:188} INFO - [2026-06-18T17:31:29.903+0000] {dagbag.py:538} INFO - Filling up the DagBag from /home/airflow/.local/lib/python3.8/site-packages/airflow/example_dags/example_dynamic_task_mapping_with_no_taskflow_operators.py
[2026-06-18T17:31:29.914+0000] {processor.py:840} INFO - DAG(s) 'example_dynamic_task_mapping_with_no_taskflow_operators' retrieved from /home/airflow/.local/lib/python3.8/site-packages/airflow/example_dags/example_dynamic_task_mapping_with_no_taskflow_operators.py
[2026-06-18T17:31:29.953+0000] {logging_mixin.py:188} INFO - [2026-06-18T17:31:29.953+0000] {dag.py:3036} INFO - Sync 1 DAGs
[2026-06-18T17:31:29.999+0000] {logging_mixin.py:188} INFO - [2026-06-18T17:31:29.998+0000] {dag.py:3823} INFO - Setting next_dagrun for example_dynamic_task_mapping_with_no_taskflow_operators to 2026-06-17 00:00:00+00:00, run_after=2026-06-18 00:00:00+00:00
[2026-06-18T17:31:30.036+0000] {processor.py:183} INFO - Processing /home/airflow/.local/lib/python3.8/site-packages/airflow/example_dags/example_dynamic_task_mapping_with_no_taskflow_operators.py took 0.142 seconds
[2026-06-18T17:32:00.879+0000] {processor.py:161} INFO - Started process (PID=5515) to work on /home/airflow/.local/lib/python3.8/site-packages/airflow/example_dags/example_dynamic_task_mapping_with_no_taskflow_operators.py
[2026-06-18T17:32:00.881+0000] {processor.py:830} INFO - Processing file /home/airflow/.local/lib/python3.8/site-packages/airflow/example_dags/example_dynamic_task_mapping_with_no_taskflow_operators.py for tasks to queue
[2026-06-18T17:32:00.884+0000] {logging_mixin.py:188} INFO - [2026-06-18T17:32:00.883+0000] {dagbag.py:538} INFO - Filling up the DagBag from /home/airflow/.local/lib/python3.8/site-packages/airflow/example_dags/example_dynamic_task_mapping_with_no_taskflow_operators.py
[2026-06-18T17:32:00.895+0000] {processor.py:840} INFO - DAG(s) 'example_dynamic_task_mapping_with_no_taskflow_operators' retrieved from /home/airflow/.local/lib/python3.8/site-packages/airflow/example_dags/example_dynamic_task_mapping_with_no_taskflow_operators.py
[2026-06-18T17:32:00.939+0000] {logging_mixin.py:188} INFO - [2026-06-18T17:32:00.939+0000] {dag.py:3036} INFO - Sync 1 DAGs
[2026-06-18T17:32:00.979+0000] {logging_mixin.py:188} INFO - [2026-06-18T17:32:00.979+0000] {dag.py:3823} INFO - Setting next_dagrun for example_dynamic_task_mapping_with_no_taskflow_operators to 2026-06-17 00:00:00+00:00, run_after=2026-06-18 00:00:00+00:00
[2026-06-18T17:32:01.009+0000] {processor.py:183} INFO - Processing /home/airflow/.local/lib/python3.8/site-packages/airflow/example_dags/example_dynamic_task_mapping_with_no_taskflow_operators.py took 0.136 seconds
[2026-06-18T17:32:31.283+0000] {processor.py:161} INFO - Started process (PID=5581) to work on /home/airflow/.local/lib/python3.8/site-packages/airflow/example_dags/example_dynamic_task_mapping_with_no_taskflow_operators.py
[2026-06-18T17:32:31.284+0000] {processor.py:830} INFO - Processing file /home/airflow/.local/lib/python3.8/site-packages/airflow/example_dags/example_dynamic_task_mapping_with_no_taskflow_operators.py for tasks to queue
[2026-06-18T17:32:31.289+0000] {logging_mixin.py:188} INFO - [2026-06-18T17:32:31.288+0000] {dagbag.py:538} INFO - Filling up the DagBag from /home/airflow/.local/lib/python3.8/site-packages/airflow/example_dags/example_dynamic_task_mapping_with_no_taskflow_operators.py
[2026-06-18T17:32:31.301+0000] {processor.py:840} INFO - DAG(s) 'example_dynamic_task_mapping_with_no_taskflow_operators' retrieved from /home/airflow/.local/lib/python3.8/site-packages/airflow/example_dags/example_dynamic_task_mapping_with_no_taskflow_operators.py
[2026-06-18T17:32:31.339+0000] {logging_mixin.py:188} INFO - [2026-06-18T17:32:31.338+0000] {dag.py:3036} INFO - Sync 1 DAGs
[2026-06-18T17:32:31.382+0000] {logging_mixin.py:188} INFO - [2026-06-18T17:32:31.382+0000] {dag.py:3823} INFO - Setting next_dagrun for example_dynamic_task_mapping_with_no_taskflow_operators to 2026-06-17 00:00:00+00:00, run_after=2026-06-18 00:00:00+00:00
[2026-06-18T17:32:31.414+0000] {processor.py:183} INFO - Processing /home/airflow/.local/lib/python3.8/site-packages/airflow/example_dags/example_dynamic_task_mapping_with_no_taskflow_operators.py took 0.137 seconds
[2026-06-18T17:33:01.646+0000] {processor.py:161} INFO - Started process (PID=5647) to work on /home/airflow/.local/lib/python3.8/site-packages/airflow/example_dags/example_dynamic_task_mapping_with_no_taskflow_operators.py
[2026-06-18T17:33:01.648+0000] {processor.py:830} INFO - Processing file /home/airflow/.local/lib/python3.8/site-packages/airflow/example_dags/example_dynamic_task_mapping_with_no_taskflow_operators.py for tasks to queue
[2026-06-18T17:33:01.650+0000] {logging_mixin.py:188} INFO - [2026-06-18T17:33:01.650+0000] {dagbag.py:538} INFO - Filling up the DagBag from /home/airflow/.local/lib/python3.8/site-packages/airflow/example_dags/example_dynamic_task_mapping_with_no_taskflow_operators.py
[2026-06-18T17:33:01.660+0000] {processor.py:840} INFO - DAG(s) 'example_dynamic_task_mapping_with_no_taskflow_operators' retrieved from /home/airflow/.local/lib/python3.8/site-packages/airflow/example_dags/example_dynamic_task_mapping_with_no_taskflow_operators.py
[2026-06-18T17:33:01.695+0000] {logging_mixin.py:188} INFO - [2026-06-18T17:33:01.694+0000] {dag.py:3036} INFO - Sync 1 DAGs
[2026-06-18T17:33:01.731+0000] {logging_mixin.py:188} INFO - [2026-06-18T17:33:01.730+0000] {dag.py:3823} INFO - Setting next_dagrun for example_dynamic_task_mapping_with_no_taskflow_operators to 2026-06-17 00:00:00+00:00, run_after=2026-06-18 00:00:00+00:00
[2026-06-18T17:33:01.759+0000] {processor.py:183} INFO - Processing /home/airflow/.local/lib/python3.8/site-packages/airflow/example_dags/example_dynamic_task_mapping_with_no_taskflow_operators.py took 0.118 seconds
[2026-06-18T17:33:32.441+0000] {processor.py:161} INFO - Started process (PID=5713) to work on /home/airflow/.local/lib/python3.8/site-packages/airflow/example_dags/example_dynamic_task_mapping_with_no_taskflow_operators.py
[2026-06-18T17:33:32.443+0000] {processor.py:830} INFO - Processing file /home/airflow/.local/lib/python3.8/site-packages/airflow/example_dags/example_dynamic_task_mapping_with_no_taskflow_operators.py for tasks to queue
[2026-06-18T17:33:32.445+0000] {logging_mixin.py:188} INFO - [2026-06-18T17:33:32.445+0000] {dagbag.py:538} INFO - Filling up the DagBag from /home/airflow/.local/lib/python3.8/site-packages/airflow/example_dags/example_dynamic_task_mapping_with_no_taskflow_operators.py
[2026-06-18T17:33:32.456+0000] {processor.py:840} INFO - DAG(s) 'example_dynamic_task_mapping_with_no_taskflow_operators' retrieved from /home/airflow/.local/lib/python3.8/site-packages/airflow/example_dags/example_dynamic_task_mapping_with_no_taskflow_operators.py
[2026-06-18T17:33:32.495+0000] {logging_mixin.py:188} INFO - [2026-06-18T17:33:32.493+0000] {dag.py:3036} INFO - Sync 1 DAGs
[2026-06-18T17:33:32.536+0000] {logging_mixin.py:188} INFO - [2026-06-18T17:33:32.535+0000] {dag.py:3823} INFO - Setting next_dagrun for example_dynamic_task_mapping_with_no_taskflow_operators to 2026-06-17 00:00:00+00:00, run_after=2026-06-18 00:00:00+00:00
[2026-06-18T17:33:32.564+0000] {processor.py:183} INFO - Processing /home/airflow/.local/lib/python3.8/site-packages/airflow/example_dags/example_dynamic_task_mapping_with_no_taskflow_operators.py took 0.127 seconds
[2026-06-18T17:34:02.784+0000] {processor.py:161} INFO - Started process (PID=5779) to work on /home/airflow/.local/lib/python3.8/site-packages/airflow/example_dags/example_dynamic_task_mapping_with_no_taskflow_operators.py
[2026-06-18T17:34:02.785+0000] {processor.py:830} INFO - Processing file /home/airflow/.local/lib/python3.8/site-packages/airflow/example_dags/example_dynamic_task_mapping_with_no_taskflow_operators.py for tasks to queue
[2026-06-18T17:34:02.788+0000] {logging_mixin.py:188} INFO - [2026-06-18T17:34:02.787+0000] {dagbag.py:538} INFO - Filling up the DagBag from /home/airflow/.local/lib/python3.8/site-packages/airflow/example_dags/example_dynamic_task_mapping_with_no_taskflow_operators.py
[2026-06-18T17:34:02.798+0000] {processor.py:840} INFO - DAG(s) 'example_dynamic_task_mapping_with_no_taskflow_operators' retrieved from /home/airflow/.local/lib/python3.8/site-packages/airflow/example_dags/example_dynamic_task_mapping_with_no_taskflow_operators.py
[2026-06-18T17:34:02.835+0000] {logging_mixin.py:188} INFO - [2026-06-18T17:34:02.835+0000] {dag.py:3036} INFO - Sync 1 DAGs
[2026-06-18T17:34:02.880+0000] {logging_mixin.py:188} INFO - [2026-06-18T17:34:02.879+0000] {dag.py:3823} INFO - Setting next_dagrun for example_dynamic_task_mapping_with_no_taskflow_operators to 2026-06-17 00:00:00+00:00, run_after=2026-06-18 00:00:00+00:00
[2026-06-18T17:34:02.912+0000] {processor.py:183} INFO - Processing /home/airflow/.local/lib/python3.8/site-packages/airflow/example_dags/example_dynamic_task_mapping_with_no_taskflow_operators.py took 0.135 seconds
[2026-06-18T17:34:33.357+0000] {processor.py:161} INFO - Started process (PID=5844) to work on /home/airflow/.local/lib/python3.8/site-packages/airflow/example_dags/example_dynamic_task_mapping_with_no_taskflow_operators.py
[2026-06-18T17:34:33.359+0000] {processor.py:830} INFO - Processing file /home/airflow/.local/lib/python3.8/site-packages/airflow/example_dags/example_dynamic_task_mapping_with_no_taskflow_operators.py for tasks to queue
[2026-06-18T17:34:33.362+0000] {logging_mixin.py:188} INFO - [2026-06-18T17:34:33.361+0000] {dagbag.py:538} INFO - Filling up the DagBag from /home/airflow/.local/lib/python3.8/site-packages/airflow/example_dags/example_dynamic_task_mapping_with_no_taskflow_operators.py
[2026-06-18T17:34:33.370+0000] {processor.py:840} INFO - DAG(s) 'example_dynamic_task_mapping_with_no_taskflow_operators' retrieved from /home/airflow/.local/lib/python3.8/site-packages/airflow/example_dags/example_dynamic_task_mapping_with_no_taskflow_operators.py
[2026-06-18T17:34:33.406+0000] {logging_mixin.py:188} INFO - [2026-06-18T17:34:33.406+0000] {dag.py:3036} INFO - Sync 1 DAGs
[2026-06-18T17:34:33.444+0000] {logging_mixin.py:188} INFO - [2026-06-18T17:34:33.444+0000] {dag.py:3823} INFO - Setting next_dagrun for example_dynamic_task_mapping_with_no_taskflow_operators to 2026-06-17 00:00:00+00:00, run_after=2026-06-18 00:00:00+00:00
[2026-06-18T17:34:33.475+0000] {processor.py:183} INFO - Processing /home/airflow/.local/lib/python3.8/site-packages/airflow/example_dags/example_dynamic_task_mapping_with_no_taskflow_operators.py took 0.123 seconds
[2026-06-18T17:35:04.158+0000] {processor.py:161} INFO - Started process (PID=5910) to work on /home/airflow/.local/lib/python3.8/site-packages/airflow/example_dags/example_dynamic_task_mapping_with_no_taskflow_operators.py
[2026-06-18T17:35:04.159+0000] {processor.py:830} INFO - Processing file /home/airflow/.local/lib/python3.8/site-packages/airflow/example_dags/example_dynamic_task_mapping_with_no_taskflow_operators.py for tasks to queue
[2026-06-18T17:35:04.162+0000] {logging_mixin.py:188} INFO - [2026-06-18T17:35:04.161+0000] {dagbag.py:538} INFO - Filling up the DagBag from /home/airflow/.local/lib/python3.8/site-packages/airflow/example_dags/example_dynamic_task_mapping_with_no_taskflow_operators.py
[2026-06-18T17:35:04.173+0000] {processor.py:840} INFO - DAG(s) 'example_dynamic_task_mapping_with_no_taskflow_operators' retrieved from /home/airflow/.local/lib/python3.8/site-packages/airflow/example_dags/example_dynamic_task_mapping_with_no_taskflow_operators.py
[2026-06-18T17:35:04.229+0000] {logging_mixin.py:188} INFO - [2026-06-18T17:35:04.229+0000] {dag.py:3036} INFO - Sync 1 DAGs
[2026-06-18T17:35:04.277+0000] {logging_mixin.py:188} INFO - [2026-06-18T17:35:04.276+0000] {dag.py:3823} INFO - Setting next_dagrun for example_dynamic_task_mapping_with_no_taskflow_operators to 2026-06-17 00:00:00+00:00, run_after=2026-06-18 00:00:00+00:00
[2026-06-18T17:35:04.313+0000] {processor.py:183} INFO - Processing /home/airflow/.local/lib/python3.8/site-packages/airflow/example_dags/example_dynamic_task_mapping_with_no_taskflow_operators.py took 0.161 seconds
[2026-06-18T17:35:34.593+0000] {processor.py:161} INFO - Started process (PID=5982) to work on /home/airflow/.local/lib/python3.8/site-packages/airflow/example_dags/example_dynamic_task_mapping_with_no_taskflow_operators.py
[2026-06-18T17:35:34.607+0000] {processor.py:830} INFO - Processing file /home/airflow/.local/lib/python3.8/site-packages/airflow/example_dags/example_dynamic_task_mapping_with_no_taskflow_operators.py for tasks to queue
[2026-06-18T17:35:34.610+0000] {logging_mixin.py:188} INFO - [2026-06-18T17:35:34.610+0000] {dagbag.py:538} INFO - Filling up the DagBag from /home/airflow/.local/lib/python3.8/site-packages/airflow/example_dags/example_dynamic_task_mapping_with_no_taskflow_operators.py
[2026-06-18T17:35:34.627+0000] {processor.py:840} INFO - DAG(s) 'example_dynamic_task_mapping_with_no_taskflow_operators' retrieved from /home/airflow/.local/lib/python3.8/site-packages/airflow/example_dags/example_dynamic_task_mapping_with_no_taskflow_operators.py
[2026-06-18T17:35:34.694+0000] {logging_mixin.py:188} INFO - [2026-06-18T17:35:34.693+0000] {dag.py:3036} INFO - Sync 1 DAGs
[2026-06-18T17:35:34.746+0000] {logging_mixin.py:188} INFO - [2026-06-18T17:35:34.746+0000] {dag.py:3823} INFO - Setting next_dagrun for example_dynamic_task_mapping_with_no_taskflow_operators to 2026-06-17 00:00:00+00:00, run_after=2026-06-18 00:00:00+00:00
[2026-06-18T17:35:34.785+0000] {processor.py:183} INFO - Processing /home/airflow/.local/lib/python3.8/site-packages/airflow/example_dags/example_dynamic_task_mapping_with_no_taskflow_operators.py took 0.198 seconds
[2026-06-18T17:36:05.357+0000] {processor.py:161} INFO - Started process (PID=6049) to work on /home/airflow/.local/lib/python3.8/site-packages/airflow/example_dags/example_dynamic_task_mapping_with_no_taskflow_operators.py
[2026-06-18T17:36:05.358+0000] {processor.py:830} INFO - Processing file /home/airflow/.local/lib/python3.8/site-packages/airflow/example_dags/example_dynamic_task_mapping_with_no_taskflow_operators.py for tasks to queue
[2026-06-18T17:36:05.361+0000] {logging_mixin.py:188} INFO - [2026-06-18T17:36:05.361+0000] {dagbag.py:538} INFO - Filling up the DagBag from /home/airflow/.local/lib/python3.8/site-packages/airflow/example_dags/example_dynamic_task_mapping_with_no_taskflow_operators.py
[2026-06-18T17:36:05.370+0000] {processor.py:840} INFO - DAG(s) 'example_dynamic_task_mapping_with_no_taskflow_operators' retrieved from /home/airflow/.local/lib/python3.8/site-packages/airflow/example_dags/example_dynamic_task_mapping_with_no_taskflow_operators.py
[2026-06-18T17:36:05.406+0000] {logging_mixin.py:188} INFO - [2026-06-18T17:36:05.406+0000] {dag.py:3036} INFO - Sync 1 DAGs
[2026-06-18T17:36:05.448+0000] {logging_mixin.py:188} INFO - [2026-06-18T17:36:05.447+0000] {dag.py:3823} INFO - Setting next_dagrun for example_dynamic_task_mapping_with_no_taskflow_operators to 2026-06-17 00:00:00+00:00, run_after=2026-06-18 00:00:00+00:00
[2026-06-18T17:36:05.480+0000] {processor.py:183} INFO - Processing /home/airflow/.local/lib/python3.8/site-packages/airflow/example_dags/example_dynamic_task_mapping_with_no_taskflow_operators.py took 0.128 seconds
[2026-06-18T17:36:35.655+0000] {processor.py:161} INFO - Started process (PID=6115) to work on /home/airflow/.local/lib/python3.8/site-packages/airflow/example_dags/example_dynamic_task_mapping_with_no_taskflow_operators.py
[2026-06-18T17:36:35.657+0000] {processor.py:830} INFO - Processing file /home/airflow/.local/lib/python3.8/site-packages/airflow/example_dags/example_dynamic_task_mapping_with_no_taskflow_operators.py for tasks to queue
[2026-06-18T17:36:35.660+0000] {logging_mixin.py:188} INFO - [2026-06-18T17:36:35.659+0000] {dagbag.py:538} INFO - Filling up the DagBag from /home/airflow/.local/lib/python3.8/site-packages/airflow/example_dags/example_dynamic_task_mapping_with_no_taskflow_operators.py
[2026-06-18T17:36:35.670+0000] {processor.py:840} INFO - DAG(s) 'example_dynamic_task_mapping_with_no_taskflow_operators' retrieved from /home/airflow/.local/lib/python3.8/site-packages/airflow/example_dags/example_dynamic_task_mapping_with_no_taskflow_operators.py
[2026-06-18T17:36:35.708+0000] {logging_mixin.py:188} INFO - [2026-06-18T17:36:35.708+0000] {dag.py:3036} INFO - Sync 1 DAGs
[2026-06-18T17:36:35.750+0000] {logging_mixin.py:188} INFO - [2026-06-18T17:36:35.749+0000] {dag.py:3823} INFO - Setting next_dagrun for example_dynamic_task_mapping_with_no_taskflow_operators to 2026-06-17 00:00:00+00:00, run_after=2026-06-18 00:00:00+00:00
[2026-06-18T17:36:35.783+0000] {processor.py:183} INFO - Processing /home/airflow/.local/lib/python3.8/site-packages/airflow/example_dags/example_dynamic_task_mapping_with_no_taskflow_operators.py took 0.134 seconds
[2026-06-18T17:37:05.972+0000] {processor.py:161} INFO - Started process (PID=6181) to work on /home/airflow/.local/lib/python3.8/site-packages/airflow/example_dags/example_dynamic_task_mapping_with_no_taskflow_operators.py
[2026-06-18T17:37:05.974+0000] {processor.py:830} INFO - Processing file /home/airflow/.local/lib/python3.8/site-packages/airflow/example_dags/example_dynamic_task_mapping_with_no_taskflow_operators.py for tasks to queue
[2026-06-18T17:37:05.977+0000] {logging_mixin.py:188} INFO - [2026-06-18T17:37:05.976+0000] {dagbag.py:538} INFO - Filling up the DagBag from /home/airflow/.local/lib/python3.8/site-packages/airflow/example_dags/example_dynamic_task_mapping_with_no_taskflow_operators.py
[2026-06-18T17:37:05.986+0000] {processor.py:840} INFO - DAG(s) 'example_dynamic_task_mapping_with_no_taskflow_operators' retrieved from /home/airflow/.local/lib/python3.8/site-packages/airflow/example_dags/example_dynamic_task_mapping_with_no_taskflow_operators.py
[2026-06-18T17:37:06.026+0000] {logging_mixin.py:188} INFO - [2026-06-18T17:37:06.026+0000] {dag.py:3036} INFO - Sync 1 DAGs
[2026-06-18T17:37:06.073+0000] {logging_mixin.py:188} INFO - [2026-06-18T17:37:06.073+0000] {dag.py:3823} INFO - Setting next_dagrun for example_dynamic_task_mapping_with_no_taskflow_operators to 2026-06-17 00:00:00+00:00, run_after=2026-06-18 00:00:00+00:00
[2026-06-18T17:37:06.110+0000] {processor.py:183} INFO - Processing /home/airflow/.local/lib/python3.8/site-packages/airflow/example_dags/example_dynamic_task_mapping_with_no_taskflow_operators.py took 0.143 seconds
[2026-06-18T17:37:36.187+0000] {processor.py:161} INFO - Started process (PID=6246) to work on /home/airflow/.local/lib/python3.8/site-packages/airflow/example_dags/example_dynamic_task_mapping_with_no_taskflow_operators.py
[2026-06-18T17:37:36.190+0000] {processor.py:830} INFO - Processing file /home/airflow/.local/lib/python3.8/site-packages/airflow/example_dags/example_dynamic_task_mapping_with_no_taskflow_operators.py for tasks to queue
[2026-06-18T17:37:36.194+0000] {logging_mixin.py:188} INFO - [2026-06-18T17:37:36.193+0000] {dagbag.py:538} INFO - Filling up the DagBag from /home/airflow/.local/lib/python3.8/site-packages/airflow/example_dags/example_dynamic_task_mapping_with_no_taskflow_operators.py
[2026-06-18T17:37:36.204+0000] {processor.py:840} INFO - DAG(s) 'example_dynamic_task_mapping_with_no_taskflow_operators' retrieved from /home/airflow/.local/lib/python3.8/site-packages/airflow/example_dags/example_dynamic_task_mapping_with_no_taskflow_operators.py
[2026-06-18T17:37:36.238+0000] {logging_mixin.py:188} INFO - [2026-06-18T17:37:36.237+0000] {dag.py:3036} INFO - Sync 1 DAGs
[2026-06-18T17:37:36.278+0000] {logging_mixin.py:188} INFO - [2026-06-18T17:37:36.277+0000] {dag.py:3823} INFO - Setting next_dagrun for example_dynamic_task_mapping_with_no_taskflow_operators to 2026-06-17 00:00:00+00:00, run_after=2026-06-18 00:00:00+00:00
[2026-06-18T17:37:36.310+0000] {processor.py:183} INFO - Processing /home/airflow/.local/lib/python3.8/site-packages/airflow/example_dags/example_dynamic_task_mapping_with_no_taskflow_operators.py took 0.128 seconds
[2026-06-18T17:38:06.750+0000] {processor.py:161} INFO - Started process (PID=6311) to work on /home/airflow/.local/lib/python3.8/site-packages/airflow/example_dags/example_dynamic_task_mapping_with_no_taskflow_operators.py
[2026-06-18T17:38:06.751+0000] {processor.py:830} INFO - Processing file /home/airflow/.local/lib/python3.8/site-packages/airflow/example_dags/example_dynamic_task_mapping_with_no_taskflow_operators.py for tasks to queue
[2026-06-18T17:38:06.754+0000] {logging_mixin.py:188} INFO - [2026-06-18T17:38:06.753+0000] {dagbag.py:538} INFO - Filling up the DagBag from /home/airflow/.local/lib/python3.8/site-packages/airflow/example_dags/example_dynamic_task_mapping_with_no_taskflow_operators.py
[2026-06-18T17:38:06.764+0000] {processor.py:840} INFO - DAG(s) 'example_dynamic_task_mapping_with_no_taskflow_operators' retrieved from /home/airflow/.local/lib/python3.8/site-packages/airflow/example_dags/example_dynamic_task_mapping_with_no_taskflow_operators.py
[2026-06-18T17:38:06.801+0000] {logging_mixin.py:188} INFO - [2026-06-18T17:38:06.800+0000] {dag.py:3036} INFO - Sync 1 DAGs
[2026-06-18T17:38:06.844+0000] {logging_mixin.py:188} INFO - [2026-06-18T17:38:06.844+0000] {dag.py:3823} INFO - Setting next_dagrun for example_dynamic_task_mapping_with_no_taskflow_operators to 2026-06-17 00:00:00+00:00, run_after=2026-06-18 00:00:00+00:00
[2026-06-18T17:38:06.885+0000] {processor.py:183} INFO - Processing /home/airflow/.local/lib/python3.8/site-packages/airflow/example_dags/example_dynamic_task_mapping_with_no_taskflow_operators.py took 0.139 seconds
[2026-06-18T17:38:37.026+0000] {processor.py:161} INFO - Started process (PID=6377) to work on /home/airflow/.local/lib/python3.8/site-packages/airflow/example_dags/example_dynamic_task_mapping_with_no_taskflow_operators.py
[2026-06-18T17:38:37.028+0000] {processor.py:830} INFO - Processing file /home/airflow/.local/lib/python3.8/site-packages/airflow/example_dags/example_dynamic_task_mapping_with_no_taskflow_operators.py for tasks to queue
[2026-06-18T17:38:37.031+0000] {logging_mixin.py:188} INFO - [2026-06-18T17:38:37.030+0000] {dagbag.py:538} INFO - Filling up the DagBag from /home/airflow/.local/lib/python3.8/site-packages/airflow/example_dags/example_dynamic_task_mapping_with_no_taskflow_operators.py
[2026-06-18T17:38:37.039+0000] {processor.py:840} INFO - DAG(s) 'example_dynamic_task_mapping_with_no_taskflow_operators' retrieved from /home/airflow/.local/lib/python3.8/site-packages/airflow/example_dags/example_dynamic_task_mapping_with_no_taskflow_operators.py
[2026-06-18T17:38:37.073+0000] {logging_mixin.py:188} INFO - [2026-06-18T17:38:37.073+0000] {dag.py:3036} INFO - Sync 1 DAGs
[2026-06-18T17:38:37.109+0000] {logging_mixin.py:188} INFO - [2026-06-18T17:38:37.109+0000] {dag.py:3823} INFO - Setting next_dagrun for example_dynamic_task_mapping_with_no_taskflow_operators to 2026-06-17 00:00:00+00:00, run_after=2026-06-18 00:00:00+00:00
[2026-06-18T17:38:37.139+0000] {processor.py:183} INFO - Processing /home/airflow/.local/lib/python3.8/site-packages/airflow/example_dags/example_dynamic_task_mapping_with_no_taskflow_operators.py took 0.118 seconds
[2026-06-18T17:39:07.889+0000] {processor.py:161} INFO - Started process (PID=6441) to work on /home/airflow/.local/lib/python3.8/site-packages/airflow/example_dags/example_dynamic_task_mapping_with_no_taskflow_operators.py
[2026-06-18T17:39:07.891+0000] {processor.py:830} INFO - Processing file /home/airflow/.local/lib/python3.8/site-packages/airflow/example_dags/example_dynamic_task_mapping_with_no_taskflow_operators.py for tasks to queue
[2026-06-18T17:39:07.895+0000] {logging_mixin.py:188} INFO - [2026-06-18T17:39:07.894+0000] {dagbag.py:538} INFO - Filling up the DagBag from /home/airflow/.local/lib/python3.8/site-packages/airflow/example_dags/example_dynamic_task_mapping_with_no_taskflow_operators.py
[2026-06-18T17:39:07.906+0000] {processor.py:840} INFO - DAG(s) 'example_dynamic_task_mapping_with_no_taskflow_operators' retrieved from /home/airflow/.local/lib/python3.8/site-packages/airflow/example_dags/example_dynamic_task_mapping_with_no_taskflow_operators.py
[2026-06-18T17:39:07.950+0000] {logging_mixin.py:188} INFO - [2026-06-18T17:39:07.949+0000] {dag.py:3036} INFO - Sync 1 DAGs
[2026-06-18T17:39:07.988+0000] {logging_mixin.py:188} INFO - [2026-06-18T17:39:07.987+0000] {dag.py:3823} INFO - Setting next_dagrun for example_dynamic_task_mapping_with_no_taskflow_operators to 2026-06-17 00:00:00+00:00, run_after=2026-06-18 00:00:00+00:00
[2026-06-18T17:39:08.020+0000] {processor.py:183} INFO - Processing /home/airflow/.local/lib/python3.8/site-packages/airflow/example_dags/example_dynamic_task_mapping_with_no_taskflow_operators.py took 0.136 seconds
[2026-06-18T17:39:38.191+0000] {processor.py:161} INFO - Started process (PID=6507) to work on /home/airflow/.local/lib/python3.8/site-packages/airflow/example_dags/example_dynamic_task_mapping_with_no_taskflow_operators.py
[2026-06-18T17:39:38.192+0000] {processor.py:830} INFO - Processing file /home/airflow/.local/lib/python3.8/site-packages/airflow/example_dags/example_dynamic_task_mapping_with_no_taskflow_operators.py for tasks to queue
[2026-06-18T17:39:38.195+0000] {logging_mixin.py:188} INFO - [2026-06-18T17:39:38.194+0000] {dagbag.py:538} INFO - Filling up the DagBag from /home/airflow/.local/lib/python3.8/site-packages/airflow/example_dags/example_dynamic_task_mapping_with_no_taskflow_operators.py
[2026-06-18T17:39:38.205+0000] {processor.py:840} INFO - DAG(s) 'example_dynamic_task_mapping_with_no_taskflow_operators' retrieved from /home/airflow/.local/lib/python3.8/site-packages/airflow/example_dags/example_dynamic_task_mapping_with_no_taskflow_operators.py
[2026-06-18T17:39:38.245+0000] {logging_mixin.py:188} INFO - [2026-06-18T17:39:38.245+0000] {dag.py:3036} INFO - Sync 1 DAGs
[2026-06-18T17:39:38.284+0000] {logging_mixin.py:188} INFO - [2026-06-18T17:39:38.284+0000] {dag.py:3823} INFO - Setting next_dagrun for example_dynamic_task_mapping_with_no_taskflow_operators to 2026-06-17 00:00:00+00:00, run_after=2026-06-18 00:00:00+00:00
[2026-06-18T17:39:38.322+0000] {processor.py:183} INFO - Processing /home/airflow/.local/lib/python3.8/site-packages/airflow/example_dags/example_dynamic_task_mapping_with_no_taskflow_operators.py took 0.136 seconds
[2026-06-18T17:40:09.038+0000] {processor.py:161} INFO - Started process (PID=6573) to work on /home/airflow/.local/lib/python3.8/site-packages/airflow/example_dags/example_dynamic_task_mapping_with_no_taskflow_operators.py
[2026-06-18T17:40:09.040+0000] {processor.py:830} INFO - Processing file /home/airflow/.local/lib/python3.8/site-packages/airflow/example_dags/example_dynamic_task_mapping_with_no_taskflow_operators.py for tasks to queue
[2026-06-18T17:40:09.043+0000] {logging_mixin.py:188} INFO - [2026-06-18T17:40:09.042+0000] {dagbag.py:538} INFO - Filling up the DagBag from /home/airflow/.local/lib/python3.8/site-packages/airflow/example_dags/example_dynamic_task_mapping_with_no_taskflow_operators.py
[2026-06-18T17:40:09.052+0000] {processor.py:840} INFO - DAG(s) 'example_dynamic_task_mapping_with_no_taskflow_operators' retrieved from /home/airflow/.local/lib/python3.8/site-packages/airflow/example_dags/example_dynamic_task_mapping_with_no_taskflow_operators.py
[2026-06-18T17:40:09.087+0000] {logging_mixin.py:188} INFO - [2026-06-18T17:40:09.087+0000] {dag.py:3036} INFO - Sync 1 DAGs
[2026-06-18T17:40:09.132+0000] {logging_mixin.py:188} INFO - [2026-06-18T17:40:09.132+0000] {dag.py:3823} INFO - Setting next_dagrun for example_dynamic_task_mapping_with_no_taskflow_operators to 2026-06-17 00:00:00+00:00, run_after=2026-06-18 00:00:00+00:00
[2026-06-18T17:40:09.162+0000] {processor.py:183} INFO - Processing /home/airflow/.local/lib/python3.8/site-packages/airflow/example_dags/example_dynamic_task_mapping_with_no_taskflow_operators.py took 0.129 seconds
[2026-06-18T17:40:39.272+0000] {processor.py:161} INFO - Started process (PID=6639) to work on /home/airflow/.local/lib/python3.8/site-packages/airflow/example_dags/example_dynamic_task_mapping_with_no_taskflow_operators.py
[2026-06-18T17:40:39.274+0000] {processor.py:830} INFO - Processing file /home/airflow/.local/lib/python3.8/site-packages/airflow/example_dags/example_dynamic_task_mapping_with_no_taskflow_operators.py for tasks to queue
[2026-06-18T17:40:39.277+0000] {logging_mixin.py:188} INFO - [2026-06-18T17:40:39.276+0000] {dagbag.py:538} INFO - Filling up the DagBag from /home/airflow/.local/lib/python3.8/site-packages/airflow/example_dags/example_dynamic_task_mapping_with_no_taskflow_operators.py
[2026-06-18T17:40:39.287+0000] {processor.py:840} INFO - DAG(s) 'example_dynamic_task_mapping_with_no_taskflow_operators' retrieved from /home/airflow/.local/lib/python3.8/site-packages/airflow/example_dags/example_dynamic_task_mapping_with_no_taskflow_operators.py
[2026-06-18T17:40:39.324+0000] {logging_mixin.py:188} INFO - [2026-06-18T17:40:39.324+0000] {dag.py:3036} INFO - Sync 1 DAGs
[2026-06-18T17:40:39.368+0000] {logging_mixin.py:188} INFO - [2026-06-18T17:40:39.367+0000] {dag.py:3823} INFO - Setting next_dagrun for example_dynamic_task_mapping_with_no_taskflow_operators to 2026-06-17 00:00:00+00:00, run_after=2026-06-18 00:00:00+00:00
[2026-06-18T17:40:39.399+0000] {processor.py:183} INFO - Processing /home/airflow/.local/lib/python3.8/site-packages/airflow/example_dags/example_dynamic_task_mapping_with_no_taskflow_operators.py took 0.135 seconds
[2026-06-18T17:41:09.506+0000] {processor.py:161} INFO - Started process (PID=6705) to work on /home/airflow/.local/lib/python3.8/site-packages/airflow/example_dags/example_dynamic_task_mapping_with_no_taskflow_operators.py
[2026-06-18T17:41:09.508+0000] {processor.py:830} INFO - Processing file /home/airflow/.local/lib/python3.8/site-packages/airflow/example_dags/example_dynamic_task_mapping_with_no_taskflow_operators.py for tasks to queue
[2026-06-18T17:41:09.511+0000] {logging_mixin.py:188} INFO - [2026-06-18T17:41:09.510+0000] {dagbag.py:538} INFO - Filling up the DagBag from /home/airflow/.local/lib/python3.8/site-packages/airflow/example_dags/example_dynamic_task_mapping_with_no_taskflow_operators.py
[2026-06-18T17:41:09.523+0000] {processor.py:840} INFO - DAG(s) 'example_dynamic_task_mapping_with_no_taskflow_operators' retrieved from /home/airflow/.local/lib/python3.8/site-packages/airflow/example_dags/example_dynamic_task_mapping_with_no_taskflow_operators.py
[2026-06-18T17:41:09.561+0000] {logging_mixin.py:188} INFO - [2026-06-18T17:41:09.561+0000] {dag.py:3036} INFO - Sync 1 DAGs
[2026-06-18T17:41:09.609+0000] {logging_mixin.py:188} INFO - [2026-06-18T17:41:09.608+0000] {dag.py:3823} INFO - Setting next_dagrun for example_dynamic_task_mapping_with_no_taskflow_operators to 2026-06-17 00:00:00+00:00, run_after=2026-06-18 00:00:00+00:00
[2026-06-18T17:41:09.643+0000] {processor.py:183} INFO - Processing /home/airflow/.local/lib/python3.8/site-packages/airflow/example_dags/example_dynamic_task_mapping_with_no_taskflow_operators.py took 0.142 seconds
[2026-06-18T17:41:39.963+0000] {processor.py:161} INFO - Started process (PID=6769) to work on /home/airflow/.local/lib/python3.8/site-packages/airflow/example_dags/example_dynamic_task_mapping_with_no_taskflow_operators.py
[2026-06-18T17:41:39.965+0000] {processor.py:830} INFO - Processing file /home/airflow/.local/lib/python3.8/site-packages/airflow/example_dags/example_dynamic_task_mapping_with_no_taskflow_operators.py for tasks to queue
[2026-06-18T17:41:39.967+0000] {logging_mixin.py:188} INFO - [2026-06-18T17:41:39.967+0000] {dagbag.py:538} INFO - Filling up the DagBag from /home/airflow/.local/lib/python3.8/site-packages/airflow/example_dags/example_dynamic_task_mapping_with_no_taskflow_operators.py
[2026-06-18T17:41:39.976+0000] {processor.py:840} INFO - DAG(s) 'example_dynamic_task_mapping_with_no_taskflow_operators' retrieved from /home/airflow/.local/lib/python3.8/site-packages/airflow/example_dags/example_dynamic_task_mapping_with_no_taskflow_operators.py
[2026-06-18T17:41:40.013+0000] {logging_mixin.py:188} INFO - [2026-06-18T17:41:40.013+0000] {dag.py:3036} INFO - Sync 1 DAGs
[2026-06-18T17:41:40.056+0000] {logging_mixin.py:188} INFO - [2026-06-18T17:41:40.056+0000] {dag.py:3823} INFO - Setting next_dagrun for example_dynamic_task_mapping_with_no_taskflow_operators to 2026-06-17 00:00:00+00:00, run_after=2026-06-18 00:00:00+00:00
[2026-06-18T17:41:40.087+0000] {processor.py:183} INFO - Processing /home/airflow/.local/lib/python3.8/site-packages/airflow/example_dags/example_dynamic_task_mapping_with_no_taskflow_operators.py took 0.129 seconds
[2026-06-18T17:42:10.884+0000] {processor.py:161} INFO - Started process (PID=6843) to work on /home/airflow/.local/lib/python3.8/site-packages/airflow/example_dags/example_dynamic_task_mapping_with_no_taskflow_operators.py
[2026-06-18T17:42:10.886+0000] {processor.py:830} INFO - Processing file /home/airflow/.local/lib/python3.8/site-packages/airflow/example_dags/example_dynamic_task_mapping_with_no_taskflow_operators.py for tasks to queue
[2026-06-18T17:42:10.889+0000] {logging_mixin.py:188} INFO - [2026-06-18T17:42:10.888+0000] {dagbag.py:538} INFO - Filling up the DagBag from /home/airflow/.local/lib/python3.8/site-packages/airflow/example_dags/example_dynamic_task_mapping_with_no_taskflow_operators.py
[2026-06-18T17:42:10.900+0000] {processor.py:840} INFO - DAG(s) 'example_dynamic_task_mapping_with_no_taskflow_operators' retrieved from /home/airflow/.local/lib/python3.8/site-packages/airflow/example_dags/example_dynamic_task_mapping_with_no_taskflow_operators.py
[2026-06-18T17:42:10.937+0000] {logging_mixin.py:188} INFO - [2026-06-18T17:42:10.937+0000] {dag.py:3036} INFO - Sync 1 DAGs
[2026-06-18T17:42:10.986+0000] {logging_mixin.py:188} INFO - [2026-06-18T17:42:10.986+0000] {dag.py:3823} INFO - Setting next_dagrun for example_dynamic_task_mapping_with_no_taskflow_operators to 2026-06-17 00:00:00+00:00, run_after=2026-06-18 00:00:00+00:00
[2026-06-18T17:42:11.022+0000] {processor.py:183} INFO - Processing /home/airflow/.local/lib/python3.8/site-packages/airflow/example_dags/example_dynamic_task_mapping_with_no_taskflow_operators.py took 0.144 seconds
[2026-06-18T17:42:41.310+0000] {processor.py:161} INFO - Started process (PID=6909) to work on /home/airflow/.local/lib/python3.8/site-packages/airflow/example_dags/example_dynamic_task_mapping_with_no_taskflow_operators.py
[2026-06-18T17:42:41.311+0000] {processor.py:830} INFO - Processing file /home/airflow/.local/lib/python3.8/site-packages/airflow/example_dags/example_dynamic_task_mapping_with_no_taskflow_operators.py for tasks to queue
[2026-06-18T17:42:41.314+0000] {logging_mixin.py:188} INFO - [2026-06-18T17:42:41.313+0000] {dagbag.py:538} INFO - Filling up the DagBag from /home/airflow/.local/lib/python3.8/site-packages/airflow/example_dags/example_dynamic_task_mapping_with_no_taskflow_operators.py
[2026-06-18T17:42:41.323+0000] {processor.py:840} INFO - DAG(s) 'example_dynamic_task_mapping_with_no_taskflow_operators' retrieved from /home/airflow/.local/lib/python3.8/site-packages/airflow/example_dags/example_dynamic_task_mapping_with_no_taskflow_operators.py
[2026-06-18T17:42:41.359+0000] {logging_mixin.py:188} INFO - [2026-06-18T17:42:41.358+0000] {dag.py:3036} INFO - Sync 1 DAGs
[2026-06-18T17:42:41.396+0000] {logging_mixin.py:188} INFO - [2026-06-18T17:42:41.396+0000] {dag.py:3823} INFO - Setting next_dagrun for example_dynamic_task_mapping_with_no_taskflow_operators to 2026-06-17 00:00:00+00:00, run_after=2026-06-18 00:00:00+00:00
[2026-06-18T17:42:41.427+0000] {processor.py:183} INFO - Processing /home/airflow/.local/lib/python3.8/site-packages/airflow/example_dags/example_dynamic_task_mapping_with_no_taskflow_operators.py took 0.123 seconds
[2026-06-18T17:43:12.098+0000] {processor.py:161} INFO - Started process (PID=6976) to work on /home/airflow/.local/lib/python3.8/site-packages/airflow/example_dags/example_dynamic_task_mapping_with_no_taskflow_operators.py
[2026-06-18T17:43:12.101+0000] {processor.py:830} INFO - Processing file /home/airflow/.local/lib/python3.8/site-packages/airflow/example_dags/example_dynamic_task_mapping_with_no_taskflow_operators.py for tasks to queue
[2026-06-18T17:43:12.103+0000] {logging_mixin.py:188} INFO - [2026-06-18T17:43:12.103+0000] {dagbag.py:538} INFO - Filling up the DagBag from /home/airflow/.local/lib/python3.8/site-packages/airflow/example_dags/example_dynamic_task_mapping_with_no_taskflow_operators.py
[2026-06-18T17:43:12.120+0000] {processor.py:840} INFO - DAG(s) 'example_dynamic_task_mapping_with_no_taskflow_operators' retrieved from /home/airflow/.local/lib/python3.8/site-packages/airflow/example_dags/example_dynamic_task_mapping_with_no_taskflow_operators.py
[2026-06-18T17:43:12.165+0000] {logging_mixin.py:188} INFO - [2026-06-18T17:43:12.164+0000] {dag.py:3036} INFO - Sync 1 DAGs
[2026-06-18T17:43:12.221+0000] {logging_mixin.py:188} INFO - [2026-06-18T17:43:12.220+0000] {dag.py:3823} INFO - Setting next_dagrun for example_dynamic_task_mapping_with_no_taskflow_operators to 2026-06-17 00:00:00+00:00, run_after=2026-06-18 00:00:00+00:00
[2026-06-18T17:43:12.258+0000] {processor.py:183} INFO - Processing /home/airflow/.local/lib/python3.8/site-packages/airflow/example_dags/example_dynamic_task_mapping_with_no_taskflow_operators.py took 0.168 seconds
[2026-06-18T17:43:42.430+0000] {processor.py:161} INFO - Started process (PID=7041) to work on /home/airflow/.local/lib/python3.8/site-packages/airflow/example_dags/example_dynamic_task_mapping_with_no_taskflow_operators.py
[2026-06-18T17:43:42.432+0000] {processor.py:830} INFO - Processing file /home/airflow/.local/lib/python3.8/site-packages/airflow/example_dags/example_dynamic_task_mapping_with_no_taskflow_operators.py for tasks to queue
[2026-06-18T17:43:42.435+0000] {logging_mixin.py:188} INFO - [2026-06-18T17:43:42.434+0000] {dagbag.py:538} INFO - Filling up the DagBag from /home/airflow/.local/lib/python3.8/site-packages/airflow/example_dags/example_dynamic_task_mapping_with_no_taskflow_operators.py
[2026-06-18T17:43:42.447+0000] {processor.py:840} INFO - DAG(s) 'example_dynamic_task_mapping_with_no_taskflow_operators' retrieved from /home/airflow/.local/lib/python3.8/site-packages/airflow/example_dags/example_dynamic_task_mapping_with_no_taskflow_operators.py
[2026-06-18T17:43:42.499+0000] {logging_mixin.py:188} INFO - [2026-06-18T17:43:42.498+0000] {dag.py:3036} INFO - Sync 1 DAGs
[2026-06-18T17:43:42.548+0000] {logging_mixin.py:188} INFO - [2026-06-18T17:43:42.548+0000] {dag.py:3823} INFO - Setting next_dagrun for example_dynamic_task_mapping_with_no_taskflow_operators to 2026-06-17 00:00:00+00:00, run_after=2026-06-18 00:00:00+00:00
[2026-06-18T17:43:42.580+0000] {processor.py:183} INFO - Processing /home/airflow/.local/lib/python3.8/site-packages/airflow/example_dags/example_dynamic_task_mapping_with_no_taskflow_operators.py took 0.155 seconds
[2026-06-18T17:44:12.665+0000] {processor.py:161} INFO - Started process (PID=7107) to work on /home/airflow/.local/lib/python3.8/site-packages/airflow/example_dags/example_dynamic_task_mapping_with_no_taskflow_operators.py
[2026-06-18T17:44:12.668+0000] {processor.py:830} INFO - Processing file /home/airflow/.local/lib/python3.8/site-packages/airflow/example_dags/example_dynamic_task_mapping_with_no_taskflow_operators.py for tasks to queue
[2026-06-18T17:44:12.672+0000] {logging_mixin.py:188} INFO - [2026-06-18T17:44:12.671+0000] {dagbag.py:538} INFO - Filling up the DagBag from /home/airflow/.local/lib/python3.8/site-packages/airflow/example_dags/example_dynamic_task_mapping_with_no_taskflow_operators.py
[2026-06-18T17:44:12.685+0000] {processor.py:840} INFO - DAG(s) 'example_dynamic_task_mapping_with_no_taskflow_operators' retrieved from /home/airflow/.local/lib/python3.8/site-packages/airflow/example_dags/example_dynamic_task_mapping_with_no_taskflow_operators.py
[2026-06-18T17:44:12.731+0000] {logging_mixin.py:188} INFO - [2026-06-18T17:44:12.731+0000] {dag.py:3036} INFO - Sync 1 DAGs
[2026-06-18T17:44:12.773+0000] {logging_mixin.py:188} INFO - [2026-06-18T17:44:12.772+0000] {dag.py:3823} INFO - Setting next_dagrun for example_dynamic_task_mapping_with_no_taskflow_operators to 2026-06-17 00:00:00+00:00, run_after=2026-06-18 00:00:00+00:00
[2026-06-18T17:44:12.806+0000] {processor.py:183} INFO - Processing /home/airflow/.local/lib/python3.8/site-packages/airflow/example_dags/example_dynamic_task_mapping_with_no_taskflow_operators.py took 0.148 seconds
[2026-06-18T17:44:43.392+0000] {processor.py:161} INFO - Started process (PID=7173) to work on /home/airflow/.local/lib/python3.8/site-packages/airflow/example_dags/example_dynamic_task_mapping_with_no_taskflow_operators.py
[2026-06-18T17:44:43.393+0000] {processor.py:830} INFO - Processing file /home/airflow/.local/lib/python3.8/site-packages/airflow/example_dags/example_dynamic_task_mapping_with_no_taskflow_operators.py for tasks to queue
[2026-06-18T17:44:43.396+0000] {logging_mixin.py:188} INFO - [2026-06-18T17:44:43.396+0000] {dagbag.py:538} INFO - Filling up the DagBag from /home/airflow/.local/lib/python3.8/site-packages/airflow/example_dags/example_dynamic_task_mapping_with_no_taskflow_operators.py
[2026-06-18T17:44:43.405+0000] {processor.py:840} INFO - DAG(s) 'example_dynamic_task_mapping_with_no_taskflow_operators' retrieved from /home/airflow/.local/lib/python3.8/site-packages/airflow/example_dags/example_dynamic_task_mapping_with_no_taskflow_operators.py
[2026-06-18T17:44:43.439+0000] {logging_mixin.py:188} INFO - [2026-06-18T17:44:43.439+0000] {dag.py:3036} INFO - Sync 1 DAGs
[2026-06-18T17:44:43.474+0000] {logging_mixin.py:188} INFO - [2026-06-18T17:44:43.474+0000] {dag.py:3823} INFO - Setting next_dagrun for example_dynamic_task_mapping_with_no_taskflow_operators to 2026-06-17 00:00:00+00:00, run_after=2026-06-18 00:00:00+00:00
[2026-06-18T17:44:43.502+0000] {processor.py:183} INFO - Processing /home/airflow/.local/lib/python3.8/site-packages/airflow/example_dags/example_dynamic_task_mapping_with_no_taskflow_operators.py took 0.115 seconds
[2026-06-18T17:45:14.270+0000] {processor.py:161} INFO - Started process (PID=7239) to work on /home/airflow/.local/lib/python3.8/site-packages/airflow/example_dags/example_dynamic_task_mapping_with_no_taskflow_operators.py
[2026-06-18T17:45:14.272+0000] {processor.py:830} INFO - Processing file /home/airflow/.local/lib/python3.8/site-packages/airflow/example_dags/example_dynamic_task_mapping_with_no_taskflow_operators.py for tasks to queue
[2026-06-18T17:45:14.274+0000] {logging_mixin.py:188} INFO - [2026-06-18T17:45:14.274+0000] {dagbag.py:538} INFO - Filling up the DagBag from /home/airflow/.local/lib/python3.8/site-packages/airflow/example_dags/example_dynamic_task_mapping_with_no_taskflow_operators.py
[2026-06-18T17:45:14.283+0000] {processor.py:840} INFO - DAG(s) 'example_dynamic_task_mapping_with_no_taskflow_operators' retrieved from /home/airflow/.local/lib/python3.8/site-packages/airflow/example_dags/example_dynamic_task_mapping_with_no_taskflow_operators.py
[2026-06-18T17:45:14.317+0000] {logging_mixin.py:188} INFO - [2026-06-18T17:45:14.317+0000] {dag.py:3036} INFO - Sync 1 DAGs
[2026-06-18T17:45:14.356+0000] {logging_mixin.py:188} INFO - [2026-06-18T17:45:14.356+0000] {dag.py:3823} INFO - Setting next_dagrun for example_dynamic_task_mapping_with_no_taskflow_operators to 2026-06-17 00:00:00+00:00, run_after=2026-06-18 00:00:00+00:00
[2026-06-18T17:45:14.387+0000] {processor.py:183} INFO - Processing /home/airflow/.local/lib/python3.8/site-packages/airflow/example_dags/example_dynamic_task_mapping_with_no_taskflow_operators.py took 0.122 seconds
[2026-06-18T17:45:44.983+0000] {processor.py:161} INFO - Started process (PID=7305) to work on /home/airflow/.local/lib/python3.8/site-packages/airflow/example_dags/example_dynamic_task_mapping_with_no_taskflow_operators.py
[2026-06-18T17:45:44.984+0000] {processor.py:830} INFO - Processing file /home/airflow/.local/lib/python3.8/site-packages/airflow/example_dags/example_dynamic_task_mapping_with_no_taskflow_operators.py for tasks to queue
[2026-06-18T17:45:44.987+0000] {logging_mixin.py:188} INFO - [2026-06-18T17:45:44.986+0000] {dagbag.py:538} INFO - Filling up the DagBag from /home/airflow/.local/lib/python3.8/site-packages/airflow/example_dags/example_dynamic_task_mapping_with_no_taskflow_operators.py
[2026-06-18T17:45:44.997+0000] {processor.py:840} INFO - DAG(s) 'example_dynamic_task_mapping_with_no_taskflow_operators' retrieved from /home/airflow/.local/lib/python3.8/site-packages/airflow/example_dags/example_dynamic_task_mapping_with_no_taskflow_operators.py
[2026-06-18T17:45:45.033+0000] {logging_mixin.py:188} INFO - [2026-06-18T17:45:45.033+0000] {dag.py:3036} INFO - Sync 1 DAGs
[2026-06-18T17:45:45.070+0000] {logging_mixin.py:188} INFO - [2026-06-18T17:45:45.070+0000] {dag.py:3823} INFO - Setting next_dagrun for example_dynamic_task_mapping_with_no_taskflow_operators to 2026-06-17 00:00:00+00:00, run_after=2026-06-18 00:00:00+00:00
[2026-06-18T17:45:45.101+0000] {processor.py:183} INFO - Processing /home/airflow/.local/lib/python3.8/site-packages/airflow/example_dags/example_dynamic_task_mapping_with_no_taskflow_operators.py took 0.123 seconds
[2026-06-18T17:46:15.975+0000] {processor.py:161} INFO - Started process (PID=7371) to work on /home/airflow/.local/lib/python3.8/site-packages/airflow/example_dags/example_dynamic_task_mapping_with_no_taskflow_operators.py
[2026-06-18T17:46:15.977+0000] {processor.py:830} INFO - Processing file /home/airflow/.local/lib/python3.8/site-packages/airflow/example_dags/example_dynamic_task_mapping_with_no_taskflow_operators.py for tasks to queue
[2026-06-18T17:46:15.980+0000] {logging_mixin.py:188} INFO - [2026-06-18T17:46:15.979+0000] {dagbag.py:538} INFO - Filling up the DagBag from /home/airflow/.local/lib/python3.8/site-packages/airflow/example_dags/example_dynamic_task_mapping_with_no_taskflow_operators.py
[2026-06-18T17:46:15.991+0000] {processor.py:840} INFO - DAG(s) 'example_dynamic_task_mapping_with_no_taskflow_operators' retrieved from /home/airflow/.local/lib/python3.8/site-packages/airflow/example_dags/example_dynamic_task_mapping_with_no_taskflow_operators.py
[2026-06-18T17:46:16.027+0000] {logging_mixin.py:188} INFO - [2026-06-18T17:46:16.027+0000] {dag.py:3036} INFO - Sync 1 DAGs
[2026-06-18T17:46:16.063+0000] {logging_mixin.py:188} INFO - [2026-06-18T17:46:16.063+0000] {dag.py:3823} INFO - Setting next_dagrun for example_dynamic_task_mapping_with_no_taskflow_operators to 2026-06-17 00:00:00+00:00, run_after=2026-06-18 00:00:00+00:00
[2026-06-18T17:46:16.099+0000] {processor.py:183} INFO - Processing /home/airflow/.local/lib/python3.8/site-packages/airflow/example_dags/example_dynamic_task_mapping_with_no_taskflow_operators.py took 0.130 seconds
[2026-06-18T17:46:46.496+0000] {processor.py:161} INFO - Started process (PID=7438) to work on /home/airflow/.local/lib/python3.8/site-packages/airflow/example_dags/example_dynamic_task_mapping_with_no_taskflow_operators.py
[2026-06-18T17:46:46.497+0000] {processor.py:830} INFO - Processing file /home/airflow/.local/lib/python3.8/site-packages/airflow/example_dags/example_dynamic_task_mapping_with_no_taskflow_operators.py for tasks to queue
[2026-06-18T17:46:46.500+0000] {logging_mixin.py:188} INFO - [2026-06-18T17:46:46.499+0000] {dagbag.py:538} INFO - Filling up the DagBag from /home/airflow/.local/lib/python3.8/site-packages/airflow/example_dags/example_dynamic_task_mapping_with_no_taskflow_operators.py
[2026-06-18T17:46:46.510+0000] {processor.py:840} INFO - DAG(s) 'example_dynamic_task_mapping_with_no_taskflow_operators' retrieved from /home/airflow/.local/lib/python3.8/site-packages/airflow/example_dags/example_dynamic_task_mapping_with_no_taskflow_operators.py
[2026-06-18T17:46:46.551+0000] {logging_mixin.py:188} INFO - [2026-06-18T17:46:46.551+0000] {dag.py:3036} INFO - Sync 1 DAGs
[2026-06-18T17:46:46.588+0000] {logging_mixin.py:188} INFO - [2026-06-18T17:46:46.588+0000] {dag.py:3823} INFO - Setting next_dagrun for example_dynamic_task_mapping_with_no_taskflow_operators to 2026-06-17 00:00:00+00:00, run_after=2026-06-18 00:00:00+00:00
[2026-06-18T17:46:46.617+0000] {processor.py:183} INFO - Processing /home/airflow/.local/lib/python3.8/site-packages/airflow/example_dags/example_dynamic_task_mapping_with_no_taskflow_operators.py took 0.126 seconds
[2026-06-18T17:47:17.292+0000] {processor.py:161} INFO - Started process (PID=7504) to work on /home/airflow/.local/lib/python3.8/site-packages/airflow/example_dags/example_dynamic_task_mapping_with_no_taskflow_operators.py
[2026-06-18T17:47:17.293+0000] {processor.py:830} INFO - Processing file /home/airflow/.local/lib/python3.8/site-packages/airflow/example_dags/example_dynamic_task_mapping_with_no_taskflow_operators.py for tasks to queue
[2026-06-18T17:47:17.296+0000] {logging_mixin.py:188} INFO - [2026-06-18T17:47:17.295+0000] {dagbag.py:538} INFO - Filling up the DagBag from /home/airflow/.local/lib/python3.8/site-packages/airflow/example_dags/example_dynamic_task_mapping_with_no_taskflow_operators.py
[2026-06-18T17:47:17.308+0000] {processor.py:840} INFO - DAG(s) 'example_dynamic_task_mapping_with_no_taskflow_operators' retrieved from /home/airflow/.local/lib/python3.8/site-packages/airflow/example_dags/example_dynamic_task_mapping_with_no_taskflow_operators.py
[2026-06-18T17:47:17.349+0000] {logging_mixin.py:188} INFO - [2026-06-18T17:47:17.348+0000] {dag.py:3036} INFO - Sync 1 DAGs
[2026-06-18T17:47:17.393+0000] {logging_mixin.py:188} INFO - [2026-06-18T17:47:17.393+0000] {dag.py:3823} INFO - Setting next_dagrun for example_dynamic_task_mapping_with_no_taskflow_operators to 2026-06-17 00:00:00+00:00, run_after=2026-06-18 00:00:00+00:00
[2026-06-18T17:47:17.428+0000] {processor.py:183} INFO - Processing /home/airflow/.local/lib/python3.8/site-packages/airflow/example_dags/example_dynamic_task_mapping_with_no_taskflow_operators.py took 0.141 seconds
[2026-06-18T17:47:47.528+0000] {processor.py:161} INFO - Started process (PID=7571) to work on /home/airflow/.local/lib/python3.8/site-packages/airflow/example_dags/example_dynamic_task_mapping_with_no_taskflow_operators.py
[2026-06-18T17:47:47.529+0000] {processor.py:830} INFO - Processing file /home/airflow/.local/lib/python3.8/site-packages/airflow/example_dags/example_dynamic_task_mapping_with_no_taskflow_operators.py for tasks to queue
[2026-06-18T17:47:47.531+0000] {logging_mixin.py:188} INFO - [2026-06-18T17:47:47.531+0000] {dagbag.py:538} INFO - Filling up the DagBag from /home/airflow/.local/lib/python3.8/site-packages/airflow/example_dags/example_dynamic_task_mapping_with_no_taskflow_operators.py
[2026-06-18T17:47:47.541+0000] {processor.py:840} INFO - DAG(s) 'example_dynamic_task_mapping_with_no_taskflow_operators' retrieved from /home/airflow/.local/lib/python3.8/site-packages/airflow/example_dags/example_dynamic_task_mapping_with_no_taskflow_operators.py
[2026-06-18T17:47:47.577+0000] {logging_mixin.py:188} INFO - [2026-06-18T17:47:47.577+0000] {dag.py:3036} INFO - Sync 1 DAGs
[2026-06-18T17:47:47.621+0000] {logging_mixin.py:188} INFO - [2026-06-18T17:47:47.621+0000] {dag.py:3823} INFO - Setting next_dagrun for example_dynamic_task_mapping_with_no_taskflow_operators to 2026-06-17 00:00:00+00:00, run_after=2026-06-18 00:00:00+00:00
[2026-06-18T17:47:47.650+0000] {processor.py:183} INFO - Processing /home/airflow/.local/lib/python3.8/site-packages/airflow/example_dags/example_dynamic_task_mapping_with_no_taskflow_operators.py took 0.127 seconds
[2026-06-18T17:48:18.403+0000] {processor.py:161} INFO - Started process (PID=7636) to work on /home/airflow/.local/lib/python3.8/site-packages/airflow/example_dags/example_dynamic_task_mapping_with_no_taskflow_operators.py
[2026-06-18T17:48:18.405+0000] {processor.py:830} INFO - Processing file /home/airflow/.local/lib/python3.8/site-packages/airflow/example_dags/example_dynamic_task_mapping_with_no_taskflow_operators.py for tasks to queue
[2026-06-18T17:48:18.408+0000] {logging_mixin.py:188} INFO - [2026-06-18T17:48:18.407+0000] {dagbag.py:538} INFO - Filling up the DagBag from /home/airflow/.local/lib/python3.8/site-packages/airflow/example_dags/example_dynamic_task_mapping_with_no_taskflow_operators.py
[2026-06-18T17:48:18.420+0000] {processor.py:840} INFO - DAG(s) 'example_dynamic_task_mapping_with_no_taskflow_operators' retrieved from /home/airflow/.local/lib/python3.8/site-packages/airflow/example_dags/example_dynamic_task_mapping_with_no_taskflow_operators.py
[2026-06-18T17:48:18.458+0000] {logging_mixin.py:188} INFO - [2026-06-18T17:48:18.457+0000] {dag.py:3036} INFO - Sync 1 DAGs
[2026-06-18T17:48:18.502+0000] {logging_mixin.py:188} INFO - [2026-06-18T17:48:18.502+0000] {dag.py:3823} INFO - Setting next_dagrun for example_dynamic_task_mapping_with_no_taskflow_operators to 2026-06-17 00:00:00+00:00, run_after=2026-06-18 00:00:00+00:00
[2026-06-18T17:48:18.536+0000] {processor.py:183} INFO - Processing /home/airflow/.local/lib/python3.8/site-packages/airflow/example_dags/example_dynamic_task_mapping_with_no_taskflow_operators.py took 0.138 seconds
[2026-06-18T17:48:48.920+0000] {processor.py:161} INFO - Started process (PID=7702) to work on /home/airflow/.local/lib/python3.8/site-packages/airflow/example_dags/example_dynamic_task_mapping_with_no_taskflow_operators.py
[2026-06-18T17:48:48.922+0000] {processor.py:830} INFO - Processing file /home/airflow/.local/lib/python3.8/site-packages/airflow/example_dags/example_dynamic_task_mapping_with_no_taskflow_operators.py for tasks to queue
[2026-06-18T17:48:48.924+0000] {logging_mixin.py:188} INFO - [2026-06-18T17:48:48.924+0000] {dagbag.py:538} INFO - Filling up the DagBag from /home/airflow/.local/lib/python3.8/site-packages/airflow/example_dags/example_dynamic_task_mapping_with_no_taskflow_operators.py
[2026-06-18T17:48:48.935+0000] {processor.py:840} INFO - DAG(s) 'example_dynamic_task_mapping_with_no_taskflow_operators' retrieved from /home/airflow/.local/lib/python3.8/site-packages/airflow/example_dags/example_dynamic_task_mapping_with_no_taskflow_operators.py
[2026-06-18T17:48:48.969+0000] {logging_mixin.py:188} INFO - [2026-06-18T17:48:48.969+0000] {dag.py:3036} INFO - Sync 1 DAGs
[2026-06-18T17:48:49.008+0000] {logging_mixin.py:188} INFO - [2026-06-18T17:48:49.007+0000] {dag.py:3823} INFO - Setting next_dagrun for example_dynamic_task_mapping_with_no_taskflow_operators to 2026-06-17 00:00:00+00:00, run_after=2026-06-18 00:00:00+00:00
[2026-06-18T17:48:49.036+0000] {processor.py:183} INFO - Processing /home/airflow/.local/lib/python3.8/site-packages/airflow/example_dags/example_dynamic_task_mapping_with_no_taskflow_operators.py took 0.122 seconds
[2026-06-18T17:49:19.247+0000] {processor.py:161} INFO - Started process (PID=7769) to work on /home/airflow/.local/lib/python3.8/site-packages/airflow/example_dags/example_dynamic_task_mapping_with_no_taskflow_operators.py
[2026-06-18T17:49:19.249+0000] {processor.py:830} INFO - Processing file /home/airflow/.local/lib/python3.8/site-packages/airflow/example_dags/example_dynamic_task_mapping_with_no_taskflow_operators.py for tasks to queue
[2026-06-18T17:49:19.251+0000] {logging_mixin.py:188} INFO - [2026-06-18T17:49:19.251+0000] {dagbag.py:538} INFO - Filling up the DagBag from /home/airflow/.local/lib/python3.8/site-packages/airflow/example_dags/example_dynamic_task_mapping_with_no_taskflow_operators.py
[2026-06-18T17:49:19.261+0000] {processor.py:840} INFO - DAG(s) 'example_dynamic_task_mapping_with_no_taskflow_operators' retrieved from /home/airflow/.local/lib/python3.8/site-packages/airflow/example_dags/example_dynamic_task_mapping_with_no_taskflow_operators.py
[2026-06-18T17:49:19.297+0000] {logging_mixin.py:188} INFO - [2026-06-18T17:49:19.296+0000] {dag.py:3036} INFO - Sync 1 DAGs
[2026-06-18T17:49:19.332+0000] {logging_mixin.py:188} INFO - [2026-06-18T17:49:19.331+0000] {dag.py:3823} INFO - Setting next_dagrun for example_dynamic_task_mapping_with_no_taskflow_operators to 2026-06-17 00:00:00+00:00, run_after=2026-06-18 00:00:00+00:00
[2026-06-18T17:49:19.363+0000] {processor.py:183} INFO - Processing /home/airflow/.local/lib/python3.8/site-packages/airflow/example_dags/example_dynamic_task_mapping_with_no_taskflow_operators.py took 0.122 seconds
