[2026-06-18T16:50:18.989+0000] {processor.py:161} INFO - Started process (PID=87) to work on /home/airflow/.local/lib/python3.8/site-packages/airflow/example_dags/example_sla_dag.py
[2026-06-18T16:50:18.990+0000] {processor.py:830} INFO - Processing file /home/airflow/.local/lib/python3.8/site-packages/airflow/example_dags/example_sla_dag.py for tasks to queue
[2026-06-18T16:50:18.993+0000] {logging_mixin.py:188} INFO - [2026-06-18T16:50:18.992+0000] {dagbag.py:538} INFO - Filling up the DagBag from /home/airflow/.local/lib/python3.8/site-packages/airflow/example_dags/example_sla_dag.py
[2026-06-18T16:50:19.007+0000] {processor.py:840} INFO - DAG(s) 'example_sla_dag' retrieved from /home/airflow/.local/lib/python3.8/site-packages/airflow/example_dags/example_sla_dag.py
[2026-06-18T16:50:19.046+0000] {logging_mixin.py:188} INFO - [2026-06-18T16:50:19.046+0000] {dag.py:3036} INFO - Sync 1 DAGs
[2026-06-18T16:50:19.096+0000] {logging_mixin.py:188} INFO - [2026-06-18T16:50:19.096+0000] {dag.py:3823} INFO - Setting next_dagrun for example_sla_dag to 2026-06-18 16:48:00+00:00, run_after=2026-06-18 16:50:00+00:00
[2026-06-18T16:50:19.131+0000] {processor.py:183} INFO - Processing /home/airflow/.local/lib/python3.8/site-packages/airflow/example_dags/example_sla_dag.py took 0.148 seconds
[2026-06-18T16:50:49.294+0000] {processor.py:161} INFO - Started process (PID=153) to work on /home/airflow/.local/lib/python3.8/site-packages/airflow/example_dags/example_sla_dag.py
[2026-06-18T16:50:49.296+0000] {processor.py:830} INFO - Processing file /home/airflow/.local/lib/python3.8/site-packages/airflow/example_dags/example_sla_dag.py for tasks to queue
[2026-06-18T16:50:49.299+0000] {logging_mixin.py:188} INFO - [2026-06-18T16:50:49.298+0000] {dagbag.py:538} INFO - Filling up the DagBag from /home/airflow/.local/lib/python3.8/site-packages/airflow/example_dags/example_sla_dag.py
[2026-06-18T16:50:49.313+0000] {processor.py:840} INFO - DAG(s) 'example_sla_dag' retrieved from /home/airflow/.local/lib/python3.8/site-packages/airflow/example_dags/example_sla_dag.py
[2026-06-18T16:50:49.351+0000] {logging_mixin.py:188} INFO - [2026-06-18T16:50:49.351+0000] {dag.py:3036} INFO - Sync 1 DAGs
[2026-06-18T16:50:49.401+0000] {logging_mixin.py:188} INFO - [2026-06-18T16:50:49.401+0000] {dag.py:3823} INFO - Setting next_dagrun for example_sla_dag to 2026-06-18 16:48:00+00:00, run_after=2026-06-18 16:50:00+00:00
[2026-06-18T16:50:49.436+0000] {processor.py:183} INFO - Processing /home/airflow/.local/lib/python3.8/site-packages/airflow/example_dags/example_sla_dag.py took 0.147 seconds
[2026-06-18T16:51:19.958+0000] {processor.py:161} INFO - Started process (PID=220) to work on /home/airflow/.local/lib/python3.8/site-packages/airflow/example_dags/example_sla_dag.py
[2026-06-18T16:51:19.960+0000] {processor.py:830} INFO - Processing file /home/airflow/.local/lib/python3.8/site-packages/airflow/example_dags/example_sla_dag.py for tasks to queue
[2026-06-18T16:51:19.963+0000] {logging_mixin.py:188} INFO - [2026-06-18T16:51:19.962+0000] {dagbag.py:538} INFO - Filling up the DagBag from /home/airflow/.local/lib/python3.8/site-packages/airflow/example_dags/example_sla_dag.py
[2026-06-18T16:51:19.983+0000] {processor.py:840} INFO - DAG(s) 'example_sla_dag' retrieved from /home/airflow/.local/lib/python3.8/site-packages/airflow/example_dags/example_sla_dag.py
[2026-06-18T16:51:20.035+0000] {logging_mixin.py:188} INFO - [2026-06-18T16:51:20.035+0000] {dag.py:3036} INFO - Sync 1 DAGs
[2026-06-18T16:51:20.088+0000] {logging_mixin.py:188} INFO - [2026-06-18T16:51:20.087+0000] {dag.py:3823} INFO - Setting next_dagrun for example_sla_dag to 2026-06-18 16:48:00+00:00, run_after=2026-06-18 16:50:00+00:00
[2026-06-18T16:51:20.119+0000] {processor.py:183} INFO - Processing /home/airflow/.local/lib/python3.8/site-packages/airflow/example_dags/example_sla_dag.py took 0.167 seconds
[2026-06-18T16:51:50.225+0000] {processor.py:161} INFO - Started process (PID=286) to work on /home/airflow/.local/lib/python3.8/site-packages/airflow/example_dags/example_sla_dag.py
[2026-06-18T16:51:50.226+0000] {processor.py:830} INFO - Processing file /home/airflow/.local/lib/python3.8/site-packages/airflow/example_dags/example_sla_dag.py for tasks to queue
[2026-06-18T16:51:50.229+0000] {logging_mixin.py:188} INFO - [2026-06-18T16:51:50.229+0000] {dagbag.py:538} INFO - Filling up the DagBag from /home/airflow/.local/lib/python3.8/site-packages/airflow/example_dags/example_sla_dag.py
[2026-06-18T16:51:50.248+0000] {processor.py:840} INFO - DAG(s) 'example_sla_dag' retrieved from /home/airflow/.local/lib/python3.8/site-packages/airflow/example_dags/example_sla_dag.py
[2026-06-18T16:51:50.289+0000] {logging_mixin.py:188} INFO - [2026-06-18T16:51:50.288+0000] {dag.py:3036} INFO - Sync 1 DAGs
[2026-06-18T16:51:50.341+0000] {logging_mixin.py:188} INFO - [2026-06-18T16:51:50.341+0000] {dag.py:3823} INFO - Setting next_dagrun for example_sla_dag to 2026-06-18 16:48:00+00:00, run_after=2026-06-18 16:50:00+00:00
[2026-06-18T16:51:50.380+0000] {processor.py:183} INFO - Processing /home/airflow/.local/lib/python3.8/site-packages/airflow/example_dags/example_sla_dag.py took 0.161 seconds
[2026-06-18T16:52:21.223+0000] {processor.py:161} INFO - Started process (PID=352) to work on /home/airflow/.local/lib/python3.8/site-packages/airflow/example_dags/example_sla_dag.py
[2026-06-18T16:52:21.226+0000] {processor.py:830} INFO - Processing file /home/airflow/.local/lib/python3.8/site-packages/airflow/example_dags/example_sla_dag.py for tasks to queue
[2026-06-18T16:52:21.229+0000] {logging_mixin.py:188} INFO - [2026-06-18T16:52:21.228+0000] {dagbag.py:538} INFO - Filling up the DagBag from /home/airflow/.local/lib/python3.8/site-packages/airflow/example_dags/example_sla_dag.py
[2026-06-18T16:52:21.245+0000] {processor.py:840} INFO - DAG(s) 'example_sla_dag' retrieved from /home/airflow/.local/lib/python3.8/site-packages/airflow/example_dags/example_sla_dag.py
[2026-06-18T16:52:21.291+0000] {logging_mixin.py:188} INFO - [2026-06-18T16:52:21.291+0000] {dag.py:3036} INFO - Sync 1 DAGs
[2026-06-18T16:52:21.346+0000] {logging_mixin.py:188} INFO - [2026-06-18T16:52:21.346+0000] {dag.py:3823} INFO - Setting next_dagrun for example_sla_dag to 2026-06-18 16:50:00+00:00, run_after=2026-06-18 16:52:00+00:00
[2026-06-18T16:52:21.378+0000] {processor.py:183} INFO - Processing /home/airflow/.local/lib/python3.8/site-packages/airflow/example_dags/example_sla_dag.py took 0.161 seconds
[2026-06-18T16:52:52.112+0000] {processor.py:161} INFO - Started process (PID=420) to work on /home/airflow/.local/lib/python3.8/site-packages/airflow/example_dags/example_sla_dag.py
[2026-06-18T16:52:52.113+0000] {processor.py:830} INFO - Processing file /home/airflow/.local/lib/python3.8/site-packages/airflow/example_dags/example_sla_dag.py for tasks to queue
[2026-06-18T16:52:52.116+0000] {logging_mixin.py:188} INFO - [2026-06-18T16:52:52.115+0000] {dagbag.py:538} INFO - Filling up the DagBag from /home/airflow/.local/lib/python3.8/site-packages/airflow/example_dags/example_sla_dag.py
[2026-06-18T16:52:52.132+0000] {processor.py:840} INFO - DAG(s) 'example_sla_dag' retrieved from /home/airflow/.local/lib/python3.8/site-packages/airflow/example_dags/example_sla_dag.py
[2026-06-18T16:52:52.176+0000] {logging_mixin.py:188} INFO - [2026-06-18T16:52:52.175+0000] {dag.py:3036} INFO - Sync 1 DAGs
[2026-06-18T16:52:52.230+0000] {logging_mixin.py:188} INFO - [2026-06-18T16:52:52.229+0000] {dag.py:3823} INFO - Setting next_dagrun for example_sla_dag to 2026-06-18 16:50:00+00:00, run_after=2026-06-18 16:52:00+00:00
[2026-06-18T16:52:52.263+0000] {processor.py:183} INFO - Processing /home/airflow/.local/lib/python3.8/site-packages/airflow/example_dags/example_sla_dag.py took 0.158 seconds
[2026-06-18T16:53:22.796+0000] {processor.py:161} INFO - Started process (PID=486) to work on /home/airflow/.local/lib/python3.8/site-packages/airflow/example_dags/example_sla_dag.py
[2026-06-18T16:53:22.798+0000] {processor.py:830} INFO - Processing file /home/airflow/.local/lib/python3.8/site-packages/airflow/example_dags/example_sla_dag.py for tasks to queue
[2026-06-18T16:53:22.801+0000] {logging_mixin.py:188} INFO - [2026-06-18T16:53:22.801+0000] {dagbag.py:538} INFO - Filling up the DagBag from /home/airflow/.local/lib/python3.8/site-packages/airflow/example_dags/example_sla_dag.py
[2026-06-18T16:53:22.818+0000] {processor.py:840} INFO - DAG(s) 'example_sla_dag' retrieved from /home/airflow/.local/lib/python3.8/site-packages/airflow/example_dags/example_sla_dag.py
[2026-06-18T16:53:22.858+0000] {logging_mixin.py:188} INFO - [2026-06-18T16:53:22.857+0000] {dag.py:3036} INFO - Sync 1 DAGs
[2026-06-18T16:53:22.908+0000] {logging_mixin.py:188} INFO - [2026-06-18T16:53:22.907+0000] {dag.py:3823} INFO - Setting next_dagrun for example_sla_dag to 2026-06-18 16:50:00+00:00, run_after=2026-06-18 16:52:00+00:00
[2026-06-18T16:53:22.940+0000] {processor.py:183} INFO - Processing /home/airflow/.local/lib/python3.8/site-packages/airflow/example_dags/example_sla_dag.py took 0.150 seconds
[2026-06-18T16:53:53.503+0000] {processor.py:161} INFO - Started process (PID=559) to work on /home/airflow/.local/lib/python3.8/site-packages/airflow/example_dags/example_sla_dag.py
[2026-06-18T16:53:53.505+0000] {processor.py:830} INFO - Processing file /home/airflow/.local/lib/python3.8/site-packages/airflow/example_dags/example_sla_dag.py for tasks to queue
[2026-06-18T16:53:53.508+0000] {logging_mixin.py:188} INFO - [2026-06-18T16:53:53.507+0000] {dagbag.py:538} INFO - Filling up the DagBag from /home/airflow/.local/lib/python3.8/site-packages/airflow/example_dags/example_sla_dag.py
[2026-06-18T16:53:53.524+0000] {processor.py:840} INFO - DAG(s) 'example_sla_dag' retrieved from /home/airflow/.local/lib/python3.8/site-packages/airflow/example_dags/example_sla_dag.py
[2026-06-18T16:53:53.563+0000] {logging_mixin.py:188} INFO - [2026-06-18T16:53:53.563+0000] {dag.py:3036} INFO - Sync 1 DAGs
[2026-06-18T16:53:53.615+0000] {logging_mixin.py:188} INFO - [2026-06-18T16:53:53.614+0000] {dag.py:3823} INFO - Setting next_dagrun for example_sla_dag to 2026-06-18 16:50:00+00:00, run_after=2026-06-18 16:52:00+00:00
[2026-06-18T16:53:53.649+0000] {processor.py:183} INFO - Processing /home/airflow/.local/lib/python3.8/site-packages/airflow/example_dags/example_sla_dag.py took 0.152 seconds
[2026-06-18T16:54:23.690+0000] {processor.py:161} INFO - Started process (PID=627) to work on /home/airflow/.local/lib/python3.8/site-packages/airflow/example_dags/example_sla_dag.py
[2026-06-18T16:54:23.691+0000] {processor.py:830} INFO - Processing file /home/airflow/.local/lib/python3.8/site-packages/airflow/example_dags/example_sla_dag.py for tasks to queue
[2026-06-18T16:54:23.694+0000] {logging_mixin.py:188} INFO - [2026-06-18T16:54:23.693+0000] {dagbag.py:538} INFO - Filling up the DagBag from /home/airflow/.local/lib/python3.8/site-packages/airflow/example_dags/example_sla_dag.py
[2026-06-18T16:54:23.706+0000] {processor.py:840} INFO - DAG(s) 'example_sla_dag' retrieved from /home/airflow/.local/lib/python3.8/site-packages/airflow/example_dags/example_sla_dag.py
[2026-06-18T16:54:23.743+0000] {logging_mixin.py:188} INFO - [2026-06-18T16:54:23.742+0000] {dag.py:3036} INFO - Sync 1 DAGs
[2026-06-18T16:54:23.783+0000] {logging_mixin.py:188} INFO - [2026-06-18T16:54:23.783+0000] {dag.py:3823} INFO - Setting next_dagrun for example_sla_dag to 2026-06-18 16:52:00+00:00, run_after=2026-06-18 16:54:00+00:00
[2026-06-18T16:54:23.816+0000] {processor.py:183} INFO - Processing /home/airflow/.local/lib/python3.8/site-packages/airflow/example_dags/example_sla_dag.py took 0.131 seconds
[2026-06-18T16:54:54.104+0000] {processor.py:161} INFO - Started process (PID=692) to work on /home/airflow/.local/lib/python3.8/site-packages/airflow/example_dags/example_sla_dag.py
[2026-06-18T16:54:54.107+0000] {processor.py:830} INFO - Processing file /home/airflow/.local/lib/python3.8/site-packages/airflow/example_dags/example_sla_dag.py for tasks to queue
[2026-06-18T16:54:54.109+0000] {logging_mixin.py:188} INFO - [2026-06-18T16:54:54.109+0000] {dagbag.py:538} INFO - Filling up the DagBag from /home/airflow/.local/lib/python3.8/site-packages/airflow/example_dags/example_sla_dag.py
[2026-06-18T16:54:54.125+0000] {processor.py:840} INFO - DAG(s) 'example_sla_dag' retrieved from /home/airflow/.local/lib/python3.8/site-packages/airflow/example_dags/example_sla_dag.py
[2026-06-18T16:54:54.160+0000] {logging_mixin.py:188} INFO - [2026-06-18T16:54:54.160+0000] {dag.py:3036} INFO - Sync 1 DAGs
[2026-06-18T16:54:54.221+0000] {logging_mixin.py:188} INFO - [2026-06-18T16:54:54.220+0000] {dag.py:3823} INFO - Setting next_dagrun for example_sla_dag to 2026-06-18 16:52:00+00:00, run_after=2026-06-18 16:54:00+00:00
[2026-06-18T16:54:54.260+0000] {processor.py:183} INFO - Processing /home/airflow/.local/lib/python3.8/site-packages/airflow/example_dags/example_sla_dag.py took 0.161 seconds
[2026-06-18T16:55:24.581+0000] {processor.py:161} INFO - Started process (PID=759) to work on /home/airflow/.local/lib/python3.8/site-packages/airflow/example_dags/example_sla_dag.py
[2026-06-18T16:55:24.582+0000] {processor.py:830} INFO - Processing file /home/airflow/.local/lib/python3.8/site-packages/airflow/example_dags/example_sla_dag.py for tasks to queue
[2026-06-18T16:55:24.585+0000] {logging_mixin.py:188} INFO - [2026-06-18T16:55:24.585+0000] {dagbag.py:538} INFO - Filling up the DagBag from /home/airflow/.local/lib/python3.8/site-packages/airflow/example_dags/example_sla_dag.py
[2026-06-18T16:55:24.601+0000] {processor.py:840} INFO - DAG(s) 'example_sla_dag' retrieved from /home/airflow/.local/lib/python3.8/site-packages/airflow/example_dags/example_sla_dag.py
[2026-06-18T16:55:24.640+0000] {logging_mixin.py:188} INFO - [2026-06-18T16:55:24.639+0000] {dag.py:3036} INFO - Sync 1 DAGs
[2026-06-18T16:55:24.680+0000] {logging_mixin.py:188} INFO - [2026-06-18T16:55:24.680+0000] {dag.py:3823} INFO - Setting next_dagrun for example_sla_dag to 2026-06-18 16:52:00+00:00, run_after=2026-06-18 16:54:00+00:00
[2026-06-18T16:55:24.708+0000] {processor.py:183} INFO - Processing /home/airflow/.local/lib/python3.8/site-packages/airflow/example_dags/example_sla_dag.py took 0.133 seconds
[2026-06-18T16:55:55.447+0000] {processor.py:161} INFO - Started process (PID=826) to work on /home/airflow/.local/lib/python3.8/site-packages/airflow/example_dags/example_sla_dag.py
[2026-06-18T16:55:55.449+0000] {processor.py:830} INFO - Processing file /home/airflow/.local/lib/python3.8/site-packages/airflow/example_dags/example_sla_dag.py for tasks to queue
[2026-06-18T16:55:55.451+0000] {logging_mixin.py:188} INFO - [2026-06-18T16:55:55.451+0000] {dagbag.py:538} INFO - Filling up the DagBag from /home/airflow/.local/lib/python3.8/site-packages/airflow/example_dags/example_sla_dag.py
[2026-06-18T16:55:55.463+0000] {processor.py:840} INFO - DAG(s) 'example_sla_dag' retrieved from /home/airflow/.local/lib/python3.8/site-packages/airflow/example_dags/example_sla_dag.py
[2026-06-18T16:55:55.496+0000] {logging_mixin.py:188} INFO - [2026-06-18T16:55:55.496+0000] {dag.py:3036} INFO - Sync 1 DAGs
[2026-06-18T16:55:55.535+0000] {logging_mixin.py:188} INFO - [2026-06-18T16:55:55.535+0000] {dag.py:3823} INFO - Setting next_dagrun for example_sla_dag to 2026-06-18 16:52:00+00:00, run_after=2026-06-18 16:54:00+00:00
[2026-06-18T16:55:55.561+0000] {processor.py:183} INFO - Processing /home/airflow/.local/lib/python3.8/site-packages/airflow/example_dags/example_sla_dag.py took 0.120 seconds
[2026-06-18T16:56:26.339+0000] {processor.py:161} INFO - Started process (PID=892) to work on /home/airflow/.local/lib/python3.8/site-packages/airflow/example_dags/example_sla_dag.py
[2026-06-18T16:56:26.340+0000] {processor.py:830} INFO - Processing file /home/airflow/.local/lib/python3.8/site-packages/airflow/example_dags/example_sla_dag.py for tasks to queue
[2026-06-18T16:56:26.343+0000] {logging_mixin.py:188} INFO - [2026-06-18T16:56:26.343+0000] {dagbag.py:538} INFO - Filling up the DagBag from /home/airflow/.local/lib/python3.8/site-packages/airflow/example_dags/example_sla_dag.py
[2026-06-18T16:56:26.360+0000] {processor.py:840} INFO - DAG(s) 'example_sla_dag' retrieved from /home/airflow/.local/lib/python3.8/site-packages/airflow/example_dags/example_sla_dag.py
[2026-06-18T16:56:26.400+0000] {logging_mixin.py:188} INFO - [2026-06-18T16:56:26.399+0000] {dag.py:3036} INFO - Sync 1 DAGs
[2026-06-18T16:56:26.452+0000] {logging_mixin.py:188} INFO - [2026-06-18T16:56:26.451+0000] {dag.py:3823} INFO - Setting next_dagrun for example_sla_dag to 2026-06-18 16:54:00+00:00, run_after=2026-06-18 16:56:00+00:00
[2026-06-18T16:56:26.490+0000] {processor.py:183} INFO - Processing /home/airflow/.local/lib/python3.8/site-packages/airflow/example_dags/example_sla_dag.py took 0.157 seconds
[2026-06-18T16:56:57.124+0000] {processor.py:161} INFO - Started process (PID=958) to work on /home/airflow/.local/lib/python3.8/site-packages/airflow/example_dags/example_sla_dag.py
[2026-06-18T16:56:57.126+0000] {processor.py:830} INFO - Processing file /home/airflow/.local/lib/python3.8/site-packages/airflow/example_dags/example_sla_dag.py for tasks to queue
[2026-06-18T16:56:57.129+0000] {logging_mixin.py:188} INFO - [2026-06-18T16:56:57.129+0000] {dagbag.py:538} INFO - Filling up the DagBag from /home/airflow/.local/lib/python3.8/site-packages/airflow/example_dags/example_sla_dag.py
[2026-06-18T16:56:57.146+0000] {processor.py:840} INFO - DAG(s) 'example_sla_dag' retrieved from /home/airflow/.local/lib/python3.8/site-packages/airflow/example_dags/example_sla_dag.py
[2026-06-18T16:56:57.187+0000] {logging_mixin.py:188} INFO - [2026-06-18T16:56:57.186+0000] {dag.py:3036} INFO - Sync 1 DAGs
[2026-06-18T16:56:57.237+0000] {logging_mixin.py:188} INFO - [2026-06-18T16:56:57.237+0000] {dag.py:3823} INFO - Setting next_dagrun for example_sla_dag to 2026-06-18 16:54:00+00:00, run_after=2026-06-18 16:56:00+00:00
[2026-06-18T16:56:57.272+0000] {processor.py:183} INFO - Processing /home/airflow/.local/lib/python3.8/site-packages/airflow/example_dags/example_sla_dag.py took 0.153 seconds
[2026-06-18T16:57:27.880+0000] {processor.py:161} INFO - Started process (PID=1023) to work on /home/airflow/.local/lib/python3.8/site-packages/airflow/example_dags/example_sla_dag.py
[2026-06-18T16:57:27.882+0000] {processor.py:830} INFO - Processing file /home/airflow/.local/lib/python3.8/site-packages/airflow/example_dags/example_sla_dag.py for tasks to queue
[2026-06-18T16:57:27.884+0000] {logging_mixin.py:188} INFO - [2026-06-18T16:57:27.884+0000] {dagbag.py:538} INFO - Filling up the DagBag from /home/airflow/.local/lib/python3.8/site-packages/airflow/example_dags/example_sla_dag.py
[2026-06-18T16:57:27.898+0000] {processor.py:840} INFO - DAG(s) 'example_sla_dag' retrieved from /home/airflow/.local/lib/python3.8/site-packages/airflow/example_dags/example_sla_dag.py
[2026-06-18T16:57:27.932+0000] {logging_mixin.py:188} INFO - [2026-06-18T16:57:27.932+0000] {dag.py:3036} INFO - Sync 1 DAGs
[2026-06-18T16:57:27.972+0000] {logging_mixin.py:188} INFO - [2026-06-18T16:57:27.971+0000] {dag.py:3823} INFO - Setting next_dagrun for example_sla_dag to 2026-06-18 16:54:00+00:00, run_after=2026-06-18 16:56:00+00:00
[2026-06-18T16:57:28.000+0000] {processor.py:183} INFO - Processing /home/airflow/.local/lib/python3.8/site-packages/airflow/example_dags/example_sla_dag.py took 0.125 seconds
[2026-06-18T16:57:58.561+0000] {processor.py:161} INFO - Started process (PID=1088) to work on /home/airflow/.local/lib/python3.8/site-packages/airflow/example_dags/example_sla_dag.py
[2026-06-18T16:57:58.563+0000] {processor.py:830} INFO - Processing file /home/airflow/.local/lib/python3.8/site-packages/airflow/example_dags/example_sla_dag.py for tasks to queue
[2026-06-18T16:57:58.567+0000] {logging_mixin.py:188} INFO - [2026-06-18T16:57:58.566+0000] {dagbag.py:538} INFO - Filling up the DagBag from /home/airflow/.local/lib/python3.8/site-packages/airflow/example_dags/example_sla_dag.py
[2026-06-18T16:57:58.581+0000] {processor.py:840} INFO - DAG(s) 'example_sla_dag' retrieved from /home/airflow/.local/lib/python3.8/site-packages/airflow/example_dags/example_sla_dag.py
[2026-06-18T16:57:58.619+0000] {logging_mixin.py:188} INFO - [2026-06-18T16:57:58.618+0000] {dag.py:3036} INFO - Sync 1 DAGs
[2026-06-18T16:57:58.660+0000] {logging_mixin.py:188} INFO - [2026-06-18T16:57:58.659+0000] {dag.py:3823} INFO - Setting next_dagrun for example_sla_dag to 2026-06-18 16:54:00+00:00, run_after=2026-06-18 16:56:00+00:00
[2026-06-18T16:57:58.689+0000] {processor.py:183} INFO - Processing /home/airflow/.local/lib/python3.8/site-packages/airflow/example_dags/example_sla_dag.py took 0.133 seconds
[2026-06-18T16:58:29.140+0000] {processor.py:161} INFO - Started process (PID=1153) to work on /home/airflow/.local/lib/python3.8/site-packages/airflow/example_dags/example_sla_dag.py
[2026-06-18T16:58:29.142+0000] {processor.py:830} INFO - Processing file /home/airflow/.local/lib/python3.8/site-packages/airflow/example_dags/example_sla_dag.py for tasks to queue
[2026-06-18T16:58:29.145+0000] {logging_mixin.py:188} INFO - [2026-06-18T16:58:29.144+0000] {dagbag.py:538} INFO - Filling up the DagBag from /home/airflow/.local/lib/python3.8/site-packages/airflow/example_dags/example_sla_dag.py
[2026-06-18T16:58:29.159+0000] {processor.py:840} INFO - DAG(s) 'example_sla_dag' retrieved from /home/airflow/.local/lib/python3.8/site-packages/airflow/example_dags/example_sla_dag.py
[2026-06-18T16:58:29.183+0000] {logging_mixin.py:188} INFO - [2026-06-18T16:58:29.183+0000] {dag.py:3036} INFO - Sync 1 DAGs
[2026-06-18T16:58:29.239+0000] {logging_mixin.py:188} INFO - [2026-06-18T16:58:29.238+0000] {dag.py:3823} INFO - Setting next_dagrun for example_sla_dag to 2026-06-18 16:56:00+00:00, run_after=2026-06-18 16:58:00+00:00
[2026-06-18T16:58:29.272+0000] {processor.py:183} INFO - Processing /home/airflow/.local/lib/python3.8/site-packages/airflow/example_dags/example_sla_dag.py took 0.137 seconds
[2026-06-18T16:59:00.426+0000] {processor.py:161} INFO - Started process (PID=1227) to work on /home/airflow/.local/lib/python3.8/site-packages/airflow/example_dags/example_sla_dag.py
[2026-06-18T16:59:00.428+0000] {processor.py:830} INFO - Processing file /home/airflow/.local/lib/python3.8/site-packages/airflow/example_dags/example_sla_dag.py for tasks to queue
[2026-06-18T16:59:00.431+0000] {logging_mixin.py:188} INFO - [2026-06-18T16:59:00.430+0000] {dagbag.py:538} INFO - Filling up the DagBag from /home/airflow/.local/lib/python3.8/site-packages/airflow/example_dags/example_sla_dag.py
[2026-06-18T16:59:00.446+0000] {processor.py:840} INFO - DAG(s) 'example_sla_dag' retrieved from /home/airflow/.local/lib/python3.8/site-packages/airflow/example_dags/example_sla_dag.py
[2026-06-18T16:59:00.681+0000] {logging_mixin.py:188} INFO - [2026-06-18T16:59:00.681+0000] {dag.py:3036} INFO - Sync 1 DAGs
[2026-06-18T16:59:00.730+0000] {logging_mixin.py:188} INFO - [2026-06-18T16:59:00.730+0000] {dag.py:3823} INFO - Setting next_dagrun for example_sla_dag to 2026-06-18 16:56:00+00:00, run_after=2026-06-18 16:58:00+00:00
[2026-06-18T16:59:00.766+0000] {processor.py:183} INFO - Processing /home/airflow/.local/lib/python3.8/site-packages/airflow/example_dags/example_sla_dag.py took 0.347 seconds
[2026-06-18T16:59:31.265+0000] {processor.py:161} INFO - Started process (PID=1294) to work on /home/airflow/.local/lib/python3.8/site-packages/airflow/example_dags/example_sla_dag.py
[2026-06-18T16:59:31.267+0000] {processor.py:830} INFO - Processing file /home/airflow/.local/lib/python3.8/site-packages/airflow/example_dags/example_sla_dag.py for tasks to queue
[2026-06-18T16:59:31.270+0000] {logging_mixin.py:188} INFO - [2026-06-18T16:59:31.270+0000] {dagbag.py:538} INFO - Filling up the DagBag from /home/airflow/.local/lib/python3.8/site-packages/airflow/example_dags/example_sla_dag.py
[2026-06-18T16:59:31.288+0000] {processor.py:840} INFO - DAG(s) 'example_sla_dag' retrieved from /home/airflow/.local/lib/python3.8/site-packages/airflow/example_dags/example_sla_dag.py
[2026-06-18T16:59:31.333+0000] {logging_mixin.py:188} INFO - [2026-06-18T16:59:31.333+0000] {dag.py:3036} INFO - Sync 1 DAGs
[2026-06-18T16:59:31.376+0000] {logging_mixin.py:188} INFO - [2026-06-18T16:59:31.376+0000] {dag.py:3823} INFO - Setting next_dagrun for example_sla_dag to 2026-06-18 16:56:00+00:00, run_after=2026-06-18 16:58:00+00:00
[2026-06-18T16:59:31.411+0000] {processor.py:183} INFO - Processing /home/airflow/.local/lib/python3.8/site-packages/airflow/example_dags/example_sla_dag.py took 0.152 seconds
[2026-06-18T17:00:01.917+0000] {processor.py:161} INFO - Started process (PID=1360) to work on /home/airflow/.local/lib/python3.8/site-packages/airflow/example_dags/example_sla_dag.py
[2026-06-18T17:00:01.920+0000] {processor.py:830} INFO - Processing file /home/airflow/.local/lib/python3.8/site-packages/airflow/example_dags/example_sla_dag.py for tasks to queue
[2026-06-18T17:00:01.923+0000] {logging_mixin.py:188} INFO - [2026-06-18T17:00:01.923+0000] {dagbag.py:538} INFO - Filling up the DagBag from /home/airflow/.local/lib/python3.8/site-packages/airflow/example_dags/example_sla_dag.py
[2026-06-18T17:00:01.939+0000] {processor.py:840} INFO - DAG(s) 'example_sla_dag' retrieved from /home/airflow/.local/lib/python3.8/site-packages/airflow/example_dags/example_sla_dag.py
[2026-06-18T17:00:01.965+0000] {logging_mixin.py:188} INFO - [2026-06-18T17:00:01.964+0000] {dag.py:3036} INFO - Sync 1 DAGs
[2026-06-18T17:00:02.017+0000] {logging_mixin.py:188} INFO - [2026-06-18T17:00:02.017+0000] {dag.py:3823} INFO - Setting next_dagrun for example_sla_dag to 2026-06-18 16:58:00+00:00, run_after=2026-06-18 17:00:00+00:00
[2026-06-18T17:00:02.051+0000] {processor.py:183} INFO - Processing /home/airflow/.local/lib/python3.8/site-packages/airflow/example_dags/example_sla_dag.py took 0.140 seconds
[2026-06-18T17:00:33.597+0000] {processor.py:161} INFO - Started process (PID=1426) to work on /home/airflow/.local/lib/python3.8/site-packages/airflow/example_dags/example_sla_dag.py
[2026-06-18T17:00:33.600+0000] {processor.py:830} INFO - Processing file /home/airflow/.local/lib/python3.8/site-packages/airflow/example_dags/example_sla_dag.py for tasks to queue
[2026-06-18T17:00:33.603+0000] {logging_mixin.py:188} INFO - [2026-06-18T17:00:33.602+0000] {dagbag.py:538} INFO - Filling up the DagBag from /home/airflow/.local/lib/python3.8/site-packages/airflow/example_dags/example_sla_dag.py
[2026-06-18T17:00:33.620+0000] {processor.py:840} INFO - DAG(s) 'example_sla_dag' retrieved from /home/airflow/.local/lib/python3.8/site-packages/airflow/example_dags/example_sla_dag.py
[2026-06-18T17:00:33.863+0000] {logging_mixin.py:188} INFO - [2026-06-18T17:00:33.863+0000] {dag.py:3036} INFO - Sync 1 DAGs
[2026-06-18T17:00:33.929+0000] {logging_mixin.py:188} INFO - [2026-06-18T17:00:33.929+0000] {dag.py:3823} INFO - Setting next_dagrun for example_sla_dag to 2026-06-18 16:58:00+00:00, run_after=2026-06-18 17:00:00+00:00
[2026-06-18T17:00:33.981+0000] {processor.py:183} INFO - Processing /home/airflow/.local/lib/python3.8/site-packages/airflow/example_dags/example_sla_dag.py took 0.391 seconds
[2026-06-18T17:01:04.636+0000] {processor.py:161} INFO - Started process (PID=1491) to work on /home/airflow/.local/lib/python3.8/site-packages/airflow/example_dags/example_sla_dag.py
[2026-06-18T17:01:04.638+0000] {processor.py:830} INFO - Processing file /home/airflow/.local/lib/python3.8/site-packages/airflow/example_dags/example_sla_dag.py for tasks to queue
[2026-06-18T17:01:04.641+0000] {logging_mixin.py:188} INFO - [2026-06-18T17:01:04.641+0000] {dagbag.py:538} INFO - Filling up the DagBag from /home/airflow/.local/lib/python3.8/site-packages/airflow/example_dags/example_sla_dag.py
[2026-06-18T17:01:04.659+0000] {processor.py:840} INFO - DAG(s) 'example_sla_dag' retrieved from /home/airflow/.local/lib/python3.8/site-packages/airflow/example_dags/example_sla_dag.py
[2026-06-18T17:01:04.702+0000] {logging_mixin.py:188} INFO - [2026-06-18T17:01:04.701+0000] {dag.py:3036} INFO - Sync 1 DAGs
[2026-06-18T17:01:04.757+0000] {logging_mixin.py:188} INFO - [2026-06-18T17:01:04.756+0000] {dag.py:3823} INFO - Setting next_dagrun for example_sla_dag to 2026-06-18 16:58:00+00:00, run_after=2026-06-18 17:00:00+00:00
[2026-06-18T17:01:04.792+0000] {processor.py:183} INFO - Processing /home/airflow/.local/lib/python3.8/site-packages/airflow/example_dags/example_sla_dag.py took 0.162 seconds
[2026-06-18T17:01:35.411+0000] {processor.py:161} INFO - Started process (PID=1557) to work on /home/airflow/.local/lib/python3.8/site-packages/airflow/example_dags/example_sla_dag.py
[2026-06-18T17:01:35.413+0000] {processor.py:830} INFO - Processing file /home/airflow/.local/lib/python3.8/site-packages/airflow/example_dags/example_sla_dag.py for tasks to queue
[2026-06-18T17:01:35.417+0000] {logging_mixin.py:188} INFO - [2026-06-18T17:01:35.416+0000] {dagbag.py:538} INFO - Filling up the DagBag from /home/airflow/.local/lib/python3.8/site-packages/airflow/example_dags/example_sla_dag.py
[2026-06-18T17:01:35.439+0000] {processor.py:840} INFO - DAG(s) 'example_sla_dag' retrieved from /home/airflow/.local/lib/python3.8/site-packages/airflow/example_dags/example_sla_dag.py
[2026-06-18T17:01:35.494+0000] {logging_mixin.py:188} INFO - [2026-06-18T17:01:35.493+0000] {dag.py:3036} INFO - Sync 1 DAGs
[2026-06-18T17:01:35.557+0000] {logging_mixin.py:188} INFO - [2026-06-18T17:01:35.556+0000] {dag.py:3823} INFO - Setting next_dagrun for example_sla_dag to 2026-06-18 16:58:00+00:00, run_after=2026-06-18 17:00:00+00:00
[2026-06-18T17:01:35.592+0000] {processor.py:183} INFO - Processing /home/airflow/.local/lib/python3.8/site-packages/airflow/example_dags/example_sla_dag.py took 0.189 seconds
[2026-06-18T17:02:05.933+0000] {processor.py:161} INFO - Started process (PID=1623) to work on /home/airflow/.local/lib/python3.8/site-packages/airflow/example_dags/example_sla_dag.py
[2026-06-18T17:02:05.934+0000] {processor.py:830} INFO - Processing file /home/airflow/.local/lib/python3.8/site-packages/airflow/example_dags/example_sla_dag.py for tasks to queue
[2026-06-18T17:02:05.937+0000] {logging_mixin.py:188} INFO - [2026-06-18T17:02:05.936+0000] {dagbag.py:538} INFO - Filling up the DagBag from /home/airflow/.local/lib/python3.8/site-packages/airflow/example_dags/example_sla_dag.py
[2026-06-18T17:02:05.950+0000] {processor.py:840} INFO - DAG(s) 'example_sla_dag' retrieved from /home/airflow/.local/lib/python3.8/site-packages/airflow/example_dags/example_sla_dag.py
[2026-06-18T17:02:05.992+0000] {logging_mixin.py:188} INFO - [2026-06-18T17:02:05.991+0000] {dag.py:3036} INFO - Sync 1 DAGs
[2026-06-18T17:02:06.046+0000] {logging_mixin.py:188} INFO - [2026-06-18T17:02:06.045+0000] {dag.py:3823} INFO - Setting next_dagrun for example_sla_dag to 2026-06-18 17:00:00+00:00, run_after=2026-06-18 17:02:00+00:00
[2026-06-18T17:02:06.080+0000] {processor.py:183} INFO - Processing /home/airflow/.local/lib/python3.8/site-packages/airflow/example_dags/example_sla_dag.py took 0.153 seconds
[2026-06-18T17:02:36.529+0000] {processor.py:161} INFO - Started process (PID=1689) to work on /home/airflow/.local/lib/python3.8/site-packages/airflow/example_dags/example_sla_dag.py
[2026-06-18T17:02:36.530+0000] {processor.py:830} INFO - Processing file /home/airflow/.local/lib/python3.8/site-packages/airflow/example_dags/example_sla_dag.py for tasks to queue
[2026-06-18T17:02:36.533+0000] {logging_mixin.py:188} INFO - [2026-06-18T17:02:36.532+0000] {dagbag.py:538} INFO - Filling up the DagBag from /home/airflow/.local/lib/python3.8/site-packages/airflow/example_dags/example_sla_dag.py
[2026-06-18T17:02:36.546+0000] {processor.py:840} INFO - DAG(s) 'example_sla_dag' retrieved from /home/airflow/.local/lib/python3.8/site-packages/airflow/example_dags/example_sla_dag.py
[2026-06-18T17:02:36.580+0000] {logging_mixin.py:188} INFO - [2026-06-18T17:02:36.580+0000] {dag.py:3036} INFO - Sync 1 DAGs
[2026-06-18T17:02:36.622+0000] {logging_mixin.py:188} INFO - [2026-06-18T17:02:36.622+0000] {dag.py:3823} INFO - Setting next_dagrun for example_sla_dag to 2026-06-18 17:00:00+00:00, run_after=2026-06-18 17:02:00+00:00
[2026-06-18T17:02:36.652+0000] {processor.py:183} INFO - Processing /home/airflow/.local/lib/python3.8/site-packages/airflow/example_dags/example_sla_dag.py took 0.128 seconds
[2026-06-18T17:03:07.121+0000] {processor.py:161} INFO - Started process (PID=1753) to work on /home/airflow/.local/lib/python3.8/site-packages/airflow/example_dags/example_sla_dag.py
[2026-06-18T17:03:07.123+0000] {processor.py:830} INFO - Processing file /home/airflow/.local/lib/python3.8/site-packages/airflow/example_dags/example_sla_dag.py for tasks to queue
[2026-06-18T17:03:07.126+0000] {logging_mixin.py:188} INFO - [2026-06-18T17:03:07.125+0000] {dagbag.py:538} INFO - Filling up the DagBag from /home/airflow/.local/lib/python3.8/site-packages/airflow/example_dags/example_sla_dag.py
[2026-06-18T17:03:07.140+0000] {processor.py:840} INFO - DAG(s) 'example_sla_dag' retrieved from /home/airflow/.local/lib/python3.8/site-packages/airflow/example_dags/example_sla_dag.py
[2026-06-18T17:03:07.181+0000] {logging_mixin.py:188} INFO - [2026-06-18T17:03:07.180+0000] {dag.py:3036} INFO - Sync 1 DAGs
[2026-06-18T17:03:07.231+0000] {logging_mixin.py:188} INFO - [2026-06-18T17:03:07.231+0000] {dag.py:3823} INFO - Setting next_dagrun for example_sla_dag to 2026-06-18 17:00:00+00:00, run_after=2026-06-18 17:02:00+00:00
[2026-06-18T17:03:07.270+0000] {processor.py:183} INFO - Processing /home/airflow/.local/lib/python3.8/site-packages/airflow/example_dags/example_sla_dag.py took 0.154 seconds
[2026-06-18T17:03:37.535+0000] {processor.py:161} INFO - Started process (PID=1819) to work on /home/airflow/.local/lib/python3.8/site-packages/airflow/example_dags/example_sla_dag.py
[2026-06-18T17:03:37.537+0000] {processor.py:830} INFO - Processing file /home/airflow/.local/lib/python3.8/site-packages/airflow/example_dags/example_sla_dag.py for tasks to queue
[2026-06-18T17:03:37.540+0000] {logging_mixin.py:188} INFO - [2026-06-18T17:03:37.540+0000] {dagbag.py:538} INFO - Filling up the DagBag from /home/airflow/.local/lib/python3.8/site-packages/airflow/example_dags/example_sla_dag.py
[2026-06-18T17:03:37.554+0000] {processor.py:840} INFO - DAG(s) 'example_sla_dag' retrieved from /home/airflow/.local/lib/python3.8/site-packages/airflow/example_dags/example_sla_dag.py
[2026-06-18T17:03:37.594+0000] {logging_mixin.py:188} INFO - [2026-06-18T17:03:37.593+0000] {dag.py:3036} INFO - Sync 1 DAGs
[2026-06-18T17:03:37.644+0000] {logging_mixin.py:188} INFO - [2026-06-18T17:03:37.643+0000] {dag.py:3823} INFO - Setting next_dagrun for example_sla_dag to 2026-06-18 17:00:00+00:00, run_after=2026-06-18 17:02:00+00:00
[2026-06-18T17:03:37.679+0000] {processor.py:183} INFO - Processing /home/airflow/.local/lib/python3.8/site-packages/airflow/example_dags/example_sla_dag.py took 0.149 seconds
[2026-06-18T17:04:08.344+0000] {processor.py:161} INFO - Started process (PID=1885) to work on /home/airflow/.local/lib/python3.8/site-packages/airflow/example_dags/example_sla_dag.py
[2026-06-18T17:04:08.346+0000] {processor.py:830} INFO - Processing file /home/airflow/.local/lib/python3.8/site-packages/airflow/example_dags/example_sla_dag.py for tasks to queue
[2026-06-18T17:04:08.348+0000] {logging_mixin.py:188} INFO - [2026-06-18T17:04:08.348+0000] {dagbag.py:538} INFO - Filling up the DagBag from /home/airflow/.local/lib/python3.8/site-packages/airflow/example_dags/example_sla_dag.py
[2026-06-18T17:04:08.363+0000] {processor.py:840} INFO - DAG(s) 'example_sla_dag' retrieved from /home/airflow/.local/lib/python3.8/site-packages/airflow/example_dags/example_sla_dag.py
[2026-06-18T17:04:08.402+0000] {logging_mixin.py:188} INFO - [2026-06-18T17:04:08.401+0000] {dag.py:3036} INFO - Sync 1 DAGs
[2026-06-18T17:04:08.448+0000] {logging_mixin.py:188} INFO - [2026-06-18T17:04:08.447+0000] {dag.py:3823} INFO - Setting next_dagrun for example_sla_dag to 2026-06-18 17:02:00+00:00, run_after=2026-06-18 17:04:00+00:00
[2026-06-18T17:04:08.479+0000] {processor.py:183} INFO - Processing /home/airflow/.local/lib/python3.8/site-packages/airflow/example_dags/example_sla_dag.py took 0.139 seconds
[2026-06-18T17:04:38.564+0000] {processor.py:161} INFO - Started process (PID=1952) to work on /home/airflow/.local/lib/python3.8/site-packages/airflow/example_dags/example_sla_dag.py
[2026-06-18T17:04:38.567+0000] {processor.py:830} INFO - Processing file /home/airflow/.local/lib/python3.8/site-packages/airflow/example_dags/example_sla_dag.py for tasks to queue
[2026-06-18T17:04:38.571+0000] {logging_mixin.py:188} INFO - [2026-06-18T17:04:38.570+0000] {dagbag.py:538} INFO - Filling up the DagBag from /home/airflow/.local/lib/python3.8/site-packages/airflow/example_dags/example_sla_dag.py
[2026-06-18T17:04:38.587+0000] {processor.py:840} INFO - DAG(s) 'example_sla_dag' retrieved from /home/airflow/.local/lib/python3.8/site-packages/airflow/example_dags/example_sla_dag.py
[2026-06-18T17:04:38.627+0000] {logging_mixin.py:188} INFO - [2026-06-18T17:04:38.626+0000] {dag.py:3036} INFO - Sync 1 DAGs
[2026-06-18T17:04:38.681+0000] {logging_mixin.py:188} INFO - [2026-06-18T17:04:38.681+0000] {dag.py:3823} INFO - Setting next_dagrun for example_sla_dag to 2026-06-18 17:02:00+00:00, run_after=2026-06-18 17:04:00+00:00
[2026-06-18T17:04:38.723+0000] {processor.py:183} INFO - Processing /home/airflow/.local/lib/python3.8/site-packages/airflow/example_dags/example_sla_dag.py took 0.164 seconds
[2026-06-18T17:05:08.959+0000] {processor.py:161} INFO - Started process (PID=2017) to work on /home/airflow/.local/lib/python3.8/site-packages/airflow/example_dags/example_sla_dag.py
[2026-06-18T17:05:08.961+0000] {processor.py:830} INFO - Processing file /home/airflow/.local/lib/python3.8/site-packages/airflow/example_dags/example_sla_dag.py for tasks to queue
[2026-06-18T17:05:08.964+0000] {logging_mixin.py:188} INFO - [2026-06-18T17:05:08.963+0000] {dagbag.py:538} INFO - Filling up the DagBag from /home/airflow/.local/lib/python3.8/site-packages/airflow/example_dags/example_sla_dag.py
[2026-06-18T17:05:08.978+0000] {processor.py:840} INFO - DAG(s) 'example_sla_dag' retrieved from /home/airflow/.local/lib/python3.8/site-packages/airflow/example_dags/example_sla_dag.py
[2026-06-18T17:05:09.016+0000] {logging_mixin.py:188} INFO - [2026-06-18T17:05:09.016+0000] {dag.py:3036} INFO - Sync 1 DAGs
[2026-06-18T17:05:09.068+0000] {logging_mixin.py:188} INFO - [2026-06-18T17:05:09.068+0000] {dag.py:3823} INFO - Setting next_dagrun for example_sla_dag to 2026-06-18 17:02:00+00:00, run_after=2026-06-18 17:04:00+00:00
[2026-06-18T17:05:09.102+0000] {processor.py:183} INFO - Processing /home/airflow/.local/lib/python3.8/site-packages/airflow/example_dags/example_sla_dag.py took 0.147 seconds
[2026-06-18T17:05:39.496+0000] {processor.py:161} INFO - Started process (PID=2083) to work on /home/airflow/.local/lib/python3.8/site-packages/airflow/example_dags/example_sla_dag.py
[2026-06-18T17:05:39.498+0000] {processor.py:830} INFO - Processing file /home/airflow/.local/lib/python3.8/site-packages/airflow/example_dags/example_sla_dag.py for tasks to queue
[2026-06-18T17:05:39.501+0000] {logging_mixin.py:188} INFO - [2026-06-18T17:05:39.500+0000] {dagbag.py:538} INFO - Filling up the DagBag from /home/airflow/.local/lib/python3.8/site-packages/airflow/example_dags/example_sla_dag.py
[2026-06-18T17:05:39.514+0000] {processor.py:840} INFO - DAG(s) 'example_sla_dag' retrieved from /home/airflow/.local/lib/python3.8/site-packages/airflow/example_dags/example_sla_dag.py
[2026-06-18T17:05:39.548+0000] {logging_mixin.py:188} INFO - [2026-06-18T17:05:39.548+0000] {dag.py:3036} INFO - Sync 1 DAGs
[2026-06-18T17:05:39.596+0000] {logging_mixin.py:188} INFO - [2026-06-18T17:05:39.595+0000] {dag.py:3823} INFO - Setting next_dagrun for example_sla_dag to 2026-06-18 17:02:00+00:00, run_after=2026-06-18 17:04:00+00:00
[2026-06-18T17:05:39.632+0000] {processor.py:183} INFO - Processing /home/airflow/.local/lib/python3.8/site-packages/airflow/example_dags/example_sla_dag.py took 0.142 seconds
[2026-06-18T17:06:09.807+0000] {processor.py:161} INFO - Started process (PID=2149) to work on /home/airflow/.local/lib/python3.8/site-packages/airflow/example_dags/example_sla_dag.py
[2026-06-18T17:06:09.809+0000] {processor.py:830} INFO - Processing file /home/airflow/.local/lib/python3.8/site-packages/airflow/example_dags/example_sla_dag.py for tasks to queue
[2026-06-18T17:06:09.812+0000] {logging_mixin.py:188} INFO - [2026-06-18T17:06:09.811+0000] {dagbag.py:538} INFO - Filling up the DagBag from /home/airflow/.local/lib/python3.8/site-packages/airflow/example_dags/example_sla_dag.py
[2026-06-18T17:06:09.827+0000] {processor.py:840} INFO - DAG(s) 'example_sla_dag' retrieved from /home/airflow/.local/lib/python3.8/site-packages/airflow/example_dags/example_sla_dag.py
[2026-06-18T17:06:09.870+0000] {logging_mixin.py:188} INFO - [2026-06-18T17:06:09.869+0000] {dag.py:3036} INFO - Sync 1 DAGs
[2026-06-18T17:06:09.925+0000] {logging_mixin.py:188} INFO - [2026-06-18T17:06:09.925+0000] {dag.py:3823} INFO - Setting next_dagrun for example_sla_dag to 2026-06-18 17:04:00+00:00, run_after=2026-06-18 17:06:00+00:00
[2026-06-18T17:06:09.963+0000] {processor.py:183} INFO - Processing /home/airflow/.local/lib/python3.8/site-packages/airflow/example_dags/example_sla_dag.py took 0.161 seconds
[2026-06-18T17:06:40.120+0000] {processor.py:161} INFO - Started process (PID=2221) to work on /home/airflow/.local/lib/python3.8/site-packages/airflow/example_dags/example_sla_dag.py
[2026-06-18T17:06:40.122+0000] {processor.py:830} INFO - Processing file /home/airflow/.local/lib/python3.8/site-packages/airflow/example_dags/example_sla_dag.py for tasks to queue
[2026-06-18T17:06:40.124+0000] {logging_mixin.py:188} INFO - [2026-06-18T17:06:40.124+0000] {dagbag.py:538} INFO - Filling up the DagBag from /home/airflow/.local/lib/python3.8/site-packages/airflow/example_dags/example_sla_dag.py
[2026-06-18T17:06:40.137+0000] {processor.py:840} INFO - DAG(s) 'example_sla_dag' retrieved from /home/airflow/.local/lib/python3.8/site-packages/airflow/example_dags/example_sla_dag.py
[2026-06-18T17:06:40.175+0000] {logging_mixin.py:188} INFO - [2026-06-18T17:06:40.175+0000] {dag.py:3036} INFO - Sync 1 DAGs
[2026-06-18T17:06:40.221+0000] {logging_mixin.py:188} INFO - [2026-06-18T17:06:40.221+0000] {dag.py:3823} INFO - Setting next_dagrun for example_sla_dag to 2026-06-18 17:04:00+00:00, run_after=2026-06-18 17:06:00+00:00
[2026-06-18T17:06:40.255+0000] {processor.py:183} INFO - Processing /home/airflow/.local/lib/python3.8/site-packages/airflow/example_dags/example_sla_dag.py took 0.140 seconds
[2026-06-18T17:07:10.585+0000] {processor.py:161} INFO - Started process (PID=2288) to work on /home/airflow/.local/lib/python3.8/site-packages/airflow/example_dags/example_sla_dag.py
[2026-06-18T17:07:10.586+0000] {processor.py:830} INFO - Processing file /home/airflow/.local/lib/python3.8/site-packages/airflow/example_dags/example_sla_dag.py for tasks to queue
[2026-06-18T17:07:10.589+0000] {logging_mixin.py:188} INFO - [2026-06-18T17:07:10.589+0000] {dagbag.py:538} INFO - Filling up the DagBag from /home/airflow/.local/lib/python3.8/site-packages/airflow/example_dags/example_sla_dag.py
[2026-06-18T17:07:10.606+0000] {processor.py:840} INFO - DAG(s) 'example_sla_dag' retrieved from /home/airflow/.local/lib/python3.8/site-packages/airflow/example_dags/example_sla_dag.py
[2026-06-18T17:07:10.646+0000] {logging_mixin.py:188} INFO - [2026-06-18T17:07:10.645+0000] {dag.py:3036} INFO - Sync 1 DAGs
[2026-06-18T17:07:10.698+0000] {logging_mixin.py:188} INFO - [2026-06-18T17:07:10.698+0000] {dag.py:3823} INFO - Setting next_dagrun for example_sla_dag to 2026-06-18 17:04:00+00:00, run_after=2026-06-18 17:06:00+00:00
[2026-06-18T17:07:10.735+0000] {processor.py:183} INFO - Processing /home/airflow/.local/lib/python3.8/site-packages/airflow/example_dags/example_sla_dag.py took 0.157 seconds
[2026-06-18T17:07:41.421+0000] {processor.py:161} INFO - Started process (PID=2354) to work on /home/airflow/.local/lib/python3.8/site-packages/airflow/example_dags/example_sla_dag.py
[2026-06-18T17:07:41.424+0000] {processor.py:830} INFO - Processing file /home/airflow/.local/lib/python3.8/site-packages/airflow/example_dags/example_sla_dag.py for tasks to queue
[2026-06-18T17:07:41.427+0000] {logging_mixin.py:188} INFO - [2026-06-18T17:07:41.426+0000] {dagbag.py:538} INFO - Filling up the DagBag from /home/airflow/.local/lib/python3.8/site-packages/airflow/example_dags/example_sla_dag.py
[2026-06-18T17:07:41.443+0000] {processor.py:840} INFO - DAG(s) 'example_sla_dag' retrieved from /home/airflow/.local/lib/python3.8/site-packages/airflow/example_dags/example_sla_dag.py
[2026-06-18T17:07:41.482+0000] {logging_mixin.py:188} INFO - [2026-06-18T17:07:41.482+0000] {dag.py:3036} INFO - Sync 1 DAGs
[2026-06-18T17:07:41.532+0000] {logging_mixin.py:188} INFO - [2026-06-18T17:07:41.531+0000] {dag.py:3823} INFO - Setting next_dagrun for example_sla_dag to 2026-06-18 17:04:00+00:00, run_after=2026-06-18 17:06:00+00:00
[2026-06-18T17:07:41.585+0000] {processor.py:183} INFO - Processing /home/airflow/.local/lib/python3.8/site-packages/airflow/example_dags/example_sla_dag.py took 0.172 seconds
[2026-06-18T17:08:11.794+0000] {processor.py:161} INFO - Started process (PID=2420) to work on /home/airflow/.local/lib/python3.8/site-packages/airflow/example_dags/example_sla_dag.py
[2026-06-18T17:08:11.800+0000] {processor.py:830} INFO - Processing file /home/airflow/.local/lib/python3.8/site-packages/airflow/example_dags/example_sla_dag.py for tasks to queue
[2026-06-18T17:08:11.806+0000] {logging_mixin.py:188} INFO - [2026-06-18T17:08:11.805+0000] {dagbag.py:538} INFO - Filling up the DagBag from /home/airflow/.local/lib/python3.8/site-packages/airflow/example_dags/example_sla_dag.py
[2026-06-18T17:08:11.822+0000] {processor.py:840} INFO - DAG(s) 'example_sla_dag' retrieved from /home/airflow/.local/lib/python3.8/site-packages/airflow/example_dags/example_sla_dag.py
[2026-06-18T17:08:11.868+0000] {logging_mixin.py:188} INFO - [2026-06-18T17:08:11.865+0000] {dag.py:3036} INFO - Sync 1 DAGs
[2026-06-18T17:08:11.929+0000] {logging_mixin.py:188} INFO - [2026-06-18T17:08:11.929+0000] {dag.py:3823} INFO - Setting next_dagrun for example_sla_dag to 2026-06-18 17:06:00+00:00, run_after=2026-06-18 17:08:00+00:00
[2026-06-18T17:08:11.969+0000] {processor.py:183} INFO - Processing /home/airflow/.local/lib/python3.8/site-packages/airflow/example_dags/example_sla_dag.py took 0.182 seconds
[2026-06-18T17:08:42.722+0000] {processor.py:161} INFO - Started process (PID=2487) to work on /home/airflow/.local/lib/python3.8/site-packages/airflow/example_dags/example_sla_dag.py
[2026-06-18T17:08:42.724+0000] {processor.py:830} INFO - Processing file /home/airflow/.local/lib/python3.8/site-packages/airflow/example_dags/example_sla_dag.py for tasks to queue
[2026-06-18T17:08:42.727+0000] {logging_mixin.py:188} INFO - [2026-06-18T17:08:42.727+0000] {dagbag.py:538} INFO - Filling up the DagBag from /home/airflow/.local/lib/python3.8/site-packages/airflow/example_dags/example_sla_dag.py
[2026-06-18T17:08:42.745+0000] {processor.py:840} INFO - DAG(s) 'example_sla_dag' retrieved from /home/airflow/.local/lib/python3.8/site-packages/airflow/example_dags/example_sla_dag.py
[2026-06-18T17:08:42.790+0000] {logging_mixin.py:188} INFO - [2026-06-18T17:08:42.790+0000] {dag.py:3036} INFO - Sync 1 DAGs
[2026-06-18T17:08:42.843+0000] {logging_mixin.py:188} INFO - [2026-06-18T17:08:42.842+0000] {dag.py:3823} INFO - Setting next_dagrun for example_sla_dag to 2026-06-18 17:06:00+00:00, run_after=2026-06-18 17:08:00+00:00
[2026-06-18T17:08:42.879+0000] {processor.py:183} INFO - Processing /home/airflow/.local/lib/python3.8/site-packages/airflow/example_dags/example_sla_dag.py took 0.163 seconds
[2026-06-18T17:09:13.400+0000] {processor.py:161} INFO - Started process (PID=2552) to work on /home/airflow/.local/lib/python3.8/site-packages/airflow/example_dags/example_sla_dag.py
[2026-06-18T17:09:13.402+0000] {processor.py:830} INFO - Processing file /home/airflow/.local/lib/python3.8/site-packages/airflow/example_dags/example_sla_dag.py for tasks to queue
[2026-06-18T17:09:13.405+0000] {logging_mixin.py:188} INFO - [2026-06-18T17:09:13.404+0000] {dagbag.py:538} INFO - Filling up the DagBag from /home/airflow/.local/lib/python3.8/site-packages/airflow/example_dags/example_sla_dag.py
[2026-06-18T17:09:13.419+0000] {processor.py:840} INFO - DAG(s) 'example_sla_dag' retrieved from /home/airflow/.local/lib/python3.8/site-packages/airflow/example_dags/example_sla_dag.py
[2026-06-18T17:09:13.459+0000] {logging_mixin.py:188} INFO - [2026-06-18T17:09:13.458+0000] {dag.py:3036} INFO - Sync 1 DAGs
[2026-06-18T17:09:13.530+0000] {logging_mixin.py:188} INFO - [2026-06-18T17:09:13.530+0000] {dag.py:3823} INFO - Setting next_dagrun for example_sla_dag to 2026-06-18 17:06:00+00:00, run_after=2026-06-18 17:08:00+00:00
[2026-06-18T17:09:13.560+0000] {processor.py:183} INFO - Processing /home/airflow/.local/lib/python3.8/site-packages/airflow/example_dags/example_sla_dag.py took 0.165 seconds
[2026-06-18T17:09:44.045+0000] {processor.py:161} INFO - Started process (PID=2619) to work on /home/airflow/.local/lib/python3.8/site-packages/airflow/example_dags/example_sla_dag.py
[2026-06-18T17:09:44.047+0000] {processor.py:830} INFO - Processing file /home/airflow/.local/lib/python3.8/site-packages/airflow/example_dags/example_sla_dag.py for tasks to queue
[2026-06-18T17:09:44.050+0000] {logging_mixin.py:188} INFO - [2026-06-18T17:09:44.049+0000] {dagbag.py:538} INFO - Filling up the DagBag from /home/airflow/.local/lib/python3.8/site-packages/airflow/example_dags/example_sla_dag.py
[2026-06-18T17:09:44.063+0000] {processor.py:840} INFO - DAG(s) 'example_sla_dag' retrieved from /home/airflow/.local/lib/python3.8/site-packages/airflow/example_dags/example_sla_dag.py
[2026-06-18T17:09:44.098+0000] {logging_mixin.py:188} INFO - [2026-06-18T17:09:44.098+0000] {dag.py:3036} INFO - Sync 1 DAGs
[2026-06-18T17:09:44.138+0000] {logging_mixin.py:188} INFO - [2026-06-18T17:09:44.138+0000] {dag.py:3823} INFO - Setting next_dagrun for example_sla_dag to 2026-06-18 17:06:00+00:00, run_after=2026-06-18 17:08:00+00:00
[2026-06-18T17:09:44.165+0000] {processor.py:183} INFO - Processing /home/airflow/.local/lib/python3.8/site-packages/airflow/example_dags/example_sla_dag.py took 0.125 seconds
[2026-06-18T17:10:14.621+0000] {processor.py:161} INFO - Started process (PID=2685) to work on /home/airflow/.local/lib/python3.8/site-packages/airflow/example_dags/example_sla_dag.py
[2026-06-18T17:10:14.622+0000] {processor.py:830} INFO - Processing file /home/airflow/.local/lib/python3.8/site-packages/airflow/example_dags/example_sla_dag.py for tasks to queue
[2026-06-18T17:10:14.625+0000] {logging_mixin.py:188} INFO - [2026-06-18T17:10:14.624+0000] {dagbag.py:538} INFO - Filling up the DagBag from /home/airflow/.local/lib/python3.8/site-packages/airflow/example_dags/example_sla_dag.py
[2026-06-18T17:10:14.641+0000] {processor.py:840} INFO - DAG(s) 'example_sla_dag' retrieved from /home/airflow/.local/lib/python3.8/site-packages/airflow/example_dags/example_sla_dag.py
[2026-06-18T17:10:14.682+0000] {logging_mixin.py:188} INFO - [2026-06-18T17:10:14.681+0000] {dag.py:3036} INFO - Sync 1 DAGs
[2026-06-18T17:10:14.731+0000] {logging_mixin.py:188} INFO - [2026-06-18T17:10:14.731+0000] {dag.py:3823} INFO - Setting next_dagrun for example_sla_dag to 2026-06-18 17:08:00+00:00, run_after=2026-06-18 17:10:00+00:00
[2026-06-18T17:10:14.769+0000] {processor.py:183} INFO - Processing /home/airflow/.local/lib/python3.8/site-packages/airflow/example_dags/example_sla_dag.py took 0.154 seconds
[2026-06-18T17:10:45.267+0000] {processor.py:161} INFO - Started process (PID=2750) to work on /home/airflow/.local/lib/python3.8/site-packages/airflow/example_dags/example_sla_dag.py
[2026-06-18T17:10:45.269+0000] {processor.py:830} INFO - Processing file /home/airflow/.local/lib/python3.8/site-packages/airflow/example_dags/example_sla_dag.py for tasks to queue
[2026-06-18T17:10:45.272+0000] {logging_mixin.py:188} INFO - [2026-06-18T17:10:45.271+0000] {dagbag.py:538} INFO - Filling up the DagBag from /home/airflow/.local/lib/python3.8/site-packages/airflow/example_dags/example_sla_dag.py
[2026-06-18T17:10:45.286+0000] {processor.py:840} INFO - DAG(s) 'example_sla_dag' retrieved from /home/airflow/.local/lib/python3.8/site-packages/airflow/example_dags/example_sla_dag.py
[2026-06-18T17:10:45.324+0000] {logging_mixin.py:188} INFO - [2026-06-18T17:10:45.323+0000] {dag.py:3036} INFO - Sync 1 DAGs
[2026-06-18T17:10:45.377+0000] {logging_mixin.py:188} INFO - [2026-06-18T17:10:45.376+0000] {dag.py:3823} INFO - Setting next_dagrun for example_sla_dag to 2026-06-18 17:08:00+00:00, run_after=2026-06-18 17:10:00+00:00
[2026-06-18T17:10:45.419+0000] {processor.py:183} INFO - Processing /home/airflow/.local/lib/python3.8/site-packages/airflow/example_dags/example_sla_dag.py took 0.156 seconds
[2026-06-18T17:11:16.151+0000] {processor.py:161} INFO - Started process (PID=2817) to work on /home/airflow/.local/lib/python3.8/site-packages/airflow/example_dags/example_sla_dag.py
[2026-06-18T17:11:16.153+0000] {processor.py:830} INFO - Processing file /home/airflow/.local/lib/python3.8/site-packages/airflow/example_dags/example_sla_dag.py for tasks to queue
[2026-06-18T17:11:16.156+0000] {logging_mixin.py:188} INFO - [2026-06-18T17:11:16.155+0000] {dagbag.py:538} INFO - Filling up the DagBag from /home/airflow/.local/lib/python3.8/site-packages/airflow/example_dags/example_sla_dag.py
[2026-06-18T17:11:16.172+0000] {processor.py:840} INFO - DAG(s) 'example_sla_dag' retrieved from /home/airflow/.local/lib/python3.8/site-packages/airflow/example_dags/example_sla_dag.py
[2026-06-18T17:11:16.209+0000] {logging_mixin.py:188} INFO - [2026-06-18T17:11:16.209+0000] {dag.py:3036} INFO - Sync 1 DAGs
[2026-06-18T17:11:16.255+0000] {logging_mixin.py:188} INFO - [2026-06-18T17:11:16.254+0000] {dag.py:3823} INFO - Setting next_dagrun for example_sla_dag to 2026-06-18 17:08:00+00:00, run_after=2026-06-18 17:10:00+00:00
[2026-06-18T17:11:16.487+0000] {processor.py:183} INFO - Processing /home/airflow/.local/lib/python3.8/site-packages/airflow/example_dags/example_sla_dag.py took 0.342 seconds
[2026-06-18T17:11:47.168+0000] {processor.py:161} INFO - Started process (PID=2882) to work on /home/airflow/.local/lib/python3.8/site-packages/airflow/example_dags/example_sla_dag.py
[2026-06-18T17:11:47.170+0000] {processor.py:830} INFO - Processing file /home/airflow/.local/lib/python3.8/site-packages/airflow/example_dags/example_sla_dag.py for tasks to queue
[2026-06-18T17:11:47.173+0000] {logging_mixin.py:188} INFO - [2026-06-18T17:11:47.172+0000] {dagbag.py:538} INFO - Filling up the DagBag from /home/airflow/.local/lib/python3.8/site-packages/airflow/example_dags/example_sla_dag.py
[2026-06-18T17:11:47.187+0000] {processor.py:840} INFO - DAG(s) 'example_sla_dag' retrieved from /home/airflow/.local/lib/python3.8/site-packages/airflow/example_dags/example_sla_dag.py
[2026-06-18T17:11:47.223+0000] {logging_mixin.py:188} INFO - [2026-06-18T17:11:47.222+0000] {dag.py:3036} INFO - Sync 1 DAGs
[2026-06-18T17:11:47.270+0000] {logging_mixin.py:188} INFO - [2026-06-18T17:11:47.269+0000] {dag.py:3823} INFO - Setting next_dagrun for example_sla_dag to 2026-06-18 17:08:00+00:00, run_after=2026-06-18 17:10:00+00:00
[2026-06-18T17:11:47.307+0000] {processor.py:183} INFO - Processing /home/airflow/.local/lib/python3.8/site-packages/airflow/example_dags/example_sla_dag.py took 0.145 seconds
[2026-06-18T17:12:17.863+0000] {processor.py:161} INFO - Started process (PID=2948) to work on /home/airflow/.local/lib/python3.8/site-packages/airflow/example_dags/example_sla_dag.py
[2026-06-18T17:12:17.865+0000] {processor.py:830} INFO - Processing file /home/airflow/.local/lib/python3.8/site-packages/airflow/example_dags/example_sla_dag.py for tasks to queue
[2026-06-18T17:12:17.868+0000] {logging_mixin.py:188} INFO - [2026-06-18T17:12:17.867+0000] {dagbag.py:538} INFO - Filling up the DagBag from /home/airflow/.local/lib/python3.8/site-packages/airflow/example_dags/example_sla_dag.py
[2026-06-18T17:12:17.882+0000] {processor.py:840} INFO - DAG(s) 'example_sla_dag' retrieved from /home/airflow/.local/lib/python3.8/site-packages/airflow/example_dags/example_sla_dag.py
[2026-06-18T17:12:17.923+0000] {logging_mixin.py:188} INFO - [2026-06-18T17:12:17.922+0000] {dag.py:3036} INFO - Sync 1 DAGs
[2026-06-18T17:12:17.974+0000] {logging_mixin.py:188} INFO - [2026-06-18T17:12:17.974+0000] {dag.py:3823} INFO - Setting next_dagrun for example_sla_dag to 2026-06-18 17:10:00+00:00, run_after=2026-06-18 17:12:00+00:00
[2026-06-18T17:12:18.002+0000] {processor.py:183} INFO - Processing /home/airflow/.local/lib/python3.8/site-packages/airflow/example_dags/example_sla_dag.py took 0.145 seconds
[2026-06-18T17:12:48.138+0000] {processor.py:161} INFO - Started process (PID=3015) to work on /home/airflow/.local/lib/python3.8/site-packages/airflow/example_dags/example_sla_dag.py
[2026-06-18T17:12:48.140+0000] {processor.py:830} INFO - Processing file /home/airflow/.local/lib/python3.8/site-packages/airflow/example_dags/example_sla_dag.py for tasks to queue
[2026-06-18T17:12:48.143+0000] {logging_mixin.py:188} INFO - [2026-06-18T17:12:48.142+0000] {dagbag.py:538} INFO - Filling up the DagBag from /home/airflow/.local/lib/python3.8/site-packages/airflow/example_dags/example_sla_dag.py
[2026-06-18T17:12:48.157+0000] {processor.py:840} INFO - DAG(s) 'example_sla_dag' retrieved from /home/airflow/.local/lib/python3.8/site-packages/airflow/example_dags/example_sla_dag.py
[2026-06-18T17:12:48.191+0000] {logging_mixin.py:188} INFO - [2026-06-18T17:12:48.191+0000] {dag.py:3036} INFO - Sync 1 DAGs
[2026-06-18T17:12:48.239+0000] {logging_mixin.py:188} INFO - [2026-06-18T17:12:48.239+0000] {dag.py:3823} INFO - Setting next_dagrun for example_sla_dag to 2026-06-18 17:10:00+00:00, run_after=2026-06-18 17:12:00+00:00
[2026-06-18T17:12:48.274+0000] {processor.py:183} INFO - Processing /home/airflow/.local/lib/python3.8/site-packages/airflow/example_dags/example_sla_dag.py took 0.142 seconds
[2026-06-18T17:13:19.575+0000] {processor.py:161} INFO - Started process (PID=3087) to work on /home/airflow/.local/lib/python3.8/site-packages/airflow/example_dags/example_sla_dag.py
[2026-06-18T17:13:19.578+0000] {processor.py:830} INFO - Processing file /home/airflow/.local/lib/python3.8/site-packages/airflow/example_dags/example_sla_dag.py for tasks to queue
[2026-06-18T17:13:19.581+0000] {logging_mixin.py:188} INFO - [2026-06-18T17:13:19.581+0000] {dagbag.py:538} INFO - Filling up the DagBag from /home/airflow/.local/lib/python3.8/site-packages/airflow/example_dags/example_sla_dag.py
[2026-06-18T17:13:19.599+0000] {processor.py:840} INFO - DAG(s) 'example_sla_dag' retrieved from /home/airflow/.local/lib/python3.8/site-packages/airflow/example_dags/example_sla_dag.py
[2026-06-18T17:13:19.885+0000] {logging_mixin.py:188} INFO - [2026-06-18T17:13:19.885+0000] {dag.py:3036} INFO - Sync 1 DAGs
[2026-06-18T17:13:19.934+0000] {logging_mixin.py:188} INFO - [2026-06-18T17:13:19.934+0000] {dag.py:3823} INFO - Setting next_dagrun for example_sla_dag to 2026-06-18 17:10:00+00:00, run_after=2026-06-18 17:12:00+00:00
[2026-06-18T17:13:19.966+0000] {processor.py:183} INFO - Processing /home/airflow/.local/lib/python3.8/site-packages/airflow/example_dags/example_sla_dag.py took 0.398 seconds
[2026-06-18T17:13:50.359+0000] {processor.py:161} INFO - Started process (PID=3152) to work on /home/airflow/.local/lib/python3.8/site-packages/airflow/example_dags/example_sla_dag.py
[2026-06-18T17:13:50.361+0000] {processor.py:830} INFO - Processing file /home/airflow/.local/lib/python3.8/site-packages/airflow/example_dags/example_sla_dag.py for tasks to queue
[2026-06-18T17:13:50.364+0000] {logging_mixin.py:188} INFO - [2026-06-18T17:13:50.363+0000] {dagbag.py:538} INFO - Filling up the DagBag from /home/airflow/.local/lib/python3.8/site-packages/airflow/example_dags/example_sla_dag.py
[2026-06-18T17:13:50.381+0000] {processor.py:840} INFO - DAG(s) 'example_sla_dag' retrieved from /home/airflow/.local/lib/python3.8/site-packages/airflow/example_dags/example_sla_dag.py
[2026-06-18T17:13:50.425+0000] {logging_mixin.py:188} INFO - [2026-06-18T17:13:50.425+0000] {dag.py:3036} INFO - Sync 1 DAGs
[2026-06-18T17:13:50.693+0000] {logging_mixin.py:188} INFO - [2026-06-18T17:13:50.693+0000] {dag.py:3823} INFO - Setting next_dagrun for example_sla_dag to 2026-06-18 17:10:00+00:00, run_after=2026-06-18 17:12:00+00:00
[2026-06-18T17:13:50.737+0000] {processor.py:183} INFO - Processing /home/airflow/.local/lib/python3.8/site-packages/airflow/example_dags/example_sla_dag.py took 0.384 seconds
[2026-06-18T17:14:21.348+0000] {processor.py:161} INFO - Started process (PID=3218) to work on /home/airflow/.local/lib/python3.8/site-packages/airflow/example_dags/example_sla_dag.py
[2026-06-18T17:14:21.350+0000] {processor.py:830} INFO - Processing file /home/airflow/.local/lib/python3.8/site-packages/airflow/example_dags/example_sla_dag.py for tasks to queue
[2026-06-18T17:14:21.354+0000] {logging_mixin.py:188} INFO - [2026-06-18T17:14:21.353+0000] {dagbag.py:538} INFO - Filling up the DagBag from /home/airflow/.local/lib/python3.8/site-packages/airflow/example_dags/example_sla_dag.py
[2026-06-18T17:14:21.371+0000] {processor.py:840} INFO - DAG(s) 'example_sla_dag' retrieved from /home/airflow/.local/lib/python3.8/site-packages/airflow/example_dags/example_sla_dag.py
[2026-06-18T17:14:21.408+0000] {logging_mixin.py:188} INFO - [2026-06-18T17:14:21.408+0000] {dag.py:3036} INFO - Sync 1 DAGs
[2026-06-18T17:14:21.466+0000] {logging_mixin.py:188} INFO - [2026-06-18T17:14:21.466+0000] {dag.py:3823} INFO - Setting next_dagrun for example_sla_dag to 2026-06-18 17:12:00+00:00, run_after=2026-06-18 17:14:00+00:00
[2026-06-18T17:14:21.500+0000] {processor.py:183} INFO - Processing /home/airflow/.local/lib/python3.8/site-packages/airflow/example_dags/example_sla_dag.py took 0.159 seconds
[2026-06-18T17:14:52.375+0000] {processor.py:161} INFO - Started process (PID=3285) to work on /home/airflow/.local/lib/python3.8/site-packages/airflow/example_dags/example_sla_dag.py
[2026-06-18T17:14:52.376+0000] {processor.py:830} INFO - Processing file /home/airflow/.local/lib/python3.8/site-packages/airflow/example_dags/example_sla_dag.py for tasks to queue
[2026-06-18T17:14:52.380+0000] {logging_mixin.py:188} INFO - [2026-06-18T17:14:52.379+0000] {dagbag.py:538} INFO - Filling up the DagBag from /home/airflow/.local/lib/python3.8/site-packages/airflow/example_dags/example_sla_dag.py
[2026-06-18T17:14:52.396+0000] {processor.py:840} INFO - DAG(s) 'example_sla_dag' retrieved from /home/airflow/.local/lib/python3.8/site-packages/airflow/example_dags/example_sla_dag.py
[2026-06-18T17:14:52.437+0000] {logging_mixin.py:188} INFO - [2026-06-18T17:14:52.437+0000] {dag.py:3036} INFO - Sync 1 DAGs
[2026-06-18T17:14:52.491+0000] {logging_mixin.py:188} INFO - [2026-06-18T17:14:52.491+0000] {dag.py:3823} INFO - Setting next_dagrun for example_sla_dag to 2026-06-18 17:12:00+00:00, run_after=2026-06-18 17:14:00+00:00
[2026-06-18T17:14:52.529+0000] {processor.py:183} INFO - Processing /home/airflow/.local/lib/python3.8/site-packages/airflow/example_dags/example_sla_dag.py took 0.165 seconds
[2026-06-18T17:15:22.608+0000] {processor.py:161} INFO - Started process (PID=3351) to work on /home/airflow/.local/lib/python3.8/site-packages/airflow/example_dags/example_sla_dag.py
[2026-06-18T17:15:22.610+0000] {processor.py:830} INFO - Processing file /home/airflow/.local/lib/python3.8/site-packages/airflow/example_dags/example_sla_dag.py for tasks to queue
[2026-06-18T17:15:22.613+0000] {logging_mixin.py:188} INFO - [2026-06-18T17:15:22.612+0000] {dagbag.py:538} INFO - Filling up the DagBag from /home/airflow/.local/lib/python3.8/site-packages/airflow/example_dags/example_sla_dag.py
[2026-06-18T17:15:22.626+0000] {processor.py:840} INFO - DAG(s) 'example_sla_dag' retrieved from /home/airflow/.local/lib/python3.8/site-packages/airflow/example_dags/example_sla_dag.py
[2026-06-18T17:15:22.660+0000] {logging_mixin.py:188} INFO - [2026-06-18T17:15:22.659+0000] {dag.py:3036} INFO - Sync 1 DAGs
[2026-06-18T17:15:22.704+0000] {logging_mixin.py:188} INFO - [2026-06-18T17:15:22.704+0000] {dag.py:3823} INFO - Setting next_dagrun for example_sla_dag to 2026-06-18 17:12:00+00:00, run_after=2026-06-18 17:14:00+00:00
[2026-06-18T17:15:22.739+0000] {processor.py:183} INFO - Processing /home/airflow/.local/lib/python3.8/site-packages/airflow/example_dags/example_sla_dag.py took 0.136 seconds
[2026-06-18T17:15:53.231+0000] {processor.py:161} INFO - Started process (PID=3415) to work on /home/airflow/.local/lib/python3.8/site-packages/airflow/example_dags/example_sla_dag.py
[2026-06-18T17:15:53.233+0000] {processor.py:830} INFO - Processing file /home/airflow/.local/lib/python3.8/site-packages/airflow/example_dags/example_sla_dag.py for tasks to queue
[2026-06-18T17:15:53.237+0000] {logging_mixin.py:188} INFO - [2026-06-18T17:15:53.236+0000] {dagbag.py:538} INFO - Filling up the DagBag from /home/airflow/.local/lib/python3.8/site-packages/airflow/example_dags/example_sla_dag.py
[2026-06-18T17:15:53.250+0000] {processor.py:840} INFO - DAG(s) 'example_sla_dag' retrieved from /home/airflow/.local/lib/python3.8/site-packages/airflow/example_dags/example_sla_dag.py
[2026-06-18T17:15:53.285+0000] {logging_mixin.py:188} INFO - [2026-06-18T17:15:53.284+0000] {dag.py:3036} INFO - Sync 1 DAGs
[2026-06-18T17:15:53.327+0000] {logging_mixin.py:188} INFO - [2026-06-18T17:15:53.327+0000] {dag.py:3823} INFO - Setting next_dagrun for example_sla_dag to 2026-06-18 17:12:00+00:00, run_after=2026-06-18 17:14:00+00:00
[2026-06-18T17:15:53.353+0000] {processor.py:183} INFO - Processing /home/airflow/.local/lib/python3.8/site-packages/airflow/example_dags/example_sla_dag.py took 0.128 seconds
[2026-06-18T17:16:23.438+0000] {processor.py:161} INFO - Started process (PID=3481) to work on /home/airflow/.local/lib/python3.8/site-packages/airflow/example_dags/example_sla_dag.py
[2026-06-18T17:16:23.440+0000] {processor.py:830} INFO - Processing file /home/airflow/.local/lib/python3.8/site-packages/airflow/example_dags/example_sla_dag.py for tasks to queue
[2026-06-18T17:16:23.443+0000] {logging_mixin.py:188} INFO - [2026-06-18T17:16:23.442+0000] {dagbag.py:538} INFO - Filling up the DagBag from /home/airflow/.local/lib/python3.8/site-packages/airflow/example_dags/example_sla_dag.py
[2026-06-18T17:16:23.459+0000] {processor.py:840} INFO - DAG(s) 'example_sla_dag' retrieved from /home/airflow/.local/lib/python3.8/site-packages/airflow/example_dags/example_sla_dag.py
[2026-06-18T17:16:23.496+0000] {logging_mixin.py:188} INFO - [2026-06-18T17:16:23.495+0000] {dag.py:3036} INFO - Sync 1 DAGs
[2026-06-18T17:16:23.542+0000] {logging_mixin.py:188} INFO - [2026-06-18T17:16:23.542+0000] {dag.py:3823} INFO - Setting next_dagrun for example_sla_dag to 2026-06-18 17:14:00+00:00, run_after=2026-06-18 17:16:00+00:00
[2026-06-18T17:16:23.574+0000] {processor.py:183} INFO - Processing /home/airflow/.local/lib/python3.8/site-packages/airflow/example_dags/example_sla_dag.py took 0.141 seconds
[2026-06-18T17:16:53.763+0000] {processor.py:161} INFO - Started process (PID=3547) to work on /home/airflow/.local/lib/python3.8/site-packages/airflow/example_dags/example_sla_dag.py
[2026-06-18T17:16:53.764+0000] {processor.py:830} INFO - Processing file /home/airflow/.local/lib/python3.8/site-packages/airflow/example_dags/example_sla_dag.py for tasks to queue
[2026-06-18T17:16:53.767+0000] {logging_mixin.py:188} INFO - [2026-06-18T17:16:53.766+0000] {dagbag.py:538} INFO - Filling up the DagBag from /home/airflow/.local/lib/python3.8/site-packages/airflow/example_dags/example_sla_dag.py
[2026-06-18T17:16:53.783+0000] {processor.py:840} INFO - DAG(s) 'example_sla_dag' retrieved from /home/airflow/.local/lib/python3.8/site-packages/airflow/example_dags/example_sla_dag.py
[2026-06-18T17:16:53.826+0000] {logging_mixin.py:188} INFO - [2026-06-18T17:16:53.825+0000] {dag.py:3036} INFO - Sync 1 DAGs
[2026-06-18T17:16:53.879+0000] {logging_mixin.py:188} INFO - [2026-06-18T17:16:53.878+0000] {dag.py:3823} INFO - Setting next_dagrun for example_sla_dag to 2026-06-18 17:14:00+00:00, run_after=2026-06-18 17:16:00+00:00
[2026-06-18T17:16:53.913+0000] {processor.py:183} INFO - Processing /home/airflow/.local/lib/python3.8/site-packages/airflow/example_dags/example_sla_dag.py took 0.156 seconds
[2026-06-18T17:17:24.356+0000] {processor.py:161} INFO - Started process (PID=3614) to work on /home/airflow/.local/lib/python3.8/site-packages/airflow/example_dags/example_sla_dag.py
[2026-06-18T17:17:24.358+0000] {processor.py:830} INFO - Processing file /home/airflow/.local/lib/python3.8/site-packages/airflow/example_dags/example_sla_dag.py for tasks to queue
[2026-06-18T17:17:24.361+0000] {logging_mixin.py:188} INFO - [2026-06-18T17:17:24.360+0000] {dagbag.py:538} INFO - Filling up the DagBag from /home/airflow/.local/lib/python3.8/site-packages/airflow/example_dags/example_sla_dag.py
[2026-06-18T17:17:24.376+0000] {processor.py:840} INFO - DAG(s) 'example_sla_dag' retrieved from /home/airflow/.local/lib/python3.8/site-packages/airflow/example_dags/example_sla_dag.py
[2026-06-18T17:17:24.416+0000] {logging_mixin.py:188} INFO - [2026-06-18T17:17:24.416+0000] {dag.py:3036} INFO - Sync 1 DAGs
[2026-06-18T17:17:24.468+0000] {logging_mixin.py:188} INFO - [2026-06-18T17:17:24.467+0000] {dag.py:3823} INFO - Setting next_dagrun for example_sla_dag to 2026-06-18 17:14:00+00:00, run_after=2026-06-18 17:16:00+00:00
[2026-06-18T17:17:24.496+0000] {processor.py:183} INFO - Processing /home/airflow/.local/lib/python3.8/site-packages/airflow/example_dags/example_sla_dag.py took 0.146 seconds
[2026-06-18T17:17:54.969+0000] {processor.py:161} INFO - Started process (PID=3678) to work on /home/airflow/.local/lib/python3.8/site-packages/airflow/example_dags/example_sla_dag.py
[2026-06-18T17:17:54.970+0000] {processor.py:830} INFO - Processing file /home/airflow/.local/lib/python3.8/site-packages/airflow/example_dags/example_sla_dag.py for tasks to queue
[2026-06-18T17:17:54.973+0000] {logging_mixin.py:188} INFO - [2026-06-18T17:17:54.972+0000] {dagbag.py:538} INFO - Filling up the DagBag from /home/airflow/.local/lib/python3.8/site-packages/airflow/example_dags/example_sla_dag.py
[2026-06-18T17:17:54.986+0000] {processor.py:840} INFO - DAG(s) 'example_sla_dag' retrieved from /home/airflow/.local/lib/python3.8/site-packages/airflow/example_dags/example_sla_dag.py
[2026-06-18T17:17:55.020+0000] {logging_mixin.py:188} INFO - [2026-06-18T17:17:55.020+0000] {dag.py:3036} INFO - Sync 1 DAGs
[2026-06-18T17:17:55.069+0000] {logging_mixin.py:188} INFO - [2026-06-18T17:17:55.068+0000] {dag.py:3823} INFO - Setting next_dagrun for example_sla_dag to 2026-06-18 17:14:00+00:00, run_after=2026-06-18 17:16:00+00:00
[2026-06-18T17:17:55.099+0000] {processor.py:183} INFO - Processing /home/airflow/.local/lib/python3.8/site-packages/airflow/example_dags/example_sla_dag.py took 0.135 seconds
[2026-06-18T17:18:25.535+0000] {processor.py:161} INFO - Started process (PID=3745) to work on /home/airflow/.local/lib/python3.8/site-packages/airflow/example_dags/example_sla_dag.py
[2026-06-18T17:18:25.537+0000] {processor.py:830} INFO - Processing file /home/airflow/.local/lib/python3.8/site-packages/airflow/example_dags/example_sla_dag.py for tasks to queue
[2026-06-18T17:18:25.539+0000] {logging_mixin.py:188} INFO - [2026-06-18T17:18:25.539+0000] {dagbag.py:538} INFO - Filling up the DagBag from /home/airflow/.local/lib/python3.8/site-packages/airflow/example_dags/example_sla_dag.py
[2026-06-18T17:18:25.552+0000] {processor.py:840} INFO - DAG(s) 'example_sla_dag' retrieved from /home/airflow/.local/lib/python3.8/site-packages/airflow/example_dags/example_sla_dag.py
[2026-06-18T17:18:25.585+0000] {logging_mixin.py:188} INFO - [2026-06-18T17:18:25.584+0000] {dag.py:3036} INFO - Sync 1 DAGs
[2026-06-18T17:18:25.623+0000] {logging_mixin.py:188} INFO - [2026-06-18T17:18:25.623+0000] {dag.py:3823} INFO - Setting next_dagrun for example_sla_dag to 2026-06-18 17:16:00+00:00, run_after=2026-06-18 17:18:00+00:00
[2026-06-18T17:18:25.649+0000] {processor.py:183} INFO - Processing /home/airflow/.local/lib/python3.8/site-packages/airflow/example_dags/example_sla_dag.py took 0.119 seconds
[2026-06-18T17:18:56.224+0000] {processor.py:161} INFO - Started process (PID=3811) to work on /home/airflow/.local/lib/python3.8/site-packages/airflow/example_dags/example_sla_dag.py
[2026-06-18T17:18:56.227+0000] {processor.py:830} INFO - Processing file /home/airflow/.local/lib/python3.8/site-packages/airflow/example_dags/example_sla_dag.py for tasks to queue
[2026-06-18T17:18:56.229+0000] {logging_mixin.py:188} INFO - [2026-06-18T17:18:56.229+0000] {dagbag.py:538} INFO - Filling up the DagBag from /home/airflow/.local/lib/python3.8/site-packages/airflow/example_dags/example_sla_dag.py
[2026-06-18T17:18:56.244+0000] {processor.py:840} INFO - DAG(s) 'example_sla_dag' retrieved from /home/airflow/.local/lib/python3.8/site-packages/airflow/example_dags/example_sla_dag.py
[2026-06-18T17:18:56.279+0000] {logging_mixin.py:188} INFO - [2026-06-18T17:18:56.279+0000] {dag.py:3036} INFO - Sync 1 DAGs
[2026-06-18T17:18:56.320+0000] {logging_mixin.py:188} INFO - [2026-06-18T17:18:56.320+0000] {dag.py:3823} INFO - Setting next_dagrun for example_sla_dag to 2026-06-18 17:16:00+00:00, run_after=2026-06-18 17:18:00+00:00
[2026-06-18T17:18:56.348+0000] {processor.py:183} INFO - Processing /home/airflow/.local/lib/python3.8/site-packages/airflow/example_dags/example_sla_dag.py took 0.129 seconds
[2026-06-18T17:19:26.576+0000] {processor.py:161} INFO - Started process (PID=3884) to work on /home/airflow/.local/lib/python3.8/site-packages/airflow/example_dags/example_sla_dag.py
[2026-06-18T17:19:26.577+0000] {processor.py:830} INFO - Processing file /home/airflow/.local/lib/python3.8/site-packages/airflow/example_dags/example_sla_dag.py for tasks to queue
[2026-06-18T17:19:26.580+0000] {logging_mixin.py:188} INFO - [2026-06-18T17:19:26.580+0000] {dagbag.py:538} INFO - Filling up the DagBag from /home/airflow/.local/lib/python3.8/site-packages/airflow/example_dags/example_sla_dag.py
[2026-06-18T17:19:26.595+0000] {processor.py:840} INFO - DAG(s) 'example_sla_dag' retrieved from /home/airflow/.local/lib/python3.8/site-packages/airflow/example_dags/example_sla_dag.py
[2026-06-18T17:19:26.634+0000] {logging_mixin.py:188} INFO - [2026-06-18T17:19:26.633+0000] {dag.py:3036} INFO - Sync 1 DAGs
[2026-06-18T17:19:26.686+0000] {logging_mixin.py:188} INFO - [2026-06-18T17:19:26.686+0000] {dag.py:3823} INFO - Setting next_dagrun for example_sla_dag to 2026-06-18 17:16:00+00:00, run_after=2026-06-18 17:18:00+00:00
[2026-06-18T17:19:26.722+0000] {processor.py:183} INFO - Processing /home/airflow/.local/lib/python3.8/site-packages/airflow/example_dags/example_sla_dag.py took 0.151 seconds
[2026-06-18T17:19:56.991+0000] {processor.py:161} INFO - Started process (PID=3955) to work on /home/airflow/.local/lib/python3.8/site-packages/airflow/example_dags/example_sla_dag.py
[2026-06-18T17:19:56.993+0000] {processor.py:830} INFO - Processing file /home/airflow/.local/lib/python3.8/site-packages/airflow/example_dags/example_sla_dag.py for tasks to queue
[2026-06-18T17:19:56.996+0000] {logging_mixin.py:188} INFO - [2026-06-18T17:19:56.996+0000] {dagbag.py:538} INFO - Filling up the DagBag from /home/airflow/.local/lib/python3.8/site-packages/airflow/example_dags/example_sla_dag.py
[2026-06-18T17:19:57.014+0000] {processor.py:840} INFO - DAG(s) 'example_sla_dag' retrieved from /home/airflow/.local/lib/python3.8/site-packages/airflow/example_dags/example_sla_dag.py
[2026-06-18T17:19:57.056+0000] {logging_mixin.py:188} INFO - [2026-06-18T17:19:57.055+0000] {dag.py:3036} INFO - Sync 1 DAGs
[2026-06-18T17:19:57.119+0000] {logging_mixin.py:188} INFO - [2026-06-18T17:19:57.118+0000] {dag.py:3823} INFO - Setting next_dagrun for example_sla_dag to 2026-06-18 17:16:00+00:00, run_after=2026-06-18 17:18:00+00:00
[2026-06-18T17:19:57.153+0000] {processor.py:183} INFO - Processing /home/airflow/.local/lib/python3.8/site-packages/airflow/example_dags/example_sla_dag.py took 0.168 seconds
[2026-06-18T17:20:27.384+0000] {processor.py:161} INFO - Started process (PID=4021) to work on /home/airflow/.local/lib/python3.8/site-packages/airflow/example_dags/example_sla_dag.py
[2026-06-18T17:20:27.385+0000] {processor.py:830} INFO - Processing file /home/airflow/.local/lib/python3.8/site-packages/airflow/example_dags/example_sla_dag.py for tasks to queue
[2026-06-18T17:20:27.388+0000] {logging_mixin.py:188} INFO - [2026-06-18T17:20:27.387+0000] {dagbag.py:538} INFO - Filling up the DagBag from /home/airflow/.local/lib/python3.8/site-packages/airflow/example_dags/example_sla_dag.py
[2026-06-18T17:20:27.404+0000] {processor.py:840} INFO - DAG(s) 'example_sla_dag' retrieved from /home/airflow/.local/lib/python3.8/site-packages/airflow/example_dags/example_sla_dag.py
[2026-06-18T17:20:27.447+0000] {logging_mixin.py:188} INFO - [2026-06-18T17:20:27.446+0000] {dag.py:3036} INFO - Sync 1 DAGs
[2026-06-18T17:20:27.491+0000] {logging_mixin.py:188} INFO - [2026-06-18T17:20:27.491+0000] {dag.py:3823} INFO - Setting next_dagrun for example_sla_dag to 2026-06-18 17:18:00+00:00, run_after=2026-06-18 17:20:00+00:00
[2026-06-18T17:20:27.520+0000] {processor.py:183} INFO - Processing /home/airflow/.local/lib/python3.8/site-packages/airflow/example_dags/example_sla_dag.py took 0.142 seconds
[2026-06-18T17:20:58.495+0000] {processor.py:161} INFO - Started process (PID=4087) to work on /home/airflow/.local/lib/python3.8/site-packages/airflow/example_dags/example_sla_dag.py
[2026-06-18T17:20:58.497+0000] {processor.py:830} INFO - Processing file /home/airflow/.local/lib/python3.8/site-packages/airflow/example_dags/example_sla_dag.py for tasks to queue
[2026-06-18T17:20:58.500+0000] {logging_mixin.py:188} INFO - [2026-06-18T17:20:58.499+0000] {dagbag.py:538} INFO - Filling up the DagBag from /home/airflow/.local/lib/python3.8/site-packages/airflow/example_dags/example_sla_dag.py
[2026-06-18T17:20:58.516+0000] {processor.py:840} INFO - DAG(s) 'example_sla_dag' retrieved from /home/airflow/.local/lib/python3.8/site-packages/airflow/example_dags/example_sla_dag.py
[2026-06-18T17:20:58.555+0000] {logging_mixin.py:188} INFO - [2026-06-18T17:20:58.554+0000] {dag.py:3036} INFO - Sync 1 DAGs
[2026-06-18T17:20:58.607+0000] {logging_mixin.py:188} INFO - [2026-06-18T17:20:58.607+0000] {dag.py:3823} INFO - Setting next_dagrun for example_sla_dag to 2026-06-18 17:18:00+00:00, run_after=2026-06-18 17:20:00+00:00
[2026-06-18T17:20:58.643+0000] {processor.py:183} INFO - Processing /home/airflow/.local/lib/python3.8/site-packages/airflow/example_dags/example_sla_dag.py took 0.155 seconds
[2026-06-18T17:21:29.315+0000] {processor.py:161} INFO - Started process (PID=4153) to work on /home/airflow/.local/lib/python3.8/site-packages/airflow/example_dags/example_sla_dag.py
[2026-06-18T17:21:29.317+0000] {processor.py:830} INFO - Processing file /home/airflow/.local/lib/python3.8/site-packages/airflow/example_dags/example_sla_dag.py for tasks to queue
[2026-06-18T17:21:29.320+0000] {logging_mixin.py:188} INFO - [2026-06-18T17:21:29.319+0000] {dagbag.py:538} INFO - Filling up the DagBag from /home/airflow/.local/lib/python3.8/site-packages/airflow/example_dags/example_sla_dag.py
[2026-06-18T17:21:29.336+0000] {processor.py:840} INFO - DAG(s) 'example_sla_dag' retrieved from /home/airflow/.local/lib/python3.8/site-packages/airflow/example_dags/example_sla_dag.py
[2026-06-18T17:21:29.380+0000] {logging_mixin.py:188} INFO - [2026-06-18T17:21:29.379+0000] {dag.py:3036} INFO - Sync 1 DAGs
[2026-06-18T17:21:29.435+0000] {logging_mixin.py:188} INFO - [2026-06-18T17:21:29.435+0000] {dag.py:3823} INFO - Setting next_dagrun for example_sla_dag to 2026-06-18 17:18:00+00:00, run_after=2026-06-18 17:20:00+00:00
[2026-06-18T17:21:29.477+0000] {processor.py:183} INFO - Processing /home/airflow/.local/lib/python3.8/site-packages/airflow/example_dags/example_sla_dag.py took 0.177 seconds
[2026-06-18T17:21:59.751+0000] {processor.py:161} INFO - Started process (PID=4219) to work on /home/airflow/.local/lib/python3.8/site-packages/airflow/example_dags/example_sla_dag.py
[2026-06-18T17:21:59.753+0000] {processor.py:830} INFO - Processing file /home/airflow/.local/lib/python3.8/site-packages/airflow/example_dags/example_sla_dag.py for tasks to queue
[2026-06-18T17:21:59.756+0000] {logging_mixin.py:188} INFO - [2026-06-18T17:21:59.755+0000] {dagbag.py:538} INFO - Filling up the DagBag from /home/airflow/.local/lib/python3.8/site-packages/airflow/example_dags/example_sla_dag.py
[2026-06-18T17:21:59.770+0000] {processor.py:840} INFO - DAG(s) 'example_sla_dag' retrieved from /home/airflow/.local/lib/python3.8/site-packages/airflow/example_dags/example_sla_dag.py
[2026-06-18T17:21:59.809+0000] {logging_mixin.py:188} INFO - [2026-06-18T17:21:59.809+0000] {dag.py:3036} INFO - Sync 1 DAGs
[2026-06-18T17:21:59.852+0000] {logging_mixin.py:188} INFO - [2026-06-18T17:21:59.852+0000] {dag.py:3823} INFO - Setting next_dagrun for example_sla_dag to 2026-06-18 17:18:00+00:00, run_after=2026-06-18 17:20:00+00:00
[2026-06-18T17:21:59.881+0000] {processor.py:183} INFO - Processing /home/airflow/.local/lib/python3.8/site-packages/airflow/example_dags/example_sla_dag.py took 0.136 seconds
[2026-06-18T17:22:30.001+0000] {processor.py:161} INFO - Started process (PID=4285) to work on /home/airflow/.local/lib/python3.8/site-packages/airflow/example_dags/example_sla_dag.py
[2026-06-18T17:22:30.003+0000] {processor.py:830} INFO - Processing file /home/airflow/.local/lib/python3.8/site-packages/airflow/example_dags/example_sla_dag.py for tasks to queue
[2026-06-18T17:22:30.006+0000] {logging_mixin.py:188} INFO - [2026-06-18T17:22:30.005+0000] {dagbag.py:538} INFO - Filling up the DagBag from /home/airflow/.local/lib/python3.8/site-packages/airflow/example_dags/example_sla_dag.py
[2026-06-18T17:22:30.020+0000] {processor.py:840} INFO - DAG(s) 'example_sla_dag' retrieved from /home/airflow/.local/lib/python3.8/site-packages/airflow/example_dags/example_sla_dag.py
[2026-06-18T17:22:30.064+0000] {logging_mixin.py:188} INFO - [2026-06-18T17:22:30.064+0000] {dag.py:3036} INFO - Sync 1 DAGs
[2026-06-18T17:22:30.107+0000] {logging_mixin.py:188} INFO - [2026-06-18T17:22:30.107+0000] {dag.py:3823} INFO - Setting next_dagrun for example_sla_dag to 2026-06-18 17:20:00+00:00, run_after=2026-06-18 17:22:00+00:00
[2026-06-18T17:22:30.139+0000] {processor.py:183} INFO - Processing /home/airflow/.local/lib/python3.8/site-packages/airflow/example_dags/example_sla_dag.py took 0.144 seconds
[2026-06-18T17:23:00.612+0000] {processor.py:161} INFO - Started process (PID=4352) to work on /home/airflow/.local/lib/python3.8/site-packages/airflow/example_dags/example_sla_dag.py
[2026-06-18T17:23:00.615+0000] {processor.py:830} INFO - Processing file /home/airflow/.local/lib/python3.8/site-packages/airflow/example_dags/example_sla_dag.py for tasks to queue
[2026-06-18T17:23:00.617+0000] {logging_mixin.py:188} INFO - [2026-06-18T17:23:00.617+0000] {dagbag.py:538} INFO - Filling up the DagBag from /home/airflow/.local/lib/python3.8/site-packages/airflow/example_dags/example_sla_dag.py
[2026-06-18T17:23:00.631+0000] {processor.py:840} INFO - DAG(s) 'example_sla_dag' retrieved from /home/airflow/.local/lib/python3.8/site-packages/airflow/example_dags/example_sla_dag.py
[2026-06-18T17:23:00.667+0000] {logging_mixin.py:188} INFO - [2026-06-18T17:23:00.667+0000] {dag.py:3036} INFO - Sync 1 DAGs
[2026-06-18T17:23:00.718+0000] {logging_mixin.py:188} INFO - [2026-06-18T17:23:00.717+0000] {dag.py:3823} INFO - Setting next_dagrun for example_sla_dag to 2026-06-18 17:20:00+00:00, run_after=2026-06-18 17:22:00+00:00
[2026-06-18T17:23:00.754+0000] {processor.py:183} INFO - Processing /home/airflow/.local/lib/python3.8/site-packages/airflow/example_dags/example_sla_dag.py took 0.146 seconds
[2026-06-18T17:23:31.166+0000] {processor.py:161} INFO - Started process (PID=4417) to work on /home/airflow/.local/lib/python3.8/site-packages/airflow/example_dags/example_sla_dag.py
[2026-06-18T17:23:31.168+0000] {processor.py:830} INFO - Processing file /home/airflow/.local/lib/python3.8/site-packages/airflow/example_dags/example_sla_dag.py for tasks to queue
[2026-06-18T17:23:31.171+0000] {logging_mixin.py:188} INFO - [2026-06-18T17:23:31.170+0000] {dagbag.py:538} INFO - Filling up the DagBag from /home/airflow/.local/lib/python3.8/site-packages/airflow/example_dags/example_sla_dag.py
[2026-06-18T17:23:31.184+0000] {processor.py:840} INFO - DAG(s) 'example_sla_dag' retrieved from /home/airflow/.local/lib/python3.8/site-packages/airflow/example_dags/example_sla_dag.py
[2026-06-18T17:23:31.224+0000] {logging_mixin.py:188} INFO - [2026-06-18T17:23:31.224+0000] {dag.py:3036} INFO - Sync 1 DAGs
[2026-06-18T17:23:31.271+0000] {logging_mixin.py:188} INFO - [2026-06-18T17:23:31.270+0000] {dag.py:3823} INFO - Setting next_dagrun for example_sla_dag to 2026-06-18 17:20:00+00:00, run_after=2026-06-18 17:22:00+00:00
[2026-06-18T17:23:31.311+0000] {processor.py:183} INFO - Processing /home/airflow/.local/lib/python3.8/site-packages/airflow/example_dags/example_sla_dag.py took 0.151 seconds
[2026-06-18T17:24:01.376+0000] {processor.py:161} INFO - Started process (PID=4482) to work on /home/airflow/.local/lib/python3.8/site-packages/airflow/example_dags/example_sla_dag.py
[2026-06-18T17:24:01.377+0000] {processor.py:830} INFO - Processing file /home/airflow/.local/lib/python3.8/site-packages/airflow/example_dags/example_sla_dag.py for tasks to queue
[2026-06-18T17:24:01.379+0000] {logging_mixin.py:188} INFO - [2026-06-18T17:24:01.379+0000] {dagbag.py:538} INFO - Filling up the DagBag from /home/airflow/.local/lib/python3.8/site-packages/airflow/example_dags/example_sla_dag.py
[2026-06-18T17:24:01.393+0000] {processor.py:840} INFO - DAG(s) 'example_sla_dag' retrieved from /home/airflow/.local/lib/python3.8/site-packages/airflow/example_dags/example_sla_dag.py
[2026-06-18T17:24:01.430+0000] {logging_mixin.py:188} INFO - [2026-06-18T17:24:01.429+0000] {dag.py:3036} INFO - Sync 1 DAGs
[2026-06-18T17:24:01.473+0000] {logging_mixin.py:188} INFO - [2026-06-18T17:24:01.473+0000] {dag.py:3823} INFO - Setting next_dagrun for example_sla_dag to 2026-06-18 17:22:00+00:00, run_after=2026-06-18 17:24:00+00:00
[2026-06-18T17:24:01.501+0000] {processor.py:183} INFO - Processing /home/airflow/.local/lib/python3.8/site-packages/airflow/example_dags/example_sla_dag.py took 0.132 seconds
[2026-06-18T17:24:31.821+0000] {processor.py:161} INFO - Started process (PID=4548) to work on /home/airflow/.local/lib/python3.8/site-packages/airflow/example_dags/example_sla_dag.py
[2026-06-18T17:24:31.823+0000] {processor.py:830} INFO - Processing file /home/airflow/.local/lib/python3.8/site-packages/airflow/example_dags/example_sla_dag.py for tasks to queue
[2026-06-18T17:24:31.825+0000] {logging_mixin.py:188} INFO - [2026-06-18T17:24:31.825+0000] {dagbag.py:538} INFO - Filling up the DagBag from /home/airflow/.local/lib/python3.8/site-packages/airflow/example_dags/example_sla_dag.py
[2026-06-18T17:24:31.840+0000] {processor.py:840} INFO - DAG(s) 'example_sla_dag' retrieved from /home/airflow/.local/lib/python3.8/site-packages/airflow/example_dags/example_sla_dag.py
[2026-06-18T17:24:31.874+0000] {logging_mixin.py:188} INFO - [2026-06-18T17:24:31.874+0000] {dag.py:3036} INFO - Sync 1 DAGs
[2026-06-18T17:24:31.919+0000] {logging_mixin.py:188} INFO - [2026-06-18T17:24:31.919+0000] {dag.py:3823} INFO - Setting next_dagrun for example_sla_dag to 2026-06-18 17:22:00+00:00, run_after=2026-06-18 17:24:00+00:00
[2026-06-18T17:24:31.948+0000] {processor.py:183} INFO - Processing /home/airflow/.local/lib/python3.8/site-packages/airflow/example_dags/example_sla_dag.py took 0.132 seconds
[2026-06-18T17:25:02.512+0000] {processor.py:161} INFO - Started process (PID=4615) to work on /home/airflow/.local/lib/python3.8/site-packages/airflow/example_dags/example_sla_dag.py
[2026-06-18T17:25:02.514+0000] {processor.py:830} INFO - Processing file /home/airflow/.local/lib/python3.8/site-packages/airflow/example_dags/example_sla_dag.py for tasks to queue
[2026-06-18T17:25:02.517+0000] {logging_mixin.py:188} INFO - [2026-06-18T17:25:02.517+0000] {dagbag.py:538} INFO - Filling up the DagBag from /home/airflow/.local/lib/python3.8/site-packages/airflow/example_dags/example_sla_dag.py
[2026-06-18T17:25:02.534+0000] {processor.py:840} INFO - DAG(s) 'example_sla_dag' retrieved from /home/airflow/.local/lib/python3.8/site-packages/airflow/example_dags/example_sla_dag.py
[2026-06-18T17:25:02.573+0000] {logging_mixin.py:188} INFO - [2026-06-18T17:25:02.573+0000] {dag.py:3036} INFO - Sync 1 DAGs
[2026-06-18T17:25:02.624+0000] {logging_mixin.py:188} INFO - [2026-06-18T17:25:02.623+0000] {dag.py:3823} INFO - Setting next_dagrun for example_sla_dag to 2026-06-18 17:22:00+00:00, run_after=2026-06-18 17:24:00+00:00
[2026-06-18T17:25:02.664+0000] {processor.py:183} INFO - Processing /home/airflow/.local/lib/python3.8/site-packages/airflow/example_dags/example_sla_dag.py took 0.159 seconds
[2026-06-18T17:25:33.139+0000] {processor.py:161} INFO - Started process (PID=4689) to work on /home/airflow/.local/lib/python3.8/site-packages/airflow/example_dags/example_sla_dag.py
[2026-06-18T17:25:33.147+0000] {processor.py:830} INFO - Processing file /home/airflow/.local/lib/python3.8/site-packages/airflow/example_dags/example_sla_dag.py for tasks to queue
[2026-06-18T17:25:33.150+0000] {logging_mixin.py:188} INFO - [2026-06-18T17:25:33.150+0000] {dagbag.py:538} INFO - Filling up the DagBag from /home/airflow/.local/lib/python3.8/site-packages/airflow/example_dags/example_sla_dag.py
[2026-06-18T17:25:33.176+0000] {processor.py:840} INFO - DAG(s) 'example_sla_dag' retrieved from /home/airflow/.local/lib/python3.8/site-packages/airflow/example_dags/example_sla_dag.py
[2026-06-18T17:25:33.236+0000] {logging_mixin.py:188} INFO - [2026-06-18T17:25:33.235+0000] {dag.py:3036} INFO - Sync 1 DAGs
[2026-06-18T17:25:33.294+0000] {logging_mixin.py:188} INFO - [2026-06-18T17:25:33.294+0000] {dag.py:3823} INFO - Setting next_dagrun for example_sla_dag to 2026-06-18 17:22:00+00:00, run_after=2026-06-18 17:24:00+00:00
[2026-06-18T17:25:33.333+0000] {processor.py:183} INFO - Processing /home/airflow/.local/lib/python3.8/site-packages/airflow/example_dags/example_sla_dag.py took 0.200 seconds
[2026-06-18T17:26:03.611+0000] {processor.py:161} INFO - Started process (PID=4757) to work on /home/airflow/.local/lib/python3.8/site-packages/airflow/example_dags/example_sla_dag.py
[2026-06-18T17:26:03.614+0000] {processor.py:830} INFO - Processing file /home/airflow/.local/lib/python3.8/site-packages/airflow/example_dags/example_sla_dag.py for tasks to queue
[2026-06-18T17:26:03.617+0000] {logging_mixin.py:188} INFO - [2026-06-18T17:26:03.617+0000] {dagbag.py:538} INFO - Filling up the DagBag from /home/airflow/.local/lib/python3.8/site-packages/airflow/example_dags/example_sla_dag.py
[2026-06-18T17:26:03.632+0000] {processor.py:840} INFO - DAG(s) 'example_sla_dag' retrieved from /home/airflow/.local/lib/python3.8/site-packages/airflow/example_dags/example_sla_dag.py
[2026-06-18T17:26:03.673+0000] {logging_mixin.py:188} INFO - [2026-06-18T17:26:03.673+0000] {dag.py:3036} INFO - Sync 1 DAGs
[2026-06-18T17:26:03.735+0000] {logging_mixin.py:188} INFO - [2026-06-18T17:26:03.734+0000] {dag.py:3823} INFO - Setting next_dagrun for example_sla_dag to 2026-06-18 17:24:00+00:00, run_after=2026-06-18 17:26:00+00:00
[2026-06-18T17:26:03.785+0000] {processor.py:183} INFO - Processing /home/airflow/.local/lib/python3.8/site-packages/airflow/example_dags/example_sla_dag.py took 0.180 seconds
[2026-06-18T17:26:33.848+0000] {processor.py:161} INFO - Started process (PID=4823) to work on /home/airflow/.local/lib/python3.8/site-packages/airflow/example_dags/example_sla_dag.py
[2026-06-18T17:26:33.850+0000] {processor.py:830} INFO - Processing file /home/airflow/.local/lib/python3.8/site-packages/airflow/example_dags/example_sla_dag.py for tasks to queue
[2026-06-18T17:26:33.853+0000] {logging_mixin.py:188} INFO - [2026-06-18T17:26:33.853+0000] {dagbag.py:538} INFO - Filling up the DagBag from /home/airflow/.local/lib/python3.8/site-packages/airflow/example_dags/example_sla_dag.py
[2026-06-18T17:26:33.872+0000] {processor.py:840} INFO - DAG(s) 'example_sla_dag' retrieved from /home/airflow/.local/lib/python3.8/site-packages/airflow/example_dags/example_sla_dag.py
[2026-06-18T17:26:33.912+0000] {logging_mixin.py:188} INFO - [2026-06-18T17:26:33.911+0000] {dag.py:3036} INFO - Sync 1 DAGs
[2026-06-18T17:26:33.966+0000] {logging_mixin.py:188} INFO - [2026-06-18T17:26:33.966+0000] {dag.py:3823} INFO - Setting next_dagrun for example_sla_dag to 2026-06-18 17:24:00+00:00, run_after=2026-06-18 17:26:00+00:00
[2026-06-18T17:26:34.004+0000] {processor.py:183} INFO - Processing /home/airflow/.local/lib/python3.8/site-packages/airflow/example_dags/example_sla_dag.py took 0.162 seconds
[2026-06-18T17:27:04.140+0000] {processor.py:161} INFO - Started process (PID=4889) to work on /home/airflow/.local/lib/python3.8/site-packages/airflow/example_dags/example_sla_dag.py
[2026-06-18T17:27:04.143+0000] {processor.py:830} INFO - Processing file /home/airflow/.local/lib/python3.8/site-packages/airflow/example_dags/example_sla_dag.py for tasks to queue
[2026-06-18T17:27:04.146+0000] {logging_mixin.py:188} INFO - [2026-06-18T17:27:04.145+0000] {dagbag.py:538} INFO - Filling up the DagBag from /home/airflow/.local/lib/python3.8/site-packages/airflow/example_dags/example_sla_dag.py
[2026-06-18T17:27:04.160+0000] {processor.py:840} INFO - DAG(s) 'example_sla_dag' retrieved from /home/airflow/.local/lib/python3.8/site-packages/airflow/example_dags/example_sla_dag.py
[2026-06-18T17:27:04.200+0000] {logging_mixin.py:188} INFO - [2026-06-18T17:27:04.200+0000] {dag.py:3036} INFO - Sync 1 DAGs
[2026-06-18T17:27:04.261+0000] {logging_mixin.py:188} INFO - [2026-06-18T17:27:04.260+0000] {dag.py:3823} INFO - Setting next_dagrun for example_sla_dag to 2026-06-18 17:24:00+00:00, run_after=2026-06-18 17:26:00+00:00
[2026-06-18T17:27:04.310+0000] {processor.py:183} INFO - Processing /home/airflow/.local/lib/python3.8/site-packages/airflow/example_dags/example_sla_dag.py took 0.175 seconds
[2026-06-18T17:27:34.714+0000] {processor.py:161} INFO - Started process (PID=4955) to work on /home/airflow/.local/lib/python3.8/site-packages/airflow/example_dags/example_sla_dag.py
[2026-06-18T17:27:34.716+0000] {processor.py:830} INFO - Processing file /home/airflow/.local/lib/python3.8/site-packages/airflow/example_dags/example_sla_dag.py for tasks to queue
[2026-06-18T17:27:34.719+0000] {logging_mixin.py:188} INFO - [2026-06-18T17:27:34.718+0000] {dagbag.py:538} INFO - Filling up the DagBag from /home/airflow/.local/lib/python3.8/site-packages/airflow/example_dags/example_sla_dag.py
[2026-06-18T17:27:34.736+0000] {processor.py:840} INFO - DAG(s) 'example_sla_dag' retrieved from /home/airflow/.local/lib/python3.8/site-packages/airflow/example_dags/example_sla_dag.py
[2026-06-18T17:27:34.775+0000] {logging_mixin.py:188} INFO - [2026-06-18T17:27:34.775+0000] {dag.py:3036} INFO - Sync 1 DAGs
[2026-06-18T17:27:34.817+0000] {logging_mixin.py:188} INFO - [2026-06-18T17:27:34.816+0000] {dag.py:3823} INFO - Setting next_dagrun for example_sla_dag to 2026-06-18 17:24:00+00:00, run_after=2026-06-18 17:26:00+00:00
[2026-06-18T17:27:34.848+0000] {processor.py:183} INFO - Processing /home/airflow/.local/lib/python3.8/site-packages/airflow/example_dags/example_sla_dag.py took 0.139 seconds
[2026-06-18T17:28:05.623+0000] {processor.py:161} INFO - Started process (PID=5022) to work on /home/airflow/.local/lib/python3.8/site-packages/airflow/example_dags/example_sla_dag.py
[2026-06-18T17:28:05.625+0000] {processor.py:830} INFO - Processing file /home/airflow/.local/lib/python3.8/site-packages/airflow/example_dags/example_sla_dag.py for tasks to queue
[2026-06-18T17:28:05.628+0000] {logging_mixin.py:188} INFO - [2026-06-18T17:28:05.628+0000] {dagbag.py:538} INFO - Filling up the DagBag from /home/airflow/.local/lib/python3.8/site-packages/airflow/example_dags/example_sla_dag.py
[2026-06-18T17:28:05.642+0000] {processor.py:840} INFO - DAG(s) 'example_sla_dag' retrieved from /home/airflow/.local/lib/python3.8/site-packages/airflow/example_dags/example_sla_dag.py
[2026-06-18T17:28:05.680+0000] {logging_mixin.py:188} INFO - [2026-06-18T17:28:05.679+0000] {dag.py:3036} INFO - Sync 1 DAGs
[2026-06-18T17:28:05.730+0000] {logging_mixin.py:188} INFO - [2026-06-18T17:28:05.730+0000] {dag.py:3823} INFO - Setting next_dagrun for example_sla_dag to 2026-06-18 17:26:00+00:00, run_after=2026-06-18 17:28:00+00:00
[2026-06-18T17:28:05.760+0000] {processor.py:183} INFO - Processing /home/airflow/.local/lib/python3.8/site-packages/airflow/example_dags/example_sla_dag.py took 0.142 seconds
[2026-06-18T17:28:36.185+0000] {processor.py:161} INFO - Started process (PID=5087) to work on /home/airflow/.local/lib/python3.8/site-packages/airflow/example_dags/example_sla_dag.py
[2026-06-18T17:28:36.186+0000] {processor.py:830} INFO - Processing file /home/airflow/.local/lib/python3.8/site-packages/airflow/example_dags/example_sla_dag.py for tasks to queue
[2026-06-18T17:28:36.189+0000] {logging_mixin.py:188} INFO - [2026-06-18T17:28:36.188+0000] {dagbag.py:538} INFO - Filling up the DagBag from /home/airflow/.local/lib/python3.8/site-packages/airflow/example_dags/example_sla_dag.py
[2026-06-18T17:28:36.203+0000] {processor.py:840} INFO - DAG(s) 'example_sla_dag' retrieved from /home/airflow/.local/lib/python3.8/site-packages/airflow/example_dags/example_sla_dag.py
[2026-06-18T17:28:36.237+0000] {logging_mixin.py:188} INFO - [2026-06-18T17:28:36.237+0000] {dag.py:3036} INFO - Sync 1 DAGs
[2026-06-18T17:28:36.282+0000] {logging_mixin.py:188} INFO - [2026-06-18T17:28:36.281+0000] {dag.py:3823} INFO - Setting next_dagrun for example_sla_dag to 2026-06-18 17:26:00+00:00, run_after=2026-06-18 17:28:00+00:00
[2026-06-18T17:28:36.312+0000] {processor.py:183} INFO - Processing /home/airflow/.local/lib/python3.8/site-packages/airflow/example_dags/example_sla_dag.py took 0.131 seconds
[2026-06-18T17:29:06.439+0000] {processor.py:161} INFO - Started process (PID=5153) to work on /home/airflow/.local/lib/python3.8/site-packages/airflow/example_dags/example_sla_dag.py
[2026-06-18T17:29:06.441+0000] {processor.py:830} INFO - Processing file /home/airflow/.local/lib/python3.8/site-packages/airflow/example_dags/example_sla_dag.py for tasks to queue
[2026-06-18T17:29:06.444+0000] {logging_mixin.py:188} INFO - [2026-06-18T17:29:06.443+0000] {dagbag.py:538} INFO - Filling up the DagBag from /home/airflow/.local/lib/python3.8/site-packages/airflow/example_dags/example_sla_dag.py
[2026-06-18T17:29:06.457+0000] {processor.py:840} INFO - DAG(s) 'example_sla_dag' retrieved from /home/airflow/.local/lib/python3.8/site-packages/airflow/example_dags/example_sla_dag.py
[2026-06-18T17:29:06.492+0000] {logging_mixin.py:188} INFO - [2026-06-18T17:29:06.491+0000] {dag.py:3036} INFO - Sync 1 DAGs
[2026-06-18T17:29:06.538+0000] {logging_mixin.py:188} INFO - [2026-06-18T17:29:06.537+0000] {dag.py:3823} INFO - Setting next_dagrun for example_sla_dag to 2026-06-18 17:26:00+00:00, run_after=2026-06-18 17:28:00+00:00
[2026-06-18T17:29:06.569+0000] {processor.py:183} INFO - Processing /home/airflow/.local/lib/python3.8/site-packages/airflow/example_dags/example_sla_dag.py took 0.135 seconds
[2026-06-18T17:29:37.133+0000] {processor.py:161} INFO - Started process (PID=5217) to work on /home/airflow/.local/lib/python3.8/site-packages/airflow/example_dags/example_sla_dag.py
[2026-06-18T17:29:37.135+0000] {processor.py:830} INFO - Processing file /home/airflow/.local/lib/python3.8/site-packages/airflow/example_dags/example_sla_dag.py for tasks to queue
[2026-06-18T17:29:37.137+0000] {logging_mixin.py:188} INFO - [2026-06-18T17:29:37.136+0000] {dagbag.py:538} INFO - Filling up the DagBag from /home/airflow/.local/lib/python3.8/site-packages/airflow/example_dags/example_sla_dag.py
[2026-06-18T17:29:37.150+0000] {processor.py:840} INFO - DAG(s) 'example_sla_dag' retrieved from /home/airflow/.local/lib/python3.8/site-packages/airflow/example_dags/example_sla_dag.py
[2026-06-18T17:29:37.185+0000] {logging_mixin.py:188} INFO - [2026-06-18T17:29:37.184+0000] {dag.py:3036} INFO - Sync 1 DAGs
[2026-06-18T17:29:37.229+0000] {logging_mixin.py:188} INFO - [2026-06-18T17:29:37.228+0000] {dag.py:3823} INFO - Setting next_dagrun for example_sla_dag to 2026-06-18 17:26:00+00:00, run_after=2026-06-18 17:28:00+00:00
[2026-06-18T17:29:37.261+0000] {processor.py:183} INFO - Processing /home/airflow/.local/lib/python3.8/site-packages/airflow/example_dags/example_sla_dag.py took 0.134 seconds
[2026-06-18T17:30:07.634+0000] {processor.py:161} INFO - Started process (PID=5281) to work on /home/airflow/.local/lib/python3.8/site-packages/airflow/example_dags/example_sla_dag.py
[2026-06-18T17:30:07.636+0000] {processor.py:830} INFO - Processing file /home/airflow/.local/lib/python3.8/site-packages/airflow/example_dags/example_sla_dag.py for tasks to queue
[2026-06-18T17:30:07.638+0000] {logging_mixin.py:188} INFO - [2026-06-18T17:30:07.638+0000] {dagbag.py:538} INFO - Filling up the DagBag from /home/airflow/.local/lib/python3.8/site-packages/airflow/example_dags/example_sla_dag.py
[2026-06-18T17:30:07.653+0000] {processor.py:840} INFO - DAG(s) 'example_sla_dag' retrieved from /home/airflow/.local/lib/python3.8/site-packages/airflow/example_dags/example_sla_dag.py
[2026-06-18T17:30:07.686+0000] {logging_mixin.py:188} INFO - [2026-06-18T17:30:07.686+0000] {dag.py:3036} INFO - Sync 1 DAGs
[2026-06-18T17:30:07.729+0000] {logging_mixin.py:188} INFO - [2026-06-18T17:30:07.728+0000] {dag.py:3823} INFO - Setting next_dagrun for example_sla_dag to 2026-06-18 17:28:00+00:00, run_after=2026-06-18 17:30:00+00:00
[2026-06-18T17:30:07.763+0000] {processor.py:183} INFO - Processing /home/airflow/.local/lib/python3.8/site-packages/airflow/example_dags/example_sla_dag.py took 0.134 seconds
[2026-06-18T17:30:38.285+0000] {processor.py:161} INFO - Started process (PID=5347) to work on /home/airflow/.local/lib/python3.8/site-packages/airflow/example_dags/example_sla_dag.py
[2026-06-18T17:30:38.287+0000] {processor.py:830} INFO - Processing file /home/airflow/.local/lib/python3.8/site-packages/airflow/example_dags/example_sla_dag.py for tasks to queue
[2026-06-18T17:30:38.289+0000] {logging_mixin.py:188} INFO - [2026-06-18T17:30:38.289+0000] {dagbag.py:538} INFO - Filling up the DagBag from /home/airflow/.local/lib/python3.8/site-packages/airflow/example_dags/example_sla_dag.py
[2026-06-18T17:30:38.302+0000] {processor.py:840} INFO - DAG(s) 'example_sla_dag' retrieved from /home/airflow/.local/lib/python3.8/site-packages/airflow/example_dags/example_sla_dag.py
[2026-06-18T17:30:38.339+0000] {logging_mixin.py:188} INFO - [2026-06-18T17:30:38.338+0000] {dag.py:3036} INFO - Sync 1 DAGs
[2026-06-18T17:30:38.381+0000] {logging_mixin.py:188} INFO - [2026-06-18T17:30:38.381+0000] {dag.py:3823} INFO - Setting next_dagrun for example_sla_dag to 2026-06-18 17:28:00+00:00, run_after=2026-06-18 17:30:00+00:00
[2026-06-18T17:30:38.410+0000] {processor.py:183} INFO - Processing /home/airflow/.local/lib/python3.8/site-packages/airflow/example_dags/example_sla_dag.py took 0.130 seconds
[2026-06-18T17:31:08.840+0000] {processor.py:161} INFO - Started process (PID=5420) to work on /home/airflow/.local/lib/python3.8/site-packages/airflow/example_dags/example_sla_dag.py
[2026-06-18T17:31:08.842+0000] {processor.py:830} INFO - Processing file /home/airflow/.local/lib/python3.8/site-packages/airflow/example_dags/example_sla_dag.py for tasks to queue
[2026-06-18T17:31:08.845+0000] {logging_mixin.py:188} INFO - [2026-06-18T17:31:08.844+0000] {dagbag.py:538} INFO - Filling up the DagBag from /home/airflow/.local/lib/python3.8/site-packages/airflow/example_dags/example_sla_dag.py
[2026-06-18T17:31:08.858+0000] {processor.py:840} INFO - DAG(s) 'example_sla_dag' retrieved from /home/airflow/.local/lib/python3.8/site-packages/airflow/example_dags/example_sla_dag.py
[2026-06-18T17:31:08.897+0000] {logging_mixin.py:188} INFO - [2026-06-18T17:31:08.897+0000] {dag.py:3036} INFO - Sync 1 DAGs
[2026-06-18T17:31:08.939+0000] {logging_mixin.py:188} INFO - [2026-06-18T17:31:08.939+0000] {dag.py:3823} INFO - Setting next_dagrun for example_sla_dag to 2026-06-18 17:28:00+00:00, run_after=2026-06-18 17:30:00+00:00
[2026-06-18T17:31:08.973+0000] {processor.py:183} INFO - Processing /home/airflow/.local/lib/python3.8/site-packages/airflow/example_dags/example_sla_dag.py took 0.138 seconds
[2026-06-18T17:31:39.149+0000] {processor.py:161} INFO - Started process (PID=5486) to work on /home/airflow/.local/lib/python3.8/site-packages/airflow/example_dags/example_sla_dag.py
[2026-06-18T17:31:39.150+0000] {processor.py:830} INFO - Processing file /home/airflow/.local/lib/python3.8/site-packages/airflow/example_dags/example_sla_dag.py for tasks to queue
[2026-06-18T17:31:39.153+0000] {logging_mixin.py:188} INFO - [2026-06-18T17:31:39.153+0000] {dagbag.py:538} INFO - Filling up the DagBag from /home/airflow/.local/lib/python3.8/site-packages/airflow/example_dags/example_sla_dag.py
[2026-06-18T17:31:39.167+0000] {processor.py:840} INFO - DAG(s) 'example_sla_dag' retrieved from /home/airflow/.local/lib/python3.8/site-packages/airflow/example_dags/example_sla_dag.py
[2026-06-18T17:31:39.205+0000] {logging_mixin.py:188} INFO - [2026-06-18T17:31:39.205+0000] {dag.py:3036} INFO - Sync 1 DAGs
[2026-06-18T17:31:39.250+0000] {logging_mixin.py:188} INFO - [2026-06-18T17:31:39.250+0000] {dag.py:3823} INFO - Setting next_dagrun for example_sla_dag to 2026-06-18 17:28:00+00:00, run_after=2026-06-18 17:30:00+00:00
[2026-06-18T17:31:39.282+0000] {processor.py:183} INFO - Processing /home/airflow/.local/lib/python3.8/site-packages/airflow/example_dags/example_sla_dag.py took 0.139 seconds
[2026-06-18T17:32:09.624+0000] {processor.py:161} INFO - Started process (PID=5552) to work on /home/airflow/.local/lib/python3.8/site-packages/airflow/example_dags/example_sla_dag.py
[2026-06-18T17:32:09.626+0000] {processor.py:830} INFO - Processing file /home/airflow/.local/lib/python3.8/site-packages/airflow/example_dags/example_sla_dag.py for tasks to queue
[2026-06-18T17:32:09.629+0000] {logging_mixin.py:188} INFO - [2026-06-18T17:32:09.629+0000] {dagbag.py:538} INFO - Filling up the DagBag from /home/airflow/.local/lib/python3.8/site-packages/airflow/example_dags/example_sla_dag.py
[2026-06-18T17:32:09.644+0000] {processor.py:840} INFO - DAG(s) 'example_sla_dag' retrieved from /home/airflow/.local/lib/python3.8/site-packages/airflow/example_dags/example_sla_dag.py
[2026-06-18T17:32:09.681+0000] {logging_mixin.py:188} INFO - [2026-06-18T17:32:09.680+0000] {dag.py:3036} INFO - Sync 1 DAGs
[2026-06-18T17:32:09.731+0000] {logging_mixin.py:188} INFO - [2026-06-18T17:32:09.731+0000] {dag.py:3823} INFO - Setting next_dagrun for example_sla_dag to 2026-06-18 17:30:00+00:00, run_after=2026-06-18 17:32:00+00:00
[2026-06-18T17:32:09.771+0000] {processor.py:183} INFO - Processing /home/airflow/.local/lib/python3.8/site-packages/airflow/example_dags/example_sla_dag.py took 0.154 seconds
[2026-06-18T17:32:40.218+0000] {processor.py:161} INFO - Started process (PID=5618) to work on /home/airflow/.local/lib/python3.8/site-packages/airflow/example_dags/example_sla_dag.py
[2026-06-18T17:32:40.219+0000] {processor.py:830} INFO - Processing file /home/airflow/.local/lib/python3.8/site-packages/airflow/example_dags/example_sla_dag.py for tasks to queue
[2026-06-18T17:32:40.222+0000] {logging_mixin.py:188} INFO - [2026-06-18T17:32:40.222+0000] {dagbag.py:538} INFO - Filling up the DagBag from /home/airflow/.local/lib/python3.8/site-packages/airflow/example_dags/example_sla_dag.py
[2026-06-18T17:32:40.238+0000] {processor.py:840} INFO - DAG(s) 'example_sla_dag' retrieved from /home/airflow/.local/lib/python3.8/site-packages/airflow/example_dags/example_sla_dag.py
[2026-06-18T17:32:40.279+0000] {logging_mixin.py:188} INFO - [2026-06-18T17:32:40.279+0000] {dag.py:3036} INFO - Sync 1 DAGs
[2026-06-18T17:32:40.343+0000] {logging_mixin.py:188} INFO - [2026-06-18T17:32:40.342+0000] {dag.py:3823} INFO - Setting next_dagrun for example_sla_dag to 2026-06-18 17:30:00+00:00, run_after=2026-06-18 17:32:00+00:00
[2026-06-18T17:32:40.383+0000] {processor.py:183} INFO - Processing /home/airflow/.local/lib/python3.8/site-packages/airflow/example_dags/example_sla_dag.py took 0.171 seconds
[2026-06-18T17:33:10.761+0000] {processor.py:161} INFO - Started process (PID=5684) to work on /home/airflow/.local/lib/python3.8/site-packages/airflow/example_dags/example_sla_dag.py
[2026-06-18T17:33:10.763+0000] {processor.py:830} INFO - Processing file /home/airflow/.local/lib/python3.8/site-packages/airflow/example_dags/example_sla_dag.py for tasks to queue
[2026-06-18T17:33:10.765+0000] {logging_mixin.py:188} INFO - [2026-06-18T17:33:10.765+0000] {dagbag.py:538} INFO - Filling up the DagBag from /home/airflow/.local/lib/python3.8/site-packages/airflow/example_dags/example_sla_dag.py
[2026-06-18T17:33:10.781+0000] {processor.py:840} INFO - DAG(s) 'example_sla_dag' retrieved from /home/airflow/.local/lib/python3.8/site-packages/airflow/example_dags/example_sla_dag.py
[2026-06-18T17:33:10.817+0000] {logging_mixin.py:188} INFO - [2026-06-18T17:33:10.816+0000] {dag.py:3036} INFO - Sync 1 DAGs
[2026-06-18T17:33:10.859+0000] {logging_mixin.py:188} INFO - [2026-06-18T17:33:10.859+0000] {dag.py:3823} INFO - Setting next_dagrun for example_sla_dag to 2026-06-18 17:30:00+00:00, run_after=2026-06-18 17:32:00+00:00
[2026-06-18T17:33:10.890+0000] {processor.py:183} INFO - Processing /home/airflow/.local/lib/python3.8/site-packages/airflow/example_dags/example_sla_dag.py took 0.137 seconds
[2026-06-18T17:33:41.266+0000] {processor.py:161} INFO - Started process (PID=5749) to work on /home/airflow/.local/lib/python3.8/site-packages/airflow/example_dags/example_sla_dag.py
[2026-06-18T17:33:41.273+0000] {processor.py:830} INFO - Processing file /home/airflow/.local/lib/python3.8/site-packages/airflow/example_dags/example_sla_dag.py for tasks to queue
[2026-06-18T17:33:41.277+0000] {logging_mixin.py:188} INFO - [2026-06-18T17:33:41.276+0000] {dagbag.py:538} INFO - Filling up the DagBag from /home/airflow/.local/lib/python3.8/site-packages/airflow/example_dags/example_sla_dag.py
[2026-06-18T17:33:41.293+0000] {processor.py:840} INFO - DAG(s) 'example_sla_dag' retrieved from /home/airflow/.local/lib/python3.8/site-packages/airflow/example_dags/example_sla_dag.py
[2026-06-18T17:33:41.328+0000] {logging_mixin.py:188} INFO - [2026-06-18T17:33:41.327+0000] {dag.py:3036} INFO - Sync 1 DAGs
[2026-06-18T17:33:41.369+0000] {logging_mixin.py:188} INFO - [2026-06-18T17:33:41.369+0000] {dag.py:3823} INFO - Setting next_dagrun for example_sla_dag to 2026-06-18 17:30:00+00:00, run_after=2026-06-18 17:32:00+00:00
[2026-06-18T17:33:41.399+0000] {processor.py:183} INFO - Processing /home/airflow/.local/lib/python3.8/site-packages/airflow/example_dags/example_sla_dag.py took 0.139 seconds
[2026-06-18T17:34:11.677+0000] {processor.py:161} INFO - Started process (PID=5816) to work on /home/airflow/.local/lib/python3.8/site-packages/airflow/example_dags/example_sla_dag.py
[2026-06-18T17:34:11.678+0000] {processor.py:830} INFO - Processing file /home/airflow/.local/lib/python3.8/site-packages/airflow/example_dags/example_sla_dag.py for tasks to queue
[2026-06-18T17:34:11.681+0000] {logging_mixin.py:188} INFO - [2026-06-18T17:34:11.680+0000] {dagbag.py:538} INFO - Filling up the DagBag from /home/airflow/.local/lib/python3.8/site-packages/airflow/example_dags/example_sla_dag.py
[2026-06-18T17:34:11.695+0000] {processor.py:840} INFO - DAG(s) 'example_sla_dag' retrieved from /home/airflow/.local/lib/python3.8/site-packages/airflow/example_dags/example_sla_dag.py
[2026-06-18T17:34:11.731+0000] {logging_mixin.py:188} INFO - [2026-06-18T17:34:11.731+0000] {dag.py:3036} INFO - Sync 1 DAGs
[2026-06-18T17:34:11.771+0000] {logging_mixin.py:188} INFO - [2026-06-18T17:34:11.771+0000] {dag.py:3823} INFO - Setting next_dagrun for example_sla_dag to 2026-06-18 17:32:00+00:00, run_after=2026-06-18 17:34:00+00:00
[2026-06-18T17:34:11.801+0000] {processor.py:183} INFO - Processing /home/airflow/.local/lib/python3.8/site-packages/airflow/example_dags/example_sla_dag.py took 0.128 seconds
[2026-06-18T17:34:42.261+0000] {processor.py:161} INFO - Started process (PID=5881) to work on /home/airflow/.local/lib/python3.8/site-packages/airflow/example_dags/example_sla_dag.py
[2026-06-18T17:34:42.264+0000] {processor.py:830} INFO - Processing file /home/airflow/.local/lib/python3.8/site-packages/airflow/example_dags/example_sla_dag.py for tasks to queue
[2026-06-18T17:34:42.266+0000] {logging_mixin.py:188} INFO - [2026-06-18T17:34:42.266+0000] {dagbag.py:538} INFO - Filling up the DagBag from /home/airflow/.local/lib/python3.8/site-packages/airflow/example_dags/example_sla_dag.py
[2026-06-18T17:34:42.281+0000] {processor.py:840} INFO - DAG(s) 'example_sla_dag' retrieved from /home/airflow/.local/lib/python3.8/site-packages/airflow/example_dags/example_sla_dag.py
[2026-06-18T17:34:42.320+0000] {logging_mixin.py:188} INFO - [2026-06-18T17:34:42.319+0000] {dag.py:3036} INFO - Sync 1 DAGs
[2026-06-18T17:34:42.365+0000] {logging_mixin.py:188} INFO - [2026-06-18T17:34:42.365+0000] {dag.py:3823} INFO - Setting next_dagrun for example_sla_dag to 2026-06-18 17:32:00+00:00, run_after=2026-06-18 17:34:00+00:00
[2026-06-18T17:34:42.397+0000] {processor.py:183} INFO - Processing /home/airflow/.local/lib/python3.8/site-packages/airflow/example_dags/example_sla_dag.py took 0.142 seconds
[2026-06-18T17:35:12.743+0000] {processor.py:161} INFO - Started process (PID=5947) to work on /home/airflow/.local/lib/python3.8/site-packages/airflow/example_dags/example_sla_dag.py
[2026-06-18T17:35:12.744+0000] {processor.py:830} INFO - Processing file /home/airflow/.local/lib/python3.8/site-packages/airflow/example_dags/example_sla_dag.py for tasks to queue
[2026-06-18T17:35:12.747+0000] {logging_mixin.py:188} INFO - [2026-06-18T17:35:12.746+0000] {dagbag.py:538} INFO - Filling up the DagBag from /home/airflow/.local/lib/python3.8/site-packages/airflow/example_dags/example_sla_dag.py
[2026-06-18T17:35:12.760+0000] {processor.py:840} INFO - DAG(s) 'example_sla_dag' retrieved from /home/airflow/.local/lib/python3.8/site-packages/airflow/example_dags/example_sla_dag.py
[2026-06-18T17:35:12.792+0000] {logging_mixin.py:188} INFO - [2026-06-18T17:35:12.792+0000] {dag.py:3036} INFO - Sync 1 DAGs
[2026-06-18T17:35:12.832+0000] {logging_mixin.py:188} INFO - [2026-06-18T17:35:12.832+0000] {dag.py:3823} INFO - Setting next_dagrun for example_sla_dag to 2026-06-18 17:32:00+00:00, run_after=2026-06-18 17:34:00+00:00
[2026-06-18T17:35:12.862+0000] {processor.py:183} INFO - Processing /home/airflow/.local/lib/python3.8/site-packages/airflow/example_dags/example_sla_dag.py took 0.123 seconds
[2026-06-18T17:35:43.146+0000] {processor.py:161} INFO - Started process (PID=6012) to work on /home/airflow/.local/lib/python3.8/site-packages/airflow/example_dags/example_sla_dag.py
[2026-06-18T17:35:43.148+0000] {processor.py:830} INFO - Processing file /home/airflow/.local/lib/python3.8/site-packages/airflow/example_dags/example_sla_dag.py for tasks to queue
[2026-06-18T17:35:43.151+0000] {logging_mixin.py:188} INFO - [2026-06-18T17:35:43.150+0000] {dagbag.py:538} INFO - Filling up the DagBag from /home/airflow/.local/lib/python3.8/site-packages/airflow/example_dags/example_sla_dag.py
[2026-06-18T17:35:43.164+0000] {processor.py:840} INFO - DAG(s) 'example_sla_dag' retrieved from /home/airflow/.local/lib/python3.8/site-packages/airflow/example_dags/example_sla_dag.py
[2026-06-18T17:35:43.198+0000] {logging_mixin.py:188} INFO - [2026-06-18T17:35:43.198+0000] {dag.py:3036} INFO - Sync 1 DAGs
[2026-06-18T17:35:43.239+0000] {logging_mixin.py:188} INFO - [2026-06-18T17:35:43.239+0000] {dag.py:3823} INFO - Setting next_dagrun for example_sla_dag to 2026-06-18 17:32:00+00:00, run_after=2026-06-18 17:34:00+00:00
[2026-06-18T17:35:43.267+0000] {processor.py:183} INFO - Processing /home/airflow/.local/lib/python3.8/site-packages/airflow/example_dags/example_sla_dag.py took 0.126 seconds
[2026-06-18T17:36:13.401+0000] {processor.py:161} INFO - Started process (PID=6078) to work on /home/airflow/.local/lib/python3.8/site-packages/airflow/example_dags/example_sla_dag.py
[2026-06-18T17:36:13.403+0000] {processor.py:830} INFO - Processing file /home/airflow/.local/lib/python3.8/site-packages/airflow/example_dags/example_sla_dag.py for tasks to queue
[2026-06-18T17:36:13.407+0000] {logging_mixin.py:188} INFO - [2026-06-18T17:36:13.406+0000] {dagbag.py:538} INFO - Filling up the DagBag from /home/airflow/.local/lib/python3.8/site-packages/airflow/example_dags/example_sla_dag.py
[2026-06-18T17:36:13.424+0000] {processor.py:840} INFO - DAG(s) 'example_sla_dag' retrieved from /home/airflow/.local/lib/python3.8/site-packages/airflow/example_dags/example_sla_dag.py
[2026-06-18T17:36:13.459+0000] {logging_mixin.py:188} INFO - [2026-06-18T17:36:13.458+0000] {dag.py:3036} INFO - Sync 1 DAGs
[2026-06-18T17:36:13.500+0000] {logging_mixin.py:188} INFO - [2026-06-18T17:36:13.499+0000] {dag.py:3823} INFO - Setting next_dagrun for example_sla_dag to 2026-06-18 17:34:00+00:00, run_after=2026-06-18 17:36:00+00:00
[2026-06-18T17:36:13.531+0000] {processor.py:183} INFO - Processing /home/airflow/.local/lib/python3.8/site-packages/airflow/example_dags/example_sla_dag.py took 0.135 seconds
[2026-06-18T17:36:43.741+0000] {processor.py:161} INFO - Started process (PID=6144) to work on /home/airflow/.local/lib/python3.8/site-packages/airflow/example_dags/example_sla_dag.py
[2026-06-18T17:36:43.743+0000] {processor.py:830} INFO - Processing file /home/airflow/.local/lib/python3.8/site-packages/airflow/example_dags/example_sla_dag.py for tasks to queue
[2026-06-18T17:36:43.746+0000] {logging_mixin.py:188} INFO - [2026-06-18T17:36:43.745+0000] {dagbag.py:538} INFO - Filling up the DagBag from /home/airflow/.local/lib/python3.8/site-packages/airflow/example_dags/example_sla_dag.py
[2026-06-18T17:36:43.761+0000] {processor.py:840} INFO - DAG(s) 'example_sla_dag' retrieved from /home/airflow/.local/lib/python3.8/site-packages/airflow/example_dags/example_sla_dag.py
[2026-06-18T17:36:43.797+0000] {logging_mixin.py:188} INFO - [2026-06-18T17:36:43.797+0000] {dag.py:3036} INFO - Sync 1 DAGs
[2026-06-18T17:36:43.840+0000] {logging_mixin.py:188} INFO - [2026-06-18T17:36:43.840+0000] {dag.py:3823} INFO - Setting next_dagrun for example_sla_dag to 2026-06-18 17:34:00+00:00, run_after=2026-06-18 17:36:00+00:00
[2026-06-18T17:36:43.871+0000] {processor.py:183} INFO - Processing /home/airflow/.local/lib/python3.8/site-packages/airflow/example_dags/example_sla_dag.py took 0.136 seconds
[2026-06-18T17:37:14.022+0000] {processor.py:161} INFO - Started process (PID=6210) to work on /home/airflow/.local/lib/python3.8/site-packages/airflow/example_dags/example_sla_dag.py
[2026-06-18T17:37:14.024+0000] {processor.py:830} INFO - Processing file /home/airflow/.local/lib/python3.8/site-packages/airflow/example_dags/example_sla_dag.py for tasks to queue
[2026-06-18T17:37:14.026+0000] {logging_mixin.py:188} INFO - [2026-06-18T17:37:14.026+0000] {dagbag.py:538} INFO - Filling up the DagBag from /home/airflow/.local/lib/python3.8/site-packages/airflow/example_dags/example_sla_dag.py
[2026-06-18T17:37:14.041+0000] {processor.py:840} INFO - DAG(s) 'example_sla_dag' retrieved from /home/airflow/.local/lib/python3.8/site-packages/airflow/example_dags/example_sla_dag.py
[2026-06-18T17:37:14.076+0000] {logging_mixin.py:188} INFO - [2026-06-18T17:37:14.076+0000] {dag.py:3036} INFO - Sync 1 DAGs
[2026-06-18T17:37:14.119+0000] {logging_mixin.py:188} INFO - [2026-06-18T17:37:14.119+0000] {dag.py:3823} INFO - Setting next_dagrun for example_sla_dag to 2026-06-18 17:34:00+00:00, run_after=2026-06-18 17:36:00+00:00
[2026-06-18T17:37:14.151+0000] {processor.py:183} INFO - Processing /home/airflow/.local/lib/python3.8/site-packages/airflow/example_dags/example_sla_dag.py took 0.133 seconds
[2026-06-18T17:37:44.643+0000] {processor.py:161} INFO - Started process (PID=6275) to work on /home/airflow/.local/lib/python3.8/site-packages/airflow/example_dags/example_sla_dag.py
[2026-06-18T17:37:44.645+0000] {processor.py:830} INFO - Processing file /home/airflow/.local/lib/python3.8/site-packages/airflow/example_dags/example_sla_dag.py for tasks to queue
[2026-06-18T17:37:44.648+0000] {logging_mixin.py:188} INFO - [2026-06-18T17:37:44.647+0000] {dagbag.py:538} INFO - Filling up the DagBag from /home/airflow/.local/lib/python3.8/site-packages/airflow/example_dags/example_sla_dag.py
[2026-06-18T17:37:44.663+0000] {processor.py:840} INFO - DAG(s) 'example_sla_dag' retrieved from /home/airflow/.local/lib/python3.8/site-packages/airflow/example_dags/example_sla_dag.py
[2026-06-18T17:37:44.696+0000] {logging_mixin.py:188} INFO - [2026-06-18T17:37:44.696+0000] {dag.py:3036} INFO - Sync 1 DAGs
[2026-06-18T17:37:44.741+0000] {logging_mixin.py:188} INFO - [2026-06-18T17:37:44.741+0000] {dag.py:3823} INFO - Setting next_dagrun for example_sla_dag to 2026-06-18 17:34:00+00:00, run_after=2026-06-18 17:36:00+00:00
[2026-06-18T17:37:44.769+0000] {processor.py:183} INFO - Processing /home/airflow/.local/lib/python3.8/site-packages/airflow/example_dags/example_sla_dag.py took 0.132 seconds
[2026-06-18T17:38:15.677+0000] {processor.py:161} INFO - Started process (PID=6347) to work on /home/airflow/.local/lib/python3.8/site-packages/airflow/example_dags/example_sla_dag.py
[2026-06-18T17:38:15.679+0000] {processor.py:830} INFO - Processing file /home/airflow/.local/lib/python3.8/site-packages/airflow/example_dags/example_sla_dag.py for tasks to queue
[2026-06-18T17:38:15.682+0000] {logging_mixin.py:188} INFO - [2026-06-18T17:38:15.682+0000] {dagbag.py:538} INFO - Filling up the DagBag from /home/airflow/.local/lib/python3.8/site-packages/airflow/example_dags/example_sla_dag.py
[2026-06-18T17:38:15.699+0000] {processor.py:840} INFO - DAG(s) 'example_sla_dag' retrieved from /home/airflow/.local/lib/python3.8/site-packages/airflow/example_dags/example_sla_dag.py
[2026-06-18T17:38:15.737+0000] {logging_mixin.py:188} INFO - [2026-06-18T17:38:15.737+0000] {dag.py:3036} INFO - Sync 1 DAGs
[2026-06-18T17:38:15.778+0000] {logging_mixin.py:188} INFO - [2026-06-18T17:38:15.777+0000] {dag.py:3823} INFO - Setting next_dagrun for example_sla_dag to 2026-06-18 17:36:00+00:00, run_after=2026-06-18 17:38:00+00:00
[2026-06-18T17:38:15.807+0000] {processor.py:183} INFO - Processing /home/airflow/.local/lib/python3.8/site-packages/airflow/example_dags/example_sla_dag.py took 0.135 seconds
[2026-06-18T17:38:45.997+0000] {processor.py:161} INFO - Started process (PID=6414) to work on /home/airflow/.local/lib/python3.8/site-packages/airflow/example_dags/example_sla_dag.py
[2026-06-18T17:38:45.999+0000] {processor.py:830} INFO - Processing file /home/airflow/.local/lib/python3.8/site-packages/airflow/example_dags/example_sla_dag.py for tasks to queue
[2026-06-18T17:38:46.001+0000] {logging_mixin.py:188} INFO - [2026-06-18T17:38:46.001+0000] {dagbag.py:538} INFO - Filling up the DagBag from /home/airflow/.local/lib/python3.8/site-packages/airflow/example_dags/example_sla_dag.py
[2026-06-18T17:38:46.014+0000] {processor.py:840} INFO - DAG(s) 'example_sla_dag' retrieved from /home/airflow/.local/lib/python3.8/site-packages/airflow/example_dags/example_sla_dag.py
[2026-06-18T17:38:46.048+0000] {logging_mixin.py:188} INFO - [2026-06-18T17:38:46.048+0000] {dag.py:3036} INFO - Sync 1 DAGs
[2026-06-18T17:38:46.089+0000] {logging_mixin.py:188} INFO - [2026-06-18T17:38:46.089+0000] {dag.py:3823} INFO - Setting next_dagrun for example_sla_dag to 2026-06-18 17:36:00+00:00, run_after=2026-06-18 17:38:00+00:00
[2026-06-18T17:38:46.118+0000] {processor.py:183} INFO - Processing /home/airflow/.local/lib/python3.8/site-packages/airflow/example_dags/example_sla_dag.py took 0.127 seconds
[2026-06-18T17:39:16.559+0000] {processor.py:161} INFO - Started process (PID=6480) to work on /home/airflow/.local/lib/python3.8/site-packages/airflow/example_dags/example_sla_dag.py
[2026-06-18T17:39:16.561+0000] {processor.py:830} INFO - Processing file /home/airflow/.local/lib/python3.8/site-packages/airflow/example_dags/example_sla_dag.py for tasks to queue
[2026-06-18T17:39:16.564+0000] {logging_mixin.py:188} INFO - [2026-06-18T17:39:16.563+0000] {dagbag.py:538} INFO - Filling up the DagBag from /home/airflow/.local/lib/python3.8/site-packages/airflow/example_dags/example_sla_dag.py
[2026-06-18T17:39:16.579+0000] {processor.py:840} INFO - DAG(s) 'example_sla_dag' retrieved from /home/airflow/.local/lib/python3.8/site-packages/airflow/example_dags/example_sla_dag.py
[2026-06-18T17:39:16.620+0000] {logging_mixin.py:188} INFO - [2026-06-18T17:39:16.619+0000] {dag.py:3036} INFO - Sync 1 DAGs
[2026-06-18T17:39:16.686+0000] {logging_mixin.py:188} INFO - [2026-06-18T17:39:16.685+0000] {dag.py:3823} INFO - Setting next_dagrun for example_sla_dag to 2026-06-18 17:36:00+00:00, run_after=2026-06-18 17:38:00+00:00
[2026-06-18T17:39:16.729+0000] {processor.py:183} INFO - Processing /home/airflow/.local/lib/python3.8/site-packages/airflow/example_dags/example_sla_dag.py took 0.176 seconds
[2026-06-18T17:39:47.315+0000] {processor.py:161} INFO - Started process (PID=6546) to work on /home/airflow/.local/lib/python3.8/site-packages/airflow/example_dags/example_sla_dag.py
[2026-06-18T17:39:47.316+0000] {processor.py:830} INFO - Processing file /home/airflow/.local/lib/python3.8/site-packages/airflow/example_dags/example_sla_dag.py for tasks to queue
[2026-06-18T17:39:47.319+0000] {logging_mixin.py:188} INFO - [2026-06-18T17:39:47.319+0000] {dagbag.py:538} INFO - Filling up the DagBag from /home/airflow/.local/lib/python3.8/site-packages/airflow/example_dags/example_sla_dag.py
[2026-06-18T17:39:47.336+0000] {processor.py:840} INFO - DAG(s) 'example_sla_dag' retrieved from /home/airflow/.local/lib/python3.8/site-packages/airflow/example_dags/example_sla_dag.py
[2026-06-18T17:39:47.377+0000] {logging_mixin.py:188} INFO - [2026-06-18T17:39:47.377+0000] {dag.py:3036} INFO - Sync 1 DAGs
[2026-06-18T17:39:47.424+0000] {logging_mixin.py:188} INFO - [2026-06-18T17:39:47.423+0000] {dag.py:3823} INFO - Setting next_dagrun for example_sla_dag to 2026-06-18 17:36:00+00:00, run_after=2026-06-18 17:38:00+00:00
[2026-06-18T17:39:47.457+0000] {processor.py:183} INFO - Processing /home/airflow/.local/lib/python3.8/site-packages/airflow/example_dags/example_sla_dag.py took 0.149 seconds
[2026-06-18T17:40:18.321+0000] {processor.py:161} INFO - Started process (PID=6612) to work on /home/airflow/.local/lib/python3.8/site-packages/airflow/example_dags/example_sla_dag.py
[2026-06-18T17:40:18.324+0000] {processor.py:830} INFO - Processing file /home/airflow/.local/lib/python3.8/site-packages/airflow/example_dags/example_sla_dag.py for tasks to queue
[2026-06-18T17:40:18.326+0000] {logging_mixin.py:188} INFO - [2026-06-18T17:40:18.326+0000] {dagbag.py:538} INFO - Filling up the DagBag from /home/airflow/.local/lib/python3.8/site-packages/airflow/example_dags/example_sla_dag.py
[2026-06-18T17:40:18.342+0000] {processor.py:840} INFO - DAG(s) 'example_sla_dag' retrieved from /home/airflow/.local/lib/python3.8/site-packages/airflow/example_dags/example_sla_dag.py
[2026-06-18T17:40:18.378+0000] {logging_mixin.py:188} INFO - [2026-06-18T17:40:18.378+0000] {dag.py:3036} INFO - Sync 1 DAGs
[2026-06-18T17:40:18.423+0000] {logging_mixin.py:188} INFO - [2026-06-18T17:40:18.423+0000] {dag.py:3823} INFO - Setting next_dagrun for example_sla_dag to 2026-06-18 17:38:00+00:00, run_after=2026-06-18 17:40:00+00:00
[2026-06-18T17:40:18.453+0000] {processor.py:183} INFO - Processing /home/airflow/.local/lib/python3.8/site-packages/airflow/example_dags/example_sla_dag.py took 0.137 seconds
[2026-06-18T17:40:48.976+0000] {processor.py:161} INFO - Started process (PID=6678) to work on /home/airflow/.local/lib/python3.8/site-packages/airflow/example_dags/example_sla_dag.py
[2026-06-18T17:40:48.978+0000] {processor.py:830} INFO - Processing file /home/airflow/.local/lib/python3.8/site-packages/airflow/example_dags/example_sla_dag.py for tasks to queue
[2026-06-18T17:40:48.981+0000] {logging_mixin.py:188} INFO - [2026-06-18T17:40:48.981+0000] {dagbag.py:538} INFO - Filling up the DagBag from /home/airflow/.local/lib/python3.8/site-packages/airflow/example_dags/example_sla_dag.py
[2026-06-18T17:40:48.996+0000] {processor.py:840} INFO - DAG(s) 'example_sla_dag' retrieved from /home/airflow/.local/lib/python3.8/site-packages/airflow/example_dags/example_sla_dag.py
[2026-06-18T17:40:49.036+0000] {logging_mixin.py:188} INFO - [2026-06-18T17:40:49.035+0000] {dag.py:3036} INFO - Sync 1 DAGs
[2026-06-18T17:40:49.093+0000] {logging_mixin.py:188} INFO - [2026-06-18T17:40:49.093+0000] {dag.py:3823} INFO - Setting next_dagrun for example_sla_dag to 2026-06-18 17:38:00+00:00, run_after=2026-06-18 17:40:00+00:00
[2026-06-18T17:40:49.136+0000] {processor.py:183} INFO - Processing /home/airflow/.local/lib/python3.8/site-packages/airflow/example_dags/example_sla_dag.py took 0.166 seconds
[2026-06-18T17:41:19.323+0000] {processor.py:161} INFO - Started process (PID=6743) to work on /home/airflow/.local/lib/python3.8/site-packages/airflow/example_dags/example_sla_dag.py
[2026-06-18T17:41:19.325+0000] {processor.py:830} INFO - Processing file /home/airflow/.local/lib/python3.8/site-packages/airflow/example_dags/example_sla_dag.py for tasks to queue
[2026-06-18T17:41:19.328+0000] {logging_mixin.py:188} INFO - [2026-06-18T17:41:19.328+0000] {dagbag.py:538} INFO - Filling up the DagBag from /home/airflow/.local/lib/python3.8/site-packages/airflow/example_dags/example_sla_dag.py
[2026-06-18T17:41:19.344+0000] {processor.py:840} INFO - DAG(s) 'example_sla_dag' retrieved from /home/airflow/.local/lib/python3.8/site-packages/airflow/example_dags/example_sla_dag.py
[2026-06-18T17:41:19.411+0000] {logging_mixin.py:188} INFO - [2026-06-18T17:41:19.410+0000] {dag.py:3036} INFO - Sync 1 DAGs
[2026-06-18T17:41:19.474+0000] {logging_mixin.py:188} INFO - [2026-06-18T17:41:19.474+0000] {dag.py:3823} INFO - Setting next_dagrun for example_sla_dag to 2026-06-18 17:38:00+00:00, run_after=2026-06-18 17:40:00+00:00
[2026-06-18T17:41:19.511+0000] {processor.py:183} INFO - Processing /home/airflow/.local/lib/python3.8/site-packages/airflow/example_dags/example_sla_dag.py took 0.194 seconds
[2026-06-18T17:41:50.389+0000] {processor.py:161} INFO - Started process (PID=6808) to work on /home/airflow/.local/lib/python3.8/site-packages/airflow/example_dags/example_sla_dag.py
[2026-06-18T17:41:50.390+0000] {processor.py:830} INFO - Processing file /home/airflow/.local/lib/python3.8/site-packages/airflow/example_dags/example_sla_dag.py for tasks to queue
[2026-06-18T17:41:50.393+0000] {logging_mixin.py:188} INFO - [2026-06-18T17:41:50.392+0000] {dagbag.py:538} INFO - Filling up the DagBag from /home/airflow/.local/lib/python3.8/site-packages/airflow/example_dags/example_sla_dag.py
[2026-06-18T17:41:50.406+0000] {processor.py:840} INFO - DAG(s) 'example_sla_dag' retrieved from /home/airflow/.local/lib/python3.8/site-packages/airflow/example_dags/example_sla_dag.py
[2026-06-18T17:41:50.444+0000] {logging_mixin.py:188} INFO - [2026-06-18T17:41:50.443+0000] {dag.py:3036} INFO - Sync 1 DAGs
[2026-06-18T17:41:50.492+0000] {logging_mixin.py:188} INFO - [2026-06-18T17:41:50.491+0000] {dag.py:3823} INFO - Setting next_dagrun for example_sla_dag to 2026-06-18 17:38:00+00:00, run_after=2026-06-18 17:40:00+00:00
[2026-06-18T17:41:50.524+0000] {processor.py:183} INFO - Processing /home/airflow/.local/lib/python3.8/site-packages/airflow/example_dags/example_sla_dag.py took 0.140 seconds
[2026-06-18T17:42:20.927+0000] {processor.py:161} INFO - Started process (PID=6874) to work on /home/airflow/.local/lib/python3.8/site-packages/airflow/example_dags/example_sla_dag.py
[2026-06-18T17:42:20.929+0000] {processor.py:830} INFO - Processing file /home/airflow/.local/lib/python3.8/site-packages/airflow/example_dags/example_sla_dag.py for tasks to queue
[2026-06-18T17:42:20.933+0000] {logging_mixin.py:188} INFO - [2026-06-18T17:42:20.932+0000] {dagbag.py:538} INFO - Filling up the DagBag from /home/airflow/.local/lib/python3.8/site-packages/airflow/example_dags/example_sla_dag.py
[2026-06-18T17:42:20.947+0000] {processor.py:840} INFO - DAG(s) 'example_sla_dag' retrieved from /home/airflow/.local/lib/python3.8/site-packages/airflow/example_dags/example_sla_dag.py
[2026-06-18T17:42:20.984+0000] {logging_mixin.py:188} INFO - [2026-06-18T17:42:20.983+0000] {dag.py:3036} INFO - Sync 1 DAGs
[2026-06-18T17:42:21.027+0000] {logging_mixin.py:188} INFO - [2026-06-18T17:42:21.027+0000] {dag.py:3823} INFO - Setting next_dagrun for example_sla_dag to 2026-06-18 17:40:00+00:00, run_after=2026-06-18 17:42:00+00:00
[2026-06-18T17:42:21.056+0000] {processor.py:183} INFO - Processing /home/airflow/.local/lib/python3.8/site-packages/airflow/example_dags/example_sla_dag.py took 0.135 seconds
[2026-06-18T17:42:51.419+0000] {processor.py:161} INFO - Started process (PID=6940) to work on /home/airflow/.local/lib/python3.8/site-packages/airflow/example_dags/example_sla_dag.py
[2026-06-18T17:42:51.420+0000] {processor.py:830} INFO - Processing file /home/airflow/.local/lib/python3.8/site-packages/airflow/example_dags/example_sla_dag.py for tasks to queue
[2026-06-18T17:42:51.423+0000] {logging_mixin.py:188} INFO - [2026-06-18T17:42:51.422+0000] {dagbag.py:538} INFO - Filling up the DagBag from /home/airflow/.local/lib/python3.8/site-packages/airflow/example_dags/example_sla_dag.py
[2026-06-18T17:42:51.436+0000] {processor.py:840} INFO - DAG(s) 'example_sla_dag' retrieved from /home/airflow/.local/lib/python3.8/site-packages/airflow/example_dags/example_sla_dag.py
[2026-06-18T17:42:51.470+0000] {logging_mixin.py:188} INFO - [2026-06-18T17:42:51.470+0000] {dag.py:3036} INFO - Sync 1 DAGs
[2026-06-18T17:42:51.513+0000] {logging_mixin.py:188} INFO - [2026-06-18T17:42:51.512+0000] {dag.py:3823} INFO - Setting next_dagrun for example_sla_dag to 2026-06-18 17:40:00+00:00, run_after=2026-06-18 17:42:00+00:00
[2026-06-18T17:42:51.542+0000] {processor.py:183} INFO - Processing /home/airflow/.local/lib/python3.8/site-packages/airflow/example_dags/example_sla_dag.py took 0.129 seconds
[2026-06-18T17:43:21.802+0000] {processor.py:161} INFO - Started process (PID=7007) to work on /home/airflow/.local/lib/python3.8/site-packages/airflow/example_dags/example_sla_dag.py
[2026-06-18T17:43:21.805+0000] {processor.py:830} INFO - Processing file /home/airflow/.local/lib/python3.8/site-packages/airflow/example_dags/example_sla_dag.py for tasks to queue
[2026-06-18T17:43:21.808+0000] {logging_mixin.py:188} INFO - [2026-06-18T17:43:21.807+0000] {dagbag.py:538} INFO - Filling up the DagBag from /home/airflow/.local/lib/python3.8/site-packages/airflow/example_dags/example_sla_dag.py
[2026-06-18T17:43:21.822+0000] {processor.py:840} INFO - DAG(s) 'example_sla_dag' retrieved from /home/airflow/.local/lib/python3.8/site-packages/airflow/example_dags/example_sla_dag.py
[2026-06-18T17:43:21.856+0000] {logging_mixin.py:188} INFO - [2026-06-18T17:43:21.855+0000] {dag.py:3036} INFO - Sync 1 DAGs
[2026-06-18T17:43:21.897+0000] {logging_mixin.py:188} INFO - [2026-06-18T17:43:21.897+0000] {dag.py:3823} INFO - Setting next_dagrun for example_sla_dag to 2026-06-18 17:40:00+00:00, run_after=2026-06-18 17:42:00+00:00
[2026-06-18T17:43:21.932+0000] {processor.py:183} INFO - Processing /home/airflow/.local/lib/python3.8/site-packages/airflow/example_dags/example_sla_dag.py took 0.134 seconds
[2026-06-18T17:43:51.979+0000] {processor.py:161} INFO - Started process (PID=7072) to work on /home/airflow/.local/lib/python3.8/site-packages/airflow/example_dags/example_sla_dag.py
[2026-06-18T17:43:51.980+0000] {processor.py:830} INFO - Processing file /home/airflow/.local/lib/python3.8/site-packages/airflow/example_dags/example_sla_dag.py for tasks to queue
[2026-06-18T17:43:51.983+0000] {logging_mixin.py:188} INFO - [2026-06-18T17:43:51.982+0000] {dagbag.py:538} INFO - Filling up the DagBag from /home/airflow/.local/lib/python3.8/site-packages/airflow/example_dags/example_sla_dag.py
[2026-06-18T17:43:51.996+0000] {processor.py:840} INFO - DAG(s) 'example_sla_dag' retrieved from /home/airflow/.local/lib/python3.8/site-packages/airflow/example_dags/example_sla_dag.py
[2026-06-18T17:43:52.034+0000] {logging_mixin.py:188} INFO - [2026-06-18T17:43:52.033+0000] {dag.py:3036} INFO - Sync 1 DAGs
[2026-06-18T17:43:52.075+0000] {logging_mixin.py:188} INFO - [2026-06-18T17:43:52.075+0000] {dag.py:3823} INFO - Setting next_dagrun for example_sla_dag to 2026-06-18 17:40:00+00:00, run_after=2026-06-18 17:42:00+00:00
[2026-06-18T17:43:52.105+0000] {processor.py:183} INFO - Processing /home/airflow/.local/lib/python3.8/site-packages/airflow/example_dags/example_sla_dag.py took 0.131 seconds
[2026-06-18T17:44:22.731+0000] {processor.py:161} INFO - Started process (PID=7138) to work on /home/airflow/.local/lib/python3.8/site-packages/airflow/example_dags/example_sla_dag.py
[2026-06-18T17:44:22.733+0000] {processor.py:830} INFO - Processing file /home/airflow/.local/lib/python3.8/site-packages/airflow/example_dags/example_sla_dag.py for tasks to queue
[2026-06-18T17:44:22.736+0000] {logging_mixin.py:188} INFO - [2026-06-18T17:44:22.736+0000] {dagbag.py:538} INFO - Filling up the DagBag from /home/airflow/.local/lib/python3.8/site-packages/airflow/example_dags/example_sla_dag.py
[2026-06-18T17:44:22.753+0000] {processor.py:840} INFO - DAG(s) 'example_sla_dag' retrieved from /home/airflow/.local/lib/python3.8/site-packages/airflow/example_dags/example_sla_dag.py
[2026-06-18T17:44:22.806+0000] {logging_mixin.py:188} INFO - [2026-06-18T17:44:22.805+0000] {dag.py:3036} INFO - Sync 1 DAGs
[2026-06-18T17:44:22.852+0000] {logging_mixin.py:188} INFO - [2026-06-18T17:44:22.852+0000] {dag.py:3823} INFO - Setting next_dagrun for example_sla_dag to 2026-06-18 17:42:00+00:00, run_after=2026-06-18 17:44:00+00:00
[2026-06-18T17:44:22.893+0000] {processor.py:183} INFO - Processing /home/airflow/.local/lib/python3.8/site-packages/airflow/example_dags/example_sla_dag.py took 0.168 seconds
[2026-06-18T17:44:53.518+0000] {processor.py:161} INFO - Started process (PID=7212) to work on /home/airflow/.local/lib/python3.8/site-packages/airflow/example_dags/example_sla_dag.py
[2026-06-18T17:44:53.519+0000] {processor.py:830} INFO - Processing file /home/airflow/.local/lib/python3.8/site-packages/airflow/example_dags/example_sla_dag.py for tasks to queue
[2026-06-18T17:44:53.522+0000] {logging_mixin.py:188} INFO - [2026-06-18T17:44:53.522+0000] {dagbag.py:538} INFO - Filling up the DagBag from /home/airflow/.local/lib/python3.8/site-packages/airflow/example_dags/example_sla_dag.py
[2026-06-18T17:44:53.539+0000] {processor.py:840} INFO - DAG(s) 'example_sla_dag' retrieved from /home/airflow/.local/lib/python3.8/site-packages/airflow/example_dags/example_sla_dag.py
[2026-06-18T17:44:53.578+0000] {logging_mixin.py:188} INFO - [2026-06-18T17:44:53.578+0000] {dag.py:3036} INFO - Sync 1 DAGs
[2026-06-18T17:44:53.631+0000] {logging_mixin.py:188} INFO - [2026-06-18T17:44:53.630+0000] {dag.py:3823} INFO - Setting next_dagrun for example_sla_dag to 2026-06-18 17:42:00+00:00, run_after=2026-06-18 17:44:00+00:00
[2026-06-18T17:44:53.666+0000] {processor.py:183} INFO - Processing /home/airflow/.local/lib/python3.8/site-packages/airflow/example_dags/example_sla_dag.py took 0.155 seconds
[2026-06-18T17:45:24.225+0000] {processor.py:161} INFO - Started process (PID=7278) to work on /home/airflow/.local/lib/python3.8/site-packages/airflow/example_dags/example_sla_dag.py
[2026-06-18T17:45:24.231+0000] {processor.py:830} INFO - Processing file /home/airflow/.local/lib/python3.8/site-packages/airflow/example_dags/example_sla_dag.py for tasks to queue
[2026-06-18T17:45:24.252+0000] {logging_mixin.py:188} INFO - [2026-06-18T17:45:24.251+0000] {dagbag.py:538} INFO - Filling up the DagBag from /home/airflow/.local/lib/python3.8/site-packages/airflow/example_dags/example_sla_dag.py
[2026-06-18T17:45:24.279+0000] {processor.py:840} INFO - DAG(s) 'example_sla_dag' retrieved from /home/airflow/.local/lib/python3.8/site-packages/airflow/example_dags/example_sla_dag.py
[2026-06-18T17:45:24.322+0000] {logging_mixin.py:188} INFO - [2026-06-18T17:45:24.321+0000] {dag.py:3036} INFO - Sync 1 DAGs
[2026-06-18T17:45:24.372+0000] {logging_mixin.py:188} INFO - [2026-06-18T17:45:24.372+0000] {dag.py:3823} INFO - Setting next_dagrun for example_sla_dag to 2026-06-18 17:42:00+00:00, run_after=2026-06-18 17:44:00+00:00
[2026-06-18T17:45:24.410+0000] {processor.py:183} INFO - Processing /home/airflow/.local/lib/python3.8/site-packages/airflow/example_dags/example_sla_dag.py took 0.191 seconds
[2026-06-18T17:45:54.909+0000] {processor.py:161} INFO - Started process (PID=7344) to work on /home/airflow/.local/lib/python3.8/site-packages/airflow/example_dags/example_sla_dag.py
[2026-06-18T17:45:54.910+0000] {processor.py:830} INFO - Processing file /home/airflow/.local/lib/python3.8/site-packages/airflow/example_dags/example_sla_dag.py for tasks to queue
[2026-06-18T17:45:54.914+0000] {logging_mixin.py:188} INFO - [2026-06-18T17:45:54.913+0000] {dagbag.py:538} INFO - Filling up the DagBag from /home/airflow/.local/lib/python3.8/site-packages/airflow/example_dags/example_sla_dag.py
[2026-06-18T17:45:54.935+0000] {processor.py:840} INFO - DAG(s) 'example_sla_dag' retrieved from /home/airflow/.local/lib/python3.8/site-packages/airflow/example_dags/example_sla_dag.py
[2026-06-18T17:45:54.975+0000] {logging_mixin.py:188} INFO - [2026-06-18T17:45:54.975+0000] {dag.py:3036} INFO - Sync 1 DAGs
[2026-06-18T17:45:55.030+0000] {logging_mixin.py:188} INFO - [2026-06-18T17:45:55.029+0000] {dag.py:3823} INFO - Setting next_dagrun for example_sla_dag to 2026-06-18 17:42:00+00:00, run_after=2026-06-18 17:44:00+00:00
[2026-06-18T17:45:55.064+0000] {processor.py:183} INFO - Processing /home/airflow/.local/lib/python3.8/site-packages/airflow/example_dags/example_sla_dag.py took 0.161 seconds
[2026-06-18T17:46:25.574+0000] {processor.py:161} INFO - Started process (PID=7411) to work on /home/airflow/.local/lib/python3.8/site-packages/airflow/example_dags/example_sla_dag.py
[2026-06-18T17:46:25.576+0000] {processor.py:830} INFO - Processing file /home/airflow/.local/lib/python3.8/site-packages/airflow/example_dags/example_sla_dag.py for tasks to queue
[2026-06-18T17:46:25.580+0000] {logging_mixin.py:188} INFO - [2026-06-18T17:46:25.579+0000] {dagbag.py:538} INFO - Filling up the DagBag from /home/airflow/.local/lib/python3.8/site-packages/airflow/example_dags/example_sla_dag.py
[2026-06-18T17:46:25.597+0000] {processor.py:840} INFO - DAG(s) 'example_sla_dag' retrieved from /home/airflow/.local/lib/python3.8/site-packages/airflow/example_dags/example_sla_dag.py
[2026-06-18T17:46:25.664+0000] {logging_mixin.py:188} INFO - [2026-06-18T17:46:25.664+0000] {dag.py:3036} INFO - Sync 1 DAGs
[2026-06-18T17:46:25.752+0000] {logging_mixin.py:188} INFO - [2026-06-18T17:46:25.751+0000] {dag.py:3823} INFO - Setting next_dagrun for example_sla_dag to 2026-06-18 17:44:00+00:00, run_after=2026-06-18 17:46:00+00:00
[2026-06-18T17:46:25.803+0000] {processor.py:183} INFO - Processing /home/airflow/.local/lib/python3.8/site-packages/airflow/example_dags/example_sla_dag.py took 0.235 seconds
[2026-06-18T17:46:56.604+0000] {processor.py:161} INFO - Started process (PID=7475) to work on /home/airflow/.local/lib/python3.8/site-packages/airflow/example_dags/example_sla_dag.py
[2026-06-18T17:46:56.605+0000] {processor.py:830} INFO - Processing file /home/airflow/.local/lib/python3.8/site-packages/airflow/example_dags/example_sla_dag.py for tasks to queue
[2026-06-18T17:46:56.609+0000] {logging_mixin.py:188} INFO - [2026-06-18T17:46:56.608+0000] {dagbag.py:538} INFO - Filling up the DagBag from /home/airflow/.local/lib/python3.8/site-packages/airflow/example_dags/example_sla_dag.py
[2026-06-18T17:46:56.626+0000] {processor.py:840} INFO - DAG(s) 'example_sla_dag' retrieved from /home/airflow/.local/lib/python3.8/site-packages/airflow/example_dags/example_sla_dag.py
[2026-06-18T17:46:56.688+0000] {logging_mixin.py:188} INFO - [2026-06-18T17:46:56.688+0000] {dag.py:3036} INFO - Sync 1 DAGs
[2026-06-18T17:46:56.747+0000] {logging_mixin.py:188} INFO - [2026-06-18T17:46:56.747+0000] {dag.py:3823} INFO - Setting next_dagrun for example_sla_dag to 2026-06-18 17:44:00+00:00, run_after=2026-06-18 17:46:00+00:00
[2026-06-18T17:46:56.775+0000] {processor.py:183} INFO - Processing /home/airflow/.local/lib/python3.8/site-packages/airflow/example_dags/example_sla_dag.py took 0.187 seconds
[2026-06-18T17:47:27.435+0000] {processor.py:161} INFO - Started process (PID=7541) to work on /home/airflow/.local/lib/python3.8/site-packages/airflow/example_dags/example_sla_dag.py
[2026-06-18T17:47:27.437+0000] {processor.py:830} INFO - Processing file /home/airflow/.local/lib/python3.8/site-packages/airflow/example_dags/example_sla_dag.py for tasks to queue
[2026-06-18T17:47:27.441+0000] {logging_mixin.py:188} INFO - [2026-06-18T17:47:27.440+0000] {dagbag.py:538} INFO - Filling up the DagBag from /home/airflow/.local/lib/python3.8/site-packages/airflow/example_dags/example_sla_dag.py
[2026-06-18T17:47:27.457+0000] {processor.py:840} INFO - DAG(s) 'example_sla_dag' retrieved from /home/airflow/.local/lib/python3.8/site-packages/airflow/example_dags/example_sla_dag.py
[2026-06-18T17:47:27.500+0000] {logging_mixin.py:188} INFO - [2026-06-18T17:47:27.500+0000] {dag.py:3036} INFO - Sync 1 DAGs
[2026-06-18T17:47:27.556+0000] {logging_mixin.py:188} INFO - [2026-06-18T17:47:27.555+0000] {dag.py:3823} INFO - Setting next_dagrun for example_sla_dag to 2026-06-18 17:44:00+00:00, run_after=2026-06-18 17:46:00+00:00
[2026-06-18T17:47:27.592+0000] {processor.py:183} INFO - Processing /home/airflow/.local/lib/python3.8/site-packages/airflow/example_dags/example_sla_dag.py took 0.164 seconds
[2026-06-18T17:47:57.964+0000] {processor.py:161} INFO - Started process (PID=7608) to work on /home/airflow/.local/lib/python3.8/site-packages/airflow/example_dags/example_sla_dag.py
[2026-06-18T17:47:57.965+0000] {processor.py:830} INFO - Processing file /home/airflow/.local/lib/python3.8/site-packages/airflow/example_dags/example_sla_dag.py for tasks to queue
[2026-06-18T17:47:57.967+0000] {logging_mixin.py:188} INFO - [2026-06-18T17:47:57.967+0000] {dagbag.py:538} INFO - Filling up the DagBag from /home/airflow/.local/lib/python3.8/site-packages/airflow/example_dags/example_sla_dag.py
[2026-06-18T17:47:57.980+0000] {processor.py:840} INFO - DAG(s) 'example_sla_dag' retrieved from /home/airflow/.local/lib/python3.8/site-packages/airflow/example_dags/example_sla_dag.py
[2026-06-18T17:47:58.014+0000] {logging_mixin.py:188} INFO - [2026-06-18T17:47:58.014+0000] {dag.py:3036} INFO - Sync 1 DAGs
[2026-06-18T17:47:58.056+0000] {logging_mixin.py:188} INFO - [2026-06-18T17:47:58.056+0000] {dag.py:3823} INFO - Setting next_dagrun for example_sla_dag to 2026-06-18 17:44:00+00:00, run_after=2026-06-18 17:46:00+00:00
[2026-06-18T17:47:58.099+0000] {processor.py:183} INFO - Processing /home/airflow/.local/lib/python3.8/site-packages/airflow/example_dags/example_sla_dag.py took 0.140 seconds
[2026-06-18T17:48:28.400+0000] {processor.py:161} INFO - Started process (PID=7673) to work on /home/airflow/.local/lib/python3.8/site-packages/airflow/example_dags/example_sla_dag.py
[2026-06-18T17:48:28.402+0000] {processor.py:830} INFO - Processing file /home/airflow/.local/lib/python3.8/site-packages/airflow/example_dags/example_sla_dag.py for tasks to queue
[2026-06-18T17:48:28.405+0000] {logging_mixin.py:188} INFO - [2026-06-18T17:48:28.404+0000] {dagbag.py:538} INFO - Filling up the DagBag from /home/airflow/.local/lib/python3.8/site-packages/airflow/example_dags/example_sla_dag.py
[2026-06-18T17:48:28.421+0000] {processor.py:840} INFO - DAG(s) 'example_sla_dag' retrieved from /home/airflow/.local/lib/python3.8/site-packages/airflow/example_dags/example_sla_dag.py
[2026-06-18T17:48:28.466+0000] {logging_mixin.py:188} INFO - [2026-06-18T17:48:28.465+0000] {dag.py:3036} INFO - Sync 1 DAGs
[2026-06-18T17:48:28.525+0000] {logging_mixin.py:188} INFO - [2026-06-18T17:48:28.524+0000] {dag.py:3823} INFO - Setting next_dagrun for example_sla_dag to 2026-06-18 17:46:00+00:00, run_after=2026-06-18 17:48:00+00:00
[2026-06-18T17:48:28.556+0000] {processor.py:183} INFO - Processing /home/airflow/.local/lib/python3.8/site-packages/airflow/example_dags/example_sla_dag.py took 0.163 seconds
[2026-06-18T17:48:58.922+0000] {processor.py:161} INFO - Started process (PID=7740) to work on /home/airflow/.local/lib/python3.8/site-packages/airflow/example_dags/example_sla_dag.py
[2026-06-18T17:48:58.924+0000] {processor.py:830} INFO - Processing file /home/airflow/.local/lib/python3.8/site-packages/airflow/example_dags/example_sla_dag.py for tasks to queue
[2026-06-18T17:48:58.927+0000] {logging_mixin.py:188} INFO - [2026-06-18T17:48:58.927+0000] {dagbag.py:538} INFO - Filling up the DagBag from /home/airflow/.local/lib/python3.8/site-packages/airflow/example_dags/example_sla_dag.py
[2026-06-18T17:48:58.943+0000] {processor.py:840} INFO - DAG(s) 'example_sla_dag' retrieved from /home/airflow/.local/lib/python3.8/site-packages/airflow/example_dags/example_sla_dag.py
[2026-06-18T17:48:58.992+0000] {logging_mixin.py:188} INFO - [2026-06-18T17:48:58.991+0000] {dag.py:3036} INFO - Sync 1 DAGs
[2026-06-18T17:48:59.039+0000] {logging_mixin.py:188} INFO - [2026-06-18T17:48:59.038+0000] {dag.py:3823} INFO - Setting next_dagrun for example_sla_dag to 2026-06-18 17:46:00+00:00, run_after=2026-06-18 17:48:00+00:00
[2026-06-18T17:48:59.072+0000] {processor.py:183} INFO - Processing /home/airflow/.local/lib/python3.8/site-packages/airflow/example_dags/example_sla_dag.py took 0.156 seconds
[2026-06-18T17:49:29.437+0000] {processor.py:161} INFO - Started process (PID=7805) to work on /home/airflow/.local/lib/python3.8/site-packages/airflow/example_dags/example_sla_dag.py
[2026-06-18T17:49:29.438+0000] {processor.py:830} INFO - Processing file /home/airflow/.local/lib/python3.8/site-packages/airflow/example_dags/example_sla_dag.py for tasks to queue
[2026-06-18T17:49:29.441+0000] {logging_mixin.py:188} INFO - [2026-06-18T17:49:29.441+0000] {dagbag.py:538} INFO - Filling up the DagBag from /home/airflow/.local/lib/python3.8/site-packages/airflow/example_dags/example_sla_dag.py
[2026-06-18T17:49:29.456+0000] {processor.py:840} INFO - DAG(s) 'example_sla_dag' retrieved from /home/airflow/.local/lib/python3.8/site-packages/airflow/example_dags/example_sla_dag.py
[2026-06-18T17:49:29.496+0000] {logging_mixin.py:188} INFO - [2026-06-18T17:49:29.495+0000] {dag.py:3036} INFO - Sync 1 DAGs
[2026-06-18T17:49:29.555+0000] {logging_mixin.py:188} INFO - [2026-06-18T17:49:29.555+0000] {dag.py:3823} INFO - Setting next_dagrun for example_sla_dag to 2026-06-18 17:46:00+00:00, run_after=2026-06-18 17:48:00+00:00
[2026-06-18T17:49:29.597+0000] {processor.py:183} INFO - Processing /home/airflow/.local/lib/python3.8/site-packages/airflow/example_dags/example_sla_dag.py took 0.166 seconds
