[2026-06-18T16:50:12.102+0000] {processor.py:161} INFO - Started process (PID=48) to work on /home/airflow/.local/lib/python3.8/site-packages/airflow/example_dags/example_xcom.py
[2026-06-18T16:50:12.104+0000] {processor.py:830} INFO - Processing file /home/airflow/.local/lib/python3.8/site-packages/airflow/example_dags/example_xcom.py for tasks to queue
[2026-06-18T16:50:12.109+0000] {logging_mixin.py:188} INFO - [2026-06-18T16:50:12.108+0000] {dagbag.py:538} INFO - Filling up the DagBag from /home/airflow/.local/lib/python3.8/site-packages/airflow/example_dags/example_xcom.py
[2026-06-18T16:50:12.133+0000] {processor.py:840} INFO - DAG(s) 'example_xcom' retrieved from /home/airflow/.local/lib/python3.8/site-packages/airflow/example_dags/example_xcom.py
[2026-06-18T16:50:12.200+0000] {logging_mixin.py:188} INFO - [2026-06-18T16:50:12.199+0000] {dag.py:3036} INFO - Sync 1 DAGs
[2026-06-18T16:50:12.243+0000] {logging_mixin.py:188} INFO - [2026-06-18T16:50:12.242+0000] {dag.py:3823} INFO - Setting next_dagrun for example_xcom to 2021-01-01 00:00:00+00:00, run_after=2021-01-01 00:00:00+00:00
[2026-06-18T16:50:12.316+0000] {processor.py:183} INFO - Processing /home/airflow/.local/lib/python3.8/site-packages/airflow/example_dags/example_xcom.py took 0.228 seconds
[2026-06-18T16:50:42.743+0000] {processor.py:161} INFO - Started process (PID=114) to work on /home/airflow/.local/lib/python3.8/site-packages/airflow/example_dags/example_xcom.py
[2026-06-18T16:50:42.745+0000] {processor.py:830} INFO - Processing file /home/airflow/.local/lib/python3.8/site-packages/airflow/example_dags/example_xcom.py for tasks to queue
[2026-06-18T16:50:42.748+0000] {logging_mixin.py:188} INFO - [2026-06-18T16:50:42.747+0000] {dagbag.py:538} INFO - Filling up the DagBag from /home/airflow/.local/lib/python3.8/site-packages/airflow/example_dags/example_xcom.py
[2026-06-18T16:50:42.763+0000] {processor.py:840} INFO - DAG(s) 'example_xcom' retrieved from /home/airflow/.local/lib/python3.8/site-packages/airflow/example_dags/example_xcom.py
[2026-06-18T16:50:42.807+0000] {logging_mixin.py:188} INFO - [2026-06-18T16:50:42.806+0000] {dag.py:3036} INFO - Sync 1 DAGs
[2026-06-18T16:50:42.851+0000] {logging_mixin.py:188} INFO - [2026-06-18T16:50:42.850+0000] {dag.py:3823} INFO - Setting next_dagrun for example_xcom to 2021-01-01 00:00:00+00:00, run_after=2021-01-01 00:00:00+00:00
[2026-06-18T16:50:42.886+0000] {processor.py:183} INFO - Processing /home/airflow/.local/lib/python3.8/site-packages/airflow/example_dags/example_xcom.py took 0.148 seconds
[2026-06-18T16:51:13.108+0000] {processor.py:161} INFO - Started process (PID=181) to work on /home/airflow/.local/lib/python3.8/site-packages/airflow/example_dags/example_xcom.py
[2026-06-18T16:51:13.119+0000] {processor.py:830} INFO - Processing file /home/airflow/.local/lib/python3.8/site-packages/airflow/example_dags/example_xcom.py for tasks to queue
[2026-06-18T16:51:13.123+0000] {logging_mixin.py:188} INFO - [2026-06-18T16:51:13.121+0000] {dagbag.py:538} INFO - Filling up the DagBag from /home/airflow/.local/lib/python3.8/site-packages/airflow/example_dags/example_xcom.py
[2026-06-18T16:51:13.145+0000] {processor.py:840} INFO - DAG(s) 'example_xcom' retrieved from /home/airflow/.local/lib/python3.8/site-packages/airflow/example_dags/example_xcom.py
[2026-06-18T16:51:13.191+0000] {logging_mixin.py:188} INFO - [2026-06-18T16:51:13.191+0000] {dag.py:3036} INFO - Sync 1 DAGs
[2026-06-18T16:51:13.240+0000] {logging_mixin.py:188} INFO - [2026-06-18T16:51:13.240+0000] {dag.py:3823} INFO - Setting next_dagrun for example_xcom to 2021-01-01 00:00:00+00:00, run_after=2021-01-01 00:00:00+00:00
[2026-06-18T16:51:13.279+0000] {processor.py:183} INFO - Processing /home/airflow/.local/lib/python3.8/site-packages/airflow/example_dags/example_xcom.py took 0.180 seconds
[2026-06-18T16:51:43.768+0000] {processor.py:161} INFO - Started process (PID=247) to work on /home/airflow/.local/lib/python3.8/site-packages/airflow/example_dags/example_xcom.py
[2026-06-18T16:51:43.769+0000] {processor.py:830} INFO - Processing file /home/airflow/.local/lib/python3.8/site-packages/airflow/example_dags/example_xcom.py for tasks to queue
[2026-06-18T16:51:43.772+0000] {logging_mixin.py:188} INFO - [2026-06-18T16:51:43.771+0000] {dagbag.py:538} INFO - Filling up the DagBag from /home/airflow/.local/lib/python3.8/site-packages/airflow/example_dags/example_xcom.py
[2026-06-18T16:51:43.786+0000] {processor.py:840} INFO - DAG(s) 'example_xcom' retrieved from /home/airflow/.local/lib/python3.8/site-packages/airflow/example_dags/example_xcom.py
[2026-06-18T16:51:43.830+0000] {logging_mixin.py:188} INFO - [2026-06-18T16:51:43.830+0000] {dag.py:3036} INFO - Sync 1 DAGs
[2026-06-18T16:51:43.873+0000] {logging_mixin.py:188} INFO - [2026-06-18T16:51:43.873+0000] {dag.py:3823} INFO - Setting next_dagrun for example_xcom to 2021-01-01 00:00:00+00:00, run_after=2021-01-01 00:00:00+00:00
[2026-06-18T16:51:43.907+0000] {processor.py:183} INFO - Processing /home/airflow/.local/lib/python3.8/site-packages/airflow/example_dags/example_xcom.py took 0.145 seconds
[2026-06-18T16:52:14.009+0000] {processor.py:161} INFO - Started process (PID=313) to work on /home/airflow/.local/lib/python3.8/site-packages/airflow/example_dags/example_xcom.py
[2026-06-18T16:52:14.011+0000] {processor.py:830} INFO - Processing file /home/airflow/.local/lib/python3.8/site-packages/airflow/example_dags/example_xcom.py for tasks to queue
[2026-06-18T16:52:14.014+0000] {logging_mixin.py:188} INFO - [2026-06-18T16:52:14.013+0000] {dagbag.py:538} INFO - Filling up the DagBag from /home/airflow/.local/lib/python3.8/site-packages/airflow/example_dags/example_xcom.py
[2026-06-18T16:52:14.029+0000] {processor.py:840} INFO - DAG(s) 'example_xcom' retrieved from /home/airflow/.local/lib/python3.8/site-packages/airflow/example_dags/example_xcom.py
[2026-06-18T16:52:14.073+0000] {logging_mixin.py:188} INFO - [2026-06-18T16:52:14.072+0000] {dag.py:3036} INFO - Sync 1 DAGs
[2026-06-18T16:52:14.118+0000] {logging_mixin.py:188} INFO - [2026-06-18T16:52:14.117+0000] {dag.py:3823} INFO - Setting next_dagrun for example_xcom to 2021-01-01 00:00:00+00:00, run_after=2021-01-01 00:00:00+00:00
[2026-06-18T16:52:14.154+0000] {processor.py:183} INFO - Processing /home/airflow/.local/lib/python3.8/site-packages/airflow/example_dags/example_xcom.py took 0.152 seconds
[2026-06-18T16:52:44.595+0000] {processor.py:161} INFO - Started process (PID=381) to work on /home/airflow/.local/lib/python3.8/site-packages/airflow/example_dags/example_xcom.py
[2026-06-18T16:52:44.596+0000] {processor.py:830} INFO - Processing file /home/airflow/.local/lib/python3.8/site-packages/airflow/example_dags/example_xcom.py for tasks to queue
[2026-06-18T16:52:44.598+0000] {logging_mixin.py:188} INFO - [2026-06-18T16:52:44.598+0000] {dagbag.py:538} INFO - Filling up the DagBag from /home/airflow/.local/lib/python3.8/site-packages/airflow/example_dags/example_xcom.py
[2026-06-18T16:52:44.609+0000] {processor.py:840} INFO - DAG(s) 'example_xcom' retrieved from /home/airflow/.local/lib/python3.8/site-packages/airflow/example_dags/example_xcom.py
[2026-06-18T16:52:44.651+0000] {logging_mixin.py:188} INFO - [2026-06-18T16:52:44.650+0000] {dag.py:3036} INFO - Sync 1 DAGs
[2026-06-18T16:52:44.694+0000] {logging_mixin.py:188} INFO - [2026-06-18T16:52:44.694+0000] {dag.py:3823} INFO - Setting next_dagrun for example_xcom to 2021-01-01 00:00:00+00:00, run_after=2021-01-01 00:00:00+00:00
[2026-06-18T16:52:44.727+0000] {processor.py:183} INFO - Processing /home/airflow/.local/lib/python3.8/site-packages/airflow/example_dags/example_xcom.py took 0.137 seconds
[2026-06-18T16:53:14.938+0000] {processor.py:161} INFO - Started process (PID=447) to work on /home/airflow/.local/lib/python3.8/site-packages/airflow/example_dags/example_xcom.py
[2026-06-18T16:53:14.941+0000] {processor.py:830} INFO - Processing file /home/airflow/.local/lib/python3.8/site-packages/airflow/example_dags/example_xcom.py for tasks to queue
[2026-06-18T16:53:14.944+0000] {logging_mixin.py:188} INFO - [2026-06-18T16:53:14.943+0000] {dagbag.py:538} INFO - Filling up the DagBag from /home/airflow/.local/lib/python3.8/site-packages/airflow/example_dags/example_xcom.py
[2026-06-18T16:53:14.956+0000] {processor.py:840} INFO - DAG(s) 'example_xcom' retrieved from /home/airflow/.local/lib/python3.8/site-packages/airflow/example_dags/example_xcom.py
[2026-06-18T16:53:14.998+0000] {logging_mixin.py:188} INFO - [2026-06-18T16:53:14.997+0000] {dag.py:3036} INFO - Sync 1 DAGs
[2026-06-18T16:53:15.036+0000] {logging_mixin.py:188} INFO - [2026-06-18T16:53:15.035+0000] {dag.py:3823} INFO - Setting next_dagrun for example_xcom to 2021-01-01 00:00:00+00:00, run_after=2021-01-01 00:00:00+00:00
[2026-06-18T16:53:15.068+0000] {processor.py:183} INFO - Processing /home/airflow/.local/lib/python3.8/site-packages/airflow/example_dags/example_xcom.py took 0.135 seconds
[2026-06-18T16:53:45.267+0000] {processor.py:161} INFO - Started process (PID=514) to work on /home/airflow/.local/lib/python3.8/site-packages/airflow/example_dags/example_xcom.py
[2026-06-18T16:53:45.268+0000] {processor.py:830} INFO - Processing file /home/airflow/.local/lib/python3.8/site-packages/airflow/example_dags/example_xcom.py for tasks to queue
[2026-06-18T16:53:45.271+0000] {logging_mixin.py:188} INFO - [2026-06-18T16:53:45.270+0000] {dagbag.py:538} INFO - Filling up the DagBag from /home/airflow/.local/lib/python3.8/site-packages/airflow/example_dags/example_xcom.py
[2026-06-18T16:53:45.282+0000] {processor.py:840} INFO - DAG(s) 'example_xcom' retrieved from /home/airflow/.local/lib/python3.8/site-packages/airflow/example_dags/example_xcom.py
[2026-06-18T16:53:45.318+0000] {logging_mixin.py:188} INFO - [2026-06-18T16:53:45.318+0000] {dag.py:3036} INFO - Sync 1 DAGs
[2026-06-18T16:53:45.353+0000] {logging_mixin.py:188} INFO - [2026-06-18T16:53:45.352+0000] {dag.py:3823} INFO - Setting next_dagrun for example_xcom to 2021-01-01 00:00:00+00:00, run_after=2021-01-01 00:00:00+00:00
[2026-06-18T16:53:45.384+0000] {processor.py:183} INFO - Processing /home/airflow/.local/lib/python3.8/site-packages/airflow/example_dags/example_xcom.py took 0.122 seconds
[2026-06-18T16:54:15.880+0000] {processor.py:161} INFO - Started process (PID=581) to work on /home/airflow/.local/lib/python3.8/site-packages/airflow/example_dags/example_xcom.py
[2026-06-18T16:54:15.882+0000] {processor.py:830} INFO - Processing file /home/airflow/.local/lib/python3.8/site-packages/airflow/example_dags/example_xcom.py for tasks to queue
[2026-06-18T16:54:15.885+0000] {logging_mixin.py:188} INFO - [2026-06-18T16:54:15.884+0000] {dagbag.py:538} INFO - Filling up the DagBag from /home/airflow/.local/lib/python3.8/site-packages/airflow/example_dags/example_xcom.py
[2026-06-18T16:54:15.897+0000] {processor.py:840} INFO - DAG(s) 'example_xcom' retrieved from /home/airflow/.local/lib/python3.8/site-packages/airflow/example_dags/example_xcom.py
[2026-06-18T16:54:15.942+0000] {logging_mixin.py:188} INFO - [2026-06-18T16:54:15.940+0000] {dag.py:3036} INFO - Sync 1 DAGs
[2026-06-18T16:54:15.979+0000] {logging_mixin.py:188} INFO - [2026-06-18T16:54:15.979+0000] {dag.py:3823} INFO - Setting next_dagrun for example_xcom to 2021-01-01 00:00:00+00:00, run_after=2021-01-01 00:00:00+00:00
[2026-06-18T16:54:16.008+0000] {processor.py:183} INFO - Processing /home/airflow/.local/lib/python3.8/site-packages/airflow/example_dags/example_xcom.py took 0.133 seconds
[2026-06-18T16:54:46.271+0000] {processor.py:161} INFO - Started process (PID=646) to work on /home/airflow/.local/lib/python3.8/site-packages/airflow/example_dags/example_xcom.py
[2026-06-18T16:54:46.273+0000] {processor.py:830} INFO - Processing file /home/airflow/.local/lib/python3.8/site-packages/airflow/example_dags/example_xcom.py for tasks to queue
[2026-06-18T16:54:46.276+0000] {logging_mixin.py:188} INFO - [2026-06-18T16:54:46.275+0000] {dagbag.py:538} INFO - Filling up the DagBag from /home/airflow/.local/lib/python3.8/site-packages/airflow/example_dags/example_xcom.py
[2026-06-18T16:54:46.291+0000] {processor.py:840} INFO - DAG(s) 'example_xcom' retrieved from /home/airflow/.local/lib/python3.8/site-packages/airflow/example_dags/example_xcom.py
[2026-06-18T16:54:46.335+0000] {logging_mixin.py:188} INFO - [2026-06-18T16:54:46.335+0000] {dag.py:3036} INFO - Sync 1 DAGs
[2026-06-18T16:54:46.374+0000] {logging_mixin.py:188} INFO - [2026-06-18T16:54:46.374+0000] {dag.py:3823} INFO - Setting next_dagrun for example_xcom to 2021-01-01 00:00:00+00:00, run_after=2021-01-01 00:00:00+00:00
[2026-06-18T16:54:46.405+0000] {processor.py:183} INFO - Processing /home/airflow/.local/lib/python3.8/site-packages/airflow/example_dags/example_xcom.py took 0.140 seconds
[2026-06-18T16:55:16.799+0000] {processor.py:161} INFO - Started process (PID=713) to work on /home/airflow/.local/lib/python3.8/site-packages/airflow/example_dags/example_xcom.py
[2026-06-18T16:55:16.801+0000] {processor.py:830} INFO - Processing file /home/airflow/.local/lib/python3.8/site-packages/airflow/example_dags/example_xcom.py for tasks to queue
[2026-06-18T16:55:16.805+0000] {logging_mixin.py:188} INFO - [2026-06-18T16:55:16.804+0000] {dagbag.py:538} INFO - Filling up the DagBag from /home/airflow/.local/lib/python3.8/site-packages/airflow/example_dags/example_xcom.py
[2026-06-18T16:55:16.818+0000] {processor.py:840} INFO - DAG(s) 'example_xcom' retrieved from /home/airflow/.local/lib/python3.8/site-packages/airflow/example_dags/example_xcom.py
[2026-06-18T16:55:16.864+0000] {logging_mixin.py:188} INFO - [2026-06-18T16:55:16.863+0000] {dag.py:3036} INFO - Sync 1 DAGs
[2026-06-18T16:55:16.909+0000] {logging_mixin.py:188} INFO - [2026-06-18T16:55:16.909+0000] {dag.py:3823} INFO - Setting next_dagrun for example_xcom to 2021-01-01 00:00:00+00:00, run_after=2021-01-01 00:00:00+00:00
[2026-06-18T16:55:16.949+0000] {processor.py:183} INFO - Processing /home/airflow/.local/lib/python3.8/site-packages/airflow/example_dags/example_xcom.py took 0.155 seconds
[2026-06-18T16:55:47.057+0000] {processor.py:161} INFO - Started process (PID=779) to work on /home/airflow/.local/lib/python3.8/site-packages/airflow/example_dags/example_xcom.py
[2026-06-18T16:55:47.060+0000] {processor.py:830} INFO - Processing file /home/airflow/.local/lib/python3.8/site-packages/airflow/example_dags/example_xcom.py for tasks to queue
[2026-06-18T16:55:47.063+0000] {logging_mixin.py:188} INFO - [2026-06-18T16:55:47.062+0000] {dagbag.py:538} INFO - Filling up the DagBag from /home/airflow/.local/lib/python3.8/site-packages/airflow/example_dags/example_xcom.py
[2026-06-18T16:55:47.075+0000] {processor.py:840} INFO - DAG(s) 'example_xcom' retrieved from /home/airflow/.local/lib/python3.8/site-packages/airflow/example_dags/example_xcom.py
[2026-06-18T16:55:47.115+0000] {logging_mixin.py:188} INFO - [2026-06-18T16:55:47.114+0000] {dag.py:3036} INFO - Sync 1 DAGs
[2026-06-18T16:55:47.157+0000] {logging_mixin.py:188} INFO - [2026-06-18T16:55:47.156+0000] {dag.py:3823} INFO - Setting next_dagrun for example_xcom to 2021-01-01 00:00:00+00:00, run_after=2021-01-01 00:00:00+00:00
[2026-06-18T16:55:47.193+0000] {processor.py:183} INFO - Processing /home/airflow/.local/lib/python3.8/site-packages/airflow/example_dags/example_xcom.py took 0.142 seconds
[2026-06-18T16:56:17.587+0000] {processor.py:161} INFO - Started process (PID=846) to work on /home/airflow/.local/lib/python3.8/site-packages/airflow/example_dags/example_xcom.py
[2026-06-18T16:56:17.588+0000] {processor.py:830} INFO - Processing file /home/airflow/.local/lib/python3.8/site-packages/airflow/example_dags/example_xcom.py for tasks to queue
[2026-06-18T16:56:17.591+0000] {logging_mixin.py:188} INFO - [2026-06-18T16:56:17.591+0000] {dagbag.py:538} INFO - Filling up the DagBag from /home/airflow/.local/lib/python3.8/site-packages/airflow/example_dags/example_xcom.py
[2026-06-18T16:56:17.605+0000] {processor.py:840} INFO - DAG(s) 'example_xcom' retrieved from /home/airflow/.local/lib/python3.8/site-packages/airflow/example_dags/example_xcom.py
[2026-06-18T16:56:17.644+0000] {logging_mixin.py:188} INFO - [2026-06-18T16:56:17.644+0000] {dag.py:3036} INFO - Sync 1 DAGs
[2026-06-18T16:56:17.679+0000] {logging_mixin.py:188} INFO - [2026-06-18T16:56:17.679+0000] {dag.py:3823} INFO - Setting next_dagrun for example_xcom to 2021-01-01 00:00:00+00:00, run_after=2021-01-01 00:00:00+00:00
[2026-06-18T16:56:17.709+0000] {processor.py:183} INFO - Processing /home/airflow/.local/lib/python3.8/site-packages/airflow/example_dags/example_xcom.py took 0.128 seconds
[2026-06-18T16:56:48.500+0000] {processor.py:161} INFO - Started process (PID=919) to work on /home/airflow/.local/lib/python3.8/site-packages/airflow/example_dags/example_xcom.py
[2026-06-18T16:56:48.502+0000] {processor.py:830} INFO - Processing file /home/airflow/.local/lib/python3.8/site-packages/airflow/example_dags/example_xcom.py for tasks to queue
[2026-06-18T16:56:48.505+0000] {logging_mixin.py:188} INFO - [2026-06-18T16:56:48.505+0000] {dagbag.py:538} INFO - Filling up the DagBag from /home/airflow/.local/lib/python3.8/site-packages/airflow/example_dags/example_xcom.py
[2026-06-18T16:56:48.519+0000] {processor.py:840} INFO - DAG(s) 'example_xcom' retrieved from /home/airflow/.local/lib/python3.8/site-packages/airflow/example_dags/example_xcom.py
[2026-06-18T16:56:48.562+0000] {logging_mixin.py:188} INFO - [2026-06-18T16:56:48.561+0000] {dag.py:3036} INFO - Sync 1 DAGs
[2026-06-18T16:56:48.605+0000] {logging_mixin.py:188} INFO - [2026-06-18T16:56:48.605+0000] {dag.py:3823} INFO - Setting next_dagrun for example_xcom to 2021-01-01 00:00:00+00:00, run_after=2021-01-01 00:00:00+00:00
[2026-06-18T16:56:48.638+0000] {processor.py:183} INFO - Processing /home/airflow/.local/lib/python3.8/site-packages/airflow/example_dags/example_xcom.py took 0.144 seconds
[2026-06-18T16:57:19.219+0000] {processor.py:161} INFO - Started process (PID=985) to work on /home/airflow/.local/lib/python3.8/site-packages/airflow/example_dags/example_xcom.py
[2026-06-18T16:57:19.221+0000] {processor.py:830} INFO - Processing file /home/airflow/.local/lib/python3.8/site-packages/airflow/example_dags/example_xcom.py for tasks to queue
[2026-06-18T16:57:19.224+0000] {logging_mixin.py:188} INFO - [2026-06-18T16:57:19.224+0000] {dagbag.py:538} INFO - Filling up the DagBag from /home/airflow/.local/lib/python3.8/site-packages/airflow/example_dags/example_xcom.py
[2026-06-18T16:57:19.238+0000] {processor.py:840} INFO - DAG(s) 'example_xcom' retrieved from /home/airflow/.local/lib/python3.8/site-packages/airflow/example_dags/example_xcom.py
[2026-06-18T16:57:19.284+0000] {logging_mixin.py:188} INFO - [2026-06-18T16:57:19.284+0000] {dag.py:3036} INFO - Sync 1 DAGs
[2026-06-18T16:57:19.339+0000] {logging_mixin.py:188} INFO - [2026-06-18T16:57:19.339+0000] {dag.py:3823} INFO - Setting next_dagrun for example_xcom to 2021-01-01 00:00:00+00:00, run_after=2021-01-01 00:00:00+00:00
[2026-06-18T16:57:19.379+0000] {processor.py:183} INFO - Processing /home/airflow/.local/lib/python3.8/site-packages/airflow/example_dags/example_xcom.py took 0.166 seconds
[2026-06-18T16:57:50.016+0000] {processor.py:161} INFO - Started process (PID=1050) to work on /home/airflow/.local/lib/python3.8/site-packages/airflow/example_dags/example_xcom.py
[2026-06-18T16:57:50.018+0000] {processor.py:830} INFO - Processing file /home/airflow/.local/lib/python3.8/site-packages/airflow/example_dags/example_xcom.py for tasks to queue
[2026-06-18T16:57:50.021+0000] {logging_mixin.py:188} INFO - [2026-06-18T16:57:50.021+0000] {dagbag.py:538} INFO - Filling up the DagBag from /home/airflow/.local/lib/python3.8/site-packages/airflow/example_dags/example_xcom.py
[2026-06-18T16:57:50.035+0000] {processor.py:840} INFO - DAG(s) 'example_xcom' retrieved from /home/airflow/.local/lib/python3.8/site-packages/airflow/example_dags/example_xcom.py
[2026-06-18T16:57:50.084+0000] {logging_mixin.py:188} INFO - [2026-06-18T16:57:50.083+0000] {dag.py:3036} INFO - Sync 1 DAGs
[2026-06-18T16:57:50.125+0000] {logging_mixin.py:188} INFO - [2026-06-18T16:57:50.125+0000] {dag.py:3823} INFO - Setting next_dagrun for example_xcom to 2021-01-01 00:00:00+00:00, run_after=2021-01-01 00:00:00+00:00
[2026-06-18T16:57:50.157+0000] {processor.py:183} INFO - Processing /home/airflow/.local/lib/python3.8/site-packages/airflow/example_dags/example_xcom.py took 0.147 seconds
[2026-06-18T16:58:20.439+0000] {processor.py:161} INFO - Started process (PID=1115) to work on /home/airflow/.local/lib/python3.8/site-packages/airflow/example_dags/example_xcom.py
[2026-06-18T16:58:20.441+0000] {processor.py:830} INFO - Processing file /home/airflow/.local/lib/python3.8/site-packages/airflow/example_dags/example_xcom.py for tasks to queue
[2026-06-18T16:58:20.444+0000] {logging_mixin.py:188} INFO - [2026-06-18T16:58:20.443+0000] {dagbag.py:538} INFO - Filling up the DagBag from /home/airflow/.local/lib/python3.8/site-packages/airflow/example_dags/example_xcom.py
[2026-06-18T16:58:20.457+0000] {processor.py:840} INFO - DAG(s) 'example_xcom' retrieved from /home/airflow/.local/lib/python3.8/site-packages/airflow/example_dags/example_xcom.py
[2026-06-18T16:58:20.503+0000] {logging_mixin.py:188} INFO - [2026-06-18T16:58:20.503+0000] {dag.py:3036} INFO - Sync 1 DAGs
[2026-06-18T16:58:20.547+0000] {logging_mixin.py:188} INFO - [2026-06-18T16:58:20.546+0000] {dag.py:3823} INFO - Setting next_dagrun for example_xcom to 2021-01-01 00:00:00+00:00, run_after=2021-01-01 00:00:00+00:00
[2026-06-18T16:58:20.586+0000] {processor.py:183} INFO - Processing /home/airflow/.local/lib/python3.8/site-packages/airflow/example_dags/example_xcom.py took 0.153 seconds
[2026-06-18T16:58:50.647+0000] {processor.py:161} INFO - Started process (PID=1181) to work on /home/airflow/.local/lib/python3.8/site-packages/airflow/example_dags/example_xcom.py
[2026-06-18T16:58:50.649+0000] {processor.py:830} INFO - Processing file /home/airflow/.local/lib/python3.8/site-packages/airflow/example_dags/example_xcom.py for tasks to queue
[2026-06-18T16:58:50.652+0000] {logging_mixin.py:188} INFO - [2026-06-18T16:58:50.651+0000] {dagbag.py:538} INFO - Filling up the DagBag from /home/airflow/.local/lib/python3.8/site-packages/airflow/example_dags/example_xcom.py
[2026-06-18T16:58:50.668+0000] {processor.py:840} INFO - DAG(s) 'example_xcom' retrieved from /home/airflow/.local/lib/python3.8/site-packages/airflow/example_dags/example_xcom.py
[2026-06-18T16:58:50.692+0000] {logging_mixin.py:188} INFO - [2026-06-18T16:58:50.691+0000] {dag.py:3036} INFO - Sync 1 DAGs
[2026-06-18T16:58:50.730+0000] {logging_mixin.py:188} INFO - [2026-06-18T16:58:50.729+0000] {dag.py:3823} INFO - Setting next_dagrun for example_xcom to 2021-01-01 00:00:00+00:00, run_after=2021-01-01 00:00:00+00:00
[2026-06-18T16:58:50.764+0000] {processor.py:183} INFO - Processing /home/airflow/.local/lib/python3.8/site-packages/airflow/example_dags/example_xcom.py took 0.122 seconds
[2026-06-18T16:59:21.579+0000] {processor.py:161} INFO - Started process (PID=1247) to work on /home/airflow/.local/lib/python3.8/site-packages/airflow/example_dags/example_xcom.py
[2026-06-18T16:59:21.581+0000] {processor.py:830} INFO - Processing file /home/airflow/.local/lib/python3.8/site-packages/airflow/example_dags/example_xcom.py for tasks to queue
[2026-06-18T16:59:21.584+0000] {logging_mixin.py:188} INFO - [2026-06-18T16:59:21.584+0000] {dagbag.py:538} INFO - Filling up the DagBag from /home/airflow/.local/lib/python3.8/site-packages/airflow/example_dags/example_xcom.py
[2026-06-18T16:59:21.599+0000] {processor.py:840} INFO - DAG(s) 'example_xcom' retrieved from /home/airflow/.local/lib/python3.8/site-packages/airflow/example_dags/example_xcom.py
[2026-06-18T16:59:21.854+0000] {logging_mixin.py:188} INFO - [2026-06-18T16:59:21.853+0000] {dag.py:3036} INFO - Sync 1 DAGs
[2026-06-18T16:59:21.911+0000] {logging_mixin.py:188} INFO - [2026-06-18T16:59:21.911+0000] {dag.py:3823} INFO - Setting next_dagrun for example_xcom to 2021-01-01 00:00:00+00:00, run_after=2021-01-01 00:00:00+00:00
[2026-06-18T16:59:21.955+0000] {processor.py:183} INFO - Processing /home/airflow/.local/lib/python3.8/site-packages/airflow/example_dags/example_xcom.py took 0.382 seconds
[2026-06-18T16:59:52.315+0000] {processor.py:161} INFO - Started process (PID=1313) to work on /home/airflow/.local/lib/python3.8/site-packages/airflow/example_dags/example_xcom.py
[2026-06-18T16:59:52.319+0000] {processor.py:830} INFO - Processing file /home/airflow/.local/lib/python3.8/site-packages/airflow/example_dags/example_xcom.py for tasks to queue
[2026-06-18T16:59:52.325+0000] {logging_mixin.py:188} INFO - [2026-06-18T16:59:52.325+0000] {dagbag.py:538} INFO - Filling up the DagBag from /home/airflow/.local/lib/python3.8/site-packages/airflow/example_dags/example_xcom.py
[2026-06-18T16:59:52.370+0000] {processor.py:840} INFO - DAG(s) 'example_xcom' retrieved from /home/airflow/.local/lib/python3.8/site-packages/airflow/example_dags/example_xcom.py
[2026-06-18T16:59:52.499+0000] {logging_mixin.py:188} INFO - [2026-06-18T16:59:52.498+0000] {dag.py:3036} INFO - Sync 1 DAGs
[2026-06-18T16:59:52.598+0000] {logging_mixin.py:188} INFO - [2026-06-18T16:59:52.595+0000] {dag.py:3823} INFO - Setting next_dagrun for example_xcom to 2021-01-01 00:00:00+00:00, run_after=2021-01-01 00:00:00+00:00
[2026-06-18T16:59:52.737+0000] {processor.py:183} INFO - Processing /home/airflow/.local/lib/python3.8/site-packages/airflow/example_dags/example_xcom.py took 0.457 seconds
[2026-06-18T17:00:23.449+0000] {processor.py:161} INFO - Started process (PID=1379) to work on /home/airflow/.local/lib/python3.8/site-packages/airflow/example_dags/example_xcom.py
[2026-06-18T17:00:23.451+0000] {processor.py:830} INFO - Processing file /home/airflow/.local/lib/python3.8/site-packages/airflow/example_dags/example_xcom.py for tasks to queue
[2026-06-18T17:00:23.454+0000] {logging_mixin.py:188} INFO - [2026-06-18T17:00:23.453+0000] {dagbag.py:538} INFO - Filling up the DagBag from /home/airflow/.local/lib/python3.8/site-packages/airflow/example_dags/example_xcom.py
[2026-06-18T17:00:23.467+0000] {processor.py:840} INFO - DAG(s) 'example_xcom' retrieved from /home/airflow/.local/lib/python3.8/site-packages/airflow/example_dags/example_xcom.py
[2026-06-18T17:00:23.488+0000] {logging_mixin.py:188} INFO - [2026-06-18T17:00:23.488+0000] {dag.py:3036} INFO - Sync 1 DAGs
[2026-06-18T17:00:23.526+0000] {logging_mixin.py:188} INFO - [2026-06-18T17:00:23.526+0000] {dag.py:3823} INFO - Setting next_dagrun for example_xcom to 2021-01-01 00:00:00+00:00, run_after=2021-01-01 00:00:00+00:00
[2026-06-18T17:00:23.559+0000] {processor.py:183} INFO - Processing /home/airflow/.local/lib/python3.8/site-packages/airflow/example_dags/example_xcom.py took 0.115 seconds
[2026-06-18T17:00:54.073+0000] {processor.py:161} INFO - Started process (PID=1444) to work on /home/airflow/.local/lib/python3.8/site-packages/airflow/example_dags/example_xcom.py
[2026-06-18T17:00:54.074+0000] {processor.py:830} INFO - Processing file /home/airflow/.local/lib/python3.8/site-packages/airflow/example_dags/example_xcom.py for tasks to queue
[2026-06-18T17:00:54.078+0000] {logging_mixin.py:188} INFO - [2026-06-18T17:00:54.077+0000] {dagbag.py:538} INFO - Filling up the DagBag from /home/airflow/.local/lib/python3.8/site-packages/airflow/example_dags/example_xcom.py
[2026-06-18T17:00:54.092+0000] {processor.py:840} INFO - DAG(s) 'example_xcom' retrieved from /home/airflow/.local/lib/python3.8/site-packages/airflow/example_dags/example_xcom.py
[2026-06-18T17:00:54.281+0000] {logging_mixin.py:188} INFO - [2026-06-18T17:00:54.280+0000] {dag.py:3036} INFO - Sync 1 DAGs
[2026-06-18T17:00:54.318+0000] {logging_mixin.py:188} INFO - [2026-06-18T17:00:54.317+0000] {dag.py:3823} INFO - Setting next_dagrun for example_xcom to 2021-01-01 00:00:00+00:00, run_after=2021-01-01 00:00:00+00:00
[2026-06-18T17:00:54.353+0000] {processor.py:183} INFO - Processing /home/airflow/.local/lib/python3.8/site-packages/airflow/example_dags/example_xcom.py took 0.285 seconds
[2026-06-18T17:01:25.316+0000] {processor.py:161} INFO - Started process (PID=1510) to work on /home/airflow/.local/lib/python3.8/site-packages/airflow/example_dags/example_xcom.py
[2026-06-18T17:01:25.318+0000] {processor.py:830} INFO - Processing file /home/airflow/.local/lib/python3.8/site-packages/airflow/example_dags/example_xcom.py for tasks to queue
[2026-06-18T17:01:25.321+0000] {logging_mixin.py:188} INFO - [2026-06-18T17:01:25.321+0000] {dagbag.py:538} INFO - Filling up the DagBag from /home/airflow/.local/lib/python3.8/site-packages/airflow/example_dags/example_xcom.py
[2026-06-18T17:01:25.334+0000] {processor.py:840} INFO - DAG(s) 'example_xcom' retrieved from /home/airflow/.local/lib/python3.8/site-packages/airflow/example_dags/example_xcom.py
[2026-06-18T17:01:25.374+0000] {logging_mixin.py:188} INFO - [2026-06-18T17:01:25.374+0000] {dag.py:3036} INFO - Sync 1 DAGs
[2026-06-18T17:01:25.416+0000] {logging_mixin.py:188} INFO - [2026-06-18T17:01:25.415+0000] {dag.py:3823} INFO - Setting next_dagrun for example_xcom to 2021-01-01 00:00:00+00:00, run_after=2021-01-01 00:00:00+00:00
[2026-06-18T17:01:25.446+0000] {processor.py:183} INFO - Processing /home/airflow/.local/lib/python3.8/site-packages/airflow/example_dags/example_xcom.py took 0.136 seconds
[2026-06-18T17:01:56.016+0000] {processor.py:161} INFO - Started process (PID=1576) to work on /home/airflow/.local/lib/python3.8/site-packages/airflow/example_dags/example_xcom.py
[2026-06-18T17:01:56.018+0000] {processor.py:830} INFO - Processing file /home/airflow/.local/lib/python3.8/site-packages/airflow/example_dags/example_xcom.py for tasks to queue
[2026-06-18T17:01:56.021+0000] {logging_mixin.py:188} INFO - [2026-06-18T17:01:56.020+0000] {dagbag.py:538} INFO - Filling up the DagBag from /home/airflow/.local/lib/python3.8/site-packages/airflow/example_dags/example_xcom.py
[2026-06-18T17:01:56.034+0000] {processor.py:840} INFO - DAG(s) 'example_xcom' retrieved from /home/airflow/.local/lib/python3.8/site-packages/airflow/example_dags/example_xcom.py
[2026-06-18T17:01:56.078+0000] {logging_mixin.py:188} INFO - [2026-06-18T17:01:56.078+0000] {dag.py:3036} INFO - Sync 1 DAGs
[2026-06-18T17:01:56.119+0000] {logging_mixin.py:188} INFO - [2026-06-18T17:01:56.118+0000] {dag.py:3823} INFO - Setting next_dagrun for example_xcom to 2021-01-01 00:00:00+00:00, run_after=2021-01-01 00:00:00+00:00
[2026-06-18T17:01:56.153+0000] {processor.py:183} INFO - Processing /home/airflow/.local/lib/python3.8/site-packages/airflow/example_dags/example_xcom.py took 0.143 seconds
[2026-06-18T17:02:26.574+0000] {processor.py:161} INFO - Started process (PID=1642) to work on /home/airflow/.local/lib/python3.8/site-packages/airflow/example_dags/example_xcom.py
[2026-06-18T17:02:26.576+0000] {processor.py:830} INFO - Processing file /home/airflow/.local/lib/python3.8/site-packages/airflow/example_dags/example_xcom.py for tasks to queue
[2026-06-18T17:02:26.579+0000] {logging_mixin.py:188} INFO - [2026-06-18T17:02:26.578+0000] {dagbag.py:538} INFO - Filling up the DagBag from /home/airflow/.local/lib/python3.8/site-packages/airflow/example_dags/example_xcom.py
[2026-06-18T17:02:26.590+0000] {processor.py:840} INFO - DAG(s) 'example_xcom' retrieved from /home/airflow/.local/lib/python3.8/site-packages/airflow/example_dags/example_xcom.py
[2026-06-18T17:02:26.629+0000] {logging_mixin.py:188} INFO - [2026-06-18T17:02:26.629+0000] {dag.py:3036} INFO - Sync 1 DAGs
[2026-06-18T17:02:26.665+0000] {logging_mixin.py:188} INFO - [2026-06-18T17:02:26.665+0000] {dag.py:3823} INFO - Setting next_dagrun for example_xcom to 2021-01-01 00:00:00+00:00, run_after=2021-01-01 00:00:00+00:00
[2026-06-18T17:02:26.696+0000] {processor.py:183} INFO - Processing /home/airflow/.local/lib/python3.8/site-packages/airflow/example_dags/example_xcom.py took 0.127 seconds
[2026-06-18T17:02:57.113+0000] {processor.py:161} INFO - Started process (PID=1707) to work on /home/airflow/.local/lib/python3.8/site-packages/airflow/example_dags/example_xcom.py
[2026-06-18T17:02:57.115+0000] {processor.py:830} INFO - Processing file /home/airflow/.local/lib/python3.8/site-packages/airflow/example_dags/example_xcom.py for tasks to queue
[2026-06-18T17:02:57.118+0000] {logging_mixin.py:188} INFO - [2026-06-18T17:02:57.117+0000] {dagbag.py:538} INFO - Filling up the DagBag from /home/airflow/.local/lib/python3.8/site-packages/airflow/example_dags/example_xcom.py
[2026-06-18T17:02:57.132+0000] {processor.py:840} INFO - DAG(s) 'example_xcom' retrieved from /home/airflow/.local/lib/python3.8/site-packages/airflow/example_dags/example_xcom.py
[2026-06-18T17:02:57.171+0000] {logging_mixin.py:188} INFO - [2026-06-18T17:02:57.170+0000] {dag.py:3036} INFO - Sync 1 DAGs
[2026-06-18T17:02:57.213+0000] {logging_mixin.py:188} INFO - [2026-06-18T17:02:57.212+0000] {dag.py:3823} INFO - Setting next_dagrun for example_xcom to 2021-01-01 00:00:00+00:00, run_after=2021-01-01 00:00:00+00:00
[2026-06-18T17:02:57.246+0000] {processor.py:183} INFO - Processing /home/airflow/.local/lib/python3.8/site-packages/airflow/example_dags/example_xcom.py took 0.138 seconds
[2026-06-18T17:03:27.779+0000] {processor.py:161} INFO - Started process (PID=1773) to work on /home/airflow/.local/lib/python3.8/site-packages/airflow/example_dags/example_xcom.py
[2026-06-18T17:03:27.781+0000] {processor.py:830} INFO - Processing file /home/airflow/.local/lib/python3.8/site-packages/airflow/example_dags/example_xcom.py for tasks to queue
[2026-06-18T17:03:27.784+0000] {logging_mixin.py:188} INFO - [2026-06-18T17:03:27.783+0000] {dagbag.py:538} INFO - Filling up the DagBag from /home/airflow/.local/lib/python3.8/site-packages/airflow/example_dags/example_xcom.py
[2026-06-18T17:03:27.796+0000] {processor.py:840} INFO - DAG(s) 'example_xcom' retrieved from /home/airflow/.local/lib/python3.8/site-packages/airflow/example_dags/example_xcom.py
[2026-06-18T17:03:27.837+0000] {logging_mixin.py:188} INFO - [2026-06-18T17:03:27.837+0000] {dag.py:3036} INFO - Sync 1 DAGs
[2026-06-18T17:03:27.883+0000] {logging_mixin.py:188} INFO - [2026-06-18T17:03:27.882+0000] {dag.py:3823} INFO - Setting next_dagrun for example_xcom to 2021-01-01 00:00:00+00:00, run_after=2021-01-01 00:00:00+00:00
[2026-06-18T17:03:27.920+0000] {processor.py:183} INFO - Processing /home/airflow/.local/lib/python3.8/site-packages/airflow/example_dags/example_xcom.py took 0.147 seconds
[2026-06-18T17:03:58.100+0000] {processor.py:161} INFO - Started process (PID=1839) to work on /home/airflow/.local/lib/python3.8/site-packages/airflow/example_dags/example_xcom.py
[2026-06-18T17:03:58.101+0000] {processor.py:830} INFO - Processing file /home/airflow/.local/lib/python3.8/site-packages/airflow/example_dags/example_xcom.py for tasks to queue
[2026-06-18T17:03:58.104+0000] {logging_mixin.py:188} INFO - [2026-06-18T17:03:58.103+0000] {dagbag.py:538} INFO - Filling up the DagBag from /home/airflow/.local/lib/python3.8/site-packages/airflow/example_dags/example_xcom.py
[2026-06-18T17:03:58.115+0000] {processor.py:840} INFO - DAG(s) 'example_xcom' retrieved from /home/airflow/.local/lib/python3.8/site-packages/airflow/example_dags/example_xcom.py
[2026-06-18T17:03:58.151+0000] {logging_mixin.py:188} INFO - [2026-06-18T17:03:58.151+0000] {dag.py:3036} INFO - Sync 1 DAGs
[2026-06-18T17:03:58.188+0000] {logging_mixin.py:188} INFO - [2026-06-18T17:03:58.187+0000] {dag.py:3823} INFO - Setting next_dagrun for example_xcom to 2021-01-01 00:00:00+00:00, run_after=2021-01-01 00:00:00+00:00
[2026-06-18T17:03:58.218+0000] {processor.py:183} INFO - Processing /home/airflow/.local/lib/python3.8/site-packages/airflow/example_dags/example_xcom.py took 0.124 seconds
[2026-06-18T17:04:28.378+0000] {processor.py:161} INFO - Started process (PID=1913) to work on /home/airflow/.local/lib/python3.8/site-packages/airflow/example_dags/example_xcom.py
[2026-06-18T17:04:28.380+0000] {processor.py:830} INFO - Processing file /home/airflow/.local/lib/python3.8/site-packages/airflow/example_dags/example_xcom.py for tasks to queue
[2026-06-18T17:04:28.383+0000] {logging_mixin.py:188} INFO - [2026-06-18T17:04:28.382+0000] {dagbag.py:538} INFO - Filling up the DagBag from /home/airflow/.local/lib/python3.8/site-packages/airflow/example_dags/example_xcom.py
[2026-06-18T17:04:28.400+0000] {processor.py:840} INFO - DAG(s) 'example_xcom' retrieved from /home/airflow/.local/lib/python3.8/site-packages/airflow/example_dags/example_xcom.py
[2026-06-18T17:04:28.444+0000] {logging_mixin.py:188} INFO - [2026-06-18T17:04:28.444+0000] {dag.py:3036} INFO - Sync 1 DAGs
[2026-06-18T17:04:28.497+0000] {logging_mixin.py:188} INFO - [2026-06-18T17:04:28.496+0000] {dag.py:3823} INFO - Setting next_dagrun for example_xcom to 2021-01-01 00:00:00+00:00, run_after=2021-01-01 00:00:00+00:00
[2026-06-18T17:04:28.532+0000] {processor.py:183} INFO - Processing /home/airflow/.local/lib/python3.8/site-packages/airflow/example_dags/example_xcom.py took 0.160 seconds
[2026-06-18T17:04:58.870+0000] {processor.py:161} INFO - Started process (PID=1979) to work on /home/airflow/.local/lib/python3.8/site-packages/airflow/example_dags/example_xcom.py
[2026-06-18T17:04:58.872+0000] {processor.py:830} INFO - Processing file /home/airflow/.local/lib/python3.8/site-packages/airflow/example_dags/example_xcom.py for tasks to queue
[2026-06-18T17:04:58.875+0000] {logging_mixin.py:188} INFO - [2026-06-18T17:04:58.874+0000] {dagbag.py:538} INFO - Filling up the DagBag from /home/airflow/.local/lib/python3.8/site-packages/airflow/example_dags/example_xcom.py
[2026-06-18T17:04:58.889+0000] {processor.py:840} INFO - DAG(s) 'example_xcom' retrieved from /home/airflow/.local/lib/python3.8/site-packages/airflow/example_dags/example_xcom.py
[2026-06-18T17:04:58.931+0000] {logging_mixin.py:188} INFO - [2026-06-18T17:04:58.930+0000] {dag.py:3036} INFO - Sync 1 DAGs
[2026-06-18T17:04:58.965+0000] {logging_mixin.py:188} INFO - [2026-06-18T17:04:58.965+0000] {dag.py:3823} INFO - Setting next_dagrun for example_xcom to 2021-01-01 00:00:00+00:00, run_after=2021-01-01 00:00:00+00:00
[2026-06-18T17:04:58.997+0000] {processor.py:183} INFO - Processing /home/airflow/.local/lib/python3.8/site-packages/airflow/example_dags/example_xcom.py took 0.133 seconds
[2026-06-18T17:05:29.623+0000] {processor.py:161} INFO - Started process (PID=2045) to work on /home/airflow/.local/lib/python3.8/site-packages/airflow/example_dags/example_xcom.py
[2026-06-18T17:05:29.625+0000] {processor.py:830} INFO - Processing file /home/airflow/.local/lib/python3.8/site-packages/airflow/example_dags/example_xcom.py for tasks to queue
[2026-06-18T17:05:29.628+0000] {logging_mixin.py:188} INFO - [2026-06-18T17:05:29.627+0000] {dagbag.py:538} INFO - Filling up the DagBag from /home/airflow/.local/lib/python3.8/site-packages/airflow/example_dags/example_xcom.py
[2026-06-18T17:05:29.643+0000] {processor.py:840} INFO - DAG(s) 'example_xcom' retrieved from /home/airflow/.local/lib/python3.8/site-packages/airflow/example_dags/example_xcom.py
[2026-06-18T17:05:29.689+0000] {logging_mixin.py:188} INFO - [2026-06-18T17:05:29.688+0000] {dag.py:3036} INFO - Sync 1 DAGs
[2026-06-18T17:05:29.753+0000] {logging_mixin.py:188} INFO - [2026-06-18T17:05:29.753+0000] {dag.py:3823} INFO - Setting next_dagrun for example_xcom to 2021-01-01 00:00:00+00:00, run_after=2021-01-01 00:00:00+00:00
[2026-06-18T17:05:29.797+0000] {processor.py:183} INFO - Processing /home/airflow/.local/lib/python3.8/site-packages/airflow/example_dags/example_xcom.py took 0.180 seconds
[2026-06-18T17:05:59.954+0000] {processor.py:161} INFO - Started process (PID=2110) to work on /home/airflow/.local/lib/python3.8/site-packages/airflow/example_dags/example_xcom.py
[2026-06-18T17:05:59.956+0000] {processor.py:830} INFO - Processing file /home/airflow/.local/lib/python3.8/site-packages/airflow/example_dags/example_xcom.py for tasks to queue
[2026-06-18T17:05:59.959+0000] {logging_mixin.py:188} INFO - [2026-06-18T17:05:59.958+0000] {dagbag.py:538} INFO - Filling up the DagBag from /home/airflow/.local/lib/python3.8/site-packages/airflow/example_dags/example_xcom.py
[2026-06-18T17:05:59.973+0000] {processor.py:840} INFO - DAG(s) 'example_xcom' retrieved from /home/airflow/.local/lib/python3.8/site-packages/airflow/example_dags/example_xcom.py
[2026-06-18T17:06:00.021+0000] {logging_mixin.py:188} INFO - [2026-06-18T17:06:00.020+0000] {dag.py:3036} INFO - Sync 1 DAGs
[2026-06-18T17:06:00.064+0000] {logging_mixin.py:188} INFO - [2026-06-18T17:06:00.064+0000] {dag.py:3823} INFO - Setting next_dagrun for example_xcom to 2021-01-01 00:00:00+00:00, run_after=2021-01-01 00:00:00+00:00
[2026-06-18T17:06:00.101+0000] {processor.py:183} INFO - Processing /home/airflow/.local/lib/python3.8/site-packages/airflow/example_dags/example_xcom.py took 0.153 seconds
[2026-06-18T17:06:30.396+0000] {processor.py:161} INFO - Started process (PID=2176) to work on /home/airflow/.local/lib/python3.8/site-packages/airflow/example_dags/example_xcom.py
[2026-06-18T17:06:30.399+0000] {processor.py:830} INFO - Processing file /home/airflow/.local/lib/python3.8/site-packages/airflow/example_dags/example_xcom.py for tasks to queue
[2026-06-18T17:06:30.402+0000] {logging_mixin.py:188} INFO - [2026-06-18T17:06:30.402+0000] {dagbag.py:538} INFO - Filling up the DagBag from /home/airflow/.local/lib/python3.8/site-packages/airflow/example_dags/example_xcom.py
[2026-06-18T17:06:30.416+0000] {processor.py:840} INFO - DAG(s) 'example_xcom' retrieved from /home/airflow/.local/lib/python3.8/site-packages/airflow/example_dags/example_xcom.py
[2026-06-18T17:06:30.462+0000] {logging_mixin.py:188} INFO - [2026-06-18T17:06:30.462+0000] {dag.py:3036} INFO - Sync 1 DAGs
[2026-06-18T17:06:30.508+0000] {logging_mixin.py:188} INFO - [2026-06-18T17:06:30.507+0000] {dag.py:3823} INFO - Setting next_dagrun for example_xcom to 2021-01-01 00:00:00+00:00, run_after=2021-01-01 00:00:00+00:00
[2026-06-18T17:06:30.543+0000] {processor.py:183} INFO - Processing /home/airflow/.local/lib/python3.8/site-packages/airflow/example_dags/example_xcom.py took 0.154 seconds
[2026-06-18T17:07:00.635+0000] {processor.py:161} INFO - Started process (PID=2242) to work on /home/airflow/.local/lib/python3.8/site-packages/airflow/example_dags/example_xcom.py
[2026-06-18T17:07:00.636+0000] {processor.py:830} INFO - Processing file /home/airflow/.local/lib/python3.8/site-packages/airflow/example_dags/example_xcom.py for tasks to queue
[2026-06-18T17:07:00.639+0000] {logging_mixin.py:188} INFO - [2026-06-18T17:07:00.639+0000] {dagbag.py:538} INFO - Filling up the DagBag from /home/airflow/.local/lib/python3.8/site-packages/airflow/example_dags/example_xcom.py
[2026-06-18T17:07:00.654+0000] {processor.py:840} INFO - DAG(s) 'example_xcom' retrieved from /home/airflow/.local/lib/python3.8/site-packages/airflow/example_dags/example_xcom.py
[2026-06-18T17:07:00.716+0000] {logging_mixin.py:188} INFO - [2026-06-18T17:07:00.716+0000] {dag.py:3036} INFO - Sync 1 DAGs
[2026-06-18T17:07:00.763+0000] {logging_mixin.py:188} INFO - [2026-06-18T17:07:00.763+0000] {dag.py:3823} INFO - Setting next_dagrun for example_xcom to 2021-01-01 00:00:00+00:00, run_after=2021-01-01 00:00:00+00:00
[2026-06-18T17:07:00.800+0000] {processor.py:183} INFO - Processing /home/airflow/.local/lib/python3.8/site-packages/airflow/example_dags/example_xcom.py took 0.172 seconds
[2026-06-18T17:07:31.545+0000] {processor.py:161} INFO - Started process (PID=2307) to work on /home/airflow/.local/lib/python3.8/site-packages/airflow/example_dags/example_xcom.py
[2026-06-18T17:07:31.548+0000] {processor.py:830} INFO - Processing file /home/airflow/.local/lib/python3.8/site-packages/airflow/example_dags/example_xcom.py for tasks to queue
[2026-06-18T17:07:31.550+0000] {logging_mixin.py:188} INFO - [2026-06-18T17:07:31.550+0000] {dagbag.py:538} INFO - Filling up the DagBag from /home/airflow/.local/lib/python3.8/site-packages/airflow/example_dags/example_xcom.py
[2026-06-18T17:07:31.563+0000] {processor.py:840} INFO - DAG(s) 'example_xcom' retrieved from /home/airflow/.local/lib/python3.8/site-packages/airflow/example_dags/example_xcom.py
[2026-06-18T17:07:31.603+0000] {logging_mixin.py:188} INFO - [2026-06-18T17:07:31.602+0000] {dag.py:3036} INFO - Sync 1 DAGs
[2026-06-18T17:07:31.643+0000] {logging_mixin.py:188} INFO - [2026-06-18T17:07:31.643+0000] {dag.py:3823} INFO - Setting next_dagrun for example_xcom to 2021-01-01 00:00:00+00:00, run_after=2021-01-01 00:00:00+00:00
[2026-06-18T17:07:31.679+0000] {processor.py:183} INFO - Processing /home/airflow/.local/lib/python3.8/site-packages/airflow/example_dags/example_xcom.py took 0.138 seconds
[2026-06-18T17:08:01.938+0000] {processor.py:161} INFO - Started process (PID=2374) to work on /home/airflow/.local/lib/python3.8/site-packages/airflow/example_dags/example_xcom.py
[2026-06-18T17:08:01.940+0000] {processor.py:830} INFO - Processing file /home/airflow/.local/lib/python3.8/site-packages/airflow/example_dags/example_xcom.py for tasks to queue
[2026-06-18T17:08:01.943+0000] {logging_mixin.py:188} INFO - [2026-06-18T17:08:01.942+0000] {dagbag.py:538} INFO - Filling up the DagBag from /home/airflow/.local/lib/python3.8/site-packages/airflow/example_dags/example_xcom.py
[2026-06-18T17:08:01.956+0000] {processor.py:840} INFO - DAG(s) 'example_xcom' retrieved from /home/airflow/.local/lib/python3.8/site-packages/airflow/example_dags/example_xcom.py
[2026-06-18T17:08:01.993+0000] {logging_mixin.py:188} INFO - [2026-06-18T17:08:01.992+0000] {dag.py:3036} INFO - Sync 1 DAGs
[2026-06-18T17:08:02.031+0000] {logging_mixin.py:188} INFO - [2026-06-18T17:08:02.030+0000] {dag.py:3823} INFO - Setting next_dagrun for example_xcom to 2021-01-01 00:00:00+00:00, run_after=2021-01-01 00:00:00+00:00
[2026-06-18T17:08:02.065+0000] {processor.py:183} INFO - Processing /home/airflow/.local/lib/python3.8/site-packages/airflow/example_dags/example_xcom.py took 0.131 seconds
[2026-06-18T17:08:32.285+0000] {processor.py:161} INFO - Started process (PID=2441) to work on /home/airflow/.local/lib/python3.8/site-packages/airflow/example_dags/example_xcom.py
[2026-06-18T17:08:32.287+0000] {processor.py:830} INFO - Processing file /home/airflow/.local/lib/python3.8/site-packages/airflow/example_dags/example_xcom.py for tasks to queue
[2026-06-18T17:08:32.290+0000] {logging_mixin.py:188} INFO - [2026-06-18T17:08:32.289+0000] {dagbag.py:538} INFO - Filling up the DagBag from /home/airflow/.local/lib/python3.8/site-packages/airflow/example_dags/example_xcom.py
[2026-06-18T17:08:32.303+0000] {processor.py:840} INFO - DAG(s) 'example_xcom' retrieved from /home/airflow/.local/lib/python3.8/site-packages/airflow/example_dags/example_xcom.py
[2026-06-18T17:08:32.347+0000] {logging_mixin.py:188} INFO - [2026-06-18T17:08:32.347+0000] {dag.py:3036} INFO - Sync 1 DAGs
[2026-06-18T17:08:32.389+0000] {logging_mixin.py:188} INFO - [2026-06-18T17:08:32.389+0000] {dag.py:3823} INFO - Setting next_dagrun for example_xcom to 2021-01-01 00:00:00+00:00, run_after=2021-01-01 00:00:00+00:00
[2026-06-18T17:08:32.425+0000] {processor.py:183} INFO - Processing /home/airflow/.local/lib/python3.8/site-packages/airflow/example_dags/example_xcom.py took 0.145 seconds
[2026-06-18T17:09:03.051+0000] {processor.py:161} INFO - Started process (PID=2504) to work on /home/airflow/.local/lib/python3.8/site-packages/airflow/example_dags/example_xcom.py
[2026-06-18T17:09:03.052+0000] {processor.py:830} INFO - Processing file /home/airflow/.local/lib/python3.8/site-packages/airflow/example_dags/example_xcom.py for tasks to queue
[2026-06-18T17:09:03.055+0000] {logging_mixin.py:188} INFO - [2026-06-18T17:09:03.055+0000] {dagbag.py:538} INFO - Filling up the DagBag from /home/airflow/.local/lib/python3.8/site-packages/airflow/example_dags/example_xcom.py
[2026-06-18T17:09:03.068+0000] {processor.py:840} INFO - DAG(s) 'example_xcom' retrieved from /home/airflow/.local/lib/python3.8/site-packages/airflow/example_dags/example_xcom.py
[2026-06-18T17:09:03.110+0000] {logging_mixin.py:188} INFO - [2026-06-18T17:09:03.110+0000] {dag.py:3036} INFO - Sync 1 DAGs
[2026-06-18T17:09:03.152+0000] {logging_mixin.py:188} INFO - [2026-06-18T17:09:03.151+0000] {dag.py:3823} INFO - Setting next_dagrun for example_xcom to 2021-01-01 00:00:00+00:00, run_after=2021-01-01 00:00:00+00:00
[2026-06-18T17:09:03.188+0000] {processor.py:183} INFO - Processing /home/airflow/.local/lib/python3.8/site-packages/airflow/example_dags/example_xcom.py took 0.143 seconds
[2026-06-18T17:09:33.774+0000] {processor.py:161} INFO - Started process (PID=2570) to work on /home/airflow/.local/lib/python3.8/site-packages/airflow/example_dags/example_xcom.py
[2026-06-18T17:09:33.776+0000] {processor.py:830} INFO - Processing file /home/airflow/.local/lib/python3.8/site-packages/airflow/example_dags/example_xcom.py for tasks to queue
[2026-06-18T17:09:33.779+0000] {logging_mixin.py:188} INFO - [2026-06-18T17:09:33.779+0000] {dagbag.py:538} INFO - Filling up the DagBag from /home/airflow/.local/lib/python3.8/site-packages/airflow/example_dags/example_xcom.py
[2026-06-18T17:09:33.791+0000] {processor.py:840} INFO - DAG(s) 'example_xcom' retrieved from /home/airflow/.local/lib/python3.8/site-packages/airflow/example_dags/example_xcom.py
[2026-06-18T17:09:33.836+0000] {logging_mixin.py:188} INFO - [2026-06-18T17:09:33.836+0000] {dag.py:3036} INFO - Sync 1 DAGs
[2026-06-18T17:09:33.878+0000] {logging_mixin.py:188} INFO - [2026-06-18T17:09:33.878+0000] {dag.py:3823} INFO - Setting next_dagrun for example_xcom to 2021-01-01 00:00:00+00:00, run_after=2021-01-01 00:00:00+00:00
[2026-06-18T17:09:33.911+0000] {processor.py:183} INFO - Processing /home/airflow/.local/lib/python3.8/site-packages/airflow/example_dags/example_xcom.py took 0.143 seconds
[2026-06-18T17:10:04.380+0000] {processor.py:161} INFO - Started process (PID=2637) to work on /home/airflow/.local/lib/python3.8/site-packages/airflow/example_dags/example_xcom.py
[2026-06-18T17:10:04.381+0000] {processor.py:830} INFO - Processing file /home/airflow/.local/lib/python3.8/site-packages/airflow/example_dags/example_xcom.py for tasks to queue
[2026-06-18T17:10:04.383+0000] {logging_mixin.py:188} INFO - [2026-06-18T17:10:04.383+0000] {dagbag.py:538} INFO - Filling up the DagBag from /home/airflow/.local/lib/python3.8/site-packages/airflow/example_dags/example_xcom.py
[2026-06-18T17:10:04.397+0000] {processor.py:840} INFO - DAG(s) 'example_xcom' retrieved from /home/airflow/.local/lib/python3.8/site-packages/airflow/example_dags/example_xcom.py
[2026-06-18T17:10:04.442+0000] {logging_mixin.py:188} INFO - [2026-06-18T17:10:04.442+0000] {dag.py:3036} INFO - Sync 1 DAGs
[2026-06-18T17:10:04.485+0000] {logging_mixin.py:188} INFO - [2026-06-18T17:10:04.485+0000] {dag.py:3823} INFO - Setting next_dagrun for example_xcom to 2021-01-01 00:00:00+00:00, run_after=2021-01-01 00:00:00+00:00
[2026-06-18T17:10:04.524+0000] {processor.py:183} INFO - Processing /home/airflow/.local/lib/python3.8/site-packages/airflow/example_dags/example_xcom.py took 0.149 seconds
[2026-06-18T17:10:35.070+0000] {processor.py:161} INFO - Started process (PID=2710) to work on /home/airflow/.local/lib/python3.8/site-packages/airflow/example_dags/example_xcom.py
[2026-06-18T17:10:35.073+0000] {processor.py:830} INFO - Processing file /home/airflow/.local/lib/python3.8/site-packages/airflow/example_dags/example_xcom.py for tasks to queue
[2026-06-18T17:10:35.076+0000] {logging_mixin.py:188} INFO - [2026-06-18T17:10:35.075+0000] {dagbag.py:538} INFO - Filling up the DagBag from /home/airflow/.local/lib/python3.8/site-packages/airflow/example_dags/example_xcom.py
[2026-06-18T17:10:35.089+0000] {processor.py:840} INFO - DAG(s) 'example_xcom' retrieved from /home/airflow/.local/lib/python3.8/site-packages/airflow/example_dags/example_xcom.py
[2026-06-18T17:10:35.129+0000] {logging_mixin.py:188} INFO - [2026-06-18T17:10:35.128+0000] {dag.py:3036} INFO - Sync 1 DAGs
[2026-06-18T17:10:35.177+0000] {logging_mixin.py:188} INFO - [2026-06-18T17:10:35.176+0000] {dag.py:3823} INFO - Setting next_dagrun for example_xcom to 2021-01-01 00:00:00+00:00, run_after=2021-01-01 00:00:00+00:00
[2026-06-18T17:10:35.215+0000] {processor.py:183} INFO - Processing /home/airflow/.local/lib/python3.8/site-packages/airflow/example_dags/example_xcom.py took 0.151 seconds
[2026-06-18T17:11:05.480+0000] {processor.py:161} INFO - Started process (PID=2777) to work on /home/airflow/.local/lib/python3.8/site-packages/airflow/example_dags/example_xcom.py
[2026-06-18T17:11:05.482+0000] {processor.py:830} INFO - Processing file /home/airflow/.local/lib/python3.8/site-packages/airflow/example_dags/example_xcom.py for tasks to queue
[2026-06-18T17:11:05.485+0000] {logging_mixin.py:188} INFO - [2026-06-18T17:11:05.484+0000] {dagbag.py:538} INFO - Filling up the DagBag from /home/airflow/.local/lib/python3.8/site-packages/airflow/example_dags/example_xcom.py
[2026-06-18T17:11:05.501+0000] {processor.py:840} INFO - DAG(s) 'example_xcom' retrieved from /home/airflow/.local/lib/python3.8/site-packages/airflow/example_dags/example_xcom.py
[2026-06-18T17:11:05.546+0000] {logging_mixin.py:188} INFO - [2026-06-18T17:11:05.546+0000] {dag.py:3036} INFO - Sync 1 DAGs
[2026-06-18T17:11:05.597+0000] {logging_mixin.py:188} INFO - [2026-06-18T17:11:05.597+0000] {dag.py:3823} INFO - Setting next_dagrun for example_xcom to 2021-01-01 00:00:00+00:00, run_after=2021-01-01 00:00:00+00:00
[2026-06-18T17:11:05.636+0000] {processor.py:183} INFO - Processing /home/airflow/.local/lib/python3.8/site-packages/airflow/example_dags/example_xcom.py took 0.162 seconds
[2026-06-18T17:11:35.711+0000] {processor.py:161} INFO - Started process (PID=2842) to work on /home/airflow/.local/lib/python3.8/site-packages/airflow/example_dags/example_xcom.py
[2026-06-18T17:11:35.714+0000] {processor.py:830} INFO - Processing file /home/airflow/.local/lib/python3.8/site-packages/airflow/example_dags/example_xcom.py for tasks to queue
[2026-06-18T17:11:35.717+0000] {logging_mixin.py:188} INFO - [2026-06-18T17:11:35.716+0000] {dagbag.py:538} INFO - Filling up the DagBag from /home/airflow/.local/lib/python3.8/site-packages/airflow/example_dags/example_xcom.py
[2026-06-18T17:11:35.732+0000] {processor.py:840} INFO - DAG(s) 'example_xcom' retrieved from /home/airflow/.local/lib/python3.8/site-packages/airflow/example_dags/example_xcom.py
[2026-06-18T17:11:35.782+0000] {logging_mixin.py:188} INFO - [2026-06-18T17:11:35.781+0000] {dag.py:3036} INFO - Sync 1 DAGs
[2026-06-18T17:11:35.828+0000] {logging_mixin.py:188} INFO - [2026-06-18T17:11:35.827+0000] {dag.py:3823} INFO - Setting next_dagrun for example_xcom to 2021-01-01 00:00:00+00:00, run_after=2021-01-01 00:00:00+00:00
[2026-06-18T17:11:35.869+0000] {processor.py:183} INFO - Processing /home/airflow/.local/lib/python3.8/site-packages/airflow/example_dags/example_xcom.py took 0.165 seconds
[2026-06-18T17:12:06.132+0000] {processor.py:161} INFO - Started process (PID=2908) to work on /home/airflow/.local/lib/python3.8/site-packages/airflow/example_dags/example_xcom.py
[2026-06-18T17:12:06.144+0000] {processor.py:830} INFO - Processing file /home/airflow/.local/lib/python3.8/site-packages/airflow/example_dags/example_xcom.py for tasks to queue
[2026-06-18T17:12:06.147+0000] {logging_mixin.py:188} INFO - [2026-06-18T17:12:06.146+0000] {dagbag.py:538} INFO - Filling up the DagBag from /home/airflow/.local/lib/python3.8/site-packages/airflow/example_dags/example_xcom.py
[2026-06-18T17:12:06.180+0000] {processor.py:840} INFO - DAG(s) 'example_xcom' retrieved from /home/airflow/.local/lib/python3.8/site-packages/airflow/example_dags/example_xcom.py
[2026-06-18T17:12:06.236+0000] {logging_mixin.py:188} INFO - [2026-06-18T17:12:06.236+0000] {dag.py:3036} INFO - Sync 1 DAGs
[2026-06-18T17:12:06.506+0000] {logging_mixin.py:188} INFO - [2026-06-18T17:12:06.505+0000] {dag.py:3823} INFO - Setting next_dagrun for example_xcom to 2021-01-01 00:00:00+00:00, run_after=2021-01-01 00:00:00+00:00
[2026-06-18T17:12:06.551+0000] {processor.py:183} INFO - Processing /home/airflow/.local/lib/python3.8/site-packages/airflow/example_dags/example_xcom.py took 0.443 seconds
[2026-06-18T17:12:36.830+0000] {processor.py:161} INFO - Started process (PID=2975) to work on /home/airflow/.local/lib/python3.8/site-packages/airflow/example_dags/example_xcom.py
[2026-06-18T17:12:36.832+0000] {processor.py:830} INFO - Processing file /home/airflow/.local/lib/python3.8/site-packages/airflow/example_dags/example_xcom.py for tasks to queue
[2026-06-18T17:12:36.835+0000] {logging_mixin.py:188} INFO - [2026-06-18T17:12:36.834+0000] {dagbag.py:538} INFO - Filling up the DagBag from /home/airflow/.local/lib/python3.8/site-packages/airflow/example_dags/example_xcom.py
[2026-06-18T17:12:36.854+0000] {processor.py:840} INFO - DAG(s) 'example_xcom' retrieved from /home/airflow/.local/lib/python3.8/site-packages/airflow/example_dags/example_xcom.py
[2026-06-18T17:12:36.901+0000] {logging_mixin.py:188} INFO - [2026-06-18T17:12:36.901+0000] {dag.py:3036} INFO - Sync 1 DAGs
[2026-06-18T17:12:36.957+0000] {logging_mixin.py:188} INFO - [2026-06-18T17:12:36.956+0000] {dag.py:3823} INFO - Setting next_dagrun for example_xcom to 2021-01-01 00:00:00+00:00, run_after=2021-01-01 00:00:00+00:00
[2026-06-18T17:12:37.211+0000] {processor.py:183} INFO - Processing /home/airflow/.local/lib/python3.8/site-packages/airflow/example_dags/example_xcom.py took 0.387 seconds
[2026-06-18T17:13:07.598+0000] {processor.py:161} INFO - Started process (PID=3040) to work on /home/airflow/.local/lib/python3.8/site-packages/airflow/example_dags/example_xcom.py
[2026-06-18T17:13:07.602+0000] {processor.py:830} INFO - Processing file /home/airflow/.local/lib/python3.8/site-packages/airflow/example_dags/example_xcom.py for tasks to queue
[2026-06-18T17:13:07.605+0000] {logging_mixin.py:188} INFO - [2026-06-18T17:13:07.604+0000] {dagbag.py:538} INFO - Filling up the DagBag from /home/airflow/.local/lib/python3.8/site-packages/airflow/example_dags/example_xcom.py
[2026-06-18T17:13:07.621+0000] {processor.py:840} INFO - DAG(s) 'example_xcom' retrieved from /home/airflow/.local/lib/python3.8/site-packages/airflow/example_dags/example_xcom.py
[2026-06-18T17:13:07.675+0000] {logging_mixin.py:188} INFO - [2026-06-18T17:13:07.674+0000] {dag.py:3036} INFO - Sync 1 DAGs
[2026-06-18T17:13:07.727+0000] {logging_mixin.py:188} INFO - [2026-06-18T17:13:07.727+0000] {dag.py:3823} INFO - Setting next_dagrun for example_xcom to 2021-01-01 00:00:00+00:00, run_after=2021-01-01 00:00:00+00:00
[2026-06-18T17:13:07.765+0000] {processor.py:183} INFO - Processing /home/airflow/.local/lib/python3.8/site-packages/airflow/example_dags/example_xcom.py took 0.173 seconds
[2026-06-18T17:13:38.414+0000] {processor.py:161} INFO - Started process (PID=3105) to work on /home/airflow/.local/lib/python3.8/site-packages/airflow/example_dags/example_xcom.py
[2026-06-18T17:13:38.415+0000] {processor.py:830} INFO - Processing file /home/airflow/.local/lib/python3.8/site-packages/airflow/example_dags/example_xcom.py for tasks to queue
[2026-06-18T17:13:38.418+0000] {logging_mixin.py:188} INFO - [2026-06-18T17:13:38.418+0000] {dagbag.py:538} INFO - Filling up the DagBag from /home/airflow/.local/lib/python3.8/site-packages/airflow/example_dags/example_xcom.py
[2026-06-18T17:13:38.443+0000] {processor.py:840} INFO - DAG(s) 'example_xcom' retrieved from /home/airflow/.local/lib/python3.8/site-packages/airflow/example_dags/example_xcom.py
[2026-06-18T17:13:38.489+0000] {logging_mixin.py:188} INFO - [2026-06-18T17:13:38.489+0000] {dag.py:3036} INFO - Sync 1 DAGs
[2026-06-18T17:13:38.531+0000] {logging_mixin.py:188} INFO - [2026-06-18T17:13:38.530+0000] {dag.py:3823} INFO - Setting next_dagrun for example_xcom to 2021-01-01 00:00:00+00:00, run_after=2021-01-01 00:00:00+00:00
[2026-06-18T17:13:38.564+0000] {processor.py:183} INFO - Processing /home/airflow/.local/lib/python3.8/site-packages/airflow/example_dags/example_xcom.py took 0.157 seconds
[2026-06-18T17:14:09.188+0000] {processor.py:161} INFO - Started process (PID=3170) to work on /home/airflow/.local/lib/python3.8/site-packages/airflow/example_dags/example_xcom.py
[2026-06-18T17:14:09.190+0000] {processor.py:830} INFO - Processing file /home/airflow/.local/lib/python3.8/site-packages/airflow/example_dags/example_xcom.py for tasks to queue
[2026-06-18T17:14:09.193+0000] {logging_mixin.py:188} INFO - [2026-06-18T17:14:09.192+0000] {dagbag.py:538} INFO - Filling up the DagBag from /home/airflow/.local/lib/python3.8/site-packages/airflow/example_dags/example_xcom.py
[2026-06-18T17:14:09.206+0000] {processor.py:840} INFO - DAG(s) 'example_xcom' retrieved from /home/airflow/.local/lib/python3.8/site-packages/airflow/example_dags/example_xcom.py
[2026-06-18T17:14:09.475+0000] {logging_mixin.py:188} INFO - [2026-06-18T17:14:09.475+0000] {dag.py:3036} INFO - Sync 1 DAGs
[2026-06-18T17:14:09.528+0000] {logging_mixin.py:188} INFO - [2026-06-18T17:14:09.527+0000] {dag.py:3823} INFO - Setting next_dagrun for example_xcom to 2021-01-01 00:00:00+00:00, run_after=2021-01-01 00:00:00+00:00
[2026-06-18T17:14:09.563+0000] {processor.py:183} INFO - Processing /home/airflow/.local/lib/python3.8/site-packages/airflow/example_dags/example_xcom.py took 0.381 seconds
[2026-06-18T17:14:39.664+0000] {processor.py:161} INFO - Started process (PID=3236) to work on /home/airflow/.local/lib/python3.8/site-packages/airflow/example_dags/example_xcom.py
[2026-06-18T17:14:39.665+0000] {processor.py:830} INFO - Processing file /home/airflow/.local/lib/python3.8/site-packages/airflow/example_dags/example_xcom.py for tasks to queue
[2026-06-18T17:14:39.668+0000] {logging_mixin.py:188} INFO - [2026-06-18T17:14:39.668+0000] {dagbag.py:538} INFO - Filling up the DagBag from /home/airflow/.local/lib/python3.8/site-packages/airflow/example_dags/example_xcom.py
[2026-06-18T17:14:39.683+0000] {processor.py:840} INFO - DAG(s) 'example_xcom' retrieved from /home/airflow/.local/lib/python3.8/site-packages/airflow/example_dags/example_xcom.py
[2026-06-18T17:14:39.720+0000] {logging_mixin.py:188} INFO - [2026-06-18T17:14:39.720+0000] {dag.py:3036} INFO - Sync 1 DAGs
[2026-06-18T17:14:39.761+0000] {logging_mixin.py:188} INFO - [2026-06-18T17:14:39.761+0000] {dag.py:3823} INFO - Setting next_dagrun for example_xcom to 2021-01-01 00:00:00+00:00, run_after=2021-01-01 00:00:00+00:00
[2026-06-18T17:14:39.799+0000] {processor.py:183} INFO - Processing /home/airflow/.local/lib/python3.8/site-packages/airflow/example_dags/example_xcom.py took 0.141 seconds
[2026-06-18T17:15:10.094+0000] {processor.py:161} INFO - Started process (PID=3303) to work on /home/airflow/.local/lib/python3.8/site-packages/airflow/example_dags/example_xcom.py
[2026-06-18T17:15:10.097+0000] {processor.py:830} INFO - Processing file /home/airflow/.local/lib/python3.8/site-packages/airflow/example_dags/example_xcom.py for tasks to queue
[2026-06-18T17:15:10.100+0000] {logging_mixin.py:188} INFO - [2026-06-18T17:15:10.099+0000] {dagbag.py:538} INFO - Filling up the DagBag from /home/airflow/.local/lib/python3.8/site-packages/airflow/example_dags/example_xcom.py
[2026-06-18T17:15:10.112+0000] {processor.py:840} INFO - DAG(s) 'example_xcom' retrieved from /home/airflow/.local/lib/python3.8/site-packages/airflow/example_dags/example_xcom.py
[2026-06-18T17:15:10.155+0000] {logging_mixin.py:188} INFO - [2026-06-18T17:15:10.154+0000] {dag.py:3036} INFO - Sync 1 DAGs
[2026-06-18T17:15:10.196+0000] {logging_mixin.py:188} INFO - [2026-06-18T17:15:10.195+0000] {dag.py:3823} INFO - Setting next_dagrun for example_xcom to 2021-01-01 00:00:00+00:00, run_after=2021-01-01 00:00:00+00:00
[2026-06-18T17:15:10.231+0000] {processor.py:183} INFO - Processing /home/airflow/.local/lib/python3.8/site-packages/airflow/example_dags/example_xcom.py took 0.142 seconds
[2026-06-18T17:15:40.354+0000] {processor.py:161} INFO - Started process (PID=3368) to work on /home/airflow/.local/lib/python3.8/site-packages/airflow/example_dags/example_xcom.py
[2026-06-18T17:15:40.355+0000] {processor.py:830} INFO - Processing file /home/airflow/.local/lib/python3.8/site-packages/airflow/example_dags/example_xcom.py for tasks to queue
[2026-06-18T17:15:40.359+0000] {logging_mixin.py:188} INFO - [2026-06-18T17:15:40.359+0000] {dagbag.py:538} INFO - Filling up the DagBag from /home/airflow/.local/lib/python3.8/site-packages/airflow/example_dags/example_xcom.py
[2026-06-18T17:15:40.375+0000] {processor.py:840} INFO - DAG(s) 'example_xcom' retrieved from /home/airflow/.local/lib/python3.8/site-packages/airflow/example_dags/example_xcom.py
[2026-06-18T17:15:40.415+0000] {logging_mixin.py:188} INFO - [2026-06-18T17:15:40.414+0000] {dag.py:3036} INFO - Sync 1 DAGs
[2026-06-18T17:15:40.457+0000] {logging_mixin.py:188} INFO - [2026-06-18T17:15:40.457+0000] {dag.py:3823} INFO - Setting next_dagrun for example_xcom to 2021-01-01 00:00:00+00:00, run_after=2021-01-01 00:00:00+00:00
[2026-06-18T17:15:40.493+0000] {processor.py:183} INFO - Processing /home/airflow/.local/lib/python3.8/site-packages/airflow/example_dags/example_xcom.py took 0.145 seconds
[2026-06-18T17:16:10.884+0000] {processor.py:161} INFO - Started process (PID=3434) to work on /home/airflow/.local/lib/python3.8/site-packages/airflow/example_dags/example_xcom.py
[2026-06-18T17:16:10.887+0000] {processor.py:830} INFO - Processing file /home/airflow/.local/lib/python3.8/site-packages/airflow/example_dags/example_xcom.py for tasks to queue
[2026-06-18T17:16:10.890+0000] {logging_mixin.py:188} INFO - [2026-06-18T17:16:10.889+0000] {dagbag.py:538} INFO - Filling up the DagBag from /home/airflow/.local/lib/python3.8/site-packages/airflow/example_dags/example_xcom.py
[2026-06-18T17:16:10.903+0000] {processor.py:840} INFO - DAG(s) 'example_xcom' retrieved from /home/airflow/.local/lib/python3.8/site-packages/airflow/example_dags/example_xcom.py
[2026-06-18T17:16:10.949+0000] {logging_mixin.py:188} INFO - [2026-06-18T17:16:10.949+0000] {dag.py:3036} INFO - Sync 1 DAGs
[2026-06-18T17:16:11.021+0000] {logging_mixin.py:188} INFO - [2026-06-18T17:16:11.020+0000] {dag.py:3823} INFO - Setting next_dagrun for example_xcom to 2021-01-01 00:00:00+00:00, run_after=2021-01-01 00:00:00+00:00
[2026-06-18T17:16:11.062+0000] {processor.py:183} INFO - Processing /home/airflow/.local/lib/python3.8/site-packages/airflow/example_dags/example_xcom.py took 0.183 seconds
[2026-06-18T17:16:41.125+0000] {processor.py:161} INFO - Started process (PID=3499) to work on /home/airflow/.local/lib/python3.8/site-packages/airflow/example_dags/example_xcom.py
[2026-06-18T17:16:41.127+0000] {processor.py:830} INFO - Processing file /home/airflow/.local/lib/python3.8/site-packages/airflow/example_dags/example_xcom.py for tasks to queue
[2026-06-18T17:16:41.131+0000] {logging_mixin.py:188} INFO - [2026-06-18T17:16:41.130+0000] {dagbag.py:538} INFO - Filling up the DagBag from /home/airflow/.local/lib/python3.8/site-packages/airflow/example_dags/example_xcom.py
[2026-06-18T17:16:41.145+0000] {processor.py:840} INFO - DAG(s) 'example_xcom' retrieved from /home/airflow/.local/lib/python3.8/site-packages/airflow/example_dags/example_xcom.py
[2026-06-18T17:16:41.190+0000] {logging_mixin.py:188} INFO - [2026-06-18T17:16:41.189+0000] {dag.py:3036} INFO - Sync 1 DAGs
[2026-06-18T17:16:41.238+0000] {logging_mixin.py:188} INFO - [2026-06-18T17:16:41.238+0000] {dag.py:3823} INFO - Setting next_dagrun for example_xcom to 2021-01-01 00:00:00+00:00, run_after=2021-01-01 00:00:00+00:00
[2026-06-18T17:16:41.275+0000] {processor.py:183} INFO - Processing /home/airflow/.local/lib/python3.8/site-packages/airflow/example_dags/example_xcom.py took 0.156 seconds
[2026-06-18T17:17:11.508+0000] {processor.py:161} INFO - Started process (PID=3566) to work on /home/airflow/.local/lib/python3.8/site-packages/airflow/example_dags/example_xcom.py
[2026-06-18T17:17:11.510+0000] {processor.py:830} INFO - Processing file /home/airflow/.local/lib/python3.8/site-packages/airflow/example_dags/example_xcom.py for tasks to queue
[2026-06-18T17:17:11.512+0000] {logging_mixin.py:188} INFO - [2026-06-18T17:17:11.512+0000] {dagbag.py:538} INFO - Filling up the DagBag from /home/airflow/.local/lib/python3.8/site-packages/airflow/example_dags/example_xcom.py
[2026-06-18T17:17:11.525+0000] {processor.py:840} INFO - DAG(s) 'example_xcom' retrieved from /home/airflow/.local/lib/python3.8/site-packages/airflow/example_dags/example_xcom.py
[2026-06-18T17:17:11.567+0000] {logging_mixin.py:188} INFO - [2026-06-18T17:17:11.567+0000] {dag.py:3036} INFO - Sync 1 DAGs
[2026-06-18T17:17:11.605+0000] {logging_mixin.py:188} INFO - [2026-06-18T17:17:11.605+0000] {dag.py:3823} INFO - Setting next_dagrun for example_xcom to 2021-01-01 00:00:00+00:00, run_after=2021-01-01 00:00:00+00:00
[2026-06-18T17:17:11.635+0000] {processor.py:183} INFO - Processing /home/airflow/.local/lib/python3.8/site-packages/airflow/example_dags/example_xcom.py took 0.133 seconds
[2026-06-18T17:17:41.905+0000] {processor.py:161} INFO - Started process (PID=3632) to work on /home/airflow/.local/lib/python3.8/site-packages/airflow/example_dags/example_xcom.py
[2026-06-18T17:17:41.907+0000] {processor.py:830} INFO - Processing file /home/airflow/.local/lib/python3.8/site-packages/airflow/example_dags/example_xcom.py for tasks to queue
[2026-06-18T17:17:41.910+0000] {logging_mixin.py:188} INFO - [2026-06-18T17:17:41.909+0000] {dagbag.py:538} INFO - Filling up the DagBag from /home/airflow/.local/lib/python3.8/site-packages/airflow/example_dags/example_xcom.py
[2026-06-18T17:17:41.922+0000] {processor.py:840} INFO - DAG(s) 'example_xcom' retrieved from /home/airflow/.local/lib/python3.8/site-packages/airflow/example_dags/example_xcom.py
[2026-06-18T17:17:41.969+0000] {logging_mixin.py:188} INFO - [2026-06-18T17:17:41.969+0000] {dag.py:3036} INFO - Sync 1 DAGs
[2026-06-18T17:17:42.011+0000] {logging_mixin.py:188} INFO - [2026-06-18T17:17:42.011+0000] {dag.py:3823} INFO - Setting next_dagrun for example_xcom to 2021-01-01 00:00:00+00:00, run_after=2021-01-01 00:00:00+00:00
[2026-06-18T17:17:42.047+0000] {processor.py:183} INFO - Processing /home/airflow/.local/lib/python3.8/site-packages/airflow/example_dags/example_xcom.py took 0.148 seconds
[2026-06-18T17:18:12.673+0000] {processor.py:161} INFO - Started process (PID=3698) to work on /home/airflow/.local/lib/python3.8/site-packages/airflow/example_dags/example_xcom.py
[2026-06-18T17:18:12.674+0000] {processor.py:830} INFO - Processing file /home/airflow/.local/lib/python3.8/site-packages/airflow/example_dags/example_xcom.py for tasks to queue
[2026-06-18T17:18:12.677+0000] {logging_mixin.py:188} INFO - [2026-06-18T17:18:12.676+0000] {dagbag.py:538} INFO - Filling up the DagBag from /home/airflow/.local/lib/python3.8/site-packages/airflow/example_dags/example_xcom.py
[2026-06-18T17:18:12.689+0000] {processor.py:840} INFO - DAG(s) 'example_xcom' retrieved from /home/airflow/.local/lib/python3.8/site-packages/airflow/example_dags/example_xcom.py
[2026-06-18T17:18:12.729+0000] {logging_mixin.py:188} INFO - [2026-06-18T17:18:12.729+0000] {dag.py:3036} INFO - Sync 1 DAGs
[2026-06-18T17:18:12.775+0000] {logging_mixin.py:188} INFO - [2026-06-18T17:18:12.774+0000] {dag.py:3823} INFO - Setting next_dagrun for example_xcom to 2021-01-01 00:00:00+00:00, run_after=2021-01-01 00:00:00+00:00
[2026-06-18T17:18:12.825+0000] {processor.py:183} INFO - Processing /home/airflow/.local/lib/python3.8/site-packages/airflow/example_dags/example_xcom.py took 0.158 seconds
[2026-06-18T17:18:43.257+0000] {processor.py:161} INFO - Started process (PID=3773) to work on /home/airflow/.local/lib/python3.8/site-packages/airflow/example_dags/example_xcom.py
[2026-06-18T17:18:43.261+0000] {processor.py:830} INFO - Processing file /home/airflow/.local/lib/python3.8/site-packages/airflow/example_dags/example_xcom.py for tasks to queue
[2026-06-18T17:18:43.268+0000] {logging_mixin.py:188} INFO - [2026-06-18T17:18:43.267+0000] {dagbag.py:538} INFO - Filling up the DagBag from /home/airflow/.local/lib/python3.8/site-packages/airflow/example_dags/example_xcom.py
[2026-06-18T17:18:43.283+0000] {processor.py:840} INFO - DAG(s) 'example_xcom' retrieved from /home/airflow/.local/lib/python3.8/site-packages/airflow/example_dags/example_xcom.py
[2026-06-18T17:18:43.328+0000] {logging_mixin.py:188} INFO - [2026-06-18T17:18:43.327+0000] {dag.py:3036} INFO - Sync 1 DAGs
[2026-06-18T17:18:43.381+0000] {logging_mixin.py:188} INFO - [2026-06-18T17:18:43.381+0000] {dag.py:3823} INFO - Setting next_dagrun for example_xcom to 2021-01-01 00:00:00+00:00, run_after=2021-01-01 00:00:00+00:00
[2026-06-18T17:18:43.414+0000] {processor.py:183} INFO - Processing /home/airflow/.local/lib/python3.8/site-packages/airflow/example_dags/example_xcom.py took 0.164 seconds
[2026-06-18T17:19:13.556+0000] {processor.py:161} INFO - Started process (PID=3839) to work on /home/airflow/.local/lib/python3.8/site-packages/airflow/example_dags/example_xcom.py
[2026-06-18T17:19:13.557+0000] {processor.py:830} INFO - Processing file /home/airflow/.local/lib/python3.8/site-packages/airflow/example_dags/example_xcom.py for tasks to queue
[2026-06-18T17:19:13.560+0000] {logging_mixin.py:188} INFO - [2026-06-18T17:19:13.559+0000] {dagbag.py:538} INFO - Filling up the DagBag from /home/airflow/.local/lib/python3.8/site-packages/airflow/example_dags/example_xcom.py
[2026-06-18T17:19:13.574+0000] {processor.py:840} INFO - DAG(s) 'example_xcom' retrieved from /home/airflow/.local/lib/python3.8/site-packages/airflow/example_dags/example_xcom.py
[2026-06-18T17:19:13.615+0000] {logging_mixin.py:188} INFO - [2026-06-18T17:19:13.615+0000] {dag.py:3036} INFO - Sync 1 DAGs
[2026-06-18T17:19:13.661+0000] {logging_mixin.py:188} INFO - [2026-06-18T17:19:13.660+0000] {dag.py:3823} INFO - Setting next_dagrun for example_xcom to 2021-01-01 00:00:00+00:00, run_after=2021-01-01 00:00:00+00:00
[2026-06-18T17:19:13.689+0000] {processor.py:183} INFO - Processing /home/airflow/.local/lib/python3.8/site-packages/airflow/example_dags/example_xcom.py took 0.139 seconds
[2026-06-18T17:19:43.888+0000] {processor.py:161} INFO - Started process (PID=3908) to work on /home/airflow/.local/lib/python3.8/site-packages/airflow/example_dags/example_xcom.py
[2026-06-18T17:19:43.891+0000] {processor.py:830} INFO - Processing file /home/airflow/.local/lib/python3.8/site-packages/airflow/example_dags/example_xcom.py for tasks to queue
[2026-06-18T17:19:43.894+0000] {logging_mixin.py:188} INFO - [2026-06-18T17:19:43.893+0000] {dagbag.py:538} INFO - Filling up the DagBag from /home/airflow/.local/lib/python3.8/site-packages/airflow/example_dags/example_xcom.py
[2026-06-18T17:19:43.909+0000] {processor.py:840} INFO - DAG(s) 'example_xcom' retrieved from /home/airflow/.local/lib/python3.8/site-packages/airflow/example_dags/example_xcom.py
[2026-06-18T17:19:43.957+0000] {logging_mixin.py:188} INFO - [2026-06-18T17:19:43.956+0000] {dag.py:3036} INFO - Sync 1 DAGs
[2026-06-18T17:19:44.002+0000] {logging_mixin.py:188} INFO - [2026-06-18T17:19:44.001+0000] {dag.py:3823} INFO - Setting next_dagrun for example_xcom to 2021-01-01 00:00:00+00:00, run_after=2021-01-01 00:00:00+00:00
[2026-06-18T17:19:44.035+0000] {processor.py:183} INFO - Processing /home/airflow/.local/lib/python3.8/site-packages/airflow/example_dags/example_xcom.py took 0.153 seconds
[2026-06-18T17:20:14.302+0000] {processor.py:161} INFO - Started process (PID=3974) to work on /home/airflow/.local/lib/python3.8/site-packages/airflow/example_dags/example_xcom.py
[2026-06-18T17:20:14.305+0000] {processor.py:830} INFO - Processing file /home/airflow/.local/lib/python3.8/site-packages/airflow/example_dags/example_xcom.py for tasks to queue
[2026-06-18T17:20:14.308+0000] {logging_mixin.py:188} INFO - [2026-06-18T17:20:14.308+0000] {dagbag.py:538} INFO - Filling up the DagBag from /home/airflow/.local/lib/python3.8/site-packages/airflow/example_dags/example_xcom.py
[2026-06-18T17:20:14.326+0000] {processor.py:840} INFO - DAG(s) 'example_xcom' retrieved from /home/airflow/.local/lib/python3.8/site-packages/airflow/example_dags/example_xcom.py
[2026-06-18T17:20:14.372+0000] {logging_mixin.py:188} INFO - [2026-06-18T17:20:14.371+0000] {dag.py:3036} INFO - Sync 1 DAGs
[2026-06-18T17:20:14.421+0000] {logging_mixin.py:188} INFO - [2026-06-18T17:20:14.421+0000] {dag.py:3823} INFO - Setting next_dagrun for example_xcom to 2021-01-01 00:00:00+00:00, run_after=2021-01-01 00:00:00+00:00
[2026-06-18T17:20:14.456+0000] {processor.py:183} INFO - Processing /home/airflow/.local/lib/python3.8/site-packages/airflow/example_dags/example_xcom.py took 0.161 seconds
[2026-06-18T17:20:44.758+0000] {processor.py:161} INFO - Started process (PID=4041) to work on /home/airflow/.local/lib/python3.8/site-packages/airflow/example_dags/example_xcom.py
[2026-06-18T17:20:44.760+0000] {processor.py:830} INFO - Processing file /home/airflow/.local/lib/python3.8/site-packages/airflow/example_dags/example_xcom.py for tasks to queue
[2026-06-18T17:20:44.763+0000] {logging_mixin.py:188} INFO - [2026-06-18T17:20:44.762+0000] {dagbag.py:538} INFO - Filling up the DagBag from /home/airflow/.local/lib/python3.8/site-packages/airflow/example_dags/example_xcom.py
[2026-06-18T17:20:44.775+0000] {processor.py:840} INFO - DAG(s) 'example_xcom' retrieved from /home/airflow/.local/lib/python3.8/site-packages/airflow/example_dags/example_xcom.py
[2026-06-18T17:20:44.820+0000] {logging_mixin.py:188} INFO - [2026-06-18T17:20:44.819+0000] {dag.py:3036} INFO - Sync 1 DAGs
[2026-06-18T17:20:44.866+0000] {logging_mixin.py:188} INFO - [2026-06-18T17:20:44.865+0000] {dag.py:3823} INFO - Setting next_dagrun for example_xcom to 2021-01-01 00:00:00+00:00, run_after=2021-01-01 00:00:00+00:00
[2026-06-18T17:20:44.894+0000] {processor.py:183} INFO - Processing /home/airflow/.local/lib/python3.8/site-packages/airflow/example_dags/example_xcom.py took 0.142 seconds
[2026-06-18T17:21:15.399+0000] {processor.py:161} INFO - Started process (PID=4107) to work on /home/airflow/.local/lib/python3.8/site-packages/airflow/example_dags/example_xcom.py
[2026-06-18T17:21:15.401+0000] {processor.py:830} INFO - Processing file /home/airflow/.local/lib/python3.8/site-packages/airflow/example_dags/example_xcom.py for tasks to queue
[2026-06-18T17:21:15.404+0000] {logging_mixin.py:188} INFO - [2026-06-18T17:21:15.403+0000] {dagbag.py:538} INFO - Filling up the DagBag from /home/airflow/.local/lib/python3.8/site-packages/airflow/example_dags/example_xcom.py
[2026-06-18T17:21:15.419+0000] {processor.py:840} INFO - DAG(s) 'example_xcom' retrieved from /home/airflow/.local/lib/python3.8/site-packages/airflow/example_dags/example_xcom.py
[2026-06-18T17:21:15.460+0000] {logging_mixin.py:188} INFO - [2026-06-18T17:21:15.460+0000] {dag.py:3036} INFO - Sync 1 DAGs
[2026-06-18T17:21:15.502+0000] {logging_mixin.py:188} INFO - [2026-06-18T17:21:15.501+0000] {dag.py:3823} INFO - Setting next_dagrun for example_xcom to 2021-01-01 00:00:00+00:00, run_after=2021-01-01 00:00:00+00:00
[2026-06-18T17:21:15.542+0000] {processor.py:183} INFO - Processing /home/airflow/.local/lib/python3.8/site-packages/airflow/example_dags/example_xcom.py took 0.149 seconds
[2026-06-18T17:21:45.731+0000] {processor.py:161} INFO - Started process (PID=4173) to work on /home/airflow/.local/lib/python3.8/site-packages/airflow/example_dags/example_xcom.py
[2026-06-18T17:21:45.733+0000] {processor.py:830} INFO - Processing file /home/airflow/.local/lib/python3.8/site-packages/airflow/example_dags/example_xcom.py for tasks to queue
[2026-06-18T17:21:45.736+0000] {logging_mixin.py:188} INFO - [2026-06-18T17:21:45.736+0000] {dagbag.py:538} INFO - Filling up the DagBag from /home/airflow/.local/lib/python3.8/site-packages/airflow/example_dags/example_xcom.py
[2026-06-18T17:21:45.749+0000] {processor.py:840} INFO - DAG(s) 'example_xcom' retrieved from /home/airflow/.local/lib/python3.8/site-packages/airflow/example_dags/example_xcom.py
[2026-06-18T17:21:45.791+0000] {logging_mixin.py:188} INFO - [2026-06-18T17:21:45.791+0000] {dag.py:3036} INFO - Sync 1 DAGs
[2026-06-18T17:21:45.831+0000] {logging_mixin.py:188} INFO - [2026-06-18T17:21:45.831+0000] {dag.py:3823} INFO - Setting next_dagrun for example_xcom to 2021-01-01 00:00:00+00:00, run_after=2021-01-01 00:00:00+00:00
[2026-06-18T17:21:45.865+0000] {processor.py:183} INFO - Processing /home/airflow/.local/lib/python3.8/site-packages/airflow/example_dags/example_xcom.py took 0.139 seconds
[2026-06-18T17:22:15.921+0000] {processor.py:161} INFO - Started process (PID=4238) to work on /home/airflow/.local/lib/python3.8/site-packages/airflow/example_dags/example_xcom.py
[2026-06-18T17:22:15.924+0000] {processor.py:830} INFO - Processing file /home/airflow/.local/lib/python3.8/site-packages/airflow/example_dags/example_xcom.py for tasks to queue
[2026-06-18T17:22:15.926+0000] {logging_mixin.py:188} INFO - [2026-06-18T17:22:15.926+0000] {dagbag.py:538} INFO - Filling up the DagBag from /home/airflow/.local/lib/python3.8/site-packages/airflow/example_dags/example_xcom.py
[2026-06-18T17:22:15.937+0000] {processor.py:840} INFO - DAG(s) 'example_xcom' retrieved from /home/airflow/.local/lib/python3.8/site-packages/airflow/example_dags/example_xcom.py
[2026-06-18T17:22:15.981+0000] {logging_mixin.py:188} INFO - [2026-06-18T17:22:15.980+0000] {dag.py:3036} INFO - Sync 1 DAGs
[2026-06-18T17:22:16.026+0000] {logging_mixin.py:188} INFO - [2026-06-18T17:22:16.026+0000] {dag.py:3823} INFO - Setting next_dagrun for example_xcom to 2021-01-01 00:00:00+00:00, run_after=2021-01-01 00:00:00+00:00
[2026-06-18T17:22:16.058+0000] {processor.py:183} INFO - Processing /home/airflow/.local/lib/python3.8/site-packages/airflow/example_dags/example_xcom.py took 0.142 seconds
[2026-06-18T17:22:46.174+0000] {processor.py:161} INFO - Started process (PID=4304) to work on /home/airflow/.local/lib/python3.8/site-packages/airflow/example_dags/example_xcom.py
[2026-06-18T17:22:46.176+0000] {processor.py:830} INFO - Processing file /home/airflow/.local/lib/python3.8/site-packages/airflow/example_dags/example_xcom.py for tasks to queue
[2026-06-18T17:22:46.178+0000] {logging_mixin.py:188} INFO - [2026-06-18T17:22:46.178+0000] {dagbag.py:538} INFO - Filling up the DagBag from /home/airflow/.local/lib/python3.8/site-packages/airflow/example_dags/example_xcom.py
[2026-06-18T17:22:46.190+0000] {processor.py:840} INFO - DAG(s) 'example_xcom' retrieved from /home/airflow/.local/lib/python3.8/site-packages/airflow/example_dags/example_xcom.py
[2026-06-18T17:22:46.230+0000] {logging_mixin.py:188} INFO - [2026-06-18T17:22:46.230+0000] {dag.py:3036} INFO - Sync 1 DAGs
[2026-06-18T17:22:46.269+0000] {logging_mixin.py:188} INFO - [2026-06-18T17:22:46.268+0000] {dag.py:3823} INFO - Setting next_dagrun for example_xcom to 2021-01-01 00:00:00+00:00, run_after=2021-01-01 00:00:00+00:00
[2026-06-18T17:22:46.299+0000] {processor.py:183} INFO - Processing /home/airflow/.local/lib/python3.8/site-packages/airflow/example_dags/example_xcom.py took 0.130 seconds
[2026-06-18T17:23:16.749+0000] {processor.py:161} INFO - Started process (PID=4371) to work on /home/airflow/.local/lib/python3.8/site-packages/airflow/example_dags/example_xcom.py
[2026-06-18T17:23:16.751+0000] {processor.py:830} INFO - Processing file /home/airflow/.local/lib/python3.8/site-packages/airflow/example_dags/example_xcom.py for tasks to queue
[2026-06-18T17:23:16.754+0000] {logging_mixin.py:188} INFO - [2026-06-18T17:23:16.753+0000] {dagbag.py:538} INFO - Filling up the DagBag from /home/airflow/.local/lib/python3.8/site-packages/airflow/example_dags/example_xcom.py
[2026-06-18T17:23:16.765+0000] {processor.py:840} INFO - DAG(s) 'example_xcom' retrieved from /home/airflow/.local/lib/python3.8/site-packages/airflow/example_dags/example_xcom.py
[2026-06-18T17:23:16.806+0000] {logging_mixin.py:188} INFO - [2026-06-18T17:23:16.806+0000] {dag.py:3036} INFO - Sync 1 DAGs
[2026-06-18T17:23:16.846+0000] {logging_mixin.py:188} INFO - [2026-06-18T17:23:16.845+0000] {dag.py:3823} INFO - Setting next_dagrun for example_xcom to 2021-01-01 00:00:00+00:00, run_after=2021-01-01 00:00:00+00:00
[2026-06-18T17:23:16.875+0000] {processor.py:183} INFO - Processing /home/airflow/.local/lib/python3.8/site-packages/airflow/example_dags/example_xcom.py took 0.131 seconds
[2026-06-18T17:23:47.426+0000] {processor.py:161} INFO - Started process (PID=4436) to work on /home/airflow/.local/lib/python3.8/site-packages/airflow/example_dags/example_xcom.py
[2026-06-18T17:23:47.428+0000] {processor.py:830} INFO - Processing file /home/airflow/.local/lib/python3.8/site-packages/airflow/example_dags/example_xcom.py for tasks to queue
[2026-06-18T17:23:47.431+0000] {logging_mixin.py:188} INFO - [2026-06-18T17:23:47.430+0000] {dagbag.py:538} INFO - Filling up the DagBag from /home/airflow/.local/lib/python3.8/site-packages/airflow/example_dags/example_xcom.py
[2026-06-18T17:23:47.443+0000] {processor.py:840} INFO - DAG(s) 'example_xcom' retrieved from /home/airflow/.local/lib/python3.8/site-packages/airflow/example_dags/example_xcom.py
[2026-06-18T17:23:47.481+0000] {logging_mixin.py:188} INFO - [2026-06-18T17:23:47.481+0000] {dag.py:3036} INFO - Sync 1 DAGs
[2026-06-18T17:23:47.518+0000] {logging_mixin.py:188} INFO - [2026-06-18T17:23:47.517+0000] {dag.py:3823} INFO - Setting next_dagrun for example_xcom to 2021-01-01 00:00:00+00:00, run_after=2021-01-01 00:00:00+00:00
[2026-06-18T17:23:47.548+0000] {processor.py:183} INFO - Processing /home/airflow/.local/lib/python3.8/site-packages/airflow/example_dags/example_xcom.py took 0.128 seconds
[2026-06-18T17:24:17.888+0000] {processor.py:161} INFO - Started process (PID=4501) to work on /home/airflow/.local/lib/python3.8/site-packages/airflow/example_dags/example_xcom.py
[2026-06-18T17:24:17.890+0000] {processor.py:830} INFO - Processing file /home/airflow/.local/lib/python3.8/site-packages/airflow/example_dags/example_xcom.py for tasks to queue
[2026-06-18T17:24:17.894+0000] {logging_mixin.py:188} INFO - [2026-06-18T17:24:17.893+0000] {dagbag.py:538} INFO - Filling up the DagBag from /home/airflow/.local/lib/python3.8/site-packages/airflow/example_dags/example_xcom.py
[2026-06-18T17:24:17.906+0000] {processor.py:840} INFO - DAG(s) 'example_xcom' retrieved from /home/airflow/.local/lib/python3.8/site-packages/airflow/example_dags/example_xcom.py
[2026-06-18T17:24:17.947+0000] {logging_mixin.py:188} INFO - [2026-06-18T17:24:17.947+0000] {dag.py:3036} INFO - Sync 1 DAGs
[2026-06-18T17:24:17.988+0000] {logging_mixin.py:188} INFO - [2026-06-18T17:24:17.988+0000] {dag.py:3823} INFO - Setting next_dagrun for example_xcom to 2021-01-01 00:00:00+00:00, run_after=2021-01-01 00:00:00+00:00
[2026-06-18T17:24:18.019+0000] {processor.py:183} INFO - Processing /home/airflow/.local/lib/python3.8/site-packages/airflow/example_dags/example_xcom.py took 0.135 seconds
[2026-06-18T17:24:48.533+0000] {processor.py:161} INFO - Started process (PID=4575) to work on /home/airflow/.local/lib/python3.8/site-packages/airflow/example_dags/example_xcom.py
[2026-06-18T17:24:48.536+0000] {processor.py:830} INFO - Processing file /home/airflow/.local/lib/python3.8/site-packages/airflow/example_dags/example_xcom.py for tasks to queue
[2026-06-18T17:24:48.539+0000] {logging_mixin.py:188} INFO - [2026-06-18T17:24:48.538+0000] {dagbag.py:538} INFO - Filling up the DagBag from /home/airflow/.local/lib/python3.8/site-packages/airflow/example_dags/example_xcom.py
[2026-06-18T17:24:48.553+0000] {processor.py:840} INFO - DAG(s) 'example_xcom' retrieved from /home/airflow/.local/lib/python3.8/site-packages/airflow/example_dags/example_xcom.py
[2026-06-18T17:24:48.611+0000] {logging_mixin.py:188} INFO - [2026-06-18T17:24:48.611+0000] {dag.py:3036} INFO - Sync 1 DAGs
[2026-06-18T17:24:48.655+0000] {logging_mixin.py:188} INFO - [2026-06-18T17:24:48.655+0000] {dag.py:3823} INFO - Setting next_dagrun for example_xcom to 2021-01-01 00:00:00+00:00, run_after=2021-01-01 00:00:00+00:00
[2026-06-18T17:24:48.693+0000] {processor.py:183} INFO - Processing /home/airflow/.local/lib/python3.8/site-packages/airflow/example_dags/example_xcom.py took 0.165 seconds
[2026-06-18T17:25:18.783+0000] {processor.py:161} INFO - Started process (PID=4642) to work on /home/airflow/.local/lib/python3.8/site-packages/airflow/example_dags/example_xcom.py
[2026-06-18T17:25:18.785+0000] {processor.py:830} INFO - Processing file /home/airflow/.local/lib/python3.8/site-packages/airflow/example_dags/example_xcom.py for tasks to queue
[2026-06-18T17:25:18.789+0000] {logging_mixin.py:188} INFO - [2026-06-18T17:25:18.788+0000] {dagbag.py:538} INFO - Filling up the DagBag from /home/airflow/.local/lib/python3.8/site-packages/airflow/example_dags/example_xcom.py
[2026-06-18T17:25:18.804+0000] {processor.py:840} INFO - DAG(s) 'example_xcom' retrieved from /home/airflow/.local/lib/python3.8/site-packages/airflow/example_dags/example_xcom.py
[2026-06-18T17:25:18.849+0000] {logging_mixin.py:188} INFO - [2026-06-18T17:25:18.849+0000] {dag.py:3036} INFO - Sync 1 DAGs
[2026-06-18T17:25:18.896+0000] {logging_mixin.py:188} INFO - [2026-06-18T17:25:18.895+0000] {dag.py:3823} INFO - Setting next_dagrun for example_xcom to 2021-01-01 00:00:00+00:00, run_after=2021-01-01 00:00:00+00:00
[2026-06-18T17:25:18.929+0000] {processor.py:183} INFO - Processing /home/airflow/.local/lib/python3.8/site-packages/airflow/example_dags/example_xcom.py took 0.152 seconds
[2026-06-18T17:25:49.248+0000] {processor.py:161} INFO - Started process (PID=4708) to work on /home/airflow/.local/lib/python3.8/site-packages/airflow/example_dags/example_xcom.py
[2026-06-18T17:25:49.249+0000] {processor.py:830} INFO - Processing file /home/airflow/.local/lib/python3.8/site-packages/airflow/example_dags/example_xcom.py for tasks to queue
[2026-06-18T17:25:49.252+0000] {logging_mixin.py:188} INFO - [2026-06-18T17:25:49.252+0000] {dagbag.py:538} INFO - Filling up the DagBag from /home/airflow/.local/lib/python3.8/site-packages/airflow/example_dags/example_xcom.py
[2026-06-18T17:25:49.267+0000] {processor.py:840} INFO - DAG(s) 'example_xcom' retrieved from /home/airflow/.local/lib/python3.8/site-packages/airflow/example_dags/example_xcom.py
[2026-06-18T17:25:49.314+0000] {logging_mixin.py:188} INFO - [2026-06-18T17:25:49.314+0000] {dag.py:3036} INFO - Sync 1 DAGs
[2026-06-18T17:25:49.361+0000] {logging_mixin.py:188} INFO - [2026-06-18T17:25:49.360+0000] {dag.py:3823} INFO - Setting next_dagrun for example_xcom to 2021-01-01 00:00:00+00:00, run_after=2021-01-01 00:00:00+00:00
[2026-06-18T17:25:49.396+0000] {processor.py:183} INFO - Processing /home/airflow/.local/lib/python3.8/site-packages/airflow/example_dags/example_xcom.py took 0.155 seconds
[2026-06-18T17:26:19.586+0000] {processor.py:161} INFO - Started process (PID=4775) to work on /home/airflow/.local/lib/python3.8/site-packages/airflow/example_dags/example_xcom.py
[2026-06-18T17:26:19.588+0000] {processor.py:830} INFO - Processing file /home/airflow/.local/lib/python3.8/site-packages/airflow/example_dags/example_xcom.py for tasks to queue
[2026-06-18T17:26:19.592+0000] {logging_mixin.py:188} INFO - [2026-06-18T17:26:19.591+0000] {dagbag.py:538} INFO - Filling up the DagBag from /home/airflow/.local/lib/python3.8/site-packages/airflow/example_dags/example_xcom.py
[2026-06-18T17:26:19.606+0000] {processor.py:840} INFO - DAG(s) 'example_xcom' retrieved from /home/airflow/.local/lib/python3.8/site-packages/airflow/example_dags/example_xcom.py
[2026-06-18T17:26:19.653+0000] {logging_mixin.py:188} INFO - [2026-06-18T17:26:19.652+0000] {dag.py:3036} INFO - Sync 1 DAGs
[2026-06-18T17:26:19.698+0000] {logging_mixin.py:188} INFO - [2026-06-18T17:26:19.698+0000] {dag.py:3823} INFO - Setting next_dagrun for example_xcom to 2021-01-01 00:00:00+00:00, run_after=2021-01-01 00:00:00+00:00
[2026-06-18T17:26:19.731+0000] {processor.py:183} INFO - Processing /home/airflow/.local/lib/python3.8/site-packages/airflow/example_dags/example_xcom.py took 0.151 seconds
[2026-06-18T17:26:49.860+0000] {processor.py:161} INFO - Started process (PID=4841) to work on /home/airflow/.local/lib/python3.8/site-packages/airflow/example_dags/example_xcom.py
[2026-06-18T17:26:49.862+0000] {processor.py:830} INFO - Processing file /home/airflow/.local/lib/python3.8/site-packages/airflow/example_dags/example_xcom.py for tasks to queue
[2026-06-18T17:26:49.865+0000] {logging_mixin.py:188} INFO - [2026-06-18T17:26:49.865+0000] {dagbag.py:538} INFO - Filling up the DagBag from /home/airflow/.local/lib/python3.8/site-packages/airflow/example_dags/example_xcom.py
[2026-06-18T17:26:49.880+0000] {processor.py:840} INFO - DAG(s) 'example_xcom' retrieved from /home/airflow/.local/lib/python3.8/site-packages/airflow/example_dags/example_xcom.py
[2026-06-18T17:26:49.924+0000] {logging_mixin.py:188} INFO - [2026-06-18T17:26:49.924+0000] {dag.py:3036} INFO - Sync 1 DAGs
[2026-06-18T17:26:49.968+0000] {logging_mixin.py:188} INFO - [2026-06-18T17:26:49.968+0000] {dag.py:3823} INFO - Setting next_dagrun for example_xcom to 2021-01-01 00:00:00+00:00, run_after=2021-01-01 00:00:00+00:00
[2026-06-18T17:26:49.999+0000] {processor.py:183} INFO - Processing /home/airflow/.local/lib/python3.8/site-packages/airflow/example_dags/example_xcom.py took 0.145 seconds
[2026-06-18T17:27:20.709+0000] {processor.py:161} INFO - Started process (PID=4907) to work on /home/airflow/.local/lib/python3.8/site-packages/airflow/example_dags/example_xcom.py
[2026-06-18T17:27:20.711+0000] {processor.py:830} INFO - Processing file /home/airflow/.local/lib/python3.8/site-packages/airflow/example_dags/example_xcom.py for tasks to queue
[2026-06-18T17:27:20.714+0000] {logging_mixin.py:188} INFO - [2026-06-18T17:27:20.713+0000] {dagbag.py:538} INFO - Filling up the DagBag from /home/airflow/.local/lib/python3.8/site-packages/airflow/example_dags/example_xcom.py
[2026-06-18T17:27:20.726+0000] {processor.py:840} INFO - DAG(s) 'example_xcom' retrieved from /home/airflow/.local/lib/python3.8/site-packages/airflow/example_dags/example_xcom.py
[2026-06-18T17:27:20.764+0000] {logging_mixin.py:188} INFO - [2026-06-18T17:27:20.764+0000] {dag.py:3036} INFO - Sync 1 DAGs
[2026-06-18T17:27:20.805+0000] {logging_mixin.py:188} INFO - [2026-06-18T17:27:20.805+0000] {dag.py:3823} INFO - Setting next_dagrun for example_xcom to 2021-01-01 00:00:00+00:00, run_after=2021-01-01 00:00:00+00:00
[2026-06-18T17:27:20.838+0000] {processor.py:183} INFO - Processing /home/airflow/.local/lib/python3.8/site-packages/airflow/example_dags/example_xcom.py took 0.134 seconds
[2026-06-18T17:27:51.042+0000] {processor.py:161} INFO - Started process (PID=4974) to work on /home/airflow/.local/lib/python3.8/site-packages/airflow/example_dags/example_xcom.py
[2026-06-18T17:27:51.044+0000] {processor.py:830} INFO - Processing file /home/airflow/.local/lib/python3.8/site-packages/airflow/example_dags/example_xcom.py for tasks to queue
[2026-06-18T17:27:51.047+0000] {logging_mixin.py:188} INFO - [2026-06-18T17:27:51.047+0000] {dagbag.py:538} INFO - Filling up the DagBag from /home/airflow/.local/lib/python3.8/site-packages/airflow/example_dags/example_xcom.py
[2026-06-18T17:27:51.060+0000] {processor.py:840} INFO - DAG(s) 'example_xcom' retrieved from /home/airflow/.local/lib/python3.8/site-packages/airflow/example_dags/example_xcom.py
[2026-06-18T17:27:51.100+0000] {logging_mixin.py:188} INFO - [2026-06-18T17:27:51.100+0000] {dag.py:3036} INFO - Sync 1 DAGs
[2026-06-18T17:27:51.142+0000] {logging_mixin.py:188} INFO - [2026-06-18T17:27:51.142+0000] {dag.py:3823} INFO - Setting next_dagrun for example_xcom to 2021-01-01 00:00:00+00:00, run_after=2021-01-01 00:00:00+00:00
[2026-06-18T17:27:51.175+0000] {processor.py:183} INFO - Processing /home/airflow/.local/lib/python3.8/site-packages/airflow/example_dags/example_xcom.py took 0.138 seconds
[2026-06-18T17:28:21.328+0000] {processor.py:161} INFO - Started process (PID=5040) to work on /home/airflow/.local/lib/python3.8/site-packages/airflow/example_dags/example_xcom.py
[2026-06-18T17:28:21.329+0000] {processor.py:830} INFO - Processing file /home/airflow/.local/lib/python3.8/site-packages/airflow/example_dags/example_xcom.py for tasks to queue
[2026-06-18T17:28:21.332+0000] {logging_mixin.py:188} INFO - [2026-06-18T17:28:21.331+0000] {dagbag.py:538} INFO - Filling up the DagBag from /home/airflow/.local/lib/python3.8/site-packages/airflow/example_dags/example_xcom.py
[2026-06-18T17:28:21.345+0000] {processor.py:840} INFO - DAG(s) 'example_xcom' retrieved from /home/airflow/.local/lib/python3.8/site-packages/airflow/example_dags/example_xcom.py
[2026-06-18T17:28:21.389+0000] {logging_mixin.py:188} INFO - [2026-06-18T17:28:21.389+0000] {dag.py:3036} INFO - Sync 1 DAGs
[2026-06-18T17:28:21.426+0000] {logging_mixin.py:188} INFO - [2026-06-18T17:28:21.426+0000] {dag.py:3823} INFO - Setting next_dagrun for example_xcom to 2021-01-01 00:00:00+00:00, run_after=2021-01-01 00:00:00+00:00
[2026-06-18T17:28:21.458+0000] {processor.py:183} INFO - Processing /home/airflow/.local/lib/python3.8/site-packages/airflow/example_dags/example_xcom.py took 0.135 seconds
[2026-06-18T17:28:51.865+0000] {processor.py:161} INFO - Started process (PID=5106) to work on /home/airflow/.local/lib/python3.8/site-packages/airflow/example_dags/example_xcom.py
[2026-06-18T17:28:51.867+0000] {processor.py:830} INFO - Processing file /home/airflow/.local/lib/python3.8/site-packages/airflow/example_dags/example_xcom.py for tasks to queue
[2026-06-18T17:28:51.871+0000] {logging_mixin.py:188} INFO - [2026-06-18T17:28:51.870+0000] {dagbag.py:538} INFO - Filling up the DagBag from /home/airflow/.local/lib/python3.8/site-packages/airflow/example_dags/example_xcom.py
[2026-06-18T17:28:51.884+0000] {processor.py:840} INFO - DAG(s) 'example_xcom' retrieved from /home/airflow/.local/lib/python3.8/site-packages/airflow/example_dags/example_xcom.py
[2026-06-18T17:28:51.919+0000] {logging_mixin.py:188} INFO - [2026-06-18T17:28:51.919+0000] {dag.py:3036} INFO - Sync 1 DAGs
[2026-06-18T17:28:51.957+0000] {logging_mixin.py:188} INFO - [2026-06-18T17:28:51.956+0000] {dag.py:3823} INFO - Setting next_dagrun for example_xcom to 2021-01-01 00:00:00+00:00, run_after=2021-01-01 00:00:00+00:00
[2026-06-18T17:28:51.987+0000] {processor.py:183} INFO - Processing /home/airflow/.local/lib/python3.8/site-packages/airflow/example_dags/example_xcom.py took 0.128 seconds
[2026-06-18T17:29:22.199+0000] {processor.py:161} INFO - Started process (PID=5171) to work on /home/airflow/.local/lib/python3.8/site-packages/airflow/example_dags/example_xcom.py
[2026-06-18T17:29:22.201+0000] {processor.py:830} INFO - Processing file /home/airflow/.local/lib/python3.8/site-packages/airflow/example_dags/example_xcom.py for tasks to queue
[2026-06-18T17:29:22.204+0000] {logging_mixin.py:188} INFO - [2026-06-18T17:29:22.203+0000] {dagbag.py:538} INFO - Filling up the DagBag from /home/airflow/.local/lib/python3.8/site-packages/airflow/example_dags/example_xcom.py
[2026-06-18T17:29:22.222+0000] {processor.py:840} INFO - DAG(s) 'example_xcom' retrieved from /home/airflow/.local/lib/python3.8/site-packages/airflow/example_dags/example_xcom.py
[2026-06-18T17:29:22.271+0000] {logging_mixin.py:188} INFO - [2026-06-18T17:29:22.271+0000] {dag.py:3036} INFO - Sync 1 DAGs
[2026-06-18T17:29:22.312+0000] {logging_mixin.py:188} INFO - [2026-06-18T17:29:22.312+0000] {dag.py:3823} INFO - Setting next_dagrun for example_xcom to 2021-01-01 00:00:00+00:00, run_after=2021-01-01 00:00:00+00:00
[2026-06-18T17:29:22.341+0000] {processor.py:183} INFO - Processing /home/airflow/.local/lib/python3.8/site-packages/airflow/example_dags/example_xcom.py took 0.158 seconds
[2026-06-18T17:29:52.872+0000] {processor.py:161} INFO - Started process (PID=5235) to work on /home/airflow/.local/lib/python3.8/site-packages/airflow/example_dags/example_xcom.py
[2026-06-18T17:29:52.873+0000] {processor.py:830} INFO - Processing file /home/airflow/.local/lib/python3.8/site-packages/airflow/example_dags/example_xcom.py for tasks to queue
[2026-06-18T17:29:52.876+0000] {logging_mixin.py:188} INFO - [2026-06-18T17:29:52.876+0000] {dagbag.py:538} INFO - Filling up the DagBag from /home/airflow/.local/lib/python3.8/site-packages/airflow/example_dags/example_xcom.py
[2026-06-18T17:29:52.888+0000] {processor.py:840} INFO - DAG(s) 'example_xcom' retrieved from /home/airflow/.local/lib/python3.8/site-packages/airflow/example_dags/example_xcom.py
[2026-06-18T17:29:52.927+0000] {logging_mixin.py:188} INFO - [2026-06-18T17:29:52.927+0000] {dag.py:3036} INFO - Sync 1 DAGs
[2026-06-18T17:29:52.965+0000] {logging_mixin.py:188} INFO - [2026-06-18T17:29:52.964+0000] {dag.py:3823} INFO - Setting next_dagrun for example_xcom to 2021-01-01 00:00:00+00:00, run_after=2021-01-01 00:00:00+00:00
[2026-06-18T17:29:52.994+0000] {processor.py:183} INFO - Processing /home/airflow/.local/lib/python3.8/site-packages/airflow/example_dags/example_xcom.py took 0.128 seconds
[2026-06-18T17:30:23.368+0000] {processor.py:161} INFO - Started process (PID=5300) to work on /home/airflow/.local/lib/python3.8/site-packages/airflow/example_dags/example_xcom.py
[2026-06-18T17:30:23.370+0000] {processor.py:830} INFO - Processing file /home/airflow/.local/lib/python3.8/site-packages/airflow/example_dags/example_xcom.py for tasks to queue
[2026-06-18T17:30:23.372+0000] {logging_mixin.py:188} INFO - [2026-06-18T17:30:23.372+0000] {dagbag.py:538} INFO - Filling up the DagBag from /home/airflow/.local/lib/python3.8/site-packages/airflow/example_dags/example_xcom.py
[2026-06-18T17:30:23.384+0000] {processor.py:840} INFO - DAG(s) 'example_xcom' retrieved from /home/airflow/.local/lib/python3.8/site-packages/airflow/example_dags/example_xcom.py
[2026-06-18T17:30:23.424+0000] {logging_mixin.py:188} INFO - [2026-06-18T17:30:23.424+0000] {dag.py:3036} INFO - Sync 1 DAGs
[2026-06-18T17:30:23.466+0000] {logging_mixin.py:188} INFO - [2026-06-18T17:30:23.465+0000] {dag.py:3823} INFO - Setting next_dagrun for example_xcom to 2021-01-01 00:00:00+00:00, run_after=2021-01-01 00:00:00+00:00
[2026-06-18T17:30:23.495+0000] {processor.py:183} INFO - Processing /home/airflow/.local/lib/python3.8/site-packages/airflow/example_dags/example_xcom.py took 0.132 seconds
[2026-06-18T17:30:53.910+0000] {processor.py:161} INFO - Started process (PID=5373) to work on /home/airflow/.local/lib/python3.8/site-packages/airflow/example_dags/example_xcom.py
[2026-06-18T17:30:53.912+0000] {processor.py:830} INFO - Processing file /home/airflow/.local/lib/python3.8/site-packages/airflow/example_dags/example_xcom.py for tasks to queue
[2026-06-18T17:30:53.915+0000] {logging_mixin.py:188} INFO - [2026-06-18T17:30:53.915+0000] {dagbag.py:538} INFO - Filling up the DagBag from /home/airflow/.local/lib/python3.8/site-packages/airflow/example_dags/example_xcom.py
[2026-06-18T17:30:53.929+0000] {processor.py:840} INFO - DAG(s) 'example_xcom' retrieved from /home/airflow/.local/lib/python3.8/site-packages/airflow/example_dags/example_xcom.py
[2026-06-18T17:30:53.974+0000] {logging_mixin.py:188} INFO - [2026-06-18T17:30:53.974+0000] {dag.py:3036} INFO - Sync 1 DAGs
[2026-06-18T17:30:54.019+0000] {logging_mixin.py:188} INFO - [2026-06-18T17:30:54.019+0000] {dag.py:3823} INFO - Setting next_dagrun for example_xcom to 2021-01-01 00:00:00+00:00, run_after=2021-01-01 00:00:00+00:00
[2026-06-18T17:30:54.055+0000] {processor.py:183} INFO - Processing /home/airflow/.local/lib/python3.8/site-packages/airflow/example_dags/example_xcom.py took 0.150 seconds
[2026-06-18T17:31:24.541+0000] {processor.py:161} INFO - Started process (PID=5439) to work on /home/airflow/.local/lib/python3.8/site-packages/airflow/example_dags/example_xcom.py
[2026-06-18T17:31:24.542+0000] {processor.py:830} INFO - Processing file /home/airflow/.local/lib/python3.8/site-packages/airflow/example_dags/example_xcom.py for tasks to queue
[2026-06-18T17:31:24.545+0000] {logging_mixin.py:188} INFO - [2026-06-18T17:31:24.545+0000] {dagbag.py:538} INFO - Filling up the DagBag from /home/airflow/.local/lib/python3.8/site-packages/airflow/example_dags/example_xcom.py
[2026-06-18T17:31:24.557+0000] {processor.py:840} INFO - DAG(s) 'example_xcom' retrieved from /home/airflow/.local/lib/python3.8/site-packages/airflow/example_dags/example_xcom.py
[2026-06-18T17:31:24.592+0000] {logging_mixin.py:188} INFO - [2026-06-18T17:31:24.592+0000] {dag.py:3036} INFO - Sync 1 DAGs
[2026-06-18T17:31:24.630+0000] {logging_mixin.py:188} INFO - [2026-06-18T17:31:24.629+0000] {dag.py:3823} INFO - Setting next_dagrun for example_xcom to 2021-01-01 00:00:00+00:00, run_after=2021-01-01 00:00:00+00:00
[2026-06-18T17:31:24.668+0000] {processor.py:183} INFO - Processing /home/airflow/.local/lib/python3.8/site-packages/airflow/example_dags/example_xcom.py took 0.132 seconds
[2026-06-18T17:31:54.819+0000] {processor.py:161} INFO - Started process (PID=5505) to work on /home/airflow/.local/lib/python3.8/site-packages/airflow/example_dags/example_xcom.py
[2026-06-18T17:31:54.821+0000] {processor.py:830} INFO - Processing file /home/airflow/.local/lib/python3.8/site-packages/airflow/example_dags/example_xcom.py for tasks to queue
[2026-06-18T17:31:54.824+0000] {logging_mixin.py:188} INFO - [2026-06-18T17:31:54.824+0000] {dagbag.py:538} INFO - Filling up the DagBag from /home/airflow/.local/lib/python3.8/site-packages/airflow/example_dags/example_xcom.py
[2026-06-18T17:31:54.839+0000] {processor.py:840} INFO - DAG(s) 'example_xcom' retrieved from /home/airflow/.local/lib/python3.8/site-packages/airflow/example_dags/example_xcom.py
[2026-06-18T17:31:54.883+0000] {logging_mixin.py:188} INFO - [2026-06-18T17:31:54.883+0000] {dag.py:3036} INFO - Sync 1 DAGs
[2026-06-18T17:31:54.925+0000] {logging_mixin.py:188} INFO - [2026-06-18T17:31:54.924+0000] {dag.py:3823} INFO - Setting next_dagrun for example_xcom to 2021-01-01 00:00:00+00:00, run_after=2021-01-01 00:00:00+00:00
[2026-06-18T17:31:54.960+0000] {processor.py:183} INFO - Processing /home/airflow/.local/lib/python3.8/site-packages/airflow/example_dags/example_xcom.py took 0.148 seconds
[2026-06-18T17:32:25.291+0000] {processor.py:161} INFO - Started process (PID=5571) to work on /home/airflow/.local/lib/python3.8/site-packages/airflow/example_dags/example_xcom.py
[2026-06-18T17:32:25.293+0000] {processor.py:830} INFO - Processing file /home/airflow/.local/lib/python3.8/site-packages/airflow/example_dags/example_xcom.py for tasks to queue
[2026-06-18T17:32:25.297+0000] {logging_mixin.py:188} INFO - [2026-06-18T17:32:25.297+0000] {dagbag.py:538} INFO - Filling up the DagBag from /home/airflow/.local/lib/python3.8/site-packages/airflow/example_dags/example_xcom.py
[2026-06-18T17:32:25.312+0000] {processor.py:840} INFO - DAG(s) 'example_xcom' retrieved from /home/airflow/.local/lib/python3.8/site-packages/airflow/example_dags/example_xcom.py
[2026-06-18T17:32:25.360+0000] {logging_mixin.py:188} INFO - [2026-06-18T17:32:25.360+0000] {dag.py:3036} INFO - Sync 1 DAGs
[2026-06-18T17:32:25.405+0000] {logging_mixin.py:188} INFO - [2026-06-18T17:32:25.405+0000] {dag.py:3823} INFO - Setting next_dagrun for example_xcom to 2021-01-01 00:00:00+00:00, run_after=2021-01-01 00:00:00+00:00
[2026-06-18T17:32:25.440+0000] {processor.py:183} INFO - Processing /home/airflow/.local/lib/python3.8/site-packages/airflow/example_dags/example_xcom.py took 0.155 seconds
[2026-06-18T17:32:55.650+0000] {processor.py:161} INFO - Started process (PID=5637) to work on /home/airflow/.local/lib/python3.8/site-packages/airflow/example_dags/example_xcom.py
[2026-06-18T17:32:55.653+0000] {processor.py:830} INFO - Processing file /home/airflow/.local/lib/python3.8/site-packages/airflow/example_dags/example_xcom.py for tasks to queue
[2026-06-18T17:32:55.656+0000] {logging_mixin.py:188} INFO - [2026-06-18T17:32:55.656+0000] {dagbag.py:538} INFO - Filling up the DagBag from /home/airflow/.local/lib/python3.8/site-packages/airflow/example_dags/example_xcom.py
[2026-06-18T17:32:55.671+0000] {processor.py:840} INFO - DAG(s) 'example_xcom' retrieved from /home/airflow/.local/lib/python3.8/site-packages/airflow/example_dags/example_xcom.py
[2026-06-18T17:32:55.719+0000] {logging_mixin.py:188} INFO - [2026-06-18T17:32:55.718+0000] {dag.py:3036} INFO - Sync 1 DAGs
[2026-06-18T17:32:55.758+0000] {logging_mixin.py:188} INFO - [2026-06-18T17:32:55.757+0000] {dag.py:3823} INFO - Setting next_dagrun for example_xcom to 2021-01-01 00:00:00+00:00, run_after=2021-01-01 00:00:00+00:00
[2026-06-18T17:32:55.789+0000] {processor.py:183} INFO - Processing /home/airflow/.local/lib/python3.8/site-packages/airflow/example_dags/example_xcom.py took 0.146 seconds
[2026-06-18T17:33:26.493+0000] {processor.py:161} INFO - Started process (PID=5703) to work on /home/airflow/.local/lib/python3.8/site-packages/airflow/example_dags/example_xcom.py
[2026-06-18T17:33:26.495+0000] {processor.py:830} INFO - Processing file /home/airflow/.local/lib/python3.8/site-packages/airflow/example_dags/example_xcom.py for tasks to queue
[2026-06-18T17:33:26.498+0000] {logging_mixin.py:188} INFO - [2026-06-18T17:33:26.497+0000] {dagbag.py:538} INFO - Filling up the DagBag from /home/airflow/.local/lib/python3.8/site-packages/airflow/example_dags/example_xcom.py
[2026-06-18T17:33:26.510+0000] {processor.py:840} INFO - DAG(s) 'example_xcom' retrieved from /home/airflow/.local/lib/python3.8/site-packages/airflow/example_dags/example_xcom.py
[2026-06-18T17:33:26.549+0000] {logging_mixin.py:188} INFO - [2026-06-18T17:33:26.549+0000] {dag.py:3036} INFO - Sync 1 DAGs
[2026-06-18T17:33:26.588+0000] {logging_mixin.py:188} INFO - [2026-06-18T17:33:26.588+0000] {dag.py:3823} INFO - Setting next_dagrun for example_xcom to 2021-01-01 00:00:00+00:00, run_after=2021-01-01 00:00:00+00:00
[2026-06-18T17:33:26.617+0000] {processor.py:183} INFO - Processing /home/airflow/.local/lib/python3.8/site-packages/airflow/example_dags/example_xcom.py took 0.129 seconds
[2026-06-18T17:33:56.858+0000] {processor.py:161} INFO - Started process (PID=5769) to work on /home/airflow/.local/lib/python3.8/site-packages/airflow/example_dags/example_xcom.py
[2026-06-18T17:33:56.859+0000] {processor.py:830} INFO - Processing file /home/airflow/.local/lib/python3.8/site-packages/airflow/example_dags/example_xcom.py for tasks to queue
[2026-06-18T17:33:56.862+0000] {logging_mixin.py:188} INFO - [2026-06-18T17:33:56.861+0000] {dagbag.py:538} INFO - Filling up the DagBag from /home/airflow/.local/lib/python3.8/site-packages/airflow/example_dags/example_xcom.py
[2026-06-18T17:33:56.874+0000] {processor.py:840} INFO - DAG(s) 'example_xcom' retrieved from /home/airflow/.local/lib/python3.8/site-packages/airflow/example_dags/example_xcom.py
[2026-06-18T17:33:56.912+0000] {logging_mixin.py:188} INFO - [2026-06-18T17:33:56.911+0000] {dag.py:3036} INFO - Sync 1 DAGs
[2026-06-18T17:33:56.953+0000] {logging_mixin.py:188} INFO - [2026-06-18T17:33:56.953+0000] {dag.py:3823} INFO - Setting next_dagrun for example_xcom to 2021-01-01 00:00:00+00:00, run_after=2021-01-01 00:00:00+00:00
[2026-06-18T17:33:56.983+0000] {processor.py:183} INFO - Processing /home/airflow/.local/lib/python3.8/site-packages/airflow/example_dags/example_xcom.py took 0.131 seconds
[2026-06-18T17:34:27.555+0000] {processor.py:161} INFO - Started process (PID=5834) to work on /home/airflow/.local/lib/python3.8/site-packages/airflow/example_dags/example_xcom.py
[2026-06-18T17:34:27.557+0000] {processor.py:830} INFO - Processing file /home/airflow/.local/lib/python3.8/site-packages/airflow/example_dags/example_xcom.py for tasks to queue
[2026-06-18T17:34:27.559+0000] {logging_mixin.py:188} INFO - [2026-06-18T17:34:27.559+0000] {dagbag.py:538} INFO - Filling up the DagBag from /home/airflow/.local/lib/python3.8/site-packages/airflow/example_dags/example_xcom.py
[2026-06-18T17:34:27.571+0000] {processor.py:840} INFO - DAG(s) 'example_xcom' retrieved from /home/airflow/.local/lib/python3.8/site-packages/airflow/example_dags/example_xcom.py
[2026-06-18T17:34:27.613+0000] {logging_mixin.py:188} INFO - [2026-06-18T17:34:27.612+0000] {dag.py:3036} INFO - Sync 1 DAGs
[2026-06-18T17:34:27.652+0000] {logging_mixin.py:188} INFO - [2026-06-18T17:34:27.652+0000] {dag.py:3823} INFO - Setting next_dagrun for example_xcom to 2021-01-01 00:00:00+00:00, run_after=2021-01-01 00:00:00+00:00
[2026-06-18T17:34:27.685+0000] {processor.py:183} INFO - Processing /home/airflow/.local/lib/python3.8/site-packages/airflow/example_dags/example_xcom.py took 0.135 seconds
[2026-06-18T17:34:57.999+0000] {processor.py:161} INFO - Started process (PID=5900) to work on /home/airflow/.local/lib/python3.8/site-packages/airflow/example_dags/example_xcom.py
[2026-06-18T17:34:58.001+0000] {processor.py:830} INFO - Processing file /home/airflow/.local/lib/python3.8/site-packages/airflow/example_dags/example_xcom.py for tasks to queue
[2026-06-18T17:34:58.004+0000] {logging_mixin.py:188} INFO - [2026-06-18T17:34:58.004+0000] {dagbag.py:538} INFO - Filling up the DagBag from /home/airflow/.local/lib/python3.8/site-packages/airflow/example_dags/example_xcom.py
[2026-06-18T17:34:58.019+0000] {processor.py:840} INFO - DAG(s) 'example_xcom' retrieved from /home/airflow/.local/lib/python3.8/site-packages/airflow/example_dags/example_xcom.py
[2026-06-18T17:34:58.062+0000] {logging_mixin.py:188} INFO - [2026-06-18T17:34:58.062+0000] {dag.py:3036} INFO - Sync 1 DAGs
[2026-06-18T17:34:58.103+0000] {logging_mixin.py:188} INFO - [2026-06-18T17:34:58.102+0000] {dag.py:3823} INFO - Setting next_dagrun for example_xcom to 2021-01-01 00:00:00+00:00, run_after=2021-01-01 00:00:00+00:00
[2026-06-18T17:34:58.142+0000] {processor.py:183} INFO - Processing /home/airflow/.local/lib/python3.8/site-packages/airflow/example_dags/example_xcom.py took 0.149 seconds
[2026-06-18T17:35:28.422+0000] {processor.py:161} INFO - Started process (PID=5964) to work on /home/airflow/.local/lib/python3.8/site-packages/airflow/example_dags/example_xcom.py
[2026-06-18T17:35:28.424+0000] {processor.py:830} INFO - Processing file /home/airflow/.local/lib/python3.8/site-packages/airflow/example_dags/example_xcom.py for tasks to queue
[2026-06-18T17:35:28.426+0000] {logging_mixin.py:188} INFO - [2026-06-18T17:35:28.426+0000] {dagbag.py:538} INFO - Filling up the DagBag from /home/airflow/.local/lib/python3.8/site-packages/airflow/example_dags/example_xcom.py
[2026-06-18T17:35:28.438+0000] {processor.py:840} INFO - DAG(s) 'example_xcom' retrieved from /home/airflow/.local/lib/python3.8/site-packages/airflow/example_dags/example_xcom.py
[2026-06-18T17:35:28.479+0000] {logging_mixin.py:188} INFO - [2026-06-18T17:35:28.479+0000] {dag.py:3036} INFO - Sync 1 DAGs
[2026-06-18T17:35:28.521+0000] {logging_mixin.py:188} INFO - [2026-06-18T17:35:28.520+0000] {dag.py:3823} INFO - Setting next_dagrun for example_xcom to 2021-01-01 00:00:00+00:00, run_after=2021-01-01 00:00:00+00:00
[2026-06-18T17:35:28.560+0000] {processor.py:183} INFO - Processing /home/airflow/.local/lib/python3.8/site-packages/airflow/example_dags/example_xcom.py took 0.143 seconds
[2026-06-18T17:35:58.793+0000] {processor.py:161} INFO - Started process (PID=6029) to work on /home/airflow/.local/lib/python3.8/site-packages/airflow/example_dags/example_xcom.py
[2026-06-18T17:35:58.795+0000] {processor.py:830} INFO - Processing file /home/airflow/.local/lib/python3.8/site-packages/airflow/example_dags/example_xcom.py for tasks to queue
[2026-06-18T17:35:58.797+0000] {logging_mixin.py:188} INFO - [2026-06-18T17:35:58.797+0000] {dagbag.py:538} INFO - Filling up the DagBag from /home/airflow/.local/lib/python3.8/site-packages/airflow/example_dags/example_xcom.py
[2026-06-18T17:35:58.809+0000] {processor.py:840} INFO - DAG(s) 'example_xcom' retrieved from /home/airflow/.local/lib/python3.8/site-packages/airflow/example_dags/example_xcom.py
[2026-06-18T17:35:58.847+0000] {logging_mixin.py:188} INFO - [2026-06-18T17:35:58.846+0000] {dag.py:3036} INFO - Sync 1 DAGs
[2026-06-18T17:35:58.885+0000] {logging_mixin.py:188} INFO - [2026-06-18T17:35:58.885+0000] {dag.py:3823} INFO - Setting next_dagrun for example_xcom to 2021-01-01 00:00:00+00:00, run_after=2021-01-01 00:00:00+00:00
[2026-06-18T17:35:58.915+0000] {processor.py:183} INFO - Processing /home/airflow/.local/lib/python3.8/site-packages/airflow/example_dags/example_xcom.py took 0.127 seconds
[2026-06-18T17:36:29.049+0000] {processor.py:161} INFO - Started process (PID=6095) to work on /home/airflow/.local/lib/python3.8/site-packages/airflow/example_dags/example_xcom.py
[2026-06-18T17:36:29.051+0000] {processor.py:830} INFO - Processing file /home/airflow/.local/lib/python3.8/site-packages/airflow/example_dags/example_xcom.py for tasks to queue
[2026-06-18T17:36:29.054+0000] {logging_mixin.py:188} INFO - [2026-06-18T17:36:29.053+0000] {dagbag.py:538} INFO - Filling up the DagBag from /home/airflow/.local/lib/python3.8/site-packages/airflow/example_dags/example_xcom.py
[2026-06-18T17:36:29.066+0000] {processor.py:840} INFO - DAG(s) 'example_xcom' retrieved from /home/airflow/.local/lib/python3.8/site-packages/airflow/example_dags/example_xcom.py
[2026-06-18T17:36:29.116+0000] {logging_mixin.py:188} INFO - [2026-06-18T17:36:29.115+0000] {dag.py:3036} INFO - Sync 1 DAGs
[2026-06-18T17:36:29.164+0000] {logging_mixin.py:188} INFO - [2026-06-18T17:36:29.163+0000] {dag.py:3823} INFO - Setting next_dagrun for example_xcom to 2021-01-01 00:00:00+00:00, run_after=2021-01-01 00:00:00+00:00
[2026-06-18T17:36:29.204+0000] {processor.py:183} INFO - Processing /home/airflow/.local/lib/python3.8/site-packages/airflow/example_dags/example_xcom.py took 0.160 seconds
[2026-06-18T17:36:59.417+0000] {processor.py:161} INFO - Started process (PID=6161) to work on /home/airflow/.local/lib/python3.8/site-packages/airflow/example_dags/example_xcom.py
[2026-06-18T17:36:59.419+0000] {processor.py:830} INFO - Processing file /home/airflow/.local/lib/python3.8/site-packages/airflow/example_dags/example_xcom.py for tasks to queue
[2026-06-18T17:36:59.423+0000] {logging_mixin.py:188} INFO - [2026-06-18T17:36:59.422+0000] {dagbag.py:538} INFO - Filling up the DagBag from /home/airflow/.local/lib/python3.8/site-packages/airflow/example_dags/example_xcom.py
[2026-06-18T17:36:59.438+0000] {processor.py:840} INFO - DAG(s) 'example_xcom' retrieved from /home/airflow/.local/lib/python3.8/site-packages/airflow/example_dags/example_xcom.py
[2026-06-18T17:36:59.487+0000] {logging_mixin.py:188} INFO - [2026-06-18T17:36:59.487+0000] {dag.py:3036} INFO - Sync 1 DAGs
[2026-06-18T17:36:59.533+0000] {logging_mixin.py:188} INFO - [2026-06-18T17:36:59.532+0000] {dag.py:3823} INFO - Setting next_dagrun for example_xcom to 2021-01-01 00:00:00+00:00, run_after=2021-01-01 00:00:00+00:00
[2026-06-18T17:36:59.567+0000] {processor.py:183} INFO - Processing /home/airflow/.local/lib/python3.8/site-packages/airflow/example_dags/example_xcom.py took 0.156 seconds
[2026-06-18T17:37:29.751+0000] {processor.py:161} INFO - Started process (PID=6226) to work on /home/airflow/.local/lib/python3.8/site-packages/airflow/example_dags/example_xcom.py
[2026-06-18T17:37:29.753+0000] {processor.py:830} INFO - Processing file /home/airflow/.local/lib/python3.8/site-packages/airflow/example_dags/example_xcom.py for tasks to queue
[2026-06-18T17:37:29.757+0000] {logging_mixin.py:188} INFO - [2026-06-18T17:37:29.756+0000] {dagbag.py:538} INFO - Filling up the DagBag from /home/airflow/.local/lib/python3.8/site-packages/airflow/example_dags/example_xcom.py
[2026-06-18T17:37:29.771+0000] {processor.py:840} INFO - DAG(s) 'example_xcom' retrieved from /home/airflow/.local/lib/python3.8/site-packages/airflow/example_dags/example_xcom.py
[2026-06-18T17:37:29.821+0000] {logging_mixin.py:188} INFO - [2026-06-18T17:37:29.821+0000] {dag.py:3036} INFO - Sync 1 DAGs
[2026-06-18T17:37:29.870+0000] {logging_mixin.py:188} INFO - [2026-06-18T17:37:29.869+0000] {dag.py:3823} INFO - Setting next_dagrun for example_xcom to 2021-01-01 00:00:00+00:00, run_after=2021-01-01 00:00:00+00:00
[2026-06-18T17:37:29.915+0000] {processor.py:183} INFO - Processing /home/airflow/.local/lib/python3.8/site-packages/airflow/example_dags/example_xcom.py took 0.170 seconds
[2026-06-18T17:38:00.261+0000] {processor.py:161} INFO - Started process (PID=6291) to work on /home/airflow/.local/lib/python3.8/site-packages/airflow/example_dags/example_xcom.py
[2026-06-18T17:38:00.262+0000] {processor.py:830} INFO - Processing file /home/airflow/.local/lib/python3.8/site-packages/airflow/example_dags/example_xcom.py for tasks to queue
[2026-06-18T17:38:00.265+0000] {logging_mixin.py:188} INFO - [2026-06-18T17:38:00.264+0000] {dagbag.py:538} INFO - Filling up the DagBag from /home/airflow/.local/lib/python3.8/site-packages/airflow/example_dags/example_xcom.py
[2026-06-18T17:38:00.278+0000] {processor.py:840} INFO - DAG(s) 'example_xcom' retrieved from /home/airflow/.local/lib/python3.8/site-packages/airflow/example_dags/example_xcom.py
[2026-06-18T17:38:00.329+0000] {logging_mixin.py:188} INFO - [2026-06-18T17:38:00.329+0000] {dag.py:3036} INFO - Sync 1 DAGs
[2026-06-18T17:38:00.373+0000] {logging_mixin.py:188} INFO - [2026-06-18T17:38:00.373+0000] {dag.py:3823} INFO - Setting next_dagrun for example_xcom to 2021-01-01 00:00:00+00:00, run_after=2021-01-01 00:00:00+00:00
[2026-06-18T17:38:00.408+0000] {processor.py:183} INFO - Processing /home/airflow/.local/lib/python3.8/site-packages/airflow/example_dags/example_xcom.py took 0.153 seconds
[2026-06-18T17:38:30.534+0000] {processor.py:161} INFO - Started process (PID=6365) to work on /home/airflow/.local/lib/python3.8/site-packages/airflow/example_dags/example_xcom.py
[2026-06-18T17:38:30.538+0000] {processor.py:830} INFO - Processing file /home/airflow/.local/lib/python3.8/site-packages/airflow/example_dags/example_xcom.py for tasks to queue
[2026-06-18T17:38:30.542+0000] {logging_mixin.py:188} INFO - [2026-06-18T17:38:30.541+0000] {dagbag.py:538} INFO - Filling up the DagBag from /home/airflow/.local/lib/python3.8/site-packages/airflow/example_dags/example_xcom.py
[2026-06-18T17:38:30.557+0000] {processor.py:840} INFO - DAG(s) 'example_xcom' retrieved from /home/airflow/.local/lib/python3.8/site-packages/airflow/example_dags/example_xcom.py
[2026-06-18T17:38:30.596+0000] {logging_mixin.py:188} INFO - [2026-06-18T17:38:30.596+0000] {dag.py:3036} INFO - Sync 1 DAGs
[2026-06-18T17:38:30.644+0000] {logging_mixin.py:188} INFO - [2026-06-18T17:38:30.644+0000] {dag.py:3823} INFO - Setting next_dagrun for example_xcom to 2021-01-01 00:00:00+00:00, run_after=2021-01-01 00:00:00+00:00
[2026-06-18T17:38:30.690+0000] {processor.py:183} INFO - Processing /home/airflow/.local/lib/python3.8/site-packages/airflow/example_dags/example_xcom.py took 0.162 seconds
[2026-06-18T17:39:00.828+0000] {processor.py:161} INFO - Started process (PID=6431) to work on /home/airflow/.local/lib/python3.8/site-packages/airflow/example_dags/example_xcom.py
[2026-06-18T17:39:00.830+0000] {processor.py:830} INFO - Processing file /home/airflow/.local/lib/python3.8/site-packages/airflow/example_dags/example_xcom.py for tasks to queue
[2026-06-18T17:39:00.833+0000] {logging_mixin.py:188} INFO - [2026-06-18T17:39:00.833+0000] {dagbag.py:538} INFO - Filling up the DagBag from /home/airflow/.local/lib/python3.8/site-packages/airflow/example_dags/example_xcom.py
[2026-06-18T17:39:00.847+0000] {processor.py:840} INFO - DAG(s) 'example_xcom' retrieved from /home/airflow/.local/lib/python3.8/site-packages/airflow/example_dags/example_xcom.py
[2026-06-18T17:39:00.890+0000] {logging_mixin.py:188} INFO - [2026-06-18T17:39:00.889+0000] {dag.py:3036} INFO - Sync 1 DAGs
[2026-06-18T17:39:00.938+0000] {logging_mixin.py:188} INFO - [2026-06-18T17:39:00.937+0000] {dag.py:3823} INFO - Setting next_dagrun for example_xcom to 2021-01-01 00:00:00+00:00, run_after=2021-01-01 00:00:00+00:00
[2026-06-18T17:39:00.970+0000] {processor.py:183} INFO - Processing /home/airflow/.local/lib/python3.8/site-packages/airflow/example_dags/example_xcom.py took 0.148 seconds
[2026-06-18T17:39:31.257+0000] {processor.py:161} INFO - Started process (PID=6497) to work on /home/airflow/.local/lib/python3.8/site-packages/airflow/example_dags/example_xcom.py
[2026-06-18T17:39:31.259+0000] {processor.py:830} INFO - Processing file /home/airflow/.local/lib/python3.8/site-packages/airflow/example_dags/example_xcom.py for tasks to queue
[2026-06-18T17:39:31.262+0000] {logging_mixin.py:188} INFO - [2026-06-18T17:39:31.261+0000] {dagbag.py:538} INFO - Filling up the DagBag from /home/airflow/.local/lib/python3.8/site-packages/airflow/example_dags/example_xcom.py
[2026-06-18T17:39:31.274+0000] {processor.py:840} INFO - DAG(s) 'example_xcom' retrieved from /home/airflow/.local/lib/python3.8/site-packages/airflow/example_dags/example_xcom.py
[2026-06-18T17:39:31.321+0000] {logging_mixin.py:188} INFO - [2026-06-18T17:39:31.320+0000] {dag.py:3036} INFO - Sync 1 DAGs
[2026-06-18T17:39:31.363+0000] {logging_mixin.py:188} INFO - [2026-06-18T17:39:31.362+0000] {dag.py:3823} INFO - Setting next_dagrun for example_xcom to 2021-01-01 00:00:00+00:00, run_after=2021-01-01 00:00:00+00:00
[2026-06-18T17:39:31.400+0000] {processor.py:183} INFO - Processing /home/airflow/.local/lib/python3.8/site-packages/airflow/example_dags/example_xcom.py took 0.150 seconds
[2026-06-18T17:40:02.122+0000] {processor.py:161} INFO - Started process (PID=6563) to work on /home/airflow/.local/lib/python3.8/site-packages/airflow/example_dags/example_xcom.py
[2026-06-18T17:40:02.124+0000] {processor.py:830} INFO - Processing file /home/airflow/.local/lib/python3.8/site-packages/airflow/example_dags/example_xcom.py for tasks to queue
[2026-06-18T17:40:02.126+0000] {logging_mixin.py:188} INFO - [2026-06-18T17:40:02.126+0000] {dagbag.py:538} INFO - Filling up the DagBag from /home/airflow/.local/lib/python3.8/site-packages/airflow/example_dags/example_xcom.py
[2026-06-18T17:40:02.142+0000] {processor.py:840} INFO - DAG(s) 'example_xcom' retrieved from /home/airflow/.local/lib/python3.8/site-packages/airflow/example_dags/example_xcom.py
[2026-06-18T17:40:02.188+0000] {logging_mixin.py:188} INFO - [2026-06-18T17:40:02.187+0000] {dag.py:3036} INFO - Sync 1 DAGs
[2026-06-18T17:40:02.233+0000] {logging_mixin.py:188} INFO - [2026-06-18T17:40:02.232+0000] {dag.py:3823} INFO - Setting next_dagrun for example_xcom to 2021-01-01 00:00:00+00:00, run_after=2021-01-01 00:00:00+00:00
[2026-06-18T17:40:02.267+0000] {processor.py:183} INFO - Processing /home/airflow/.local/lib/python3.8/site-packages/airflow/example_dags/example_xcom.py took 0.150 seconds
[2026-06-18T17:40:33.249+0000] {processor.py:161} INFO - Started process (PID=6629) to work on /home/airflow/.local/lib/python3.8/site-packages/airflow/example_dags/example_xcom.py
[2026-06-18T17:40:33.252+0000] {processor.py:830} INFO - Processing file /home/airflow/.local/lib/python3.8/site-packages/airflow/example_dags/example_xcom.py for tasks to queue
[2026-06-18T17:40:33.256+0000] {logging_mixin.py:188} INFO - [2026-06-18T17:40:33.255+0000] {dagbag.py:538} INFO - Filling up the DagBag from /home/airflow/.local/lib/python3.8/site-packages/airflow/example_dags/example_xcom.py
[2026-06-18T17:40:33.271+0000] {processor.py:840} INFO - DAG(s) 'example_xcom' retrieved from /home/airflow/.local/lib/python3.8/site-packages/airflow/example_dags/example_xcom.py
[2026-06-18T17:40:33.310+0000] {logging_mixin.py:188} INFO - [2026-06-18T17:40:33.310+0000] {dag.py:3036} INFO - Sync 1 DAGs
[2026-06-18T17:40:33.351+0000] {logging_mixin.py:188} INFO - [2026-06-18T17:40:33.350+0000] {dag.py:3823} INFO - Setting next_dagrun for example_xcom to 2021-01-01 00:00:00+00:00, run_after=2021-01-01 00:00:00+00:00
[2026-06-18T17:40:33.391+0000] {processor.py:183} INFO - Processing /home/airflow/.local/lib/python3.8/site-packages/airflow/example_dags/example_xcom.py took 0.152 seconds
[2026-06-18T17:41:03.767+0000] {processor.py:161} INFO - Started process (PID=6695) to work on /home/airflow/.local/lib/python3.8/site-packages/airflow/example_dags/example_xcom.py
[2026-06-18T17:41:03.769+0000] {processor.py:830} INFO - Processing file /home/airflow/.local/lib/python3.8/site-packages/airflow/example_dags/example_xcom.py for tasks to queue
[2026-06-18T17:41:03.772+0000] {logging_mixin.py:188} INFO - [2026-06-18T17:41:03.772+0000] {dagbag.py:538} INFO - Filling up the DagBag from /home/airflow/.local/lib/python3.8/site-packages/airflow/example_dags/example_xcom.py
[2026-06-18T17:41:03.785+0000] {processor.py:840} INFO - DAG(s) 'example_xcom' retrieved from /home/airflow/.local/lib/python3.8/site-packages/airflow/example_dags/example_xcom.py
[2026-06-18T17:41:03.827+0000] {logging_mixin.py:188} INFO - [2026-06-18T17:41:03.827+0000] {dag.py:3036} INFO - Sync 1 DAGs
[2026-06-18T17:41:03.872+0000] {logging_mixin.py:188} INFO - [2026-06-18T17:41:03.871+0000] {dag.py:3823} INFO - Setting next_dagrun for example_xcom to 2021-01-01 00:00:00+00:00, run_after=2021-01-01 00:00:00+00:00
[2026-06-18T17:41:03.906+0000] {processor.py:183} INFO - Processing /home/airflow/.local/lib/python3.8/site-packages/airflow/example_dags/example_xcom.py took 0.145 seconds
[2026-06-18T17:41:34.157+0000] {processor.py:161} INFO - Started process (PID=6759) to work on /home/airflow/.local/lib/python3.8/site-packages/airflow/example_dags/example_xcom.py
[2026-06-18T17:41:34.158+0000] {processor.py:830} INFO - Processing file /home/airflow/.local/lib/python3.8/site-packages/airflow/example_dags/example_xcom.py for tasks to queue
[2026-06-18T17:41:34.161+0000] {logging_mixin.py:188} INFO - [2026-06-18T17:41:34.160+0000] {dagbag.py:538} INFO - Filling up the DagBag from /home/airflow/.local/lib/python3.8/site-packages/airflow/example_dags/example_xcom.py
[2026-06-18T17:41:34.173+0000] {processor.py:840} INFO - DAG(s) 'example_xcom' retrieved from /home/airflow/.local/lib/python3.8/site-packages/airflow/example_dags/example_xcom.py
[2026-06-18T17:41:34.210+0000] {logging_mixin.py:188} INFO - [2026-06-18T17:41:34.210+0000] {dag.py:3036} INFO - Sync 1 DAGs
[2026-06-18T17:41:34.245+0000] {logging_mixin.py:188} INFO - [2026-06-18T17:41:34.245+0000] {dag.py:3823} INFO - Setting next_dagrun for example_xcom to 2021-01-01 00:00:00+00:00, run_after=2021-01-01 00:00:00+00:00
[2026-06-18T17:41:34.277+0000] {processor.py:183} INFO - Processing /home/airflow/.local/lib/python3.8/site-packages/airflow/example_dags/example_xcom.py took 0.126 seconds
[2026-06-18T17:42:05.047+0000] {processor.py:161} INFO - Started process (PID=6825) to work on /home/airflow/.local/lib/python3.8/site-packages/airflow/example_dags/example_xcom.py
[2026-06-18T17:42:05.049+0000] {processor.py:830} INFO - Processing file /home/airflow/.local/lib/python3.8/site-packages/airflow/example_dags/example_xcom.py for tasks to queue
[2026-06-18T17:42:05.052+0000] {logging_mixin.py:188} INFO - [2026-06-18T17:42:05.051+0000] {dagbag.py:538} INFO - Filling up the DagBag from /home/airflow/.local/lib/python3.8/site-packages/airflow/example_dags/example_xcom.py
[2026-06-18T17:42:05.063+0000] {processor.py:840} INFO - DAG(s) 'example_xcom' retrieved from /home/airflow/.local/lib/python3.8/site-packages/airflow/example_dags/example_xcom.py
[2026-06-18T17:42:05.099+0000] {logging_mixin.py:188} INFO - [2026-06-18T17:42:05.099+0000] {dag.py:3036} INFO - Sync 1 DAGs
[2026-06-18T17:42:05.139+0000] {logging_mixin.py:188} INFO - [2026-06-18T17:42:05.139+0000] {dag.py:3823} INFO - Setting next_dagrun for example_xcom to 2021-01-01 00:00:00+00:00, run_after=2021-01-01 00:00:00+00:00
[2026-06-18T17:42:05.170+0000] {processor.py:183} INFO - Processing /home/airflow/.local/lib/python3.8/site-packages/airflow/example_dags/example_xcom.py took 0.128 seconds
[2026-06-18T17:42:35.589+0000] {processor.py:161} INFO - Started process (PID=6891) to work on /home/airflow/.local/lib/python3.8/site-packages/airflow/example_dags/example_xcom.py
[2026-06-18T17:42:35.590+0000] {processor.py:830} INFO - Processing file /home/airflow/.local/lib/python3.8/site-packages/airflow/example_dags/example_xcom.py for tasks to queue
[2026-06-18T17:42:35.593+0000] {logging_mixin.py:188} INFO - [2026-06-18T17:42:35.593+0000] {dagbag.py:538} INFO - Filling up the DagBag from /home/airflow/.local/lib/python3.8/site-packages/airflow/example_dags/example_xcom.py
[2026-06-18T17:42:35.611+0000] {processor.py:840} INFO - DAG(s) 'example_xcom' retrieved from /home/airflow/.local/lib/python3.8/site-packages/airflow/example_dags/example_xcom.py
[2026-06-18T17:42:35.657+0000] {logging_mixin.py:188} INFO - [2026-06-18T17:42:35.657+0000] {dag.py:3036} INFO - Sync 1 DAGs
[2026-06-18T17:42:35.703+0000] {logging_mixin.py:188} INFO - [2026-06-18T17:42:35.703+0000] {dag.py:3823} INFO - Setting next_dagrun for example_xcom to 2021-01-01 00:00:00+00:00, run_after=2021-01-01 00:00:00+00:00
[2026-06-18T17:42:35.732+0000] {processor.py:183} INFO - Processing /home/airflow/.local/lib/python3.8/site-packages/airflow/example_dags/example_xcom.py took 0.153 seconds
[2026-06-18T17:43:06.209+0000] {processor.py:161} INFO - Started process (PID=6957) to work on /home/airflow/.local/lib/python3.8/site-packages/airflow/example_dags/example_xcom.py
[2026-06-18T17:43:06.211+0000] {processor.py:830} INFO - Processing file /home/airflow/.local/lib/python3.8/site-packages/airflow/example_dags/example_xcom.py for tasks to queue
[2026-06-18T17:43:06.214+0000] {logging_mixin.py:188} INFO - [2026-06-18T17:43:06.213+0000] {dagbag.py:538} INFO - Filling up the DagBag from /home/airflow/.local/lib/python3.8/site-packages/airflow/example_dags/example_xcom.py
[2026-06-18T17:43:06.227+0000] {processor.py:840} INFO - DAG(s) 'example_xcom' retrieved from /home/airflow/.local/lib/python3.8/site-packages/airflow/example_dags/example_xcom.py
[2026-06-18T17:43:06.266+0000] {logging_mixin.py:188} INFO - [2026-06-18T17:43:06.265+0000] {dag.py:3036} INFO - Sync 1 DAGs
[2026-06-18T17:43:06.304+0000] {logging_mixin.py:188} INFO - [2026-06-18T17:43:06.304+0000] {dag.py:3823} INFO - Setting next_dagrun for example_xcom to 2021-01-01 00:00:00+00:00, run_after=2021-01-01 00:00:00+00:00
[2026-06-18T17:43:06.335+0000] {processor.py:183} INFO - Processing /home/airflow/.local/lib/python3.8/site-packages/airflow/example_dags/example_xcom.py took 0.131 seconds
[2026-06-18T17:43:36.460+0000] {processor.py:161} INFO - Started process (PID=7023) to work on /home/airflow/.local/lib/python3.8/site-packages/airflow/example_dags/example_xcom.py
[2026-06-18T17:43:36.461+0000] {processor.py:830} INFO - Processing file /home/airflow/.local/lib/python3.8/site-packages/airflow/example_dags/example_xcom.py for tasks to queue
[2026-06-18T17:43:36.465+0000] {logging_mixin.py:188} INFO - [2026-06-18T17:43:36.464+0000] {dagbag.py:538} INFO - Filling up the DagBag from /home/airflow/.local/lib/python3.8/site-packages/airflow/example_dags/example_xcom.py
[2026-06-18T17:43:36.476+0000] {processor.py:840} INFO - DAG(s) 'example_xcom' retrieved from /home/airflow/.local/lib/python3.8/site-packages/airflow/example_dags/example_xcom.py
[2026-06-18T17:43:36.514+0000] {logging_mixin.py:188} INFO - [2026-06-18T17:43:36.514+0000] {dag.py:3036} INFO - Sync 1 DAGs
[2026-06-18T17:43:36.548+0000] {logging_mixin.py:188} INFO - [2026-06-18T17:43:36.547+0000] {dag.py:3823} INFO - Setting next_dagrun for example_xcom to 2021-01-01 00:00:00+00:00, run_after=2021-01-01 00:00:00+00:00
[2026-06-18T17:43:36.577+0000] {processor.py:183} INFO - Processing /home/airflow/.local/lib/python3.8/site-packages/airflow/example_dags/example_xcom.py took 0.122 seconds
[2026-06-18T17:44:06.771+0000] {processor.py:161} INFO - Started process (PID=7089) to work on /home/airflow/.local/lib/python3.8/site-packages/airflow/example_dags/example_xcom.py
[2026-06-18T17:44:06.773+0000] {processor.py:830} INFO - Processing file /home/airflow/.local/lib/python3.8/site-packages/airflow/example_dags/example_xcom.py for tasks to queue
[2026-06-18T17:44:06.776+0000] {logging_mixin.py:188} INFO - [2026-06-18T17:44:06.776+0000] {dagbag.py:538} INFO - Filling up the DagBag from /home/airflow/.local/lib/python3.8/site-packages/airflow/example_dags/example_xcom.py
[2026-06-18T17:44:06.788+0000] {processor.py:840} INFO - DAG(s) 'example_xcom' retrieved from /home/airflow/.local/lib/python3.8/site-packages/airflow/example_dags/example_xcom.py
[2026-06-18T17:44:06.829+0000] {logging_mixin.py:188} INFO - [2026-06-18T17:44:06.829+0000] {dag.py:3036} INFO - Sync 1 DAGs
[2026-06-18T17:44:06.869+0000] {logging_mixin.py:188} INFO - [2026-06-18T17:44:06.869+0000] {dag.py:3823} INFO - Setting next_dagrun for example_xcom to 2021-01-01 00:00:00+00:00, run_after=2021-01-01 00:00:00+00:00
[2026-06-18T17:44:06.901+0000] {processor.py:183} INFO - Processing /home/airflow/.local/lib/python3.8/site-packages/airflow/example_dags/example_xcom.py took 0.134 seconds
[2026-06-18T17:44:37.404+0000] {processor.py:161} INFO - Started process (PID=7155) to work on /home/airflow/.local/lib/python3.8/site-packages/airflow/example_dags/example_xcom.py
[2026-06-18T17:44:37.405+0000] {processor.py:830} INFO - Processing file /home/airflow/.local/lib/python3.8/site-packages/airflow/example_dags/example_xcom.py for tasks to queue
[2026-06-18T17:44:37.408+0000] {logging_mixin.py:188} INFO - [2026-06-18T17:44:37.407+0000] {dagbag.py:538} INFO - Filling up the DagBag from /home/airflow/.local/lib/python3.8/site-packages/airflow/example_dags/example_xcom.py
[2026-06-18T17:44:37.422+0000] {processor.py:840} INFO - DAG(s) 'example_xcom' retrieved from /home/airflow/.local/lib/python3.8/site-packages/airflow/example_dags/example_xcom.py
[2026-06-18T17:44:37.464+0000] {logging_mixin.py:188} INFO - [2026-06-18T17:44:37.463+0000] {dag.py:3036} INFO - Sync 1 DAGs
[2026-06-18T17:44:37.505+0000] {logging_mixin.py:188} INFO - [2026-06-18T17:44:37.504+0000] {dag.py:3823} INFO - Setting next_dagrun for example_xcom to 2021-01-01 00:00:00+00:00, run_after=2021-01-01 00:00:00+00:00
[2026-06-18T17:44:37.540+0000] {processor.py:183} INFO - Processing /home/airflow/.local/lib/python3.8/site-packages/airflow/example_dags/example_xcom.py took 0.142 seconds
[2026-06-18T17:45:08.191+0000] {processor.py:161} INFO - Started process (PID=7229) to work on /home/airflow/.local/lib/python3.8/site-packages/airflow/example_dags/example_xcom.py
[2026-06-18T17:45:08.196+0000] {processor.py:830} INFO - Processing file /home/airflow/.local/lib/python3.8/site-packages/airflow/example_dags/example_xcom.py for tasks to queue
[2026-06-18T17:45:08.199+0000] {logging_mixin.py:188} INFO - [2026-06-18T17:45:08.199+0000] {dagbag.py:538} INFO - Filling up the DagBag from /home/airflow/.local/lib/python3.8/site-packages/airflow/example_dags/example_xcom.py
[2026-06-18T17:45:08.213+0000] {processor.py:840} INFO - DAG(s) 'example_xcom' retrieved from /home/airflow/.local/lib/python3.8/site-packages/airflow/example_dags/example_xcom.py
[2026-06-18T17:45:08.256+0000] {logging_mixin.py:188} INFO - [2026-06-18T17:45:08.255+0000] {dag.py:3036} INFO - Sync 1 DAGs
[2026-06-18T17:45:08.304+0000] {logging_mixin.py:188} INFO - [2026-06-18T17:45:08.303+0000] {dag.py:3823} INFO - Setting next_dagrun for example_xcom to 2021-01-01 00:00:00+00:00, run_after=2021-01-01 00:00:00+00:00
[2026-06-18T17:45:08.343+0000] {processor.py:183} INFO - Processing /home/airflow/.local/lib/python3.8/site-packages/airflow/example_dags/example_xcom.py took 0.166 seconds
[2026-06-18T17:45:39.163+0000] {processor.py:161} INFO - Started process (PID=7295) to work on /home/airflow/.local/lib/python3.8/site-packages/airflow/example_dags/example_xcom.py
[2026-06-18T17:45:39.165+0000] {processor.py:830} INFO - Processing file /home/airflow/.local/lib/python3.8/site-packages/airflow/example_dags/example_xcom.py for tasks to queue
[2026-06-18T17:45:39.168+0000] {logging_mixin.py:188} INFO - [2026-06-18T17:45:39.167+0000] {dagbag.py:538} INFO - Filling up the DagBag from /home/airflow/.local/lib/python3.8/site-packages/airflow/example_dags/example_xcom.py
[2026-06-18T17:45:39.184+0000] {processor.py:840} INFO - DAG(s) 'example_xcom' retrieved from /home/airflow/.local/lib/python3.8/site-packages/airflow/example_dags/example_xcom.py
[2026-06-18T17:45:39.229+0000] {logging_mixin.py:188} INFO - [2026-06-18T17:45:39.229+0000] {dag.py:3036} INFO - Sync 1 DAGs
[2026-06-18T17:45:39.274+0000] {logging_mixin.py:188} INFO - [2026-06-18T17:45:39.274+0000] {dag.py:3823} INFO - Setting next_dagrun for example_xcom to 2021-01-01 00:00:00+00:00, run_after=2021-01-01 00:00:00+00:00
[2026-06-18T17:45:39.312+0000] {processor.py:183} INFO - Processing /home/airflow/.local/lib/python3.8/site-packages/airflow/example_dags/example_xcom.py took 0.155 seconds
[2026-06-18T17:46:09.804+0000] {processor.py:161} INFO - Started process (PID=7361) to work on /home/airflow/.local/lib/python3.8/site-packages/airflow/example_dags/example_xcom.py
[2026-06-18T17:46:09.806+0000] {processor.py:830} INFO - Processing file /home/airflow/.local/lib/python3.8/site-packages/airflow/example_dags/example_xcom.py for tasks to queue
[2026-06-18T17:46:09.809+0000] {logging_mixin.py:188} INFO - [2026-06-18T17:46:09.808+0000] {dagbag.py:538} INFO - Filling up the DagBag from /home/airflow/.local/lib/python3.8/site-packages/airflow/example_dags/example_xcom.py
[2026-06-18T17:46:09.824+0000] {processor.py:840} INFO - DAG(s) 'example_xcom' retrieved from /home/airflow/.local/lib/python3.8/site-packages/airflow/example_dags/example_xcom.py
[2026-06-18T17:46:09.872+0000] {logging_mixin.py:188} INFO - [2026-06-18T17:46:09.872+0000] {dag.py:3036} INFO - Sync 1 DAGs
[2026-06-18T17:46:09.925+0000] {logging_mixin.py:188} INFO - [2026-06-18T17:46:09.925+0000] {dag.py:3823} INFO - Setting next_dagrun for example_xcom to 2021-01-01 00:00:00+00:00, run_after=2021-01-01 00:00:00+00:00
[2026-06-18T17:46:09.967+0000] {processor.py:183} INFO - Processing /home/airflow/.local/lib/python3.8/site-packages/airflow/example_dags/example_xcom.py took 0.169 seconds
[2026-06-18T17:46:40.607+0000] {processor.py:161} INFO - Started process (PID=7428) to work on /home/airflow/.local/lib/python3.8/site-packages/airflow/example_dags/example_xcom.py
[2026-06-18T17:46:40.608+0000] {processor.py:830} INFO - Processing file /home/airflow/.local/lib/python3.8/site-packages/airflow/example_dags/example_xcom.py for tasks to queue
[2026-06-18T17:46:40.612+0000] {logging_mixin.py:188} INFO - [2026-06-18T17:46:40.611+0000] {dagbag.py:538} INFO - Filling up the DagBag from /home/airflow/.local/lib/python3.8/site-packages/airflow/example_dags/example_xcom.py
[2026-06-18T17:46:40.625+0000] {processor.py:840} INFO - DAG(s) 'example_xcom' retrieved from /home/airflow/.local/lib/python3.8/site-packages/airflow/example_dags/example_xcom.py
[2026-06-18T17:46:40.670+0000] {logging_mixin.py:188} INFO - [2026-06-18T17:46:40.669+0000] {dag.py:3036} INFO - Sync 1 DAGs
[2026-06-18T17:46:40.715+0000] {logging_mixin.py:188} INFO - [2026-06-18T17:46:40.714+0000] {dag.py:3823} INFO - Setting next_dagrun for example_xcom to 2021-01-01 00:00:00+00:00, run_after=2021-01-01 00:00:00+00:00
[2026-06-18T17:46:40.751+0000] {processor.py:183} INFO - Processing /home/airflow/.local/lib/python3.8/site-packages/airflow/example_dags/example_xcom.py took 0.151 seconds
[2026-06-18T17:47:11.355+0000] {processor.py:161} INFO - Started process (PID=7494) to work on /home/airflow/.local/lib/python3.8/site-packages/airflow/example_dags/example_xcom.py
[2026-06-18T17:47:11.357+0000] {processor.py:830} INFO - Processing file /home/airflow/.local/lib/python3.8/site-packages/airflow/example_dags/example_xcom.py for tasks to queue
[2026-06-18T17:47:11.360+0000] {logging_mixin.py:188} INFO - [2026-06-18T17:47:11.359+0000] {dagbag.py:538} INFO - Filling up the DagBag from /home/airflow/.local/lib/python3.8/site-packages/airflow/example_dags/example_xcom.py
[2026-06-18T17:47:11.374+0000] {processor.py:840} INFO - DAG(s) 'example_xcom' retrieved from /home/airflow/.local/lib/python3.8/site-packages/airflow/example_dags/example_xcom.py
[2026-06-18T17:47:11.417+0000] {logging_mixin.py:188} INFO - [2026-06-18T17:47:11.417+0000] {dag.py:3036} INFO - Sync 1 DAGs
[2026-06-18T17:47:11.464+0000] {logging_mixin.py:188} INFO - [2026-06-18T17:47:11.463+0000] {dag.py:3823} INFO - Setting next_dagrun for example_xcom to 2021-01-01 00:00:00+00:00, run_after=2021-01-01 00:00:00+00:00
[2026-06-18T17:47:11.500+0000] {processor.py:183} INFO - Processing /home/airflow/.local/lib/python3.8/site-packages/airflow/example_dags/example_xcom.py took 0.150 seconds
[2026-06-18T17:47:42.730+0000] {processor.py:161} INFO - Started process (PID=7561) to work on /home/airflow/.local/lib/python3.8/site-packages/airflow/example_dags/example_xcom.py
[2026-06-18T17:47:42.731+0000] {processor.py:830} INFO - Processing file /home/airflow/.local/lib/python3.8/site-packages/airflow/example_dags/example_xcom.py for tasks to queue
[2026-06-18T17:47:42.733+0000] {logging_mixin.py:188} INFO - [2026-06-18T17:47:42.733+0000] {dagbag.py:538} INFO - Filling up the DagBag from /home/airflow/.local/lib/python3.8/site-packages/airflow/example_dags/example_xcom.py
[2026-06-18T17:47:42.745+0000] {processor.py:840} INFO - DAG(s) 'example_xcom' retrieved from /home/airflow/.local/lib/python3.8/site-packages/airflow/example_dags/example_xcom.py
[2026-06-18T17:47:42.784+0000] {logging_mixin.py:188} INFO - [2026-06-18T17:47:42.784+0000] {dag.py:3036} INFO - Sync 1 DAGs
[2026-06-18T17:47:42.822+0000] {logging_mixin.py:188} INFO - [2026-06-18T17:47:42.821+0000] {dag.py:3823} INFO - Setting next_dagrun for example_xcom to 2021-01-01 00:00:00+00:00, run_after=2021-01-01 00:00:00+00:00
[2026-06-18T17:47:42.852+0000] {processor.py:183} INFO - Processing /home/airflow/.local/lib/python3.8/site-packages/airflow/example_dags/example_xcom.py took 0.127 seconds
[2026-06-18T17:48:13.453+0000] {processor.py:161} INFO - Started process (PID=7626) to work on /home/airflow/.local/lib/python3.8/site-packages/airflow/example_dags/example_xcom.py
[2026-06-18T17:48:13.454+0000] {processor.py:830} INFO - Processing file /home/airflow/.local/lib/python3.8/site-packages/airflow/example_dags/example_xcom.py for tasks to queue
[2026-06-18T17:48:13.457+0000] {logging_mixin.py:188} INFO - [2026-06-18T17:48:13.457+0000] {dagbag.py:538} INFO - Filling up the DagBag from /home/airflow/.local/lib/python3.8/site-packages/airflow/example_dags/example_xcom.py
[2026-06-18T17:48:13.470+0000] {processor.py:840} INFO - DAG(s) 'example_xcom' retrieved from /home/airflow/.local/lib/python3.8/site-packages/airflow/example_dags/example_xcom.py
[2026-06-18T17:48:13.513+0000] {logging_mixin.py:188} INFO - [2026-06-18T17:48:13.513+0000] {dag.py:3036} INFO - Sync 1 DAGs
[2026-06-18T17:48:13.553+0000] {logging_mixin.py:188} INFO - [2026-06-18T17:48:13.552+0000] {dag.py:3823} INFO - Setting next_dagrun for example_xcom to 2021-01-01 00:00:00+00:00, run_after=2021-01-01 00:00:00+00:00
[2026-06-18T17:48:13.587+0000] {processor.py:183} INFO - Processing /home/airflow/.local/lib/python3.8/site-packages/airflow/example_dags/example_xcom.py took 0.141 seconds
[2026-06-18T17:48:43.975+0000] {processor.py:161} INFO - Started process (PID=7692) to work on /home/airflow/.local/lib/python3.8/site-packages/airflow/example_dags/example_xcom.py
[2026-06-18T17:48:43.977+0000] {processor.py:830} INFO - Processing file /home/airflow/.local/lib/python3.8/site-packages/airflow/example_dags/example_xcom.py for tasks to queue
[2026-06-18T17:48:43.980+0000] {logging_mixin.py:188} INFO - [2026-06-18T17:48:43.980+0000] {dagbag.py:538} INFO - Filling up the DagBag from /home/airflow/.local/lib/python3.8/site-packages/airflow/example_dags/example_xcom.py
[2026-06-18T17:48:43.992+0000] {processor.py:840} INFO - DAG(s) 'example_xcom' retrieved from /home/airflow/.local/lib/python3.8/site-packages/airflow/example_dags/example_xcom.py
[2026-06-18T17:48:44.030+0000] {logging_mixin.py:188} INFO - [2026-06-18T17:48:44.029+0000] {dag.py:3036} INFO - Sync 1 DAGs
[2026-06-18T17:48:44.065+0000] {logging_mixin.py:188} INFO - [2026-06-18T17:48:44.064+0000] {dag.py:3823} INFO - Setting next_dagrun for example_xcom to 2021-01-01 00:00:00+00:00, run_after=2021-01-01 00:00:00+00:00
[2026-06-18T17:48:44.095+0000] {processor.py:183} INFO - Processing /home/airflow/.local/lib/python3.8/site-packages/airflow/example_dags/example_xcom.py took 0.125 seconds
[2026-06-18T17:49:14.274+0000] {processor.py:161} INFO - Started process (PID=7759) to work on /home/airflow/.local/lib/python3.8/site-packages/airflow/example_dags/example_xcom.py
[2026-06-18T17:49:14.275+0000] {processor.py:830} INFO - Processing file /home/airflow/.local/lib/python3.8/site-packages/airflow/example_dags/example_xcom.py for tasks to queue
[2026-06-18T17:49:14.278+0000] {logging_mixin.py:188} INFO - [2026-06-18T17:49:14.278+0000] {dagbag.py:538} INFO - Filling up the DagBag from /home/airflow/.local/lib/python3.8/site-packages/airflow/example_dags/example_xcom.py
[2026-06-18T17:49:14.291+0000] {processor.py:840} INFO - DAG(s) 'example_xcom' retrieved from /home/airflow/.local/lib/python3.8/site-packages/airflow/example_dags/example_xcom.py
[2026-06-18T17:49:14.333+0000] {logging_mixin.py:188} INFO - [2026-06-18T17:49:14.333+0000] {dag.py:3036} INFO - Sync 1 DAGs
[2026-06-18T17:49:14.378+0000] {logging_mixin.py:188} INFO - [2026-06-18T17:49:14.377+0000] {dag.py:3823} INFO - Setting next_dagrun for example_xcom to 2021-01-01 00:00:00+00:00, run_after=2021-01-01 00:00:00+00:00
[2026-06-18T17:49:14.411+0000] {processor.py:183} INFO - Processing /home/airflow/.local/lib/python3.8/site-packages/airflow/example_dags/example_xcom.py took 0.142 seconds
