[2026-06-18T16:50:16.533+0000] {processor.py:161} INFO - Started process (PID=67) to work on /home/airflow/.local/lib/python3.8/site-packages/airflow/example_dags/example_branch_datetime_operator.py
[2026-06-18T16:50:16.535+0000] {processor.py:830} INFO - Processing file /home/airflow/.local/lib/python3.8/site-packages/airflow/example_dags/example_branch_datetime_operator.py for tasks to queue
[2026-06-18T16:50:16.538+0000] {logging_mixin.py:188} INFO - [2026-06-18T16:50:16.537+0000] {dagbag.py:538} INFO - Filling up the DagBag from /home/airflow/.local/lib/python3.8/site-packages/airflow/example_dags/example_branch_datetime_operator.py
[2026-06-18T16:50:16.568+0000] {processor.py:840} INFO - DAG(s) 'example_branch_datetime_operator_2', 'example_branch_datetime_operator', 'example_branch_datetime_operator_3' retrieved from /home/airflow/.local/lib/python3.8/site-packages/airflow/example_dags/example_branch_datetime_operator.py
[2026-06-18T16:50:16.637+0000] {logging_mixin.py:188} INFO - [2026-06-18T16:50:16.636+0000] {dag.py:3036} INFO - Sync 3 DAGs
[2026-06-18T16:50:16.686+0000] {logging_mixin.py:188} INFO - [2026-06-18T16:50:16.685+0000] {dag.py:3823} INFO - Setting next_dagrun for example_branch_datetime_operator to 2026-06-17 00:00:00+00:00, run_after=2026-06-18 00:00:00+00:00
[2026-06-18T16:50:16.695+0000] {logging_mixin.py:188} INFO - [2026-06-18T16:50:16.695+0000] {dag.py:3823} INFO - Setting next_dagrun for example_branch_datetime_operator_2 to 2026-06-17 00:00:00+00:00, run_after=2026-06-18 00:00:00+00:00
[2026-06-18T16:50:16.701+0000] {logging_mixin.py:188} INFO - [2026-06-18T16:50:16.700+0000] {dag.py:3823} INFO - Setting next_dagrun for example_branch_datetime_operator_3 to 2026-06-17 00:00:00+00:00, run_after=2026-06-18 00:00:00+00:00
[2026-06-18T16:50:16.733+0000] {processor.py:183} INFO - Processing /home/airflow/.local/lib/python3.8/site-packages/airflow/example_dags/example_branch_datetime_operator.py took 0.206 seconds
[2026-06-18T16:50:46.855+0000] {processor.py:161} INFO - Started process (PID=133) to work on /home/airflow/.local/lib/python3.8/site-packages/airflow/example_dags/example_branch_datetime_operator.py
[2026-06-18T16:50:46.856+0000] {processor.py:830} INFO - Processing file /home/airflow/.local/lib/python3.8/site-packages/airflow/example_dags/example_branch_datetime_operator.py for tasks to queue
[2026-06-18T16:50:46.859+0000] {logging_mixin.py:188} INFO - [2026-06-18T16:50:46.858+0000] {dagbag.py:538} INFO - Filling up the DagBag from /home/airflow/.local/lib/python3.8/site-packages/airflow/example_dags/example_branch_datetime_operator.py
[2026-06-18T16:50:46.876+0000] {processor.py:840} INFO - DAG(s) 'example_branch_datetime_operator', 'example_branch_datetime_operator_3', 'example_branch_datetime_operator_2' retrieved from /home/airflow/.local/lib/python3.8/site-packages/airflow/example_dags/example_branch_datetime_operator.py
[2026-06-18T16:50:46.928+0000] {logging_mixin.py:188} INFO - [2026-06-18T16:50:46.927+0000] {dag.py:3036} INFO - Sync 3 DAGs
[2026-06-18T16:50:46.967+0000] {logging_mixin.py:188} INFO - [2026-06-18T16:50:46.966+0000] {dag.py:3823} INFO - Setting next_dagrun for example_branch_datetime_operator to 2026-06-17 00:00:00+00:00, run_after=2026-06-18 00:00:00+00:00
[2026-06-18T16:50:46.975+0000] {logging_mixin.py:188} INFO - [2026-06-18T16:50:46.975+0000] {dag.py:3823} INFO - Setting next_dagrun for example_branch_datetime_operator_2 to 2026-06-17 00:00:00+00:00, run_after=2026-06-18 00:00:00+00:00
[2026-06-18T16:50:46.980+0000] {logging_mixin.py:188} INFO - [2026-06-18T16:50:46.979+0000] {dag.py:3823} INFO - Setting next_dagrun for example_branch_datetime_operator_3 to 2026-06-17 00:00:00+00:00, run_after=2026-06-18 00:00:00+00:00
[2026-06-18T16:50:47.005+0000] {processor.py:183} INFO - Processing /home/airflow/.local/lib/python3.8/site-packages/airflow/example_dags/example_branch_datetime_operator.py took 0.155 seconds
[2026-06-18T16:51:17.584+0000] {processor.py:161} INFO - Started process (PID=200) to work on /home/airflow/.local/lib/python3.8/site-packages/airflow/example_dags/example_branch_datetime_operator.py
[2026-06-18T16:51:17.586+0000] {processor.py:830} INFO - Processing file /home/airflow/.local/lib/python3.8/site-packages/airflow/example_dags/example_branch_datetime_operator.py for tasks to queue
[2026-06-18T16:51:17.589+0000] {logging_mixin.py:188} INFO - [2026-06-18T16:51:17.589+0000] {dagbag.py:538} INFO - Filling up the DagBag from /home/airflow/.local/lib/python3.8/site-packages/airflow/example_dags/example_branch_datetime_operator.py
[2026-06-18T16:51:17.608+0000] {processor.py:840} INFO - DAG(s) 'example_branch_datetime_operator', 'example_branch_datetime_operator_2', 'example_branch_datetime_operator_3' retrieved from /home/airflow/.local/lib/python3.8/site-packages/airflow/example_dags/example_branch_datetime_operator.py
[2026-06-18T16:51:17.665+0000] {logging_mixin.py:188} INFO - [2026-06-18T16:51:17.665+0000] {dag.py:3036} INFO - Sync 3 DAGs
[2026-06-18T16:51:17.711+0000] {logging_mixin.py:188} INFO - [2026-06-18T16:51:17.710+0000] {dag.py:3823} INFO - Setting next_dagrun for example_branch_datetime_operator to 2026-06-17 00:00:00+00:00, run_after=2026-06-18 00:00:00+00:00
[2026-06-18T16:51:17.721+0000] {logging_mixin.py:188} INFO - [2026-06-18T16:51:17.721+0000] {dag.py:3823} INFO - Setting next_dagrun for example_branch_datetime_operator_2 to 2026-06-17 00:00:00+00:00, run_after=2026-06-18 00:00:00+00:00
[2026-06-18T16:51:17.727+0000] {logging_mixin.py:188} INFO - [2026-06-18T16:51:17.727+0000] {dag.py:3823} INFO - Setting next_dagrun for example_branch_datetime_operator_3 to 2026-06-17 00:00:00+00:00, run_after=2026-06-18 00:00:00+00:00
[2026-06-18T16:51:17.756+0000] {processor.py:183} INFO - Processing /home/airflow/.local/lib/python3.8/site-packages/airflow/example_dags/example_branch_datetime_operator.py took 0.177 seconds
[2026-06-18T16:51:47.837+0000] {processor.py:161} INFO - Started process (PID=266) to work on /home/airflow/.local/lib/python3.8/site-packages/airflow/example_dags/example_branch_datetime_operator.py
[2026-06-18T16:51:47.839+0000] {processor.py:830} INFO - Processing file /home/airflow/.local/lib/python3.8/site-packages/airflow/example_dags/example_branch_datetime_operator.py for tasks to queue
[2026-06-18T16:51:47.843+0000] {logging_mixin.py:188} INFO - [2026-06-18T16:51:47.842+0000] {dagbag.py:538} INFO - Filling up the DagBag from /home/airflow/.local/lib/python3.8/site-packages/airflow/example_dags/example_branch_datetime_operator.py
[2026-06-18T16:51:47.865+0000] {processor.py:840} INFO - DAG(s) 'example_branch_datetime_operator', 'example_branch_datetime_operator_2', 'example_branch_datetime_operator_3' retrieved from /home/airflow/.local/lib/python3.8/site-packages/airflow/example_dags/example_branch_datetime_operator.py
[2026-06-18T16:51:47.928+0000] {logging_mixin.py:188} INFO - [2026-06-18T16:51:47.927+0000] {dag.py:3036} INFO - Sync 3 DAGs
[2026-06-18T16:51:47.968+0000] {logging_mixin.py:188} INFO - [2026-06-18T16:51:47.967+0000] {dag.py:3823} INFO - Setting next_dagrun for example_branch_datetime_operator to 2026-06-17 00:00:00+00:00, run_after=2026-06-18 00:00:00+00:00
[2026-06-18T16:51:47.976+0000] {logging_mixin.py:188} INFO - [2026-06-18T16:51:47.976+0000] {dag.py:3823} INFO - Setting next_dagrun for example_branch_datetime_operator_2 to 2026-06-17 00:00:00+00:00, run_after=2026-06-18 00:00:00+00:00
[2026-06-18T16:51:47.981+0000] {logging_mixin.py:188} INFO - [2026-06-18T16:51:47.981+0000] {dag.py:3823} INFO - Setting next_dagrun for example_branch_datetime_operator_3 to 2026-06-17 00:00:00+00:00, run_after=2026-06-18 00:00:00+00:00
[2026-06-18T16:51:48.005+0000] {processor.py:183} INFO - Processing /home/airflow/.local/lib/python3.8/site-packages/airflow/example_dags/example_branch_datetime_operator.py took 0.173 seconds
[2026-06-18T16:52:18.909+0000] {processor.py:161} INFO - Started process (PID=332) to work on /home/airflow/.local/lib/python3.8/site-packages/airflow/example_dags/example_branch_datetime_operator.py
[2026-06-18T16:52:18.911+0000] {processor.py:830} INFO - Processing file /home/airflow/.local/lib/python3.8/site-packages/airflow/example_dags/example_branch_datetime_operator.py for tasks to queue
[2026-06-18T16:52:18.914+0000] {logging_mixin.py:188} INFO - [2026-06-18T16:52:18.914+0000] {dagbag.py:538} INFO - Filling up the DagBag from /home/airflow/.local/lib/python3.8/site-packages/airflow/example_dags/example_branch_datetime_operator.py
[2026-06-18T16:52:18.931+0000] {processor.py:840} INFO - DAG(s) 'example_branch_datetime_operator_3', 'example_branch_datetime_operator', 'example_branch_datetime_operator_2' retrieved from /home/airflow/.local/lib/python3.8/site-packages/airflow/example_dags/example_branch_datetime_operator.py
[2026-06-18T16:52:18.982+0000] {logging_mixin.py:188} INFO - [2026-06-18T16:52:18.982+0000] {dag.py:3036} INFO - Sync 3 DAGs
[2026-06-18T16:52:19.023+0000] {logging_mixin.py:188} INFO - [2026-06-18T16:52:19.023+0000] {dag.py:3823} INFO - Setting next_dagrun for example_branch_datetime_operator to 2026-06-17 00:00:00+00:00, run_after=2026-06-18 00:00:00+00:00
[2026-06-18T16:52:19.032+0000] {logging_mixin.py:188} INFO - [2026-06-18T16:52:19.032+0000] {dag.py:3823} INFO - Setting next_dagrun for example_branch_datetime_operator_2 to 2026-06-17 00:00:00+00:00, run_after=2026-06-18 00:00:00+00:00
[2026-06-18T16:52:19.037+0000] {logging_mixin.py:188} INFO - [2026-06-18T16:52:19.036+0000] {dag.py:3823} INFO - Setting next_dagrun for example_branch_datetime_operator_3 to 2026-06-17 00:00:00+00:00, run_after=2026-06-18 00:00:00+00:00
[2026-06-18T16:52:19.063+0000] {processor.py:183} INFO - Processing /home/airflow/.local/lib/python3.8/site-packages/airflow/example_dags/example_branch_datetime_operator.py took 0.160 seconds
[2026-06-18T16:52:49.350+0000] {processor.py:161} INFO - Started process (PID=400) to work on /home/airflow/.local/lib/python3.8/site-packages/airflow/example_dags/example_branch_datetime_operator.py
[2026-06-18T16:52:49.351+0000] {processor.py:830} INFO - Processing file /home/airflow/.local/lib/python3.8/site-packages/airflow/example_dags/example_branch_datetime_operator.py for tasks to queue
[2026-06-18T16:52:49.354+0000] {logging_mixin.py:188} INFO - [2026-06-18T16:52:49.353+0000] {dagbag.py:538} INFO - Filling up the DagBag from /home/airflow/.local/lib/python3.8/site-packages/airflow/example_dags/example_branch_datetime_operator.py
[2026-06-18T16:52:49.371+0000] {processor.py:840} INFO - DAG(s) 'example_branch_datetime_operator', 'example_branch_datetime_operator_3', 'example_branch_datetime_operator_2' retrieved from /home/airflow/.local/lib/python3.8/site-packages/airflow/example_dags/example_branch_datetime_operator.py
[2026-06-18T16:52:49.424+0000] {logging_mixin.py:188} INFO - [2026-06-18T16:52:49.424+0000] {dag.py:3036} INFO - Sync 3 DAGs
[2026-06-18T16:52:49.464+0000] {logging_mixin.py:188} INFO - [2026-06-18T16:52:49.464+0000] {dag.py:3823} INFO - Setting next_dagrun for example_branch_datetime_operator to 2026-06-17 00:00:00+00:00, run_after=2026-06-18 00:00:00+00:00
[2026-06-18T16:52:49.473+0000] {logging_mixin.py:188} INFO - [2026-06-18T16:52:49.473+0000] {dag.py:3823} INFO - Setting next_dagrun for example_branch_datetime_operator_2 to 2026-06-17 00:00:00+00:00, run_after=2026-06-18 00:00:00+00:00
[2026-06-18T16:52:49.478+0000] {logging_mixin.py:188} INFO - [2026-06-18T16:52:49.478+0000] {dag.py:3823} INFO - Setting next_dagrun for example_branch_datetime_operator_3 to 2026-06-17 00:00:00+00:00, run_after=2026-06-18 00:00:00+00:00
[2026-06-18T16:52:49.512+0000] {processor.py:183} INFO - Processing /home/airflow/.local/lib/python3.8/site-packages/airflow/example_dags/example_branch_datetime_operator.py took 0.167 seconds
[2026-06-18T16:53:19.753+0000] {processor.py:161} INFO - Started process (PID=466) to work on /home/airflow/.local/lib/python3.8/site-packages/airflow/example_dags/example_branch_datetime_operator.py
[2026-06-18T16:53:19.755+0000] {processor.py:830} INFO - Processing file /home/airflow/.local/lib/python3.8/site-packages/airflow/example_dags/example_branch_datetime_operator.py for tasks to queue
[2026-06-18T16:53:19.758+0000] {logging_mixin.py:188} INFO - [2026-06-18T16:53:19.758+0000] {dagbag.py:538} INFO - Filling up the DagBag from /home/airflow/.local/lib/python3.8/site-packages/airflow/example_dags/example_branch_datetime_operator.py
[2026-06-18T16:53:19.776+0000] {processor.py:840} INFO - DAG(s) 'example_branch_datetime_operator', 'example_branch_datetime_operator_2', 'example_branch_datetime_operator_3' retrieved from /home/airflow/.local/lib/python3.8/site-packages/airflow/example_dags/example_branch_datetime_operator.py
[2026-06-18T16:53:19.828+0000] {logging_mixin.py:188} INFO - [2026-06-18T16:53:19.828+0000] {dag.py:3036} INFO - Sync 3 DAGs
[2026-06-18T16:53:19.871+0000] {logging_mixin.py:188} INFO - [2026-06-18T16:53:19.871+0000] {dag.py:3823} INFO - Setting next_dagrun for example_branch_datetime_operator to 2026-06-17 00:00:00+00:00, run_after=2026-06-18 00:00:00+00:00
[2026-06-18T16:53:19.881+0000] {logging_mixin.py:188} INFO - [2026-06-18T16:53:19.881+0000] {dag.py:3823} INFO - Setting next_dagrun for example_branch_datetime_operator_2 to 2026-06-17 00:00:00+00:00, run_after=2026-06-18 00:00:00+00:00
[2026-06-18T16:53:19.887+0000] {logging_mixin.py:188} INFO - [2026-06-18T16:53:19.887+0000] {dag.py:3823} INFO - Setting next_dagrun for example_branch_datetime_operator_3 to 2026-06-17 00:00:00+00:00, run_after=2026-06-18 00:00:00+00:00
[2026-06-18T16:53:19.917+0000] {processor.py:183} INFO - Processing /home/airflow/.local/lib/python3.8/site-packages/airflow/example_dags/example_branch_datetime_operator.py took 0.168 seconds
[2026-06-18T16:53:50.080+0000] {processor.py:161} INFO - Started process (PID=533) to work on /home/airflow/.local/lib/python3.8/site-packages/airflow/example_dags/example_branch_datetime_operator.py
[2026-06-18T16:53:50.082+0000] {processor.py:830} INFO - Processing file /home/airflow/.local/lib/python3.8/site-packages/airflow/example_dags/example_branch_datetime_operator.py for tasks to queue
[2026-06-18T16:53:50.084+0000] {logging_mixin.py:188} INFO - [2026-06-18T16:53:50.084+0000] {dagbag.py:538} INFO - Filling up the DagBag from /home/airflow/.local/lib/python3.8/site-packages/airflow/example_dags/example_branch_datetime_operator.py
[2026-06-18T16:53:50.105+0000] {processor.py:840} INFO - DAG(s) 'example_branch_datetime_operator', 'example_branch_datetime_operator_2', 'example_branch_datetime_operator_3' retrieved from /home/airflow/.local/lib/python3.8/site-packages/airflow/example_dags/example_branch_datetime_operator.py
[2026-06-18T16:53:50.159+0000] {logging_mixin.py:188} INFO - [2026-06-18T16:53:50.159+0000] {dag.py:3036} INFO - Sync 3 DAGs
[2026-06-18T16:53:50.208+0000] {logging_mixin.py:188} INFO - [2026-06-18T16:53:50.207+0000] {dag.py:3823} INFO - Setting next_dagrun for example_branch_datetime_operator to 2026-06-17 00:00:00+00:00, run_after=2026-06-18 00:00:00+00:00
[2026-06-18T16:53:50.219+0000] {logging_mixin.py:188} INFO - [2026-06-18T16:53:50.218+0000] {dag.py:3823} INFO - Setting next_dagrun for example_branch_datetime_operator_2 to 2026-06-17 00:00:00+00:00, run_after=2026-06-18 00:00:00+00:00
[2026-06-18T16:53:50.225+0000] {logging_mixin.py:188} INFO - [2026-06-18T16:53:50.224+0000] {dag.py:3823} INFO - Setting next_dagrun for example_branch_datetime_operator_3 to 2026-06-17 00:00:00+00:00, run_after=2026-06-18 00:00:00+00:00
[2026-06-18T16:53:50.263+0000] {processor.py:183} INFO - Processing /home/airflow/.local/lib/python3.8/site-packages/airflow/example_dags/example_branch_datetime_operator.py took 0.190 seconds
[2026-06-18T16:54:20.570+0000] {processor.py:161} INFO - Started process (PID=600) to work on /home/airflow/.local/lib/python3.8/site-packages/airflow/example_dags/example_branch_datetime_operator.py
[2026-06-18T16:54:20.572+0000] {processor.py:830} INFO - Processing file /home/airflow/.local/lib/python3.8/site-packages/airflow/example_dags/example_branch_datetime_operator.py for tasks to queue
[2026-06-18T16:54:20.574+0000] {logging_mixin.py:188} INFO - [2026-06-18T16:54:20.574+0000] {dagbag.py:538} INFO - Filling up the DagBag from /home/airflow/.local/lib/python3.8/site-packages/airflow/example_dags/example_branch_datetime_operator.py
[2026-06-18T16:54:20.592+0000] {processor.py:840} INFO - DAG(s) 'example_branch_datetime_operator_2', 'example_branch_datetime_operator', 'example_branch_datetime_operator_3' retrieved from /home/airflow/.local/lib/python3.8/site-packages/airflow/example_dags/example_branch_datetime_operator.py
[2026-06-18T16:54:20.646+0000] {logging_mixin.py:188} INFO - [2026-06-18T16:54:20.645+0000] {dag.py:3036} INFO - Sync 3 DAGs
[2026-06-18T16:54:20.683+0000] {logging_mixin.py:188} INFO - [2026-06-18T16:54:20.683+0000] {dag.py:3823} INFO - Setting next_dagrun for example_branch_datetime_operator to 2026-06-17 00:00:00+00:00, run_after=2026-06-18 00:00:00+00:00
[2026-06-18T16:54:20.693+0000] {logging_mixin.py:188} INFO - [2026-06-18T16:54:20.692+0000] {dag.py:3823} INFO - Setting next_dagrun for example_branch_datetime_operator_2 to 2026-06-17 00:00:00+00:00, run_after=2026-06-18 00:00:00+00:00
[2026-06-18T16:54:20.698+0000] {logging_mixin.py:188} INFO - [2026-06-18T16:54:20.698+0000] {dag.py:3823} INFO - Setting next_dagrun for example_branch_datetime_operator_3 to 2026-06-17 00:00:00+00:00, run_after=2026-06-18 00:00:00+00:00
[2026-06-18T16:54:20.729+0000] {processor.py:183} INFO - Processing /home/airflow/.local/lib/python3.8/site-packages/airflow/example_dags/example_branch_datetime_operator.py took 0.164 seconds
[2026-06-18T16:54:50.976+0000] {processor.py:161} INFO - Started process (PID=665) to work on /home/airflow/.local/lib/python3.8/site-packages/airflow/example_dags/example_branch_datetime_operator.py
[2026-06-18T16:54:50.977+0000] {processor.py:830} INFO - Processing file /home/airflow/.local/lib/python3.8/site-packages/airflow/example_dags/example_branch_datetime_operator.py for tasks to queue
[2026-06-18T16:54:50.980+0000] {logging_mixin.py:188} INFO - [2026-06-18T16:54:50.979+0000] {dagbag.py:538} INFO - Filling up the DagBag from /home/airflow/.local/lib/python3.8/site-packages/airflow/example_dags/example_branch_datetime_operator.py
[2026-06-18T16:54:51.000+0000] {processor.py:840} INFO - DAG(s) 'example_branch_datetime_operator_3', 'example_branch_datetime_operator', 'example_branch_datetime_operator_2' retrieved from /home/airflow/.local/lib/python3.8/site-packages/airflow/example_dags/example_branch_datetime_operator.py
[2026-06-18T16:54:51.056+0000] {logging_mixin.py:188} INFO - [2026-06-18T16:54:51.056+0000] {dag.py:3036} INFO - Sync 3 DAGs
[2026-06-18T16:54:51.105+0000] {logging_mixin.py:188} INFO - [2026-06-18T16:54:51.105+0000] {dag.py:3823} INFO - Setting next_dagrun for example_branch_datetime_operator to 2026-06-17 00:00:00+00:00, run_after=2026-06-18 00:00:00+00:00
[2026-06-18T16:54:51.115+0000] {logging_mixin.py:188} INFO - [2026-06-18T16:54:51.115+0000] {dag.py:3823} INFO - Setting next_dagrun for example_branch_datetime_operator_2 to 2026-06-17 00:00:00+00:00, run_after=2026-06-18 00:00:00+00:00
[2026-06-18T16:54:51.129+0000] {logging_mixin.py:188} INFO - [2026-06-18T16:54:51.128+0000] {dag.py:3823} INFO - Setting next_dagrun for example_branch_datetime_operator_3 to 2026-06-17 00:00:00+00:00, run_after=2026-06-18 00:00:00+00:00
[2026-06-18T16:54:51.162+0000] {processor.py:183} INFO - Processing /home/airflow/.local/lib/python3.8/site-packages/airflow/example_dags/example_branch_datetime_operator.py took 0.191 seconds
[2026-06-18T16:55:21.647+0000] {processor.py:161} INFO - Started process (PID=740) to work on /home/airflow/.local/lib/python3.8/site-packages/airflow/example_dags/example_branch_datetime_operator.py
[2026-06-18T16:55:21.649+0000] {processor.py:830} INFO - Processing file /home/airflow/.local/lib/python3.8/site-packages/airflow/example_dags/example_branch_datetime_operator.py for tasks to queue
[2026-06-18T16:55:21.652+0000] {logging_mixin.py:188} INFO - [2026-06-18T16:55:21.652+0000] {dagbag.py:538} INFO - Filling up the DagBag from /home/airflow/.local/lib/python3.8/site-packages/airflow/example_dags/example_branch_datetime_operator.py
[2026-06-18T16:55:21.674+0000] {processor.py:840} INFO - DAG(s) 'example_branch_datetime_operator', 'example_branch_datetime_operator_3', 'example_branch_datetime_operator_2' retrieved from /home/airflow/.local/lib/python3.8/site-packages/airflow/example_dags/example_branch_datetime_operator.py
[2026-06-18T16:55:21.731+0000] {logging_mixin.py:188} INFO - [2026-06-18T16:55:21.731+0000] {dag.py:3036} INFO - Sync 3 DAGs
[2026-06-18T16:55:21.772+0000] {logging_mixin.py:188} INFO - [2026-06-18T16:55:21.771+0000] {dag.py:3823} INFO - Setting next_dagrun for example_branch_datetime_operator to 2026-06-17 00:00:00+00:00, run_after=2026-06-18 00:00:00+00:00
[2026-06-18T16:55:21.781+0000] {logging_mixin.py:188} INFO - [2026-06-18T16:55:21.780+0000] {dag.py:3823} INFO - Setting next_dagrun for example_branch_datetime_operator_2 to 2026-06-17 00:00:00+00:00, run_after=2026-06-18 00:00:00+00:00
[2026-06-18T16:55:21.785+0000] {logging_mixin.py:188} INFO - [2026-06-18T16:55:21.785+0000] {dag.py:3823} INFO - Setting next_dagrun for example_branch_datetime_operator_3 to 2026-06-17 00:00:00+00:00, run_after=2026-06-18 00:00:00+00:00
[2026-06-18T16:55:21.816+0000] {processor.py:183} INFO - Processing /home/airflow/.local/lib/python3.8/site-packages/airflow/example_dags/example_branch_datetime_operator.py took 0.175 seconds
[2026-06-18T16:55:52.043+0000] {processor.py:161} INFO - Started process (PID=807) to work on /home/airflow/.local/lib/python3.8/site-packages/airflow/example_dags/example_branch_datetime_operator.py
[2026-06-18T16:55:52.045+0000] {processor.py:830} INFO - Processing file /home/airflow/.local/lib/python3.8/site-packages/airflow/example_dags/example_branch_datetime_operator.py for tasks to queue
[2026-06-18T16:55:52.048+0000] {logging_mixin.py:188} INFO - [2026-06-18T16:55:52.047+0000] {dagbag.py:538} INFO - Filling up the DagBag from /home/airflow/.local/lib/python3.8/site-packages/airflow/example_dags/example_branch_datetime_operator.py
[2026-06-18T16:55:52.065+0000] {processor.py:840} INFO - DAG(s) 'example_branch_datetime_operator_2', 'example_branch_datetime_operator', 'example_branch_datetime_operator_3' retrieved from /home/airflow/.local/lib/python3.8/site-packages/airflow/example_dags/example_branch_datetime_operator.py
[2026-06-18T16:55:52.125+0000] {logging_mixin.py:188} INFO - [2026-06-18T16:55:52.125+0000] {dag.py:3036} INFO - Sync 3 DAGs
[2026-06-18T16:55:52.171+0000] {logging_mixin.py:188} INFO - [2026-06-18T16:55:52.171+0000] {dag.py:3823} INFO - Setting next_dagrun for example_branch_datetime_operator to 2026-06-17 00:00:00+00:00, run_after=2026-06-18 00:00:00+00:00
[2026-06-18T16:55:52.184+0000] {logging_mixin.py:188} INFO - [2026-06-18T16:55:52.181+0000] {dag.py:3823} INFO - Setting next_dagrun for example_branch_datetime_operator_2 to 2026-06-17 00:00:00+00:00, run_after=2026-06-18 00:00:00+00:00
[2026-06-18T16:55:52.193+0000] {logging_mixin.py:188} INFO - [2026-06-18T16:55:52.193+0000] {dag.py:3823} INFO - Setting next_dagrun for example_branch_datetime_operator_3 to 2026-06-17 00:00:00+00:00, run_after=2026-06-18 00:00:00+00:00
[2026-06-18T16:55:52.229+0000] {processor.py:183} INFO - Processing /home/airflow/.local/lib/python3.8/site-packages/airflow/example_dags/example_branch_datetime_operator.py took 0.191 seconds
[2026-06-18T16:56:22.291+0000] {processor.py:161} INFO - Started process (PID=873) to work on /home/airflow/.local/lib/python3.8/site-packages/airflow/example_dags/example_branch_datetime_operator.py
[2026-06-18T16:56:22.292+0000] {processor.py:830} INFO - Processing file /home/airflow/.local/lib/python3.8/site-packages/airflow/example_dags/example_branch_datetime_operator.py for tasks to queue
[2026-06-18T16:56:22.295+0000] {logging_mixin.py:188} INFO - [2026-06-18T16:56:22.295+0000] {dagbag.py:538} INFO - Filling up the DagBag from /home/airflow/.local/lib/python3.8/site-packages/airflow/example_dags/example_branch_datetime_operator.py
[2026-06-18T16:56:22.317+0000] {processor.py:840} INFO - DAG(s) 'example_branch_datetime_operator_2', 'example_branch_datetime_operator', 'example_branch_datetime_operator_3' retrieved from /home/airflow/.local/lib/python3.8/site-packages/airflow/example_dags/example_branch_datetime_operator.py
[2026-06-18T16:56:22.370+0000] {logging_mixin.py:188} INFO - [2026-06-18T16:56:22.370+0000] {dag.py:3036} INFO - Sync 3 DAGs
[2026-06-18T16:56:22.410+0000] {logging_mixin.py:188} INFO - [2026-06-18T16:56:22.409+0000] {dag.py:3823} INFO - Setting next_dagrun for example_branch_datetime_operator to 2026-06-17 00:00:00+00:00, run_after=2026-06-18 00:00:00+00:00
[2026-06-18T16:56:22.418+0000] {logging_mixin.py:188} INFO - [2026-06-18T16:56:22.417+0000] {dag.py:3823} INFO - Setting next_dagrun for example_branch_datetime_operator_2 to 2026-06-17 00:00:00+00:00, run_after=2026-06-18 00:00:00+00:00
[2026-06-18T16:56:22.422+0000] {logging_mixin.py:188} INFO - [2026-06-18T16:56:22.422+0000] {dag.py:3823} INFO - Setting next_dagrun for example_branch_datetime_operator_3 to 2026-06-17 00:00:00+00:00, run_after=2026-06-18 00:00:00+00:00
[2026-06-18T16:56:22.453+0000] {processor.py:183} INFO - Processing /home/airflow/.local/lib/python3.8/site-packages/airflow/example_dags/example_branch_datetime_operator.py took 0.168 seconds
[2026-06-18T16:56:53.251+0000] {processor.py:161} INFO - Started process (PID=939) to work on /home/airflow/.local/lib/python3.8/site-packages/airflow/example_dags/example_branch_datetime_operator.py
[2026-06-18T16:56:53.253+0000] {processor.py:830} INFO - Processing file /home/airflow/.local/lib/python3.8/site-packages/airflow/example_dags/example_branch_datetime_operator.py for tasks to queue
[2026-06-18T16:56:53.256+0000] {logging_mixin.py:188} INFO - [2026-06-18T16:56:53.256+0000] {dagbag.py:538} INFO - Filling up the DagBag from /home/airflow/.local/lib/python3.8/site-packages/airflow/example_dags/example_branch_datetime_operator.py
[2026-06-18T16:56:53.276+0000] {processor.py:840} INFO - DAG(s) 'example_branch_datetime_operator_3', 'example_branch_datetime_operator_2', 'example_branch_datetime_operator' retrieved from /home/airflow/.local/lib/python3.8/site-packages/airflow/example_dags/example_branch_datetime_operator.py
[2026-06-18T16:56:53.328+0000] {logging_mixin.py:188} INFO - [2026-06-18T16:56:53.327+0000] {dag.py:3036} INFO - Sync 3 DAGs
[2026-06-18T16:56:53.364+0000] {logging_mixin.py:188} INFO - [2026-06-18T16:56:53.363+0000] {dag.py:3823} INFO - Setting next_dagrun for example_branch_datetime_operator to 2026-06-17 00:00:00+00:00, run_after=2026-06-18 00:00:00+00:00
[2026-06-18T16:56:53.372+0000] {logging_mixin.py:188} INFO - [2026-06-18T16:56:53.371+0000] {dag.py:3823} INFO - Setting next_dagrun for example_branch_datetime_operator_2 to 2026-06-17 00:00:00+00:00, run_after=2026-06-18 00:00:00+00:00
[2026-06-18T16:56:53.376+0000] {logging_mixin.py:188} INFO - [2026-06-18T16:56:53.376+0000] {dag.py:3823} INFO - Setting next_dagrun for example_branch_datetime_operator_3 to 2026-06-17 00:00:00+00:00, run_after=2026-06-18 00:00:00+00:00
[2026-06-18T16:56:53.404+0000] {processor.py:183} INFO - Processing /home/airflow/.local/lib/python3.8/site-packages/airflow/example_dags/example_branch_datetime_operator.py took 0.158 seconds
[2026-06-18T16:57:24.100+0000] {processor.py:161} INFO - Started process (PID=1004) to work on /home/airflow/.local/lib/python3.8/site-packages/airflow/example_dags/example_branch_datetime_operator.py
[2026-06-18T16:57:24.102+0000] {processor.py:830} INFO - Processing file /home/airflow/.local/lib/python3.8/site-packages/airflow/example_dags/example_branch_datetime_operator.py for tasks to queue
[2026-06-18T16:57:24.104+0000] {logging_mixin.py:188} INFO - [2026-06-18T16:57:24.104+0000] {dagbag.py:538} INFO - Filling up the DagBag from /home/airflow/.local/lib/python3.8/site-packages/airflow/example_dags/example_branch_datetime_operator.py
[2026-06-18T16:57:24.120+0000] {processor.py:840} INFO - DAG(s) 'example_branch_datetime_operator_3', 'example_branch_datetime_operator', 'example_branch_datetime_operator_2' retrieved from /home/airflow/.local/lib/python3.8/site-packages/airflow/example_dags/example_branch_datetime_operator.py
[2026-06-18T16:57:24.174+0000] {logging_mixin.py:188} INFO - [2026-06-18T16:57:24.173+0000] {dag.py:3036} INFO - Sync 3 DAGs
[2026-06-18T16:57:24.223+0000] {logging_mixin.py:188} INFO - [2026-06-18T16:57:24.222+0000] {dag.py:3823} INFO - Setting next_dagrun for example_branch_datetime_operator to 2026-06-17 00:00:00+00:00, run_after=2026-06-18 00:00:00+00:00
[2026-06-18T16:57:24.234+0000] {logging_mixin.py:188} INFO - [2026-06-18T16:57:24.233+0000] {dag.py:3823} INFO - Setting next_dagrun for example_branch_datetime_operator_2 to 2026-06-17 00:00:00+00:00, run_after=2026-06-18 00:00:00+00:00
[2026-06-18T16:57:24.240+0000] {logging_mixin.py:188} INFO - [2026-06-18T16:57:24.240+0000] {dag.py:3823} INFO - Setting next_dagrun for example_branch_datetime_operator_3 to 2026-06-17 00:00:00+00:00, run_after=2026-06-18 00:00:00+00:00
[2026-06-18T16:57:24.275+0000] {processor.py:183} INFO - Processing /home/airflow/.local/lib/python3.8/site-packages/airflow/example_dags/example_branch_datetime_operator.py took 0.180 seconds
[2026-06-18T16:57:54.891+0000] {processor.py:161} INFO - Started process (PID=1069) to work on /home/airflow/.local/lib/python3.8/site-packages/airflow/example_dags/example_branch_datetime_operator.py
[2026-06-18T16:57:54.894+0000] {processor.py:830} INFO - Processing file /home/airflow/.local/lib/python3.8/site-packages/airflow/example_dags/example_branch_datetime_operator.py for tasks to queue
[2026-06-18T16:57:54.897+0000] {logging_mixin.py:188} INFO - [2026-06-18T16:57:54.897+0000] {dagbag.py:538} INFO - Filling up the DagBag from /home/airflow/.local/lib/python3.8/site-packages/airflow/example_dags/example_branch_datetime_operator.py
[2026-06-18T16:57:54.920+0000] {processor.py:840} INFO - DAG(s) 'example_branch_datetime_operator_3', 'example_branch_datetime_operator_2', 'example_branch_datetime_operator' retrieved from /home/airflow/.local/lib/python3.8/site-packages/airflow/example_dags/example_branch_datetime_operator.py
[2026-06-18T16:57:54.977+0000] {logging_mixin.py:188} INFO - [2026-06-18T16:57:54.977+0000] {dag.py:3036} INFO - Sync 3 DAGs
[2026-06-18T16:57:55.016+0000] {logging_mixin.py:188} INFO - [2026-06-18T16:57:55.015+0000] {dag.py:3823} INFO - Setting next_dagrun for example_branch_datetime_operator to 2026-06-17 00:00:00+00:00, run_after=2026-06-18 00:00:00+00:00
[2026-06-18T16:57:55.025+0000] {logging_mixin.py:188} INFO - [2026-06-18T16:57:55.024+0000] {dag.py:3823} INFO - Setting next_dagrun for example_branch_datetime_operator_2 to 2026-06-17 00:00:00+00:00, run_after=2026-06-18 00:00:00+00:00
[2026-06-18T16:57:55.030+0000] {logging_mixin.py:188} INFO - [2026-06-18T16:57:55.029+0000] {dag.py:3823} INFO - Setting next_dagrun for example_branch_datetime_operator_3 to 2026-06-17 00:00:00+00:00, run_after=2026-06-18 00:00:00+00:00
[2026-06-18T16:57:55.056+0000] {processor.py:183} INFO - Processing /home/airflow/.local/lib/python3.8/site-packages/airflow/example_dags/example_branch_datetime_operator.py took 0.171 seconds
[2026-06-18T16:58:25.503+0000] {processor.py:161} INFO - Started process (PID=1134) to work on /home/airflow/.local/lib/python3.8/site-packages/airflow/example_dags/example_branch_datetime_operator.py
[2026-06-18T16:58:25.505+0000] {processor.py:830} INFO - Processing file /home/airflow/.local/lib/python3.8/site-packages/airflow/example_dags/example_branch_datetime_operator.py for tasks to queue
[2026-06-18T16:58:25.509+0000] {logging_mixin.py:188} INFO - [2026-06-18T16:58:25.508+0000] {dagbag.py:538} INFO - Filling up the DagBag from /home/airflow/.local/lib/python3.8/site-packages/airflow/example_dags/example_branch_datetime_operator.py
[2026-06-18T16:58:25.552+0000] {processor.py:840} INFO - DAG(s) 'example_branch_datetime_operator_2', 'example_branch_datetime_operator', 'example_branch_datetime_operator_3' retrieved from /home/airflow/.local/lib/python3.8/site-packages/airflow/example_dags/example_branch_datetime_operator.py
[2026-06-18T16:58:25.591+0000] {logging_mixin.py:188} INFO - [2026-06-18T16:58:25.590+0000] {dag.py:3036} INFO - Sync 3 DAGs
[2026-06-18T16:58:25.656+0000] {logging_mixin.py:188} INFO - [2026-06-18T16:58:25.655+0000] {dag.py:3823} INFO - Setting next_dagrun for example_branch_datetime_operator to 2026-06-17 00:00:00+00:00, run_after=2026-06-18 00:00:00+00:00
[2026-06-18T16:58:25.679+0000] {logging_mixin.py:188} INFO - [2026-06-18T16:58:25.678+0000] {dag.py:3823} INFO - Setting next_dagrun for example_branch_datetime_operator_2 to 2026-06-17 00:00:00+00:00, run_after=2026-06-18 00:00:00+00:00
[2026-06-18T16:58:25.685+0000] {logging_mixin.py:188} INFO - [2026-06-18T16:58:25.684+0000] {dag.py:3823} INFO - Setting next_dagrun for example_branch_datetime_operator_3 to 2026-06-17 00:00:00+00:00, run_after=2026-06-18 00:00:00+00:00
[2026-06-18T16:58:25.720+0000] {processor.py:183} INFO - Processing /home/airflow/.local/lib/python3.8/site-packages/airflow/example_dags/example_branch_datetime_operator.py took 0.223 seconds
[2026-06-18T16:58:56.694+0000] {processor.py:161} INFO - Started process (PID=1200) to work on /home/airflow/.local/lib/python3.8/site-packages/airflow/example_dags/example_branch_datetime_operator.py
[2026-06-18T16:58:56.696+0000] {processor.py:830} INFO - Processing file /home/airflow/.local/lib/python3.8/site-packages/airflow/example_dags/example_branch_datetime_operator.py for tasks to queue
[2026-06-18T16:58:56.699+0000] {logging_mixin.py:188} INFO - [2026-06-18T16:58:56.699+0000] {dagbag.py:538} INFO - Filling up the DagBag from /home/airflow/.local/lib/python3.8/site-packages/airflow/example_dags/example_branch_datetime_operator.py
[2026-06-18T16:58:56.717+0000] {processor.py:840} INFO - DAG(s) 'example_branch_datetime_operator_3', 'example_branch_datetime_operator', 'example_branch_datetime_operator_2' retrieved from /home/airflow/.local/lib/python3.8/site-packages/airflow/example_dags/example_branch_datetime_operator.py
[2026-06-18T16:58:56.940+0000] {logging_mixin.py:188} INFO - [2026-06-18T16:58:56.939+0000] {dag.py:3036} INFO - Sync 3 DAGs
[2026-06-18T16:58:56.976+0000] {logging_mixin.py:188} INFO - [2026-06-18T16:58:56.976+0000] {dag.py:3823} INFO - Setting next_dagrun for example_branch_datetime_operator to 2026-06-17 00:00:00+00:00, run_after=2026-06-18 00:00:00+00:00
[2026-06-18T16:58:56.983+0000] {logging_mixin.py:188} INFO - [2026-06-18T16:58:56.983+0000] {dag.py:3823} INFO - Setting next_dagrun for example_branch_datetime_operator_2 to 2026-06-17 00:00:00+00:00, run_after=2026-06-18 00:00:00+00:00
[2026-06-18T16:58:56.988+0000] {logging_mixin.py:188} INFO - [2026-06-18T16:58:56.987+0000] {dag.py:3823} INFO - Setting next_dagrun for example_branch_datetime_operator_3 to 2026-06-17 00:00:00+00:00, run_after=2026-06-18 00:00:00+00:00
[2026-06-18T16:58:57.018+0000] {processor.py:183} INFO - Processing /home/airflow/.local/lib/python3.8/site-packages/airflow/example_dags/example_branch_datetime_operator.py took 0.329 seconds
[2026-06-18T16:59:27.251+0000] {processor.py:161} INFO - Started process (PID=1266) to work on /home/airflow/.local/lib/python3.8/site-packages/airflow/example_dags/example_branch_datetime_operator.py
[2026-06-18T16:59:27.252+0000] {processor.py:830} INFO - Processing file /home/airflow/.local/lib/python3.8/site-packages/airflow/example_dags/example_branch_datetime_operator.py for tasks to queue
[2026-06-18T16:59:27.255+0000] {logging_mixin.py:188} INFO - [2026-06-18T16:59:27.255+0000] {dagbag.py:538} INFO - Filling up the DagBag from /home/airflow/.local/lib/python3.8/site-packages/airflow/example_dags/example_branch_datetime_operator.py
[2026-06-18T16:59:27.274+0000] {processor.py:840} INFO - DAG(s) 'example_branch_datetime_operator', 'example_branch_datetime_operator_2', 'example_branch_datetime_operator_3' retrieved from /home/airflow/.local/lib/python3.8/site-packages/airflow/example_dags/example_branch_datetime_operator.py
[2026-06-18T16:59:27.338+0000] {logging_mixin.py:188} INFO - [2026-06-18T16:59:27.337+0000] {dag.py:3036} INFO - Sync 3 DAGs
[2026-06-18T16:59:27.395+0000] {logging_mixin.py:188} INFO - [2026-06-18T16:59:27.395+0000] {dag.py:3823} INFO - Setting next_dagrun for example_branch_datetime_operator to 2026-06-17 00:00:00+00:00, run_after=2026-06-18 00:00:00+00:00
[2026-06-18T16:59:27.407+0000] {logging_mixin.py:188} INFO - [2026-06-18T16:59:27.407+0000] {dag.py:3823} INFO - Setting next_dagrun for example_branch_datetime_operator_2 to 2026-06-17 00:00:00+00:00, run_after=2026-06-18 00:00:00+00:00
[2026-06-18T16:59:27.413+0000] {logging_mixin.py:188} INFO - [2026-06-18T16:59:27.412+0000] {dag.py:3823} INFO - Setting next_dagrun for example_branch_datetime_operator_3 to 2026-06-17 00:00:00+00:00, run_after=2026-06-18 00:00:00+00:00
[2026-06-18T16:59:27.445+0000] {processor.py:183} INFO - Processing /home/airflow/.local/lib/python3.8/site-packages/airflow/example_dags/example_branch_datetime_operator.py took 0.200 seconds
[2026-06-18T16:59:57.964+0000] {processor.py:161} INFO - Started process (PID=1332) to work on /home/airflow/.local/lib/python3.8/site-packages/airflow/example_dags/example_branch_datetime_operator.py
[2026-06-18T16:59:57.967+0000] {processor.py:830} INFO - Processing file /home/airflow/.local/lib/python3.8/site-packages/airflow/example_dags/example_branch_datetime_operator.py for tasks to queue
[2026-06-18T16:59:57.970+0000] {logging_mixin.py:188} INFO - [2026-06-18T16:59:57.969+0000] {dagbag.py:538} INFO - Filling up the DagBag from /home/airflow/.local/lib/python3.8/site-packages/airflow/example_dags/example_branch_datetime_operator.py
[2026-06-18T16:59:57.992+0000] {processor.py:840} INFO - DAG(s) 'example_branch_datetime_operator_3', 'example_branch_datetime_operator_2', 'example_branch_datetime_operator' retrieved from /home/airflow/.local/lib/python3.8/site-packages/airflow/example_dags/example_branch_datetime_operator.py
[2026-06-18T16:59:58.023+0000] {logging_mixin.py:188} INFO - [2026-06-18T16:59:58.022+0000] {dag.py:3036} INFO - Sync 3 DAGs
[2026-06-18T16:59:58.078+0000] {logging_mixin.py:188} INFO - [2026-06-18T16:59:58.077+0000] {dag.py:3823} INFO - Setting next_dagrun for example_branch_datetime_operator to 2026-06-17 00:00:00+00:00, run_after=2026-06-18 00:00:00+00:00
[2026-06-18T16:59:58.089+0000] {logging_mixin.py:188} INFO - [2026-06-18T16:59:58.089+0000] {dag.py:3823} INFO - Setting next_dagrun for example_branch_datetime_operator_2 to 2026-06-17 00:00:00+00:00, run_after=2026-06-18 00:00:00+00:00
[2026-06-18T16:59:58.095+0000] {logging_mixin.py:188} INFO - [2026-06-18T16:59:58.095+0000] {dag.py:3823} INFO - Setting next_dagrun for example_branch_datetime_operator_3 to 2026-06-17 00:00:00+00:00, run_after=2026-06-18 00:00:00+00:00
[2026-06-18T16:59:58.127+0000] {processor.py:183} INFO - Processing /home/airflow/.local/lib/python3.8/site-packages/airflow/example_dags/example_branch_datetime_operator.py took 0.168 seconds
[2026-06-18T17:00:28.791+0000] {processor.py:161} INFO - Started process (PID=1398) to work on /home/airflow/.local/lib/python3.8/site-packages/airflow/example_dags/example_branch_datetime_operator.py
[2026-06-18T17:00:28.793+0000] {processor.py:830} INFO - Processing file /home/airflow/.local/lib/python3.8/site-packages/airflow/example_dags/example_branch_datetime_operator.py for tasks to queue
[2026-06-18T17:00:28.796+0000] {logging_mixin.py:188} INFO - [2026-06-18T17:00:28.796+0000] {dagbag.py:538} INFO - Filling up the DagBag from /home/airflow/.local/lib/python3.8/site-packages/airflow/example_dags/example_branch_datetime_operator.py
[2026-06-18T17:00:28.813+0000] {processor.py:840} INFO - DAG(s) 'example_branch_datetime_operator_2', 'example_branch_datetime_operator_3', 'example_branch_datetime_operator' retrieved from /home/airflow/.local/lib/python3.8/site-packages/airflow/example_dags/example_branch_datetime_operator.py
[2026-06-18T17:00:29.083+0000] {logging_mixin.py:188} INFO - [2026-06-18T17:00:29.082+0000] {dag.py:3036} INFO - Sync 3 DAGs
[2026-06-18T17:00:29.134+0000] {logging_mixin.py:188} INFO - [2026-06-18T17:00:29.133+0000] {dag.py:3823} INFO - Setting next_dagrun for example_branch_datetime_operator to 2026-06-17 00:00:00+00:00, run_after=2026-06-18 00:00:00+00:00
[2026-06-18T17:00:29.141+0000] {logging_mixin.py:188} INFO - [2026-06-18T17:00:29.141+0000] {dag.py:3823} INFO - Setting next_dagrun for example_branch_datetime_operator_2 to 2026-06-17 00:00:00+00:00, run_after=2026-06-18 00:00:00+00:00
[2026-06-18T17:00:29.149+0000] {logging_mixin.py:188} INFO - [2026-06-18T17:00:29.148+0000] {dag.py:3823} INFO - Setting next_dagrun for example_branch_datetime_operator_3 to 2026-06-17 00:00:00+00:00, run_after=2026-06-18 00:00:00+00:00
[2026-06-18T17:00:29.183+0000] {processor.py:183} INFO - Processing /home/airflow/.local/lib/python3.8/site-packages/airflow/example_dags/example_branch_datetime_operator.py took 0.396 seconds
[2026-06-18T17:00:59.888+0000] {processor.py:161} INFO - Started process (PID=1463) to work on /home/airflow/.local/lib/python3.8/site-packages/airflow/example_dags/example_branch_datetime_operator.py
[2026-06-18T17:00:59.890+0000] {processor.py:830} INFO - Processing file /home/airflow/.local/lib/python3.8/site-packages/airflow/example_dags/example_branch_datetime_operator.py for tasks to queue
[2026-06-18T17:00:59.893+0000] {logging_mixin.py:188} INFO - [2026-06-18T17:00:59.892+0000] {dagbag.py:538} INFO - Filling up the DagBag from /home/airflow/.local/lib/python3.8/site-packages/airflow/example_dags/example_branch_datetime_operator.py
[2026-06-18T17:00:59.912+0000] {processor.py:840} INFO - DAG(s) 'example_branch_datetime_operator_3', 'example_branch_datetime_operator_2', 'example_branch_datetime_operator' retrieved from /home/airflow/.local/lib/python3.8/site-packages/airflow/example_dags/example_branch_datetime_operator.py
[2026-06-18T17:00:59.975+0000] {logging_mixin.py:188} INFO - [2026-06-18T17:00:59.974+0000] {dag.py:3036} INFO - Sync 3 DAGs
[2026-06-18T17:01:00.012+0000] {logging_mixin.py:188} INFO - [2026-06-18T17:01:00.012+0000] {dag.py:3823} INFO - Setting next_dagrun for example_branch_datetime_operator to 2026-06-17 00:00:00+00:00, run_after=2026-06-18 00:00:00+00:00
[2026-06-18T17:01:00.021+0000] {logging_mixin.py:188} INFO - [2026-06-18T17:01:00.020+0000] {dag.py:3823} INFO - Setting next_dagrun for example_branch_datetime_operator_2 to 2026-06-17 00:00:00+00:00, run_after=2026-06-18 00:00:00+00:00
[2026-06-18T17:01:00.026+0000] {logging_mixin.py:188} INFO - [2026-06-18T17:01:00.026+0000] {dag.py:3823} INFO - Setting next_dagrun for example_branch_datetime_operator_3 to 2026-06-17 00:00:00+00:00, run_after=2026-06-18 00:00:00+00:00
[2026-06-18T17:01:00.055+0000] {processor.py:183} INFO - Processing /home/airflow/.local/lib/python3.8/site-packages/airflow/example_dags/example_branch_datetime_operator.py took 0.172 seconds
[2026-06-18T17:01:30.155+0000] {processor.py:161} INFO - Started process (PID=1529) to work on /home/airflow/.local/lib/python3.8/site-packages/airflow/example_dags/example_branch_datetime_operator.py
[2026-06-18T17:01:30.159+0000] {processor.py:830} INFO - Processing file /home/airflow/.local/lib/python3.8/site-packages/airflow/example_dags/example_branch_datetime_operator.py for tasks to queue
[2026-06-18T17:01:30.161+0000] {logging_mixin.py:188} INFO - [2026-06-18T17:01:30.161+0000] {dagbag.py:538} INFO - Filling up the DagBag from /home/airflow/.local/lib/python3.8/site-packages/airflow/example_dags/example_branch_datetime_operator.py
[2026-06-18T17:01:30.180+0000] {processor.py:840} INFO - DAG(s) 'example_branch_datetime_operator', 'example_branch_datetime_operator_2', 'example_branch_datetime_operator_3' retrieved from /home/airflow/.local/lib/python3.8/site-packages/airflow/example_dags/example_branch_datetime_operator.py
[2026-06-18T17:01:30.237+0000] {logging_mixin.py:188} INFO - [2026-06-18T17:01:30.237+0000] {dag.py:3036} INFO - Sync 3 DAGs
[2026-06-18T17:01:30.280+0000] {logging_mixin.py:188} INFO - [2026-06-18T17:01:30.279+0000] {dag.py:3823} INFO - Setting next_dagrun for example_branch_datetime_operator to 2026-06-17 00:00:00+00:00, run_after=2026-06-18 00:00:00+00:00
[2026-06-18T17:01:30.290+0000] {logging_mixin.py:188} INFO - [2026-06-18T17:01:30.290+0000] {dag.py:3823} INFO - Setting next_dagrun for example_branch_datetime_operator_2 to 2026-06-17 00:00:00+00:00, run_after=2026-06-18 00:00:00+00:00
[2026-06-18T17:01:30.296+0000] {logging_mixin.py:188} INFO - [2026-06-18T17:01:30.295+0000] {dag.py:3823} INFO - Setting next_dagrun for example_branch_datetime_operator_3 to 2026-06-17 00:00:00+00:00, run_after=2026-06-18 00:00:00+00:00
[2026-06-18T17:01:30.329+0000] {processor.py:183} INFO - Processing /home/airflow/.local/lib/python3.8/site-packages/airflow/example_dags/example_branch_datetime_operator.py took 0.179 seconds
[2026-06-18T17:02:00.687+0000] {processor.py:161} INFO - Started process (PID=1602) to work on /home/airflow/.local/lib/python3.8/site-packages/airflow/example_dags/example_branch_datetime_operator.py
[2026-06-18T17:02:00.688+0000] {processor.py:830} INFO - Processing file /home/airflow/.local/lib/python3.8/site-packages/airflow/example_dags/example_branch_datetime_operator.py for tasks to queue
[2026-06-18T17:02:00.693+0000] {logging_mixin.py:188} INFO - [2026-06-18T17:02:00.691+0000] {dagbag.py:538} INFO - Filling up the DagBag from /home/airflow/.local/lib/python3.8/site-packages/airflow/example_dags/example_branch_datetime_operator.py
[2026-06-18T17:02:00.722+0000] {processor.py:840} INFO - DAG(s) 'example_branch_datetime_operator_2', 'example_branch_datetime_operator_3', 'example_branch_datetime_operator' retrieved from /home/airflow/.local/lib/python3.8/site-packages/airflow/example_dags/example_branch_datetime_operator.py
[2026-06-18T17:02:00.786+0000] {logging_mixin.py:188} INFO - [2026-06-18T17:02:00.786+0000] {dag.py:3036} INFO - Sync 3 DAGs
[2026-06-18T17:02:00.836+0000] {logging_mixin.py:188} INFO - [2026-06-18T17:02:00.835+0000] {dag.py:3823} INFO - Setting next_dagrun for example_branch_datetime_operator to 2026-06-17 00:00:00+00:00, run_after=2026-06-18 00:00:00+00:00
[2026-06-18T17:02:00.846+0000] {logging_mixin.py:188} INFO - [2026-06-18T17:02:00.846+0000] {dag.py:3823} INFO - Setting next_dagrun for example_branch_datetime_operator_2 to 2026-06-17 00:00:00+00:00, run_after=2026-06-18 00:00:00+00:00
[2026-06-18T17:02:00.853+0000] {logging_mixin.py:188} INFO - [2026-06-18T17:02:00.852+0000] {dag.py:3823} INFO - Setting next_dagrun for example_branch_datetime_operator_3 to 2026-06-17 00:00:00+00:00, run_after=2026-06-18 00:00:00+00:00
[2026-06-18T17:02:00.884+0000] {processor.py:183} INFO - Processing /home/airflow/.local/lib/python3.8/site-packages/airflow/example_dags/example_branch_datetime_operator.py took 0.203 seconds
[2026-06-18T17:02:31.517+0000] {processor.py:161} INFO - Started process (PID=1668) to work on /home/airflow/.local/lib/python3.8/site-packages/airflow/example_dags/example_branch_datetime_operator.py
[2026-06-18T17:02:31.519+0000] {processor.py:830} INFO - Processing file /home/airflow/.local/lib/python3.8/site-packages/airflow/example_dags/example_branch_datetime_operator.py for tasks to queue
[2026-06-18T17:02:31.522+0000] {logging_mixin.py:188} INFO - [2026-06-18T17:02:31.521+0000] {dagbag.py:538} INFO - Filling up the DagBag from /home/airflow/.local/lib/python3.8/site-packages/airflow/example_dags/example_branch_datetime_operator.py
[2026-06-18T17:02:31.545+0000] {processor.py:840} INFO - DAG(s) 'example_branch_datetime_operator_3', 'example_branch_datetime_operator_2', 'example_branch_datetime_operator' retrieved from /home/airflow/.local/lib/python3.8/site-packages/airflow/example_dags/example_branch_datetime_operator.py
[2026-06-18T17:02:31.605+0000] {logging_mixin.py:188} INFO - [2026-06-18T17:02:31.605+0000] {dag.py:3036} INFO - Sync 3 DAGs
[2026-06-18T17:02:31.660+0000] {logging_mixin.py:188} INFO - [2026-06-18T17:02:31.657+0000] {dag.py:3823} INFO - Setting next_dagrun for example_branch_datetime_operator to 2026-06-17 00:00:00+00:00, run_after=2026-06-18 00:00:00+00:00
[2026-06-18T17:02:31.672+0000] {logging_mixin.py:188} INFO - [2026-06-18T17:02:31.671+0000] {dag.py:3823} INFO - Setting next_dagrun for example_branch_datetime_operator_2 to 2026-06-17 00:00:00+00:00, run_after=2026-06-18 00:00:00+00:00
[2026-06-18T17:02:31.678+0000] {logging_mixin.py:188} INFO - [2026-06-18T17:02:31.677+0000] {dag.py:3823} INFO - Setting next_dagrun for example_branch_datetime_operator_3 to 2026-06-17 00:00:00+00:00, run_after=2026-06-18 00:00:00+00:00
[2026-06-18T17:02:31.712+0000] {processor.py:183} INFO - Processing /home/airflow/.local/lib/python3.8/site-packages/airflow/example_dags/example_branch_datetime_operator.py took 0.202 seconds
[2026-06-18T17:03:02.045+0000] {processor.py:161} INFO - Started process (PID=1734) to work on /home/airflow/.local/lib/python3.8/site-packages/airflow/example_dags/example_branch_datetime_operator.py
[2026-06-18T17:03:02.047+0000] {processor.py:830} INFO - Processing file /home/airflow/.local/lib/python3.8/site-packages/airflow/example_dags/example_branch_datetime_operator.py for tasks to queue
[2026-06-18T17:03:02.050+0000] {logging_mixin.py:188} INFO - [2026-06-18T17:03:02.050+0000] {dagbag.py:538} INFO - Filling up the DagBag from /home/airflow/.local/lib/python3.8/site-packages/airflow/example_dags/example_branch_datetime_operator.py
[2026-06-18T17:03:02.074+0000] {processor.py:840} INFO - DAG(s) 'example_branch_datetime_operator_2', 'example_branch_datetime_operator', 'example_branch_datetime_operator_3' retrieved from /home/airflow/.local/lib/python3.8/site-packages/airflow/example_dags/example_branch_datetime_operator.py
[2026-06-18T17:03:02.135+0000] {logging_mixin.py:188} INFO - [2026-06-18T17:03:02.135+0000] {dag.py:3036} INFO - Sync 3 DAGs
[2026-06-18T17:03:02.185+0000] {logging_mixin.py:188} INFO - [2026-06-18T17:03:02.184+0000] {dag.py:3823} INFO - Setting next_dagrun for example_branch_datetime_operator to 2026-06-17 00:00:00+00:00, run_after=2026-06-18 00:00:00+00:00
[2026-06-18T17:03:02.196+0000] {logging_mixin.py:188} INFO - [2026-06-18T17:03:02.196+0000] {dag.py:3823} INFO - Setting next_dagrun for example_branch_datetime_operator_2 to 2026-06-17 00:00:00+00:00, run_after=2026-06-18 00:00:00+00:00
[2026-06-18T17:03:02.202+0000] {logging_mixin.py:188} INFO - [2026-06-18T17:03:02.202+0000] {dag.py:3823} INFO - Setting next_dagrun for example_branch_datetime_operator_3 to 2026-06-17 00:00:00+00:00, run_after=2026-06-18 00:00:00+00:00
[2026-06-18T17:03:02.248+0000] {processor.py:183} INFO - Processing /home/airflow/.local/lib/python3.8/site-packages/airflow/example_dags/example_branch_datetime_operator.py took 0.209 seconds
[2026-06-18T17:03:32.705+0000] {processor.py:161} INFO - Started process (PID=1800) to work on /home/airflow/.local/lib/python3.8/site-packages/airflow/example_dags/example_branch_datetime_operator.py
[2026-06-18T17:03:32.707+0000] {processor.py:830} INFO - Processing file /home/airflow/.local/lib/python3.8/site-packages/airflow/example_dags/example_branch_datetime_operator.py for tasks to queue
[2026-06-18T17:03:32.710+0000] {logging_mixin.py:188} INFO - [2026-06-18T17:03:32.709+0000] {dagbag.py:538} INFO - Filling up the DagBag from /home/airflow/.local/lib/python3.8/site-packages/airflow/example_dags/example_branch_datetime_operator.py
[2026-06-18T17:03:32.733+0000] {processor.py:840} INFO - DAG(s) 'example_branch_datetime_operator_3', 'example_branch_datetime_operator', 'example_branch_datetime_operator_2' retrieved from /home/airflow/.local/lib/python3.8/site-packages/airflow/example_dags/example_branch_datetime_operator.py
[2026-06-18T17:03:32.783+0000] {logging_mixin.py:188} INFO - [2026-06-18T17:03:32.783+0000] {dag.py:3036} INFO - Sync 3 DAGs
[2026-06-18T17:03:32.826+0000] {logging_mixin.py:188} INFO - [2026-06-18T17:03:32.826+0000] {dag.py:3823} INFO - Setting next_dagrun for example_branch_datetime_operator to 2026-06-17 00:00:00+00:00, run_after=2026-06-18 00:00:00+00:00
[2026-06-18T17:03:32.837+0000] {logging_mixin.py:188} INFO - [2026-06-18T17:03:32.836+0000] {dag.py:3823} INFO - Setting next_dagrun for example_branch_datetime_operator_2 to 2026-06-17 00:00:00+00:00, run_after=2026-06-18 00:00:00+00:00
[2026-06-18T17:03:32.843+0000] {logging_mixin.py:188} INFO - [2026-06-18T17:03:32.843+0000] {dag.py:3823} INFO - Setting next_dagrun for example_branch_datetime_operator_3 to 2026-06-17 00:00:00+00:00, run_after=2026-06-18 00:00:00+00:00
[2026-06-18T17:03:32.874+0000] {processor.py:183} INFO - Processing /home/airflow/.local/lib/python3.8/site-packages/airflow/example_dags/example_branch_datetime_operator.py took 0.175 seconds
[2026-06-18T17:04:03.238+0000] {processor.py:161} INFO - Started process (PID=1866) to work on /home/airflow/.local/lib/python3.8/site-packages/airflow/example_dags/example_branch_datetime_operator.py
[2026-06-18T17:04:03.240+0000] {processor.py:830} INFO - Processing file /home/airflow/.local/lib/python3.8/site-packages/airflow/example_dags/example_branch_datetime_operator.py for tasks to queue
[2026-06-18T17:04:03.243+0000] {logging_mixin.py:188} INFO - [2026-06-18T17:04:03.242+0000] {dagbag.py:538} INFO - Filling up the DagBag from /home/airflow/.local/lib/python3.8/site-packages/airflow/example_dags/example_branch_datetime_operator.py
[2026-06-18T17:04:03.262+0000] {processor.py:840} INFO - DAG(s) 'example_branch_datetime_operator', 'example_branch_datetime_operator_3', 'example_branch_datetime_operator_2' retrieved from /home/airflow/.local/lib/python3.8/site-packages/airflow/example_dags/example_branch_datetime_operator.py
[2026-06-18T17:04:03.318+0000] {logging_mixin.py:188} INFO - [2026-06-18T17:04:03.317+0000] {dag.py:3036} INFO - Sync 3 DAGs
[2026-06-18T17:04:03.359+0000] {logging_mixin.py:188} INFO - [2026-06-18T17:04:03.358+0000] {dag.py:3823} INFO - Setting next_dagrun for example_branch_datetime_operator to 2026-06-17 00:00:00+00:00, run_after=2026-06-18 00:00:00+00:00
[2026-06-18T17:04:03.368+0000] {logging_mixin.py:188} INFO - [2026-06-18T17:04:03.368+0000] {dag.py:3823} INFO - Setting next_dagrun for example_branch_datetime_operator_2 to 2026-06-17 00:00:00+00:00, run_after=2026-06-18 00:00:00+00:00
[2026-06-18T17:04:03.373+0000] {logging_mixin.py:188} INFO - [2026-06-18T17:04:03.373+0000] {dag.py:3823} INFO - Setting next_dagrun for example_branch_datetime_operator_3 to 2026-06-17 00:00:00+00:00, run_after=2026-06-18 00:00:00+00:00
[2026-06-18T17:04:03.411+0000] {processor.py:183} INFO - Processing /home/airflow/.local/lib/python3.8/site-packages/airflow/example_dags/example_branch_datetime_operator.py took 0.178 seconds
[2026-06-18T17:04:33.800+0000] {processor.py:161} INFO - Started process (PID=1933) to work on /home/airflow/.local/lib/python3.8/site-packages/airflow/example_dags/example_branch_datetime_operator.py
[2026-06-18T17:04:33.802+0000] {processor.py:830} INFO - Processing file /home/airflow/.local/lib/python3.8/site-packages/airflow/example_dags/example_branch_datetime_operator.py for tasks to queue
[2026-06-18T17:04:33.805+0000] {logging_mixin.py:188} INFO - [2026-06-18T17:04:33.804+0000] {dagbag.py:538} INFO - Filling up the DagBag from /home/airflow/.local/lib/python3.8/site-packages/airflow/example_dags/example_branch_datetime_operator.py
[2026-06-18T17:04:33.821+0000] {processor.py:840} INFO - DAG(s) 'example_branch_datetime_operator', 'example_branch_datetime_operator_3', 'example_branch_datetime_operator_2' retrieved from /home/airflow/.local/lib/python3.8/site-packages/airflow/example_dags/example_branch_datetime_operator.py
[2026-06-18T17:04:33.870+0000] {logging_mixin.py:188} INFO - [2026-06-18T17:04:33.869+0000] {dag.py:3036} INFO - Sync 3 DAGs
[2026-06-18T17:04:33.908+0000] {logging_mixin.py:188} INFO - [2026-06-18T17:04:33.908+0000] {dag.py:3823} INFO - Setting next_dagrun for example_branch_datetime_operator to 2026-06-17 00:00:00+00:00, run_after=2026-06-18 00:00:00+00:00
[2026-06-18T17:04:33.917+0000] {logging_mixin.py:188} INFO - [2026-06-18T17:04:33.916+0000] {dag.py:3823} INFO - Setting next_dagrun for example_branch_datetime_operator_2 to 2026-06-17 00:00:00+00:00, run_after=2026-06-18 00:00:00+00:00
[2026-06-18T17:04:33.923+0000] {logging_mixin.py:188} INFO - [2026-06-18T17:04:33.922+0000] {dag.py:3823} INFO - Setting next_dagrun for example_branch_datetime_operator_3 to 2026-06-17 00:00:00+00:00, run_after=2026-06-18 00:00:00+00:00
[2026-06-18T17:04:33.950+0000] {processor.py:183} INFO - Processing /home/airflow/.local/lib/python3.8/site-packages/airflow/example_dags/example_branch_datetime_operator.py took 0.155 seconds
[2026-06-18T17:05:04.073+0000] {processor.py:161} INFO - Started process (PID=1998) to work on /home/airflow/.local/lib/python3.8/site-packages/airflow/example_dags/example_branch_datetime_operator.py
[2026-06-18T17:05:04.074+0000] {processor.py:830} INFO - Processing file /home/airflow/.local/lib/python3.8/site-packages/airflow/example_dags/example_branch_datetime_operator.py for tasks to queue
[2026-06-18T17:05:04.077+0000] {logging_mixin.py:188} INFO - [2026-06-18T17:05:04.076+0000] {dagbag.py:538} INFO - Filling up the DagBag from /home/airflow/.local/lib/python3.8/site-packages/airflow/example_dags/example_branch_datetime_operator.py
[2026-06-18T17:05:04.094+0000] {processor.py:840} INFO - DAG(s) 'example_branch_datetime_operator_2', 'example_branch_datetime_operator_3', 'example_branch_datetime_operator' retrieved from /home/airflow/.local/lib/python3.8/site-packages/airflow/example_dags/example_branch_datetime_operator.py
[2026-06-18T17:05:04.144+0000] {logging_mixin.py:188} INFO - [2026-06-18T17:05:04.144+0000] {dag.py:3036} INFO - Sync 3 DAGs
[2026-06-18T17:05:04.182+0000] {logging_mixin.py:188} INFO - [2026-06-18T17:05:04.182+0000] {dag.py:3823} INFO - Setting next_dagrun for example_branch_datetime_operator to 2026-06-17 00:00:00+00:00, run_after=2026-06-18 00:00:00+00:00
[2026-06-18T17:05:04.192+0000] {logging_mixin.py:188} INFO - [2026-06-18T17:05:04.191+0000] {dag.py:3823} INFO - Setting next_dagrun for example_branch_datetime_operator_2 to 2026-06-17 00:00:00+00:00, run_after=2026-06-18 00:00:00+00:00
[2026-06-18T17:05:04.198+0000] {logging_mixin.py:188} INFO - [2026-06-18T17:05:04.197+0000] {dag.py:3823} INFO - Setting next_dagrun for example_branch_datetime_operator_3 to 2026-06-17 00:00:00+00:00, run_after=2026-06-18 00:00:00+00:00
[2026-06-18T17:05:04.231+0000] {processor.py:183} INFO - Processing /home/airflow/.local/lib/python3.8/site-packages/airflow/example_dags/example_branch_datetime_operator.py took 0.164 seconds
[2026-06-18T17:05:34.691+0000] {processor.py:161} INFO - Started process (PID=2064) to work on /home/airflow/.local/lib/python3.8/site-packages/airflow/example_dags/example_branch_datetime_operator.py
[2026-06-18T17:05:34.693+0000] {processor.py:830} INFO - Processing file /home/airflow/.local/lib/python3.8/site-packages/airflow/example_dags/example_branch_datetime_operator.py for tasks to queue
[2026-06-18T17:05:34.697+0000] {logging_mixin.py:188} INFO - [2026-06-18T17:05:34.696+0000] {dagbag.py:538} INFO - Filling up the DagBag from /home/airflow/.local/lib/python3.8/site-packages/airflow/example_dags/example_branch_datetime_operator.py
[2026-06-18T17:05:34.717+0000] {processor.py:840} INFO - DAG(s) 'example_branch_datetime_operator', 'example_branch_datetime_operator_2', 'example_branch_datetime_operator_3' retrieved from /home/airflow/.local/lib/python3.8/site-packages/airflow/example_dags/example_branch_datetime_operator.py
[2026-06-18T17:05:34.787+0000] {logging_mixin.py:188} INFO - [2026-06-18T17:05:34.787+0000] {dag.py:3036} INFO - Sync 3 DAGs
[2026-06-18T17:05:34.840+0000] {logging_mixin.py:188} INFO - [2026-06-18T17:05:34.840+0000] {dag.py:3823} INFO - Setting next_dagrun for example_branch_datetime_operator to 2026-06-17 00:00:00+00:00, run_after=2026-06-18 00:00:00+00:00
[2026-06-18T17:05:34.851+0000] {logging_mixin.py:188} INFO - [2026-06-18T17:05:34.851+0000] {dag.py:3823} INFO - Setting next_dagrun for example_branch_datetime_operator_2 to 2026-06-17 00:00:00+00:00, run_after=2026-06-18 00:00:00+00:00
[2026-06-18T17:05:34.857+0000] {logging_mixin.py:188} INFO - [2026-06-18T17:05:34.857+0000] {dag.py:3823} INFO - Setting next_dagrun for example_branch_datetime_operator_3 to 2026-06-17 00:00:00+00:00, run_after=2026-06-18 00:00:00+00:00
[2026-06-18T17:05:34.889+0000] {processor.py:183} INFO - Processing /home/airflow/.local/lib/python3.8/site-packages/airflow/example_dags/example_branch_datetime_operator.py took 0.204 seconds
[2026-06-18T17:06:05.670+0000] {processor.py:161} INFO - Started process (PID=2129) to work on /home/airflow/.local/lib/python3.8/site-packages/airflow/example_dags/example_branch_datetime_operator.py
[2026-06-18T17:06:05.671+0000] {processor.py:830} INFO - Processing file /home/airflow/.local/lib/python3.8/site-packages/airflow/example_dags/example_branch_datetime_operator.py for tasks to queue
[2026-06-18T17:06:05.674+0000] {logging_mixin.py:188} INFO - [2026-06-18T17:06:05.673+0000] {dagbag.py:538} INFO - Filling up the DagBag from /home/airflow/.local/lib/python3.8/site-packages/airflow/example_dags/example_branch_datetime_operator.py
[2026-06-18T17:06:05.697+0000] {processor.py:840} INFO - DAG(s) 'example_branch_datetime_operator', 'example_branch_datetime_operator_3', 'example_branch_datetime_operator_2' retrieved from /home/airflow/.local/lib/python3.8/site-packages/airflow/example_dags/example_branch_datetime_operator.py
[2026-06-18T17:06:05.764+0000] {logging_mixin.py:188} INFO - [2026-06-18T17:06:05.763+0000] {dag.py:3036} INFO - Sync 3 DAGs
[2026-06-18T17:06:05.819+0000] {logging_mixin.py:188} INFO - [2026-06-18T17:06:05.818+0000] {dag.py:3823} INFO - Setting next_dagrun for example_branch_datetime_operator to 2026-06-17 00:00:00+00:00, run_after=2026-06-18 00:00:00+00:00
[2026-06-18T17:06:05.829+0000] {logging_mixin.py:188} INFO - [2026-06-18T17:06:05.828+0000] {dag.py:3823} INFO - Setting next_dagrun for example_branch_datetime_operator_2 to 2026-06-17 00:00:00+00:00, run_after=2026-06-18 00:00:00+00:00
[2026-06-18T17:06:05.833+0000] {logging_mixin.py:188} INFO - [2026-06-18T17:06:05.833+0000] {dag.py:3823} INFO - Setting next_dagrun for example_branch_datetime_operator_3 to 2026-06-17 00:00:00+00:00, run_after=2026-06-18 00:00:00+00:00
[2026-06-18T17:06:05.868+0000] {processor.py:183} INFO - Processing /home/airflow/.local/lib/python3.8/site-packages/airflow/example_dags/example_branch_datetime_operator.py took 0.204 seconds
[2026-06-18T17:06:36.223+0000] {processor.py:161} INFO - Started process (PID=2195) to work on /home/airflow/.local/lib/python3.8/site-packages/airflow/example_dags/example_branch_datetime_operator.py
[2026-06-18T17:06:36.225+0000] {processor.py:830} INFO - Processing file /home/airflow/.local/lib/python3.8/site-packages/airflow/example_dags/example_branch_datetime_operator.py for tasks to queue
[2026-06-18T17:06:36.228+0000] {logging_mixin.py:188} INFO - [2026-06-18T17:06:36.227+0000] {dagbag.py:538} INFO - Filling up the DagBag from /home/airflow/.local/lib/python3.8/site-packages/airflow/example_dags/example_branch_datetime_operator.py
[2026-06-18T17:06:36.251+0000] {processor.py:840} INFO - DAG(s) 'example_branch_datetime_operator_3', 'example_branch_datetime_operator', 'example_branch_datetime_operator_2' retrieved from /home/airflow/.local/lib/python3.8/site-packages/airflow/example_dags/example_branch_datetime_operator.py
[2026-06-18T17:06:36.328+0000] {logging_mixin.py:188} INFO - [2026-06-18T17:06:36.328+0000] {dag.py:3036} INFO - Sync 3 DAGs
[2026-06-18T17:06:36.372+0000] {logging_mixin.py:188} INFO - [2026-06-18T17:06:36.372+0000] {dag.py:3823} INFO - Setting next_dagrun for example_branch_datetime_operator to 2026-06-17 00:00:00+00:00, run_after=2026-06-18 00:00:00+00:00
[2026-06-18T17:06:36.381+0000] {logging_mixin.py:188} INFO - [2026-06-18T17:06:36.381+0000] {dag.py:3823} INFO - Setting next_dagrun for example_branch_datetime_operator_2 to 2026-06-17 00:00:00+00:00, run_after=2026-06-18 00:00:00+00:00
[2026-06-18T17:06:36.386+0000] {logging_mixin.py:188} INFO - [2026-06-18T17:06:36.386+0000] {dag.py:3823} INFO - Setting next_dagrun for example_branch_datetime_operator_3 to 2026-06-17 00:00:00+00:00, run_after=2026-06-18 00:00:00+00:00
[2026-06-18T17:06:36.414+0000] {processor.py:183} INFO - Processing /home/airflow/.local/lib/python3.8/site-packages/airflow/example_dags/example_branch_datetime_operator.py took 0.197 seconds
[2026-06-18T17:07:06.537+0000] {processor.py:161} INFO - Started process (PID=2261) to work on /home/airflow/.local/lib/python3.8/site-packages/airflow/example_dags/example_branch_datetime_operator.py
[2026-06-18T17:07:06.539+0000] {processor.py:830} INFO - Processing file /home/airflow/.local/lib/python3.8/site-packages/airflow/example_dags/example_branch_datetime_operator.py for tasks to queue
[2026-06-18T17:07:06.541+0000] {logging_mixin.py:188} INFO - [2026-06-18T17:07:06.541+0000] {dagbag.py:538} INFO - Filling up the DagBag from /home/airflow/.local/lib/python3.8/site-packages/airflow/example_dags/example_branch_datetime_operator.py
[2026-06-18T17:07:06.561+0000] {processor.py:840} INFO - DAG(s) 'example_branch_datetime_operator', 'example_branch_datetime_operator_3', 'example_branch_datetime_operator_2' retrieved from /home/airflow/.local/lib/python3.8/site-packages/airflow/example_dags/example_branch_datetime_operator.py
[2026-06-18T17:07:06.617+0000] {logging_mixin.py:188} INFO - [2026-06-18T17:07:06.616+0000] {dag.py:3036} INFO - Sync 3 DAGs
[2026-06-18T17:07:06.662+0000] {logging_mixin.py:188} INFO - [2026-06-18T17:07:06.661+0000] {dag.py:3823} INFO - Setting next_dagrun for example_branch_datetime_operator to 2026-06-17 00:00:00+00:00, run_after=2026-06-18 00:00:00+00:00
[2026-06-18T17:07:06.670+0000] {logging_mixin.py:188} INFO - [2026-06-18T17:07:06.670+0000] {dag.py:3823} INFO - Setting next_dagrun for example_branch_datetime_operator_2 to 2026-06-17 00:00:00+00:00, run_after=2026-06-18 00:00:00+00:00
[2026-06-18T17:07:06.675+0000] {logging_mixin.py:188} INFO - [2026-06-18T17:07:06.674+0000] {dag.py:3823} INFO - Setting next_dagrun for example_branch_datetime_operator_3 to 2026-06-17 00:00:00+00:00, run_after=2026-06-18 00:00:00+00:00
[2026-06-18T17:07:06.701+0000] {processor.py:183} INFO - Processing /home/airflow/.local/lib/python3.8/site-packages/airflow/example_dags/example_branch_datetime_operator.py took 0.169 seconds
[2026-06-18T17:07:37.511+0000] {processor.py:161} INFO - Started process (PID=2326) to work on /home/airflow/.local/lib/python3.8/site-packages/airflow/example_dags/example_branch_datetime_operator.py
[2026-06-18T17:07:37.513+0000] {processor.py:830} INFO - Processing file /home/airflow/.local/lib/python3.8/site-packages/airflow/example_dags/example_branch_datetime_operator.py for tasks to queue
[2026-06-18T17:07:37.515+0000] {logging_mixin.py:188} INFO - [2026-06-18T17:07:37.515+0000] {dagbag.py:538} INFO - Filling up the DagBag from /home/airflow/.local/lib/python3.8/site-packages/airflow/example_dags/example_branch_datetime_operator.py
[2026-06-18T17:07:37.531+0000] {processor.py:840} INFO - DAG(s) 'example_branch_datetime_operator_2', 'example_branch_datetime_operator_3', 'example_branch_datetime_operator' retrieved from /home/airflow/.local/lib/python3.8/site-packages/airflow/example_dags/example_branch_datetime_operator.py
[2026-06-18T17:07:37.582+0000] {logging_mixin.py:188} INFO - [2026-06-18T17:07:37.582+0000] {dag.py:3036} INFO - Sync 3 DAGs
[2026-06-18T17:07:37.623+0000] {logging_mixin.py:188} INFO - [2026-06-18T17:07:37.623+0000] {dag.py:3823} INFO - Setting next_dagrun for example_branch_datetime_operator to 2026-06-17 00:00:00+00:00, run_after=2026-06-18 00:00:00+00:00
[2026-06-18T17:07:37.634+0000] {logging_mixin.py:188} INFO - [2026-06-18T17:07:37.634+0000] {dag.py:3823} INFO - Setting next_dagrun for example_branch_datetime_operator_2 to 2026-06-17 00:00:00+00:00, run_after=2026-06-18 00:00:00+00:00
[2026-06-18T17:07:37.639+0000] {logging_mixin.py:188} INFO - [2026-06-18T17:07:37.639+0000] {dag.py:3823} INFO - Setting next_dagrun for example_branch_datetime_operator_3 to 2026-06-17 00:00:00+00:00, run_after=2026-06-18 00:00:00+00:00
[2026-06-18T17:07:37.670+0000] {processor.py:183} INFO - Processing /home/airflow/.local/lib/python3.8/site-packages/airflow/example_dags/example_branch_datetime_operator.py took 0.163 seconds
[2026-06-18T17:08:07.761+0000] {processor.py:161} INFO - Started process (PID=2400) to work on /home/airflow/.local/lib/python3.8/site-packages/airflow/example_dags/example_branch_datetime_operator.py
[2026-06-18T17:08:07.763+0000] {processor.py:830} INFO - Processing file /home/airflow/.local/lib/python3.8/site-packages/airflow/example_dags/example_branch_datetime_operator.py for tasks to queue
[2026-06-18T17:08:07.766+0000] {logging_mixin.py:188} INFO - [2026-06-18T17:08:07.766+0000] {dagbag.py:538} INFO - Filling up the DagBag from /home/airflow/.local/lib/python3.8/site-packages/airflow/example_dags/example_branch_datetime_operator.py
[2026-06-18T17:08:07.799+0000] {processor.py:840} INFO - DAG(s) 'example_branch_datetime_operator_3', 'example_branch_datetime_operator', 'example_branch_datetime_operator_2' retrieved from /home/airflow/.local/lib/python3.8/site-packages/airflow/example_dags/example_branch_datetime_operator.py
[2026-06-18T17:08:07.864+0000] {logging_mixin.py:188} INFO - [2026-06-18T17:08:07.863+0000] {dag.py:3036} INFO - Sync 3 DAGs
[2026-06-18T17:08:07.913+0000] {logging_mixin.py:188} INFO - [2026-06-18T17:08:07.913+0000] {dag.py:3823} INFO - Setting next_dagrun for example_branch_datetime_operator to 2026-06-17 00:00:00+00:00, run_after=2026-06-18 00:00:00+00:00
[2026-06-18T17:08:07.923+0000] {logging_mixin.py:188} INFO - [2026-06-18T17:08:07.923+0000] {dag.py:3823} INFO - Setting next_dagrun for example_branch_datetime_operator_2 to 2026-06-17 00:00:00+00:00, run_after=2026-06-18 00:00:00+00:00
[2026-06-18T17:08:07.929+0000] {logging_mixin.py:188} INFO - [2026-06-18T17:08:07.928+0000] {dag.py:3823} INFO - Setting next_dagrun for example_branch_datetime_operator_3 to 2026-06-17 00:00:00+00:00, run_after=2026-06-18 00:00:00+00:00
[2026-06-18T17:08:07.959+0000] {processor.py:183} INFO - Processing /home/airflow/.local/lib/python3.8/site-packages/airflow/example_dags/example_branch_datetime_operator.py took 0.205 seconds
[2026-06-18T17:08:38.815+0000] {processor.py:161} INFO - Started process (PID=2468) to work on /home/airflow/.local/lib/python3.8/site-packages/airflow/example_dags/example_branch_datetime_operator.py
[2026-06-18T17:08:38.817+0000] {processor.py:830} INFO - Processing file /home/airflow/.local/lib/python3.8/site-packages/airflow/example_dags/example_branch_datetime_operator.py for tasks to queue
[2026-06-18T17:08:38.820+0000] {logging_mixin.py:188} INFO - [2026-06-18T17:08:38.819+0000] {dagbag.py:538} INFO - Filling up the DagBag from /home/airflow/.local/lib/python3.8/site-packages/airflow/example_dags/example_branch_datetime_operator.py
[2026-06-18T17:08:38.838+0000] {processor.py:840} INFO - DAG(s) 'example_branch_datetime_operator', 'example_branch_datetime_operator_2', 'example_branch_datetime_operator_3' retrieved from /home/airflow/.local/lib/python3.8/site-packages/airflow/example_dags/example_branch_datetime_operator.py
[2026-06-18T17:08:38.889+0000] {logging_mixin.py:188} INFO - [2026-06-18T17:08:38.889+0000] {dag.py:3036} INFO - Sync 3 DAGs
[2026-06-18T17:08:38.932+0000] {logging_mixin.py:188} INFO - [2026-06-18T17:08:38.931+0000] {dag.py:3823} INFO - Setting next_dagrun for example_branch_datetime_operator to 2026-06-17 00:00:00+00:00, run_after=2026-06-18 00:00:00+00:00
[2026-06-18T17:08:38.943+0000] {logging_mixin.py:188} INFO - [2026-06-18T17:08:38.942+0000] {dag.py:3823} INFO - Setting next_dagrun for example_branch_datetime_operator_2 to 2026-06-17 00:00:00+00:00, run_after=2026-06-18 00:00:00+00:00
[2026-06-18T17:08:38.949+0000] {logging_mixin.py:188} INFO - [2026-06-18T17:08:38.949+0000] {dag.py:3823} INFO - Setting next_dagrun for example_branch_datetime_operator_3 to 2026-06-17 00:00:00+00:00, run_after=2026-06-18 00:00:00+00:00
[2026-06-18T17:08:38.981+0000] {processor.py:183} INFO - Processing /home/airflow/.local/lib/python3.8/site-packages/airflow/example_dags/example_branch_datetime_operator.py took 0.171 seconds
[2026-06-18T17:09:09.388+0000] {processor.py:161} INFO - Started process (PID=2533) to work on /home/airflow/.local/lib/python3.8/site-packages/airflow/example_dags/example_branch_datetime_operator.py
[2026-06-18T17:09:09.390+0000] {processor.py:830} INFO - Processing file /home/airflow/.local/lib/python3.8/site-packages/airflow/example_dags/example_branch_datetime_operator.py for tasks to queue
[2026-06-18T17:09:09.393+0000] {logging_mixin.py:188} INFO - [2026-06-18T17:09:09.392+0000] {dagbag.py:538} INFO - Filling up the DagBag from /home/airflow/.local/lib/python3.8/site-packages/airflow/example_dags/example_branch_datetime_operator.py
[2026-06-18T17:09:09.414+0000] {processor.py:840} INFO - DAG(s) 'example_branch_datetime_operator', 'example_branch_datetime_operator_3', 'example_branch_datetime_operator_2' retrieved from /home/airflow/.local/lib/python3.8/site-packages/airflow/example_dags/example_branch_datetime_operator.py
[2026-06-18T17:09:09.472+0000] {logging_mixin.py:188} INFO - [2026-06-18T17:09:09.472+0000] {dag.py:3036} INFO - Sync 3 DAGs
[2026-06-18T17:09:09.521+0000] {logging_mixin.py:188} INFO - [2026-06-18T17:09:09.521+0000] {dag.py:3823} INFO - Setting next_dagrun for example_branch_datetime_operator to 2026-06-17 00:00:00+00:00, run_after=2026-06-18 00:00:00+00:00
[2026-06-18T17:09:09.534+0000] {logging_mixin.py:188} INFO - [2026-06-18T17:09:09.533+0000] {dag.py:3823} INFO - Setting next_dagrun for example_branch_datetime_operator_2 to 2026-06-17 00:00:00+00:00, run_after=2026-06-18 00:00:00+00:00
[2026-06-18T17:09:09.540+0000] {logging_mixin.py:188} INFO - [2026-06-18T17:09:09.539+0000] {dag.py:3823} INFO - Setting next_dagrun for example_branch_datetime_operator_3 to 2026-06-17 00:00:00+00:00, run_after=2026-06-18 00:00:00+00:00
[2026-06-18T17:09:09.571+0000] {processor.py:183} INFO - Processing /home/airflow/.local/lib/python3.8/site-packages/airflow/example_dags/example_branch_datetime_operator.py took 0.189 seconds
[2026-06-18T17:09:40.128+0000] {processor.py:161} INFO - Started process (PID=2600) to work on /home/airflow/.local/lib/python3.8/site-packages/airflow/example_dags/example_branch_datetime_operator.py
[2026-06-18T17:09:40.130+0000] {processor.py:830} INFO - Processing file /home/airflow/.local/lib/python3.8/site-packages/airflow/example_dags/example_branch_datetime_operator.py for tasks to queue
[2026-06-18T17:09:40.133+0000] {logging_mixin.py:188} INFO - [2026-06-18T17:09:40.133+0000] {dagbag.py:538} INFO - Filling up the DagBag from /home/airflow/.local/lib/python3.8/site-packages/airflow/example_dags/example_branch_datetime_operator.py
[2026-06-18T17:09:40.156+0000] {processor.py:840} INFO - DAG(s) 'example_branch_datetime_operator_2', 'example_branch_datetime_operator', 'example_branch_datetime_operator_3' retrieved from /home/airflow/.local/lib/python3.8/site-packages/airflow/example_dags/example_branch_datetime_operator.py
[2026-06-18T17:09:40.218+0000] {logging_mixin.py:188} INFO - [2026-06-18T17:09:40.217+0000] {dag.py:3036} INFO - Sync 3 DAGs
[2026-06-18T17:09:40.272+0000] {logging_mixin.py:188} INFO - [2026-06-18T17:09:40.272+0000] {dag.py:3823} INFO - Setting next_dagrun for example_branch_datetime_operator to 2026-06-17 00:00:00+00:00, run_after=2026-06-18 00:00:00+00:00
[2026-06-18T17:09:40.289+0000] {logging_mixin.py:188} INFO - [2026-06-18T17:09:40.288+0000] {dag.py:3823} INFO - Setting next_dagrun for example_branch_datetime_operator_2 to 2026-06-17 00:00:00+00:00, run_after=2026-06-18 00:00:00+00:00
[2026-06-18T17:09:40.295+0000] {logging_mixin.py:188} INFO - [2026-06-18T17:09:40.295+0000] {dag.py:3823} INFO - Setting next_dagrun for example_branch_datetime_operator_3 to 2026-06-17 00:00:00+00:00, run_after=2026-06-18 00:00:00+00:00
[2026-06-18T17:09:40.336+0000] {processor.py:183} INFO - Processing /home/airflow/.local/lib/python3.8/site-packages/airflow/example_dags/example_branch_datetime_operator.py took 0.215 seconds
[2026-06-18T17:10:11.154+0000] {processor.py:161} INFO - Started process (PID=2666) to work on /home/airflow/.local/lib/python3.8/site-packages/airflow/example_dags/example_branch_datetime_operator.py
[2026-06-18T17:10:11.155+0000] {processor.py:830} INFO - Processing file /home/airflow/.local/lib/python3.8/site-packages/airflow/example_dags/example_branch_datetime_operator.py for tasks to queue
[2026-06-18T17:10:11.158+0000] {logging_mixin.py:188} INFO - [2026-06-18T17:10:11.158+0000] {dagbag.py:538} INFO - Filling up the DagBag from /home/airflow/.local/lib/python3.8/site-packages/airflow/example_dags/example_branch_datetime_operator.py
[2026-06-18T17:10:11.177+0000] {processor.py:840} INFO - DAG(s) 'example_branch_datetime_operator_2', 'example_branch_datetime_operator_3', 'example_branch_datetime_operator' retrieved from /home/airflow/.local/lib/python3.8/site-packages/airflow/example_dags/example_branch_datetime_operator.py
[2026-06-18T17:10:11.228+0000] {logging_mixin.py:188} INFO - [2026-06-18T17:10:11.228+0000] {dag.py:3036} INFO - Sync 3 DAGs
[2026-06-18T17:10:11.273+0000] {logging_mixin.py:188} INFO - [2026-06-18T17:10:11.272+0000] {dag.py:3823} INFO - Setting next_dagrun for example_branch_datetime_operator to 2026-06-17 00:00:00+00:00, run_after=2026-06-18 00:00:00+00:00
[2026-06-18T17:10:11.282+0000] {logging_mixin.py:188} INFO - [2026-06-18T17:10:11.282+0000] {dag.py:3823} INFO - Setting next_dagrun for example_branch_datetime_operator_2 to 2026-06-17 00:00:00+00:00, run_after=2026-06-18 00:00:00+00:00
[2026-06-18T17:10:11.287+0000] {logging_mixin.py:188} INFO - [2026-06-18T17:10:11.287+0000] {dag.py:3823} INFO - Setting next_dagrun for example_branch_datetime_operator_3 to 2026-06-17 00:00:00+00:00, run_after=2026-06-18 00:00:00+00:00
[2026-06-18T17:10:11.523+0000] {processor.py:183} INFO - Processing /home/airflow/.local/lib/python3.8/site-packages/airflow/example_dags/example_branch_datetime_operator.py took 0.373 seconds
[2026-06-18T17:10:41.800+0000] {processor.py:161} INFO - Started process (PID=2731) to work on /home/airflow/.local/lib/python3.8/site-packages/airflow/example_dags/example_branch_datetime_operator.py
[2026-06-18T17:10:41.802+0000] {processor.py:830} INFO - Processing file /home/airflow/.local/lib/python3.8/site-packages/airflow/example_dags/example_branch_datetime_operator.py for tasks to queue
[2026-06-18T17:10:41.806+0000] {logging_mixin.py:188} INFO - [2026-06-18T17:10:41.805+0000] {dagbag.py:538} INFO - Filling up the DagBag from /home/airflow/.local/lib/python3.8/site-packages/airflow/example_dags/example_branch_datetime_operator.py
[2026-06-18T17:10:41.826+0000] {processor.py:840} INFO - DAG(s) 'example_branch_datetime_operator_3', 'example_branch_datetime_operator', 'example_branch_datetime_operator_2' retrieved from /home/airflow/.local/lib/python3.8/site-packages/airflow/example_dags/example_branch_datetime_operator.py
[2026-06-18T17:10:41.894+0000] {logging_mixin.py:188} INFO - [2026-06-18T17:10:41.894+0000] {dag.py:3036} INFO - Sync 3 DAGs
[2026-06-18T17:10:41.939+0000] {logging_mixin.py:188} INFO - [2026-06-18T17:10:41.939+0000] {dag.py:3823} INFO - Setting next_dagrun for example_branch_datetime_operator to 2026-06-17 00:00:00+00:00, run_after=2026-06-18 00:00:00+00:00
[2026-06-18T17:10:42.136+0000] {logging_mixin.py:188} INFO - [2026-06-18T17:10:42.135+0000] {dag.py:3823} INFO - Setting next_dagrun for example_branch_datetime_operator_2 to 2026-06-17 00:00:00+00:00, run_after=2026-06-18 00:00:00+00:00
[2026-06-18T17:10:42.141+0000] {logging_mixin.py:188} INFO - [2026-06-18T17:10:42.141+0000] {dag.py:3823} INFO - Setting next_dagrun for example_branch_datetime_operator_3 to 2026-06-17 00:00:00+00:00, run_after=2026-06-18 00:00:00+00:00
[2026-06-18T17:10:42.171+0000] {processor.py:183} INFO - Processing /home/airflow/.local/lib/python3.8/site-packages/airflow/example_dags/example_branch_datetime_operator.py took 0.377 seconds
[2026-06-18T17:11:12.241+0000] {processor.py:161} INFO - Started process (PID=2798) to work on /home/airflow/.local/lib/python3.8/site-packages/airflow/example_dags/example_branch_datetime_operator.py
[2026-06-18T17:11:12.242+0000] {processor.py:830} INFO - Processing file /home/airflow/.local/lib/python3.8/site-packages/airflow/example_dags/example_branch_datetime_operator.py for tasks to queue
[2026-06-18T17:11:12.244+0000] {logging_mixin.py:188} INFO - [2026-06-18T17:11:12.244+0000] {dagbag.py:538} INFO - Filling up the DagBag from /home/airflow/.local/lib/python3.8/site-packages/airflow/example_dags/example_branch_datetime_operator.py
[2026-06-18T17:11:12.261+0000] {processor.py:840} INFO - DAG(s) 'example_branch_datetime_operator_2', 'example_branch_datetime_operator_3', 'example_branch_datetime_operator' retrieved from /home/airflow/.local/lib/python3.8/site-packages/airflow/example_dags/example_branch_datetime_operator.py
[2026-06-18T17:11:12.315+0000] {logging_mixin.py:188} INFO - [2026-06-18T17:11:12.314+0000] {dag.py:3036} INFO - Sync 3 DAGs
[2026-06-18T17:11:12.352+0000] {logging_mixin.py:188} INFO - [2026-06-18T17:11:12.352+0000] {dag.py:3823} INFO - Setting next_dagrun for example_branch_datetime_operator to 2026-06-17 00:00:00+00:00, run_after=2026-06-18 00:00:00+00:00
[2026-06-18T17:11:12.361+0000] {logging_mixin.py:188} INFO - [2026-06-18T17:11:12.360+0000] {dag.py:3823} INFO - Setting next_dagrun for example_branch_datetime_operator_2 to 2026-06-17 00:00:00+00:00, run_after=2026-06-18 00:00:00+00:00
[2026-06-18T17:11:12.365+0000] {logging_mixin.py:188} INFO - [2026-06-18T17:11:12.365+0000] {dag.py:3823} INFO - Setting next_dagrun for example_branch_datetime_operator_3 to 2026-06-17 00:00:00+00:00, run_after=2026-06-18 00:00:00+00:00
[2026-06-18T17:11:12.393+0000] {processor.py:183} INFO - Processing /home/airflow/.local/lib/python3.8/site-packages/airflow/example_dags/example_branch_datetime_operator.py took 0.157 seconds
[2026-06-18T17:11:43.078+0000] {processor.py:161} INFO - Started process (PID=2863) to work on /home/airflow/.local/lib/python3.8/site-packages/airflow/example_dags/example_branch_datetime_operator.py
[2026-06-18T17:11:43.081+0000] {processor.py:830} INFO - Processing file /home/airflow/.local/lib/python3.8/site-packages/airflow/example_dags/example_branch_datetime_operator.py for tasks to queue
[2026-06-18T17:11:43.084+0000] {logging_mixin.py:188} INFO - [2026-06-18T17:11:43.083+0000] {dagbag.py:538} INFO - Filling up the DagBag from /home/airflow/.local/lib/python3.8/site-packages/airflow/example_dags/example_branch_datetime_operator.py
[2026-06-18T17:11:43.103+0000] {processor.py:840} INFO - DAG(s) 'example_branch_datetime_operator', 'example_branch_datetime_operator_3', 'example_branch_datetime_operator_2' retrieved from /home/airflow/.local/lib/python3.8/site-packages/airflow/example_dags/example_branch_datetime_operator.py
[2026-06-18T17:11:43.158+0000] {logging_mixin.py:188} INFO - [2026-06-18T17:11:43.158+0000] {dag.py:3036} INFO - Sync 3 DAGs
[2026-06-18T17:11:43.204+0000] {logging_mixin.py:188} INFO - [2026-06-18T17:11:43.203+0000] {dag.py:3823} INFO - Setting next_dagrun for example_branch_datetime_operator to 2026-06-17 00:00:00+00:00, run_after=2026-06-18 00:00:00+00:00
[2026-06-18T17:11:43.213+0000] {logging_mixin.py:188} INFO - [2026-06-18T17:11:43.213+0000] {dag.py:3823} INFO - Setting next_dagrun for example_branch_datetime_operator_2 to 2026-06-17 00:00:00+00:00, run_after=2026-06-18 00:00:00+00:00
[2026-06-18T17:11:43.219+0000] {logging_mixin.py:188} INFO - [2026-06-18T17:11:43.218+0000] {dag.py:3823} INFO - Setting next_dagrun for example_branch_datetime_operator_3 to 2026-06-17 00:00:00+00:00, run_after=2026-06-18 00:00:00+00:00
[2026-06-18T17:11:43.251+0000] {processor.py:183} INFO - Processing /home/airflow/.local/lib/python3.8/site-packages/airflow/example_dags/example_branch_datetime_operator.py took 0.180 seconds
[2026-06-18T17:12:14.053+0000] {processor.py:161} INFO - Started process (PID=2929) to work on /home/airflow/.local/lib/python3.8/site-packages/airflow/example_dags/example_branch_datetime_operator.py
[2026-06-18T17:12:14.055+0000] {processor.py:830} INFO - Processing file /home/airflow/.local/lib/python3.8/site-packages/airflow/example_dags/example_branch_datetime_operator.py for tasks to queue
[2026-06-18T17:12:14.058+0000] {logging_mixin.py:188} INFO - [2026-06-18T17:12:14.058+0000] {dagbag.py:538} INFO - Filling up the DagBag from /home/airflow/.local/lib/python3.8/site-packages/airflow/example_dags/example_branch_datetime_operator.py
[2026-06-18T17:12:14.076+0000] {processor.py:840} INFO - DAG(s) 'example_branch_datetime_operator', 'example_branch_datetime_operator_3', 'example_branch_datetime_operator_2' retrieved from /home/airflow/.local/lib/python3.8/site-packages/airflow/example_dags/example_branch_datetime_operator.py
[2026-06-18T17:12:14.135+0000] {logging_mixin.py:188} INFO - [2026-06-18T17:12:14.134+0000] {dag.py:3036} INFO - Sync 3 DAGs
[2026-06-18T17:12:14.178+0000] {logging_mixin.py:188} INFO - [2026-06-18T17:12:14.177+0000] {dag.py:3823} INFO - Setting next_dagrun for example_branch_datetime_operator to 2026-06-17 00:00:00+00:00, run_after=2026-06-18 00:00:00+00:00
[2026-06-18T17:12:14.186+0000] {logging_mixin.py:188} INFO - [2026-06-18T17:12:14.186+0000] {dag.py:3823} INFO - Setting next_dagrun for example_branch_datetime_operator_2 to 2026-06-17 00:00:00+00:00, run_after=2026-06-18 00:00:00+00:00
[2026-06-18T17:12:14.191+0000] {logging_mixin.py:188} INFO - [2026-06-18T17:12:14.190+0000] {dag.py:3823} INFO - Setting next_dagrun for example_branch_datetime_operator_3 to 2026-06-17 00:00:00+00:00, run_after=2026-06-18 00:00:00+00:00
[2026-06-18T17:12:14.217+0000] {processor.py:183} INFO - Processing /home/airflow/.local/lib/python3.8/site-packages/airflow/example_dags/example_branch_datetime_operator.py took 0.169 seconds
[2026-06-18T17:12:44.351+0000] {processor.py:161} INFO - Started process (PID=2996) to work on /home/airflow/.local/lib/python3.8/site-packages/airflow/example_dags/example_branch_datetime_operator.py
[2026-06-18T17:12:44.353+0000] {processor.py:830} INFO - Processing file /home/airflow/.local/lib/python3.8/site-packages/airflow/example_dags/example_branch_datetime_operator.py for tasks to queue
[2026-06-18T17:12:44.357+0000] {logging_mixin.py:188} INFO - [2026-06-18T17:12:44.356+0000] {dagbag.py:538} INFO - Filling up the DagBag from /home/airflow/.local/lib/python3.8/site-packages/airflow/example_dags/example_branch_datetime_operator.py
[2026-06-18T17:12:44.376+0000] {processor.py:840} INFO - DAG(s) 'example_branch_datetime_operator_3', 'example_branch_datetime_operator_2', 'example_branch_datetime_operator' retrieved from /home/airflow/.local/lib/python3.8/site-packages/airflow/example_dags/example_branch_datetime_operator.py
[2026-06-18T17:12:44.431+0000] {logging_mixin.py:188} INFO - [2026-06-18T17:12:44.430+0000] {dag.py:3036} INFO - Sync 3 DAGs
[2026-06-18T17:12:44.471+0000] {logging_mixin.py:188} INFO - [2026-06-18T17:12:44.471+0000] {dag.py:3823} INFO - Setting next_dagrun for example_branch_datetime_operator to 2026-06-17 00:00:00+00:00, run_after=2026-06-18 00:00:00+00:00
[2026-06-18T17:12:44.481+0000] {logging_mixin.py:188} INFO - [2026-06-18T17:12:44.481+0000] {dag.py:3823} INFO - Setting next_dagrun for example_branch_datetime_operator_2 to 2026-06-17 00:00:00+00:00, run_after=2026-06-18 00:00:00+00:00
[2026-06-18T17:12:44.486+0000] {logging_mixin.py:188} INFO - [2026-06-18T17:12:44.486+0000] {dag.py:3823} INFO - Setting next_dagrun for example_branch_datetime_operator_3 to 2026-06-17 00:00:00+00:00, run_after=2026-06-18 00:00:00+00:00
[2026-06-18T17:12:44.518+0000] {processor.py:183} INFO - Processing /home/airflow/.local/lib/python3.8/site-packages/airflow/example_dags/example_branch_datetime_operator.py took 0.171 seconds
[2026-06-18T17:13:15.078+0000] {processor.py:161} INFO - Started process (PID=3061) to work on /home/airflow/.local/lib/python3.8/site-packages/airflow/example_dags/example_branch_datetime_operator.py
[2026-06-18T17:13:15.080+0000] {processor.py:830} INFO - Processing file /home/airflow/.local/lib/python3.8/site-packages/airflow/example_dags/example_branch_datetime_operator.py for tasks to queue
[2026-06-18T17:13:15.083+0000] {logging_mixin.py:188} INFO - [2026-06-18T17:13:15.083+0000] {dagbag.py:538} INFO - Filling up the DagBag from /home/airflow/.local/lib/python3.8/site-packages/airflow/example_dags/example_branch_datetime_operator.py
[2026-06-18T17:13:15.105+0000] {processor.py:840} INFO - DAG(s) 'example_branch_datetime_operator_2', 'example_branch_datetime_operator', 'example_branch_datetime_operator_3' retrieved from /home/airflow/.local/lib/python3.8/site-packages/airflow/example_dags/example_branch_datetime_operator.py
[2026-06-18T17:13:15.179+0000] {logging_mixin.py:188} INFO - [2026-06-18T17:13:15.179+0000] {dag.py:3036} INFO - Sync 3 DAGs
[2026-06-18T17:13:15.482+0000] {logging_mixin.py:188} INFO - [2026-06-18T17:13:15.482+0000] {dag.py:3823} INFO - Setting next_dagrun for example_branch_datetime_operator to 2026-06-17 00:00:00+00:00, run_after=2026-06-18 00:00:00+00:00
[2026-06-18T17:13:15.492+0000] {logging_mixin.py:188} INFO - [2026-06-18T17:13:15.491+0000] {dag.py:3823} INFO - Setting next_dagrun for example_branch_datetime_operator_2 to 2026-06-17 00:00:00+00:00, run_after=2026-06-18 00:00:00+00:00
[2026-06-18T17:13:15.498+0000] {logging_mixin.py:188} INFO - [2026-06-18T17:13:15.497+0000] {dag.py:3823} INFO - Setting next_dagrun for example_branch_datetime_operator_3 to 2026-06-17 00:00:00+00:00, run_after=2026-06-18 00:00:00+00:00
[2026-06-18T17:13:15.529+0000] {processor.py:183} INFO - Processing /home/airflow/.local/lib/python3.8/site-packages/airflow/example_dags/example_branch_datetime_operator.py took 0.456 seconds
[2026-06-18T17:13:45.947+0000] {processor.py:161} INFO - Started process (PID=3126) to work on /home/airflow/.local/lib/python3.8/site-packages/airflow/example_dags/example_branch_datetime_operator.py
[2026-06-18T17:13:45.954+0000] {processor.py:830} INFO - Processing file /home/airflow/.local/lib/python3.8/site-packages/airflow/example_dags/example_branch_datetime_operator.py for tasks to queue
[2026-06-18T17:13:45.958+0000] {logging_mixin.py:188} INFO - [2026-06-18T17:13:45.957+0000] {dagbag.py:538} INFO - Filling up the DagBag from /home/airflow/.local/lib/python3.8/site-packages/airflow/example_dags/example_branch_datetime_operator.py
[2026-06-18T17:13:45.980+0000] {processor.py:840} INFO - DAG(s) 'example_branch_datetime_operator_2', 'example_branch_datetime_operator', 'example_branch_datetime_operator_3' retrieved from /home/airflow/.local/lib/python3.8/site-packages/airflow/example_dags/example_branch_datetime_operator.py
[2026-06-18T17:13:46.049+0000] {logging_mixin.py:188} INFO - [2026-06-18T17:13:46.048+0000] {dag.py:3036} INFO - Sync 3 DAGs
[2026-06-18T17:13:46.104+0000] {logging_mixin.py:188} INFO - [2026-06-18T17:13:46.104+0000] {dag.py:3823} INFO - Setting next_dagrun for example_branch_datetime_operator to 2026-06-17 00:00:00+00:00, run_after=2026-06-18 00:00:00+00:00
[2026-06-18T17:13:46.119+0000] {logging_mixin.py:188} INFO - [2026-06-18T17:13:46.119+0000] {dag.py:3823} INFO - Setting next_dagrun for example_branch_datetime_operator_2 to 2026-06-17 00:00:00+00:00, run_after=2026-06-18 00:00:00+00:00
[2026-06-18T17:13:46.126+0000] {logging_mixin.py:188} INFO - [2026-06-18T17:13:46.126+0000] {dag.py:3823} INFO - Setting next_dagrun for example_branch_datetime_operator_3 to 2026-06-17 00:00:00+00:00, run_after=2026-06-18 00:00:00+00:00
[2026-06-18T17:13:46.390+0000] {processor.py:183} INFO - Processing /home/airflow/.local/lib/python3.8/site-packages/airflow/example_dags/example_branch_datetime_operator.py took 0.451 seconds
[2026-06-18T17:14:16.810+0000] {processor.py:161} INFO - Started process (PID=3191) to work on /home/airflow/.local/lib/python3.8/site-packages/airflow/example_dags/example_branch_datetime_operator.py
[2026-06-18T17:14:16.813+0000] {processor.py:830} INFO - Processing file /home/airflow/.local/lib/python3.8/site-packages/airflow/example_dags/example_branch_datetime_operator.py for tasks to queue
[2026-06-18T17:14:16.816+0000] {logging_mixin.py:188} INFO - [2026-06-18T17:14:16.816+0000] {dagbag.py:538} INFO - Filling up the DagBag from /home/airflow/.local/lib/python3.8/site-packages/airflow/example_dags/example_branch_datetime_operator.py
[2026-06-18T17:14:16.839+0000] {processor.py:840} INFO - DAG(s) 'example_branch_datetime_operator_2', 'example_branch_datetime_operator', 'example_branch_datetime_operator_3' retrieved from /home/airflow/.local/lib/python3.8/site-packages/airflow/example_dags/example_branch_datetime_operator.py
[2026-06-18T17:14:16.903+0000] {logging_mixin.py:188} INFO - [2026-06-18T17:14:16.902+0000] {dag.py:3036} INFO - Sync 3 DAGs
[2026-06-18T17:14:16.955+0000] {logging_mixin.py:188} INFO - [2026-06-18T17:14:16.954+0000] {dag.py:3823} INFO - Setting next_dagrun for example_branch_datetime_operator to 2026-06-17 00:00:00+00:00, run_after=2026-06-18 00:00:00+00:00
[2026-06-18T17:14:16.966+0000] {logging_mixin.py:188} INFO - [2026-06-18T17:14:16.965+0000] {dag.py:3823} INFO - Setting next_dagrun for example_branch_datetime_operator_2 to 2026-06-17 00:00:00+00:00, run_after=2026-06-18 00:00:00+00:00
[2026-06-18T17:14:16.972+0000] {logging_mixin.py:188} INFO - [2026-06-18T17:14:16.972+0000] {dag.py:3823} INFO - Setting next_dagrun for example_branch_datetime_operator_3 to 2026-06-17 00:00:00+00:00, run_after=2026-06-18 00:00:00+00:00
[2026-06-18T17:14:17.008+0000] {processor.py:183} INFO - Processing /home/airflow/.local/lib/python3.8/site-packages/airflow/example_dags/example_branch_datetime_operator.py took 0.204 seconds
[2026-06-18T17:14:47.134+0000] {processor.py:161} INFO - Started process (PID=3257) to work on /home/airflow/.local/lib/python3.8/site-packages/airflow/example_dags/example_branch_datetime_operator.py
[2026-06-18T17:14:47.136+0000] {processor.py:830} INFO - Processing file /home/airflow/.local/lib/python3.8/site-packages/airflow/example_dags/example_branch_datetime_operator.py for tasks to queue
[2026-06-18T17:14:47.139+0000] {logging_mixin.py:188} INFO - [2026-06-18T17:14:47.138+0000] {dagbag.py:538} INFO - Filling up the DagBag from /home/airflow/.local/lib/python3.8/site-packages/airflow/example_dags/example_branch_datetime_operator.py
[2026-06-18T17:14:47.166+0000] {processor.py:840} INFO - DAG(s) 'example_branch_datetime_operator', 'example_branch_datetime_operator_3', 'example_branch_datetime_operator_2' retrieved from /home/airflow/.local/lib/python3.8/site-packages/airflow/example_dags/example_branch_datetime_operator.py
[2026-06-18T17:14:47.226+0000] {logging_mixin.py:188} INFO - [2026-06-18T17:14:47.226+0000] {dag.py:3036} INFO - Sync 3 DAGs
[2026-06-18T17:14:47.277+0000] {logging_mixin.py:188} INFO - [2026-06-18T17:14:47.277+0000] {dag.py:3823} INFO - Setting next_dagrun for example_branch_datetime_operator to 2026-06-17 00:00:00+00:00, run_after=2026-06-18 00:00:00+00:00
[2026-06-18T17:14:47.289+0000] {logging_mixin.py:188} INFO - [2026-06-18T17:14:47.289+0000] {dag.py:3823} INFO - Setting next_dagrun for example_branch_datetime_operator_2 to 2026-06-17 00:00:00+00:00, run_after=2026-06-18 00:00:00+00:00
[2026-06-18T17:14:47.295+0000] {logging_mixin.py:188} INFO - [2026-06-18T17:14:47.295+0000] {dag.py:3823} INFO - Setting next_dagrun for example_branch_datetime_operator_3 to 2026-06-17 00:00:00+00:00, run_after=2026-06-18 00:00:00+00:00
[2026-06-18T17:14:47.333+0000] {processor.py:183} INFO - Processing /home/airflow/.local/lib/python3.8/site-packages/airflow/example_dags/example_branch_datetime_operator.py took 0.204 seconds
[2026-06-18T17:15:18.217+0000] {processor.py:161} INFO - Started process (PID=3329) to work on /home/airflow/.local/lib/python3.8/site-packages/airflow/example_dags/example_branch_datetime_operator.py
[2026-06-18T17:15:18.219+0000] {processor.py:830} INFO - Processing file /home/airflow/.local/lib/python3.8/site-packages/airflow/example_dags/example_branch_datetime_operator.py for tasks to queue
[2026-06-18T17:15:18.222+0000] {logging_mixin.py:188} INFO - [2026-06-18T17:15:18.221+0000] {dagbag.py:538} INFO - Filling up the DagBag from /home/airflow/.local/lib/python3.8/site-packages/airflow/example_dags/example_branch_datetime_operator.py
[2026-06-18T17:15:18.240+0000] {processor.py:840} INFO - DAG(s) 'example_branch_datetime_operator_2', 'example_branch_datetime_operator_3', 'example_branch_datetime_operator' retrieved from /home/airflow/.local/lib/python3.8/site-packages/airflow/example_dags/example_branch_datetime_operator.py
[2026-06-18T17:15:18.292+0000] {logging_mixin.py:188} INFO - [2026-06-18T17:15:18.291+0000] {dag.py:3036} INFO - Sync 3 DAGs
[2026-06-18T17:15:18.334+0000] {logging_mixin.py:188} INFO - [2026-06-18T17:15:18.333+0000] {dag.py:3823} INFO - Setting next_dagrun for example_branch_datetime_operator to 2026-06-17 00:00:00+00:00, run_after=2026-06-18 00:00:00+00:00
[2026-06-18T17:15:18.343+0000] {logging_mixin.py:188} INFO - [2026-06-18T17:15:18.342+0000] {dag.py:3823} INFO - Setting next_dagrun for example_branch_datetime_operator_2 to 2026-06-17 00:00:00+00:00, run_after=2026-06-18 00:00:00+00:00
[2026-06-18T17:15:18.349+0000] {logging_mixin.py:188} INFO - [2026-06-18T17:15:18.348+0000] {dag.py:3823} INFO - Setting next_dagrun for example_branch_datetime_operator_3 to 2026-06-17 00:00:00+00:00, run_after=2026-06-18 00:00:00+00:00
[2026-06-18T17:15:18.378+0000] {processor.py:183} INFO - Processing /home/airflow/.local/lib/python3.8/site-packages/airflow/example_dags/example_branch_datetime_operator.py took 0.167 seconds
[2026-06-18T17:15:48.437+0000] {processor.py:161} INFO - Started process (PID=3394) to work on /home/airflow/.local/lib/python3.8/site-packages/airflow/example_dags/example_branch_datetime_operator.py
[2026-06-18T17:15:48.439+0000] {processor.py:830} INFO - Processing file /home/airflow/.local/lib/python3.8/site-packages/airflow/example_dags/example_branch_datetime_operator.py for tasks to queue
[2026-06-18T17:15:48.442+0000] {logging_mixin.py:188} INFO - [2026-06-18T17:15:48.441+0000] {dagbag.py:538} INFO - Filling up the DagBag from /home/airflow/.local/lib/python3.8/site-packages/airflow/example_dags/example_branch_datetime_operator.py
[2026-06-18T17:15:48.460+0000] {processor.py:840} INFO - DAG(s) 'example_branch_datetime_operator', 'example_branch_datetime_operator_3', 'example_branch_datetime_operator_2' retrieved from /home/airflow/.local/lib/python3.8/site-packages/airflow/example_dags/example_branch_datetime_operator.py
[2026-06-18T17:15:48.509+0000] {logging_mixin.py:188} INFO - [2026-06-18T17:15:48.509+0000] {dag.py:3036} INFO - Sync 3 DAGs
[2026-06-18T17:15:48.548+0000] {logging_mixin.py:188} INFO - [2026-06-18T17:15:48.548+0000] {dag.py:3823} INFO - Setting next_dagrun for example_branch_datetime_operator to 2026-06-17 00:00:00+00:00, run_after=2026-06-18 00:00:00+00:00
[2026-06-18T17:15:48.557+0000] {logging_mixin.py:188} INFO - [2026-06-18T17:15:48.556+0000] {dag.py:3823} INFO - Setting next_dagrun for example_branch_datetime_operator_2 to 2026-06-17 00:00:00+00:00, run_after=2026-06-18 00:00:00+00:00
[2026-06-18T17:15:48.562+0000] {logging_mixin.py:188} INFO - [2026-06-18T17:15:48.561+0000] {dag.py:3823} INFO - Setting next_dagrun for example_branch_datetime_operator_3 to 2026-06-17 00:00:00+00:00, run_after=2026-06-18 00:00:00+00:00
[2026-06-18T17:15:48.586+0000] {processor.py:183} INFO - Processing /home/airflow/.local/lib/python3.8/site-packages/airflow/example_dags/example_branch_datetime_operator.py took 0.154 seconds
[2026-06-18T17:16:18.767+0000] {processor.py:161} INFO - Started process (PID=3460) to work on /home/airflow/.local/lib/python3.8/site-packages/airflow/example_dags/example_branch_datetime_operator.py
[2026-06-18T17:16:18.769+0000] {processor.py:830} INFO - Processing file /home/airflow/.local/lib/python3.8/site-packages/airflow/example_dags/example_branch_datetime_operator.py for tasks to queue
[2026-06-18T17:16:18.773+0000] {logging_mixin.py:188} INFO - [2026-06-18T17:16:18.773+0000] {dagbag.py:538} INFO - Filling up the DagBag from /home/airflow/.local/lib/python3.8/site-packages/airflow/example_dags/example_branch_datetime_operator.py
[2026-06-18T17:16:18.794+0000] {processor.py:840} INFO - DAG(s) 'example_branch_datetime_operator_2', 'example_branch_datetime_operator', 'example_branch_datetime_operator_3' retrieved from /home/airflow/.local/lib/python3.8/site-packages/airflow/example_dags/example_branch_datetime_operator.py
[2026-06-18T17:16:18.851+0000] {logging_mixin.py:188} INFO - [2026-06-18T17:16:18.850+0000] {dag.py:3036} INFO - Sync 3 DAGs
[2026-06-18T17:16:18.901+0000] {logging_mixin.py:188} INFO - [2026-06-18T17:16:18.900+0000] {dag.py:3823} INFO - Setting next_dagrun for example_branch_datetime_operator to 2026-06-17 00:00:00+00:00, run_after=2026-06-18 00:00:00+00:00
[2026-06-18T17:16:18.913+0000] {logging_mixin.py:188} INFO - [2026-06-18T17:16:18.913+0000] {dag.py:3823} INFO - Setting next_dagrun for example_branch_datetime_operator_2 to 2026-06-17 00:00:00+00:00, run_after=2026-06-18 00:00:00+00:00
[2026-06-18T17:16:18.919+0000] {logging_mixin.py:188} INFO - [2026-06-18T17:16:18.919+0000] {dag.py:3823} INFO - Setting next_dagrun for example_branch_datetime_operator_3 to 2026-06-17 00:00:00+00:00, run_after=2026-06-18 00:00:00+00:00
[2026-06-18T17:16:18.949+0000] {processor.py:183} INFO - Processing /home/airflow/.local/lib/python3.8/site-packages/airflow/example_dags/example_branch_datetime_operator.py took 0.190 seconds
[2026-06-18T17:16:49.163+0000] {processor.py:161} INFO - Started process (PID=3526) to work on /home/airflow/.local/lib/python3.8/site-packages/airflow/example_dags/example_branch_datetime_operator.py
[2026-06-18T17:16:49.165+0000] {processor.py:830} INFO - Processing file /home/airflow/.local/lib/python3.8/site-packages/airflow/example_dags/example_branch_datetime_operator.py for tasks to queue
[2026-06-18T17:16:49.171+0000] {logging_mixin.py:188} INFO - [2026-06-18T17:16:49.170+0000] {dagbag.py:538} INFO - Filling up the DagBag from /home/airflow/.local/lib/python3.8/site-packages/airflow/example_dags/example_branch_datetime_operator.py
[2026-06-18T17:16:49.196+0000] {processor.py:840} INFO - DAG(s) 'example_branch_datetime_operator_2', 'example_branch_datetime_operator', 'example_branch_datetime_operator_3' retrieved from /home/airflow/.local/lib/python3.8/site-packages/airflow/example_dags/example_branch_datetime_operator.py
[2026-06-18T17:16:49.271+0000] {logging_mixin.py:188} INFO - [2026-06-18T17:16:49.270+0000] {dag.py:3036} INFO - Sync 3 DAGs
[2026-06-18T17:16:49.327+0000] {logging_mixin.py:188} INFO - [2026-06-18T17:16:49.327+0000] {dag.py:3823} INFO - Setting next_dagrun for example_branch_datetime_operator to 2026-06-17 00:00:00+00:00, run_after=2026-06-18 00:00:00+00:00
[2026-06-18T17:16:49.337+0000] {logging_mixin.py:188} INFO - [2026-06-18T17:16:49.337+0000] {dag.py:3823} INFO - Setting next_dagrun for example_branch_datetime_operator_2 to 2026-06-17 00:00:00+00:00, run_after=2026-06-18 00:00:00+00:00
[2026-06-18T17:16:49.343+0000] {logging_mixin.py:188} INFO - [2026-06-18T17:16:49.343+0000] {dag.py:3823} INFO - Setting next_dagrun for example_branch_datetime_operator_3 to 2026-06-17 00:00:00+00:00, run_after=2026-06-18 00:00:00+00:00
[2026-06-18T17:16:49.376+0000] {processor.py:183} INFO - Processing /home/airflow/.local/lib/python3.8/site-packages/airflow/example_dags/example_branch_datetime_operator.py took 0.221 seconds
[2026-06-18T17:17:19.510+0000] {processor.py:161} INFO - Started process (PID=3593) to work on /home/airflow/.local/lib/python3.8/site-packages/airflow/example_dags/example_branch_datetime_operator.py
[2026-06-18T17:17:19.512+0000] {processor.py:830} INFO - Processing file /home/airflow/.local/lib/python3.8/site-packages/airflow/example_dags/example_branch_datetime_operator.py for tasks to queue
[2026-06-18T17:17:19.516+0000] {logging_mixin.py:188} INFO - [2026-06-18T17:17:19.515+0000] {dagbag.py:538} INFO - Filling up the DagBag from /home/airflow/.local/lib/python3.8/site-packages/airflow/example_dags/example_branch_datetime_operator.py
[2026-06-18T17:17:19.533+0000] {processor.py:840} INFO - DAG(s) 'example_branch_datetime_operator', 'example_branch_datetime_operator_2', 'example_branch_datetime_operator_3' retrieved from /home/airflow/.local/lib/python3.8/site-packages/airflow/example_dags/example_branch_datetime_operator.py
[2026-06-18T17:17:19.579+0000] {logging_mixin.py:188} INFO - [2026-06-18T17:17:19.579+0000] {dag.py:3036} INFO - Sync 3 DAGs
[2026-06-18T17:17:19.616+0000] {logging_mixin.py:188} INFO - [2026-06-18T17:17:19.616+0000] {dag.py:3823} INFO - Setting next_dagrun for example_branch_datetime_operator to 2026-06-17 00:00:00+00:00, run_after=2026-06-18 00:00:00+00:00
[2026-06-18T17:17:19.624+0000] {logging_mixin.py:188} INFO - [2026-06-18T17:17:19.624+0000] {dag.py:3823} INFO - Setting next_dagrun for example_branch_datetime_operator_2 to 2026-06-17 00:00:00+00:00, run_after=2026-06-18 00:00:00+00:00
[2026-06-18T17:17:19.629+0000] {logging_mixin.py:188} INFO - [2026-06-18T17:17:19.629+0000] {dag.py:3823} INFO - Setting next_dagrun for example_branch_datetime_operator_3 to 2026-06-17 00:00:00+00:00, run_after=2026-06-18 00:00:00+00:00
[2026-06-18T17:17:19.654+0000] {processor.py:183} INFO - Processing /home/airflow/.local/lib/python3.8/site-packages/airflow/example_dags/example_branch_datetime_operator.py took 0.149 seconds
[2026-06-18T17:17:49.849+0000] {processor.py:161} INFO - Started process (PID=3659) to work on /home/airflow/.local/lib/python3.8/site-packages/airflow/example_dags/example_branch_datetime_operator.py
[2026-06-18T17:17:49.850+0000] {processor.py:830} INFO - Processing file /home/airflow/.local/lib/python3.8/site-packages/airflow/example_dags/example_branch_datetime_operator.py for tasks to queue
[2026-06-18T17:17:49.853+0000] {logging_mixin.py:188} INFO - [2026-06-18T17:17:49.853+0000] {dagbag.py:538} INFO - Filling up the DagBag from /home/airflow/.local/lib/python3.8/site-packages/airflow/example_dags/example_branch_datetime_operator.py
[2026-06-18T17:17:49.875+0000] {processor.py:840} INFO - DAG(s) 'example_branch_datetime_operator', 'example_branch_datetime_operator_3', 'example_branch_datetime_operator_2' retrieved from /home/airflow/.local/lib/python3.8/site-packages/airflow/example_dags/example_branch_datetime_operator.py
[2026-06-18T17:17:49.938+0000] {logging_mixin.py:188} INFO - [2026-06-18T17:17:49.938+0000] {dag.py:3036} INFO - Sync 3 DAGs
[2026-06-18T17:17:49.987+0000] {logging_mixin.py:188} INFO - [2026-06-18T17:17:49.987+0000] {dag.py:3823} INFO - Setting next_dagrun for example_branch_datetime_operator to 2026-06-17 00:00:00+00:00, run_after=2026-06-18 00:00:00+00:00
[2026-06-18T17:17:49.998+0000] {logging_mixin.py:188} INFO - [2026-06-18T17:17:49.997+0000] {dag.py:3823} INFO - Setting next_dagrun for example_branch_datetime_operator_2 to 2026-06-17 00:00:00+00:00, run_after=2026-06-18 00:00:00+00:00
[2026-06-18T17:17:50.004+0000] {logging_mixin.py:188} INFO - [2026-06-18T17:17:50.004+0000] {dag.py:3823} INFO - Setting next_dagrun for example_branch_datetime_operator_3 to 2026-06-17 00:00:00+00:00, run_after=2026-06-18 00:00:00+00:00
[2026-06-18T17:17:50.040+0000] {processor.py:183} INFO - Processing /home/airflow/.local/lib/python3.8/site-packages/airflow/example_dags/example_branch_datetime_operator.py took 0.196 seconds
[2026-06-18T17:18:20.595+0000] {processor.py:161} INFO - Started process (PID=3726) to work on /home/airflow/.local/lib/python3.8/site-packages/airflow/example_dags/example_branch_datetime_operator.py
[2026-06-18T17:18:20.597+0000] {processor.py:830} INFO - Processing file /home/airflow/.local/lib/python3.8/site-packages/airflow/example_dags/example_branch_datetime_operator.py for tasks to queue
[2026-06-18T17:18:20.600+0000] {logging_mixin.py:188} INFO - [2026-06-18T17:18:20.599+0000] {dagbag.py:538} INFO - Filling up the DagBag from /home/airflow/.local/lib/python3.8/site-packages/airflow/example_dags/example_branch_datetime_operator.py
[2026-06-18T17:18:20.618+0000] {processor.py:840} INFO - DAG(s) 'example_branch_datetime_operator_2', 'example_branch_datetime_operator_3', 'example_branch_datetime_operator' retrieved from /home/airflow/.local/lib/python3.8/site-packages/airflow/example_dags/example_branch_datetime_operator.py
[2026-06-18T17:18:20.682+0000] {logging_mixin.py:188} INFO - [2026-06-18T17:18:20.682+0000] {dag.py:3036} INFO - Sync 3 DAGs
[2026-06-18T17:18:20.726+0000] {logging_mixin.py:188} INFO - [2026-06-18T17:18:20.725+0000] {dag.py:3823} INFO - Setting next_dagrun for example_branch_datetime_operator to 2026-06-17 00:00:00+00:00, run_after=2026-06-18 00:00:00+00:00
[2026-06-18T17:18:20.734+0000] {logging_mixin.py:188} INFO - [2026-06-18T17:18:20.733+0000] {dag.py:3823} INFO - Setting next_dagrun for example_branch_datetime_operator_2 to 2026-06-17 00:00:00+00:00, run_after=2026-06-18 00:00:00+00:00
[2026-06-18T17:18:20.739+0000] {logging_mixin.py:188} INFO - [2026-06-18T17:18:20.739+0000] {dag.py:3823} INFO - Setting next_dagrun for example_branch_datetime_operator_3 to 2026-06-17 00:00:00+00:00, run_after=2026-06-18 00:00:00+00:00
[2026-06-18T17:18:20.769+0000] {processor.py:183} INFO - Processing /home/airflow/.local/lib/python3.8/site-packages/airflow/example_dags/example_branch_datetime_operator.py took 0.179 seconds
[2026-06-18T17:18:51.107+0000] {processor.py:161} INFO - Started process (PID=3792) to work on /home/airflow/.local/lib/python3.8/site-packages/airflow/example_dags/example_branch_datetime_operator.py
[2026-06-18T17:18:51.115+0000] {processor.py:830} INFO - Processing file /home/airflow/.local/lib/python3.8/site-packages/airflow/example_dags/example_branch_datetime_operator.py for tasks to queue
[2026-06-18T17:18:51.118+0000] {logging_mixin.py:188} INFO - [2026-06-18T17:18:51.117+0000] {dagbag.py:538} INFO - Filling up the DagBag from /home/airflow/.local/lib/python3.8/site-packages/airflow/example_dags/example_branch_datetime_operator.py
[2026-06-18T17:18:51.139+0000] {processor.py:840} INFO - DAG(s) 'example_branch_datetime_operator', 'example_branch_datetime_operator_2', 'example_branch_datetime_operator_3' retrieved from /home/airflow/.local/lib/python3.8/site-packages/airflow/example_dags/example_branch_datetime_operator.py
[2026-06-18T17:18:51.231+0000] {logging_mixin.py:188} INFO - [2026-06-18T17:18:51.231+0000] {dag.py:3036} INFO - Sync 3 DAGs
[2026-06-18T17:18:51.289+0000] {logging_mixin.py:188} INFO - [2026-06-18T17:18:51.289+0000] {dag.py:3823} INFO - Setting next_dagrun for example_branch_datetime_operator to 2026-06-17 00:00:00+00:00, run_after=2026-06-18 00:00:00+00:00
[2026-06-18T17:18:51.300+0000] {logging_mixin.py:188} INFO - [2026-06-18T17:18:51.300+0000] {dag.py:3823} INFO - Setting next_dagrun for example_branch_datetime_operator_2 to 2026-06-17 00:00:00+00:00, run_after=2026-06-18 00:00:00+00:00
[2026-06-18T17:18:51.306+0000] {logging_mixin.py:188} INFO - [2026-06-18T17:18:51.306+0000] {dag.py:3823} INFO - Setting next_dagrun for example_branch_datetime_operator_3 to 2026-06-17 00:00:00+00:00, run_after=2026-06-18 00:00:00+00:00
[2026-06-18T17:18:51.331+0000] {processor.py:183} INFO - Processing /home/airflow/.local/lib/python3.8/site-packages/airflow/example_dags/example_branch_datetime_operator.py took 0.234 seconds
[2026-06-18T17:19:21.471+0000] {processor.py:161} INFO - Started process (PID=3858) to work on /home/airflow/.local/lib/python3.8/site-packages/airflow/example_dags/example_branch_datetime_operator.py
[2026-06-18T17:19:21.473+0000] {processor.py:830} INFO - Processing file /home/airflow/.local/lib/python3.8/site-packages/airflow/example_dags/example_branch_datetime_operator.py for tasks to queue
[2026-06-18T17:19:21.476+0000] {logging_mixin.py:188} INFO - [2026-06-18T17:19:21.475+0000] {dagbag.py:538} INFO - Filling up the DagBag from /home/airflow/.local/lib/python3.8/site-packages/airflow/example_dags/example_branch_datetime_operator.py
[2026-06-18T17:19:21.500+0000] {processor.py:840} INFO - DAG(s) 'example_branch_datetime_operator_3', 'example_branch_datetime_operator_2', 'example_branch_datetime_operator' retrieved from /home/airflow/.local/lib/python3.8/site-packages/airflow/example_dags/example_branch_datetime_operator.py
[2026-06-18T17:19:21.559+0000] {logging_mixin.py:188} INFO - [2026-06-18T17:19:21.558+0000] {dag.py:3036} INFO - Sync 3 DAGs
[2026-06-18T17:19:21.602+0000] {logging_mixin.py:188} INFO - [2026-06-18T17:19:21.602+0000] {dag.py:3823} INFO - Setting next_dagrun for example_branch_datetime_operator to 2026-06-17 00:00:00+00:00, run_after=2026-06-18 00:00:00+00:00
[2026-06-18T17:19:21.610+0000] {logging_mixin.py:188} INFO - [2026-06-18T17:19:21.610+0000] {dag.py:3823} INFO - Setting next_dagrun for example_branch_datetime_operator_2 to 2026-06-17 00:00:00+00:00, run_after=2026-06-18 00:00:00+00:00
[2026-06-18T17:19:21.615+0000] {logging_mixin.py:188} INFO - [2026-06-18T17:19:21.615+0000] {dag.py:3823} INFO - Setting next_dagrun for example_branch_datetime_operator_3 to 2026-06-17 00:00:00+00:00, run_after=2026-06-18 00:00:00+00:00
[2026-06-18T17:19:21.644+0000] {processor.py:183} INFO - Processing /home/airflow/.local/lib/python3.8/site-packages/airflow/example_dags/example_branch_datetime_operator.py took 0.180 seconds
[2026-06-18T17:19:51.780+0000] {processor.py:161} INFO - Started process (PID=3927) to work on /home/airflow/.local/lib/python3.8/site-packages/airflow/example_dags/example_branch_datetime_operator.py
[2026-06-18T17:19:51.782+0000] {processor.py:830} INFO - Processing file /home/airflow/.local/lib/python3.8/site-packages/airflow/example_dags/example_branch_datetime_operator.py for tasks to queue
[2026-06-18T17:19:51.785+0000] {logging_mixin.py:188} INFO - [2026-06-18T17:19:51.785+0000] {dagbag.py:538} INFO - Filling up the DagBag from /home/airflow/.local/lib/python3.8/site-packages/airflow/example_dags/example_branch_datetime_operator.py
[2026-06-18T17:19:51.807+0000] {processor.py:840} INFO - DAG(s) 'example_branch_datetime_operator_2', 'example_branch_datetime_operator_3', 'example_branch_datetime_operator' retrieved from /home/airflow/.local/lib/python3.8/site-packages/airflow/example_dags/example_branch_datetime_operator.py
[2026-06-18T17:19:51.870+0000] {logging_mixin.py:188} INFO - [2026-06-18T17:19:51.869+0000] {dag.py:3036} INFO - Sync 3 DAGs
[2026-06-18T17:19:51.919+0000] {logging_mixin.py:188} INFO - [2026-06-18T17:19:51.919+0000] {dag.py:3823} INFO - Setting next_dagrun for example_branch_datetime_operator to 2026-06-17 00:00:00+00:00, run_after=2026-06-18 00:00:00+00:00
[2026-06-18T17:19:51.928+0000] {logging_mixin.py:188} INFO - [2026-06-18T17:19:51.928+0000] {dag.py:3823} INFO - Setting next_dagrun for example_branch_datetime_operator_2 to 2026-06-17 00:00:00+00:00, run_after=2026-06-18 00:00:00+00:00
[2026-06-18T17:19:51.934+0000] {logging_mixin.py:188} INFO - [2026-06-18T17:19:51.934+0000] {dag.py:3823} INFO - Setting next_dagrun for example_branch_datetime_operator_3 to 2026-06-17 00:00:00+00:00, run_after=2026-06-18 00:00:00+00:00
[2026-06-18T17:19:51.967+0000] {processor.py:183} INFO - Processing /home/airflow/.local/lib/python3.8/site-packages/airflow/example_dags/example_branch_datetime_operator.py took 0.192 seconds
[2026-06-18T17:20:22.253+0000] {processor.py:161} INFO - Started process (PID=3993) to work on /home/airflow/.local/lib/python3.8/site-packages/airflow/example_dags/example_branch_datetime_operator.py
[2026-06-18T17:20:22.254+0000] {processor.py:830} INFO - Processing file /home/airflow/.local/lib/python3.8/site-packages/airflow/example_dags/example_branch_datetime_operator.py for tasks to queue
[2026-06-18T17:20:22.257+0000] {logging_mixin.py:188} INFO - [2026-06-18T17:20:22.257+0000] {dagbag.py:538} INFO - Filling up the DagBag from /home/airflow/.local/lib/python3.8/site-packages/airflow/example_dags/example_branch_datetime_operator.py
[2026-06-18T17:20:22.277+0000] {processor.py:840} INFO - DAG(s) 'example_branch_datetime_operator_3', 'example_branch_datetime_operator_2', 'example_branch_datetime_operator' retrieved from /home/airflow/.local/lib/python3.8/site-packages/airflow/example_dags/example_branch_datetime_operator.py
[2026-06-18T17:20:22.335+0000] {logging_mixin.py:188} INFO - [2026-06-18T17:20:22.335+0000] {dag.py:3036} INFO - Sync 3 DAGs
[2026-06-18T17:20:22.380+0000] {logging_mixin.py:188} INFO - [2026-06-18T17:20:22.380+0000] {dag.py:3823} INFO - Setting next_dagrun for example_branch_datetime_operator to 2026-06-17 00:00:00+00:00, run_after=2026-06-18 00:00:00+00:00
[2026-06-18T17:20:22.388+0000] {logging_mixin.py:188} INFO - [2026-06-18T17:20:22.388+0000] {dag.py:3823} INFO - Setting next_dagrun for example_branch_datetime_operator_2 to 2026-06-17 00:00:00+00:00, run_after=2026-06-18 00:00:00+00:00
[2026-06-18T17:20:22.393+0000] {logging_mixin.py:188} INFO - [2026-06-18T17:20:22.393+0000] {dag.py:3823} INFO - Setting next_dagrun for example_branch_datetime_operator_3 to 2026-06-17 00:00:00+00:00, run_after=2026-06-18 00:00:00+00:00
[2026-06-18T17:20:22.419+0000] {processor.py:183} INFO - Processing /home/airflow/.local/lib/python3.8/site-packages/airflow/example_dags/example_branch_datetime_operator.py took 0.171 seconds
[2026-06-18T17:20:52.520+0000] {processor.py:161} INFO - Started process (PID=4060) to work on /home/airflow/.local/lib/python3.8/site-packages/airflow/example_dags/example_branch_datetime_operator.py
[2026-06-18T17:20:52.522+0000] {processor.py:830} INFO - Processing file /home/airflow/.local/lib/python3.8/site-packages/airflow/example_dags/example_branch_datetime_operator.py for tasks to queue
[2026-06-18T17:20:52.525+0000] {logging_mixin.py:188} INFO - [2026-06-18T17:20:52.525+0000] {dagbag.py:538} INFO - Filling up the DagBag from /home/airflow/.local/lib/python3.8/site-packages/airflow/example_dags/example_branch_datetime_operator.py
[2026-06-18T17:20:52.548+0000] {processor.py:840} INFO - DAG(s) 'example_branch_datetime_operator_2', 'example_branch_datetime_operator', 'example_branch_datetime_operator_3' retrieved from /home/airflow/.local/lib/python3.8/site-packages/airflow/example_dags/example_branch_datetime_operator.py
[2026-06-18T17:20:52.608+0000] {logging_mixin.py:188} INFO - [2026-06-18T17:20:52.608+0000] {dag.py:3036} INFO - Sync 3 DAGs
[2026-06-18T17:20:52.655+0000] {logging_mixin.py:188} INFO - [2026-06-18T17:20:52.654+0000] {dag.py:3823} INFO - Setting next_dagrun for example_branch_datetime_operator to 2026-06-17 00:00:00+00:00, run_after=2026-06-18 00:00:00+00:00
[2026-06-18T17:20:52.665+0000] {logging_mixin.py:188} INFO - [2026-06-18T17:20:52.665+0000] {dag.py:3823} INFO - Setting next_dagrun for example_branch_datetime_operator_2 to 2026-06-17 00:00:00+00:00, run_after=2026-06-18 00:00:00+00:00
[2026-06-18T17:20:52.671+0000] {logging_mixin.py:188} INFO - [2026-06-18T17:20:52.671+0000] {dag.py:3823} INFO - Setting next_dagrun for example_branch_datetime_operator_3 to 2026-06-17 00:00:00+00:00, run_after=2026-06-18 00:00:00+00:00
[2026-06-18T17:20:52.705+0000] {processor.py:183} INFO - Processing /home/airflow/.local/lib/python3.8/site-packages/airflow/example_dags/example_branch_datetime_operator.py took 0.190 seconds
[2026-06-18T17:21:23.219+0000] {processor.py:161} INFO - Started process (PID=4133) to work on /home/airflow/.local/lib/python3.8/site-packages/airflow/example_dags/example_branch_datetime_operator.py
[2026-06-18T17:21:23.221+0000] {processor.py:830} INFO - Processing file /home/airflow/.local/lib/python3.8/site-packages/airflow/example_dags/example_branch_datetime_operator.py for tasks to queue
[2026-06-18T17:21:23.224+0000] {logging_mixin.py:188} INFO - [2026-06-18T17:21:23.223+0000] {dagbag.py:538} INFO - Filling up the DagBag from /home/airflow/.local/lib/python3.8/site-packages/airflow/example_dags/example_branch_datetime_operator.py
[2026-06-18T17:21:23.244+0000] {processor.py:840} INFO - DAG(s) 'example_branch_datetime_operator', 'example_branch_datetime_operator_3', 'example_branch_datetime_operator_2' retrieved from /home/airflow/.local/lib/python3.8/site-packages/airflow/example_dags/example_branch_datetime_operator.py
[2026-06-18T17:21:23.299+0000] {logging_mixin.py:188} INFO - [2026-06-18T17:21:23.299+0000] {dag.py:3036} INFO - Sync 3 DAGs
[2026-06-18T17:21:23.346+0000] {logging_mixin.py:188} INFO - [2026-06-18T17:21:23.345+0000] {dag.py:3823} INFO - Setting next_dagrun for example_branch_datetime_operator to 2026-06-17 00:00:00+00:00, run_after=2026-06-18 00:00:00+00:00
[2026-06-18T17:21:23.356+0000] {logging_mixin.py:188} INFO - [2026-06-18T17:21:23.356+0000] {dag.py:3823} INFO - Setting next_dagrun for example_branch_datetime_operator_2 to 2026-06-17 00:00:00+00:00, run_after=2026-06-18 00:00:00+00:00
[2026-06-18T17:21:23.362+0000] {logging_mixin.py:188} INFO - [2026-06-18T17:21:23.362+0000] {dag.py:3823} INFO - Setting next_dagrun for example_branch_datetime_operator_3 to 2026-06-17 00:00:00+00:00, run_after=2026-06-18 00:00:00+00:00
[2026-06-18T17:21:23.396+0000] {processor.py:183} INFO - Processing /home/airflow/.local/lib/python3.8/site-packages/airflow/example_dags/example_branch_datetime_operator.py took 0.183 seconds
[2026-06-18T17:21:53.734+0000] {processor.py:161} INFO - Started process (PID=4200) to work on /home/airflow/.local/lib/python3.8/site-packages/airflow/example_dags/example_branch_datetime_operator.py
[2026-06-18T17:21:53.736+0000] {processor.py:830} INFO - Processing file /home/airflow/.local/lib/python3.8/site-packages/airflow/example_dags/example_branch_datetime_operator.py for tasks to queue
[2026-06-18T17:21:53.739+0000] {logging_mixin.py:188} INFO - [2026-06-18T17:21:53.738+0000] {dagbag.py:538} INFO - Filling up the DagBag from /home/airflow/.local/lib/python3.8/site-packages/airflow/example_dags/example_branch_datetime_operator.py
[2026-06-18T17:21:53.757+0000] {processor.py:840} INFO - DAG(s) 'example_branch_datetime_operator_2', 'example_branch_datetime_operator', 'example_branch_datetime_operator_3' retrieved from /home/airflow/.local/lib/python3.8/site-packages/airflow/example_dags/example_branch_datetime_operator.py
[2026-06-18T17:21:53.814+0000] {logging_mixin.py:188} INFO - [2026-06-18T17:21:53.813+0000] {dag.py:3036} INFO - Sync 3 DAGs
[2026-06-18T17:21:53.862+0000] {logging_mixin.py:188} INFO - [2026-06-18T17:21:53.861+0000] {dag.py:3823} INFO - Setting next_dagrun for example_branch_datetime_operator to 2026-06-17 00:00:00+00:00, run_after=2026-06-18 00:00:00+00:00
[2026-06-18T17:21:53.871+0000] {logging_mixin.py:188} INFO - [2026-06-18T17:21:53.871+0000] {dag.py:3823} INFO - Setting next_dagrun for example_branch_datetime_operator_2 to 2026-06-17 00:00:00+00:00, run_after=2026-06-18 00:00:00+00:00
[2026-06-18T17:21:53.876+0000] {logging_mixin.py:188} INFO - [2026-06-18T17:21:53.876+0000] {dag.py:3823} INFO - Setting next_dagrun for example_branch_datetime_operator_3 to 2026-06-17 00:00:00+00:00, run_after=2026-06-18 00:00:00+00:00
[2026-06-18T17:21:53.908+0000] {processor.py:183} INFO - Processing /home/airflow/.local/lib/python3.8/site-packages/airflow/example_dags/example_branch_datetime_operator.py took 0.180 seconds
[2026-06-18T17:22:24.111+0000] {processor.py:161} INFO - Started process (PID=4266) to work on /home/airflow/.local/lib/python3.8/site-packages/airflow/example_dags/example_branch_datetime_operator.py
[2026-06-18T17:22:24.113+0000] {processor.py:830} INFO - Processing file /home/airflow/.local/lib/python3.8/site-packages/airflow/example_dags/example_branch_datetime_operator.py for tasks to queue
[2026-06-18T17:22:24.116+0000] {logging_mixin.py:188} INFO - [2026-06-18T17:22:24.115+0000] {dagbag.py:538} INFO - Filling up the DagBag from /home/airflow/.local/lib/python3.8/site-packages/airflow/example_dags/example_branch_datetime_operator.py
[2026-06-18T17:22:24.137+0000] {processor.py:840} INFO - DAG(s) 'example_branch_datetime_operator_3', 'example_branch_datetime_operator', 'example_branch_datetime_operator_2' retrieved from /home/airflow/.local/lib/python3.8/site-packages/airflow/example_dags/example_branch_datetime_operator.py
[2026-06-18T17:22:24.198+0000] {logging_mixin.py:188} INFO - [2026-06-18T17:22:24.197+0000] {dag.py:3036} INFO - Sync 3 DAGs
[2026-06-18T17:22:24.247+0000] {logging_mixin.py:188} INFO - [2026-06-18T17:22:24.247+0000] {dag.py:3823} INFO - Setting next_dagrun for example_branch_datetime_operator to 2026-06-17 00:00:00+00:00, run_after=2026-06-18 00:00:00+00:00
[2026-06-18T17:22:24.258+0000] {logging_mixin.py:188} INFO - [2026-06-18T17:22:24.258+0000] {dag.py:3823} INFO - Setting next_dagrun for example_branch_datetime_operator_2 to 2026-06-17 00:00:00+00:00, run_after=2026-06-18 00:00:00+00:00
[2026-06-18T17:22:24.265+0000] {logging_mixin.py:188} INFO - [2026-06-18T17:22:24.265+0000] {dag.py:3823} INFO - Setting next_dagrun for example_branch_datetime_operator_3 to 2026-06-17 00:00:00+00:00, run_after=2026-06-18 00:00:00+00:00
[2026-06-18T17:22:24.297+0000] {processor.py:183} INFO - Processing /home/airflow/.local/lib/python3.8/site-packages/airflow/example_dags/example_branch_datetime_operator.py took 0.192 seconds
[2026-06-18T17:22:54.437+0000] {processor.py:161} INFO - Started process (PID=4333) to work on /home/airflow/.local/lib/python3.8/site-packages/airflow/example_dags/example_branch_datetime_operator.py
[2026-06-18T17:22:54.439+0000] {processor.py:830} INFO - Processing file /home/airflow/.local/lib/python3.8/site-packages/airflow/example_dags/example_branch_datetime_operator.py for tasks to queue
[2026-06-18T17:22:54.442+0000] {logging_mixin.py:188} INFO - [2026-06-18T17:22:54.441+0000] {dagbag.py:538} INFO - Filling up the DagBag from /home/airflow/.local/lib/python3.8/site-packages/airflow/example_dags/example_branch_datetime_operator.py
[2026-06-18T17:22:54.466+0000] {processor.py:840} INFO - DAG(s) 'example_branch_datetime_operator_2', 'example_branch_datetime_operator', 'example_branch_datetime_operator_3' retrieved from /home/airflow/.local/lib/python3.8/site-packages/airflow/example_dags/example_branch_datetime_operator.py
[2026-06-18T17:22:54.524+0000] {logging_mixin.py:188} INFO - [2026-06-18T17:22:54.524+0000] {dag.py:3036} INFO - Sync 3 DAGs
[2026-06-18T17:22:54.577+0000] {logging_mixin.py:188} INFO - [2026-06-18T17:22:54.576+0000] {dag.py:3823} INFO - Setting next_dagrun for example_branch_datetime_operator to 2026-06-17 00:00:00+00:00, run_after=2026-06-18 00:00:00+00:00
[2026-06-18T17:22:54.588+0000] {logging_mixin.py:188} INFO - [2026-06-18T17:22:54.587+0000] {dag.py:3823} INFO - Setting next_dagrun for example_branch_datetime_operator_2 to 2026-06-17 00:00:00+00:00, run_after=2026-06-18 00:00:00+00:00
[2026-06-18T17:22:54.603+0000] {logging_mixin.py:188} INFO - [2026-06-18T17:22:54.603+0000] {dag.py:3823} INFO - Setting next_dagrun for example_branch_datetime_operator_3 to 2026-06-17 00:00:00+00:00, run_after=2026-06-18 00:00:00+00:00
[2026-06-18T17:22:54.649+0000] {processor.py:183} INFO - Processing /home/airflow/.local/lib/python3.8/site-packages/airflow/example_dags/example_branch_datetime_operator.py took 0.220 seconds
[2026-06-18T17:23:25.147+0000] {processor.py:161} INFO - Started process (PID=4398) to work on /home/airflow/.local/lib/python3.8/site-packages/airflow/example_dags/example_branch_datetime_operator.py
[2026-06-18T17:23:25.149+0000] {processor.py:830} INFO - Processing file /home/airflow/.local/lib/python3.8/site-packages/airflow/example_dags/example_branch_datetime_operator.py for tasks to queue
[2026-06-18T17:23:25.152+0000] {logging_mixin.py:188} INFO - [2026-06-18T17:23:25.152+0000] {dagbag.py:538} INFO - Filling up the DagBag from /home/airflow/.local/lib/python3.8/site-packages/airflow/example_dags/example_branch_datetime_operator.py
[2026-06-18T17:23:25.172+0000] {processor.py:840} INFO - DAG(s) 'example_branch_datetime_operator_3', 'example_branch_datetime_operator', 'example_branch_datetime_operator_2' retrieved from /home/airflow/.local/lib/python3.8/site-packages/airflow/example_dags/example_branch_datetime_operator.py
[2026-06-18T17:23:25.229+0000] {logging_mixin.py:188} INFO - [2026-06-18T17:23:25.229+0000] {dag.py:3036} INFO - Sync 3 DAGs
[2026-06-18T17:23:25.286+0000] {logging_mixin.py:188} INFO - [2026-06-18T17:23:25.285+0000] {dag.py:3823} INFO - Setting next_dagrun for example_branch_datetime_operator to 2026-06-17 00:00:00+00:00, run_after=2026-06-18 00:00:00+00:00
[2026-06-18T17:23:25.306+0000] {logging_mixin.py:188} INFO - [2026-06-18T17:23:25.306+0000] {dag.py:3823} INFO - Setting next_dagrun for example_branch_datetime_operator_2 to 2026-06-17 00:00:00+00:00, run_after=2026-06-18 00:00:00+00:00
[2026-06-18T17:23:25.312+0000] {logging_mixin.py:188} INFO - [2026-06-18T17:23:25.312+0000] {dag.py:3823} INFO - Setting next_dagrun for example_branch_datetime_operator_3 to 2026-06-17 00:00:00+00:00, run_after=2026-06-18 00:00:00+00:00
[2026-06-18T17:23:25.349+0000] {processor.py:183} INFO - Processing /home/airflow/.local/lib/python3.8/site-packages/airflow/example_dags/example_branch_datetime_operator.py took 0.207 seconds
[2026-06-18T17:23:55.433+0000] {processor.py:161} INFO - Started process (PID=4463) to work on /home/airflow/.local/lib/python3.8/site-packages/airflow/example_dags/example_branch_datetime_operator.py
[2026-06-18T17:23:55.434+0000] {processor.py:830} INFO - Processing file /home/airflow/.local/lib/python3.8/site-packages/airflow/example_dags/example_branch_datetime_operator.py for tasks to queue
[2026-06-18T17:23:55.437+0000] {logging_mixin.py:188} INFO - [2026-06-18T17:23:55.437+0000] {dagbag.py:538} INFO - Filling up the DagBag from /home/airflow/.local/lib/python3.8/site-packages/airflow/example_dags/example_branch_datetime_operator.py
[2026-06-18T17:23:55.457+0000] {processor.py:840} INFO - DAG(s) 'example_branch_datetime_operator', 'example_branch_datetime_operator_3', 'example_branch_datetime_operator_2' retrieved from /home/airflow/.local/lib/python3.8/site-packages/airflow/example_dags/example_branch_datetime_operator.py
[2026-06-18T17:23:55.512+0000] {logging_mixin.py:188} INFO - [2026-06-18T17:23:55.512+0000] {dag.py:3036} INFO - Sync 3 DAGs
[2026-06-18T17:23:55.570+0000] {logging_mixin.py:188} INFO - [2026-06-18T17:23:55.570+0000] {dag.py:3823} INFO - Setting next_dagrun for example_branch_datetime_operator to 2026-06-17 00:00:00+00:00, run_after=2026-06-18 00:00:00+00:00
[2026-06-18T17:23:55.580+0000] {logging_mixin.py:188} INFO - [2026-06-18T17:23:55.579+0000] {dag.py:3823} INFO - Setting next_dagrun for example_branch_datetime_operator_2 to 2026-06-17 00:00:00+00:00, run_after=2026-06-18 00:00:00+00:00
[2026-06-18T17:23:55.585+0000] {logging_mixin.py:188} INFO - [2026-06-18T17:23:55.584+0000] {dag.py:3823} INFO - Setting next_dagrun for example_branch_datetime_operator_3 to 2026-06-17 00:00:00+00:00, run_after=2026-06-18 00:00:00+00:00
[2026-06-18T17:23:55.609+0000] {processor.py:183} INFO - Processing /home/airflow/.local/lib/python3.8/site-packages/airflow/example_dags/example_branch_datetime_operator.py took 0.182 seconds
[2026-06-18T17:24:25.707+0000] {processor.py:161} INFO - Started process (PID=4529) to work on /home/airflow/.local/lib/python3.8/site-packages/airflow/example_dags/example_branch_datetime_operator.py
[2026-06-18T17:24:25.709+0000] {processor.py:830} INFO - Processing file /home/airflow/.local/lib/python3.8/site-packages/airflow/example_dags/example_branch_datetime_operator.py for tasks to queue
[2026-06-18T17:24:25.712+0000] {logging_mixin.py:188} INFO - [2026-06-18T17:24:25.711+0000] {dagbag.py:538} INFO - Filling up the DagBag from /home/airflow/.local/lib/python3.8/site-packages/airflow/example_dags/example_branch_datetime_operator.py
[2026-06-18T17:24:25.732+0000] {processor.py:840} INFO - DAG(s) 'example_branch_datetime_operator_3', 'example_branch_datetime_operator_2', 'example_branch_datetime_operator' retrieved from /home/airflow/.local/lib/python3.8/site-packages/airflow/example_dags/example_branch_datetime_operator.py
[2026-06-18T17:24:25.788+0000] {logging_mixin.py:188} INFO - [2026-06-18T17:24:25.788+0000] {dag.py:3036} INFO - Sync 3 DAGs
[2026-06-18T17:24:25.831+0000] {logging_mixin.py:188} INFO - [2026-06-18T17:24:25.830+0000] {dag.py:3823} INFO - Setting next_dagrun for example_branch_datetime_operator to 2026-06-17 00:00:00+00:00, run_after=2026-06-18 00:00:00+00:00
[2026-06-18T17:24:25.839+0000] {logging_mixin.py:188} INFO - [2026-06-18T17:24:25.838+0000] {dag.py:3823} INFO - Setting next_dagrun for example_branch_datetime_operator_2 to 2026-06-17 00:00:00+00:00, run_after=2026-06-18 00:00:00+00:00
[2026-06-18T17:24:25.843+0000] {logging_mixin.py:188} INFO - [2026-06-18T17:24:25.843+0000] {dag.py:3823} INFO - Setting next_dagrun for example_branch_datetime_operator_3 to 2026-06-17 00:00:00+00:00, run_after=2026-06-18 00:00:00+00:00
[2026-06-18T17:24:25.868+0000] {processor.py:183} INFO - Processing /home/airflow/.local/lib/python3.8/site-packages/airflow/example_dags/example_branch_datetime_operator.py took 0.167 seconds
[2026-06-18T17:24:56.450+0000] {processor.py:161} INFO - Started process (PID=4596) to work on /home/airflow/.local/lib/python3.8/site-packages/airflow/example_dags/example_branch_datetime_operator.py
[2026-06-18T17:24:56.451+0000] {processor.py:830} INFO - Processing file /home/airflow/.local/lib/python3.8/site-packages/airflow/example_dags/example_branch_datetime_operator.py for tasks to queue
[2026-06-18T17:24:56.454+0000] {logging_mixin.py:188} INFO - [2026-06-18T17:24:56.454+0000] {dagbag.py:538} INFO - Filling up the DagBag from /home/airflow/.local/lib/python3.8/site-packages/airflow/example_dags/example_branch_datetime_operator.py
[2026-06-18T17:24:56.472+0000] {processor.py:840} INFO - DAG(s) 'example_branch_datetime_operator_2', 'example_branch_datetime_operator', 'example_branch_datetime_operator_3' retrieved from /home/airflow/.local/lib/python3.8/site-packages/airflow/example_dags/example_branch_datetime_operator.py
[2026-06-18T17:24:56.529+0000] {logging_mixin.py:188} INFO - [2026-06-18T17:24:56.529+0000] {dag.py:3036} INFO - Sync 3 DAGs
[2026-06-18T17:24:56.575+0000] {logging_mixin.py:188} INFO - [2026-06-18T17:24:56.575+0000] {dag.py:3823} INFO - Setting next_dagrun for example_branch_datetime_operator to 2026-06-17 00:00:00+00:00, run_after=2026-06-18 00:00:00+00:00
[2026-06-18T17:24:56.588+0000] {logging_mixin.py:188} INFO - [2026-06-18T17:24:56.587+0000] {dag.py:3823} INFO - Setting next_dagrun for example_branch_datetime_operator_2 to 2026-06-17 00:00:00+00:00, run_after=2026-06-18 00:00:00+00:00
[2026-06-18T17:24:56.593+0000] {logging_mixin.py:188} INFO - [2026-06-18T17:24:56.592+0000] {dag.py:3823} INFO - Setting next_dagrun for example_branch_datetime_operator_3 to 2026-06-17 00:00:00+00:00, run_after=2026-06-18 00:00:00+00:00
[2026-06-18T17:24:56.620+0000] {processor.py:183} INFO - Processing /home/airflow/.local/lib/python3.8/site-packages/airflow/example_dags/example_branch_datetime_operator.py took 0.176 seconds
[2026-06-18T17:25:26.763+0000] {processor.py:161} INFO - Started process (PID=4662) to work on /home/airflow/.local/lib/python3.8/site-packages/airflow/example_dags/example_branch_datetime_operator.py
[2026-06-18T17:25:26.765+0000] {processor.py:830} INFO - Processing file /home/airflow/.local/lib/python3.8/site-packages/airflow/example_dags/example_branch_datetime_operator.py for tasks to queue
[2026-06-18T17:25:26.768+0000] {logging_mixin.py:188} INFO - [2026-06-18T17:25:26.768+0000] {dagbag.py:538} INFO - Filling up the DagBag from /home/airflow/.local/lib/python3.8/site-packages/airflow/example_dags/example_branch_datetime_operator.py
[2026-06-18T17:25:26.790+0000] {processor.py:840} INFO - DAG(s) 'example_branch_datetime_operator_2', 'example_branch_datetime_operator_3', 'example_branch_datetime_operator' retrieved from /home/airflow/.local/lib/python3.8/site-packages/airflow/example_dags/example_branch_datetime_operator.py
[2026-06-18T17:25:26.847+0000] {logging_mixin.py:188} INFO - [2026-06-18T17:25:26.846+0000] {dag.py:3036} INFO - Sync 3 DAGs
[2026-06-18T17:25:26.894+0000] {logging_mixin.py:188} INFO - [2026-06-18T17:25:26.894+0000] {dag.py:3823} INFO - Setting next_dagrun for example_branch_datetime_operator to 2026-06-17 00:00:00+00:00, run_after=2026-06-18 00:00:00+00:00
[2026-06-18T17:25:26.904+0000] {logging_mixin.py:188} INFO - [2026-06-18T17:25:26.903+0000] {dag.py:3823} INFO - Setting next_dagrun for example_branch_datetime_operator_2 to 2026-06-17 00:00:00+00:00, run_after=2026-06-18 00:00:00+00:00
[2026-06-18T17:25:26.909+0000] {logging_mixin.py:188} INFO - [2026-06-18T17:25:26.909+0000] {dag.py:3823} INFO - Setting next_dagrun for example_branch_datetime_operator_3 to 2026-06-17 00:00:00+00:00, run_after=2026-06-18 00:00:00+00:00
[2026-06-18T17:25:26.936+0000] {processor.py:183} INFO - Processing /home/airflow/.local/lib/python3.8/site-packages/airflow/example_dags/example_branch_datetime_operator.py took 0.178 seconds
[2026-06-18T17:25:57.210+0000] {processor.py:161} INFO - Started process (PID=4728) to work on /home/airflow/.local/lib/python3.8/site-packages/airflow/example_dags/example_branch_datetime_operator.py
[2026-06-18T17:25:57.212+0000] {processor.py:830} INFO - Processing file /home/airflow/.local/lib/python3.8/site-packages/airflow/example_dags/example_branch_datetime_operator.py for tasks to queue
[2026-06-18T17:25:57.215+0000] {logging_mixin.py:188} INFO - [2026-06-18T17:25:57.214+0000] {dagbag.py:538} INFO - Filling up the DagBag from /home/airflow/.local/lib/python3.8/site-packages/airflow/example_dags/example_branch_datetime_operator.py
[2026-06-18T17:25:57.237+0000] {processor.py:840} INFO - DAG(s) 'example_branch_datetime_operator_3', 'example_branch_datetime_operator_2', 'example_branch_datetime_operator' retrieved from /home/airflow/.local/lib/python3.8/site-packages/airflow/example_dags/example_branch_datetime_operator.py
[2026-06-18T17:25:57.287+0000] {logging_mixin.py:188} INFO - [2026-06-18T17:25:57.287+0000] {dag.py:3036} INFO - Sync 3 DAGs
[2026-06-18T17:25:57.330+0000] {logging_mixin.py:188} INFO - [2026-06-18T17:25:57.329+0000] {dag.py:3823} INFO - Setting next_dagrun for example_branch_datetime_operator to 2026-06-17 00:00:00+00:00, run_after=2026-06-18 00:00:00+00:00
[2026-06-18T17:25:57.338+0000] {logging_mixin.py:188} INFO - [2026-06-18T17:25:57.337+0000] {dag.py:3823} INFO - Setting next_dagrun for example_branch_datetime_operator_2 to 2026-06-17 00:00:00+00:00, run_after=2026-06-18 00:00:00+00:00
[2026-06-18T17:25:57.343+0000] {logging_mixin.py:188} INFO - [2026-06-18T17:25:57.342+0000] {dag.py:3823} INFO - Setting next_dagrun for example_branch_datetime_operator_3 to 2026-06-17 00:00:00+00:00, run_after=2026-06-18 00:00:00+00:00
[2026-06-18T17:25:57.371+0000] {processor.py:183} INFO - Processing /home/airflow/.local/lib/python3.8/site-packages/airflow/example_dags/example_branch_datetime_operator.py took 0.167 seconds
[2026-06-18T17:26:27.499+0000] {processor.py:161} INFO - Started process (PID=4795) to work on /home/airflow/.local/lib/python3.8/site-packages/airflow/example_dags/example_branch_datetime_operator.py
[2026-06-18T17:26:27.501+0000] {processor.py:830} INFO - Processing file /home/airflow/.local/lib/python3.8/site-packages/airflow/example_dags/example_branch_datetime_operator.py for tasks to queue
[2026-06-18T17:26:27.504+0000] {logging_mixin.py:188} INFO - [2026-06-18T17:26:27.504+0000] {dagbag.py:538} INFO - Filling up the DagBag from /home/airflow/.local/lib/python3.8/site-packages/airflow/example_dags/example_branch_datetime_operator.py
[2026-06-18T17:26:27.521+0000] {processor.py:840} INFO - DAG(s) 'example_branch_datetime_operator_2', 'example_branch_datetime_operator', 'example_branch_datetime_operator_3' retrieved from /home/airflow/.local/lib/python3.8/site-packages/airflow/example_dags/example_branch_datetime_operator.py
[2026-06-18T17:26:27.577+0000] {logging_mixin.py:188} INFO - [2026-06-18T17:26:27.577+0000] {dag.py:3036} INFO - Sync 3 DAGs
[2026-06-18T17:26:27.623+0000] {logging_mixin.py:188} INFO - [2026-06-18T17:26:27.623+0000] {dag.py:3823} INFO - Setting next_dagrun for example_branch_datetime_operator to 2026-06-17 00:00:00+00:00, run_after=2026-06-18 00:00:00+00:00
[2026-06-18T17:26:27.632+0000] {logging_mixin.py:188} INFO - [2026-06-18T17:26:27.632+0000] {dag.py:3823} INFO - Setting next_dagrun for example_branch_datetime_operator_2 to 2026-06-17 00:00:00+00:00, run_after=2026-06-18 00:00:00+00:00
[2026-06-18T17:26:27.637+0000] {logging_mixin.py:188} INFO - [2026-06-18T17:26:27.637+0000] {dag.py:3823} INFO - Setting next_dagrun for example_branch_datetime_operator_3 to 2026-06-17 00:00:00+00:00, run_after=2026-06-18 00:00:00+00:00
[2026-06-18T17:26:27.664+0000] {processor.py:183} INFO - Processing /home/airflow/.local/lib/python3.8/site-packages/airflow/example_dags/example_branch_datetime_operator.py took 0.170 seconds
[2026-06-18T17:26:58.212+0000] {processor.py:161} INFO - Started process (PID=4861) to work on /home/airflow/.local/lib/python3.8/site-packages/airflow/example_dags/example_branch_datetime_operator.py
[2026-06-18T17:26:58.213+0000] {processor.py:830} INFO - Processing file /home/airflow/.local/lib/python3.8/site-packages/airflow/example_dags/example_branch_datetime_operator.py for tasks to queue
[2026-06-18T17:26:58.215+0000] {logging_mixin.py:188} INFO - [2026-06-18T17:26:58.215+0000] {dagbag.py:538} INFO - Filling up the DagBag from /home/airflow/.local/lib/python3.8/site-packages/airflow/example_dags/example_branch_datetime_operator.py
[2026-06-18T17:26:58.235+0000] {processor.py:840} INFO - DAG(s) 'example_branch_datetime_operator_3', 'example_branch_datetime_operator', 'example_branch_datetime_operator_2' retrieved from /home/airflow/.local/lib/python3.8/site-packages/airflow/example_dags/example_branch_datetime_operator.py
[2026-06-18T17:26:58.300+0000] {logging_mixin.py:188} INFO - [2026-06-18T17:26:58.299+0000] {dag.py:3036} INFO - Sync 3 DAGs
[2026-06-18T17:26:58.345+0000] {logging_mixin.py:188} INFO - [2026-06-18T17:26:58.344+0000] {dag.py:3823} INFO - Setting next_dagrun for example_branch_datetime_operator to 2026-06-17 00:00:00+00:00, run_after=2026-06-18 00:00:00+00:00
[2026-06-18T17:26:58.356+0000] {logging_mixin.py:188} INFO - [2026-06-18T17:26:58.355+0000] {dag.py:3823} INFO - Setting next_dagrun for example_branch_datetime_operator_2 to 2026-06-17 00:00:00+00:00, run_after=2026-06-18 00:00:00+00:00
[2026-06-18T17:26:58.360+0000] {logging_mixin.py:188} INFO - [2026-06-18T17:26:58.360+0000] {dag.py:3823} INFO - Setting next_dagrun for example_branch_datetime_operator_3 to 2026-06-17 00:00:00+00:00, run_after=2026-06-18 00:00:00+00:00
[2026-06-18T17:26:58.391+0000] {processor.py:183} INFO - Processing /home/airflow/.local/lib/python3.8/site-packages/airflow/example_dags/example_branch_datetime_operator.py took 0.185 seconds
[2026-06-18T17:27:28.642+0000] {processor.py:161} INFO - Started process (PID=4927) to work on /home/airflow/.local/lib/python3.8/site-packages/airflow/example_dags/example_branch_datetime_operator.py
[2026-06-18T17:27:28.644+0000] {processor.py:830} INFO - Processing file /home/airflow/.local/lib/python3.8/site-packages/airflow/example_dags/example_branch_datetime_operator.py for tasks to queue
[2026-06-18T17:27:28.646+0000] {logging_mixin.py:188} INFO - [2026-06-18T17:27:28.646+0000] {dagbag.py:538} INFO - Filling up the DagBag from /home/airflow/.local/lib/python3.8/site-packages/airflow/example_dags/example_branch_datetime_operator.py
[2026-06-18T17:27:28.674+0000] {processor.py:840} INFO - DAG(s) 'example_branch_datetime_operator_3', 'example_branch_datetime_operator', 'example_branch_datetime_operator_2' retrieved from /home/airflow/.local/lib/python3.8/site-packages/airflow/example_dags/example_branch_datetime_operator.py
[2026-06-18T17:27:28.747+0000] {logging_mixin.py:188} INFO - [2026-06-18T17:27:28.747+0000] {dag.py:3036} INFO - Sync 3 DAGs
[2026-06-18T17:27:28.788+0000] {logging_mixin.py:188} INFO - [2026-06-18T17:27:28.788+0000] {dag.py:3823} INFO - Setting next_dagrun for example_branch_datetime_operator to 2026-06-17 00:00:00+00:00, run_after=2026-06-18 00:00:00+00:00
[2026-06-18T17:27:28.797+0000] {logging_mixin.py:188} INFO - [2026-06-18T17:27:28.797+0000] {dag.py:3823} INFO - Setting next_dagrun for example_branch_datetime_operator_2 to 2026-06-17 00:00:00+00:00, run_after=2026-06-18 00:00:00+00:00
[2026-06-18T17:27:28.803+0000] {logging_mixin.py:188} INFO - [2026-06-18T17:27:28.803+0000] {dag.py:3823} INFO - Setting next_dagrun for example_branch_datetime_operator_3 to 2026-06-17 00:00:00+00:00, run_after=2026-06-18 00:00:00+00:00
[2026-06-18T17:27:28.832+0000] {processor.py:183} INFO - Processing /home/airflow/.local/lib/python3.8/site-packages/airflow/example_dags/example_branch_datetime_operator.py took 0.196 seconds
[2026-06-18T17:27:58.875+0000] {processor.py:161} INFO - Started process (PID=4994) to work on /home/airflow/.local/lib/python3.8/site-packages/airflow/example_dags/example_branch_datetime_operator.py
[2026-06-18T17:27:58.876+0000] {processor.py:830} INFO - Processing file /home/airflow/.local/lib/python3.8/site-packages/airflow/example_dags/example_branch_datetime_operator.py for tasks to queue
[2026-06-18T17:27:58.879+0000] {logging_mixin.py:188} INFO - [2026-06-18T17:27:58.878+0000] {dagbag.py:538} INFO - Filling up the DagBag from /home/airflow/.local/lib/python3.8/site-packages/airflow/example_dags/example_branch_datetime_operator.py
[2026-06-18T17:27:58.900+0000] {processor.py:840} INFO - DAG(s) 'example_branch_datetime_operator_3', 'example_branch_datetime_operator_2', 'example_branch_datetime_operator' retrieved from /home/airflow/.local/lib/python3.8/site-packages/airflow/example_dags/example_branch_datetime_operator.py
[2026-06-18T17:27:58.966+0000] {logging_mixin.py:188} INFO - [2026-06-18T17:27:58.965+0000] {dag.py:3036} INFO - Sync 3 DAGs
[2026-06-18T17:27:59.013+0000] {logging_mixin.py:188} INFO - [2026-06-18T17:27:59.013+0000] {dag.py:3823} INFO - Setting next_dagrun for example_branch_datetime_operator to 2026-06-17 00:00:00+00:00, run_after=2026-06-18 00:00:00+00:00
[2026-06-18T17:27:59.022+0000] {logging_mixin.py:188} INFO - [2026-06-18T17:27:59.022+0000] {dag.py:3823} INFO - Setting next_dagrun for example_branch_datetime_operator_2 to 2026-06-17 00:00:00+00:00, run_after=2026-06-18 00:00:00+00:00
[2026-06-18T17:27:59.029+0000] {logging_mixin.py:188} INFO - [2026-06-18T17:27:59.029+0000] {dag.py:3823} INFO - Setting next_dagrun for example_branch_datetime_operator_3 to 2026-06-17 00:00:00+00:00, run_after=2026-06-18 00:00:00+00:00
[2026-06-18T17:27:59.061+0000] {processor.py:183} INFO - Processing /home/airflow/.local/lib/python3.8/site-packages/airflow/example_dags/example_branch_datetime_operator.py took 0.192 seconds
[2026-06-18T17:28:29.303+0000] {processor.py:161} INFO - Started process (PID=5068) to work on /home/airflow/.local/lib/python3.8/site-packages/airflow/example_dags/example_branch_datetime_operator.py
[2026-06-18T17:28:29.305+0000] {processor.py:830} INFO - Processing file /home/airflow/.local/lib/python3.8/site-packages/airflow/example_dags/example_branch_datetime_operator.py for tasks to queue
[2026-06-18T17:28:29.308+0000] {logging_mixin.py:188} INFO - [2026-06-18T17:28:29.308+0000] {dagbag.py:538} INFO - Filling up the DagBag from /home/airflow/.local/lib/python3.8/site-packages/airflow/example_dags/example_branch_datetime_operator.py
[2026-06-18T17:28:29.335+0000] {processor.py:840} INFO - DAG(s) 'example_branch_datetime_operator', 'example_branch_datetime_operator_3', 'example_branch_datetime_operator_2' retrieved from /home/airflow/.local/lib/python3.8/site-packages/airflow/example_dags/example_branch_datetime_operator.py
[2026-06-18T17:28:29.399+0000] {logging_mixin.py:188} INFO - [2026-06-18T17:28:29.398+0000] {dag.py:3036} INFO - Sync 3 DAGs
[2026-06-18T17:28:29.453+0000] {logging_mixin.py:188} INFO - [2026-06-18T17:28:29.453+0000] {dag.py:3823} INFO - Setting next_dagrun for example_branch_datetime_operator to 2026-06-17 00:00:00+00:00, run_after=2026-06-18 00:00:00+00:00
[2026-06-18T17:28:29.462+0000] {logging_mixin.py:188} INFO - [2026-06-18T17:28:29.461+0000] {dag.py:3823} INFO - Setting next_dagrun for example_branch_datetime_operator_2 to 2026-06-17 00:00:00+00:00, run_after=2026-06-18 00:00:00+00:00
[2026-06-18T17:28:29.467+0000] {logging_mixin.py:188} INFO - [2026-06-18T17:28:29.467+0000] {dag.py:3823} INFO - Setting next_dagrun for example_branch_datetime_operator_3 to 2026-06-17 00:00:00+00:00, run_after=2026-06-18 00:00:00+00:00
[2026-06-18T17:28:29.504+0000] {processor.py:183} INFO - Processing /home/airflow/.local/lib/python3.8/site-packages/airflow/example_dags/example_branch_datetime_operator.py took 0.206 seconds
[2026-06-18T17:28:59.612+0000] {processor.py:161} INFO - Started process (PID=5134) to work on /home/airflow/.local/lib/python3.8/site-packages/airflow/example_dags/example_branch_datetime_operator.py
[2026-06-18T17:28:59.614+0000] {processor.py:830} INFO - Processing file /home/airflow/.local/lib/python3.8/site-packages/airflow/example_dags/example_branch_datetime_operator.py for tasks to queue
[2026-06-18T17:28:59.617+0000] {logging_mixin.py:188} INFO - [2026-06-18T17:28:59.616+0000] {dagbag.py:538} INFO - Filling up the DagBag from /home/airflow/.local/lib/python3.8/site-packages/airflow/example_dags/example_branch_datetime_operator.py
[2026-06-18T17:28:59.639+0000] {processor.py:840} INFO - DAG(s) 'example_branch_datetime_operator', 'example_branch_datetime_operator_3', 'example_branch_datetime_operator_2' retrieved from /home/airflow/.local/lib/python3.8/site-packages/airflow/example_dags/example_branch_datetime_operator.py
[2026-06-18T17:28:59.705+0000] {logging_mixin.py:188} INFO - [2026-06-18T17:28:59.705+0000] {dag.py:3036} INFO - Sync 3 DAGs
[2026-06-18T17:28:59.750+0000] {logging_mixin.py:188} INFO - [2026-06-18T17:28:59.750+0000] {dag.py:3823} INFO - Setting next_dagrun for example_branch_datetime_operator to 2026-06-17 00:00:00+00:00, run_after=2026-06-18 00:00:00+00:00
[2026-06-18T17:28:59.759+0000] {logging_mixin.py:188} INFO - [2026-06-18T17:28:59.758+0000] {dag.py:3823} INFO - Setting next_dagrun for example_branch_datetime_operator_2 to 2026-06-17 00:00:00+00:00, run_after=2026-06-18 00:00:00+00:00
[2026-06-18T17:28:59.765+0000] {logging_mixin.py:188} INFO - [2026-06-18T17:28:59.765+0000] {dag.py:3823} INFO - Setting next_dagrun for example_branch_datetime_operator_3 to 2026-06-17 00:00:00+00:00, run_after=2026-06-18 00:00:00+00:00
[2026-06-18T17:28:59.794+0000] {processor.py:183} INFO - Processing /home/airflow/.local/lib/python3.8/site-packages/airflow/example_dags/example_branch_datetime_operator.py took 0.189 seconds
[2026-06-18T17:29:30.087+0000] {processor.py:161} INFO - Started process (PID=5198) to work on /home/airflow/.local/lib/python3.8/site-packages/airflow/example_dags/example_branch_datetime_operator.py
[2026-06-18T17:29:30.089+0000] {processor.py:830} INFO - Processing file /home/airflow/.local/lib/python3.8/site-packages/airflow/example_dags/example_branch_datetime_operator.py for tasks to queue
[2026-06-18T17:29:30.092+0000] {logging_mixin.py:188} INFO - [2026-06-18T17:29:30.092+0000] {dagbag.py:538} INFO - Filling up the DagBag from /home/airflow/.local/lib/python3.8/site-packages/airflow/example_dags/example_branch_datetime_operator.py
[2026-06-18T17:29:30.119+0000] {processor.py:840} INFO - DAG(s) 'example_branch_datetime_operator', 'example_branch_datetime_operator_2', 'example_branch_datetime_operator_3' retrieved from /home/airflow/.local/lib/python3.8/site-packages/airflow/example_dags/example_branch_datetime_operator.py
[2026-06-18T17:29:30.200+0000] {logging_mixin.py:188} INFO - [2026-06-18T17:29:30.199+0000] {dag.py:3036} INFO - Sync 3 DAGs
[2026-06-18T17:29:30.242+0000] {logging_mixin.py:188} INFO - [2026-06-18T17:29:30.241+0000] {dag.py:3823} INFO - Setting next_dagrun for example_branch_datetime_operator to 2026-06-17 00:00:00+00:00, run_after=2026-06-18 00:00:00+00:00
[2026-06-18T17:29:30.250+0000] {logging_mixin.py:188} INFO - [2026-06-18T17:29:30.250+0000] {dag.py:3823} INFO - Setting next_dagrun for example_branch_datetime_operator_2 to 2026-06-17 00:00:00+00:00, run_after=2026-06-18 00:00:00+00:00
[2026-06-18T17:29:30.255+0000] {logging_mixin.py:188} INFO - [2026-06-18T17:29:30.255+0000] {dag.py:3823} INFO - Setting next_dagrun for example_branch_datetime_operator_3 to 2026-06-17 00:00:00+00:00, run_after=2026-06-18 00:00:00+00:00
[2026-06-18T17:29:30.288+0000] {processor.py:183} INFO - Processing /home/airflow/.local/lib/python3.8/site-packages/airflow/example_dags/example_branch_datetime_operator.py took 0.208 seconds
[2026-06-18T17:30:00.593+0000] {processor.py:161} INFO - Started process (PID=5262) to work on /home/airflow/.local/lib/python3.8/site-packages/airflow/example_dags/example_branch_datetime_operator.py
[2026-06-18T17:30:00.595+0000] {processor.py:830} INFO - Processing file /home/airflow/.local/lib/python3.8/site-packages/airflow/example_dags/example_branch_datetime_operator.py for tasks to queue
[2026-06-18T17:30:00.598+0000] {logging_mixin.py:188} INFO - [2026-06-18T17:30:00.597+0000] {dagbag.py:538} INFO - Filling up the DagBag from /home/airflow/.local/lib/python3.8/site-packages/airflow/example_dags/example_branch_datetime_operator.py
[2026-06-18T17:30:00.618+0000] {processor.py:840} INFO - DAG(s) 'example_branch_datetime_operator_3', 'example_branch_datetime_operator_2', 'example_branch_datetime_operator' retrieved from /home/airflow/.local/lib/python3.8/site-packages/airflow/example_dags/example_branch_datetime_operator.py
[2026-06-18T17:30:00.673+0000] {logging_mixin.py:188} INFO - [2026-06-18T17:30:00.672+0000] {dag.py:3036} INFO - Sync 3 DAGs
[2026-06-18T17:30:00.715+0000] {logging_mixin.py:188} INFO - [2026-06-18T17:30:00.715+0000] {dag.py:3823} INFO - Setting next_dagrun for example_branch_datetime_operator to 2026-06-17 00:00:00+00:00, run_after=2026-06-18 00:00:00+00:00
[2026-06-18T17:30:00.726+0000] {logging_mixin.py:188} INFO - [2026-06-18T17:30:00.725+0000] {dag.py:3823} INFO - Setting next_dagrun for example_branch_datetime_operator_2 to 2026-06-17 00:00:00+00:00, run_after=2026-06-18 00:00:00+00:00
[2026-06-18T17:30:00.733+0000] {logging_mixin.py:188} INFO - [2026-06-18T17:30:00.731+0000] {dag.py:3823} INFO - Setting next_dagrun for example_branch_datetime_operator_3 to 2026-06-17 00:00:00+00:00, run_after=2026-06-18 00:00:00+00:00
[2026-06-18T17:30:00.762+0000] {processor.py:183} INFO - Processing /home/airflow/.local/lib/python3.8/site-packages/airflow/example_dags/example_branch_datetime_operator.py took 0.175 seconds
[2026-06-18T17:30:31.246+0000] {processor.py:161} INFO - Started process (PID=5328) to work on /home/airflow/.local/lib/python3.8/site-packages/airflow/example_dags/example_branch_datetime_operator.py
[2026-06-18T17:30:31.247+0000] {processor.py:830} INFO - Processing file /home/airflow/.local/lib/python3.8/site-packages/airflow/example_dags/example_branch_datetime_operator.py for tasks to queue
[2026-06-18T17:30:31.251+0000] {logging_mixin.py:188} INFO - [2026-06-18T17:30:31.250+0000] {dagbag.py:538} INFO - Filling up the DagBag from /home/airflow/.local/lib/python3.8/site-packages/airflow/example_dags/example_branch_datetime_operator.py
[2026-06-18T17:30:31.274+0000] {processor.py:840} INFO - DAG(s) 'example_branch_datetime_operator', 'example_branch_datetime_operator_3', 'example_branch_datetime_operator_2' retrieved from /home/airflow/.local/lib/python3.8/site-packages/airflow/example_dags/example_branch_datetime_operator.py
[2026-06-18T17:30:31.343+0000] {logging_mixin.py:188} INFO - [2026-06-18T17:30:31.342+0000] {dag.py:3036} INFO - Sync 3 DAGs
[2026-06-18T17:30:31.402+0000] {logging_mixin.py:188} INFO - [2026-06-18T17:30:31.402+0000] {dag.py:3823} INFO - Setting next_dagrun for example_branch_datetime_operator to 2026-06-17 00:00:00+00:00, run_after=2026-06-18 00:00:00+00:00
[2026-06-18T17:30:31.411+0000] {logging_mixin.py:188} INFO - [2026-06-18T17:30:31.411+0000] {dag.py:3823} INFO - Setting next_dagrun for example_branch_datetime_operator_2 to 2026-06-17 00:00:00+00:00, run_after=2026-06-18 00:00:00+00:00
[2026-06-18T17:30:31.416+0000] {logging_mixin.py:188} INFO - [2026-06-18T17:30:31.416+0000] {dag.py:3823} INFO - Setting next_dagrun for example_branch_datetime_operator_3 to 2026-06-17 00:00:00+00:00, run_after=2026-06-18 00:00:00+00:00
[2026-06-18T17:30:31.443+0000] {processor.py:183} INFO - Processing /home/airflow/.local/lib/python3.8/site-packages/airflow/example_dags/example_branch_datetime_operator.py took 0.203 seconds
[2026-06-18T17:31:01.939+0000] {processor.py:161} INFO - Started process (PID=5394) to work on /home/airflow/.local/lib/python3.8/site-packages/airflow/example_dags/example_branch_datetime_operator.py
[2026-06-18T17:31:01.942+0000] {processor.py:830} INFO - Processing file /home/airflow/.local/lib/python3.8/site-packages/airflow/example_dags/example_branch_datetime_operator.py for tasks to queue
[2026-06-18T17:31:01.948+0000] {logging_mixin.py:188} INFO - [2026-06-18T17:31:01.947+0000] {dagbag.py:538} INFO - Filling up the DagBag from /home/airflow/.local/lib/python3.8/site-packages/airflow/example_dags/example_branch_datetime_operator.py
[2026-06-18T17:31:01.975+0000] {processor.py:840} INFO - DAG(s) 'example_branch_datetime_operator_3', 'example_branch_datetime_operator_2', 'example_branch_datetime_operator' retrieved from /home/airflow/.local/lib/python3.8/site-packages/airflow/example_dags/example_branch_datetime_operator.py
[2026-06-18T17:31:02.036+0000] {logging_mixin.py:188} INFO - [2026-06-18T17:31:02.036+0000] {dag.py:3036} INFO - Sync 3 DAGs
[2026-06-18T17:31:02.081+0000] {logging_mixin.py:188} INFO - [2026-06-18T17:31:02.081+0000] {dag.py:3823} INFO - Setting next_dagrun for example_branch_datetime_operator to 2026-06-17 00:00:00+00:00, run_after=2026-06-18 00:00:00+00:00
[2026-06-18T17:31:02.089+0000] {logging_mixin.py:188} INFO - [2026-06-18T17:31:02.089+0000] {dag.py:3823} INFO - Setting next_dagrun for example_branch_datetime_operator_2 to 2026-06-17 00:00:00+00:00, run_after=2026-06-18 00:00:00+00:00
[2026-06-18T17:31:02.094+0000] {logging_mixin.py:188} INFO - [2026-06-18T17:31:02.094+0000] {dag.py:3823} INFO - Setting next_dagrun for example_branch_datetime_operator_3 to 2026-06-17 00:00:00+00:00, run_after=2026-06-18 00:00:00+00:00
[2026-06-18T17:31:02.120+0000] {processor.py:183} INFO - Processing /home/airflow/.local/lib/python3.8/site-packages/airflow/example_dags/example_branch_datetime_operator.py took 0.189 seconds
[2026-06-18T17:31:32.225+0000] {processor.py:161} INFO - Started process (PID=5459) to work on /home/airflow/.local/lib/python3.8/site-packages/airflow/example_dags/example_branch_datetime_operator.py
[2026-06-18T17:31:32.227+0000] {processor.py:830} INFO - Processing file /home/airflow/.local/lib/python3.8/site-packages/airflow/example_dags/example_branch_datetime_operator.py for tasks to queue
[2026-06-18T17:31:32.229+0000] {logging_mixin.py:188} INFO - [2026-06-18T17:31:32.228+0000] {dagbag.py:538} INFO - Filling up the DagBag from /home/airflow/.local/lib/python3.8/site-packages/airflow/example_dags/example_branch_datetime_operator.py
[2026-06-18T17:31:32.248+0000] {processor.py:840} INFO - DAG(s) 'example_branch_datetime_operator', 'example_branch_datetime_operator_3', 'example_branch_datetime_operator_2' retrieved from /home/airflow/.local/lib/python3.8/site-packages/airflow/example_dags/example_branch_datetime_operator.py
[2026-06-18T17:31:32.306+0000] {logging_mixin.py:188} INFO - [2026-06-18T17:31:32.306+0000] {dag.py:3036} INFO - Sync 3 DAGs
[2026-06-18T17:31:32.349+0000] {logging_mixin.py:188} INFO - [2026-06-18T17:31:32.349+0000] {dag.py:3823} INFO - Setting next_dagrun for example_branch_datetime_operator to 2026-06-17 00:00:00+00:00, run_after=2026-06-18 00:00:00+00:00
[2026-06-18T17:31:32.357+0000] {logging_mixin.py:188} INFO - [2026-06-18T17:31:32.357+0000] {dag.py:3823} INFO - Setting next_dagrun for example_branch_datetime_operator_2 to 2026-06-17 00:00:00+00:00, run_after=2026-06-18 00:00:00+00:00
[2026-06-18T17:31:32.362+0000] {logging_mixin.py:188} INFO - [2026-06-18T17:31:32.362+0000] {dag.py:3823} INFO - Setting next_dagrun for example_branch_datetime_operator_3 to 2026-06-17 00:00:00+00:00, run_after=2026-06-18 00:00:00+00:00
[2026-06-18T17:31:32.389+0000] {processor.py:183} INFO - Processing /home/airflow/.local/lib/python3.8/site-packages/airflow/example_dags/example_branch_datetime_operator.py took 0.169 seconds
[2026-06-18T17:32:02.864+0000] {processor.py:161} INFO - Started process (PID=5525) to work on /home/airflow/.local/lib/python3.8/site-packages/airflow/example_dags/example_branch_datetime_operator.py
[2026-06-18T17:32:02.866+0000] {processor.py:830} INFO - Processing file /home/airflow/.local/lib/python3.8/site-packages/airflow/example_dags/example_branch_datetime_operator.py for tasks to queue
[2026-06-18T17:32:02.869+0000] {logging_mixin.py:188} INFO - [2026-06-18T17:32:02.868+0000] {dagbag.py:538} INFO - Filling up the DagBag from /home/airflow/.local/lib/python3.8/site-packages/airflow/example_dags/example_branch_datetime_operator.py
[2026-06-18T17:32:02.892+0000] {processor.py:840} INFO - DAG(s) 'example_branch_datetime_operator_2', 'example_branch_datetime_operator', 'example_branch_datetime_operator_3' retrieved from /home/airflow/.local/lib/python3.8/site-packages/airflow/example_dags/example_branch_datetime_operator.py
[2026-06-18T17:32:02.951+0000] {logging_mixin.py:188} INFO - [2026-06-18T17:32:02.950+0000] {dag.py:3036} INFO - Sync 3 DAGs
[2026-06-18T17:32:02.997+0000] {logging_mixin.py:188} INFO - [2026-06-18T17:32:02.997+0000] {dag.py:3823} INFO - Setting next_dagrun for example_branch_datetime_operator to 2026-06-17 00:00:00+00:00, run_after=2026-06-18 00:00:00+00:00
[2026-06-18T17:32:03.006+0000] {logging_mixin.py:188} INFO - [2026-06-18T17:32:03.006+0000] {dag.py:3823} INFO - Setting next_dagrun for example_branch_datetime_operator_2 to 2026-06-17 00:00:00+00:00, run_after=2026-06-18 00:00:00+00:00
[2026-06-18T17:32:03.011+0000] {logging_mixin.py:188} INFO - [2026-06-18T17:32:03.011+0000] {dag.py:3823} INFO - Setting next_dagrun for example_branch_datetime_operator_3 to 2026-06-17 00:00:00+00:00, run_after=2026-06-18 00:00:00+00:00
[2026-06-18T17:32:03.035+0000] {processor.py:183} INFO - Processing /home/airflow/.local/lib/python3.8/site-packages/airflow/example_dags/example_branch_datetime_operator.py took 0.177 seconds
[2026-06-18T17:32:33.093+0000] {processor.py:161} INFO - Started process (PID=5591) to work on /home/airflow/.local/lib/python3.8/site-packages/airflow/example_dags/example_branch_datetime_operator.py
[2026-06-18T17:32:33.094+0000] {processor.py:830} INFO - Processing file /home/airflow/.local/lib/python3.8/site-packages/airflow/example_dags/example_branch_datetime_operator.py for tasks to queue
[2026-06-18T17:32:33.097+0000] {logging_mixin.py:188} INFO - [2026-06-18T17:32:33.096+0000] {dagbag.py:538} INFO - Filling up the DagBag from /home/airflow/.local/lib/python3.8/site-packages/airflow/example_dags/example_branch_datetime_operator.py
[2026-06-18T17:32:33.115+0000] {processor.py:840} INFO - DAG(s) 'example_branch_datetime_operator_2', 'example_branch_datetime_operator', 'example_branch_datetime_operator_3' retrieved from /home/airflow/.local/lib/python3.8/site-packages/airflow/example_dags/example_branch_datetime_operator.py
[2026-06-18T17:32:33.171+0000] {logging_mixin.py:188} INFO - [2026-06-18T17:32:33.171+0000] {dag.py:3036} INFO - Sync 3 DAGs
[2026-06-18T17:32:33.217+0000] {logging_mixin.py:188} INFO - [2026-06-18T17:32:33.216+0000] {dag.py:3823} INFO - Setting next_dagrun for example_branch_datetime_operator to 2026-06-17 00:00:00+00:00, run_after=2026-06-18 00:00:00+00:00
[2026-06-18T17:32:33.225+0000] {logging_mixin.py:188} INFO - [2026-06-18T17:32:33.225+0000] {dag.py:3823} INFO - Setting next_dagrun for example_branch_datetime_operator_2 to 2026-06-17 00:00:00+00:00, run_after=2026-06-18 00:00:00+00:00
[2026-06-18T17:32:33.230+0000] {logging_mixin.py:188} INFO - [2026-06-18T17:32:33.229+0000] {dag.py:3823} INFO - Setting next_dagrun for example_branch_datetime_operator_3 to 2026-06-17 00:00:00+00:00, run_after=2026-06-18 00:00:00+00:00
[2026-06-18T17:32:33.254+0000] {processor.py:183} INFO - Processing /home/airflow/.local/lib/python3.8/site-packages/airflow/example_dags/example_branch_datetime_operator.py took 0.167 seconds
[2026-06-18T17:33:03.618+0000] {processor.py:161} INFO - Started process (PID=5657) to work on /home/airflow/.local/lib/python3.8/site-packages/airflow/example_dags/example_branch_datetime_operator.py
[2026-06-18T17:33:03.620+0000] {processor.py:830} INFO - Processing file /home/airflow/.local/lib/python3.8/site-packages/airflow/example_dags/example_branch_datetime_operator.py for tasks to queue
[2026-06-18T17:33:03.623+0000] {logging_mixin.py:188} INFO - [2026-06-18T17:33:03.623+0000] {dagbag.py:538} INFO - Filling up the DagBag from /home/airflow/.local/lib/python3.8/site-packages/airflow/example_dags/example_branch_datetime_operator.py
[2026-06-18T17:33:03.644+0000] {processor.py:840} INFO - DAG(s) 'example_branch_datetime_operator_3', 'example_branch_datetime_operator_2', 'example_branch_datetime_operator' retrieved from /home/airflow/.local/lib/python3.8/site-packages/airflow/example_dags/example_branch_datetime_operator.py
[2026-06-18T17:33:03.693+0000] {logging_mixin.py:188} INFO - [2026-06-18T17:33:03.693+0000] {dag.py:3036} INFO - Sync 3 DAGs
[2026-06-18T17:33:03.737+0000] {logging_mixin.py:188} INFO - [2026-06-18T17:33:03.737+0000] {dag.py:3823} INFO - Setting next_dagrun for example_branch_datetime_operator to 2026-06-17 00:00:00+00:00, run_after=2026-06-18 00:00:00+00:00
[2026-06-18T17:33:03.745+0000] {logging_mixin.py:188} INFO - [2026-06-18T17:33:03.745+0000] {dag.py:3823} INFO - Setting next_dagrun for example_branch_datetime_operator_2 to 2026-06-17 00:00:00+00:00, run_after=2026-06-18 00:00:00+00:00
[2026-06-18T17:33:03.749+0000] {logging_mixin.py:188} INFO - [2026-06-18T17:33:03.749+0000] {dag.py:3823} INFO - Setting next_dagrun for example_branch_datetime_operator_3 to 2026-06-17 00:00:00+00:00, run_after=2026-06-18 00:00:00+00:00
[2026-06-18T17:33:03.775+0000] {processor.py:183} INFO - Processing /home/airflow/.local/lib/python3.8/site-packages/airflow/example_dags/example_branch_datetime_operator.py took 0.162 seconds
[2026-06-18T17:33:34.187+0000] {processor.py:161} INFO - Started process (PID=5722) to work on /home/airflow/.local/lib/python3.8/site-packages/airflow/example_dags/example_branch_datetime_operator.py
[2026-06-18T17:33:34.189+0000] {processor.py:830} INFO - Processing file /home/airflow/.local/lib/python3.8/site-packages/airflow/example_dags/example_branch_datetime_operator.py for tasks to queue
[2026-06-18T17:33:34.192+0000] {logging_mixin.py:188} INFO - [2026-06-18T17:33:34.191+0000] {dagbag.py:538} INFO - Filling up the DagBag from /home/airflow/.local/lib/python3.8/site-packages/airflow/example_dags/example_branch_datetime_operator.py
[2026-06-18T17:33:34.210+0000] {processor.py:840} INFO - DAG(s) 'example_branch_datetime_operator', 'example_branch_datetime_operator_2', 'example_branch_datetime_operator_3' retrieved from /home/airflow/.local/lib/python3.8/site-packages/airflow/example_dags/example_branch_datetime_operator.py
[2026-06-18T17:33:34.267+0000] {logging_mixin.py:188} INFO - [2026-06-18T17:33:34.267+0000] {dag.py:3036} INFO - Sync 3 DAGs
[2026-06-18T17:33:34.312+0000] {logging_mixin.py:188} INFO - [2026-06-18T17:33:34.311+0000] {dag.py:3823} INFO - Setting next_dagrun for example_branch_datetime_operator to 2026-06-17 00:00:00+00:00, run_after=2026-06-18 00:00:00+00:00
[2026-06-18T17:33:34.321+0000] {logging_mixin.py:188} INFO - [2026-06-18T17:33:34.320+0000] {dag.py:3823} INFO - Setting next_dagrun for example_branch_datetime_operator_2 to 2026-06-17 00:00:00+00:00, run_after=2026-06-18 00:00:00+00:00
[2026-06-18T17:33:34.326+0000] {logging_mixin.py:188} INFO - [2026-06-18T17:33:34.326+0000] {dag.py:3823} INFO - Setting next_dagrun for example_branch_datetime_operator_3 to 2026-06-17 00:00:00+00:00, run_after=2026-06-18 00:00:00+00:00
[2026-06-18T17:33:34.351+0000] {processor.py:183} INFO - Processing /home/airflow/.local/lib/python3.8/site-packages/airflow/example_dags/example_branch_datetime_operator.py took 0.170 seconds
[2026-06-18T17:34:04.592+0000] {processor.py:161} INFO - Started process (PID=5788) to work on /home/airflow/.local/lib/python3.8/site-packages/airflow/example_dags/example_branch_datetime_operator.py
[2026-06-18T17:34:04.593+0000] {processor.py:830} INFO - Processing file /home/airflow/.local/lib/python3.8/site-packages/airflow/example_dags/example_branch_datetime_operator.py for tasks to queue
[2026-06-18T17:34:04.596+0000] {logging_mixin.py:188} INFO - [2026-06-18T17:34:04.596+0000] {dagbag.py:538} INFO - Filling up the DagBag from /home/airflow/.local/lib/python3.8/site-packages/airflow/example_dags/example_branch_datetime_operator.py
[2026-06-18T17:34:04.617+0000] {processor.py:840} INFO - DAG(s) 'example_branch_datetime_operator', 'example_branch_datetime_operator_2', 'example_branch_datetime_operator_3' retrieved from /home/airflow/.local/lib/python3.8/site-packages/airflow/example_dags/example_branch_datetime_operator.py
[2026-06-18T17:34:04.665+0000] {logging_mixin.py:188} INFO - [2026-06-18T17:34:04.664+0000] {dag.py:3036} INFO - Sync 3 DAGs
[2026-06-18T17:34:04.704+0000] {logging_mixin.py:188} INFO - [2026-06-18T17:34:04.704+0000] {dag.py:3823} INFO - Setting next_dagrun for example_branch_datetime_operator to 2026-06-17 00:00:00+00:00, run_after=2026-06-18 00:00:00+00:00
[2026-06-18T17:34:04.713+0000] {logging_mixin.py:188} INFO - [2026-06-18T17:34:04.713+0000] {dag.py:3823} INFO - Setting next_dagrun for example_branch_datetime_operator_2 to 2026-06-17 00:00:00+00:00, run_after=2026-06-18 00:00:00+00:00
[2026-06-18T17:34:04.718+0000] {logging_mixin.py:188} INFO - [2026-06-18T17:34:04.718+0000] {dag.py:3823} INFO - Setting next_dagrun for example_branch_datetime_operator_3 to 2026-06-17 00:00:00+00:00, run_after=2026-06-18 00:00:00+00:00
[2026-06-18T17:34:04.742+0000] {processor.py:183} INFO - Processing /home/airflow/.local/lib/python3.8/site-packages/airflow/example_dags/example_branch_datetime_operator.py took 0.155 seconds
[2026-06-18T17:34:35.161+0000] {processor.py:161} INFO - Started process (PID=5860) to work on /home/airflow/.local/lib/python3.8/site-packages/airflow/example_dags/example_branch_datetime_operator.py
[2026-06-18T17:34:35.163+0000] {processor.py:830} INFO - Processing file /home/airflow/.local/lib/python3.8/site-packages/airflow/example_dags/example_branch_datetime_operator.py for tasks to queue
[2026-06-18T17:34:35.167+0000] {logging_mixin.py:188} INFO - [2026-06-18T17:34:35.166+0000] {dagbag.py:538} INFO - Filling up the DagBag from /home/airflow/.local/lib/python3.8/site-packages/airflow/example_dags/example_branch_datetime_operator.py
[2026-06-18T17:34:35.190+0000] {processor.py:840} INFO - DAG(s) 'example_branch_datetime_operator', 'example_branch_datetime_operator_2', 'example_branch_datetime_operator_3' retrieved from /home/airflow/.local/lib/python3.8/site-packages/airflow/example_dags/example_branch_datetime_operator.py
[2026-06-18T17:34:35.252+0000] {logging_mixin.py:188} INFO - [2026-06-18T17:34:35.252+0000] {dag.py:3036} INFO - Sync 3 DAGs
[2026-06-18T17:34:35.301+0000] {logging_mixin.py:188} INFO - [2026-06-18T17:34:35.301+0000] {dag.py:3823} INFO - Setting next_dagrun for example_branch_datetime_operator to 2026-06-17 00:00:00+00:00, run_after=2026-06-18 00:00:00+00:00
[2026-06-18T17:34:35.311+0000] {logging_mixin.py:188} INFO - [2026-06-18T17:34:35.311+0000] {dag.py:3823} INFO - Setting next_dagrun for example_branch_datetime_operator_2 to 2026-06-17 00:00:00+00:00, run_after=2026-06-18 00:00:00+00:00
[2026-06-18T17:34:35.317+0000] {logging_mixin.py:188} INFO - [2026-06-18T17:34:35.317+0000] {dag.py:3823} INFO - Setting next_dagrun for example_branch_datetime_operator_3 to 2026-06-17 00:00:00+00:00, run_after=2026-06-18 00:00:00+00:00
[2026-06-18T17:34:35.350+0000] {processor.py:183} INFO - Processing /home/airflow/.local/lib/python3.8/site-packages/airflow/example_dags/example_branch_datetime_operator.py took 0.197 seconds
[2026-06-18T17:35:06.102+0000] {processor.py:161} INFO - Started process (PID=5927) to work on /home/airflow/.local/lib/python3.8/site-packages/airflow/example_dags/example_branch_datetime_operator.py
[2026-06-18T17:35:06.104+0000] {processor.py:830} INFO - Processing file /home/airflow/.local/lib/python3.8/site-packages/airflow/example_dags/example_branch_datetime_operator.py for tasks to queue
[2026-06-18T17:35:06.107+0000] {logging_mixin.py:188} INFO - [2026-06-18T17:35:06.106+0000] {dagbag.py:538} INFO - Filling up the DagBag from /home/airflow/.local/lib/python3.8/site-packages/airflow/example_dags/example_branch_datetime_operator.py
[2026-06-18T17:35:06.130+0000] {processor.py:840} INFO - DAG(s) 'example_branch_datetime_operator_3', 'example_branch_datetime_operator', 'example_branch_datetime_operator_2' retrieved from /home/airflow/.local/lib/python3.8/site-packages/airflow/example_dags/example_branch_datetime_operator.py
[2026-06-18T17:35:06.190+0000] {logging_mixin.py:188} INFO - [2026-06-18T17:35:06.189+0000] {dag.py:3036} INFO - Sync 3 DAGs
[2026-06-18T17:35:06.255+0000] {logging_mixin.py:188} INFO - [2026-06-18T17:35:06.255+0000] {dag.py:3823} INFO - Setting next_dagrun for example_branch_datetime_operator to 2026-06-17 00:00:00+00:00, run_after=2026-06-18 00:00:00+00:00
[2026-06-18T17:35:06.265+0000] {logging_mixin.py:188} INFO - [2026-06-18T17:35:06.265+0000] {dag.py:3823} INFO - Setting next_dagrun for example_branch_datetime_operator_2 to 2026-06-17 00:00:00+00:00, run_after=2026-06-18 00:00:00+00:00
[2026-06-18T17:35:06.272+0000] {logging_mixin.py:188} INFO - [2026-06-18T17:35:06.271+0000] {dag.py:3823} INFO - Setting next_dagrun for example_branch_datetime_operator_3 to 2026-06-17 00:00:00+00:00, run_after=2026-06-18 00:00:00+00:00
[2026-06-18T17:35:06.302+0000] {processor.py:183} INFO - Processing /home/airflow/.local/lib/python3.8/site-packages/airflow/example_dags/example_branch_datetime_operator.py took 0.208 seconds
[2026-06-18T17:35:36.709+0000] {processor.py:161} INFO - Started process (PID=5992) to work on /home/airflow/.local/lib/python3.8/site-packages/airflow/example_dags/example_branch_datetime_operator.py
[2026-06-18T17:35:36.719+0000] {processor.py:830} INFO - Processing file /home/airflow/.local/lib/python3.8/site-packages/airflow/example_dags/example_branch_datetime_operator.py for tasks to queue
[2026-06-18T17:35:36.728+0000] {logging_mixin.py:188} INFO - [2026-06-18T17:35:36.727+0000] {dagbag.py:538} INFO - Filling up the DagBag from /home/airflow/.local/lib/python3.8/site-packages/airflow/example_dags/example_branch_datetime_operator.py
[2026-06-18T17:35:36.772+0000] {processor.py:840} INFO - DAG(s) 'example_branch_datetime_operator_2', 'example_branch_datetime_operator', 'example_branch_datetime_operator_3' retrieved from /home/airflow/.local/lib/python3.8/site-packages/airflow/example_dags/example_branch_datetime_operator.py
[2026-06-18T17:35:36.836+0000] {logging_mixin.py:188} INFO - [2026-06-18T17:35:36.835+0000] {dag.py:3036} INFO - Sync 3 DAGs
[2026-06-18T17:35:36.888+0000] {logging_mixin.py:188} INFO - [2026-06-18T17:35:36.888+0000] {dag.py:3823} INFO - Setting next_dagrun for example_branch_datetime_operator to 2026-06-17 00:00:00+00:00, run_after=2026-06-18 00:00:00+00:00
[2026-06-18T17:35:36.899+0000] {logging_mixin.py:188} INFO - [2026-06-18T17:35:36.899+0000] {dag.py:3823} INFO - Setting next_dagrun for example_branch_datetime_operator_2 to 2026-06-17 00:00:00+00:00, run_after=2026-06-18 00:00:00+00:00
[2026-06-18T17:35:36.905+0000] {logging_mixin.py:188} INFO - [2026-06-18T17:35:36.905+0000] {dag.py:3823} INFO - Setting next_dagrun for example_branch_datetime_operator_3 to 2026-06-17 00:00:00+00:00, run_after=2026-06-18 00:00:00+00:00
[2026-06-18T17:35:36.942+0000] {processor.py:183} INFO - Processing /home/airflow/.local/lib/python3.8/site-packages/airflow/example_dags/example_branch_datetime_operator.py took 0.241 seconds
[2026-06-18T17:36:07.251+0000] {processor.py:161} INFO - Started process (PID=6058) to work on /home/airflow/.local/lib/python3.8/site-packages/airflow/example_dags/example_branch_datetime_operator.py
[2026-06-18T17:36:07.252+0000] {processor.py:830} INFO - Processing file /home/airflow/.local/lib/python3.8/site-packages/airflow/example_dags/example_branch_datetime_operator.py for tasks to queue
[2026-06-18T17:36:07.255+0000] {logging_mixin.py:188} INFO - [2026-06-18T17:36:07.254+0000] {dagbag.py:538} INFO - Filling up the DagBag from /home/airflow/.local/lib/python3.8/site-packages/airflow/example_dags/example_branch_datetime_operator.py
[2026-06-18T17:36:07.274+0000] {processor.py:840} INFO - DAG(s) 'example_branch_datetime_operator_2', 'example_branch_datetime_operator_3', 'example_branch_datetime_operator' retrieved from /home/airflow/.local/lib/python3.8/site-packages/airflow/example_dags/example_branch_datetime_operator.py
[2026-06-18T17:36:07.329+0000] {logging_mixin.py:188} INFO - [2026-06-18T17:36:07.328+0000] {dag.py:3036} INFO - Sync 3 DAGs
[2026-06-18T17:36:07.383+0000] {logging_mixin.py:188} INFO - [2026-06-18T17:36:07.382+0000] {dag.py:3823} INFO - Setting next_dagrun for example_branch_datetime_operator to 2026-06-17 00:00:00+00:00, run_after=2026-06-18 00:00:00+00:00
[2026-06-18T17:36:07.394+0000] {logging_mixin.py:188} INFO - [2026-06-18T17:36:07.393+0000] {dag.py:3823} INFO - Setting next_dagrun for example_branch_datetime_operator_2 to 2026-06-17 00:00:00+00:00, run_after=2026-06-18 00:00:00+00:00
[2026-06-18T17:36:07.399+0000] {logging_mixin.py:188} INFO - [2026-06-18T17:36:07.399+0000] {dag.py:3823} INFO - Setting next_dagrun for example_branch_datetime_operator_3 to 2026-06-17 00:00:00+00:00, run_after=2026-06-18 00:00:00+00:00
[2026-06-18T17:36:07.430+0000] {processor.py:183} INFO - Processing /home/airflow/.local/lib/python3.8/site-packages/airflow/example_dags/example_branch_datetime_operator.py took 0.185 seconds
[2026-06-18T17:36:37.550+0000] {processor.py:161} INFO - Started process (PID=6124) to work on /home/airflow/.local/lib/python3.8/site-packages/airflow/example_dags/example_branch_datetime_operator.py
[2026-06-18T17:36:37.552+0000] {processor.py:830} INFO - Processing file /home/airflow/.local/lib/python3.8/site-packages/airflow/example_dags/example_branch_datetime_operator.py for tasks to queue
[2026-06-18T17:36:37.554+0000] {logging_mixin.py:188} INFO - [2026-06-18T17:36:37.554+0000] {dagbag.py:538} INFO - Filling up the DagBag from /home/airflow/.local/lib/python3.8/site-packages/airflow/example_dags/example_branch_datetime_operator.py
[2026-06-18T17:36:37.575+0000] {processor.py:840} INFO - DAG(s) 'example_branch_datetime_operator_3', 'example_branch_datetime_operator_2', 'example_branch_datetime_operator' retrieved from /home/airflow/.local/lib/python3.8/site-packages/airflow/example_dags/example_branch_datetime_operator.py
[2026-06-18T17:36:37.659+0000] {logging_mixin.py:188} INFO - [2026-06-18T17:36:37.659+0000] {dag.py:3036} INFO - Sync 3 DAGs
[2026-06-18T17:36:37.720+0000] {logging_mixin.py:188} INFO - [2026-06-18T17:36:37.719+0000] {dag.py:3823} INFO - Setting next_dagrun for example_branch_datetime_operator to 2026-06-17 00:00:00+00:00, run_after=2026-06-18 00:00:00+00:00
[2026-06-18T17:36:37.729+0000] {logging_mixin.py:188} INFO - [2026-06-18T17:36:37.729+0000] {dag.py:3823} INFO - Setting next_dagrun for example_branch_datetime_operator_2 to 2026-06-17 00:00:00+00:00, run_after=2026-06-18 00:00:00+00:00
[2026-06-18T17:36:37.734+0000] {logging_mixin.py:188} INFO - [2026-06-18T17:36:37.734+0000] {dag.py:3823} INFO - Setting next_dagrun for example_branch_datetime_operator_3 to 2026-06-17 00:00:00+00:00, run_after=2026-06-18 00:00:00+00:00
[2026-06-18T17:36:37.763+0000] {processor.py:183} INFO - Processing /home/airflow/.local/lib/python3.8/site-packages/airflow/example_dags/example_branch_datetime_operator.py took 0.218 seconds
[2026-06-18T17:37:07.811+0000] {processor.py:161} INFO - Started process (PID=6190) to work on /home/airflow/.local/lib/python3.8/site-packages/airflow/example_dags/example_branch_datetime_operator.py
[2026-06-18T17:37:07.812+0000] {processor.py:830} INFO - Processing file /home/airflow/.local/lib/python3.8/site-packages/airflow/example_dags/example_branch_datetime_operator.py for tasks to queue
[2026-06-18T17:37:07.815+0000] {logging_mixin.py:188} INFO - [2026-06-18T17:37:07.814+0000] {dagbag.py:538} INFO - Filling up the DagBag from /home/airflow/.local/lib/python3.8/site-packages/airflow/example_dags/example_branch_datetime_operator.py
[2026-06-18T17:37:07.834+0000] {processor.py:840} INFO - DAG(s) 'example_branch_datetime_operator_2', 'example_branch_datetime_operator', 'example_branch_datetime_operator_3' retrieved from /home/airflow/.local/lib/python3.8/site-packages/airflow/example_dags/example_branch_datetime_operator.py
[2026-06-18T17:37:07.888+0000] {logging_mixin.py:188} INFO - [2026-06-18T17:37:07.888+0000] {dag.py:3036} INFO - Sync 3 DAGs
[2026-06-18T17:37:07.931+0000] {logging_mixin.py:188} INFO - [2026-06-18T17:37:07.931+0000] {dag.py:3823} INFO - Setting next_dagrun for example_branch_datetime_operator to 2026-06-17 00:00:00+00:00, run_after=2026-06-18 00:00:00+00:00
[2026-06-18T17:37:07.940+0000] {logging_mixin.py:188} INFO - [2026-06-18T17:37:07.940+0000] {dag.py:3823} INFO - Setting next_dagrun for example_branch_datetime_operator_2 to 2026-06-17 00:00:00+00:00, run_after=2026-06-18 00:00:00+00:00
[2026-06-18T17:37:07.946+0000] {logging_mixin.py:188} INFO - [2026-06-18T17:37:07.945+0000] {dag.py:3823} INFO - Setting next_dagrun for example_branch_datetime_operator_3 to 2026-06-17 00:00:00+00:00, run_after=2026-06-18 00:00:00+00:00
[2026-06-18T17:37:07.971+0000] {processor.py:183} INFO - Processing /home/airflow/.local/lib/python3.8/site-packages/airflow/example_dags/example_branch_datetime_operator.py took 0.166 seconds
[2026-06-18T17:37:38.169+0000] {processor.py:161} INFO - Started process (PID=6255) to work on /home/airflow/.local/lib/python3.8/site-packages/airflow/example_dags/example_branch_datetime_operator.py
[2026-06-18T17:37:38.171+0000] {processor.py:830} INFO - Processing file /home/airflow/.local/lib/python3.8/site-packages/airflow/example_dags/example_branch_datetime_operator.py for tasks to queue
[2026-06-18T17:37:38.173+0000] {logging_mixin.py:188} INFO - [2026-06-18T17:37:38.173+0000] {dagbag.py:538} INFO - Filling up the DagBag from /home/airflow/.local/lib/python3.8/site-packages/airflow/example_dags/example_branch_datetime_operator.py
[2026-06-18T17:37:38.195+0000] {processor.py:840} INFO - DAG(s) 'example_branch_datetime_operator_3', 'example_branch_datetime_operator_2', 'example_branch_datetime_operator' retrieved from /home/airflow/.local/lib/python3.8/site-packages/airflow/example_dags/example_branch_datetime_operator.py
[2026-06-18T17:37:38.256+0000] {logging_mixin.py:188} INFO - [2026-06-18T17:37:38.255+0000] {dag.py:3036} INFO - Sync 3 DAGs
[2026-06-18T17:37:38.296+0000] {logging_mixin.py:188} INFO - [2026-06-18T17:37:38.296+0000] {dag.py:3823} INFO - Setting next_dagrun for example_branch_datetime_operator to 2026-06-17 00:00:00+00:00, run_after=2026-06-18 00:00:00+00:00
[2026-06-18T17:37:38.306+0000] {logging_mixin.py:188} INFO - [2026-06-18T17:37:38.305+0000] {dag.py:3823} INFO - Setting next_dagrun for example_branch_datetime_operator_2 to 2026-06-17 00:00:00+00:00, run_after=2026-06-18 00:00:00+00:00
[2026-06-18T17:37:38.311+0000] {logging_mixin.py:188} INFO - [2026-06-18T17:37:38.311+0000] {dag.py:3823} INFO - Setting next_dagrun for example_branch_datetime_operator_3 to 2026-06-17 00:00:00+00:00, run_after=2026-06-18 00:00:00+00:00
[2026-06-18T17:37:38.339+0000] {processor.py:183} INFO - Processing /home/airflow/.local/lib/python3.8/site-packages/airflow/example_dags/example_branch_datetime_operator.py took 0.176 seconds
[2026-06-18T17:38:08.508+0000] {processor.py:161} INFO - Started process (PID=6320) to work on /home/airflow/.local/lib/python3.8/site-packages/airflow/example_dags/example_branch_datetime_operator.py
[2026-06-18T17:38:08.509+0000] {processor.py:830} INFO - Processing file /home/airflow/.local/lib/python3.8/site-packages/airflow/example_dags/example_branch_datetime_operator.py for tasks to queue
[2026-06-18T17:38:08.511+0000] {logging_mixin.py:188} INFO - [2026-06-18T17:38:08.511+0000] {dagbag.py:538} INFO - Filling up the DagBag from /home/airflow/.local/lib/python3.8/site-packages/airflow/example_dags/example_branch_datetime_operator.py
[2026-06-18T17:38:08.530+0000] {processor.py:840} INFO - DAG(s) 'example_branch_datetime_operator_2', 'example_branch_datetime_operator', 'example_branch_datetime_operator_3' retrieved from /home/airflow/.local/lib/python3.8/site-packages/airflow/example_dags/example_branch_datetime_operator.py
[2026-06-18T17:38:08.585+0000] {logging_mixin.py:188} INFO - [2026-06-18T17:38:08.585+0000] {dag.py:3036} INFO - Sync 3 DAGs
[2026-06-18T17:38:08.633+0000] {logging_mixin.py:188} INFO - [2026-06-18T17:38:08.633+0000] {dag.py:3823} INFO - Setting next_dagrun for example_branch_datetime_operator to 2026-06-17 00:00:00+00:00, run_after=2026-06-18 00:00:00+00:00
[2026-06-18T17:38:08.644+0000] {logging_mixin.py:188} INFO - [2026-06-18T17:38:08.643+0000] {dag.py:3823} INFO - Setting next_dagrun for example_branch_datetime_operator_2 to 2026-06-17 00:00:00+00:00, run_after=2026-06-18 00:00:00+00:00
[2026-06-18T17:38:08.649+0000] {logging_mixin.py:188} INFO - [2026-06-18T17:38:08.649+0000] {dag.py:3823} INFO - Setting next_dagrun for example_branch_datetime_operator_3 to 2026-06-17 00:00:00+00:00, run_after=2026-06-18 00:00:00+00:00
[2026-06-18T17:38:08.679+0000] {processor.py:183} INFO - Processing /home/airflow/.local/lib/python3.8/site-packages/airflow/example_dags/example_branch_datetime_operator.py took 0.176 seconds
[2026-06-18T17:38:38.764+0000] {processor.py:161} INFO - Started process (PID=6386) to work on /home/airflow/.local/lib/python3.8/site-packages/airflow/example_dags/example_branch_datetime_operator.py
[2026-06-18T17:38:38.766+0000] {processor.py:830} INFO - Processing file /home/airflow/.local/lib/python3.8/site-packages/airflow/example_dags/example_branch_datetime_operator.py for tasks to queue
[2026-06-18T17:38:38.769+0000] {logging_mixin.py:188} INFO - [2026-06-18T17:38:38.769+0000] {dagbag.py:538} INFO - Filling up the DagBag from /home/airflow/.local/lib/python3.8/site-packages/airflow/example_dags/example_branch_datetime_operator.py
[2026-06-18T17:38:38.791+0000] {processor.py:840} INFO - DAG(s) 'example_branch_datetime_operator_3', 'example_branch_datetime_operator_2', 'example_branch_datetime_operator' retrieved from /home/airflow/.local/lib/python3.8/site-packages/airflow/example_dags/example_branch_datetime_operator.py
[2026-06-18T17:38:38.850+0000] {logging_mixin.py:188} INFO - [2026-06-18T17:38:38.850+0000] {dag.py:3036} INFO - Sync 3 DAGs
[2026-06-18T17:38:38.898+0000] {logging_mixin.py:188} INFO - [2026-06-18T17:38:38.897+0000] {dag.py:3823} INFO - Setting next_dagrun for example_branch_datetime_operator to 2026-06-17 00:00:00+00:00, run_after=2026-06-18 00:00:00+00:00
[2026-06-18T17:38:38.907+0000] {logging_mixin.py:188} INFO - [2026-06-18T17:38:38.906+0000] {dag.py:3823} INFO - Setting next_dagrun for example_branch_datetime_operator_2 to 2026-06-17 00:00:00+00:00, run_after=2026-06-18 00:00:00+00:00
[2026-06-18T17:38:38.913+0000] {logging_mixin.py:188} INFO - [2026-06-18T17:38:38.912+0000] {dag.py:3823} INFO - Setting next_dagrun for example_branch_datetime_operator_3 to 2026-06-17 00:00:00+00:00, run_after=2026-06-18 00:00:00+00:00
[2026-06-18T17:38:38.944+0000] {processor.py:183} INFO - Processing /home/airflow/.local/lib/python3.8/site-packages/airflow/example_dags/example_branch_datetime_operator.py took 0.187 seconds
[2026-06-18T17:39:09.443+0000] {processor.py:161} INFO - Started process (PID=6452) to work on /home/airflow/.local/lib/python3.8/site-packages/airflow/example_dags/example_branch_datetime_operator.py
[2026-06-18T17:39:09.445+0000] {processor.py:830} INFO - Processing file /home/airflow/.local/lib/python3.8/site-packages/airflow/example_dags/example_branch_datetime_operator.py for tasks to queue
[2026-06-18T17:39:09.448+0000] {logging_mixin.py:188} INFO - [2026-06-18T17:39:09.447+0000] {dagbag.py:538} INFO - Filling up the DagBag from /home/airflow/.local/lib/python3.8/site-packages/airflow/example_dags/example_branch_datetime_operator.py
[2026-06-18T17:39:09.465+0000] {processor.py:840} INFO - DAG(s) 'example_branch_datetime_operator', 'example_branch_datetime_operator_2', 'example_branch_datetime_operator_3' retrieved from /home/airflow/.local/lib/python3.8/site-packages/airflow/example_dags/example_branch_datetime_operator.py
[2026-06-18T17:39:09.514+0000] {logging_mixin.py:188} INFO - [2026-06-18T17:39:09.513+0000] {dag.py:3036} INFO - Sync 3 DAGs
[2026-06-18T17:39:09.550+0000] {logging_mixin.py:188} INFO - [2026-06-18T17:39:09.550+0000] {dag.py:3823} INFO - Setting next_dagrun for example_branch_datetime_operator to 2026-06-17 00:00:00+00:00, run_after=2026-06-18 00:00:00+00:00
[2026-06-18T17:39:09.559+0000] {logging_mixin.py:188} INFO - [2026-06-18T17:39:09.558+0000] {dag.py:3823} INFO - Setting next_dagrun for example_branch_datetime_operator_2 to 2026-06-17 00:00:00+00:00, run_after=2026-06-18 00:00:00+00:00
[2026-06-18T17:39:09.563+0000] {logging_mixin.py:188} INFO - [2026-06-18T17:39:09.563+0000] {dag.py:3823} INFO - Setting next_dagrun for example_branch_datetime_operator_3 to 2026-06-17 00:00:00+00:00, run_after=2026-06-18 00:00:00+00:00
[2026-06-18T17:39:09.590+0000] {processor.py:183} INFO - Processing /home/airflow/.local/lib/python3.8/site-packages/airflow/example_dags/example_branch_datetime_operator.py took 0.152 seconds
[2026-06-18T17:39:40.042+0000] {processor.py:161} INFO - Started process (PID=6516) to work on /home/airflow/.local/lib/python3.8/site-packages/airflow/example_dags/example_branch_datetime_operator.py
[2026-06-18T17:39:40.043+0000] {processor.py:830} INFO - Processing file /home/airflow/.local/lib/python3.8/site-packages/airflow/example_dags/example_branch_datetime_operator.py for tasks to queue
[2026-06-18T17:39:40.046+0000] {logging_mixin.py:188} INFO - [2026-06-18T17:39:40.045+0000] {dagbag.py:538} INFO - Filling up the DagBag from /home/airflow/.local/lib/python3.8/site-packages/airflow/example_dags/example_branch_datetime_operator.py
[2026-06-18T17:39:40.066+0000] {processor.py:840} INFO - DAG(s) 'example_branch_datetime_operator', 'example_branch_datetime_operator_3', 'example_branch_datetime_operator_2' retrieved from /home/airflow/.local/lib/python3.8/site-packages/airflow/example_dags/example_branch_datetime_operator.py
[2026-06-18T17:39:40.124+0000] {logging_mixin.py:188} INFO - [2026-06-18T17:39:40.124+0000] {dag.py:3036} INFO - Sync 3 DAGs
[2026-06-18T17:39:40.174+0000] {logging_mixin.py:188} INFO - [2026-06-18T17:39:40.173+0000] {dag.py:3823} INFO - Setting next_dagrun for example_branch_datetime_operator to 2026-06-17 00:00:00+00:00, run_after=2026-06-18 00:00:00+00:00
[2026-06-18T17:39:40.182+0000] {logging_mixin.py:188} INFO - [2026-06-18T17:39:40.182+0000] {dag.py:3823} INFO - Setting next_dagrun for example_branch_datetime_operator_2 to 2026-06-17 00:00:00+00:00, run_after=2026-06-18 00:00:00+00:00
[2026-06-18T17:39:40.188+0000] {logging_mixin.py:188} INFO - [2026-06-18T17:39:40.188+0000] {dag.py:3823} INFO - Setting next_dagrun for example_branch_datetime_operator_3 to 2026-06-17 00:00:00+00:00, run_after=2026-06-18 00:00:00+00:00
[2026-06-18T17:39:40.222+0000] {processor.py:183} INFO - Processing /home/airflow/.local/lib/python3.8/site-packages/airflow/example_dags/example_branch_datetime_operator.py took 0.186 seconds
[2026-06-18T17:40:10.822+0000] {processor.py:161} INFO - Started process (PID=6582) to work on /home/airflow/.local/lib/python3.8/site-packages/airflow/example_dags/example_branch_datetime_operator.py
[2026-06-18T17:40:10.824+0000] {processor.py:830} INFO - Processing file /home/airflow/.local/lib/python3.8/site-packages/airflow/example_dags/example_branch_datetime_operator.py for tasks to queue
[2026-06-18T17:40:10.827+0000] {logging_mixin.py:188} INFO - [2026-06-18T17:40:10.826+0000] {dagbag.py:538} INFO - Filling up the DagBag from /home/airflow/.local/lib/python3.8/site-packages/airflow/example_dags/example_branch_datetime_operator.py
[2026-06-18T17:40:10.847+0000] {processor.py:840} INFO - DAG(s) 'example_branch_datetime_operator', 'example_branch_datetime_operator_3', 'example_branch_datetime_operator_2' retrieved from /home/airflow/.local/lib/python3.8/site-packages/airflow/example_dags/example_branch_datetime_operator.py
[2026-06-18T17:40:10.906+0000] {logging_mixin.py:188} INFO - [2026-06-18T17:40:10.906+0000] {dag.py:3036} INFO - Sync 3 DAGs
[2026-06-18T17:40:10.950+0000] {logging_mixin.py:188} INFO - [2026-06-18T17:40:10.950+0000] {dag.py:3823} INFO - Setting next_dagrun for example_branch_datetime_operator to 2026-06-17 00:00:00+00:00, run_after=2026-06-18 00:00:00+00:00
[2026-06-18T17:40:10.959+0000] {logging_mixin.py:188} INFO - [2026-06-18T17:40:10.959+0000] {dag.py:3823} INFO - Setting next_dagrun for example_branch_datetime_operator_2 to 2026-06-17 00:00:00+00:00, run_after=2026-06-18 00:00:00+00:00
[2026-06-18T17:40:10.964+0000] {logging_mixin.py:188} INFO - [2026-06-18T17:40:10.963+0000] {dag.py:3823} INFO - Setting next_dagrun for example_branch_datetime_operator_3 to 2026-06-17 00:00:00+00:00, run_after=2026-06-18 00:00:00+00:00
[2026-06-18T17:40:10.993+0000] {processor.py:183} INFO - Processing /home/airflow/.local/lib/python3.8/site-packages/airflow/example_dags/example_branch_datetime_operator.py took 0.178 seconds
[2026-06-18T17:40:41.225+0000] {processor.py:161} INFO - Started process (PID=6648) to work on /home/airflow/.local/lib/python3.8/site-packages/airflow/example_dags/example_branch_datetime_operator.py
[2026-06-18T17:40:41.227+0000] {processor.py:830} INFO - Processing file /home/airflow/.local/lib/python3.8/site-packages/airflow/example_dags/example_branch_datetime_operator.py for tasks to queue
[2026-06-18T17:40:41.229+0000] {logging_mixin.py:188} INFO - [2026-06-18T17:40:41.229+0000] {dagbag.py:538} INFO - Filling up the DagBag from /home/airflow/.local/lib/python3.8/site-packages/airflow/example_dags/example_branch_datetime_operator.py
[2026-06-18T17:40:41.247+0000] {processor.py:840} INFO - DAG(s) 'example_branch_datetime_operator', 'example_branch_datetime_operator_3', 'example_branch_datetime_operator_2' retrieved from /home/airflow/.local/lib/python3.8/site-packages/airflow/example_dags/example_branch_datetime_operator.py
[2026-06-18T17:40:41.294+0000] {logging_mixin.py:188} INFO - [2026-06-18T17:40:41.293+0000] {dag.py:3036} INFO - Sync 3 DAGs
[2026-06-18T17:40:41.332+0000] {logging_mixin.py:188} INFO - [2026-06-18T17:40:41.331+0000] {dag.py:3823} INFO - Setting next_dagrun for example_branch_datetime_operator to 2026-06-17 00:00:00+00:00, run_after=2026-06-18 00:00:00+00:00
[2026-06-18T17:40:41.341+0000] {logging_mixin.py:188} INFO - [2026-06-18T17:40:41.340+0000] {dag.py:3823} INFO - Setting next_dagrun for example_branch_datetime_operator_2 to 2026-06-17 00:00:00+00:00, run_after=2026-06-18 00:00:00+00:00
[2026-06-18T17:40:41.345+0000] {logging_mixin.py:188} INFO - [2026-06-18T17:40:41.345+0000] {dag.py:3823} INFO - Setting next_dagrun for example_branch_datetime_operator_3 to 2026-06-17 00:00:00+00:00, run_after=2026-06-18 00:00:00+00:00
[2026-06-18T17:40:41.371+0000] {processor.py:183} INFO - Processing /home/airflow/.local/lib/python3.8/site-packages/airflow/example_dags/example_branch_datetime_operator.py took 0.151 seconds
[2026-06-18T17:41:11.552+0000] {processor.py:161} INFO - Started process (PID=6720) to work on /home/airflow/.local/lib/python3.8/site-packages/airflow/example_dags/example_branch_datetime_operator.py
[2026-06-18T17:41:11.555+0000] {processor.py:830} INFO - Processing file /home/airflow/.local/lib/python3.8/site-packages/airflow/example_dags/example_branch_datetime_operator.py for tasks to queue
[2026-06-18T17:41:11.557+0000] {logging_mixin.py:188} INFO - [2026-06-18T17:41:11.557+0000] {dagbag.py:538} INFO - Filling up the DagBag from /home/airflow/.local/lib/python3.8/site-packages/airflow/example_dags/example_branch_datetime_operator.py
[2026-06-18T17:41:11.576+0000] {processor.py:840} INFO - DAG(s) 'example_branch_datetime_operator_3', 'example_branch_datetime_operator_2', 'example_branch_datetime_operator' retrieved from /home/airflow/.local/lib/python3.8/site-packages/airflow/example_dags/example_branch_datetime_operator.py
[2026-06-18T17:41:11.625+0000] {logging_mixin.py:188} INFO - [2026-06-18T17:41:11.625+0000] {dag.py:3036} INFO - Sync 3 DAGs
[2026-06-18T17:41:11.667+0000] {logging_mixin.py:188} INFO - [2026-06-18T17:41:11.667+0000] {dag.py:3823} INFO - Setting next_dagrun for example_branch_datetime_operator to 2026-06-17 00:00:00+00:00, run_after=2026-06-18 00:00:00+00:00
[2026-06-18T17:41:11.678+0000] {logging_mixin.py:188} INFO - [2026-06-18T17:41:11.677+0000] {dag.py:3823} INFO - Setting next_dagrun for example_branch_datetime_operator_2 to 2026-06-17 00:00:00+00:00, run_after=2026-06-18 00:00:00+00:00
[2026-06-18T17:41:11.684+0000] {logging_mixin.py:188} INFO - [2026-06-18T17:41:11.683+0000] {dag.py:3823} INFO - Setting next_dagrun for example_branch_datetime_operator_3 to 2026-06-17 00:00:00+00:00, run_after=2026-06-18 00:00:00+00:00
[2026-06-18T17:41:11.713+0000] {processor.py:183} INFO - Processing /home/airflow/.local/lib/python3.8/site-packages/airflow/example_dags/example_branch_datetime_operator.py took 0.166 seconds
[2026-06-18T17:41:41.993+0000] {processor.py:161} INFO - Started process (PID=6786) to work on /home/airflow/.local/lib/python3.8/site-packages/airflow/example_dags/example_branch_datetime_operator.py
[2026-06-18T17:41:41.995+0000] {processor.py:830} INFO - Processing file /home/airflow/.local/lib/python3.8/site-packages/airflow/example_dags/example_branch_datetime_operator.py for tasks to queue
[2026-06-18T17:41:41.999+0000] {logging_mixin.py:188} INFO - [2026-06-18T17:41:41.999+0000] {dagbag.py:538} INFO - Filling up the DagBag from /home/airflow/.local/lib/python3.8/site-packages/airflow/example_dags/example_branch_datetime_operator.py
[2026-06-18T17:41:42.018+0000] {processor.py:840} INFO - DAG(s) 'example_branch_datetime_operator', 'example_branch_datetime_operator_3', 'example_branch_datetime_operator_2' retrieved from /home/airflow/.local/lib/python3.8/site-packages/airflow/example_dags/example_branch_datetime_operator.py
[2026-06-18T17:41:42.080+0000] {logging_mixin.py:188} INFO - [2026-06-18T17:41:42.079+0000] {dag.py:3036} INFO - Sync 3 DAGs
[2026-06-18T17:41:42.137+0000] {logging_mixin.py:188} INFO - [2026-06-18T17:41:42.137+0000] {dag.py:3823} INFO - Setting next_dagrun for example_branch_datetime_operator to 2026-06-17 00:00:00+00:00, run_after=2026-06-18 00:00:00+00:00
[2026-06-18T17:41:42.148+0000] {logging_mixin.py:188} INFO - [2026-06-18T17:41:42.148+0000] {dag.py:3823} INFO - Setting next_dagrun for example_branch_datetime_operator_2 to 2026-06-17 00:00:00+00:00, run_after=2026-06-18 00:00:00+00:00
[2026-06-18T17:41:42.155+0000] {logging_mixin.py:188} INFO - [2026-06-18T17:41:42.155+0000] {dag.py:3823} INFO - Setting next_dagrun for example_branch_datetime_operator_3 to 2026-06-17 00:00:00+00:00, run_after=2026-06-18 00:00:00+00:00
[2026-06-18T17:41:42.187+0000] {processor.py:183} INFO - Processing /home/airflow/.local/lib/python3.8/site-packages/airflow/example_dags/example_branch_datetime_operator.py took 0.199 seconds
[2026-06-18T17:42:12.866+0000] {processor.py:161} INFO - Started process (PID=6852) to work on /home/airflow/.local/lib/python3.8/site-packages/airflow/example_dags/example_branch_datetime_operator.py
[2026-06-18T17:42:12.868+0000] {processor.py:830} INFO - Processing file /home/airflow/.local/lib/python3.8/site-packages/airflow/example_dags/example_branch_datetime_operator.py for tasks to queue
[2026-06-18T17:42:12.871+0000] {logging_mixin.py:188} INFO - [2026-06-18T17:42:12.871+0000] {dagbag.py:538} INFO - Filling up the DagBag from /home/airflow/.local/lib/python3.8/site-packages/airflow/example_dags/example_branch_datetime_operator.py
[2026-06-18T17:42:12.892+0000] {processor.py:840} INFO - DAG(s) 'example_branch_datetime_operator_2', 'example_branch_datetime_operator', 'example_branch_datetime_operator_3' retrieved from /home/airflow/.local/lib/python3.8/site-packages/airflow/example_dags/example_branch_datetime_operator.py
[2026-06-18T17:42:12.950+0000] {logging_mixin.py:188} INFO - [2026-06-18T17:42:12.949+0000] {dag.py:3036} INFO - Sync 3 DAGs
[2026-06-18T17:42:13.004+0000] {logging_mixin.py:188} INFO - [2026-06-18T17:42:13.003+0000] {dag.py:3823} INFO - Setting next_dagrun for example_branch_datetime_operator to 2026-06-17 00:00:00+00:00, run_after=2026-06-18 00:00:00+00:00
[2026-06-18T17:42:13.014+0000] {logging_mixin.py:188} INFO - [2026-06-18T17:42:13.014+0000] {dag.py:3823} INFO - Setting next_dagrun for example_branch_datetime_operator_2 to 2026-06-17 00:00:00+00:00, run_after=2026-06-18 00:00:00+00:00
[2026-06-18T17:42:13.020+0000] {logging_mixin.py:188} INFO - [2026-06-18T17:42:13.019+0000] {dag.py:3823} INFO - Setting next_dagrun for example_branch_datetime_operator_3 to 2026-06-17 00:00:00+00:00, run_after=2026-06-18 00:00:00+00:00
[2026-06-18T17:42:13.054+0000] {processor.py:183} INFO - Processing /home/airflow/.local/lib/python3.8/site-packages/airflow/example_dags/example_branch_datetime_operator.py took 0.194 seconds
[2026-06-18T17:42:43.202+0000] {processor.py:161} INFO - Started process (PID=6918) to work on /home/airflow/.local/lib/python3.8/site-packages/airflow/example_dags/example_branch_datetime_operator.py
[2026-06-18T17:42:43.204+0000] {processor.py:830} INFO - Processing file /home/airflow/.local/lib/python3.8/site-packages/airflow/example_dags/example_branch_datetime_operator.py for tasks to queue
[2026-06-18T17:42:43.207+0000] {logging_mixin.py:188} INFO - [2026-06-18T17:42:43.206+0000] {dagbag.py:538} INFO - Filling up the DagBag from /home/airflow/.local/lib/python3.8/site-packages/airflow/example_dags/example_branch_datetime_operator.py
[2026-06-18T17:42:43.230+0000] {processor.py:840} INFO - DAG(s) 'example_branch_datetime_operator', 'example_branch_datetime_operator_2', 'example_branch_datetime_operator_3' retrieved from /home/airflow/.local/lib/python3.8/site-packages/airflow/example_dags/example_branch_datetime_operator.py
[2026-06-18T17:42:43.292+0000] {logging_mixin.py:188} INFO - [2026-06-18T17:42:43.291+0000] {dag.py:3036} INFO - Sync 3 DAGs
[2026-06-18T17:42:43.343+0000] {logging_mixin.py:188} INFO - [2026-06-18T17:42:43.342+0000] {dag.py:3823} INFO - Setting next_dagrun for example_branch_datetime_operator to 2026-06-17 00:00:00+00:00, run_after=2026-06-18 00:00:00+00:00
[2026-06-18T17:42:43.353+0000] {logging_mixin.py:188} INFO - [2026-06-18T17:42:43.353+0000] {dag.py:3823} INFO - Setting next_dagrun for example_branch_datetime_operator_2 to 2026-06-17 00:00:00+00:00, run_after=2026-06-18 00:00:00+00:00
[2026-06-18T17:42:43.359+0000] {logging_mixin.py:188} INFO - [2026-06-18T17:42:43.359+0000] {dag.py:3823} INFO - Setting next_dagrun for example_branch_datetime_operator_3 to 2026-06-17 00:00:00+00:00, run_after=2026-06-18 00:00:00+00:00
[2026-06-18T17:42:43.392+0000] {processor.py:183} INFO - Processing /home/airflow/.local/lib/python3.8/site-packages/airflow/example_dags/example_branch_datetime_operator.py took 0.199 seconds
[2026-06-18T17:43:14.151+0000] {processor.py:161} INFO - Started process (PID=6985) to work on /home/airflow/.local/lib/python3.8/site-packages/airflow/example_dags/example_branch_datetime_operator.py
[2026-06-18T17:43:14.154+0000] {processor.py:830} INFO - Processing file /home/airflow/.local/lib/python3.8/site-packages/airflow/example_dags/example_branch_datetime_operator.py for tasks to queue
[2026-06-18T17:43:14.157+0000] {logging_mixin.py:188} INFO - [2026-06-18T17:43:14.156+0000] {dagbag.py:538} INFO - Filling up the DagBag from /home/airflow/.local/lib/python3.8/site-packages/airflow/example_dags/example_branch_datetime_operator.py
[2026-06-18T17:43:14.179+0000] {processor.py:840} INFO - DAG(s) 'example_branch_datetime_operator', 'example_branch_datetime_operator_2', 'example_branch_datetime_operator_3' retrieved from /home/airflow/.local/lib/python3.8/site-packages/airflow/example_dags/example_branch_datetime_operator.py
[2026-06-18T17:43:14.241+0000] {logging_mixin.py:188} INFO - [2026-06-18T17:43:14.240+0000] {dag.py:3036} INFO - Sync 3 DAGs
[2026-06-18T17:43:14.291+0000] {logging_mixin.py:188} INFO - [2026-06-18T17:43:14.290+0000] {dag.py:3823} INFO - Setting next_dagrun for example_branch_datetime_operator to 2026-06-17 00:00:00+00:00, run_after=2026-06-18 00:00:00+00:00
[2026-06-18T17:43:14.301+0000] {logging_mixin.py:188} INFO - [2026-06-18T17:43:14.300+0000] {dag.py:3823} INFO - Setting next_dagrun for example_branch_datetime_operator_2 to 2026-06-17 00:00:00+00:00, run_after=2026-06-18 00:00:00+00:00
[2026-06-18T17:43:14.307+0000] {logging_mixin.py:188} INFO - [2026-06-18T17:43:14.307+0000] {dag.py:3823} INFO - Setting next_dagrun for example_branch_datetime_operator_3 to 2026-06-17 00:00:00+00:00, run_after=2026-06-18 00:00:00+00:00
[2026-06-18T17:43:14.337+0000] {processor.py:183} INFO - Processing /home/airflow/.local/lib/python3.8/site-packages/airflow/example_dags/example_branch_datetime_operator.py took 0.192 seconds
[2026-06-18T17:43:44.704+0000] {processor.py:161} INFO - Started process (PID=7050) to work on /home/airflow/.local/lib/python3.8/site-packages/airflow/example_dags/example_branch_datetime_operator.py
[2026-06-18T17:43:44.706+0000] {processor.py:830} INFO - Processing file /home/airflow/.local/lib/python3.8/site-packages/airflow/example_dags/example_branch_datetime_operator.py for tasks to queue
[2026-06-18T17:43:44.709+0000] {logging_mixin.py:188} INFO - [2026-06-18T17:43:44.708+0000] {dagbag.py:538} INFO - Filling up the DagBag from /home/airflow/.local/lib/python3.8/site-packages/airflow/example_dags/example_branch_datetime_operator.py
[2026-06-18T17:43:44.725+0000] {processor.py:840} INFO - DAG(s) 'example_branch_datetime_operator_2', 'example_branch_datetime_operator_3', 'example_branch_datetime_operator' retrieved from /home/airflow/.local/lib/python3.8/site-packages/airflow/example_dags/example_branch_datetime_operator.py
[2026-06-18T17:43:44.796+0000] {logging_mixin.py:188} INFO - [2026-06-18T17:43:44.795+0000] {dag.py:3036} INFO - Sync 3 DAGs
[2026-06-18T17:43:44.864+0000] {logging_mixin.py:188} INFO - [2026-06-18T17:43:44.863+0000] {dag.py:3823} INFO - Setting next_dagrun for example_branch_datetime_operator to 2026-06-17 00:00:00+00:00, run_after=2026-06-18 00:00:00+00:00
[2026-06-18T17:43:44.874+0000] {logging_mixin.py:188} INFO - [2026-06-18T17:43:44.874+0000] {dag.py:3823} INFO - Setting next_dagrun for example_branch_datetime_operator_2 to 2026-06-17 00:00:00+00:00, run_after=2026-06-18 00:00:00+00:00
[2026-06-18T17:43:44.881+0000] {logging_mixin.py:188} INFO - [2026-06-18T17:43:44.880+0000] {dag.py:3823} INFO - Setting next_dagrun for example_branch_datetime_operator_3 to 2026-06-17 00:00:00+00:00, run_after=2026-06-18 00:00:00+00:00
[2026-06-18T17:43:44.911+0000] {processor.py:183} INFO - Processing /home/airflow/.local/lib/python3.8/site-packages/airflow/example_dags/example_branch_datetime_operator.py took 0.212 seconds
[2026-06-18T17:44:15.384+0000] {processor.py:161} INFO - Started process (PID=7116) to work on /home/airflow/.local/lib/python3.8/site-packages/airflow/example_dags/example_branch_datetime_operator.py
[2026-06-18T17:44:15.387+0000] {processor.py:830} INFO - Processing file /home/airflow/.local/lib/python3.8/site-packages/airflow/example_dags/example_branch_datetime_operator.py for tasks to queue
[2026-06-18T17:44:15.390+0000] {logging_mixin.py:188} INFO - [2026-06-18T17:44:15.390+0000] {dagbag.py:538} INFO - Filling up the DagBag from /home/airflow/.local/lib/python3.8/site-packages/airflow/example_dags/example_branch_datetime_operator.py
[2026-06-18T17:44:15.410+0000] {processor.py:840} INFO - DAG(s) 'example_branch_datetime_operator_3', 'example_branch_datetime_operator_2', 'example_branch_datetime_operator' retrieved from /home/airflow/.local/lib/python3.8/site-packages/airflow/example_dags/example_branch_datetime_operator.py
[2026-06-18T17:44:15.466+0000] {logging_mixin.py:188} INFO - [2026-06-18T17:44:15.466+0000] {dag.py:3036} INFO - Sync 3 DAGs
[2026-06-18T17:44:15.513+0000] {logging_mixin.py:188} INFO - [2026-06-18T17:44:15.513+0000] {dag.py:3823} INFO - Setting next_dagrun for example_branch_datetime_operator to 2026-06-17 00:00:00+00:00, run_after=2026-06-18 00:00:00+00:00
[2026-06-18T17:44:15.523+0000] {logging_mixin.py:188} INFO - [2026-06-18T17:44:15.522+0000] {dag.py:3823} INFO - Setting next_dagrun for example_branch_datetime_operator_2 to 2026-06-17 00:00:00+00:00, run_after=2026-06-18 00:00:00+00:00
[2026-06-18T17:44:15.527+0000] {logging_mixin.py:188} INFO - [2026-06-18T17:44:15.527+0000] {dag.py:3823} INFO - Setting next_dagrun for example_branch_datetime_operator_3 to 2026-06-17 00:00:00+00:00, run_after=2026-06-18 00:00:00+00:00
[2026-06-18T17:44:15.556+0000] {processor.py:183} INFO - Processing /home/airflow/.local/lib/python3.8/site-packages/airflow/example_dags/example_branch_datetime_operator.py took 0.176 seconds
[2026-06-18T17:44:46.256+0000] {processor.py:161} INFO - Started process (PID=7182) to work on /home/airflow/.local/lib/python3.8/site-packages/airflow/example_dags/example_branch_datetime_operator.py
[2026-06-18T17:44:46.260+0000] {processor.py:830} INFO - Processing file /home/airflow/.local/lib/python3.8/site-packages/airflow/example_dags/example_branch_datetime_operator.py for tasks to queue
[2026-06-18T17:44:46.265+0000] {logging_mixin.py:188} INFO - [2026-06-18T17:44:46.264+0000] {dagbag.py:538} INFO - Filling up the DagBag from /home/airflow/.local/lib/python3.8/site-packages/airflow/example_dags/example_branch_datetime_operator.py
[2026-06-18T17:44:46.293+0000] {processor.py:840} INFO - DAG(s) 'example_branch_datetime_operator_2', 'example_branch_datetime_operator', 'example_branch_datetime_operator_3' retrieved from /home/airflow/.local/lib/python3.8/site-packages/airflow/example_dags/example_branch_datetime_operator.py
[2026-06-18T17:44:46.353+0000] {logging_mixin.py:188} INFO - [2026-06-18T17:44:46.353+0000] {dag.py:3036} INFO - Sync 3 DAGs
[2026-06-18T17:44:46.396+0000] {logging_mixin.py:188} INFO - [2026-06-18T17:44:46.396+0000] {dag.py:3823} INFO - Setting next_dagrun for example_branch_datetime_operator to 2026-06-17 00:00:00+00:00, run_after=2026-06-18 00:00:00+00:00
[2026-06-18T17:44:46.404+0000] {logging_mixin.py:188} INFO - [2026-06-18T17:44:46.404+0000] {dag.py:3823} INFO - Setting next_dagrun for example_branch_datetime_operator_2 to 2026-06-17 00:00:00+00:00, run_after=2026-06-18 00:00:00+00:00
[2026-06-18T17:44:46.409+0000] {logging_mixin.py:188} INFO - [2026-06-18T17:44:46.409+0000] {dag.py:3823} INFO - Setting next_dagrun for example_branch_datetime_operator_3 to 2026-06-17 00:00:00+00:00, run_after=2026-06-18 00:00:00+00:00
[2026-06-18T17:44:46.437+0000] {processor.py:183} INFO - Processing /home/airflow/.local/lib/python3.8/site-packages/airflow/example_dags/example_branch_datetime_operator.py took 0.187 seconds
[2026-06-18T17:45:16.920+0000] {processor.py:161} INFO - Started process (PID=7248) to work on /home/airflow/.local/lib/python3.8/site-packages/airflow/example_dags/example_branch_datetime_operator.py
[2026-06-18T17:45:16.922+0000] {processor.py:830} INFO - Processing file /home/airflow/.local/lib/python3.8/site-packages/airflow/example_dags/example_branch_datetime_operator.py for tasks to queue
[2026-06-18T17:45:16.926+0000] {logging_mixin.py:188} INFO - [2026-06-18T17:45:16.925+0000] {dagbag.py:538} INFO - Filling up the DagBag from /home/airflow/.local/lib/python3.8/site-packages/airflow/example_dags/example_branch_datetime_operator.py
[2026-06-18T17:45:16.945+0000] {processor.py:840} INFO - DAG(s) 'example_branch_datetime_operator', 'example_branch_datetime_operator_2', 'example_branch_datetime_operator_3' retrieved from /home/airflow/.local/lib/python3.8/site-packages/airflow/example_dags/example_branch_datetime_operator.py
[2026-06-18T17:45:17.001+0000] {logging_mixin.py:188} INFO - [2026-06-18T17:45:17.001+0000] {dag.py:3036} INFO - Sync 3 DAGs
[2026-06-18T17:45:17.048+0000] {logging_mixin.py:188} INFO - [2026-06-18T17:45:17.047+0000] {dag.py:3823} INFO - Setting next_dagrun for example_branch_datetime_operator to 2026-06-17 00:00:00+00:00, run_after=2026-06-18 00:00:00+00:00
[2026-06-18T17:45:17.057+0000] {logging_mixin.py:188} INFO - [2026-06-18T17:45:17.056+0000] {dag.py:3823} INFO - Setting next_dagrun for example_branch_datetime_operator_2 to 2026-06-17 00:00:00+00:00, run_after=2026-06-18 00:00:00+00:00
[2026-06-18T17:45:17.062+0000] {logging_mixin.py:188} INFO - [2026-06-18T17:45:17.061+0000] {dag.py:3823} INFO - Setting next_dagrun for example_branch_datetime_operator_3 to 2026-06-17 00:00:00+00:00, run_after=2026-06-18 00:00:00+00:00
[2026-06-18T17:45:17.090+0000] {processor.py:183} INFO - Processing /home/airflow/.local/lib/python3.8/site-packages/airflow/example_dags/example_branch_datetime_operator.py took 0.176 seconds
[2026-06-18T17:45:48.104+0000] {processor.py:161} INFO - Started process (PID=7314) to work on /home/airflow/.local/lib/python3.8/site-packages/airflow/example_dags/example_branch_datetime_operator.py
[2026-06-18T17:45:48.106+0000] {processor.py:830} INFO - Processing file /home/airflow/.local/lib/python3.8/site-packages/airflow/example_dags/example_branch_datetime_operator.py for tasks to queue
[2026-06-18T17:45:48.109+0000] {logging_mixin.py:188} INFO - [2026-06-18T17:45:48.108+0000] {dagbag.py:538} INFO - Filling up the DagBag from /home/airflow/.local/lib/python3.8/site-packages/airflow/example_dags/example_branch_datetime_operator.py
[2026-06-18T17:45:48.129+0000] {processor.py:840} INFO - DAG(s) 'example_branch_datetime_operator_3', 'example_branch_datetime_operator_2', 'example_branch_datetime_operator' retrieved from /home/airflow/.local/lib/python3.8/site-packages/airflow/example_dags/example_branch_datetime_operator.py
[2026-06-18T17:45:48.184+0000] {logging_mixin.py:188} INFO - [2026-06-18T17:45:48.183+0000] {dag.py:3036} INFO - Sync 3 DAGs
[2026-06-18T17:45:48.227+0000] {logging_mixin.py:188} INFO - [2026-06-18T17:45:48.227+0000] {dag.py:3823} INFO - Setting next_dagrun for example_branch_datetime_operator to 2026-06-17 00:00:00+00:00, run_after=2026-06-18 00:00:00+00:00
[2026-06-18T17:45:48.238+0000] {logging_mixin.py:188} INFO - [2026-06-18T17:45:48.238+0000] {dag.py:3823} INFO - Setting next_dagrun for example_branch_datetime_operator_2 to 2026-06-17 00:00:00+00:00, run_after=2026-06-18 00:00:00+00:00
[2026-06-18T17:45:48.245+0000] {logging_mixin.py:188} INFO - [2026-06-18T17:45:48.244+0000] {dag.py:3823} INFO - Setting next_dagrun for example_branch_datetime_operator_3 to 2026-06-17 00:00:00+00:00, run_after=2026-06-18 00:00:00+00:00
[2026-06-18T17:45:48.277+0000] {processor.py:183} INFO - Processing /home/airflow/.local/lib/python3.8/site-packages/airflow/example_dags/example_branch_datetime_operator.py took 0.178 seconds
[2026-06-18T17:46:18.920+0000] {processor.py:161} INFO - Started process (PID=7380) to work on /home/airflow/.local/lib/python3.8/site-packages/airflow/example_dags/example_branch_datetime_operator.py
[2026-06-18T17:46:18.922+0000] {processor.py:830} INFO - Processing file /home/airflow/.local/lib/python3.8/site-packages/airflow/example_dags/example_branch_datetime_operator.py for tasks to queue
[2026-06-18T17:46:18.925+0000] {logging_mixin.py:188} INFO - [2026-06-18T17:46:18.925+0000] {dagbag.py:538} INFO - Filling up the DagBag from /home/airflow/.local/lib/python3.8/site-packages/airflow/example_dags/example_branch_datetime_operator.py
[2026-06-18T17:46:18.947+0000] {processor.py:840} INFO - DAG(s) 'example_branch_datetime_operator_2', 'example_branch_datetime_operator', 'example_branch_datetime_operator_3' retrieved from /home/airflow/.local/lib/python3.8/site-packages/airflow/example_dags/example_branch_datetime_operator.py
[2026-06-18T17:46:19.006+0000] {logging_mixin.py:188} INFO - [2026-06-18T17:46:19.006+0000] {dag.py:3036} INFO - Sync 3 DAGs
[2026-06-18T17:46:19.055+0000] {logging_mixin.py:188} INFO - [2026-06-18T17:46:19.055+0000] {dag.py:3823} INFO - Setting next_dagrun for example_branch_datetime_operator to 2026-06-17 00:00:00+00:00, run_after=2026-06-18 00:00:00+00:00
[2026-06-18T17:46:19.064+0000] {logging_mixin.py:188} INFO - [2026-06-18T17:46:19.064+0000] {dag.py:3823} INFO - Setting next_dagrun for example_branch_datetime_operator_2 to 2026-06-17 00:00:00+00:00, run_after=2026-06-18 00:00:00+00:00
[2026-06-18T17:46:19.070+0000] {logging_mixin.py:188} INFO - [2026-06-18T17:46:19.070+0000] {dag.py:3823} INFO - Setting next_dagrun for example_branch_datetime_operator_3 to 2026-06-17 00:00:00+00:00, run_after=2026-06-18 00:00:00+00:00
[2026-06-18T17:46:19.103+0000] {processor.py:183} INFO - Processing /home/airflow/.local/lib/python3.8/site-packages/airflow/example_dags/example_branch_datetime_operator.py took 0.189 seconds
[2026-06-18T17:46:49.350+0000] {processor.py:161} INFO - Started process (PID=7447) to work on /home/airflow/.local/lib/python3.8/site-packages/airflow/example_dags/example_branch_datetime_operator.py
[2026-06-18T17:46:49.352+0000] {processor.py:830} INFO - Processing file /home/airflow/.local/lib/python3.8/site-packages/airflow/example_dags/example_branch_datetime_operator.py for tasks to queue
[2026-06-18T17:46:49.354+0000] {logging_mixin.py:188} INFO - [2026-06-18T17:46:49.354+0000] {dagbag.py:538} INFO - Filling up the DagBag from /home/airflow/.local/lib/python3.8/site-packages/airflow/example_dags/example_branch_datetime_operator.py
[2026-06-18T17:46:49.376+0000] {processor.py:840} INFO - DAG(s) 'example_branch_datetime_operator_2', 'example_branch_datetime_operator_3', 'example_branch_datetime_operator' retrieved from /home/airflow/.local/lib/python3.8/site-packages/airflow/example_dags/example_branch_datetime_operator.py
[2026-06-18T17:46:49.444+0000] {logging_mixin.py:188} INFO - [2026-06-18T17:46:49.444+0000] {dag.py:3036} INFO - Sync 3 DAGs
[2026-06-18T17:46:49.488+0000] {logging_mixin.py:188} INFO - [2026-06-18T17:46:49.487+0000] {dag.py:3823} INFO - Setting next_dagrun for example_branch_datetime_operator to 2026-06-17 00:00:00+00:00, run_after=2026-06-18 00:00:00+00:00
[2026-06-18T17:46:49.497+0000] {logging_mixin.py:188} INFO - [2026-06-18T17:46:49.496+0000] {dag.py:3823} INFO - Setting next_dagrun for example_branch_datetime_operator_2 to 2026-06-17 00:00:00+00:00, run_after=2026-06-18 00:00:00+00:00
[2026-06-18T17:46:49.502+0000] {logging_mixin.py:188} INFO - [2026-06-18T17:46:49.502+0000] {dag.py:3823} INFO - Setting next_dagrun for example_branch_datetime_operator_3 to 2026-06-17 00:00:00+00:00, run_after=2026-06-18 00:00:00+00:00
[2026-06-18T17:46:49.533+0000] {processor.py:183} INFO - Processing /home/airflow/.local/lib/python3.8/site-packages/airflow/example_dags/example_branch_datetime_operator.py took 0.189 seconds
[2026-06-18T17:47:20.170+0000] {processor.py:161} INFO - Started process (PID=7513) to work on /home/airflow/.local/lib/python3.8/site-packages/airflow/example_dags/example_branch_datetime_operator.py
[2026-06-18T17:47:20.173+0000] {processor.py:830} INFO - Processing file /home/airflow/.local/lib/python3.8/site-packages/airflow/example_dags/example_branch_datetime_operator.py for tasks to queue
[2026-06-18T17:47:20.178+0000] {logging_mixin.py:188} INFO - [2026-06-18T17:47:20.177+0000] {dagbag.py:538} INFO - Filling up the DagBag from /home/airflow/.local/lib/python3.8/site-packages/airflow/example_dags/example_branch_datetime_operator.py
[2026-06-18T17:47:20.203+0000] {processor.py:840} INFO - DAG(s) 'example_branch_datetime_operator', 'example_branch_datetime_operator_2', 'example_branch_datetime_operator_3' retrieved from /home/airflow/.local/lib/python3.8/site-packages/airflow/example_dags/example_branch_datetime_operator.py
[2026-06-18T17:47:20.275+0000] {logging_mixin.py:188} INFO - [2026-06-18T17:47:20.274+0000] {dag.py:3036} INFO - Sync 3 DAGs
[2026-06-18T17:47:20.325+0000] {logging_mixin.py:188} INFO - [2026-06-18T17:47:20.325+0000] {dag.py:3823} INFO - Setting next_dagrun for example_branch_datetime_operator to 2026-06-17 00:00:00+00:00, run_after=2026-06-18 00:00:00+00:00
[2026-06-18T17:47:20.335+0000] {logging_mixin.py:188} INFO - [2026-06-18T17:47:20.334+0000] {dag.py:3823} INFO - Setting next_dagrun for example_branch_datetime_operator_2 to 2026-06-17 00:00:00+00:00, run_after=2026-06-18 00:00:00+00:00
[2026-06-18T17:47:20.343+0000] {logging_mixin.py:188} INFO - [2026-06-18T17:47:20.342+0000] {dag.py:3823} INFO - Setting next_dagrun for example_branch_datetime_operator_3 to 2026-06-17 00:00:00+00:00, run_after=2026-06-18 00:00:00+00:00
[2026-06-18T17:47:20.373+0000] {processor.py:183} INFO - Processing /home/airflow/.local/lib/python3.8/site-packages/airflow/example_dags/example_branch_datetime_operator.py took 0.209 seconds
[2026-06-18T17:47:50.533+0000] {processor.py:161} INFO - Started process (PID=7580) to work on /home/airflow/.local/lib/python3.8/site-packages/airflow/example_dags/example_branch_datetime_operator.py
[2026-06-18T17:47:50.536+0000] {processor.py:830} INFO - Processing file /home/airflow/.local/lib/python3.8/site-packages/airflow/example_dags/example_branch_datetime_operator.py for tasks to queue
[2026-06-18T17:47:50.539+0000] {logging_mixin.py:188} INFO - [2026-06-18T17:47:50.539+0000] {dagbag.py:538} INFO - Filling up the DagBag from /home/airflow/.local/lib/python3.8/site-packages/airflow/example_dags/example_branch_datetime_operator.py
[2026-06-18T17:47:50.559+0000] {processor.py:840} INFO - DAG(s) 'example_branch_datetime_operator', 'example_branch_datetime_operator_3', 'example_branch_datetime_operator_2' retrieved from /home/airflow/.local/lib/python3.8/site-packages/airflow/example_dags/example_branch_datetime_operator.py
[2026-06-18T17:47:50.620+0000] {logging_mixin.py:188} INFO - [2026-06-18T17:47:50.620+0000] {dag.py:3036} INFO - Sync 3 DAGs
[2026-06-18T17:47:50.668+0000] {logging_mixin.py:188} INFO - [2026-06-18T17:47:50.668+0000] {dag.py:3823} INFO - Setting next_dagrun for example_branch_datetime_operator to 2026-06-17 00:00:00+00:00, run_after=2026-06-18 00:00:00+00:00
[2026-06-18T17:47:50.676+0000] {logging_mixin.py:188} INFO - [2026-06-18T17:47:50.676+0000] {dag.py:3823} INFO - Setting next_dagrun for example_branch_datetime_operator_2 to 2026-06-17 00:00:00+00:00, run_after=2026-06-18 00:00:00+00:00
[2026-06-18T17:47:50.682+0000] {logging_mixin.py:188} INFO - [2026-06-18T17:47:50.681+0000] {dag.py:3823} INFO - Setting next_dagrun for example_branch_datetime_operator_3 to 2026-06-17 00:00:00+00:00, run_after=2026-06-18 00:00:00+00:00
[2026-06-18T17:47:50.713+0000] {processor.py:183} INFO - Processing /home/airflow/.local/lib/python3.8/site-packages/airflow/example_dags/example_branch_datetime_operator.py took 0.185 seconds
[2026-06-18T17:48:21.443+0000] {processor.py:161} INFO - Started process (PID=7645) to work on /home/airflow/.local/lib/python3.8/site-packages/airflow/example_dags/example_branch_datetime_operator.py
[2026-06-18T17:48:21.445+0000] {processor.py:830} INFO - Processing file /home/airflow/.local/lib/python3.8/site-packages/airflow/example_dags/example_branch_datetime_operator.py for tasks to queue
[2026-06-18T17:48:21.448+0000] {logging_mixin.py:188} INFO - [2026-06-18T17:48:21.448+0000] {dagbag.py:538} INFO - Filling up the DagBag from /home/airflow/.local/lib/python3.8/site-packages/airflow/example_dags/example_branch_datetime_operator.py
[2026-06-18T17:48:21.468+0000] {processor.py:840} INFO - DAG(s) 'example_branch_datetime_operator_3', 'example_branch_datetime_operator', 'example_branch_datetime_operator_2' retrieved from /home/airflow/.local/lib/python3.8/site-packages/airflow/example_dags/example_branch_datetime_operator.py
[2026-06-18T17:48:21.520+0000] {logging_mixin.py:188} INFO - [2026-06-18T17:48:21.520+0000] {dag.py:3036} INFO - Sync 3 DAGs
[2026-06-18T17:48:21.565+0000] {logging_mixin.py:188} INFO - [2026-06-18T17:48:21.564+0000] {dag.py:3823} INFO - Setting next_dagrun for example_branch_datetime_operator to 2026-06-17 00:00:00+00:00, run_after=2026-06-18 00:00:00+00:00
[2026-06-18T17:48:21.575+0000] {logging_mixin.py:188} INFO - [2026-06-18T17:48:21.574+0000] {dag.py:3823} INFO - Setting next_dagrun for example_branch_datetime_operator_2 to 2026-06-17 00:00:00+00:00, run_after=2026-06-18 00:00:00+00:00
[2026-06-18T17:48:21.579+0000] {logging_mixin.py:188} INFO - [2026-06-18T17:48:21.579+0000] {dag.py:3823} INFO - Setting next_dagrun for example_branch_datetime_operator_3 to 2026-06-17 00:00:00+00:00, run_after=2026-06-18 00:00:00+00:00
[2026-06-18T17:48:21.609+0000] {processor.py:183} INFO - Processing /home/airflow/.local/lib/python3.8/site-packages/airflow/example_dags/example_branch_datetime_operator.py took 0.173 seconds
[2026-06-18T17:48:52.009+0000] {processor.py:161} INFO - Started process (PID=7720) to work on /home/airflow/.local/lib/python3.8/site-packages/airflow/example_dags/example_branch_datetime_operator.py
[2026-06-18T17:48:52.011+0000] {processor.py:830} INFO - Processing file /home/airflow/.local/lib/python3.8/site-packages/airflow/example_dags/example_branch_datetime_operator.py for tasks to queue
[2026-06-18T17:48:52.014+0000] {logging_mixin.py:188} INFO - [2026-06-18T17:48:52.013+0000] {dagbag.py:538} INFO - Filling up the DagBag from /home/airflow/.local/lib/python3.8/site-packages/airflow/example_dags/example_branch_datetime_operator.py
[2026-06-18T17:48:52.035+0000] {processor.py:840} INFO - DAG(s) 'example_branch_datetime_operator', 'example_branch_datetime_operator_3', 'example_branch_datetime_operator_2' retrieved from /home/airflow/.local/lib/python3.8/site-packages/airflow/example_dags/example_branch_datetime_operator.py
[2026-06-18T17:48:52.090+0000] {logging_mixin.py:188} INFO - [2026-06-18T17:48:52.089+0000] {dag.py:3036} INFO - Sync 3 DAGs
[2026-06-18T17:48:52.139+0000] {logging_mixin.py:188} INFO - [2026-06-18T17:48:52.139+0000] {dag.py:3823} INFO - Setting next_dagrun for example_branch_datetime_operator to 2026-06-17 00:00:00+00:00, run_after=2026-06-18 00:00:00+00:00
[2026-06-18T17:48:52.151+0000] {logging_mixin.py:188} INFO - [2026-06-18T17:48:52.150+0000] {dag.py:3823} INFO - Setting next_dagrun for example_branch_datetime_operator_2 to 2026-06-17 00:00:00+00:00, run_after=2026-06-18 00:00:00+00:00
[2026-06-18T17:48:52.157+0000] {logging_mixin.py:188} INFO - [2026-06-18T17:48:52.157+0000] {dag.py:3823} INFO - Setting next_dagrun for example_branch_datetime_operator_3 to 2026-06-17 00:00:00+00:00, run_after=2026-06-18 00:00:00+00:00
[2026-06-18T17:48:52.193+0000] {processor.py:183} INFO - Processing /home/airflow/.local/lib/python3.8/site-packages/airflow/example_dags/example_branch_datetime_operator.py took 0.189 seconds
[2026-06-18T17:49:22.305+0000] {processor.py:161} INFO - Started process (PID=7785) to work on /home/airflow/.local/lib/python3.8/site-packages/airflow/example_dags/example_branch_datetime_operator.py
[2026-06-18T17:49:22.306+0000] {processor.py:830} INFO - Processing file /home/airflow/.local/lib/python3.8/site-packages/airflow/example_dags/example_branch_datetime_operator.py for tasks to queue
[2026-06-18T17:49:22.308+0000] {logging_mixin.py:188} INFO - [2026-06-18T17:49:22.308+0000] {dagbag.py:538} INFO - Filling up the DagBag from /home/airflow/.local/lib/python3.8/site-packages/airflow/example_dags/example_branch_datetime_operator.py
[2026-06-18T17:49:22.330+0000] {processor.py:840} INFO - DAG(s) 'example_branch_datetime_operator_2', 'example_branch_datetime_operator', 'example_branch_datetime_operator_3' retrieved from /home/airflow/.local/lib/python3.8/site-packages/airflow/example_dags/example_branch_datetime_operator.py
[2026-06-18T17:49:22.392+0000] {logging_mixin.py:188} INFO - [2026-06-18T17:49:22.392+0000] {dag.py:3036} INFO - Sync 3 DAGs
[2026-06-18T17:49:22.443+0000] {logging_mixin.py:188} INFO - [2026-06-18T17:49:22.443+0000] {dag.py:3823} INFO - Setting next_dagrun for example_branch_datetime_operator to 2026-06-17 00:00:00+00:00, run_after=2026-06-18 00:00:00+00:00
[2026-06-18T17:49:22.452+0000] {logging_mixin.py:188} INFO - [2026-06-18T17:49:22.452+0000] {dag.py:3823} INFO - Setting next_dagrun for example_branch_datetime_operator_2 to 2026-06-17 00:00:00+00:00, run_after=2026-06-18 00:00:00+00:00
[2026-06-18T17:49:22.457+0000] {logging_mixin.py:188} INFO - [2026-06-18T17:49:22.456+0000] {dag.py:3823} INFO - Setting next_dagrun for example_branch_datetime_operator_3 to 2026-06-17 00:00:00+00:00, run_after=2026-06-18 00:00:00+00:00
[2026-06-18T17:49:22.484+0000] {processor.py:183} INFO - Processing /home/airflow/.local/lib/python3.8/site-packages/airflow/example_dags/example_branch_datetime_operator.py took 0.185 seconds
