[2026-06-18T16:50:12.610+0000] {processor.py:161} INFO - Started process (PID=51) to work on /home/airflow/.local/lib/python3.8/site-packages/airflow/example_dags/example_trigger_controller_dag.py
[2026-06-18T16:50:12.612+0000] {processor.py:830} INFO - Processing file /home/airflow/.local/lib/python3.8/site-packages/airflow/example_dags/example_trigger_controller_dag.py for tasks to queue
[2026-06-18T16:50:12.615+0000] {logging_mixin.py:188} INFO - [2026-06-18T16:50:12.614+0000] {dagbag.py:538} INFO - Filling up the DagBag from /home/airflow/.local/lib/python3.8/site-packages/airflow/example_dags/example_trigger_controller_dag.py
[2026-06-18T16:50:12.629+0000] {processor.py:840} INFO - DAG(s) 'example_trigger_controller_dag' retrieved from /home/airflow/.local/lib/python3.8/site-packages/airflow/example_dags/example_trigger_controller_dag.py
[2026-06-18T16:50:12.676+0000] {logging_mixin.py:188} INFO - [2026-06-18T16:50:12.675+0000] {dag.py:3036} INFO - Sync 1 DAGs
[2026-06-18T16:50:12.717+0000] {logging_mixin.py:188} INFO - [2026-06-18T16:50:12.716+0000] {dag.py:3823} INFO - Setting next_dagrun for example_trigger_controller_dag to 2021-01-01 00:00:00+00:00, run_after=2021-01-01 00:00:00+00:00
[2026-06-18T16:50:12.773+0000] {processor.py:183} INFO - Processing /home/airflow/.local/lib/python3.8/site-packages/airflow/example_dags/example_trigger_controller_dag.py took 0.169 seconds
[2026-06-18T16:50:43.097+0000] {processor.py:161} INFO - Started process (PID=117) to work on /home/airflow/.local/lib/python3.8/site-packages/airflow/example_dags/example_trigger_controller_dag.py
[2026-06-18T16:50:43.098+0000] {processor.py:830} INFO - Processing file /home/airflow/.local/lib/python3.8/site-packages/airflow/example_dags/example_trigger_controller_dag.py for tasks to queue
[2026-06-18T16:50:43.104+0000] {logging_mixin.py:188} INFO - [2026-06-18T16:50:43.103+0000] {dagbag.py:538} INFO - Filling up the DagBag from /home/airflow/.local/lib/python3.8/site-packages/airflow/example_dags/example_trigger_controller_dag.py
[2026-06-18T16:50:43.112+0000] {processor.py:840} INFO - DAG(s) 'example_trigger_controller_dag' retrieved from /home/airflow/.local/lib/python3.8/site-packages/airflow/example_dags/example_trigger_controller_dag.py
[2026-06-18T16:50:43.152+0000] {logging_mixin.py:188} INFO - [2026-06-18T16:50:43.151+0000] {dag.py:3036} INFO - Sync 1 DAGs
[2026-06-18T16:50:43.195+0000] {logging_mixin.py:188} INFO - [2026-06-18T16:50:43.195+0000] {dag.py:3823} INFO - Setting next_dagrun for example_trigger_controller_dag to 2021-01-01 00:00:00+00:00, run_after=2021-01-01 00:00:00+00:00
[2026-06-18T16:50:43.230+0000] {processor.py:183} INFO - Processing /home/airflow/.local/lib/python3.8/site-packages/airflow/example_dags/example_trigger_controller_dag.py took 0.139 seconds
[2026-06-18T16:51:13.531+0000] {processor.py:161} INFO - Started process (PID=184) to work on /home/airflow/.local/lib/python3.8/site-packages/airflow/example_dags/example_trigger_controller_dag.py
[2026-06-18T16:51:13.535+0000] {processor.py:830} INFO - Processing file /home/airflow/.local/lib/python3.8/site-packages/airflow/example_dags/example_trigger_controller_dag.py for tasks to queue
[2026-06-18T16:51:13.538+0000] {logging_mixin.py:188} INFO - [2026-06-18T16:51:13.537+0000] {dagbag.py:538} INFO - Filling up the DagBag from /home/airflow/.local/lib/python3.8/site-packages/airflow/example_dags/example_trigger_controller_dag.py
[2026-06-18T16:51:13.554+0000] {processor.py:840} INFO - DAG(s) 'example_trigger_controller_dag' retrieved from /home/airflow/.local/lib/python3.8/site-packages/airflow/example_dags/example_trigger_controller_dag.py
[2026-06-18T16:51:13.624+0000] {logging_mixin.py:188} INFO - [2026-06-18T16:51:13.623+0000] {dag.py:3036} INFO - Sync 1 DAGs
[2026-06-18T16:51:13.707+0000] {logging_mixin.py:188} INFO - [2026-06-18T16:51:13.707+0000] {dag.py:3823} INFO - Setting next_dagrun for example_trigger_controller_dag to 2021-01-01 00:00:00+00:00, run_after=2021-01-01 00:00:00+00:00
[2026-06-18T16:51:13.751+0000] {processor.py:183} INFO - Processing /home/airflow/.local/lib/python3.8/site-packages/airflow/example_dags/example_trigger_controller_dag.py took 0.225 seconds
[2026-06-18T16:51:44.081+0000] {processor.py:161} INFO - Started process (PID=250) to work on /home/airflow/.local/lib/python3.8/site-packages/airflow/example_dags/example_trigger_controller_dag.py
[2026-06-18T16:51:44.082+0000] {processor.py:830} INFO - Processing file /home/airflow/.local/lib/python3.8/site-packages/airflow/example_dags/example_trigger_controller_dag.py for tasks to queue
[2026-06-18T16:51:44.085+0000] {logging_mixin.py:188} INFO - [2026-06-18T16:51:44.085+0000] {dagbag.py:538} INFO - Filling up the DagBag from /home/airflow/.local/lib/python3.8/site-packages/airflow/example_dags/example_trigger_controller_dag.py
[2026-06-18T16:51:44.093+0000] {processor.py:840} INFO - DAG(s) 'example_trigger_controller_dag' retrieved from /home/airflow/.local/lib/python3.8/site-packages/airflow/example_dags/example_trigger_controller_dag.py
[2026-06-18T16:51:44.129+0000] {logging_mixin.py:188} INFO - [2026-06-18T16:51:44.128+0000] {dag.py:3036} INFO - Sync 1 DAGs
[2026-06-18T16:51:44.172+0000] {logging_mixin.py:188} INFO - [2026-06-18T16:51:44.171+0000] {dag.py:3823} INFO - Setting next_dagrun for example_trigger_controller_dag to 2021-01-01 00:00:00+00:00, run_after=2021-01-01 00:00:00+00:00
[2026-06-18T16:51:44.205+0000] {processor.py:183} INFO - Processing /home/airflow/.local/lib/python3.8/site-packages/airflow/example_dags/example_trigger_controller_dag.py took 0.129 seconds
[2026-06-18T16:52:14.375+0000] {processor.py:161} INFO - Started process (PID=316) to work on /home/airflow/.local/lib/python3.8/site-packages/airflow/example_dags/example_trigger_controller_dag.py
[2026-06-18T16:52:14.377+0000] {processor.py:830} INFO - Processing file /home/airflow/.local/lib/python3.8/site-packages/airflow/example_dags/example_trigger_controller_dag.py for tasks to queue
[2026-06-18T16:52:14.381+0000] {logging_mixin.py:188} INFO - [2026-06-18T16:52:14.380+0000] {dagbag.py:538} INFO - Filling up the DagBag from /home/airflow/.local/lib/python3.8/site-packages/airflow/example_dags/example_trigger_controller_dag.py
[2026-06-18T16:52:14.391+0000] {processor.py:840} INFO - DAG(s) 'example_trigger_controller_dag' retrieved from /home/airflow/.local/lib/python3.8/site-packages/airflow/example_dags/example_trigger_controller_dag.py
[2026-06-18T16:52:14.429+0000] {logging_mixin.py:188} INFO - [2026-06-18T16:52:14.429+0000] {dag.py:3036} INFO - Sync 1 DAGs
[2026-06-18T16:52:14.468+0000] {logging_mixin.py:188} INFO - [2026-06-18T16:52:14.468+0000] {dag.py:3823} INFO - Setting next_dagrun for example_trigger_controller_dag to 2021-01-01 00:00:00+00:00, run_after=2021-01-01 00:00:00+00:00
[2026-06-18T16:52:14.501+0000] {processor.py:183} INFO - Processing /home/airflow/.local/lib/python3.8/site-packages/airflow/example_dags/example_trigger_controller_dag.py took 0.135 seconds
[2026-06-18T16:52:44.906+0000] {processor.py:161} INFO - Started process (PID=384) to work on /home/airflow/.local/lib/python3.8/site-packages/airflow/example_dags/example_trigger_controller_dag.py
[2026-06-18T16:52:44.907+0000] {processor.py:830} INFO - Processing file /home/airflow/.local/lib/python3.8/site-packages/airflow/example_dags/example_trigger_controller_dag.py for tasks to queue
[2026-06-18T16:52:44.909+0000] {logging_mixin.py:188} INFO - [2026-06-18T16:52:44.909+0000] {dagbag.py:538} INFO - Filling up the DagBag from /home/airflow/.local/lib/python3.8/site-packages/airflow/example_dags/example_trigger_controller_dag.py
[2026-06-18T16:52:44.917+0000] {processor.py:840} INFO - DAG(s) 'example_trigger_controller_dag' retrieved from /home/airflow/.local/lib/python3.8/site-packages/airflow/example_dags/example_trigger_controller_dag.py
[2026-06-18T16:52:44.956+0000] {logging_mixin.py:188} INFO - [2026-06-18T16:52:44.956+0000] {dag.py:3036} INFO - Sync 1 DAGs
[2026-06-18T16:52:44.997+0000] {logging_mixin.py:188} INFO - [2026-06-18T16:52:44.996+0000] {dag.py:3823} INFO - Setting next_dagrun for example_trigger_controller_dag to 2021-01-01 00:00:00+00:00, run_after=2021-01-01 00:00:00+00:00
[2026-06-18T16:52:45.027+0000] {processor.py:183} INFO - Processing /home/airflow/.local/lib/python3.8/site-packages/airflow/example_dags/example_trigger_controller_dag.py took 0.126 seconds
[2026-06-18T16:53:15.229+0000] {processor.py:161} INFO - Started process (PID=450) to work on /home/airflow/.local/lib/python3.8/site-packages/airflow/example_dags/example_trigger_controller_dag.py
[2026-06-18T16:53:15.231+0000] {processor.py:830} INFO - Processing file /home/airflow/.local/lib/python3.8/site-packages/airflow/example_dags/example_trigger_controller_dag.py for tasks to queue
[2026-06-18T16:53:15.234+0000] {logging_mixin.py:188} INFO - [2026-06-18T16:53:15.233+0000] {dagbag.py:538} INFO - Filling up the DagBag from /home/airflow/.local/lib/python3.8/site-packages/airflow/example_dags/example_trigger_controller_dag.py
[2026-06-18T16:53:15.241+0000] {processor.py:840} INFO - DAG(s) 'example_trigger_controller_dag' retrieved from /home/airflow/.local/lib/python3.8/site-packages/airflow/example_dags/example_trigger_controller_dag.py
[2026-06-18T16:53:15.272+0000] {logging_mixin.py:188} INFO - [2026-06-18T16:53:15.272+0000] {dag.py:3036} INFO - Sync 1 DAGs
[2026-06-18T16:53:15.311+0000] {logging_mixin.py:188} INFO - [2026-06-18T16:53:15.311+0000] {dag.py:3823} INFO - Setting next_dagrun for example_trigger_controller_dag to 2021-01-01 00:00:00+00:00, run_after=2021-01-01 00:00:00+00:00
[2026-06-18T16:53:15.342+0000] {processor.py:183} INFO - Processing /home/airflow/.local/lib/python3.8/site-packages/airflow/example_dags/example_trigger_controller_dag.py took 0.118 seconds
[2026-06-18T16:53:45.536+0000] {processor.py:161} INFO - Started process (PID=517) to work on /home/airflow/.local/lib/python3.8/site-packages/airflow/example_dags/example_trigger_controller_dag.py
[2026-06-18T16:53:45.537+0000] {processor.py:830} INFO - Processing file /home/airflow/.local/lib/python3.8/site-packages/airflow/example_dags/example_trigger_controller_dag.py for tasks to queue
[2026-06-18T16:53:45.540+0000] {logging_mixin.py:188} INFO - [2026-06-18T16:53:45.539+0000] {dagbag.py:538} INFO - Filling up the DagBag from /home/airflow/.local/lib/python3.8/site-packages/airflow/example_dags/example_trigger_controller_dag.py
[2026-06-18T16:53:45.547+0000] {processor.py:840} INFO - DAG(s) 'example_trigger_controller_dag' retrieved from /home/airflow/.local/lib/python3.8/site-packages/airflow/example_dags/example_trigger_controller_dag.py
[2026-06-18T16:53:45.579+0000] {logging_mixin.py:188} INFO - [2026-06-18T16:53:45.579+0000] {dag.py:3036} INFO - Sync 1 DAGs
[2026-06-18T16:53:45.615+0000] {logging_mixin.py:188} INFO - [2026-06-18T16:53:45.615+0000] {dag.py:3823} INFO - Setting next_dagrun for example_trigger_controller_dag to 2021-01-01 00:00:00+00:00, run_after=2021-01-01 00:00:00+00:00
[2026-06-18T16:53:45.644+0000] {processor.py:183} INFO - Processing /home/airflow/.local/lib/python3.8/site-packages/airflow/example_dags/example_trigger_controller_dag.py took 0.113 seconds
[2026-06-18T16:54:16.152+0000] {processor.py:161} INFO - Started process (PID=584) to work on /home/airflow/.local/lib/python3.8/site-packages/airflow/example_dags/example_trigger_controller_dag.py
[2026-06-18T16:54:16.154+0000] {processor.py:830} INFO - Processing file /home/airflow/.local/lib/python3.8/site-packages/airflow/example_dags/example_trigger_controller_dag.py for tasks to queue
[2026-06-18T16:54:16.157+0000] {logging_mixin.py:188} INFO - [2026-06-18T16:54:16.156+0000] {dagbag.py:538} INFO - Filling up the DagBag from /home/airflow/.local/lib/python3.8/site-packages/airflow/example_dags/example_trigger_controller_dag.py
[2026-06-18T16:54:16.164+0000] {processor.py:840} INFO - DAG(s) 'example_trigger_controller_dag' retrieved from /home/airflow/.local/lib/python3.8/site-packages/airflow/example_dags/example_trigger_controller_dag.py
[2026-06-18T16:54:16.206+0000] {logging_mixin.py:188} INFO - [2026-06-18T16:54:16.206+0000] {dag.py:3036} INFO - Sync 1 DAGs
[2026-06-18T16:54:16.245+0000] {logging_mixin.py:188} INFO - [2026-06-18T16:54:16.244+0000] {dag.py:3823} INFO - Setting next_dagrun for example_trigger_controller_dag to 2021-01-01 00:00:00+00:00, run_after=2021-01-01 00:00:00+00:00
[2026-06-18T16:54:16.281+0000] {processor.py:183} INFO - Processing /home/airflow/.local/lib/python3.8/site-packages/airflow/example_dags/example_trigger_controller_dag.py took 0.135 seconds
[2026-06-18T16:54:46.580+0000] {processor.py:161} INFO - Started process (PID=649) to work on /home/airflow/.local/lib/python3.8/site-packages/airflow/example_dags/example_trigger_controller_dag.py
[2026-06-18T16:54:46.582+0000] {processor.py:830} INFO - Processing file /home/airflow/.local/lib/python3.8/site-packages/airflow/example_dags/example_trigger_controller_dag.py for tasks to queue
[2026-06-18T16:54:46.585+0000] {logging_mixin.py:188} INFO - [2026-06-18T16:54:46.584+0000] {dagbag.py:538} INFO - Filling up the DagBag from /home/airflow/.local/lib/python3.8/site-packages/airflow/example_dags/example_trigger_controller_dag.py
[2026-06-18T16:54:46.593+0000] {processor.py:840} INFO - DAG(s) 'example_trigger_controller_dag' retrieved from /home/airflow/.local/lib/python3.8/site-packages/airflow/example_dags/example_trigger_controller_dag.py
[2026-06-18T16:54:46.632+0000] {logging_mixin.py:188} INFO - [2026-06-18T16:54:46.631+0000] {dag.py:3036} INFO - Sync 1 DAGs
[2026-06-18T16:54:46.676+0000] {logging_mixin.py:188} INFO - [2026-06-18T16:54:46.676+0000] {dag.py:3823} INFO - Setting next_dagrun for example_trigger_controller_dag to 2021-01-01 00:00:00+00:00, run_after=2021-01-01 00:00:00+00:00
[2026-06-18T16:54:46.709+0000] {processor.py:183} INFO - Processing /home/airflow/.local/lib/python3.8/site-packages/airflow/example_dags/example_trigger_controller_dag.py took 0.135 seconds
[2026-06-18T16:55:17.071+0000] {processor.py:161} INFO - Started process (PID=716) to work on /home/airflow/.local/lib/python3.8/site-packages/airflow/example_dags/example_trigger_controller_dag.py
[2026-06-18T16:55:17.073+0000] {processor.py:830} INFO - Processing file /home/airflow/.local/lib/python3.8/site-packages/airflow/example_dags/example_trigger_controller_dag.py for tasks to queue
[2026-06-18T16:55:17.076+0000] {logging_mixin.py:188} INFO - [2026-06-18T16:55:17.075+0000] {dagbag.py:538} INFO - Filling up the DagBag from /home/airflow/.local/lib/python3.8/site-packages/airflow/example_dags/example_trigger_controller_dag.py
[2026-06-18T16:55:17.083+0000] {processor.py:840} INFO - DAG(s) 'example_trigger_controller_dag' retrieved from /home/airflow/.local/lib/python3.8/site-packages/airflow/example_dags/example_trigger_controller_dag.py
[2026-06-18T16:55:17.116+0000] {logging_mixin.py:188} INFO - [2026-06-18T16:55:17.116+0000] {dag.py:3036} INFO - Sync 1 DAGs
[2026-06-18T16:55:17.158+0000] {logging_mixin.py:188} INFO - [2026-06-18T16:55:17.157+0000] {dag.py:3823} INFO - Setting next_dagrun for example_trigger_controller_dag to 2021-01-01 00:00:00+00:00, run_after=2021-01-01 00:00:00+00:00
[2026-06-18T16:55:17.190+0000] {processor.py:183} INFO - Processing /home/airflow/.local/lib/python3.8/site-packages/airflow/example_dags/example_trigger_controller_dag.py took 0.125 seconds
[2026-06-18T16:55:47.307+0000] {processor.py:161} INFO - Started process (PID=782) to work on /home/airflow/.local/lib/python3.8/site-packages/airflow/example_dags/example_trigger_controller_dag.py
[2026-06-18T16:55:47.309+0000] {processor.py:830} INFO - Processing file /home/airflow/.local/lib/python3.8/site-packages/airflow/example_dags/example_trigger_controller_dag.py for tasks to queue
[2026-06-18T16:55:47.312+0000] {logging_mixin.py:188} INFO - [2026-06-18T16:55:47.312+0000] {dagbag.py:538} INFO - Filling up the DagBag from /home/airflow/.local/lib/python3.8/site-packages/airflow/example_dags/example_trigger_controller_dag.py
[2026-06-18T16:55:47.320+0000] {processor.py:840} INFO - DAG(s) 'example_trigger_controller_dag' retrieved from /home/airflow/.local/lib/python3.8/site-packages/airflow/example_dags/example_trigger_controller_dag.py
[2026-06-18T16:55:47.364+0000] {logging_mixin.py:188} INFO - [2026-06-18T16:55:47.364+0000] {dag.py:3036} INFO - Sync 1 DAGs
[2026-06-18T16:55:47.410+0000] {logging_mixin.py:188} INFO - [2026-06-18T16:55:47.409+0000] {dag.py:3823} INFO - Setting next_dagrun for example_trigger_controller_dag to 2021-01-01 00:00:00+00:00, run_after=2021-01-01 00:00:00+00:00
[2026-06-18T16:55:47.461+0000] {processor.py:183} INFO - Processing /home/airflow/.local/lib/python3.8/site-packages/airflow/example_dags/example_trigger_controller_dag.py took 0.159 seconds
[2026-06-18T16:56:17.846+0000] {processor.py:161} INFO - Started process (PID=849) to work on /home/airflow/.local/lib/python3.8/site-packages/airflow/example_dags/example_trigger_controller_dag.py
[2026-06-18T16:56:17.847+0000] {processor.py:830} INFO - Processing file /home/airflow/.local/lib/python3.8/site-packages/airflow/example_dags/example_trigger_controller_dag.py for tasks to queue
[2026-06-18T16:56:17.849+0000] {logging_mixin.py:188} INFO - [2026-06-18T16:56:17.849+0000] {dagbag.py:538} INFO - Filling up the DagBag from /home/airflow/.local/lib/python3.8/site-packages/airflow/example_dags/example_trigger_controller_dag.py
[2026-06-18T16:56:17.856+0000] {processor.py:840} INFO - DAG(s) 'example_trigger_controller_dag' retrieved from /home/airflow/.local/lib/python3.8/site-packages/airflow/example_dags/example_trigger_controller_dag.py
[2026-06-18T16:56:17.892+0000] {logging_mixin.py:188} INFO - [2026-06-18T16:56:17.892+0000] {dag.py:3036} INFO - Sync 1 DAGs
[2026-06-18T16:56:17.928+0000] {logging_mixin.py:188} INFO - [2026-06-18T16:56:17.928+0000] {dag.py:3823} INFO - Setting next_dagrun for example_trigger_controller_dag to 2021-01-01 00:00:00+00:00, run_after=2021-01-01 00:00:00+00:00
[2026-06-18T16:56:17.956+0000] {processor.py:183} INFO - Processing /home/airflow/.local/lib/python3.8/site-packages/airflow/example_dags/example_trigger_controller_dag.py took 0.116 seconds
[2026-06-18T16:56:48.778+0000] {processor.py:161} INFO - Started process (PID=922) to work on /home/airflow/.local/lib/python3.8/site-packages/airflow/example_dags/example_trigger_controller_dag.py
[2026-06-18T16:56:48.781+0000] {processor.py:830} INFO - Processing file /home/airflow/.local/lib/python3.8/site-packages/airflow/example_dags/example_trigger_controller_dag.py for tasks to queue
[2026-06-18T16:56:48.785+0000] {logging_mixin.py:188} INFO - [2026-06-18T16:56:48.784+0000] {dagbag.py:538} INFO - Filling up the DagBag from /home/airflow/.local/lib/python3.8/site-packages/airflow/example_dags/example_trigger_controller_dag.py
[2026-06-18T16:56:48.793+0000] {processor.py:840} INFO - DAG(s) 'example_trigger_controller_dag' retrieved from /home/airflow/.local/lib/python3.8/site-packages/airflow/example_dags/example_trigger_controller_dag.py
[2026-06-18T16:56:48.828+0000] {logging_mixin.py:188} INFO - [2026-06-18T16:56:48.828+0000] {dag.py:3036} INFO - Sync 1 DAGs
[2026-06-18T16:56:48.868+0000] {logging_mixin.py:188} INFO - [2026-06-18T16:56:48.867+0000] {dag.py:3823} INFO - Setting next_dagrun for example_trigger_controller_dag to 2021-01-01 00:00:00+00:00, run_after=2021-01-01 00:00:00+00:00
[2026-06-18T16:56:48.898+0000] {processor.py:183} INFO - Processing /home/airflow/.local/lib/python3.8/site-packages/airflow/example_dags/example_trigger_controller_dag.py took 0.127 seconds
[2026-06-18T16:57:19.524+0000] {processor.py:161} INFO - Started process (PID=988) to work on /home/airflow/.local/lib/python3.8/site-packages/airflow/example_dags/example_trigger_controller_dag.py
[2026-06-18T16:57:19.526+0000] {processor.py:830} INFO - Processing file /home/airflow/.local/lib/python3.8/site-packages/airflow/example_dags/example_trigger_controller_dag.py for tasks to queue
[2026-06-18T16:57:19.529+0000] {logging_mixin.py:188} INFO - [2026-06-18T16:57:19.529+0000] {dagbag.py:538} INFO - Filling up the DagBag from /home/airflow/.local/lib/python3.8/site-packages/airflow/example_dags/example_trigger_controller_dag.py
[2026-06-18T16:57:19.538+0000] {processor.py:840} INFO - DAG(s) 'example_trigger_controller_dag' retrieved from /home/airflow/.local/lib/python3.8/site-packages/airflow/example_dags/example_trigger_controller_dag.py
[2026-06-18T16:57:19.581+0000] {logging_mixin.py:188} INFO - [2026-06-18T16:57:19.580+0000] {dag.py:3036} INFO - Sync 1 DAGs
[2026-06-18T16:57:19.625+0000] {logging_mixin.py:188} INFO - [2026-06-18T16:57:19.624+0000] {dag.py:3823} INFO - Setting next_dagrun for example_trigger_controller_dag to 2021-01-01 00:00:00+00:00, run_after=2021-01-01 00:00:00+00:00
[2026-06-18T16:57:19.661+0000] {processor.py:183} INFO - Processing /home/airflow/.local/lib/python3.8/site-packages/airflow/example_dags/example_trigger_controller_dag.py took 0.145 seconds
[2026-06-18T16:57:50.344+0000] {processor.py:161} INFO - Started process (PID=1053) to work on /home/airflow/.local/lib/python3.8/site-packages/airflow/example_dags/example_trigger_controller_dag.py
[2026-06-18T16:57:50.347+0000] {processor.py:830} INFO - Processing file /home/airflow/.local/lib/python3.8/site-packages/airflow/example_dags/example_trigger_controller_dag.py for tasks to queue
[2026-06-18T16:57:50.349+0000] {logging_mixin.py:188} INFO - [2026-06-18T16:57:50.349+0000] {dagbag.py:538} INFO - Filling up the DagBag from /home/airflow/.local/lib/python3.8/site-packages/airflow/example_dags/example_trigger_controller_dag.py
[2026-06-18T16:57:50.357+0000] {processor.py:840} INFO - DAG(s) 'example_trigger_controller_dag' retrieved from /home/airflow/.local/lib/python3.8/site-packages/airflow/example_dags/example_trigger_controller_dag.py
[2026-06-18T16:57:50.394+0000] {logging_mixin.py:188} INFO - [2026-06-18T16:57:50.394+0000] {dag.py:3036} INFO - Sync 1 DAGs
[2026-06-18T16:57:50.433+0000] {logging_mixin.py:188} INFO - [2026-06-18T16:57:50.433+0000] {dag.py:3823} INFO - Setting next_dagrun for example_trigger_controller_dag to 2021-01-01 00:00:00+00:00, run_after=2021-01-01 00:00:00+00:00
[2026-06-18T16:57:50.475+0000] {processor.py:183} INFO - Processing /home/airflow/.local/lib/python3.8/site-packages/airflow/example_dags/example_trigger_controller_dag.py took 0.136 seconds
[2026-06-18T16:58:20.736+0000] {processor.py:161} INFO - Started process (PID=1118) to work on /home/airflow/.local/lib/python3.8/site-packages/airflow/example_dags/example_trigger_controller_dag.py
[2026-06-18T16:58:20.738+0000] {processor.py:830} INFO - Processing file /home/airflow/.local/lib/python3.8/site-packages/airflow/example_dags/example_trigger_controller_dag.py for tasks to queue
[2026-06-18T16:58:20.741+0000] {logging_mixin.py:188} INFO - [2026-06-18T16:58:20.740+0000] {dagbag.py:538} INFO - Filling up the DagBag from /home/airflow/.local/lib/python3.8/site-packages/airflow/example_dags/example_trigger_controller_dag.py
[2026-06-18T16:58:20.749+0000] {processor.py:840} INFO - DAG(s) 'example_trigger_controller_dag' retrieved from /home/airflow/.local/lib/python3.8/site-packages/airflow/example_dags/example_trigger_controller_dag.py
[2026-06-18T16:58:20.792+0000] {logging_mixin.py:188} INFO - [2026-06-18T16:58:20.791+0000] {dag.py:3036} INFO - Sync 1 DAGs
[2026-06-18T16:58:20.831+0000] {logging_mixin.py:188} INFO - [2026-06-18T16:58:20.830+0000] {dag.py:3823} INFO - Setting next_dagrun for example_trigger_controller_dag to 2021-01-01 00:00:00+00:00, run_after=2021-01-01 00:00:00+00:00
[2026-06-18T16:58:20.868+0000] {processor.py:183} INFO - Processing /home/airflow/.local/lib/python3.8/site-packages/airflow/example_dags/example_trigger_controller_dag.py took 0.138 seconds
[2026-06-18T16:58:51.036+0000] {processor.py:161} INFO - Started process (PID=1184) to work on /home/airflow/.local/lib/python3.8/site-packages/airflow/example_dags/example_trigger_controller_dag.py
[2026-06-18T16:58:51.038+0000] {processor.py:830} INFO - Processing file /home/airflow/.local/lib/python3.8/site-packages/airflow/example_dags/example_trigger_controller_dag.py for tasks to queue
[2026-06-18T16:58:51.040+0000] {logging_mixin.py:188} INFO - [2026-06-18T16:58:51.040+0000] {dagbag.py:538} INFO - Filling up the DagBag from /home/airflow/.local/lib/python3.8/site-packages/airflow/example_dags/example_trigger_controller_dag.py
[2026-06-18T16:58:51.047+0000] {processor.py:840} INFO - DAG(s) 'example_trigger_controller_dag' retrieved from /home/airflow/.local/lib/python3.8/site-packages/airflow/example_dags/example_trigger_controller_dag.py
[2026-06-18T16:58:51.072+0000] {logging_mixin.py:188} INFO - [2026-06-18T16:58:51.071+0000] {dag.py:3036} INFO - Sync 1 DAGs
[2026-06-18T16:58:51.118+0000] {logging_mixin.py:188} INFO - [2026-06-18T16:58:51.115+0000] {dag.py:3823} INFO - Setting next_dagrun for example_trigger_controller_dag to 2021-01-01 00:00:00+00:00, run_after=2021-01-01 00:00:00+00:00
[2026-06-18T16:58:51.154+0000] {processor.py:183} INFO - Processing /home/airflow/.local/lib/python3.8/site-packages/airflow/example_dags/example_trigger_controller_dag.py took 0.123 seconds
[2026-06-18T16:59:22.196+0000] {processor.py:161} INFO - Started process (PID=1250) to work on /home/airflow/.local/lib/python3.8/site-packages/airflow/example_dags/example_trigger_controller_dag.py
[2026-06-18T16:59:22.199+0000] {processor.py:830} INFO - Processing file /home/airflow/.local/lib/python3.8/site-packages/airflow/example_dags/example_trigger_controller_dag.py for tasks to queue
[2026-06-18T16:59:22.202+0000] {logging_mixin.py:188} INFO - [2026-06-18T16:59:22.201+0000] {dagbag.py:538} INFO - Filling up the DagBag from /home/airflow/.local/lib/python3.8/site-packages/airflow/example_dags/example_trigger_controller_dag.py
[2026-06-18T16:59:22.210+0000] {processor.py:840} INFO - DAG(s) 'example_trigger_controller_dag' retrieved from /home/airflow/.local/lib/python3.8/site-packages/airflow/example_dags/example_trigger_controller_dag.py
[2026-06-18T16:59:22.407+0000] {logging_mixin.py:188} INFO - [2026-06-18T16:59:22.406+0000] {dag.py:3036} INFO - Sync 1 DAGs
[2026-06-18T16:59:22.441+0000] {logging_mixin.py:188} INFO - [2026-06-18T16:59:22.440+0000] {dag.py:3823} INFO - Setting next_dagrun for example_trigger_controller_dag to 2021-01-01 00:00:00+00:00, run_after=2021-01-01 00:00:00+00:00
[2026-06-18T16:59:22.474+0000] {processor.py:183} INFO - Processing /home/airflow/.local/lib/python3.8/site-packages/airflow/example_dags/example_trigger_controller_dag.py took 0.283 seconds
[2026-06-18T16:59:52.863+0000] {processor.py:161} INFO - Started process (PID=1316) to work on /home/airflow/.local/lib/python3.8/site-packages/airflow/example_dags/example_trigger_controller_dag.py
[2026-06-18T16:59:52.865+0000] {processor.py:830} INFO - Processing file /home/airflow/.local/lib/python3.8/site-packages/airflow/example_dags/example_trigger_controller_dag.py for tasks to queue
[2026-06-18T16:59:52.868+0000] {logging_mixin.py:188} INFO - [2026-06-18T16:59:52.868+0000] {dagbag.py:538} INFO - Filling up the DagBag from /home/airflow/.local/lib/python3.8/site-packages/airflow/example_dags/example_trigger_controller_dag.py
[2026-06-18T16:59:52.877+0000] {processor.py:840} INFO - DAG(s) 'example_trigger_controller_dag' retrieved from /home/airflow/.local/lib/python3.8/site-packages/airflow/example_dags/example_trigger_controller_dag.py
[2026-06-18T16:59:52.918+0000] {logging_mixin.py:188} INFO - [2026-06-18T16:59:52.917+0000] {dag.py:3036} INFO - Sync 1 DAGs
[2026-06-18T16:59:52.963+0000] {logging_mixin.py:188} INFO - [2026-06-18T16:59:52.963+0000] {dag.py:3823} INFO - Setting next_dagrun for example_trigger_controller_dag to 2021-01-01 00:00:00+00:00, run_after=2021-01-01 00:00:00+00:00
[2026-06-18T16:59:52.997+0000] {processor.py:183} INFO - Processing /home/airflow/.local/lib/python3.8/site-packages/airflow/example_dags/example_trigger_controller_dag.py took 0.141 seconds
[2026-06-18T17:00:23.707+0000] {processor.py:161} INFO - Started process (PID=1382) to work on /home/airflow/.local/lib/python3.8/site-packages/airflow/example_dags/example_trigger_controller_dag.py
[2026-06-18T17:00:23.709+0000] {processor.py:830} INFO - Processing file /home/airflow/.local/lib/python3.8/site-packages/airflow/example_dags/example_trigger_controller_dag.py for tasks to queue
[2026-06-18T17:00:23.711+0000] {logging_mixin.py:188} INFO - [2026-06-18T17:00:23.711+0000] {dagbag.py:538} INFO - Filling up the DagBag from /home/airflow/.local/lib/python3.8/site-packages/airflow/example_dags/example_trigger_controller_dag.py
[2026-06-18T17:00:23.717+0000] {processor.py:840} INFO - DAG(s) 'example_trigger_controller_dag' retrieved from /home/airflow/.local/lib/python3.8/site-packages/airflow/example_dags/example_trigger_controller_dag.py
[2026-06-18T17:00:23.739+0000] {logging_mixin.py:188} INFO - [2026-06-18T17:00:23.739+0000] {dag.py:3036} INFO - Sync 1 DAGs
[2026-06-18T17:00:23.781+0000] {logging_mixin.py:188} INFO - [2026-06-18T17:00:23.781+0000] {dag.py:3823} INFO - Setting next_dagrun for example_trigger_controller_dag to 2021-01-01 00:00:00+00:00, run_after=2021-01-01 00:00:00+00:00
[2026-06-18T17:00:23.816+0000] {processor.py:183} INFO - Processing /home/airflow/.local/lib/python3.8/site-packages/airflow/example_dags/example_trigger_controller_dag.py took 0.114 seconds
[2026-06-18T17:00:54.673+0000] {processor.py:161} INFO - Started process (PID=1447) to work on /home/airflow/.local/lib/python3.8/site-packages/airflow/example_dags/example_trigger_controller_dag.py
[2026-06-18T17:00:54.675+0000] {processor.py:830} INFO - Processing file /home/airflow/.local/lib/python3.8/site-packages/airflow/example_dags/example_trigger_controller_dag.py for tasks to queue
[2026-06-18T17:00:54.678+0000] {logging_mixin.py:188} INFO - [2026-06-18T17:00:54.677+0000] {dagbag.py:538} INFO - Filling up the DagBag from /home/airflow/.local/lib/python3.8/site-packages/airflow/example_dags/example_trigger_controller_dag.py
[2026-06-18T17:00:54.685+0000] {processor.py:840} INFO - DAG(s) 'example_trigger_controller_dag' retrieved from /home/airflow/.local/lib/python3.8/site-packages/airflow/example_dags/example_trigger_controller_dag.py
[2026-06-18T17:00:54.887+0000] {logging_mixin.py:188} INFO - [2026-06-18T17:00:54.887+0000] {dag.py:3036} INFO - Sync 1 DAGs
[2026-06-18T17:00:54.926+0000] {logging_mixin.py:188} INFO - [2026-06-18T17:00:54.925+0000] {dag.py:3823} INFO - Setting next_dagrun for example_trigger_controller_dag to 2021-01-01 00:00:00+00:00, run_after=2021-01-01 00:00:00+00:00
[2026-06-18T17:00:54.961+0000] {processor.py:183} INFO - Processing /home/airflow/.local/lib/python3.8/site-packages/airflow/example_dags/example_trigger_controller_dag.py took 0.293 seconds
[2026-06-18T17:01:25.605+0000] {processor.py:161} INFO - Started process (PID=1513) to work on /home/airflow/.local/lib/python3.8/site-packages/airflow/example_dags/example_trigger_controller_dag.py
[2026-06-18T17:01:25.607+0000] {processor.py:830} INFO - Processing file /home/airflow/.local/lib/python3.8/site-packages/airflow/example_dags/example_trigger_controller_dag.py for tasks to queue
[2026-06-18T17:01:25.610+0000] {logging_mixin.py:188} INFO - [2026-06-18T17:01:25.609+0000] {dagbag.py:538} INFO - Filling up the DagBag from /home/airflow/.local/lib/python3.8/site-packages/airflow/example_dags/example_trigger_controller_dag.py
[2026-06-18T17:01:25.617+0000] {processor.py:840} INFO - DAG(s) 'example_trigger_controller_dag' retrieved from /home/airflow/.local/lib/python3.8/site-packages/airflow/example_dags/example_trigger_controller_dag.py
[2026-06-18T17:01:25.649+0000] {logging_mixin.py:188} INFO - [2026-06-18T17:01:25.649+0000] {dag.py:3036} INFO - Sync 1 DAGs
[2026-06-18T17:01:25.684+0000] {logging_mixin.py:188} INFO - [2026-06-18T17:01:25.683+0000] {dag.py:3823} INFO - Setting next_dagrun for example_trigger_controller_dag to 2021-01-01 00:00:00+00:00, run_after=2021-01-01 00:00:00+00:00
[2026-06-18T17:01:25.717+0000] {processor.py:183} INFO - Processing /home/airflow/.local/lib/python3.8/site-packages/airflow/example_dags/example_trigger_controller_dag.py took 0.117 seconds
[2026-06-18T17:01:56.337+0000] {processor.py:161} INFO - Started process (PID=1579) to work on /home/airflow/.local/lib/python3.8/site-packages/airflow/example_dags/example_trigger_controller_dag.py
[2026-06-18T17:01:56.339+0000] {processor.py:830} INFO - Processing file /home/airflow/.local/lib/python3.8/site-packages/airflow/example_dags/example_trigger_controller_dag.py for tasks to queue
[2026-06-18T17:01:56.341+0000] {logging_mixin.py:188} INFO - [2026-06-18T17:01:56.341+0000] {dagbag.py:538} INFO - Filling up the DagBag from /home/airflow/.local/lib/python3.8/site-packages/airflow/example_dags/example_trigger_controller_dag.py
[2026-06-18T17:01:56.349+0000] {processor.py:840} INFO - DAG(s) 'example_trigger_controller_dag' retrieved from /home/airflow/.local/lib/python3.8/site-packages/airflow/example_dags/example_trigger_controller_dag.py
[2026-06-18T17:01:56.384+0000] {logging_mixin.py:188} INFO - [2026-06-18T17:01:56.384+0000] {dag.py:3036} INFO - Sync 1 DAGs
[2026-06-18T17:01:56.422+0000] {logging_mixin.py:188} INFO - [2026-06-18T17:01:56.421+0000] {dag.py:3823} INFO - Setting next_dagrun for example_trigger_controller_dag to 2021-01-01 00:00:00+00:00, run_after=2021-01-01 00:00:00+00:00
[2026-06-18T17:01:56.459+0000] {processor.py:183} INFO - Processing /home/airflow/.local/lib/python3.8/site-packages/airflow/example_dags/example_trigger_controller_dag.py took 0.127 seconds
[2026-06-18T17:02:26.877+0000] {processor.py:161} INFO - Started process (PID=1645) to work on /home/airflow/.local/lib/python3.8/site-packages/airflow/example_dags/example_trigger_controller_dag.py
[2026-06-18T17:02:26.879+0000] {processor.py:830} INFO - Processing file /home/airflow/.local/lib/python3.8/site-packages/airflow/example_dags/example_trigger_controller_dag.py for tasks to queue
[2026-06-18T17:02:26.881+0000] {logging_mixin.py:188} INFO - [2026-06-18T17:02:26.881+0000] {dagbag.py:538} INFO - Filling up the DagBag from /home/airflow/.local/lib/python3.8/site-packages/airflow/example_dags/example_trigger_controller_dag.py
[2026-06-18T17:02:26.888+0000] {processor.py:840} INFO - DAG(s) 'example_trigger_controller_dag' retrieved from /home/airflow/.local/lib/python3.8/site-packages/airflow/example_dags/example_trigger_controller_dag.py
[2026-06-18T17:02:26.921+0000] {logging_mixin.py:188} INFO - [2026-06-18T17:02:26.921+0000] {dag.py:3036} INFO - Sync 1 DAGs
[2026-06-18T17:02:26.955+0000] {logging_mixin.py:188} INFO - [2026-06-18T17:02:26.955+0000] {dag.py:3823} INFO - Setting next_dagrun for example_trigger_controller_dag to 2021-01-01 00:00:00+00:00, run_after=2021-01-01 00:00:00+00:00
[2026-06-18T17:02:26.983+0000] {processor.py:183} INFO - Processing /home/airflow/.local/lib/python3.8/site-packages/airflow/example_dags/example_trigger_controller_dag.py took 0.111 seconds
[2026-06-18T17:02:57.412+0000] {processor.py:161} INFO - Started process (PID=1710) to work on /home/airflow/.local/lib/python3.8/site-packages/airflow/example_dags/example_trigger_controller_dag.py
[2026-06-18T17:02:57.414+0000] {processor.py:830} INFO - Processing file /home/airflow/.local/lib/python3.8/site-packages/airflow/example_dags/example_trigger_controller_dag.py for tasks to queue
[2026-06-18T17:02:57.417+0000] {logging_mixin.py:188} INFO - [2026-06-18T17:02:57.417+0000] {dagbag.py:538} INFO - Filling up the DagBag from /home/airflow/.local/lib/python3.8/site-packages/airflow/example_dags/example_trigger_controller_dag.py
[2026-06-18T17:02:57.428+0000] {processor.py:840} INFO - DAG(s) 'example_trigger_controller_dag' retrieved from /home/airflow/.local/lib/python3.8/site-packages/airflow/example_dags/example_trigger_controller_dag.py
[2026-06-18T17:02:57.465+0000] {logging_mixin.py:188} INFO - [2026-06-18T17:02:57.464+0000] {dag.py:3036} INFO - Sync 1 DAGs
[2026-06-18T17:02:57.502+0000] {logging_mixin.py:188} INFO - [2026-06-18T17:02:57.502+0000] {dag.py:3823} INFO - Setting next_dagrun for example_trigger_controller_dag to 2021-01-01 00:00:00+00:00, run_after=2021-01-01 00:00:00+00:00
[2026-06-18T17:02:57.530+0000] {processor.py:183} INFO - Processing /home/airflow/.local/lib/python3.8/site-packages/airflow/example_dags/example_trigger_controller_dag.py took 0.124 seconds
[2026-06-18T17:03:28.141+0000] {processor.py:161} INFO - Started process (PID=1776) to work on /home/airflow/.local/lib/python3.8/site-packages/airflow/example_dags/example_trigger_controller_dag.py
[2026-06-18T17:03:28.144+0000] {processor.py:830} INFO - Processing file /home/airflow/.local/lib/python3.8/site-packages/airflow/example_dags/example_trigger_controller_dag.py for tasks to queue
[2026-06-18T17:03:28.148+0000] {logging_mixin.py:188} INFO - [2026-06-18T17:03:28.147+0000] {dagbag.py:538} INFO - Filling up the DagBag from /home/airflow/.local/lib/python3.8/site-packages/airflow/example_dags/example_trigger_controller_dag.py
[2026-06-18T17:03:28.158+0000] {processor.py:840} INFO - DAG(s) 'example_trigger_controller_dag' retrieved from /home/airflow/.local/lib/python3.8/site-packages/airflow/example_dags/example_trigger_controller_dag.py
[2026-06-18T17:03:28.204+0000] {logging_mixin.py:188} INFO - [2026-06-18T17:03:28.204+0000] {dag.py:3036} INFO - Sync 1 DAGs
[2026-06-18T17:03:28.253+0000] {logging_mixin.py:188} INFO - [2026-06-18T17:03:28.253+0000] {dag.py:3823} INFO - Setting next_dagrun for example_trigger_controller_dag to 2021-01-01 00:00:00+00:00, run_after=2021-01-01 00:00:00+00:00
[2026-06-18T17:03:28.288+0000] {processor.py:183} INFO - Processing /home/airflow/.local/lib/python3.8/site-packages/airflow/example_dags/example_trigger_controller_dag.py took 0.153 seconds
[2026-06-18T17:03:58.494+0000] {processor.py:161} INFO - Started process (PID=1842) to work on /home/airflow/.local/lib/python3.8/site-packages/airflow/example_dags/example_trigger_controller_dag.py
[2026-06-18T17:03:58.496+0000] {processor.py:830} INFO - Processing file /home/airflow/.local/lib/python3.8/site-packages/airflow/example_dags/example_trigger_controller_dag.py for tasks to queue
[2026-06-18T17:03:58.500+0000] {logging_mixin.py:188} INFO - [2026-06-18T17:03:58.499+0000] {dagbag.py:538} INFO - Filling up the DagBag from /home/airflow/.local/lib/python3.8/site-packages/airflow/example_dags/example_trigger_controller_dag.py
[2026-06-18T17:03:58.509+0000] {processor.py:840} INFO - DAG(s) 'example_trigger_controller_dag' retrieved from /home/airflow/.local/lib/python3.8/site-packages/airflow/example_dags/example_trigger_controller_dag.py
[2026-06-18T17:03:58.557+0000] {logging_mixin.py:188} INFO - [2026-06-18T17:03:58.557+0000] {dag.py:3036} INFO - Sync 1 DAGs
[2026-06-18T17:03:58.599+0000] {logging_mixin.py:188} INFO - [2026-06-18T17:03:58.599+0000] {dag.py:3823} INFO - Setting next_dagrun for example_trigger_controller_dag to 2021-01-01 00:00:00+00:00, run_after=2021-01-01 00:00:00+00:00
[2026-06-18T17:03:58.637+0000] {processor.py:183} INFO - Processing /home/airflow/.local/lib/python3.8/site-packages/airflow/example_dags/example_trigger_controller_dag.py took 0.166 seconds
[2026-06-18T17:04:28.762+0000] {processor.py:161} INFO - Started process (PID=1916) to work on /home/airflow/.local/lib/python3.8/site-packages/airflow/example_dags/example_trigger_controller_dag.py
[2026-06-18T17:04:28.765+0000] {processor.py:830} INFO - Processing file /home/airflow/.local/lib/python3.8/site-packages/airflow/example_dags/example_trigger_controller_dag.py for tasks to queue
[2026-06-18T17:04:28.768+0000] {logging_mixin.py:188} INFO - [2026-06-18T17:04:28.767+0000] {dagbag.py:538} INFO - Filling up the DagBag from /home/airflow/.local/lib/python3.8/site-packages/airflow/example_dags/example_trigger_controller_dag.py
[2026-06-18T17:04:28.776+0000] {processor.py:840} INFO - DAG(s) 'example_trigger_controller_dag' retrieved from /home/airflow/.local/lib/python3.8/site-packages/airflow/example_dags/example_trigger_controller_dag.py
[2026-06-18T17:04:28.820+0000] {logging_mixin.py:188} INFO - [2026-06-18T17:04:28.820+0000] {dag.py:3036} INFO - Sync 1 DAGs
[2026-06-18T17:04:28.869+0000] {logging_mixin.py:188} INFO - [2026-06-18T17:04:28.868+0000] {dag.py:3823} INFO - Setting next_dagrun for example_trigger_controller_dag to 2021-01-01 00:00:00+00:00, run_after=2021-01-01 00:00:00+00:00
[2026-06-18T17:04:28.907+0000] {processor.py:183} INFO - Processing /home/airflow/.local/lib/python3.8/site-packages/airflow/example_dags/example_trigger_controller_dag.py took 0.150 seconds
[2026-06-18T17:04:59.307+0000] {processor.py:161} INFO - Started process (PID=1982) to work on /home/airflow/.local/lib/python3.8/site-packages/airflow/example_dags/example_trigger_controller_dag.py
[2026-06-18T17:04:59.309+0000] {processor.py:830} INFO - Processing file /home/airflow/.local/lib/python3.8/site-packages/airflow/example_dags/example_trigger_controller_dag.py for tasks to queue
[2026-06-18T17:04:59.312+0000] {logging_mixin.py:188} INFO - [2026-06-18T17:04:59.312+0000] {dagbag.py:538} INFO - Filling up the DagBag from /home/airflow/.local/lib/python3.8/site-packages/airflow/example_dags/example_trigger_controller_dag.py
[2026-06-18T17:04:59.320+0000] {processor.py:840} INFO - DAG(s) 'example_trigger_controller_dag' retrieved from /home/airflow/.local/lib/python3.8/site-packages/airflow/example_dags/example_trigger_controller_dag.py
[2026-06-18T17:04:59.375+0000] {logging_mixin.py:188} INFO - [2026-06-18T17:04:59.375+0000] {dag.py:3036} INFO - Sync 1 DAGs
[2026-06-18T17:04:59.430+0000] {logging_mixin.py:188} INFO - [2026-06-18T17:04:59.430+0000] {dag.py:3823} INFO - Setting next_dagrun for example_trigger_controller_dag to 2021-01-01 00:00:00+00:00, run_after=2021-01-01 00:00:00+00:00
[2026-06-18T17:04:59.512+0000] {processor.py:183} INFO - Processing /home/airflow/.local/lib/python3.8/site-packages/airflow/example_dags/example_trigger_controller_dag.py took 0.211 seconds
[2026-06-18T17:05:30.011+0000] {processor.py:161} INFO - Started process (PID=2048) to work on /home/airflow/.local/lib/python3.8/site-packages/airflow/example_dags/example_trigger_controller_dag.py
[2026-06-18T17:05:30.014+0000] {processor.py:830} INFO - Processing file /home/airflow/.local/lib/python3.8/site-packages/airflow/example_dags/example_trigger_controller_dag.py for tasks to queue
[2026-06-18T17:05:30.019+0000] {logging_mixin.py:188} INFO - [2026-06-18T17:05:30.018+0000] {dagbag.py:538} INFO - Filling up the DagBag from /home/airflow/.local/lib/python3.8/site-packages/airflow/example_dags/example_trigger_controller_dag.py
[2026-06-18T17:05:30.028+0000] {processor.py:840} INFO - DAG(s) 'example_trigger_controller_dag' retrieved from /home/airflow/.local/lib/python3.8/site-packages/airflow/example_dags/example_trigger_controller_dag.py
[2026-06-18T17:05:30.078+0000] {logging_mixin.py:188} INFO - [2026-06-18T17:05:30.077+0000] {dag.py:3036} INFO - Sync 1 DAGs
[2026-06-18T17:05:30.138+0000] {logging_mixin.py:188} INFO - [2026-06-18T17:05:30.137+0000] {dag.py:3823} INFO - Setting next_dagrun for example_trigger_controller_dag to 2021-01-01 00:00:00+00:00, run_after=2021-01-01 00:00:00+00:00
[2026-06-18T17:05:30.185+0000] {processor.py:183} INFO - Processing /home/airflow/.local/lib/python3.8/site-packages/airflow/example_dags/example_trigger_controller_dag.py took 0.181 seconds
[2026-06-18T17:06:00.266+0000] {processor.py:161} INFO - Started process (PID=2113) to work on /home/airflow/.local/lib/python3.8/site-packages/airflow/example_dags/example_trigger_controller_dag.py
[2026-06-18T17:06:00.268+0000] {processor.py:830} INFO - Processing file /home/airflow/.local/lib/python3.8/site-packages/airflow/example_dags/example_trigger_controller_dag.py for tasks to queue
[2026-06-18T17:06:00.271+0000] {logging_mixin.py:188} INFO - [2026-06-18T17:06:00.270+0000] {dagbag.py:538} INFO - Filling up the DagBag from /home/airflow/.local/lib/python3.8/site-packages/airflow/example_dags/example_trigger_controller_dag.py
[2026-06-18T17:06:00.279+0000] {processor.py:840} INFO - DAG(s) 'example_trigger_controller_dag' retrieved from /home/airflow/.local/lib/python3.8/site-packages/airflow/example_dags/example_trigger_controller_dag.py
[2026-06-18T17:06:00.312+0000] {logging_mixin.py:188} INFO - [2026-06-18T17:06:00.312+0000] {dag.py:3036} INFO - Sync 1 DAGs
[2026-06-18T17:06:00.353+0000] {logging_mixin.py:188} INFO - [2026-06-18T17:06:00.352+0000] {dag.py:3823} INFO - Setting next_dagrun for example_trigger_controller_dag to 2021-01-01 00:00:00+00:00, run_after=2021-01-01 00:00:00+00:00
[2026-06-18T17:06:00.389+0000] {processor.py:183} INFO - Processing /home/airflow/.local/lib/python3.8/site-packages/airflow/example_dags/example_trigger_controller_dag.py took 0.128 seconds
[2026-06-18T17:06:30.726+0000] {processor.py:161} INFO - Started process (PID=2179) to work on /home/airflow/.local/lib/python3.8/site-packages/airflow/example_dags/example_trigger_controller_dag.py
[2026-06-18T17:06:30.729+0000] {processor.py:830} INFO - Processing file /home/airflow/.local/lib/python3.8/site-packages/airflow/example_dags/example_trigger_controller_dag.py for tasks to queue
[2026-06-18T17:06:30.733+0000] {logging_mixin.py:188} INFO - [2026-06-18T17:06:30.732+0000] {dagbag.py:538} INFO - Filling up the DagBag from /home/airflow/.local/lib/python3.8/site-packages/airflow/example_dags/example_trigger_controller_dag.py
[2026-06-18T17:06:30.743+0000] {processor.py:840} INFO - DAG(s) 'example_trigger_controller_dag' retrieved from /home/airflow/.local/lib/python3.8/site-packages/airflow/example_dags/example_trigger_controller_dag.py
[2026-06-18T17:06:30.795+0000] {logging_mixin.py:188} INFO - [2026-06-18T17:06:30.795+0000] {dag.py:3036} INFO - Sync 1 DAGs
[2026-06-18T17:06:30.835+0000] {logging_mixin.py:188} INFO - [2026-06-18T17:06:30.834+0000] {dag.py:3823} INFO - Setting next_dagrun for example_trigger_controller_dag to 2021-01-01 00:00:00+00:00, run_after=2021-01-01 00:00:00+00:00
[2026-06-18T17:06:30.874+0000] {processor.py:183} INFO - Processing /home/airflow/.local/lib/python3.8/site-packages/airflow/example_dags/example_trigger_controller_dag.py took 0.155 seconds
[2026-06-18T17:07:00.971+0000] {processor.py:161} INFO - Started process (PID=2245) to work on /home/airflow/.local/lib/python3.8/site-packages/airflow/example_dags/example_trigger_controller_dag.py
[2026-06-18T17:07:00.973+0000] {processor.py:830} INFO - Processing file /home/airflow/.local/lib/python3.8/site-packages/airflow/example_dags/example_trigger_controller_dag.py for tasks to queue
[2026-06-18T17:07:00.976+0000] {logging_mixin.py:188} INFO - [2026-06-18T17:07:00.976+0000] {dagbag.py:538} INFO - Filling up the DagBag from /home/airflow/.local/lib/python3.8/site-packages/airflow/example_dags/example_trigger_controller_dag.py
[2026-06-18T17:07:00.987+0000] {processor.py:840} INFO - DAG(s) 'example_trigger_controller_dag' retrieved from /home/airflow/.local/lib/python3.8/site-packages/airflow/example_dags/example_trigger_controller_dag.py
[2026-06-18T17:07:01.028+0000] {logging_mixin.py:188} INFO - [2026-06-18T17:07:01.027+0000] {dag.py:3036} INFO - Sync 1 DAGs
[2026-06-18T17:07:01.069+0000] {logging_mixin.py:188} INFO - [2026-06-18T17:07:01.069+0000] {dag.py:3823} INFO - Setting next_dagrun for example_trigger_controller_dag to 2021-01-01 00:00:00+00:00, run_after=2021-01-01 00:00:00+00:00
[2026-06-18T17:07:01.107+0000] {processor.py:183} INFO - Processing /home/airflow/.local/lib/python3.8/site-packages/airflow/example_dags/example_trigger_controller_dag.py took 0.141 seconds
[2026-06-18T17:07:31.864+0000] {processor.py:161} INFO - Started process (PID=2310) to work on /home/airflow/.local/lib/python3.8/site-packages/airflow/example_dags/example_trigger_controller_dag.py
[2026-06-18T17:07:31.866+0000] {processor.py:830} INFO - Processing file /home/airflow/.local/lib/python3.8/site-packages/airflow/example_dags/example_trigger_controller_dag.py for tasks to queue
[2026-06-18T17:07:31.869+0000] {logging_mixin.py:188} INFO - [2026-06-18T17:07:31.868+0000] {dagbag.py:538} INFO - Filling up the DagBag from /home/airflow/.local/lib/python3.8/site-packages/airflow/example_dags/example_trigger_controller_dag.py
[2026-06-18T17:07:31.877+0000] {processor.py:840} INFO - DAG(s) 'example_trigger_controller_dag' retrieved from /home/airflow/.local/lib/python3.8/site-packages/airflow/example_dags/example_trigger_controller_dag.py
[2026-06-18T17:07:31.911+0000] {logging_mixin.py:188} INFO - [2026-06-18T17:07:31.911+0000] {dag.py:3036} INFO - Sync 1 DAGs
[2026-06-18T17:07:31.948+0000] {logging_mixin.py:188} INFO - [2026-06-18T17:07:31.948+0000] {dag.py:3823} INFO - Setting next_dagrun for example_trigger_controller_dag to 2021-01-01 00:00:00+00:00, run_after=2021-01-01 00:00:00+00:00
[2026-06-18T17:07:31.979+0000] {processor.py:183} INFO - Processing /home/airflow/.local/lib/python3.8/site-packages/airflow/example_dags/example_trigger_controller_dag.py took 0.120 seconds
[2026-06-18T17:08:02.254+0000] {processor.py:161} INFO - Started process (PID=2377) to work on /home/airflow/.local/lib/python3.8/site-packages/airflow/example_dags/example_trigger_controller_dag.py
[2026-06-18T17:08:02.256+0000] {processor.py:830} INFO - Processing file /home/airflow/.local/lib/python3.8/site-packages/airflow/example_dags/example_trigger_controller_dag.py for tasks to queue
[2026-06-18T17:08:02.259+0000] {logging_mixin.py:188} INFO - [2026-06-18T17:08:02.259+0000] {dagbag.py:538} INFO - Filling up the DagBag from /home/airflow/.local/lib/python3.8/site-packages/airflow/example_dags/example_trigger_controller_dag.py
[2026-06-18T17:08:02.269+0000] {processor.py:840} INFO - DAG(s) 'example_trigger_controller_dag' retrieved from /home/airflow/.local/lib/python3.8/site-packages/airflow/example_dags/example_trigger_controller_dag.py
[2026-06-18T17:08:02.306+0000] {logging_mixin.py:188} INFO - [2026-06-18T17:08:02.306+0000] {dag.py:3036} INFO - Sync 1 DAGs
[2026-06-18T17:08:02.349+0000] {logging_mixin.py:188} INFO - [2026-06-18T17:08:02.348+0000] {dag.py:3823} INFO - Setting next_dagrun for example_trigger_controller_dag to 2021-01-01 00:00:00+00:00, run_after=2021-01-01 00:00:00+00:00
[2026-06-18T17:08:02.387+0000] {processor.py:183} INFO - Processing /home/airflow/.local/lib/python3.8/site-packages/airflow/example_dags/example_trigger_controller_dag.py took 0.140 seconds
[2026-06-18T17:08:32.608+0000] {processor.py:161} INFO - Started process (PID=2444) to work on /home/airflow/.local/lib/python3.8/site-packages/airflow/example_dags/example_trigger_controller_dag.py
[2026-06-18T17:08:32.610+0000] {processor.py:830} INFO - Processing file /home/airflow/.local/lib/python3.8/site-packages/airflow/example_dags/example_trigger_controller_dag.py for tasks to queue
[2026-06-18T17:08:32.612+0000] {logging_mixin.py:188} INFO - [2026-06-18T17:08:32.612+0000] {dagbag.py:538} INFO - Filling up the DagBag from /home/airflow/.local/lib/python3.8/site-packages/airflow/example_dags/example_trigger_controller_dag.py
[2026-06-18T17:08:32.619+0000] {processor.py:840} INFO - DAG(s) 'example_trigger_controller_dag' retrieved from /home/airflow/.local/lib/python3.8/site-packages/airflow/example_dags/example_trigger_controller_dag.py
[2026-06-18T17:08:32.653+0000] {logging_mixin.py:188} INFO - [2026-06-18T17:08:32.653+0000] {dag.py:3036} INFO - Sync 1 DAGs
[2026-06-18T17:08:32.690+0000] {logging_mixin.py:188} INFO - [2026-06-18T17:08:32.689+0000] {dag.py:3823} INFO - Setting next_dagrun for example_trigger_controller_dag to 2021-01-01 00:00:00+00:00, run_after=2021-01-01 00:00:00+00:00
[2026-06-18T17:08:32.725+0000] {processor.py:183} INFO - Processing /home/airflow/.local/lib/python3.8/site-packages/airflow/example_dags/example_trigger_controller_dag.py took 0.122 seconds
[2026-06-18T17:09:03.350+0000] {processor.py:161} INFO - Started process (PID=2507) to work on /home/airflow/.local/lib/python3.8/site-packages/airflow/example_dags/example_trigger_controller_dag.py
[2026-06-18T17:09:03.352+0000] {processor.py:830} INFO - Processing file /home/airflow/.local/lib/python3.8/site-packages/airflow/example_dags/example_trigger_controller_dag.py for tasks to queue
[2026-06-18T17:09:03.354+0000] {logging_mixin.py:188} INFO - [2026-06-18T17:09:03.354+0000] {dagbag.py:538} INFO - Filling up the DagBag from /home/airflow/.local/lib/python3.8/site-packages/airflow/example_dags/example_trigger_controller_dag.py
[2026-06-18T17:09:03.361+0000] {processor.py:840} INFO - DAG(s) 'example_trigger_controller_dag' retrieved from /home/airflow/.local/lib/python3.8/site-packages/airflow/example_dags/example_trigger_controller_dag.py
[2026-06-18T17:09:03.395+0000] {logging_mixin.py:188} INFO - [2026-06-18T17:09:03.395+0000] {dag.py:3036} INFO - Sync 1 DAGs
[2026-06-18T17:09:03.431+0000] {logging_mixin.py:188} INFO - [2026-06-18T17:09:03.431+0000] {dag.py:3823} INFO - Setting next_dagrun for example_trigger_controller_dag to 2021-01-01 00:00:00+00:00, run_after=2021-01-01 00:00:00+00:00
[2026-06-18T17:09:03.460+0000] {processor.py:183} INFO - Processing /home/airflow/.local/lib/python3.8/site-packages/airflow/example_dags/example_trigger_controller_dag.py took 0.116 seconds
[2026-06-18T17:09:34.076+0000] {processor.py:161} INFO - Started process (PID=2573) to work on /home/airflow/.local/lib/python3.8/site-packages/airflow/example_dags/example_trigger_controller_dag.py
[2026-06-18T17:09:34.078+0000] {processor.py:830} INFO - Processing file /home/airflow/.local/lib/python3.8/site-packages/airflow/example_dags/example_trigger_controller_dag.py for tasks to queue
[2026-06-18T17:09:34.083+0000] {logging_mixin.py:188} INFO - [2026-06-18T17:09:34.082+0000] {dagbag.py:538} INFO - Filling up the DagBag from /home/airflow/.local/lib/python3.8/site-packages/airflow/example_dags/example_trigger_controller_dag.py
[2026-06-18T17:09:34.090+0000] {processor.py:840} INFO - DAG(s) 'example_trigger_controller_dag' retrieved from /home/airflow/.local/lib/python3.8/site-packages/airflow/example_dags/example_trigger_controller_dag.py
[2026-06-18T17:09:34.122+0000] {logging_mixin.py:188} INFO - [2026-06-18T17:09:34.121+0000] {dag.py:3036} INFO - Sync 1 DAGs
[2026-06-18T17:09:34.157+0000] {logging_mixin.py:188} INFO - [2026-06-18T17:09:34.156+0000] {dag.py:3823} INFO - Setting next_dagrun for example_trigger_controller_dag to 2021-01-01 00:00:00+00:00, run_after=2021-01-01 00:00:00+00:00
[2026-06-18T17:09:34.186+0000] {processor.py:183} INFO - Processing /home/airflow/.local/lib/python3.8/site-packages/airflow/example_dags/example_trigger_controller_dag.py took 0.115 seconds
[2026-06-18T17:10:04.711+0000] {processor.py:161} INFO - Started process (PID=2647) to work on /home/airflow/.local/lib/python3.8/site-packages/airflow/example_dags/example_trigger_controller_dag.py
[2026-06-18T17:10:04.712+0000] {processor.py:830} INFO - Processing file /home/airflow/.local/lib/python3.8/site-packages/airflow/example_dags/example_trigger_controller_dag.py for tasks to queue
[2026-06-18T17:10:04.715+0000] {logging_mixin.py:188} INFO - [2026-06-18T17:10:04.715+0000] {dagbag.py:538} INFO - Filling up the DagBag from /home/airflow/.local/lib/python3.8/site-packages/airflow/example_dags/example_trigger_controller_dag.py
[2026-06-18T17:10:04.724+0000] {processor.py:840} INFO - DAG(s) 'example_trigger_controller_dag' retrieved from /home/airflow/.local/lib/python3.8/site-packages/airflow/example_dags/example_trigger_controller_dag.py
[2026-06-18T17:10:04.769+0000] {logging_mixin.py:188} INFO - [2026-06-18T17:10:04.768+0000] {dag.py:3036} INFO - Sync 1 DAGs
[2026-06-18T17:10:04.809+0000] {logging_mixin.py:188} INFO - [2026-06-18T17:10:04.809+0000] {dag.py:3823} INFO - Setting next_dagrun for example_trigger_controller_dag to 2021-01-01 00:00:00+00:00, run_after=2021-01-01 00:00:00+00:00
[2026-06-18T17:10:04.840+0000] {processor.py:183} INFO - Processing /home/airflow/.local/lib/python3.8/site-packages/airflow/example_dags/example_trigger_controller_dag.py took 0.135 seconds
[2026-06-18T17:10:35.436+0000] {processor.py:161} INFO - Started process (PID=2713) to work on /home/airflow/.local/lib/python3.8/site-packages/airflow/example_dags/example_trigger_controller_dag.py
[2026-06-18T17:10:35.439+0000] {processor.py:830} INFO - Processing file /home/airflow/.local/lib/python3.8/site-packages/airflow/example_dags/example_trigger_controller_dag.py for tasks to queue
[2026-06-18T17:10:35.441+0000] {logging_mixin.py:188} INFO - [2026-06-18T17:10:35.441+0000] {dagbag.py:538} INFO - Filling up the DagBag from /home/airflow/.local/lib/python3.8/site-packages/airflow/example_dags/example_trigger_controller_dag.py
[2026-06-18T17:10:35.449+0000] {processor.py:840} INFO - DAG(s) 'example_trigger_controller_dag' retrieved from /home/airflow/.local/lib/python3.8/site-packages/airflow/example_dags/example_trigger_controller_dag.py
[2026-06-18T17:10:35.489+0000] {logging_mixin.py:188} INFO - [2026-06-18T17:10:35.489+0000] {dag.py:3036} INFO - Sync 1 DAGs
[2026-06-18T17:10:35.534+0000] {logging_mixin.py:188} INFO - [2026-06-18T17:10:35.534+0000] {dag.py:3823} INFO - Setting next_dagrun for example_trigger_controller_dag to 2021-01-01 00:00:00+00:00, run_after=2021-01-01 00:00:00+00:00
[2026-06-18T17:10:35.592+0000] {processor.py:183} INFO - Processing /home/airflow/.local/lib/python3.8/site-packages/airflow/example_dags/example_trigger_controller_dag.py took 0.161 seconds
[2026-06-18T17:11:05.877+0000] {processor.py:161} INFO - Started process (PID=2780) to work on /home/airflow/.local/lib/python3.8/site-packages/airflow/example_dags/example_trigger_controller_dag.py
[2026-06-18T17:11:05.879+0000] {processor.py:830} INFO - Processing file /home/airflow/.local/lib/python3.8/site-packages/airflow/example_dags/example_trigger_controller_dag.py for tasks to queue
[2026-06-18T17:11:05.882+0000] {logging_mixin.py:188} INFO - [2026-06-18T17:11:05.882+0000] {dagbag.py:538} INFO - Filling up the DagBag from /home/airflow/.local/lib/python3.8/site-packages/airflow/example_dags/example_trigger_controller_dag.py
[2026-06-18T17:11:05.892+0000] {processor.py:840} INFO - DAG(s) 'example_trigger_controller_dag' retrieved from /home/airflow/.local/lib/python3.8/site-packages/airflow/example_dags/example_trigger_controller_dag.py
[2026-06-18T17:11:05.931+0000] {logging_mixin.py:188} INFO - [2026-06-18T17:11:05.930+0000] {dag.py:3036} INFO - Sync 1 DAGs
[2026-06-18T17:11:05.976+0000] {logging_mixin.py:188} INFO - [2026-06-18T17:11:05.976+0000] {dag.py:3823} INFO - Setting next_dagrun for example_trigger_controller_dag to 2021-01-01 00:00:00+00:00, run_after=2021-01-01 00:00:00+00:00
[2026-06-18T17:11:06.012+0000] {processor.py:183} INFO - Processing /home/airflow/.local/lib/python3.8/site-packages/airflow/example_dags/example_trigger_controller_dag.py took 0.141 seconds
[2026-06-18T17:11:36.111+0000] {processor.py:161} INFO - Started process (PID=2845) to work on /home/airflow/.local/lib/python3.8/site-packages/airflow/example_dags/example_trigger_controller_dag.py
[2026-06-18T17:11:36.113+0000] {processor.py:830} INFO - Processing file /home/airflow/.local/lib/python3.8/site-packages/airflow/example_dags/example_trigger_controller_dag.py for tasks to queue
[2026-06-18T17:11:36.116+0000] {logging_mixin.py:188} INFO - [2026-06-18T17:11:36.116+0000] {dagbag.py:538} INFO - Filling up the DagBag from /home/airflow/.local/lib/python3.8/site-packages/airflow/example_dags/example_trigger_controller_dag.py
[2026-06-18T17:11:36.126+0000] {processor.py:840} INFO - DAG(s) 'example_trigger_controller_dag' retrieved from /home/airflow/.local/lib/python3.8/site-packages/airflow/example_dags/example_trigger_controller_dag.py
[2026-06-18T17:11:36.166+0000] {logging_mixin.py:188} INFO - [2026-06-18T17:11:36.165+0000] {dag.py:3036} INFO - Sync 1 DAGs
[2026-06-18T17:11:36.213+0000] {logging_mixin.py:188} INFO - [2026-06-18T17:11:36.213+0000] {dag.py:3823} INFO - Setting next_dagrun for example_trigger_controller_dag to 2021-01-01 00:00:00+00:00, run_after=2021-01-01 00:00:00+00:00
[2026-06-18T17:11:36.256+0000] {processor.py:183} INFO - Processing /home/airflow/.local/lib/python3.8/site-packages/airflow/example_dags/example_trigger_controller_dag.py took 0.151 seconds
[2026-06-18T17:12:07.031+0000] {processor.py:161} INFO - Started process (PID=2911) to work on /home/airflow/.local/lib/python3.8/site-packages/airflow/example_dags/example_trigger_controller_dag.py
[2026-06-18T17:12:07.033+0000] {processor.py:830} INFO - Processing file /home/airflow/.local/lib/python3.8/site-packages/airflow/example_dags/example_trigger_controller_dag.py for tasks to queue
[2026-06-18T17:12:07.036+0000] {logging_mixin.py:188} INFO - [2026-06-18T17:12:07.036+0000] {dagbag.py:538} INFO - Filling up the DagBag from /home/airflow/.local/lib/python3.8/site-packages/airflow/example_dags/example_trigger_controller_dag.py
[2026-06-18T17:12:07.044+0000] {processor.py:840} INFO - DAG(s) 'example_trigger_controller_dag' retrieved from /home/airflow/.local/lib/python3.8/site-packages/airflow/example_dags/example_trigger_controller_dag.py
[2026-06-18T17:12:07.104+0000] {logging_mixin.py:188} INFO - [2026-06-18T17:12:07.104+0000] {dag.py:3036} INFO - Sync 1 DAGs
[2026-06-18T17:12:07.364+0000] {logging_mixin.py:188} INFO - [2026-06-18T17:12:07.363+0000] {dag.py:3823} INFO - Setting next_dagrun for example_trigger_controller_dag to 2021-01-01 00:00:00+00:00, run_after=2021-01-01 00:00:00+00:00
[2026-06-18T17:12:07.399+0000] {processor.py:183} INFO - Processing /home/airflow/.local/lib/python3.8/site-packages/airflow/example_dags/example_trigger_controller_dag.py took 0.377 seconds
[2026-06-18T17:12:37.667+0000] {processor.py:161} INFO - Started process (PID=2978) to work on /home/airflow/.local/lib/python3.8/site-packages/airflow/example_dags/example_trigger_controller_dag.py
[2026-06-18T17:12:37.669+0000] {processor.py:830} INFO - Processing file /home/airflow/.local/lib/python3.8/site-packages/airflow/example_dags/example_trigger_controller_dag.py for tasks to queue
[2026-06-18T17:12:37.672+0000] {logging_mixin.py:188} INFO - [2026-06-18T17:12:37.671+0000] {dagbag.py:538} INFO - Filling up the DagBag from /home/airflow/.local/lib/python3.8/site-packages/airflow/example_dags/example_trigger_controller_dag.py
[2026-06-18T17:12:37.678+0000] {processor.py:840} INFO - DAG(s) 'example_trigger_controller_dag' retrieved from /home/airflow/.local/lib/python3.8/site-packages/airflow/example_dags/example_trigger_controller_dag.py
[2026-06-18T17:12:37.716+0000] {logging_mixin.py:188} INFO - [2026-06-18T17:12:37.715+0000] {dag.py:3036} INFO - Sync 1 DAGs
[2026-06-18T17:12:37.752+0000] {logging_mixin.py:188} INFO - [2026-06-18T17:12:37.752+0000] {dag.py:3823} INFO - Setting next_dagrun for example_trigger_controller_dag to 2021-01-01 00:00:00+00:00, run_after=2021-01-01 00:00:00+00:00
[2026-06-18T17:12:37.969+0000] {processor.py:183} INFO - Processing /home/airflow/.local/lib/python3.8/site-packages/airflow/example_dags/example_trigger_controller_dag.py took 0.307 seconds
[2026-06-18T17:13:08.107+0000] {processor.py:161} INFO - Started process (PID=3043) to work on /home/airflow/.local/lib/python3.8/site-packages/airflow/example_dags/example_trigger_controller_dag.py
[2026-06-18T17:13:08.110+0000] {processor.py:830} INFO - Processing file /home/airflow/.local/lib/python3.8/site-packages/airflow/example_dags/example_trigger_controller_dag.py for tasks to queue
[2026-06-18T17:13:08.113+0000] {logging_mixin.py:188} INFO - [2026-06-18T17:13:08.112+0000] {dagbag.py:538} INFO - Filling up the DagBag from /home/airflow/.local/lib/python3.8/site-packages/airflow/example_dags/example_trigger_controller_dag.py
[2026-06-18T17:13:08.122+0000] {processor.py:840} INFO - DAG(s) 'example_trigger_controller_dag' retrieved from /home/airflow/.local/lib/python3.8/site-packages/airflow/example_dags/example_trigger_controller_dag.py
[2026-06-18T17:13:08.166+0000] {logging_mixin.py:188} INFO - [2026-06-18T17:13:08.165+0000] {dag.py:3036} INFO - Sync 1 DAGs
[2026-06-18T17:13:08.202+0000] {logging_mixin.py:188} INFO - [2026-06-18T17:13:08.201+0000] {dag.py:3823} INFO - Setting next_dagrun for example_trigger_controller_dag to 2021-01-01 00:00:00+00:00, run_after=2021-01-01 00:00:00+00:00
[2026-06-18T17:13:08.234+0000] {processor.py:183} INFO - Processing /home/airflow/.local/lib/python3.8/site-packages/airflow/example_dags/example_trigger_controller_dag.py took 0.133 seconds
[2026-06-18T17:13:38.733+0000] {processor.py:161} INFO - Started process (PID=3108) to work on /home/airflow/.local/lib/python3.8/site-packages/airflow/example_dags/example_trigger_controller_dag.py
[2026-06-18T17:13:38.735+0000] {processor.py:830} INFO - Processing file /home/airflow/.local/lib/python3.8/site-packages/airflow/example_dags/example_trigger_controller_dag.py for tasks to queue
[2026-06-18T17:13:38.738+0000] {logging_mixin.py:188} INFO - [2026-06-18T17:13:38.737+0000] {dagbag.py:538} INFO - Filling up the DagBag from /home/airflow/.local/lib/python3.8/site-packages/airflow/example_dags/example_trigger_controller_dag.py
[2026-06-18T17:13:38.745+0000] {processor.py:840} INFO - DAG(s) 'example_trigger_controller_dag' retrieved from /home/airflow/.local/lib/python3.8/site-packages/airflow/example_dags/example_trigger_controller_dag.py
[2026-06-18T17:13:38.780+0000] {logging_mixin.py:188} INFO - [2026-06-18T17:13:38.780+0000] {dag.py:3036} INFO - Sync 1 DAGs
[2026-06-18T17:13:38.819+0000] {logging_mixin.py:188} INFO - [2026-06-18T17:13:38.818+0000] {dag.py:3823} INFO - Setting next_dagrun for example_trigger_controller_dag to 2021-01-01 00:00:00+00:00, run_after=2021-01-01 00:00:00+00:00
[2026-06-18T17:13:38.853+0000] {processor.py:183} INFO - Processing /home/airflow/.local/lib/python3.8/site-packages/airflow/example_dags/example_trigger_controller_dag.py took 0.127 seconds
[2026-06-18T17:14:09.972+0000] {processor.py:161} INFO - Started process (PID=3173) to work on /home/airflow/.local/lib/python3.8/site-packages/airflow/example_dags/example_trigger_controller_dag.py
[2026-06-18T17:14:09.974+0000] {processor.py:830} INFO - Processing file /home/airflow/.local/lib/python3.8/site-packages/airflow/example_dags/example_trigger_controller_dag.py for tasks to queue
[2026-06-18T17:14:09.977+0000] {logging_mixin.py:188} INFO - [2026-06-18T17:14:09.976+0000] {dagbag.py:538} INFO - Filling up the DagBag from /home/airflow/.local/lib/python3.8/site-packages/airflow/example_dags/example_trigger_controller_dag.py
[2026-06-18T17:14:09.986+0000] {processor.py:840} INFO - DAG(s) 'example_trigger_controller_dag' retrieved from /home/airflow/.local/lib/python3.8/site-packages/airflow/example_dags/example_trigger_controller_dag.py
[2026-06-18T17:14:10.220+0000] {logging_mixin.py:188} INFO - [2026-06-18T17:14:10.220+0000] {dag.py:3036} INFO - Sync 1 DAGs
[2026-06-18T17:14:10.257+0000] {logging_mixin.py:188} INFO - [2026-06-18T17:14:10.257+0000] {dag.py:3823} INFO - Setting next_dagrun for example_trigger_controller_dag to 2021-01-01 00:00:00+00:00, run_after=2021-01-01 00:00:00+00:00
[2026-06-18T17:14:10.286+0000] {processor.py:183} INFO - Processing /home/airflow/.local/lib/python3.8/site-packages/airflow/example_dags/example_trigger_controller_dag.py took 0.319 seconds
[2026-06-18T17:14:40.991+0000] {processor.py:161} INFO - Started process (PID=3239) to work on /home/airflow/.local/lib/python3.8/site-packages/airflow/example_dags/example_trigger_controller_dag.py
[2026-06-18T17:14:40.993+0000] {processor.py:830} INFO - Processing file /home/airflow/.local/lib/python3.8/site-packages/airflow/example_dags/example_trigger_controller_dag.py for tasks to queue
[2026-06-18T17:14:40.997+0000] {logging_mixin.py:188} INFO - [2026-06-18T17:14:40.996+0000] {dagbag.py:538} INFO - Filling up the DagBag from /home/airflow/.local/lib/python3.8/site-packages/airflow/example_dags/example_trigger_controller_dag.py
[2026-06-18T17:14:41.005+0000] {processor.py:840} INFO - DAG(s) 'example_trigger_controller_dag' retrieved from /home/airflow/.local/lib/python3.8/site-packages/airflow/example_dags/example_trigger_controller_dag.py
[2026-06-18T17:14:41.048+0000] {logging_mixin.py:188} INFO - [2026-06-18T17:14:41.048+0000] {dag.py:3036} INFO - Sync 1 DAGs
[2026-06-18T17:14:41.088+0000] {logging_mixin.py:188} INFO - [2026-06-18T17:14:41.088+0000] {dag.py:3823} INFO - Setting next_dagrun for example_trigger_controller_dag to 2021-01-01 00:00:00+00:00, run_after=2021-01-01 00:00:00+00:00
[2026-06-18T17:14:41.117+0000] {processor.py:183} INFO - Processing /home/airflow/.local/lib/python3.8/site-packages/airflow/example_dags/example_trigger_controller_dag.py took 0.132 seconds
[2026-06-18T17:15:11.392+0000] {processor.py:161} INFO - Started process (PID=3306) to work on /home/airflow/.local/lib/python3.8/site-packages/airflow/example_dags/example_trigger_controller_dag.py
[2026-06-18T17:15:11.394+0000] {processor.py:830} INFO - Processing file /home/airflow/.local/lib/python3.8/site-packages/airflow/example_dags/example_trigger_controller_dag.py for tasks to queue
[2026-06-18T17:15:11.396+0000] {logging_mixin.py:188} INFO - [2026-06-18T17:15:11.396+0000] {dagbag.py:538} INFO - Filling up the DagBag from /home/airflow/.local/lib/python3.8/site-packages/airflow/example_dags/example_trigger_controller_dag.py
[2026-06-18T17:15:11.403+0000] {processor.py:840} INFO - DAG(s) 'example_trigger_controller_dag' retrieved from /home/airflow/.local/lib/python3.8/site-packages/airflow/example_dags/example_trigger_controller_dag.py
[2026-06-18T17:15:11.436+0000] {logging_mixin.py:188} INFO - [2026-06-18T17:15:11.435+0000] {dag.py:3036} INFO - Sync 1 DAGs
[2026-06-18T17:15:11.473+0000] {logging_mixin.py:188} INFO - [2026-06-18T17:15:11.472+0000] {dag.py:3823} INFO - Setting next_dagrun for example_trigger_controller_dag to 2021-01-01 00:00:00+00:00, run_after=2021-01-01 00:00:00+00:00
[2026-06-18T17:15:11.502+0000] {processor.py:183} INFO - Processing /home/airflow/.local/lib/python3.8/site-packages/airflow/example_dags/example_trigger_controller_dag.py took 0.115 seconds
[2026-06-18T17:15:41.683+0000] {processor.py:161} INFO - Started process (PID=3371) to work on /home/airflow/.local/lib/python3.8/site-packages/airflow/example_dags/example_trigger_controller_dag.py
[2026-06-18T17:15:41.684+0000] {processor.py:830} INFO - Processing file /home/airflow/.local/lib/python3.8/site-packages/airflow/example_dags/example_trigger_controller_dag.py for tasks to queue
[2026-06-18T17:15:41.687+0000] {logging_mixin.py:188} INFO - [2026-06-18T17:15:41.687+0000] {dagbag.py:538} INFO - Filling up the DagBag from /home/airflow/.local/lib/python3.8/site-packages/airflow/example_dags/example_trigger_controller_dag.py
[2026-06-18T17:15:41.694+0000] {processor.py:840} INFO - DAG(s) 'example_trigger_controller_dag' retrieved from /home/airflow/.local/lib/python3.8/site-packages/airflow/example_dags/example_trigger_controller_dag.py
[2026-06-18T17:15:41.734+0000] {logging_mixin.py:188} INFO - [2026-06-18T17:15:41.734+0000] {dag.py:3036} INFO - Sync 1 DAGs
[2026-06-18T17:15:41.773+0000] {logging_mixin.py:188} INFO - [2026-06-18T17:15:41.773+0000] {dag.py:3823} INFO - Setting next_dagrun for example_trigger_controller_dag to 2021-01-01 00:00:00+00:00, run_after=2021-01-01 00:00:00+00:00
[2026-06-18T17:15:41.802+0000] {processor.py:183} INFO - Processing /home/airflow/.local/lib/python3.8/site-packages/airflow/example_dags/example_trigger_controller_dag.py took 0.124 seconds
[2026-06-18T17:16:12.231+0000] {processor.py:161} INFO - Started process (PID=3437) to work on /home/airflow/.local/lib/python3.8/site-packages/airflow/example_dags/example_trigger_controller_dag.py
[2026-06-18T17:16:12.232+0000] {processor.py:830} INFO - Processing file /home/airflow/.local/lib/python3.8/site-packages/airflow/example_dags/example_trigger_controller_dag.py for tasks to queue
[2026-06-18T17:16:12.235+0000] {logging_mixin.py:188} INFO - [2026-06-18T17:16:12.234+0000] {dagbag.py:538} INFO - Filling up the DagBag from /home/airflow/.local/lib/python3.8/site-packages/airflow/example_dags/example_trigger_controller_dag.py
[2026-06-18T17:16:12.242+0000] {processor.py:840} INFO - DAG(s) 'example_trigger_controller_dag' retrieved from /home/airflow/.local/lib/python3.8/site-packages/airflow/example_dags/example_trigger_controller_dag.py
[2026-06-18T17:16:12.276+0000] {logging_mixin.py:188} INFO - [2026-06-18T17:16:12.276+0000] {dag.py:3036} INFO - Sync 1 DAGs
[2026-06-18T17:16:12.310+0000] {logging_mixin.py:188} INFO - [2026-06-18T17:16:12.310+0000] {dag.py:3823} INFO - Setting next_dagrun for example_trigger_controller_dag to 2021-01-01 00:00:00+00:00, run_after=2021-01-01 00:00:00+00:00
[2026-06-18T17:16:12.340+0000] {processor.py:183} INFO - Processing /home/airflow/.local/lib/python3.8/site-packages/airflow/example_dags/example_trigger_controller_dag.py took 0.114 seconds
[2026-06-18T17:16:42.487+0000] {processor.py:161} INFO - Started process (PID=3502) to work on /home/airflow/.local/lib/python3.8/site-packages/airflow/example_dags/example_trigger_controller_dag.py
[2026-06-18T17:16:42.490+0000] {processor.py:830} INFO - Processing file /home/airflow/.local/lib/python3.8/site-packages/airflow/example_dags/example_trigger_controller_dag.py for tasks to queue
[2026-06-18T17:16:42.493+0000] {logging_mixin.py:188} INFO - [2026-06-18T17:16:42.493+0000] {dagbag.py:538} INFO - Filling up the DagBag from /home/airflow/.local/lib/python3.8/site-packages/airflow/example_dags/example_trigger_controller_dag.py
[2026-06-18T17:16:42.506+0000] {processor.py:840} INFO - DAG(s) 'example_trigger_controller_dag' retrieved from /home/airflow/.local/lib/python3.8/site-packages/airflow/example_dags/example_trigger_controller_dag.py
[2026-06-18T17:16:42.574+0000] {logging_mixin.py:188} INFO - [2026-06-18T17:16:42.573+0000] {dag.py:3036} INFO - Sync 1 DAGs
[2026-06-18T17:16:42.622+0000] {logging_mixin.py:188} INFO - [2026-06-18T17:16:42.621+0000] {dag.py:3823} INFO - Setting next_dagrun for example_trigger_controller_dag to 2021-01-01 00:00:00+00:00, run_after=2021-01-01 00:00:00+00:00
[2026-06-18T17:16:42.658+0000] {processor.py:183} INFO - Processing /home/airflow/.local/lib/python3.8/site-packages/airflow/example_dags/example_trigger_controller_dag.py took 0.177 seconds
[2026-06-18T17:17:12.814+0000] {processor.py:161} INFO - Started process (PID=3569) to work on /home/airflow/.local/lib/python3.8/site-packages/airflow/example_dags/example_trigger_controller_dag.py
[2026-06-18T17:17:12.815+0000] {processor.py:830} INFO - Processing file /home/airflow/.local/lib/python3.8/site-packages/airflow/example_dags/example_trigger_controller_dag.py for tasks to queue
[2026-06-18T17:17:12.818+0000] {logging_mixin.py:188} INFO - [2026-06-18T17:17:12.817+0000] {dagbag.py:538} INFO - Filling up the DagBag from /home/airflow/.local/lib/python3.8/site-packages/airflow/example_dags/example_trigger_controller_dag.py
[2026-06-18T17:17:12.825+0000] {processor.py:840} INFO - DAG(s) 'example_trigger_controller_dag' retrieved from /home/airflow/.local/lib/python3.8/site-packages/airflow/example_dags/example_trigger_controller_dag.py
[2026-06-18T17:17:12.860+0000] {logging_mixin.py:188} INFO - [2026-06-18T17:17:12.859+0000] {dag.py:3036} INFO - Sync 1 DAGs
[2026-06-18T17:17:12.896+0000] {logging_mixin.py:188} INFO - [2026-06-18T17:17:12.895+0000] {dag.py:3823} INFO - Setting next_dagrun for example_trigger_controller_dag to 2021-01-01 00:00:00+00:00, run_after=2021-01-01 00:00:00+00:00
[2026-06-18T17:17:12.928+0000] {processor.py:183} INFO - Processing /home/airflow/.local/lib/python3.8/site-packages/airflow/example_dags/example_trigger_controller_dag.py took 0.118 seconds
[2026-06-18T17:17:43.216+0000] {processor.py:161} INFO - Started process (PID=3635) to work on /home/airflow/.local/lib/python3.8/site-packages/airflow/example_dags/example_trigger_controller_dag.py
[2026-06-18T17:17:43.218+0000] {processor.py:830} INFO - Processing file /home/airflow/.local/lib/python3.8/site-packages/airflow/example_dags/example_trigger_controller_dag.py for tasks to queue
[2026-06-18T17:17:43.221+0000] {logging_mixin.py:188} INFO - [2026-06-18T17:17:43.221+0000] {dagbag.py:538} INFO - Filling up the DagBag from /home/airflow/.local/lib/python3.8/site-packages/airflow/example_dags/example_trigger_controller_dag.py
[2026-06-18T17:17:43.228+0000] {processor.py:840} INFO - DAG(s) 'example_trigger_controller_dag' retrieved from /home/airflow/.local/lib/python3.8/site-packages/airflow/example_dags/example_trigger_controller_dag.py
[2026-06-18T17:17:43.263+0000] {logging_mixin.py:188} INFO - [2026-06-18T17:17:43.263+0000] {dag.py:3036} INFO - Sync 1 DAGs
[2026-06-18T17:17:43.300+0000] {logging_mixin.py:188} INFO - [2026-06-18T17:17:43.300+0000] {dag.py:3823} INFO - Setting next_dagrun for example_trigger_controller_dag to 2021-01-01 00:00:00+00:00, run_after=2021-01-01 00:00:00+00:00
[2026-06-18T17:17:43.330+0000] {processor.py:183} INFO - Processing /home/airflow/.local/lib/python3.8/site-packages/airflow/example_dags/example_trigger_controller_dag.py took 0.120 seconds
[2026-06-18T17:18:13.991+0000] {processor.py:161} INFO - Started process (PID=3710) to work on /home/airflow/.local/lib/python3.8/site-packages/airflow/example_dags/example_trigger_controller_dag.py
[2026-06-18T17:18:13.992+0000] {processor.py:830} INFO - Processing file /home/airflow/.local/lib/python3.8/site-packages/airflow/example_dags/example_trigger_controller_dag.py for tasks to queue
[2026-06-18T17:18:13.995+0000] {logging_mixin.py:188} INFO - [2026-06-18T17:18:13.995+0000] {dagbag.py:538} INFO - Filling up the DagBag from /home/airflow/.local/lib/python3.8/site-packages/airflow/example_dags/example_trigger_controller_dag.py
[2026-06-18T17:18:14.003+0000] {processor.py:840} INFO - DAG(s) 'example_trigger_controller_dag' retrieved from /home/airflow/.local/lib/python3.8/site-packages/airflow/example_dags/example_trigger_controller_dag.py
[2026-06-18T17:18:14.036+0000] {logging_mixin.py:188} INFO - [2026-06-18T17:18:14.036+0000] {dag.py:3036} INFO - Sync 1 DAGs
[2026-06-18T17:18:14.073+0000] {logging_mixin.py:188} INFO - [2026-06-18T17:18:14.072+0000] {dag.py:3823} INFO - Setting next_dagrun for example_trigger_controller_dag to 2021-01-01 00:00:00+00:00, run_after=2021-01-01 00:00:00+00:00
[2026-06-18T17:18:14.101+0000] {processor.py:183} INFO - Processing /home/airflow/.local/lib/python3.8/site-packages/airflow/example_dags/example_trigger_controller_dag.py took 0.115 seconds
[2026-06-18T17:18:44.564+0000] {processor.py:161} INFO - Started process (PID=3776) to work on /home/airflow/.local/lib/python3.8/site-packages/airflow/example_dags/example_trigger_controller_dag.py
[2026-06-18T17:18:44.566+0000] {processor.py:830} INFO - Processing file /home/airflow/.local/lib/python3.8/site-packages/airflow/example_dags/example_trigger_controller_dag.py for tasks to queue
[2026-06-18T17:18:44.569+0000] {logging_mixin.py:188} INFO - [2026-06-18T17:18:44.569+0000] {dagbag.py:538} INFO - Filling up the DagBag from /home/airflow/.local/lib/python3.8/site-packages/airflow/example_dags/example_trigger_controller_dag.py
[2026-06-18T17:18:44.577+0000] {processor.py:840} INFO - DAG(s) 'example_trigger_controller_dag' retrieved from /home/airflow/.local/lib/python3.8/site-packages/airflow/example_dags/example_trigger_controller_dag.py
[2026-06-18T17:18:44.616+0000] {logging_mixin.py:188} INFO - [2026-06-18T17:18:44.615+0000] {dag.py:3036} INFO - Sync 1 DAGs
[2026-06-18T17:18:44.658+0000] {logging_mixin.py:188} INFO - [2026-06-18T17:18:44.657+0000] {dag.py:3823} INFO - Setting next_dagrun for example_trigger_controller_dag to 2021-01-01 00:00:00+00:00, run_after=2021-01-01 00:00:00+00:00
[2026-06-18T17:18:44.700+0000] {processor.py:183} INFO - Processing /home/airflow/.local/lib/python3.8/site-packages/airflow/example_dags/example_trigger_controller_dag.py took 0.143 seconds
[2026-06-18T17:19:14.872+0000] {processor.py:161} INFO - Started process (PID=3842) to work on /home/airflow/.local/lib/python3.8/site-packages/airflow/example_dags/example_trigger_controller_dag.py
[2026-06-18T17:19:14.873+0000] {processor.py:830} INFO - Processing file /home/airflow/.local/lib/python3.8/site-packages/airflow/example_dags/example_trigger_controller_dag.py for tasks to queue
[2026-06-18T17:19:14.876+0000] {logging_mixin.py:188} INFO - [2026-06-18T17:19:14.875+0000] {dagbag.py:538} INFO - Filling up the DagBag from /home/airflow/.local/lib/python3.8/site-packages/airflow/example_dags/example_trigger_controller_dag.py
[2026-06-18T17:19:14.882+0000] {processor.py:840} INFO - DAG(s) 'example_trigger_controller_dag' retrieved from /home/airflow/.local/lib/python3.8/site-packages/airflow/example_dags/example_trigger_controller_dag.py
[2026-06-18T17:19:14.922+0000] {logging_mixin.py:188} INFO - [2026-06-18T17:19:14.921+0000] {dag.py:3036} INFO - Sync 1 DAGs
[2026-06-18T17:19:14.975+0000] {logging_mixin.py:188} INFO - [2026-06-18T17:19:14.975+0000] {dag.py:3823} INFO - Setting next_dagrun for example_trigger_controller_dag to 2021-01-01 00:00:00+00:00, run_after=2021-01-01 00:00:00+00:00
[2026-06-18T17:19:15.008+0000] {processor.py:183} INFO - Processing /home/airflow/.local/lib/python3.8/site-packages/airflow/example_dags/example_trigger_controller_dag.py took 0.141 seconds
[2026-06-18T17:19:45.198+0000] {processor.py:161} INFO - Started process (PID=3911) to work on /home/airflow/.local/lib/python3.8/site-packages/airflow/example_dags/example_trigger_controller_dag.py
[2026-06-18T17:19:45.200+0000] {processor.py:830} INFO - Processing file /home/airflow/.local/lib/python3.8/site-packages/airflow/example_dags/example_trigger_controller_dag.py for tasks to queue
[2026-06-18T17:19:45.203+0000] {logging_mixin.py:188} INFO - [2026-06-18T17:19:45.202+0000] {dagbag.py:538} INFO - Filling up the DagBag from /home/airflow/.local/lib/python3.8/site-packages/airflow/example_dags/example_trigger_controller_dag.py
[2026-06-18T17:19:45.209+0000] {processor.py:840} INFO - DAG(s) 'example_trigger_controller_dag' retrieved from /home/airflow/.local/lib/python3.8/site-packages/airflow/example_dags/example_trigger_controller_dag.py
[2026-06-18T17:19:45.240+0000] {logging_mixin.py:188} INFO - [2026-06-18T17:19:45.240+0000] {dag.py:3036} INFO - Sync 1 DAGs
[2026-06-18T17:19:45.278+0000] {logging_mixin.py:188} INFO - [2026-06-18T17:19:45.278+0000] {dag.py:3823} INFO - Setting next_dagrun for example_trigger_controller_dag to 2021-01-01 00:00:00+00:00, run_after=2021-01-01 00:00:00+00:00
[2026-06-18T17:19:45.307+0000] {processor.py:183} INFO - Processing /home/airflow/.local/lib/python3.8/site-packages/airflow/example_dags/example_trigger_controller_dag.py took 0.114 seconds
[2026-06-18T17:20:15.667+0000] {processor.py:161} INFO - Started process (PID=3977) to work on /home/airflow/.local/lib/python3.8/site-packages/airflow/example_dags/example_trigger_controller_dag.py
[2026-06-18T17:20:15.669+0000] {processor.py:830} INFO - Processing file /home/airflow/.local/lib/python3.8/site-packages/airflow/example_dags/example_trigger_controller_dag.py for tasks to queue
[2026-06-18T17:20:15.672+0000] {logging_mixin.py:188} INFO - [2026-06-18T17:20:15.671+0000] {dagbag.py:538} INFO - Filling up the DagBag from /home/airflow/.local/lib/python3.8/site-packages/airflow/example_dags/example_trigger_controller_dag.py
[2026-06-18T17:20:15.681+0000] {processor.py:840} INFO - DAG(s) 'example_trigger_controller_dag' retrieved from /home/airflow/.local/lib/python3.8/site-packages/airflow/example_dags/example_trigger_controller_dag.py
[2026-06-18T17:20:15.721+0000] {logging_mixin.py:188} INFO - [2026-06-18T17:20:15.720+0000] {dag.py:3036} INFO - Sync 1 DAGs
[2026-06-18T17:20:15.762+0000] {logging_mixin.py:188} INFO - [2026-06-18T17:20:15.761+0000] {dag.py:3823} INFO - Setting next_dagrun for example_trigger_controller_dag to 2021-01-01 00:00:00+00:00, run_after=2021-01-01 00:00:00+00:00
[2026-06-18T17:20:15.799+0000] {processor.py:183} INFO - Processing /home/airflow/.local/lib/python3.8/site-packages/airflow/example_dags/example_trigger_controller_dag.py took 0.139 seconds
[2026-06-18T17:20:46.079+0000] {processor.py:161} INFO - Started process (PID=4044) to work on /home/airflow/.local/lib/python3.8/site-packages/airflow/example_dags/example_trigger_controller_dag.py
[2026-06-18T17:20:46.081+0000] {processor.py:830} INFO - Processing file /home/airflow/.local/lib/python3.8/site-packages/airflow/example_dags/example_trigger_controller_dag.py for tasks to queue
[2026-06-18T17:20:46.084+0000] {logging_mixin.py:188} INFO - [2026-06-18T17:20:46.084+0000] {dagbag.py:538} INFO - Filling up the DagBag from /home/airflow/.local/lib/python3.8/site-packages/airflow/example_dags/example_trigger_controller_dag.py
[2026-06-18T17:20:46.092+0000] {processor.py:840} INFO - DAG(s) 'example_trigger_controller_dag' retrieved from /home/airflow/.local/lib/python3.8/site-packages/airflow/example_dags/example_trigger_controller_dag.py
[2026-06-18T17:20:46.131+0000] {logging_mixin.py:188} INFO - [2026-06-18T17:20:46.130+0000] {dag.py:3036} INFO - Sync 1 DAGs
[2026-06-18T17:20:46.172+0000] {logging_mixin.py:188} INFO - [2026-06-18T17:20:46.172+0000] {dag.py:3823} INFO - Setting next_dagrun for example_trigger_controller_dag to 2021-01-01 00:00:00+00:00, run_after=2021-01-01 00:00:00+00:00
[2026-06-18T17:20:46.200+0000] {processor.py:183} INFO - Processing /home/airflow/.local/lib/python3.8/site-packages/airflow/example_dags/example_trigger_controller_dag.py took 0.126 seconds
[2026-06-18T17:21:16.699+0000] {processor.py:161} INFO - Started process (PID=4110) to work on /home/airflow/.local/lib/python3.8/site-packages/airflow/example_dags/example_trigger_controller_dag.py
[2026-06-18T17:21:16.700+0000] {processor.py:830} INFO - Processing file /home/airflow/.local/lib/python3.8/site-packages/airflow/example_dags/example_trigger_controller_dag.py for tasks to queue
[2026-06-18T17:21:16.703+0000] {logging_mixin.py:188} INFO - [2026-06-18T17:21:16.702+0000] {dagbag.py:538} INFO - Filling up the DagBag from /home/airflow/.local/lib/python3.8/site-packages/airflow/example_dags/example_trigger_controller_dag.py
[2026-06-18T17:21:16.710+0000] {processor.py:840} INFO - DAG(s) 'example_trigger_controller_dag' retrieved from /home/airflow/.local/lib/python3.8/site-packages/airflow/example_dags/example_trigger_controller_dag.py
[2026-06-18T17:21:16.745+0000] {logging_mixin.py:188} INFO - [2026-06-18T17:21:16.744+0000] {dag.py:3036} INFO - Sync 1 DAGs
[2026-06-18T17:21:16.779+0000] {logging_mixin.py:188} INFO - [2026-06-18T17:21:16.779+0000] {dag.py:3823} INFO - Setting next_dagrun for example_trigger_controller_dag to 2021-01-01 00:00:00+00:00, run_after=2021-01-01 00:00:00+00:00
[2026-06-18T17:21:16.804+0000] {processor.py:183} INFO - Processing /home/airflow/.local/lib/python3.8/site-packages/airflow/example_dags/example_trigger_controller_dag.py took 0.111 seconds
[2026-06-18T17:21:47.040+0000] {processor.py:161} INFO - Started process (PID=4176) to work on /home/airflow/.local/lib/python3.8/site-packages/airflow/example_dags/example_trigger_controller_dag.py
[2026-06-18T17:21:47.042+0000] {processor.py:830} INFO - Processing file /home/airflow/.local/lib/python3.8/site-packages/airflow/example_dags/example_trigger_controller_dag.py for tasks to queue
[2026-06-18T17:21:47.044+0000] {logging_mixin.py:188} INFO - [2026-06-18T17:21:47.044+0000] {dagbag.py:538} INFO - Filling up the DagBag from /home/airflow/.local/lib/python3.8/site-packages/airflow/example_dags/example_trigger_controller_dag.py
[2026-06-18T17:21:47.051+0000] {processor.py:840} INFO - DAG(s) 'example_trigger_controller_dag' retrieved from /home/airflow/.local/lib/python3.8/site-packages/airflow/example_dags/example_trigger_controller_dag.py
[2026-06-18T17:21:47.085+0000] {logging_mixin.py:188} INFO - [2026-06-18T17:21:47.084+0000] {dag.py:3036} INFO - Sync 1 DAGs
[2026-06-18T17:21:47.122+0000] {logging_mixin.py:188} INFO - [2026-06-18T17:21:47.122+0000] {dag.py:3823} INFO - Setting next_dagrun for example_trigger_controller_dag to 2021-01-01 00:00:00+00:00, run_after=2021-01-01 00:00:00+00:00
[2026-06-18T17:21:47.161+0000] {processor.py:183} INFO - Processing /home/airflow/.local/lib/python3.8/site-packages/airflow/example_dags/example_trigger_controller_dag.py took 0.126 seconds
[2026-06-18T17:22:17.269+0000] {processor.py:161} INFO - Started process (PID=4242) to work on /home/airflow/.local/lib/python3.8/site-packages/airflow/example_dags/example_trigger_controller_dag.py
[2026-06-18T17:22:17.271+0000] {processor.py:830} INFO - Processing file /home/airflow/.local/lib/python3.8/site-packages/airflow/example_dags/example_trigger_controller_dag.py for tasks to queue
[2026-06-18T17:22:17.273+0000] {logging_mixin.py:188} INFO - [2026-06-18T17:22:17.273+0000] {dagbag.py:538} INFO - Filling up the DagBag from /home/airflow/.local/lib/python3.8/site-packages/airflow/example_dags/example_trigger_controller_dag.py
[2026-06-18T17:22:17.280+0000] {processor.py:840} INFO - DAG(s) 'example_trigger_controller_dag' retrieved from /home/airflow/.local/lib/python3.8/site-packages/airflow/example_dags/example_trigger_controller_dag.py
[2026-06-18T17:22:17.315+0000] {logging_mixin.py:188} INFO - [2026-06-18T17:22:17.315+0000] {dag.py:3036} INFO - Sync 1 DAGs
[2026-06-18T17:22:17.354+0000] {logging_mixin.py:188} INFO - [2026-06-18T17:22:17.353+0000] {dag.py:3823} INFO - Setting next_dagrun for example_trigger_controller_dag to 2021-01-01 00:00:00+00:00, run_after=2021-01-01 00:00:00+00:00
[2026-06-18T17:22:17.391+0000] {processor.py:183} INFO - Processing /home/airflow/.local/lib/python3.8/site-packages/airflow/example_dags/example_trigger_controller_dag.py took 0.127 seconds
[2026-06-18T17:22:47.909+0000] {processor.py:161} INFO - Started process (PID=4308) to work on /home/airflow/.local/lib/python3.8/site-packages/airflow/example_dags/example_trigger_controller_dag.py
[2026-06-18T17:22:47.911+0000] {processor.py:830} INFO - Processing file /home/airflow/.local/lib/python3.8/site-packages/airflow/example_dags/example_trigger_controller_dag.py for tasks to queue
[2026-06-18T17:22:47.913+0000] {logging_mixin.py:188} INFO - [2026-06-18T17:22:47.913+0000] {dagbag.py:538} INFO - Filling up the DagBag from /home/airflow/.local/lib/python3.8/site-packages/airflow/example_dags/example_trigger_controller_dag.py
[2026-06-18T17:22:47.920+0000] {processor.py:840} INFO - DAG(s) 'example_trigger_controller_dag' retrieved from /home/airflow/.local/lib/python3.8/site-packages/airflow/example_dags/example_trigger_controller_dag.py
[2026-06-18T17:22:47.954+0000] {logging_mixin.py:188} INFO - [2026-06-18T17:22:47.953+0000] {dag.py:3036} INFO - Sync 1 DAGs
[2026-06-18T17:22:47.994+0000] {logging_mixin.py:188} INFO - [2026-06-18T17:22:47.994+0000] {dag.py:3823} INFO - Setting next_dagrun for example_trigger_controller_dag to 2021-01-01 00:00:00+00:00, run_after=2021-01-01 00:00:00+00:00
[2026-06-18T17:22:48.024+0000] {processor.py:183} INFO - Processing /home/airflow/.local/lib/python3.8/site-packages/airflow/example_dags/example_trigger_controller_dag.py took 0.120 seconds
[2026-06-18T17:23:18.490+0000] {processor.py:161} INFO - Started process (PID=4375) to work on /home/airflow/.local/lib/python3.8/site-packages/airflow/example_dags/example_trigger_controller_dag.py
[2026-06-18T17:23:18.492+0000] {processor.py:830} INFO - Processing file /home/airflow/.local/lib/python3.8/site-packages/airflow/example_dags/example_trigger_controller_dag.py for tasks to queue
[2026-06-18T17:23:18.494+0000] {logging_mixin.py:188} INFO - [2026-06-18T17:23:18.494+0000] {dagbag.py:538} INFO - Filling up the DagBag from /home/airflow/.local/lib/python3.8/site-packages/airflow/example_dags/example_trigger_controller_dag.py
[2026-06-18T17:23:18.502+0000] {processor.py:840} INFO - DAG(s) 'example_trigger_controller_dag' retrieved from /home/airflow/.local/lib/python3.8/site-packages/airflow/example_dags/example_trigger_controller_dag.py
[2026-06-18T17:23:18.540+0000] {logging_mixin.py:188} INFO - [2026-06-18T17:23:18.540+0000] {dag.py:3036} INFO - Sync 1 DAGs
[2026-06-18T17:23:18.582+0000] {logging_mixin.py:188} INFO - [2026-06-18T17:23:18.581+0000] {dag.py:3823} INFO - Setting next_dagrun for example_trigger_controller_dag to 2021-01-01 00:00:00+00:00, run_after=2021-01-01 00:00:00+00:00
[2026-06-18T17:23:18.616+0000] {processor.py:183} INFO - Processing /home/airflow/.local/lib/python3.8/site-packages/airflow/example_dags/example_trigger_controller_dag.py took 0.132 seconds
[2026-06-18T17:23:48.752+0000] {processor.py:161} INFO - Started process (PID=4440) to work on /home/airflow/.local/lib/python3.8/site-packages/airflow/example_dags/example_trigger_controller_dag.py
[2026-06-18T17:23:48.754+0000] {processor.py:830} INFO - Processing file /home/airflow/.local/lib/python3.8/site-packages/airflow/example_dags/example_trigger_controller_dag.py for tasks to queue
[2026-06-18T17:23:48.757+0000] {logging_mixin.py:188} INFO - [2026-06-18T17:23:48.756+0000] {dagbag.py:538} INFO - Filling up the DagBag from /home/airflow/.local/lib/python3.8/site-packages/airflow/example_dags/example_trigger_controller_dag.py
[2026-06-18T17:23:48.765+0000] {processor.py:840} INFO - DAG(s) 'example_trigger_controller_dag' retrieved from /home/airflow/.local/lib/python3.8/site-packages/airflow/example_dags/example_trigger_controller_dag.py
[2026-06-18T17:23:48.798+0000] {logging_mixin.py:188} INFO - [2026-06-18T17:23:48.797+0000] {dag.py:3036} INFO - Sync 1 DAGs
[2026-06-18T17:23:48.834+0000] {logging_mixin.py:188} INFO - [2026-06-18T17:23:48.833+0000] {dag.py:3823} INFO - Setting next_dagrun for example_trigger_controller_dag to 2021-01-01 00:00:00+00:00, run_after=2021-01-01 00:00:00+00:00
[2026-06-18T17:23:48.864+0000] {processor.py:183} INFO - Processing /home/airflow/.local/lib/python3.8/site-packages/airflow/example_dags/example_trigger_controller_dag.py took 0.118 seconds
[2026-06-18T17:24:19.291+0000] {processor.py:161} INFO - Started process (PID=4511) to work on /home/airflow/.local/lib/python3.8/site-packages/airflow/example_dags/example_trigger_controller_dag.py
[2026-06-18T17:24:19.294+0000] {processor.py:830} INFO - Processing file /home/airflow/.local/lib/python3.8/site-packages/airflow/example_dags/example_trigger_controller_dag.py for tasks to queue
[2026-06-18T17:24:19.297+0000] {logging_mixin.py:188} INFO - [2026-06-18T17:24:19.296+0000] {dagbag.py:538} INFO - Filling up the DagBag from /home/airflow/.local/lib/python3.8/site-packages/airflow/example_dags/example_trigger_controller_dag.py
[2026-06-18T17:24:19.305+0000] {processor.py:840} INFO - DAG(s) 'example_trigger_controller_dag' retrieved from /home/airflow/.local/lib/python3.8/site-packages/airflow/example_dags/example_trigger_controller_dag.py
[2026-06-18T17:24:19.341+0000] {logging_mixin.py:188} INFO - [2026-06-18T17:24:19.341+0000] {dag.py:3036} INFO - Sync 1 DAGs
[2026-06-18T17:24:19.379+0000] {logging_mixin.py:188} INFO - [2026-06-18T17:24:19.378+0000] {dag.py:3823} INFO - Setting next_dagrun for example_trigger_controller_dag to 2021-01-01 00:00:00+00:00, run_after=2021-01-01 00:00:00+00:00
[2026-06-18T17:24:19.408+0000] {processor.py:183} INFO - Processing /home/airflow/.local/lib/python3.8/site-packages/airflow/example_dags/example_trigger_controller_dag.py took 0.121 seconds
[2026-06-18T17:24:49.871+0000] {processor.py:161} INFO - Started process (PID=4579) to work on /home/airflow/.local/lib/python3.8/site-packages/airflow/example_dags/example_trigger_controller_dag.py
[2026-06-18T17:24:49.873+0000] {processor.py:830} INFO - Processing file /home/airflow/.local/lib/python3.8/site-packages/airflow/example_dags/example_trigger_controller_dag.py for tasks to queue
[2026-06-18T17:24:49.876+0000] {logging_mixin.py:188} INFO - [2026-06-18T17:24:49.875+0000] {dagbag.py:538} INFO - Filling up the DagBag from /home/airflow/.local/lib/python3.8/site-packages/airflow/example_dags/example_trigger_controller_dag.py
[2026-06-18T17:24:49.884+0000] {processor.py:840} INFO - DAG(s) 'example_trigger_controller_dag' retrieved from /home/airflow/.local/lib/python3.8/site-packages/airflow/example_dags/example_trigger_controller_dag.py
[2026-06-18T17:24:49.925+0000] {logging_mixin.py:188} INFO - [2026-06-18T17:24:49.924+0000] {dag.py:3036} INFO - Sync 1 DAGs
[2026-06-18T17:24:49.970+0000] {logging_mixin.py:188} INFO - [2026-06-18T17:24:49.969+0000] {dag.py:3823} INFO - Setting next_dagrun for example_trigger_controller_dag to 2021-01-01 00:00:00+00:00, run_after=2021-01-01 00:00:00+00:00
[2026-06-18T17:24:50.004+0000] {processor.py:183} INFO - Processing /home/airflow/.local/lib/python3.8/site-packages/airflow/example_dags/example_trigger_controller_dag.py took 0.138 seconds
[2026-06-18T17:25:20.114+0000] {processor.py:161} INFO - Started process (PID=4645) to work on /home/airflow/.local/lib/python3.8/site-packages/airflow/example_dags/example_trigger_controller_dag.py
[2026-06-18T17:25:20.117+0000] {processor.py:830} INFO - Processing file /home/airflow/.local/lib/python3.8/site-packages/airflow/example_dags/example_trigger_controller_dag.py for tasks to queue
[2026-06-18T17:25:20.123+0000] {logging_mixin.py:188} INFO - [2026-06-18T17:25:20.122+0000] {dagbag.py:538} INFO - Filling up the DagBag from /home/airflow/.local/lib/python3.8/site-packages/airflow/example_dags/example_trigger_controller_dag.py
[2026-06-18T17:25:20.134+0000] {processor.py:840} INFO - DAG(s) 'example_trigger_controller_dag' retrieved from /home/airflow/.local/lib/python3.8/site-packages/airflow/example_dags/example_trigger_controller_dag.py
[2026-06-18T17:25:20.192+0000] {logging_mixin.py:188} INFO - [2026-06-18T17:25:20.191+0000] {dag.py:3036} INFO - Sync 1 DAGs
[2026-06-18T17:25:20.231+0000] {logging_mixin.py:188} INFO - [2026-06-18T17:25:20.231+0000] {dag.py:3823} INFO - Setting next_dagrun for example_trigger_controller_dag to 2021-01-01 00:00:00+00:00, run_after=2021-01-01 00:00:00+00:00
[2026-06-18T17:25:20.264+0000] {processor.py:183} INFO - Processing /home/airflow/.local/lib/python3.8/site-packages/airflow/example_dags/example_trigger_controller_dag.py took 0.155 seconds
[2026-06-18T17:25:50.612+0000] {processor.py:161} INFO - Started process (PID=4711) to work on /home/airflow/.local/lib/python3.8/site-packages/airflow/example_dags/example_trigger_controller_dag.py
[2026-06-18T17:25:50.613+0000] {processor.py:830} INFO - Processing file /home/airflow/.local/lib/python3.8/site-packages/airflow/example_dags/example_trigger_controller_dag.py for tasks to queue
[2026-06-18T17:25:50.615+0000] {logging_mixin.py:188} INFO - [2026-06-18T17:25:50.615+0000] {dagbag.py:538} INFO - Filling up the DagBag from /home/airflow/.local/lib/python3.8/site-packages/airflow/example_dags/example_trigger_controller_dag.py
[2026-06-18T17:25:50.623+0000] {processor.py:840} INFO - DAG(s) 'example_trigger_controller_dag' retrieved from /home/airflow/.local/lib/python3.8/site-packages/airflow/example_dags/example_trigger_controller_dag.py
[2026-06-18T17:25:50.667+0000] {logging_mixin.py:188} INFO - [2026-06-18T17:25:50.666+0000] {dag.py:3036} INFO - Sync 1 DAGs
[2026-06-18T17:25:50.711+0000] {logging_mixin.py:188} INFO - [2026-06-18T17:25:50.711+0000] {dag.py:3823} INFO - Setting next_dagrun for example_trigger_controller_dag to 2021-01-01 00:00:00+00:00, run_after=2021-01-01 00:00:00+00:00
[2026-06-18T17:25:50.748+0000] {processor.py:183} INFO - Processing /home/airflow/.local/lib/python3.8/site-packages/airflow/example_dags/example_trigger_controller_dag.py took 0.141 seconds
[2026-06-18T17:26:20.900+0000] {processor.py:161} INFO - Started process (PID=4778) to work on /home/airflow/.local/lib/python3.8/site-packages/airflow/example_dags/example_trigger_controller_dag.py
[2026-06-18T17:26:20.902+0000] {processor.py:830} INFO - Processing file /home/airflow/.local/lib/python3.8/site-packages/airflow/example_dags/example_trigger_controller_dag.py for tasks to queue
[2026-06-18T17:26:20.905+0000] {logging_mixin.py:188} INFO - [2026-06-18T17:26:20.904+0000] {dagbag.py:538} INFO - Filling up the DagBag from /home/airflow/.local/lib/python3.8/site-packages/airflow/example_dags/example_trigger_controller_dag.py
[2026-06-18T17:26:20.911+0000] {processor.py:840} INFO - DAG(s) 'example_trigger_controller_dag' retrieved from /home/airflow/.local/lib/python3.8/site-packages/airflow/example_dags/example_trigger_controller_dag.py
[2026-06-18T17:26:20.946+0000] {logging_mixin.py:188} INFO - [2026-06-18T17:26:20.946+0000] {dag.py:3036} INFO - Sync 1 DAGs
[2026-06-18T17:26:20.986+0000] {logging_mixin.py:188} INFO - [2026-06-18T17:26:20.986+0000] {dag.py:3823} INFO - Setting next_dagrun for example_trigger_controller_dag to 2021-01-01 00:00:00+00:00, run_after=2021-01-01 00:00:00+00:00
[2026-06-18T17:26:21.020+0000] {processor.py:183} INFO - Processing /home/airflow/.local/lib/python3.8/site-packages/airflow/example_dags/example_trigger_controller_dag.py took 0.124 seconds
[2026-06-18T17:26:51.186+0000] {processor.py:161} INFO - Started process (PID=4844) to work on /home/airflow/.local/lib/python3.8/site-packages/airflow/example_dags/example_trigger_controller_dag.py
[2026-06-18T17:26:51.187+0000] {processor.py:830} INFO - Processing file /home/airflow/.local/lib/python3.8/site-packages/airflow/example_dags/example_trigger_controller_dag.py for tasks to queue
[2026-06-18T17:26:51.190+0000] {logging_mixin.py:188} INFO - [2026-06-18T17:26:51.190+0000] {dagbag.py:538} INFO - Filling up the DagBag from /home/airflow/.local/lib/python3.8/site-packages/airflow/example_dags/example_trigger_controller_dag.py
[2026-06-18T17:26:51.198+0000] {processor.py:840} INFO - DAG(s) 'example_trigger_controller_dag' retrieved from /home/airflow/.local/lib/python3.8/site-packages/airflow/example_dags/example_trigger_controller_dag.py
[2026-06-18T17:26:51.235+0000] {logging_mixin.py:188} INFO - [2026-06-18T17:26:51.235+0000] {dag.py:3036} INFO - Sync 1 DAGs
[2026-06-18T17:26:51.271+0000] {logging_mixin.py:188} INFO - [2026-06-18T17:26:51.270+0000] {dag.py:3823} INFO - Setting next_dagrun for example_trigger_controller_dag to 2021-01-01 00:00:00+00:00, run_after=2021-01-01 00:00:00+00:00
[2026-06-18T17:26:51.299+0000] {processor.py:183} INFO - Processing /home/airflow/.local/lib/python3.8/site-packages/airflow/example_dags/example_trigger_controller_dag.py took 0.118 seconds
[2026-06-18T17:27:22.003+0000] {processor.py:161} INFO - Started process (PID=4910) to work on /home/airflow/.local/lib/python3.8/site-packages/airflow/example_dags/example_trigger_controller_dag.py
[2026-06-18T17:27:22.005+0000] {processor.py:830} INFO - Processing file /home/airflow/.local/lib/python3.8/site-packages/airflow/example_dags/example_trigger_controller_dag.py for tasks to queue
[2026-06-18T17:27:22.007+0000] {logging_mixin.py:188} INFO - [2026-06-18T17:27:22.007+0000] {dagbag.py:538} INFO - Filling up the DagBag from /home/airflow/.local/lib/python3.8/site-packages/airflow/example_dags/example_trigger_controller_dag.py
[2026-06-18T17:27:22.014+0000] {processor.py:840} INFO - DAG(s) 'example_trigger_controller_dag' retrieved from /home/airflow/.local/lib/python3.8/site-packages/airflow/example_dags/example_trigger_controller_dag.py
[2026-06-18T17:27:22.060+0000] {logging_mixin.py:188} INFO - [2026-06-18T17:27:22.059+0000] {dag.py:3036} INFO - Sync 1 DAGs
[2026-06-18T17:27:22.104+0000] {logging_mixin.py:188} INFO - [2026-06-18T17:27:22.104+0000] {dag.py:3823} INFO - Setting next_dagrun for example_trigger_controller_dag to 2021-01-01 00:00:00+00:00, run_after=2021-01-01 00:00:00+00:00
[2026-06-18T17:27:22.135+0000] {processor.py:183} INFO - Processing /home/airflow/.local/lib/python3.8/site-packages/airflow/example_dags/example_trigger_controller_dag.py took 0.137 seconds
[2026-06-18T17:27:52.349+0000] {processor.py:161} INFO - Started process (PID=4977) to work on /home/airflow/.local/lib/python3.8/site-packages/airflow/example_dags/example_trigger_controller_dag.py
[2026-06-18T17:27:52.350+0000] {processor.py:830} INFO - Processing file /home/airflow/.local/lib/python3.8/site-packages/airflow/example_dags/example_trigger_controller_dag.py for tasks to queue
[2026-06-18T17:27:52.353+0000] {logging_mixin.py:188} INFO - [2026-06-18T17:27:52.352+0000] {dagbag.py:538} INFO - Filling up the DagBag from /home/airflow/.local/lib/python3.8/site-packages/airflow/example_dags/example_trigger_controller_dag.py
[2026-06-18T17:27:52.360+0000] {processor.py:840} INFO - DAG(s) 'example_trigger_controller_dag' retrieved from /home/airflow/.local/lib/python3.8/site-packages/airflow/example_dags/example_trigger_controller_dag.py
[2026-06-18T17:27:52.393+0000] {logging_mixin.py:188} INFO - [2026-06-18T17:27:52.393+0000] {dag.py:3036} INFO - Sync 1 DAGs
[2026-06-18T17:27:52.426+0000] {logging_mixin.py:188} INFO - [2026-06-18T17:27:52.426+0000] {dag.py:3823} INFO - Setting next_dagrun for example_trigger_controller_dag to 2021-01-01 00:00:00+00:00, run_after=2021-01-01 00:00:00+00:00
[2026-06-18T17:27:52.455+0000] {processor.py:183} INFO - Processing /home/airflow/.local/lib/python3.8/site-packages/airflow/example_dags/example_trigger_controller_dag.py took 0.111 seconds
[2026-06-18T17:28:22.648+0000] {processor.py:161} INFO - Started process (PID=5043) to work on /home/airflow/.local/lib/python3.8/site-packages/airflow/example_dags/example_trigger_controller_dag.py
[2026-06-18T17:28:22.650+0000] {processor.py:830} INFO - Processing file /home/airflow/.local/lib/python3.8/site-packages/airflow/example_dags/example_trigger_controller_dag.py for tasks to queue
[2026-06-18T17:28:22.653+0000] {logging_mixin.py:188} INFO - [2026-06-18T17:28:22.652+0000] {dagbag.py:538} INFO - Filling up the DagBag from /home/airflow/.local/lib/python3.8/site-packages/airflow/example_dags/example_trigger_controller_dag.py
[2026-06-18T17:28:22.661+0000] {processor.py:840} INFO - DAG(s) 'example_trigger_controller_dag' retrieved from /home/airflow/.local/lib/python3.8/site-packages/airflow/example_dags/example_trigger_controller_dag.py
[2026-06-18T17:28:22.699+0000] {logging_mixin.py:188} INFO - [2026-06-18T17:28:22.699+0000] {dag.py:3036} INFO - Sync 1 DAGs
[2026-06-18T17:28:22.743+0000] {logging_mixin.py:188} INFO - [2026-06-18T17:28:22.743+0000] {dag.py:3823} INFO - Setting next_dagrun for example_trigger_controller_dag to 2021-01-01 00:00:00+00:00, run_after=2021-01-01 00:00:00+00:00
[2026-06-18T17:28:22.772+0000] {processor.py:183} INFO - Processing /home/airflow/.local/lib/python3.8/site-packages/airflow/example_dags/example_trigger_controller_dag.py took 0.130 seconds
[2026-06-18T17:28:53.191+0000] {processor.py:161} INFO - Started process (PID=5109) to work on /home/airflow/.local/lib/python3.8/site-packages/airflow/example_dags/example_trigger_controller_dag.py
[2026-06-18T17:28:53.193+0000] {processor.py:830} INFO - Processing file /home/airflow/.local/lib/python3.8/site-packages/airflow/example_dags/example_trigger_controller_dag.py for tasks to queue
[2026-06-18T17:28:53.196+0000] {logging_mixin.py:188} INFO - [2026-06-18T17:28:53.195+0000] {dagbag.py:538} INFO - Filling up the DagBag from /home/airflow/.local/lib/python3.8/site-packages/airflow/example_dags/example_trigger_controller_dag.py
[2026-06-18T17:28:53.204+0000] {processor.py:840} INFO - DAG(s) 'example_trigger_controller_dag' retrieved from /home/airflow/.local/lib/python3.8/site-packages/airflow/example_dags/example_trigger_controller_dag.py
[2026-06-18T17:28:53.242+0000] {logging_mixin.py:188} INFO - [2026-06-18T17:28:53.242+0000] {dag.py:3036} INFO - Sync 1 DAGs
[2026-06-18T17:28:53.278+0000] {logging_mixin.py:188} INFO - [2026-06-18T17:28:53.278+0000] {dag.py:3823} INFO - Setting next_dagrun for example_trigger_controller_dag to 2021-01-01 00:00:00+00:00, run_after=2021-01-01 00:00:00+00:00
[2026-06-18T17:28:53.307+0000] {processor.py:183} INFO - Processing /home/airflow/.local/lib/python3.8/site-packages/airflow/example_dags/example_trigger_controller_dag.py took 0.121 seconds
[2026-06-18T17:29:23.485+0000] {processor.py:161} INFO - Started process (PID=5174) to work on /home/airflow/.local/lib/python3.8/site-packages/airflow/example_dags/example_trigger_controller_dag.py
[2026-06-18T17:29:23.487+0000] {processor.py:830} INFO - Processing file /home/airflow/.local/lib/python3.8/site-packages/airflow/example_dags/example_trigger_controller_dag.py for tasks to queue
[2026-06-18T17:29:23.489+0000] {logging_mixin.py:188} INFO - [2026-06-18T17:29:23.489+0000] {dagbag.py:538} INFO - Filling up the DagBag from /home/airflow/.local/lib/python3.8/site-packages/airflow/example_dags/example_trigger_controller_dag.py
[2026-06-18T17:29:23.496+0000] {processor.py:840} INFO - DAG(s) 'example_trigger_controller_dag' retrieved from /home/airflow/.local/lib/python3.8/site-packages/airflow/example_dags/example_trigger_controller_dag.py
[2026-06-18T17:29:23.530+0000] {logging_mixin.py:188} INFO - [2026-06-18T17:29:23.529+0000] {dag.py:3036} INFO - Sync 1 DAGs
[2026-06-18T17:29:23.566+0000] {logging_mixin.py:188} INFO - [2026-06-18T17:29:23.565+0000] {dag.py:3823} INFO - Setting next_dagrun for example_trigger_controller_dag to 2021-01-01 00:00:00+00:00, run_after=2021-01-01 00:00:00+00:00
[2026-06-18T17:29:23.599+0000] {processor.py:183} INFO - Processing /home/airflow/.local/lib/python3.8/site-packages/airflow/example_dags/example_trigger_controller_dag.py took 0.119 seconds
[2026-06-18T17:29:54.153+0000] {processor.py:161} INFO - Started process (PID=5238) to work on /home/airflow/.local/lib/python3.8/site-packages/airflow/example_dags/example_trigger_controller_dag.py
[2026-06-18T17:29:54.155+0000] {processor.py:830} INFO - Processing file /home/airflow/.local/lib/python3.8/site-packages/airflow/example_dags/example_trigger_controller_dag.py for tasks to queue
[2026-06-18T17:29:54.157+0000] {logging_mixin.py:188} INFO - [2026-06-18T17:29:54.157+0000] {dagbag.py:538} INFO - Filling up the DagBag from /home/airflow/.local/lib/python3.8/site-packages/airflow/example_dags/example_trigger_controller_dag.py
[2026-06-18T17:29:54.164+0000] {processor.py:840} INFO - DAG(s) 'example_trigger_controller_dag' retrieved from /home/airflow/.local/lib/python3.8/site-packages/airflow/example_dags/example_trigger_controller_dag.py
[2026-06-18T17:29:54.199+0000] {logging_mixin.py:188} INFO - [2026-06-18T17:29:54.199+0000] {dag.py:3036} INFO - Sync 1 DAGs
[2026-06-18T17:29:54.236+0000] {logging_mixin.py:188} INFO - [2026-06-18T17:29:54.235+0000] {dag.py:3823} INFO - Setting next_dagrun for example_trigger_controller_dag to 2021-01-01 00:00:00+00:00, run_after=2021-01-01 00:00:00+00:00
[2026-06-18T17:29:54.265+0000] {processor.py:183} INFO - Processing /home/airflow/.local/lib/python3.8/site-packages/airflow/example_dags/example_trigger_controller_dag.py took 0.116 seconds
[2026-06-18T17:30:24.680+0000] {processor.py:161} INFO - Started process (PID=5303) to work on /home/airflow/.local/lib/python3.8/site-packages/airflow/example_dags/example_trigger_controller_dag.py
[2026-06-18T17:30:24.682+0000] {processor.py:830} INFO - Processing file /home/airflow/.local/lib/python3.8/site-packages/airflow/example_dags/example_trigger_controller_dag.py for tasks to queue
[2026-06-18T17:30:24.685+0000] {logging_mixin.py:188} INFO - [2026-06-18T17:30:24.684+0000] {dagbag.py:538} INFO - Filling up the DagBag from /home/airflow/.local/lib/python3.8/site-packages/airflow/example_dags/example_trigger_controller_dag.py
[2026-06-18T17:30:24.692+0000] {processor.py:840} INFO - DAG(s) 'example_trigger_controller_dag' retrieved from /home/airflow/.local/lib/python3.8/site-packages/airflow/example_dags/example_trigger_controller_dag.py
[2026-06-18T17:30:24.733+0000] {logging_mixin.py:188} INFO - [2026-06-18T17:30:24.733+0000] {dag.py:3036} INFO - Sync 1 DAGs
[2026-06-18T17:30:24.773+0000] {logging_mixin.py:188} INFO - [2026-06-18T17:30:24.773+0000] {dag.py:3823} INFO - Setting next_dagrun for example_trigger_controller_dag to 2021-01-01 00:00:00+00:00, run_after=2021-01-01 00:00:00+00:00
[2026-06-18T17:30:24.808+0000] {processor.py:183} INFO - Processing /home/airflow/.local/lib/python3.8/site-packages/airflow/example_dags/example_trigger_controller_dag.py took 0.134 seconds
[2026-06-18T17:30:55.218+0000] {processor.py:161} INFO - Started process (PID=5377) to work on /home/airflow/.local/lib/python3.8/site-packages/airflow/example_dags/example_trigger_controller_dag.py
[2026-06-18T17:30:55.219+0000] {processor.py:830} INFO - Processing file /home/airflow/.local/lib/python3.8/site-packages/airflow/example_dags/example_trigger_controller_dag.py for tasks to queue
[2026-06-18T17:30:55.222+0000] {logging_mixin.py:188} INFO - [2026-06-18T17:30:55.221+0000] {dagbag.py:538} INFO - Filling up the DagBag from /home/airflow/.local/lib/python3.8/site-packages/airflow/example_dags/example_trigger_controller_dag.py
[2026-06-18T17:30:55.229+0000] {processor.py:840} INFO - DAG(s) 'example_trigger_controller_dag' retrieved from /home/airflow/.local/lib/python3.8/site-packages/airflow/example_dags/example_trigger_controller_dag.py
[2026-06-18T17:30:55.269+0000] {logging_mixin.py:188} INFO - [2026-06-18T17:30:55.268+0000] {dag.py:3036} INFO - Sync 1 DAGs
[2026-06-18T17:30:55.314+0000] {logging_mixin.py:188} INFO - [2026-06-18T17:30:55.313+0000] {dag.py:3823} INFO - Setting next_dagrun for example_trigger_controller_dag to 2021-01-01 00:00:00+00:00, run_after=2021-01-01 00:00:00+00:00
[2026-06-18T17:30:55.358+0000] {processor.py:183} INFO - Processing /home/airflow/.local/lib/python3.8/site-packages/airflow/example_dags/example_trigger_controller_dag.py took 0.146 seconds
[2026-06-18T17:31:25.879+0000] {processor.py:161} INFO - Started process (PID=5442) to work on /home/airflow/.local/lib/python3.8/site-packages/airflow/example_dags/example_trigger_controller_dag.py
[2026-06-18T17:31:25.881+0000] {processor.py:830} INFO - Processing file /home/airflow/.local/lib/python3.8/site-packages/airflow/example_dags/example_trigger_controller_dag.py for tasks to queue
[2026-06-18T17:31:25.885+0000] {logging_mixin.py:188} INFO - [2026-06-18T17:31:25.884+0000] {dagbag.py:538} INFO - Filling up the DagBag from /home/airflow/.local/lib/python3.8/site-packages/airflow/example_dags/example_trigger_controller_dag.py
[2026-06-18T17:31:25.893+0000] {processor.py:840} INFO - DAG(s) 'example_trigger_controller_dag' retrieved from /home/airflow/.local/lib/python3.8/site-packages/airflow/example_dags/example_trigger_controller_dag.py
[2026-06-18T17:31:25.934+0000] {logging_mixin.py:188} INFO - [2026-06-18T17:31:25.933+0000] {dag.py:3036} INFO - Sync 1 DAGs
[2026-06-18T17:31:25.978+0000] {logging_mixin.py:188} INFO - [2026-06-18T17:31:25.978+0000] {dag.py:3823} INFO - Setting next_dagrun for example_trigger_controller_dag to 2021-01-01 00:00:00+00:00, run_after=2021-01-01 00:00:00+00:00
[2026-06-18T17:31:26.012+0000] {processor.py:183} INFO - Processing /home/airflow/.local/lib/python3.8/site-packages/airflow/example_dags/example_trigger_controller_dag.py took 0.138 seconds
[2026-06-18T17:31:56.150+0000] {processor.py:161} INFO - Started process (PID=5508) to work on /home/airflow/.local/lib/python3.8/site-packages/airflow/example_dags/example_trigger_controller_dag.py
[2026-06-18T17:31:56.152+0000] {processor.py:830} INFO - Processing file /home/airflow/.local/lib/python3.8/site-packages/airflow/example_dags/example_trigger_controller_dag.py for tasks to queue
[2026-06-18T17:31:56.155+0000] {logging_mixin.py:188} INFO - [2026-06-18T17:31:56.155+0000] {dagbag.py:538} INFO - Filling up the DagBag from /home/airflow/.local/lib/python3.8/site-packages/airflow/example_dags/example_trigger_controller_dag.py
[2026-06-18T17:31:56.163+0000] {processor.py:840} INFO - DAG(s) 'example_trigger_controller_dag' retrieved from /home/airflow/.local/lib/python3.8/site-packages/airflow/example_dags/example_trigger_controller_dag.py
[2026-06-18T17:31:56.204+0000] {logging_mixin.py:188} INFO - [2026-06-18T17:31:56.203+0000] {dag.py:3036} INFO - Sync 1 DAGs
[2026-06-18T17:31:56.247+0000] {logging_mixin.py:188} INFO - [2026-06-18T17:31:56.247+0000] {dag.py:3823} INFO - Setting next_dagrun for example_trigger_controller_dag to 2021-01-01 00:00:00+00:00, run_after=2021-01-01 00:00:00+00:00
[2026-06-18T17:31:56.283+0000] {processor.py:183} INFO - Processing /home/airflow/.local/lib/python3.8/site-packages/airflow/example_dags/example_trigger_controller_dag.py took 0.139 seconds
[2026-06-18T17:32:26.626+0000] {processor.py:161} INFO - Started process (PID=5574) to work on /home/airflow/.local/lib/python3.8/site-packages/airflow/example_dags/example_trigger_controller_dag.py
[2026-06-18T17:32:26.628+0000] {processor.py:830} INFO - Processing file /home/airflow/.local/lib/python3.8/site-packages/airflow/example_dags/example_trigger_controller_dag.py for tasks to queue
[2026-06-18T17:32:26.631+0000] {logging_mixin.py:188} INFO - [2026-06-18T17:32:26.630+0000] {dagbag.py:538} INFO - Filling up the DagBag from /home/airflow/.local/lib/python3.8/site-packages/airflow/example_dags/example_trigger_controller_dag.py
[2026-06-18T17:32:26.639+0000] {processor.py:840} INFO - DAG(s) 'example_trigger_controller_dag' retrieved from /home/airflow/.local/lib/python3.8/site-packages/airflow/example_dags/example_trigger_controller_dag.py
[2026-06-18T17:32:26.679+0000] {logging_mixin.py:188} INFO - [2026-06-18T17:32:26.679+0000] {dag.py:3036} INFO - Sync 1 DAGs
[2026-06-18T17:32:26.723+0000] {logging_mixin.py:188} INFO - [2026-06-18T17:32:26.722+0000] {dag.py:3823} INFO - Setting next_dagrun for example_trigger_controller_dag to 2021-01-01 00:00:00+00:00, run_after=2021-01-01 00:00:00+00:00
[2026-06-18T17:32:26.762+0000] {processor.py:183} INFO - Processing /home/airflow/.local/lib/python3.8/site-packages/airflow/example_dags/example_trigger_controller_dag.py took 0.141 seconds
[2026-06-18T17:32:56.842+0000] {processor.py:161} INFO - Started process (PID=5640) to work on /home/airflow/.local/lib/python3.8/site-packages/airflow/example_dags/example_trigger_controller_dag.py
[2026-06-18T17:32:56.844+0000] {processor.py:830} INFO - Processing file /home/airflow/.local/lib/python3.8/site-packages/airflow/example_dags/example_trigger_controller_dag.py for tasks to queue
[2026-06-18T17:32:56.847+0000] {logging_mixin.py:188} INFO - [2026-06-18T17:32:56.847+0000] {dagbag.py:538} INFO - Filling up the DagBag from /home/airflow/.local/lib/python3.8/site-packages/airflow/example_dags/example_trigger_controller_dag.py
[2026-06-18T17:32:56.855+0000] {processor.py:840} INFO - DAG(s) 'example_trigger_controller_dag' retrieved from /home/airflow/.local/lib/python3.8/site-packages/airflow/example_dags/example_trigger_controller_dag.py
[2026-06-18T17:32:56.893+0000] {logging_mixin.py:188} INFO - [2026-06-18T17:32:56.893+0000] {dag.py:3036} INFO - Sync 1 DAGs
[2026-06-18T17:32:56.932+0000] {logging_mixin.py:188} INFO - [2026-06-18T17:32:56.932+0000] {dag.py:3823} INFO - Setting next_dagrun for example_trigger_controller_dag to 2021-01-01 00:00:00+00:00, run_after=2021-01-01 00:00:00+00:00
[2026-06-18T17:32:56.964+0000] {processor.py:183} INFO - Processing /home/airflow/.local/lib/python3.8/site-packages/airflow/example_dags/example_trigger_controller_dag.py took 0.127 seconds
[2026-06-18T17:33:27.793+0000] {processor.py:161} INFO - Started process (PID=5706) to work on /home/airflow/.local/lib/python3.8/site-packages/airflow/example_dags/example_trigger_controller_dag.py
[2026-06-18T17:33:27.795+0000] {processor.py:830} INFO - Processing file /home/airflow/.local/lib/python3.8/site-packages/airflow/example_dags/example_trigger_controller_dag.py for tasks to queue
[2026-06-18T17:33:27.797+0000] {logging_mixin.py:188} INFO - [2026-06-18T17:33:27.797+0000] {dagbag.py:538} INFO - Filling up the DagBag from /home/airflow/.local/lib/python3.8/site-packages/airflow/example_dags/example_trigger_controller_dag.py
[2026-06-18T17:33:27.804+0000] {processor.py:840} INFO - DAG(s) 'example_trigger_controller_dag' retrieved from /home/airflow/.local/lib/python3.8/site-packages/airflow/example_dags/example_trigger_controller_dag.py
[2026-06-18T17:33:27.838+0000] {logging_mixin.py:188} INFO - [2026-06-18T17:33:27.837+0000] {dag.py:3036} INFO - Sync 1 DAGs
[2026-06-18T17:33:27.873+0000] {logging_mixin.py:188} INFO - [2026-06-18T17:33:27.872+0000] {dag.py:3823} INFO - Setting next_dagrun for example_trigger_controller_dag to 2021-01-01 00:00:00+00:00, run_after=2021-01-01 00:00:00+00:00
[2026-06-18T17:33:27.904+0000] {processor.py:183} INFO - Processing /home/airflow/.local/lib/python3.8/site-packages/airflow/example_dags/example_trigger_controller_dag.py took 0.116 seconds
[2026-06-18T17:33:58.149+0000] {processor.py:161} INFO - Started process (PID=5772) to work on /home/airflow/.local/lib/python3.8/site-packages/airflow/example_dags/example_trigger_controller_dag.py
[2026-06-18T17:33:58.150+0000] {processor.py:830} INFO - Processing file /home/airflow/.local/lib/python3.8/site-packages/airflow/example_dags/example_trigger_controller_dag.py for tasks to queue
[2026-06-18T17:33:58.153+0000] {logging_mixin.py:188} INFO - [2026-06-18T17:33:58.152+0000] {dagbag.py:538} INFO - Filling up the DagBag from /home/airflow/.local/lib/python3.8/site-packages/airflow/example_dags/example_trigger_controller_dag.py
[2026-06-18T17:33:58.160+0000] {processor.py:840} INFO - DAG(s) 'example_trigger_controller_dag' retrieved from /home/airflow/.local/lib/python3.8/site-packages/airflow/example_dags/example_trigger_controller_dag.py
[2026-06-18T17:33:58.196+0000] {logging_mixin.py:188} INFO - [2026-06-18T17:33:58.196+0000] {dag.py:3036} INFO - Sync 1 DAGs
[2026-06-18T17:33:58.233+0000] {logging_mixin.py:188} INFO - [2026-06-18T17:33:58.232+0000] {dag.py:3823} INFO - Setting next_dagrun for example_trigger_controller_dag to 2021-01-01 00:00:00+00:00, run_after=2021-01-01 00:00:00+00:00
[2026-06-18T17:33:58.260+0000] {processor.py:183} INFO - Processing /home/airflow/.local/lib/python3.8/site-packages/airflow/example_dags/example_trigger_controller_dag.py took 0.117 seconds
[2026-06-18T17:34:28.860+0000] {processor.py:161} INFO - Started process (PID=5837) to work on /home/airflow/.local/lib/python3.8/site-packages/airflow/example_dags/example_trigger_controller_dag.py
[2026-06-18T17:34:28.861+0000] {processor.py:830} INFO - Processing file /home/airflow/.local/lib/python3.8/site-packages/airflow/example_dags/example_trigger_controller_dag.py for tasks to queue
[2026-06-18T17:34:28.864+0000] {logging_mixin.py:188} INFO - [2026-06-18T17:34:28.863+0000] {dagbag.py:538} INFO - Filling up the DagBag from /home/airflow/.local/lib/python3.8/site-packages/airflow/example_dags/example_trigger_controller_dag.py
[2026-06-18T17:34:28.870+0000] {processor.py:840} INFO - DAG(s) 'example_trigger_controller_dag' retrieved from /home/airflow/.local/lib/python3.8/site-packages/airflow/example_dags/example_trigger_controller_dag.py
[2026-06-18T17:34:28.905+0000] {logging_mixin.py:188} INFO - [2026-06-18T17:34:28.904+0000] {dag.py:3036} INFO - Sync 1 DAGs
[2026-06-18T17:34:28.939+0000] {logging_mixin.py:188} INFO - [2026-06-18T17:34:28.939+0000] {dag.py:3823} INFO - Setting next_dagrun for example_trigger_controller_dag to 2021-01-01 00:00:00+00:00, run_after=2021-01-01 00:00:00+00:00
[2026-06-18T17:34:28.968+0000] {processor.py:183} INFO - Processing /home/airflow/.local/lib/python3.8/site-packages/airflow/example_dags/example_trigger_controller_dag.py took 0.113 seconds
[2026-06-18T17:34:59.385+0000] {processor.py:161} INFO - Started process (PID=5903) to work on /home/airflow/.local/lib/python3.8/site-packages/airflow/example_dags/example_trigger_controller_dag.py
[2026-06-18T17:34:59.388+0000] {processor.py:830} INFO - Processing file /home/airflow/.local/lib/python3.8/site-packages/airflow/example_dags/example_trigger_controller_dag.py for tasks to queue
[2026-06-18T17:34:59.391+0000] {logging_mixin.py:188} INFO - [2026-06-18T17:34:59.391+0000] {dagbag.py:538} INFO - Filling up the DagBag from /home/airflow/.local/lib/python3.8/site-packages/airflow/example_dags/example_trigger_controller_dag.py
[2026-06-18T17:34:59.405+0000] {processor.py:840} INFO - DAG(s) 'example_trigger_controller_dag' retrieved from /home/airflow/.local/lib/python3.8/site-packages/airflow/example_dags/example_trigger_controller_dag.py
[2026-06-18T17:34:59.450+0000] {logging_mixin.py:188} INFO - [2026-06-18T17:34:59.449+0000] {dag.py:3036} INFO - Sync 1 DAGs
[2026-06-18T17:34:59.518+0000] {logging_mixin.py:188} INFO - [2026-06-18T17:34:59.517+0000] {dag.py:3823} INFO - Setting next_dagrun for example_trigger_controller_dag to 2021-01-01 00:00:00+00:00, run_after=2021-01-01 00:00:00+00:00
[2026-06-18T17:34:59.559+0000] {processor.py:183} INFO - Processing /home/airflow/.local/lib/python3.8/site-packages/airflow/example_dags/example_trigger_controller_dag.py took 0.180 seconds
[2026-06-18T17:35:29.842+0000] {processor.py:161} INFO - Started process (PID=5969) to work on /home/airflow/.local/lib/python3.8/site-packages/airflow/example_dags/example_trigger_controller_dag.py
[2026-06-18T17:35:29.843+0000] {processor.py:830} INFO - Processing file /home/airflow/.local/lib/python3.8/site-packages/airflow/example_dags/example_trigger_controller_dag.py for tasks to queue
[2026-06-18T17:35:29.846+0000] {logging_mixin.py:188} INFO - [2026-06-18T17:35:29.846+0000] {dagbag.py:538} INFO - Filling up the DagBag from /home/airflow/.local/lib/python3.8/site-packages/airflow/example_dags/example_trigger_controller_dag.py
[2026-06-18T17:35:29.855+0000] {processor.py:840} INFO - DAG(s) 'example_trigger_controller_dag' retrieved from /home/airflow/.local/lib/python3.8/site-packages/airflow/example_dags/example_trigger_controller_dag.py
[2026-06-18T17:35:29.900+0000] {logging_mixin.py:188} INFO - [2026-06-18T17:35:29.900+0000] {dag.py:3036} INFO - Sync 1 DAGs
[2026-06-18T17:35:29.960+0000] {logging_mixin.py:188} INFO - [2026-06-18T17:35:29.959+0000] {dag.py:3823} INFO - Setting next_dagrun for example_trigger_controller_dag to 2021-01-01 00:00:00+00:00, run_after=2021-01-01 00:00:00+00:00
[2026-06-18T17:35:30.014+0000] {processor.py:183} INFO - Processing /home/airflow/.local/lib/python3.8/site-packages/airflow/example_dags/example_trigger_controller_dag.py took 0.177 seconds
[2026-06-18T17:36:00.641+0000] {processor.py:161} INFO - Started process (PID=6034) to work on /home/airflow/.local/lib/python3.8/site-packages/airflow/example_dags/example_trigger_controller_dag.py
[2026-06-18T17:36:00.643+0000] {processor.py:830} INFO - Processing file /home/airflow/.local/lib/python3.8/site-packages/airflow/example_dags/example_trigger_controller_dag.py for tasks to queue
[2026-06-18T17:36:00.647+0000] {logging_mixin.py:188} INFO - [2026-06-18T17:36:00.646+0000] {dagbag.py:538} INFO - Filling up the DagBag from /home/airflow/.local/lib/python3.8/site-packages/airflow/example_dags/example_trigger_controller_dag.py
[2026-06-18T17:36:00.656+0000] {processor.py:840} INFO - DAG(s) 'example_trigger_controller_dag' retrieved from /home/airflow/.local/lib/python3.8/site-packages/airflow/example_dags/example_trigger_controller_dag.py
[2026-06-18T17:36:00.696+0000] {logging_mixin.py:188} INFO - [2026-06-18T17:36:00.696+0000] {dag.py:3036} INFO - Sync 1 DAGs
[2026-06-18T17:36:00.742+0000] {logging_mixin.py:188} INFO - [2026-06-18T17:36:00.741+0000] {dag.py:3823} INFO - Setting next_dagrun for example_trigger_controller_dag to 2021-01-01 00:00:00+00:00, run_after=2021-01-01 00:00:00+00:00
[2026-06-18T17:36:00.782+0000] {processor.py:183} INFO - Processing /home/airflow/.local/lib/python3.8/site-packages/airflow/example_dags/example_trigger_controller_dag.py took 0.146 seconds
[2026-06-18T17:36:31.390+0000] {processor.py:161} INFO - Started process (PID=6098) to work on /home/airflow/.local/lib/python3.8/site-packages/airflow/example_dags/example_trigger_controller_dag.py
[2026-06-18T17:36:31.392+0000] {processor.py:830} INFO - Processing file /home/airflow/.local/lib/python3.8/site-packages/airflow/example_dags/example_trigger_controller_dag.py for tasks to queue
[2026-06-18T17:36:31.395+0000] {logging_mixin.py:188} INFO - [2026-06-18T17:36:31.395+0000] {dagbag.py:538} INFO - Filling up the DagBag from /home/airflow/.local/lib/python3.8/site-packages/airflow/example_dags/example_trigger_controller_dag.py
[2026-06-18T17:36:31.404+0000] {processor.py:840} INFO - DAG(s) 'example_trigger_controller_dag' retrieved from /home/airflow/.local/lib/python3.8/site-packages/airflow/example_dags/example_trigger_controller_dag.py
[2026-06-18T17:36:31.444+0000] {logging_mixin.py:188} INFO - [2026-06-18T17:36:31.444+0000] {dag.py:3036} INFO - Sync 1 DAGs
[2026-06-18T17:36:31.483+0000] {logging_mixin.py:188} INFO - [2026-06-18T17:36:31.482+0000] {dag.py:3823} INFO - Setting next_dagrun for example_trigger_controller_dag to 2021-01-01 00:00:00+00:00, run_after=2021-01-01 00:00:00+00:00
[2026-06-18T17:36:31.515+0000] {processor.py:183} INFO - Processing /home/airflow/.local/lib/python3.8/site-packages/airflow/example_dags/example_trigger_controller_dag.py took 0.131 seconds
[2026-06-18T17:37:01.754+0000] {processor.py:161} INFO - Started process (PID=6164) to work on /home/airflow/.local/lib/python3.8/site-packages/airflow/example_dags/example_trigger_controller_dag.py
[2026-06-18T17:37:01.756+0000] {processor.py:830} INFO - Processing file /home/airflow/.local/lib/python3.8/site-packages/airflow/example_dags/example_trigger_controller_dag.py for tasks to queue
[2026-06-18T17:37:01.760+0000] {logging_mixin.py:188} INFO - [2026-06-18T17:37:01.759+0000] {dagbag.py:538} INFO - Filling up the DagBag from /home/airflow/.local/lib/python3.8/site-packages/airflow/example_dags/example_trigger_controller_dag.py
[2026-06-18T17:37:01.767+0000] {processor.py:840} INFO - DAG(s) 'example_trigger_controller_dag' retrieved from /home/airflow/.local/lib/python3.8/site-packages/airflow/example_dags/example_trigger_controller_dag.py
[2026-06-18T17:37:01.806+0000] {logging_mixin.py:188} INFO - [2026-06-18T17:37:01.806+0000] {dag.py:3036} INFO - Sync 1 DAGs
[2026-06-18T17:37:01.845+0000] {logging_mixin.py:188} INFO - [2026-06-18T17:37:01.845+0000] {dag.py:3823} INFO - Setting next_dagrun for example_trigger_controller_dag to 2021-01-01 00:00:00+00:00, run_after=2021-01-01 00:00:00+00:00
[2026-06-18T17:37:01.882+0000] {processor.py:183} INFO - Processing /home/airflow/.local/lib/python3.8/site-packages/airflow/example_dags/example_trigger_controller_dag.py took 0.134 seconds
[2026-06-18T17:37:31.975+0000] {processor.py:161} INFO - Started process (PID=6236) to work on /home/airflow/.local/lib/python3.8/site-packages/airflow/example_dags/example_trigger_controller_dag.py
[2026-06-18T17:37:31.977+0000] {processor.py:830} INFO - Processing file /home/airflow/.local/lib/python3.8/site-packages/airflow/example_dags/example_trigger_controller_dag.py for tasks to queue
[2026-06-18T17:37:31.980+0000] {logging_mixin.py:188} INFO - [2026-06-18T17:37:31.980+0000] {dagbag.py:538} INFO - Filling up the DagBag from /home/airflow/.local/lib/python3.8/site-packages/airflow/example_dags/example_trigger_controller_dag.py
[2026-06-18T17:37:31.989+0000] {processor.py:840} INFO - DAG(s) 'example_trigger_controller_dag' retrieved from /home/airflow/.local/lib/python3.8/site-packages/airflow/example_dags/example_trigger_controller_dag.py
[2026-06-18T17:37:32.031+0000] {logging_mixin.py:188} INFO - [2026-06-18T17:37:32.031+0000] {dag.py:3036} INFO - Sync 1 DAGs
[2026-06-18T17:37:32.068+0000] {logging_mixin.py:188} INFO - [2026-06-18T17:37:32.068+0000] {dag.py:3823} INFO - Setting next_dagrun for example_trigger_controller_dag to 2021-01-01 00:00:00+00:00, run_after=2021-01-01 00:00:00+00:00
[2026-06-18T17:37:32.101+0000] {processor.py:183} INFO - Processing /home/airflow/.local/lib/python3.8/site-packages/airflow/example_dags/example_trigger_controller_dag.py took 0.131 seconds
[2026-06-18T17:38:02.465+0000] {processor.py:161} INFO - Started process (PID=6302) to work on /home/airflow/.local/lib/python3.8/site-packages/airflow/example_dags/example_trigger_controller_dag.py
[2026-06-18T17:38:02.467+0000] {processor.py:830} INFO - Processing file /home/airflow/.local/lib/python3.8/site-packages/airflow/example_dags/example_trigger_controller_dag.py for tasks to queue
[2026-06-18T17:38:02.470+0000] {logging_mixin.py:188} INFO - [2026-06-18T17:38:02.469+0000] {dagbag.py:538} INFO - Filling up the DagBag from /home/airflow/.local/lib/python3.8/site-packages/airflow/example_dags/example_trigger_controller_dag.py
[2026-06-18T17:38:02.477+0000] {processor.py:840} INFO - DAG(s) 'example_trigger_controller_dag' retrieved from /home/airflow/.local/lib/python3.8/site-packages/airflow/example_dags/example_trigger_controller_dag.py
[2026-06-18T17:38:02.515+0000] {logging_mixin.py:188} INFO - [2026-06-18T17:38:02.514+0000] {dag.py:3036} INFO - Sync 1 DAGs
[2026-06-18T17:38:02.559+0000] {logging_mixin.py:188} INFO - [2026-06-18T17:38:02.558+0000] {dag.py:3823} INFO - Setting next_dagrun for example_trigger_controller_dag to 2021-01-01 00:00:00+00:00, run_after=2021-01-01 00:00:00+00:00
[2026-06-18T17:38:02.595+0000] {processor.py:183} INFO - Processing /home/airflow/.local/lib/python3.8/site-packages/airflow/example_dags/example_trigger_controller_dag.py took 0.135 seconds
[2026-06-18T17:38:32.899+0000] {processor.py:161} INFO - Started process (PID=6368) to work on /home/airflow/.local/lib/python3.8/site-packages/airflow/example_dags/example_trigger_controller_dag.py
[2026-06-18T17:38:32.901+0000] {processor.py:830} INFO - Processing file /home/airflow/.local/lib/python3.8/site-packages/airflow/example_dags/example_trigger_controller_dag.py for tasks to queue
[2026-06-18T17:38:32.904+0000] {logging_mixin.py:188} INFO - [2026-06-18T17:38:32.904+0000] {dagbag.py:538} INFO - Filling up the DagBag from /home/airflow/.local/lib/python3.8/site-packages/airflow/example_dags/example_trigger_controller_dag.py
[2026-06-18T17:38:32.913+0000] {processor.py:840} INFO - DAG(s) 'example_trigger_controller_dag' retrieved from /home/airflow/.local/lib/python3.8/site-packages/airflow/example_dags/example_trigger_controller_dag.py
[2026-06-18T17:38:32.954+0000] {logging_mixin.py:188} INFO - [2026-06-18T17:38:32.953+0000] {dag.py:3036} INFO - Sync 1 DAGs
[2026-06-18T17:38:33.001+0000] {logging_mixin.py:188} INFO - [2026-06-18T17:38:33.000+0000] {dag.py:3823} INFO - Setting next_dagrun for example_trigger_controller_dag to 2021-01-01 00:00:00+00:00, run_after=2021-01-01 00:00:00+00:00
[2026-06-18T17:38:33.038+0000] {processor.py:183} INFO - Processing /home/airflow/.local/lib/python3.8/site-packages/airflow/example_dags/example_trigger_controller_dag.py took 0.144 seconds
[2026-06-18T17:39:03.246+0000] {processor.py:161} INFO - Started process (PID=6434) to work on /home/airflow/.local/lib/python3.8/site-packages/airflow/example_dags/example_trigger_controller_dag.py
[2026-06-18T17:39:03.248+0000] {processor.py:830} INFO - Processing file /home/airflow/.local/lib/python3.8/site-packages/airflow/example_dags/example_trigger_controller_dag.py for tasks to queue
[2026-06-18T17:39:03.250+0000] {logging_mixin.py:188} INFO - [2026-06-18T17:39:03.250+0000] {dagbag.py:538} INFO - Filling up the DagBag from /home/airflow/.local/lib/python3.8/site-packages/airflow/example_dags/example_trigger_controller_dag.py
[2026-06-18T17:39:03.257+0000] {processor.py:840} INFO - DAG(s) 'example_trigger_controller_dag' retrieved from /home/airflow/.local/lib/python3.8/site-packages/airflow/example_dags/example_trigger_controller_dag.py
[2026-06-18T17:39:03.296+0000] {logging_mixin.py:188} INFO - [2026-06-18T17:39:03.296+0000] {dag.py:3036} INFO - Sync 1 DAGs
[2026-06-18T17:39:03.338+0000] {logging_mixin.py:188} INFO - [2026-06-18T17:39:03.338+0000] {dag.py:3823} INFO - Setting next_dagrun for example_trigger_controller_dag to 2021-01-01 00:00:00+00:00, run_after=2021-01-01 00:00:00+00:00
[2026-06-18T17:39:03.371+0000] {processor.py:183} INFO - Processing /home/airflow/.local/lib/python3.8/site-packages/airflow/example_dags/example_trigger_controller_dag.py took 0.131 seconds
[2026-06-18T17:39:33.455+0000] {processor.py:161} INFO - Started process (PID=6500) to work on /home/airflow/.local/lib/python3.8/site-packages/airflow/example_dags/example_trigger_controller_dag.py
[2026-06-18T17:39:33.457+0000] {processor.py:830} INFO - Processing file /home/airflow/.local/lib/python3.8/site-packages/airflow/example_dags/example_trigger_controller_dag.py for tasks to queue
[2026-06-18T17:39:33.460+0000] {logging_mixin.py:188} INFO - [2026-06-18T17:39:33.459+0000] {dagbag.py:538} INFO - Filling up the DagBag from /home/airflow/.local/lib/python3.8/site-packages/airflow/example_dags/example_trigger_controller_dag.py
[2026-06-18T17:39:33.468+0000] {processor.py:840} INFO - DAG(s) 'example_trigger_controller_dag' retrieved from /home/airflow/.local/lib/python3.8/site-packages/airflow/example_dags/example_trigger_controller_dag.py
[2026-06-18T17:39:33.506+0000] {logging_mixin.py:188} INFO - [2026-06-18T17:39:33.506+0000] {dag.py:3036} INFO - Sync 1 DAGs
[2026-06-18T17:39:33.543+0000] {logging_mixin.py:188} INFO - [2026-06-18T17:39:33.542+0000] {dag.py:3823} INFO - Setting next_dagrun for example_trigger_controller_dag to 2021-01-01 00:00:00+00:00, run_after=2021-01-01 00:00:00+00:00
[2026-06-18T17:39:33.572+0000] {processor.py:183} INFO - Processing /home/airflow/.local/lib/python3.8/site-packages/airflow/example_dags/example_trigger_controller_dag.py took 0.122 seconds
[2026-06-18T17:40:04.329+0000] {processor.py:161} INFO - Started process (PID=6566) to work on /home/airflow/.local/lib/python3.8/site-packages/airflow/example_dags/example_trigger_controller_dag.py
[2026-06-18T17:40:04.331+0000] {processor.py:830} INFO - Processing file /home/airflow/.local/lib/python3.8/site-packages/airflow/example_dags/example_trigger_controller_dag.py for tasks to queue
[2026-06-18T17:40:04.334+0000] {logging_mixin.py:188} INFO - [2026-06-18T17:40:04.333+0000] {dagbag.py:538} INFO - Filling up the DagBag from /home/airflow/.local/lib/python3.8/site-packages/airflow/example_dags/example_trigger_controller_dag.py
[2026-06-18T17:40:04.342+0000] {processor.py:840} INFO - DAG(s) 'example_trigger_controller_dag' retrieved from /home/airflow/.local/lib/python3.8/site-packages/airflow/example_dags/example_trigger_controller_dag.py
[2026-06-18T17:40:04.383+0000] {logging_mixin.py:188} INFO - [2026-06-18T17:40:04.382+0000] {dag.py:3036} INFO - Sync 1 DAGs
[2026-06-18T17:40:04.427+0000] {logging_mixin.py:188} INFO - [2026-06-18T17:40:04.427+0000] {dag.py:3823} INFO - Setting next_dagrun for example_trigger_controller_dag to 2021-01-01 00:00:00+00:00, run_after=2021-01-01 00:00:00+00:00
[2026-06-18T17:40:04.462+0000] {processor.py:183} INFO - Processing /home/airflow/.local/lib/python3.8/site-packages/airflow/example_dags/example_trigger_controller_dag.py took 0.139 seconds
[2026-06-18T17:40:34.626+0000] {processor.py:161} INFO - Started process (PID=6632) to work on /home/airflow/.local/lib/python3.8/site-packages/airflow/example_dags/example_trigger_controller_dag.py
[2026-06-18T17:40:34.628+0000] {processor.py:830} INFO - Processing file /home/airflow/.local/lib/python3.8/site-packages/airflow/example_dags/example_trigger_controller_dag.py for tasks to queue
[2026-06-18T17:40:34.631+0000] {logging_mixin.py:188} INFO - [2026-06-18T17:40:34.630+0000] {dagbag.py:538} INFO - Filling up the DagBag from /home/airflow/.local/lib/python3.8/site-packages/airflow/example_dags/example_trigger_controller_dag.py
[2026-06-18T17:40:34.639+0000] {processor.py:840} INFO - DAG(s) 'example_trigger_controller_dag' retrieved from /home/airflow/.local/lib/python3.8/site-packages/airflow/example_dags/example_trigger_controller_dag.py
[2026-06-18T17:40:34.677+0000] {logging_mixin.py:188} INFO - [2026-06-18T17:40:34.677+0000] {dag.py:3036} INFO - Sync 1 DAGs
[2026-06-18T17:40:34.731+0000] {logging_mixin.py:188} INFO - [2026-06-18T17:40:34.731+0000] {dag.py:3823} INFO - Setting next_dagrun for example_trigger_controller_dag to 2021-01-01 00:00:00+00:00, run_after=2021-01-01 00:00:00+00:00
[2026-06-18T17:40:34.770+0000] {processor.py:183} INFO - Processing /home/airflow/.local/lib/python3.8/site-packages/airflow/example_dags/example_trigger_controller_dag.py took 0.150 seconds
[2026-06-18T17:41:04.992+0000] {processor.py:161} INFO - Started process (PID=6698) to work on /home/airflow/.local/lib/python3.8/site-packages/airflow/example_dags/example_trigger_controller_dag.py
[2026-06-18T17:41:04.994+0000] {processor.py:830} INFO - Processing file /home/airflow/.local/lib/python3.8/site-packages/airflow/example_dags/example_trigger_controller_dag.py for tasks to queue
[2026-06-18T17:41:04.998+0000] {logging_mixin.py:188} INFO - [2026-06-18T17:41:04.997+0000] {dagbag.py:538} INFO - Filling up the DagBag from /home/airflow/.local/lib/python3.8/site-packages/airflow/example_dags/example_trigger_controller_dag.py
[2026-06-18T17:41:05.008+0000] {processor.py:840} INFO - DAG(s) 'example_trigger_controller_dag' retrieved from /home/airflow/.local/lib/python3.8/site-packages/airflow/example_dags/example_trigger_controller_dag.py
[2026-06-18T17:41:05.073+0000] {logging_mixin.py:188} INFO - [2026-06-18T17:41:05.073+0000] {dag.py:3036} INFO - Sync 1 DAGs
[2026-06-18T17:41:05.122+0000] {logging_mixin.py:188} INFO - [2026-06-18T17:41:05.121+0000] {dag.py:3823} INFO - Setting next_dagrun for example_trigger_controller_dag to 2021-01-01 00:00:00+00:00, run_after=2021-01-01 00:00:00+00:00
[2026-06-18T17:41:05.162+0000] {processor.py:183} INFO - Processing /home/airflow/.local/lib/python3.8/site-packages/airflow/example_dags/example_trigger_controller_dag.py took 0.175 seconds
[2026-06-18T17:41:35.345+0000] {processor.py:161} INFO - Started process (PID=6762) to work on /home/airflow/.local/lib/python3.8/site-packages/airflow/example_dags/example_trigger_controller_dag.py
[2026-06-18T17:41:35.347+0000] {processor.py:830} INFO - Processing file /home/airflow/.local/lib/python3.8/site-packages/airflow/example_dags/example_trigger_controller_dag.py for tasks to queue
[2026-06-18T17:41:35.349+0000] {logging_mixin.py:188} INFO - [2026-06-18T17:41:35.349+0000] {dagbag.py:538} INFO - Filling up the DagBag from /home/airflow/.local/lib/python3.8/site-packages/airflow/example_dags/example_trigger_controller_dag.py
[2026-06-18T17:41:35.357+0000] {processor.py:840} INFO - DAG(s) 'example_trigger_controller_dag' retrieved from /home/airflow/.local/lib/python3.8/site-packages/airflow/example_dags/example_trigger_controller_dag.py
[2026-06-18T17:41:35.393+0000] {logging_mixin.py:188} INFO - [2026-06-18T17:41:35.393+0000] {dag.py:3036} INFO - Sync 1 DAGs
[2026-06-18T17:41:35.431+0000] {logging_mixin.py:188} INFO - [2026-06-18T17:41:35.431+0000] {dag.py:3823} INFO - Setting next_dagrun for example_trigger_controller_dag to 2021-01-01 00:00:00+00:00, run_after=2021-01-01 00:00:00+00:00
[2026-06-18T17:41:35.465+0000] {processor.py:183} INFO - Processing /home/airflow/.local/lib/python3.8/site-packages/airflow/example_dags/example_trigger_controller_dag.py took 0.124 seconds
[2026-06-18T17:42:06.253+0000] {processor.py:161} INFO - Started process (PID=6828) to work on /home/airflow/.local/lib/python3.8/site-packages/airflow/example_dags/example_trigger_controller_dag.py
[2026-06-18T17:42:06.256+0000] {processor.py:830} INFO - Processing file /home/airflow/.local/lib/python3.8/site-packages/airflow/example_dags/example_trigger_controller_dag.py for tasks to queue
[2026-06-18T17:42:06.259+0000] {logging_mixin.py:188} INFO - [2026-06-18T17:42:06.258+0000] {dagbag.py:538} INFO - Filling up the DagBag from /home/airflow/.local/lib/python3.8/site-packages/airflow/example_dags/example_trigger_controller_dag.py
[2026-06-18T17:42:06.266+0000] {processor.py:840} INFO - DAG(s) 'example_trigger_controller_dag' retrieved from /home/airflow/.local/lib/python3.8/site-packages/airflow/example_dags/example_trigger_controller_dag.py
[2026-06-18T17:42:06.305+0000] {logging_mixin.py:188} INFO - [2026-06-18T17:42:06.305+0000] {dag.py:3036} INFO - Sync 1 DAGs
[2026-06-18T17:42:06.345+0000] {logging_mixin.py:188} INFO - [2026-06-18T17:42:06.345+0000] {dag.py:3823} INFO - Setting next_dagrun for example_trigger_controller_dag to 2021-01-01 00:00:00+00:00, run_after=2021-01-01 00:00:00+00:00
[2026-06-18T17:42:06.379+0000] {processor.py:183} INFO - Processing /home/airflow/.local/lib/python3.8/site-packages/airflow/example_dags/example_trigger_controller_dag.py took 0.131 seconds
[2026-06-18T17:42:36.797+0000] {processor.py:161} INFO - Started process (PID=6894) to work on /home/airflow/.local/lib/python3.8/site-packages/airflow/example_dags/example_trigger_controller_dag.py
[2026-06-18T17:42:36.799+0000] {processor.py:830} INFO - Processing file /home/airflow/.local/lib/python3.8/site-packages/airflow/example_dags/example_trigger_controller_dag.py for tasks to queue
[2026-06-18T17:42:36.802+0000] {logging_mixin.py:188} INFO - [2026-06-18T17:42:36.801+0000] {dagbag.py:538} INFO - Filling up the DagBag from /home/airflow/.local/lib/python3.8/site-packages/airflow/example_dags/example_trigger_controller_dag.py
[2026-06-18T17:42:36.810+0000] {processor.py:840} INFO - DAG(s) 'example_trigger_controller_dag' retrieved from /home/airflow/.local/lib/python3.8/site-packages/airflow/example_dags/example_trigger_controller_dag.py
[2026-06-18T17:42:36.845+0000] {logging_mixin.py:188} INFO - [2026-06-18T17:42:36.844+0000] {dag.py:3036} INFO - Sync 1 DAGs
[2026-06-18T17:42:36.891+0000] {logging_mixin.py:188} INFO - [2026-06-18T17:42:36.891+0000] {dag.py:3823} INFO - Setting next_dagrun for example_trigger_controller_dag to 2021-01-01 00:00:00+00:00, run_after=2021-01-01 00:00:00+00:00
[2026-06-18T17:42:36.927+0000] {processor.py:183} INFO - Processing /home/airflow/.local/lib/python3.8/site-packages/airflow/example_dags/example_trigger_controller_dag.py took 0.136 seconds
[2026-06-18T17:43:07.415+0000] {processor.py:161} INFO - Started process (PID=6960) to work on /home/airflow/.local/lib/python3.8/site-packages/airflow/example_dags/example_trigger_controller_dag.py
[2026-06-18T17:43:07.417+0000] {processor.py:830} INFO - Processing file /home/airflow/.local/lib/python3.8/site-packages/airflow/example_dags/example_trigger_controller_dag.py for tasks to queue
[2026-06-18T17:43:07.420+0000] {logging_mixin.py:188} INFO - [2026-06-18T17:43:07.420+0000] {dagbag.py:538} INFO - Filling up the DagBag from /home/airflow/.local/lib/python3.8/site-packages/airflow/example_dags/example_trigger_controller_dag.py
[2026-06-18T17:43:07.428+0000] {processor.py:840} INFO - DAG(s) 'example_trigger_controller_dag' retrieved from /home/airflow/.local/lib/python3.8/site-packages/airflow/example_dags/example_trigger_controller_dag.py
[2026-06-18T17:43:07.465+0000] {logging_mixin.py:188} INFO - [2026-06-18T17:43:07.465+0000] {dag.py:3036} INFO - Sync 1 DAGs
[2026-06-18T17:43:07.508+0000] {logging_mixin.py:188} INFO - [2026-06-18T17:43:07.507+0000] {dag.py:3823} INFO - Setting next_dagrun for example_trigger_controller_dag to 2021-01-01 00:00:00+00:00, run_after=2021-01-01 00:00:00+00:00
[2026-06-18T17:43:07.544+0000] {processor.py:183} INFO - Processing /home/airflow/.local/lib/python3.8/site-packages/airflow/example_dags/example_trigger_controller_dag.py took 0.134 seconds
[2026-06-18T17:43:37.656+0000] {processor.py:161} INFO - Started process (PID=7026) to work on /home/airflow/.local/lib/python3.8/site-packages/airflow/example_dags/example_trigger_controller_dag.py
[2026-06-18T17:43:37.657+0000] {processor.py:830} INFO - Processing file /home/airflow/.local/lib/python3.8/site-packages/airflow/example_dags/example_trigger_controller_dag.py for tasks to queue
[2026-06-18T17:43:37.660+0000] {logging_mixin.py:188} INFO - [2026-06-18T17:43:37.660+0000] {dagbag.py:538} INFO - Filling up the DagBag from /home/airflow/.local/lib/python3.8/site-packages/airflow/example_dags/example_trigger_controller_dag.py
[2026-06-18T17:43:37.669+0000] {processor.py:840} INFO - DAG(s) 'example_trigger_controller_dag' retrieved from /home/airflow/.local/lib/python3.8/site-packages/airflow/example_dags/example_trigger_controller_dag.py
[2026-06-18T17:43:37.708+0000] {logging_mixin.py:188} INFO - [2026-06-18T17:43:37.708+0000] {dag.py:3036} INFO - Sync 1 DAGs
[2026-06-18T17:43:37.753+0000] {logging_mixin.py:188} INFO - [2026-06-18T17:43:37.752+0000] {dag.py:3823} INFO - Setting next_dagrun for example_trigger_controller_dag to 2021-01-01 00:00:00+00:00, run_after=2021-01-01 00:00:00+00:00
[2026-06-18T17:43:37.788+0000] {processor.py:183} INFO - Processing /home/airflow/.local/lib/python3.8/site-packages/airflow/example_dags/example_trigger_controller_dag.py took 0.137 seconds
[2026-06-18T17:44:07.957+0000] {processor.py:161} INFO - Started process (PID=7092) to work on /home/airflow/.local/lib/python3.8/site-packages/airflow/example_dags/example_trigger_controller_dag.py
[2026-06-18T17:44:07.963+0000] {processor.py:830} INFO - Processing file /home/airflow/.local/lib/python3.8/site-packages/airflow/example_dags/example_trigger_controller_dag.py for tasks to queue
[2026-06-18T17:44:07.966+0000] {logging_mixin.py:188} INFO - [2026-06-18T17:44:07.965+0000] {dagbag.py:538} INFO - Filling up the DagBag from /home/airflow/.local/lib/python3.8/site-packages/airflow/example_dags/example_trigger_controller_dag.py
[2026-06-18T17:44:07.973+0000] {processor.py:840} INFO - DAG(s) 'example_trigger_controller_dag' retrieved from /home/airflow/.local/lib/python3.8/site-packages/airflow/example_dags/example_trigger_controller_dag.py
[2026-06-18T17:44:08.020+0000] {logging_mixin.py:188} INFO - [2026-06-18T17:44:08.019+0000] {dag.py:3036} INFO - Sync 1 DAGs
[2026-06-18T17:44:08.068+0000] {logging_mixin.py:188} INFO - [2026-06-18T17:44:08.068+0000] {dag.py:3823} INFO - Setting next_dagrun for example_trigger_controller_dag to 2021-01-01 00:00:00+00:00, run_after=2021-01-01 00:00:00+00:00
[2026-06-18T17:44:08.112+0000] {processor.py:183} INFO - Processing /home/airflow/.local/lib/python3.8/site-packages/airflow/example_dags/example_trigger_controller_dag.py took 0.161 seconds
[2026-06-18T17:44:38.644+0000] {processor.py:161} INFO - Started process (PID=7166) to work on /home/airflow/.local/lib/python3.8/site-packages/airflow/example_dags/example_trigger_controller_dag.py
[2026-06-18T17:44:38.646+0000] {processor.py:830} INFO - Processing file /home/airflow/.local/lib/python3.8/site-packages/airflow/example_dags/example_trigger_controller_dag.py for tasks to queue
[2026-06-18T17:44:38.649+0000] {logging_mixin.py:188} INFO - [2026-06-18T17:44:38.648+0000] {dagbag.py:538} INFO - Filling up the DagBag from /home/airflow/.local/lib/python3.8/site-packages/airflow/example_dags/example_trigger_controller_dag.py
[2026-06-18T17:44:38.657+0000] {processor.py:840} INFO - DAG(s) 'example_trigger_controller_dag' retrieved from /home/airflow/.local/lib/python3.8/site-packages/airflow/example_dags/example_trigger_controller_dag.py
[2026-06-18T17:44:38.700+0000] {logging_mixin.py:188} INFO - [2026-06-18T17:44:38.699+0000] {dag.py:3036} INFO - Sync 1 DAGs
[2026-06-18T17:44:38.750+0000] {logging_mixin.py:188} INFO - [2026-06-18T17:44:38.750+0000] {dag.py:3823} INFO - Setting next_dagrun for example_trigger_controller_dag to 2021-01-01 00:00:00+00:00, run_after=2021-01-01 00:00:00+00:00
[2026-06-18T17:44:38.784+0000] {processor.py:183} INFO - Processing /home/airflow/.local/lib/python3.8/site-packages/airflow/example_dags/example_trigger_controller_dag.py took 0.146 seconds
[2026-06-18T17:45:09.445+0000] {processor.py:161} INFO - Started process (PID=7232) to work on /home/airflow/.local/lib/python3.8/site-packages/airflow/example_dags/example_trigger_controller_dag.py
[2026-06-18T17:45:09.447+0000] {processor.py:830} INFO - Processing file /home/airflow/.local/lib/python3.8/site-packages/airflow/example_dags/example_trigger_controller_dag.py for tasks to queue
[2026-06-18T17:45:09.450+0000] {logging_mixin.py:188} INFO - [2026-06-18T17:45:09.450+0000] {dagbag.py:538} INFO - Filling up the DagBag from /home/airflow/.local/lib/python3.8/site-packages/airflow/example_dags/example_trigger_controller_dag.py
[2026-06-18T17:45:09.459+0000] {processor.py:840} INFO - DAG(s) 'example_trigger_controller_dag' retrieved from /home/airflow/.local/lib/python3.8/site-packages/airflow/example_dags/example_trigger_controller_dag.py
[2026-06-18T17:45:09.502+0000] {logging_mixin.py:188} INFO - [2026-06-18T17:45:09.501+0000] {dag.py:3036} INFO - Sync 1 DAGs
[2026-06-18T17:45:09.547+0000] {logging_mixin.py:188} INFO - [2026-06-18T17:45:09.547+0000] {dag.py:3823} INFO - Setting next_dagrun for example_trigger_controller_dag to 2021-01-01 00:00:00+00:00, run_after=2021-01-01 00:00:00+00:00
[2026-06-18T17:45:09.589+0000] {processor.py:183} INFO - Processing /home/airflow/.local/lib/python3.8/site-packages/airflow/example_dags/example_trigger_controller_dag.py took 0.151 seconds
[2026-06-18T17:45:40.430+0000] {processor.py:161} INFO - Started process (PID=7298) to work on /home/airflow/.local/lib/python3.8/site-packages/airflow/example_dags/example_trigger_controller_dag.py
[2026-06-18T17:45:40.432+0000] {processor.py:830} INFO - Processing file /home/airflow/.local/lib/python3.8/site-packages/airflow/example_dags/example_trigger_controller_dag.py for tasks to queue
[2026-06-18T17:45:40.435+0000] {logging_mixin.py:188} INFO - [2026-06-18T17:45:40.435+0000] {dagbag.py:538} INFO - Filling up the DagBag from /home/airflow/.local/lib/python3.8/site-packages/airflow/example_dags/example_trigger_controller_dag.py
[2026-06-18T17:45:40.446+0000] {processor.py:840} INFO - DAG(s) 'example_trigger_controller_dag' retrieved from /home/airflow/.local/lib/python3.8/site-packages/airflow/example_dags/example_trigger_controller_dag.py
[2026-06-18T17:45:40.488+0000] {logging_mixin.py:188} INFO - [2026-06-18T17:45:40.487+0000] {dag.py:3036} INFO - Sync 1 DAGs
[2026-06-18T17:45:40.536+0000] {logging_mixin.py:188} INFO - [2026-06-18T17:45:40.535+0000] {dag.py:3823} INFO - Setting next_dagrun for example_trigger_controller_dag to 2021-01-01 00:00:00+00:00, run_after=2021-01-01 00:00:00+00:00
[2026-06-18T17:45:40.579+0000] {processor.py:183} INFO - Processing /home/airflow/.local/lib/python3.8/site-packages/airflow/example_dags/example_trigger_controller_dag.py took 0.155 seconds
[2026-06-18T17:46:11.278+0000] {processor.py:161} INFO - Started process (PID=7364) to work on /home/airflow/.local/lib/python3.8/site-packages/airflow/example_dags/example_trigger_controller_dag.py
[2026-06-18T17:46:11.283+0000] {processor.py:830} INFO - Processing file /home/airflow/.local/lib/python3.8/site-packages/airflow/example_dags/example_trigger_controller_dag.py for tasks to queue
[2026-06-18T17:46:11.291+0000] {logging_mixin.py:188} INFO - [2026-06-18T17:46:11.290+0000] {dagbag.py:538} INFO - Filling up the DagBag from /home/airflow/.local/lib/python3.8/site-packages/airflow/example_dags/example_trigger_controller_dag.py
[2026-06-18T17:46:11.306+0000] {processor.py:840} INFO - DAG(s) 'example_trigger_controller_dag' retrieved from /home/airflow/.local/lib/python3.8/site-packages/airflow/example_dags/example_trigger_controller_dag.py
[2026-06-18T17:46:11.355+0000] {logging_mixin.py:188} INFO - [2026-06-18T17:46:11.355+0000] {dag.py:3036} INFO - Sync 1 DAGs
[2026-06-18T17:46:11.404+0000] {logging_mixin.py:188} INFO - [2026-06-18T17:46:11.404+0000] {dag.py:3823} INFO - Setting next_dagrun for example_trigger_controller_dag to 2021-01-01 00:00:00+00:00, run_after=2021-01-01 00:00:00+00:00
[2026-06-18T17:46:11.448+0000] {processor.py:183} INFO - Processing /home/airflow/.local/lib/python3.8/site-packages/airflow/example_dags/example_trigger_controller_dag.py took 0.178 seconds
[2026-06-18T17:46:41.843+0000] {processor.py:161} INFO - Started process (PID=7431) to work on /home/airflow/.local/lib/python3.8/site-packages/airflow/example_dags/example_trigger_controller_dag.py
[2026-06-18T17:46:41.844+0000] {processor.py:830} INFO - Processing file /home/airflow/.local/lib/python3.8/site-packages/airflow/example_dags/example_trigger_controller_dag.py for tasks to queue
[2026-06-18T17:46:41.847+0000] {logging_mixin.py:188} INFO - [2026-06-18T17:46:41.847+0000] {dagbag.py:538} INFO - Filling up the DagBag from /home/airflow/.local/lib/python3.8/site-packages/airflow/example_dags/example_trigger_controller_dag.py
[2026-06-18T17:46:41.855+0000] {processor.py:840} INFO - DAG(s) 'example_trigger_controller_dag' retrieved from /home/airflow/.local/lib/python3.8/site-packages/airflow/example_dags/example_trigger_controller_dag.py
[2026-06-18T17:46:41.892+0000] {logging_mixin.py:188} INFO - [2026-06-18T17:46:41.892+0000] {dag.py:3036} INFO - Sync 1 DAGs
[2026-06-18T17:46:41.928+0000] {logging_mixin.py:188} INFO - [2026-06-18T17:46:41.928+0000] {dag.py:3823} INFO - Setting next_dagrun for example_trigger_controller_dag to 2021-01-01 00:00:00+00:00, run_after=2021-01-01 00:00:00+00:00
[2026-06-18T17:46:41.961+0000] {processor.py:183} INFO - Processing /home/airflow/.local/lib/python3.8/site-packages/airflow/example_dags/example_trigger_controller_dag.py took 0.125 seconds
[2026-06-18T17:47:12.598+0000] {processor.py:161} INFO - Started process (PID=7497) to work on /home/airflow/.local/lib/python3.8/site-packages/airflow/example_dags/example_trigger_controller_dag.py
[2026-06-18T17:47:12.601+0000] {processor.py:830} INFO - Processing file /home/airflow/.local/lib/python3.8/site-packages/airflow/example_dags/example_trigger_controller_dag.py for tasks to queue
[2026-06-18T17:47:12.604+0000] {logging_mixin.py:188} INFO - [2026-06-18T17:47:12.604+0000] {dagbag.py:538} INFO - Filling up the DagBag from /home/airflow/.local/lib/python3.8/site-packages/airflow/example_dags/example_trigger_controller_dag.py
[2026-06-18T17:47:12.614+0000] {processor.py:840} INFO - DAG(s) 'example_trigger_controller_dag' retrieved from /home/airflow/.local/lib/python3.8/site-packages/airflow/example_dags/example_trigger_controller_dag.py
[2026-06-18T17:47:12.665+0000] {logging_mixin.py:188} INFO - [2026-06-18T17:47:12.664+0000] {dag.py:3036} INFO - Sync 1 DAGs
[2026-06-18T17:47:12.739+0000] {logging_mixin.py:188} INFO - [2026-06-18T17:47:12.738+0000] {dag.py:3823} INFO - Setting next_dagrun for example_trigger_controller_dag to 2021-01-01 00:00:00+00:00, run_after=2021-01-01 00:00:00+00:00
[2026-06-18T17:47:12.775+0000] {processor.py:183} INFO - Processing /home/airflow/.local/lib/python3.8/site-packages/airflow/example_dags/example_trigger_controller_dag.py took 0.184 seconds
[2026-06-18T17:47:42.924+0000] {processor.py:161} INFO - Started process (PID=7564) to work on /home/airflow/.local/lib/python3.8/site-packages/airflow/example_dags/example_trigger_controller_dag.py
[2026-06-18T17:47:42.926+0000] {processor.py:830} INFO - Processing file /home/airflow/.local/lib/python3.8/site-packages/airflow/example_dags/example_trigger_controller_dag.py for tasks to queue
[2026-06-18T17:47:42.928+0000] {logging_mixin.py:188} INFO - [2026-06-18T17:47:42.928+0000] {dagbag.py:538} INFO - Filling up the DagBag from /home/airflow/.local/lib/python3.8/site-packages/airflow/example_dags/example_trigger_controller_dag.py
[2026-06-18T17:47:42.935+0000] {processor.py:840} INFO - DAG(s) 'example_trigger_controller_dag' retrieved from /home/airflow/.local/lib/python3.8/site-packages/airflow/example_dags/example_trigger_controller_dag.py
[2026-06-18T17:47:42.967+0000] {logging_mixin.py:188} INFO - [2026-06-18T17:47:42.967+0000] {dag.py:3036} INFO - Sync 1 DAGs
[2026-06-18T17:47:43.003+0000] {logging_mixin.py:188} INFO - [2026-06-18T17:47:43.003+0000] {dag.py:3823} INFO - Setting next_dagrun for example_trigger_controller_dag to 2021-01-01 00:00:00+00:00, run_after=2021-01-01 00:00:00+00:00
[2026-06-18T17:47:43.032+0000] {processor.py:183} INFO - Processing /home/airflow/.local/lib/python3.8/site-packages/airflow/example_dags/example_trigger_controller_dag.py took 0.112 seconds
[2026-06-18T17:48:13.764+0000] {processor.py:161} INFO - Started process (PID=7629) to work on /home/airflow/.local/lib/python3.8/site-packages/airflow/example_dags/example_trigger_controller_dag.py
[2026-06-18T17:48:13.766+0000] {processor.py:830} INFO - Processing file /home/airflow/.local/lib/python3.8/site-packages/airflow/example_dags/example_trigger_controller_dag.py for tasks to queue
[2026-06-18T17:48:13.769+0000] {logging_mixin.py:188} INFO - [2026-06-18T17:48:13.768+0000] {dagbag.py:538} INFO - Filling up the DagBag from /home/airflow/.local/lib/python3.8/site-packages/airflow/example_dags/example_trigger_controller_dag.py
[2026-06-18T17:48:13.777+0000] {processor.py:840} INFO - DAG(s) 'example_trigger_controller_dag' retrieved from /home/airflow/.local/lib/python3.8/site-packages/airflow/example_dags/example_trigger_controller_dag.py
[2026-06-18T17:48:13.816+0000] {logging_mixin.py:188} INFO - [2026-06-18T17:48:13.815+0000] {dag.py:3036} INFO - Sync 1 DAGs
[2026-06-18T17:48:13.853+0000] {logging_mixin.py:188} INFO - [2026-06-18T17:48:13.852+0000] {dag.py:3823} INFO - Setting next_dagrun for example_trigger_controller_dag to 2021-01-01 00:00:00+00:00, run_after=2021-01-01 00:00:00+00:00
[2026-06-18T17:48:13.884+0000] {processor.py:183} INFO - Processing /home/airflow/.local/lib/python3.8/site-packages/airflow/example_dags/example_trigger_controller_dag.py took 0.126 seconds
[2026-06-18T17:48:44.267+0000] {processor.py:161} INFO - Started process (PID=7695) to work on /home/airflow/.local/lib/python3.8/site-packages/airflow/example_dags/example_trigger_controller_dag.py
[2026-06-18T17:48:44.270+0000] {processor.py:830} INFO - Processing file /home/airflow/.local/lib/python3.8/site-packages/airflow/example_dags/example_trigger_controller_dag.py for tasks to queue
[2026-06-18T17:48:44.273+0000] {logging_mixin.py:188} INFO - [2026-06-18T17:48:44.272+0000] {dagbag.py:538} INFO - Filling up the DagBag from /home/airflow/.local/lib/python3.8/site-packages/airflow/example_dags/example_trigger_controller_dag.py
[2026-06-18T17:48:44.280+0000] {processor.py:840} INFO - DAG(s) 'example_trigger_controller_dag' retrieved from /home/airflow/.local/lib/python3.8/site-packages/airflow/example_dags/example_trigger_controller_dag.py
[2026-06-18T17:48:44.316+0000] {logging_mixin.py:188} INFO - [2026-06-18T17:48:44.316+0000] {dag.py:3036} INFO - Sync 1 DAGs
[2026-06-18T17:48:44.355+0000] {logging_mixin.py:188} INFO - [2026-06-18T17:48:44.355+0000] {dag.py:3823} INFO - Setting next_dagrun for example_trigger_controller_dag to 2021-01-01 00:00:00+00:00, run_after=2021-01-01 00:00:00+00:00
[2026-06-18T17:48:44.389+0000] {processor.py:183} INFO - Processing /home/airflow/.local/lib/python3.8/site-packages/airflow/example_dags/example_trigger_controller_dag.py took 0.126 seconds
[2026-06-18T17:49:14.589+0000] {processor.py:161} INFO - Started process (PID=7762) to work on /home/airflow/.local/lib/python3.8/site-packages/airflow/example_dags/example_trigger_controller_dag.py
[2026-06-18T17:49:14.590+0000] {processor.py:830} INFO - Processing file /home/airflow/.local/lib/python3.8/site-packages/airflow/example_dags/example_trigger_controller_dag.py for tasks to queue
[2026-06-18T17:49:14.593+0000] {logging_mixin.py:188} INFO - [2026-06-18T17:49:14.593+0000] {dagbag.py:538} INFO - Filling up the DagBag from /home/airflow/.local/lib/python3.8/site-packages/airflow/example_dags/example_trigger_controller_dag.py
[2026-06-18T17:49:14.600+0000] {processor.py:840} INFO - DAG(s) 'example_trigger_controller_dag' retrieved from /home/airflow/.local/lib/python3.8/site-packages/airflow/example_dags/example_trigger_controller_dag.py
[2026-06-18T17:49:14.637+0000] {logging_mixin.py:188} INFO - [2026-06-18T17:49:14.636+0000] {dag.py:3036} INFO - Sync 1 DAGs
[2026-06-18T17:49:14.677+0000] {logging_mixin.py:188} INFO - [2026-06-18T17:49:14.676+0000] {dag.py:3823} INFO - Setting next_dagrun for example_trigger_controller_dag to 2021-01-01 00:00:00+00:00, run_after=2021-01-01 00:00:00+00:00
[2026-06-18T17:49:14.711+0000] {processor.py:183} INFO - Processing /home/airflow/.local/lib/python3.8/site-packages/airflow/example_dags/example_trigger_controller_dag.py took 0.127 seconds
