[2026-06-18T16:50:17.209+0000] {processor.py:161} INFO - Started process (PID=73) to work on /home/airflow/.local/lib/python3.8/site-packages/airflow/example_dags/example_bash_operator.py
[2026-06-18T16:50:17.210+0000] {processor.py:830} INFO - Processing file /home/airflow/.local/lib/python3.8/site-packages/airflow/example_dags/example_bash_operator.py for tasks to queue
[2026-06-18T16:50:17.212+0000] {logging_mixin.py:188} INFO - [2026-06-18T16:50:17.212+0000] {dagbag.py:538} INFO - Filling up the DagBag from /home/airflow/.local/lib/python3.8/site-packages/airflow/example_dags/example_bash_operator.py
[2026-06-18T16:50:17.231+0000] {processor.py:840} INFO - DAG(s) 'example_bash_operator' retrieved from /home/airflow/.local/lib/python3.8/site-packages/airflow/example_dags/example_bash_operator.py
[2026-06-18T16:50:17.286+0000] {logging_mixin.py:188} INFO - [2026-06-18T16:50:17.285+0000] {dag.py:3036} INFO - Sync 1 DAGs
[2026-06-18T16:50:17.322+0000] {logging_mixin.py:188} INFO - [2026-06-18T16:50:17.322+0000] {dag.py:3823} INFO - Setting next_dagrun for example_bash_operator to 2026-06-17 00:00:00+00:00, run_after=2026-06-18 00:00:00+00:00
[2026-06-18T16:50:17.350+0000] {processor.py:183} INFO - Processing /home/airflow/.local/lib/python3.8/site-packages/airflow/example_dags/example_bash_operator.py took 0.146 seconds
[2026-06-18T16:50:47.414+0000] {processor.py:161} INFO - Started process (PID=138) to work on /home/airflow/.local/lib/python3.8/site-packages/airflow/example_dags/example_bash_operator.py
[2026-06-18T16:50:47.416+0000] {processor.py:830} INFO - Processing file /home/airflow/.local/lib/python3.8/site-packages/airflow/example_dags/example_bash_operator.py for tasks to queue
[2026-06-18T16:50:47.419+0000] {logging_mixin.py:188} INFO - [2026-06-18T16:50:47.419+0000] {dagbag.py:538} INFO - Filling up the DagBag from /home/airflow/.local/lib/python3.8/site-packages/airflow/example_dags/example_bash_operator.py
[2026-06-18T16:50:47.441+0000] {processor.py:840} INFO - DAG(s) 'example_bash_operator' retrieved from /home/airflow/.local/lib/python3.8/site-packages/airflow/example_dags/example_bash_operator.py
[2026-06-18T16:50:47.496+0000] {logging_mixin.py:188} INFO - [2026-06-18T16:50:47.495+0000] {dag.py:3036} INFO - Sync 1 DAGs
[2026-06-18T16:50:47.531+0000] {logging_mixin.py:188} INFO - [2026-06-18T16:50:47.530+0000] {dag.py:3823} INFO - Setting next_dagrun for example_bash_operator to 2026-06-17 00:00:00+00:00, run_after=2026-06-18 00:00:00+00:00
[2026-06-18T16:50:47.560+0000] {processor.py:183} INFO - Processing /home/airflow/.local/lib/python3.8/site-packages/airflow/example_dags/example_bash_operator.py took 0.152 seconds
[2026-06-18T16:51:18.167+0000] {processor.py:161} INFO - Started process (PID=206) to work on /home/airflow/.local/lib/python3.8/site-packages/airflow/example_dags/example_bash_operator.py
[2026-06-18T16:51:18.169+0000] {processor.py:830} INFO - Processing file /home/airflow/.local/lib/python3.8/site-packages/airflow/example_dags/example_bash_operator.py for tasks to queue
[2026-06-18T16:51:18.171+0000] {logging_mixin.py:188} INFO - [2026-06-18T16:51:18.171+0000] {dagbag.py:538} INFO - Filling up the DagBag from /home/airflow/.local/lib/python3.8/site-packages/airflow/example_dags/example_bash_operator.py
[2026-06-18T16:51:18.190+0000] {processor.py:840} INFO - DAG(s) 'example_bash_operator' retrieved from /home/airflow/.local/lib/python3.8/site-packages/airflow/example_dags/example_bash_operator.py
[2026-06-18T16:51:18.245+0000] {logging_mixin.py:188} INFO - [2026-06-18T16:51:18.244+0000] {dag.py:3036} INFO - Sync 1 DAGs
[2026-06-18T16:51:18.283+0000] {logging_mixin.py:188} INFO - [2026-06-18T16:51:18.283+0000] {dag.py:3823} INFO - Setting next_dagrun for example_bash_operator to 2026-06-17 00:00:00+00:00, run_after=2026-06-18 00:00:00+00:00
[2026-06-18T16:51:18.312+0000] {processor.py:183} INFO - Processing /home/airflow/.local/lib/python3.8/site-packages/airflow/example_dags/example_bash_operator.py took 0.151 seconds
[2026-06-18T16:51:48.407+0000] {processor.py:161} INFO - Started process (PID=272) to work on /home/airflow/.local/lib/python3.8/site-packages/airflow/example_dags/example_bash_operator.py
[2026-06-18T16:51:48.408+0000] {processor.py:830} INFO - Processing file /home/airflow/.local/lib/python3.8/site-packages/airflow/example_dags/example_bash_operator.py for tasks to queue
[2026-06-18T16:51:48.411+0000] {logging_mixin.py:188} INFO - [2026-06-18T16:51:48.410+0000] {dagbag.py:538} INFO - Filling up the DagBag from /home/airflow/.local/lib/python3.8/site-packages/airflow/example_dags/example_bash_operator.py
[2026-06-18T16:51:48.429+0000] {processor.py:840} INFO - DAG(s) 'example_bash_operator' retrieved from /home/airflow/.local/lib/python3.8/site-packages/airflow/example_dags/example_bash_operator.py
[2026-06-18T16:51:48.485+0000] {logging_mixin.py:188} INFO - [2026-06-18T16:51:48.485+0000] {dag.py:3036} INFO - Sync 1 DAGs
[2026-06-18T16:51:48.522+0000] {logging_mixin.py:188} INFO - [2026-06-18T16:51:48.522+0000] {dag.py:3823} INFO - Setting next_dagrun for example_bash_operator to 2026-06-17 00:00:00+00:00, run_after=2026-06-18 00:00:00+00:00
[2026-06-18T16:51:48.551+0000] {processor.py:183} INFO - Processing /home/airflow/.local/lib/python3.8/site-packages/airflow/example_dags/example_bash_operator.py took 0.148 seconds
[2026-06-18T16:52:19.484+0000] {processor.py:161} INFO - Started process (PID=338) to work on /home/airflow/.local/lib/python3.8/site-packages/airflow/example_dags/example_bash_operator.py
[2026-06-18T16:52:19.486+0000] {processor.py:830} INFO - Processing file /home/airflow/.local/lib/python3.8/site-packages/airflow/example_dags/example_bash_operator.py for tasks to queue
[2026-06-18T16:52:19.489+0000] {logging_mixin.py:188} INFO - [2026-06-18T16:52:19.488+0000] {dagbag.py:538} INFO - Filling up the DagBag from /home/airflow/.local/lib/python3.8/site-packages/airflow/example_dags/example_bash_operator.py
[2026-06-18T16:52:19.510+0000] {processor.py:840} INFO - DAG(s) 'example_bash_operator' retrieved from /home/airflow/.local/lib/python3.8/site-packages/airflow/example_dags/example_bash_operator.py
[2026-06-18T16:52:19.567+0000] {logging_mixin.py:188} INFO - [2026-06-18T16:52:19.566+0000] {dag.py:3036} INFO - Sync 1 DAGs
[2026-06-18T16:52:19.607+0000] {logging_mixin.py:188} INFO - [2026-06-18T16:52:19.607+0000] {dag.py:3823} INFO - Setting next_dagrun for example_bash_operator to 2026-06-17 00:00:00+00:00, run_after=2026-06-18 00:00:00+00:00
[2026-06-18T16:52:19.639+0000] {processor.py:183} INFO - Processing /home/airflow/.local/lib/python3.8/site-packages/airflow/example_dags/example_bash_operator.py took 0.159 seconds
[2026-06-18T16:52:50.060+0000] {processor.py:161} INFO - Started process (PID=406) to work on /home/airflow/.local/lib/python3.8/site-packages/airflow/example_dags/example_bash_operator.py
[2026-06-18T16:52:50.062+0000] {processor.py:830} INFO - Processing file /home/airflow/.local/lib/python3.8/site-packages/airflow/example_dags/example_bash_operator.py for tasks to queue
[2026-06-18T16:52:50.064+0000] {logging_mixin.py:188} INFO - [2026-06-18T16:52:50.064+0000] {dagbag.py:538} INFO - Filling up the DagBag from /home/airflow/.local/lib/python3.8/site-packages/airflow/example_dags/example_bash_operator.py
[2026-06-18T16:52:50.081+0000] {processor.py:840} INFO - DAG(s) 'example_bash_operator' retrieved from /home/airflow/.local/lib/python3.8/site-packages/airflow/example_dags/example_bash_operator.py
[2026-06-18T16:52:50.140+0000] {logging_mixin.py:188} INFO - [2026-06-18T16:52:50.139+0000] {dag.py:3036} INFO - Sync 1 DAGs
[2026-06-18T16:52:50.186+0000] {logging_mixin.py:188} INFO - [2026-06-18T16:52:50.186+0000] {dag.py:3823} INFO - Setting next_dagrun for example_bash_operator to 2026-06-17 00:00:00+00:00, run_after=2026-06-18 00:00:00+00:00
[2026-06-18T16:52:50.224+0000] {processor.py:183} INFO - Processing /home/airflow/.local/lib/python3.8/site-packages/airflow/example_dags/example_bash_operator.py took 0.168 seconds
[2026-06-18T16:53:20.354+0000] {processor.py:161} INFO - Started process (PID=472) to work on /home/airflow/.local/lib/python3.8/site-packages/airflow/example_dags/example_bash_operator.py
[2026-06-18T16:53:20.356+0000] {processor.py:830} INFO - Processing file /home/airflow/.local/lib/python3.8/site-packages/airflow/example_dags/example_bash_operator.py for tasks to queue
[2026-06-18T16:53:20.359+0000] {logging_mixin.py:188} INFO - [2026-06-18T16:53:20.358+0000] {dagbag.py:538} INFO - Filling up the DagBag from /home/airflow/.local/lib/python3.8/site-packages/airflow/example_dags/example_bash_operator.py
[2026-06-18T16:53:20.382+0000] {processor.py:840} INFO - DAG(s) 'example_bash_operator' retrieved from /home/airflow/.local/lib/python3.8/site-packages/airflow/example_dags/example_bash_operator.py
[2026-06-18T16:53:20.445+0000] {logging_mixin.py:188} INFO - [2026-06-18T16:53:20.445+0000] {dag.py:3036} INFO - Sync 1 DAGs
[2026-06-18T16:53:20.488+0000] {logging_mixin.py:188} INFO - [2026-06-18T16:53:20.488+0000] {dag.py:3823} INFO - Setting next_dagrun for example_bash_operator to 2026-06-17 00:00:00+00:00, run_after=2026-06-18 00:00:00+00:00
[2026-06-18T16:53:20.521+0000] {processor.py:183} INFO - Processing /home/airflow/.local/lib/python3.8/site-packages/airflow/example_dags/example_bash_operator.py took 0.173 seconds
[2026-06-18T16:53:50.692+0000] {processor.py:161} INFO - Started process (PID=539) to work on /home/airflow/.local/lib/python3.8/site-packages/airflow/example_dags/example_bash_operator.py
[2026-06-18T16:53:50.693+0000] {processor.py:830} INFO - Processing file /home/airflow/.local/lib/python3.8/site-packages/airflow/example_dags/example_bash_operator.py for tasks to queue
[2026-06-18T16:53:50.696+0000] {logging_mixin.py:188} INFO - [2026-06-18T16:53:50.695+0000] {dagbag.py:538} INFO - Filling up the DagBag from /home/airflow/.local/lib/python3.8/site-packages/airflow/example_dags/example_bash_operator.py
[2026-06-18T16:53:50.716+0000] {processor.py:840} INFO - DAG(s) 'example_bash_operator' retrieved from /home/airflow/.local/lib/python3.8/site-packages/airflow/example_dags/example_bash_operator.py
[2026-06-18T16:53:50.772+0000] {logging_mixin.py:188} INFO - [2026-06-18T16:53:50.771+0000] {dag.py:3036} INFO - Sync 1 DAGs
[2026-06-18T16:53:50.820+0000] {logging_mixin.py:188} INFO - [2026-06-18T16:53:50.820+0000] {dag.py:3823} INFO - Setting next_dagrun for example_bash_operator to 2026-06-17 00:00:00+00:00, run_after=2026-06-18 00:00:00+00:00
[2026-06-18T16:53:50.873+0000] {processor.py:183} INFO - Processing /home/airflow/.local/lib/python3.8/site-packages/airflow/example_dags/example_bash_operator.py took 0.186 seconds
[2026-06-18T16:54:21.163+0000] {processor.py:161} INFO - Started process (PID=606) to work on /home/airflow/.local/lib/python3.8/site-packages/airflow/example_dags/example_bash_operator.py
[2026-06-18T16:54:21.165+0000] {processor.py:830} INFO - Processing file /home/airflow/.local/lib/python3.8/site-packages/airflow/example_dags/example_bash_operator.py for tasks to queue
[2026-06-18T16:54:21.167+0000] {logging_mixin.py:188} INFO - [2026-06-18T16:54:21.167+0000] {dagbag.py:538} INFO - Filling up the DagBag from /home/airflow/.local/lib/python3.8/site-packages/airflow/example_dags/example_bash_operator.py
[2026-06-18T16:54:21.189+0000] {processor.py:840} INFO - DAG(s) 'example_bash_operator' retrieved from /home/airflow/.local/lib/python3.8/site-packages/airflow/example_dags/example_bash_operator.py
[2026-06-18T16:54:21.256+0000] {logging_mixin.py:188} INFO - [2026-06-18T16:54:21.255+0000] {dag.py:3036} INFO - Sync 1 DAGs
[2026-06-18T16:54:21.300+0000] {logging_mixin.py:188} INFO - [2026-06-18T16:54:21.300+0000] {dag.py:3823} INFO - Setting next_dagrun for example_bash_operator to 2026-06-17 00:00:00+00:00, run_after=2026-06-18 00:00:00+00:00
[2026-06-18T16:54:21.339+0000] {processor.py:183} INFO - Processing /home/airflow/.local/lib/python3.8/site-packages/airflow/example_dags/example_bash_operator.py took 0.181 seconds
[2026-06-18T16:54:51.620+0000] {processor.py:161} INFO - Started process (PID=678) to work on /home/airflow/.local/lib/python3.8/site-packages/airflow/example_dags/example_bash_operator.py
[2026-06-18T16:54:51.622+0000] {processor.py:830} INFO - Processing file /home/airflow/.local/lib/python3.8/site-packages/airflow/example_dags/example_bash_operator.py for tasks to queue
[2026-06-18T16:54:51.625+0000] {logging_mixin.py:188} INFO - [2026-06-18T16:54:51.624+0000] {dagbag.py:538} INFO - Filling up the DagBag from /home/airflow/.local/lib/python3.8/site-packages/airflow/example_dags/example_bash_operator.py
[2026-06-18T16:54:51.645+0000] {processor.py:840} INFO - DAG(s) 'example_bash_operator' retrieved from /home/airflow/.local/lib/python3.8/site-packages/airflow/example_dags/example_bash_operator.py
[2026-06-18T16:54:51.713+0000] {logging_mixin.py:188} INFO - [2026-06-18T16:54:51.712+0000] {dag.py:3036} INFO - Sync 1 DAGs
[2026-06-18T16:54:51.759+0000] {logging_mixin.py:188} INFO - [2026-06-18T16:54:51.758+0000] {dag.py:3823} INFO - Setting next_dagrun for example_bash_operator to 2026-06-17 00:00:00+00:00, run_after=2026-06-18 00:00:00+00:00
[2026-06-18T16:54:51.794+0000] {processor.py:183} INFO - Processing /home/airflow/.local/lib/python3.8/site-packages/airflow/example_dags/example_bash_operator.py took 0.178 seconds
[2026-06-18T16:55:22.265+0000] {processor.py:161} INFO - Started process (PID=746) to work on /home/airflow/.local/lib/python3.8/site-packages/airflow/example_dags/example_bash_operator.py
[2026-06-18T16:55:22.267+0000] {processor.py:830} INFO - Processing file /home/airflow/.local/lib/python3.8/site-packages/airflow/example_dags/example_bash_operator.py for tasks to queue
[2026-06-18T16:55:22.270+0000] {logging_mixin.py:188} INFO - [2026-06-18T16:55:22.269+0000] {dagbag.py:538} INFO - Filling up the DagBag from /home/airflow/.local/lib/python3.8/site-packages/airflow/example_dags/example_bash_operator.py
[2026-06-18T16:55:22.291+0000] {processor.py:840} INFO - DAG(s) 'example_bash_operator' retrieved from /home/airflow/.local/lib/python3.8/site-packages/airflow/example_dags/example_bash_operator.py
[2026-06-18T16:55:22.358+0000] {logging_mixin.py:188} INFO - [2026-06-18T16:55:22.358+0000] {dag.py:3036} INFO - Sync 1 DAGs
[2026-06-18T16:55:22.409+0000] {logging_mixin.py:188} INFO - [2026-06-18T16:55:22.409+0000] {dag.py:3823} INFO - Setting next_dagrun for example_bash_operator to 2026-06-17 00:00:00+00:00, run_after=2026-06-18 00:00:00+00:00
[2026-06-18T16:55:22.443+0000] {processor.py:183} INFO - Processing /home/airflow/.local/lib/python3.8/site-packages/airflow/example_dags/example_bash_operator.py took 0.183 seconds
[2026-06-18T16:55:52.923+0000] {processor.py:161} INFO - Started process (PID=813) to work on /home/airflow/.local/lib/python3.8/site-packages/airflow/example_dags/example_bash_operator.py
[2026-06-18T16:55:52.925+0000] {processor.py:830} INFO - Processing file /home/airflow/.local/lib/python3.8/site-packages/airflow/example_dags/example_bash_operator.py for tasks to queue
[2026-06-18T16:55:52.929+0000] {logging_mixin.py:188} INFO - [2026-06-18T16:55:52.928+0000] {dagbag.py:538} INFO - Filling up the DagBag from /home/airflow/.local/lib/python3.8/site-packages/airflow/example_dags/example_bash_operator.py
[2026-06-18T16:55:52.954+0000] {processor.py:840} INFO - DAG(s) 'example_bash_operator' retrieved from /home/airflow/.local/lib/python3.8/site-packages/airflow/example_dags/example_bash_operator.py
[2026-06-18T16:55:53.021+0000] {logging_mixin.py:188} INFO - [2026-06-18T16:55:53.020+0000] {dag.py:3036} INFO - Sync 1 DAGs
[2026-06-18T16:55:53.071+0000] {logging_mixin.py:188} INFO - [2026-06-18T16:55:53.070+0000] {dag.py:3823} INFO - Setting next_dagrun for example_bash_operator to 2026-06-17 00:00:00+00:00, run_after=2026-06-18 00:00:00+00:00
[2026-06-18T16:55:53.106+0000] {processor.py:183} INFO - Processing /home/airflow/.local/lib/python3.8/site-packages/airflow/example_dags/example_bash_operator.py took 0.189 seconds
[2026-06-18T16:56:23.963+0000] {processor.py:161} INFO - Started process (PID=879) to work on /home/airflow/.local/lib/python3.8/site-packages/airflow/example_dags/example_bash_operator.py
[2026-06-18T16:56:23.965+0000] {processor.py:830} INFO - Processing file /home/airflow/.local/lib/python3.8/site-packages/airflow/example_dags/example_bash_operator.py for tasks to queue
[2026-06-18T16:56:23.967+0000] {logging_mixin.py:188} INFO - [2026-06-18T16:56:23.967+0000] {dagbag.py:538} INFO - Filling up the DagBag from /home/airflow/.local/lib/python3.8/site-packages/airflow/example_dags/example_bash_operator.py
[2026-06-18T16:56:23.985+0000] {processor.py:840} INFO - DAG(s) 'example_bash_operator' retrieved from /home/airflow/.local/lib/python3.8/site-packages/airflow/example_dags/example_bash_operator.py
[2026-06-18T16:56:24.038+0000] {logging_mixin.py:188} INFO - [2026-06-18T16:56:24.038+0000] {dag.py:3036} INFO - Sync 1 DAGs
[2026-06-18T16:56:24.076+0000] {logging_mixin.py:188} INFO - [2026-06-18T16:56:24.076+0000] {dag.py:3823} INFO - Setting next_dagrun for example_bash_operator to 2026-06-17 00:00:00+00:00, run_after=2026-06-18 00:00:00+00:00
[2026-06-18T16:56:24.105+0000] {processor.py:183} INFO - Processing /home/airflow/.local/lib/python3.8/site-packages/airflow/example_dags/example_bash_operator.py took 0.146 seconds
[2026-06-18T16:56:54.796+0000] {processor.py:161} INFO - Started process (PID=945) to work on /home/airflow/.local/lib/python3.8/site-packages/airflow/example_dags/example_bash_operator.py
[2026-06-18T16:56:54.798+0000] {processor.py:830} INFO - Processing file /home/airflow/.local/lib/python3.8/site-packages/airflow/example_dags/example_bash_operator.py for tasks to queue
[2026-06-18T16:56:54.802+0000] {logging_mixin.py:188} INFO - [2026-06-18T16:56:54.801+0000] {dagbag.py:538} INFO - Filling up the DagBag from /home/airflow/.local/lib/python3.8/site-packages/airflow/example_dags/example_bash_operator.py
[2026-06-18T16:56:54.825+0000] {processor.py:840} INFO - DAG(s) 'example_bash_operator' retrieved from /home/airflow/.local/lib/python3.8/site-packages/airflow/example_dags/example_bash_operator.py
[2026-06-18T16:56:54.882+0000] {logging_mixin.py:188} INFO - [2026-06-18T16:56:54.881+0000] {dag.py:3036} INFO - Sync 1 DAGs
[2026-06-18T16:56:54.927+0000] {logging_mixin.py:188} INFO - [2026-06-18T16:56:54.927+0000] {dag.py:3823} INFO - Setting next_dagrun for example_bash_operator to 2026-06-17 00:00:00+00:00, run_after=2026-06-18 00:00:00+00:00
[2026-06-18T16:56:54.962+0000] {processor.py:183} INFO - Processing /home/airflow/.local/lib/python3.8/site-packages/airflow/example_dags/example_bash_operator.py took 0.171 seconds
[2026-06-18T16:57:25.576+0000] {processor.py:161} INFO - Started process (PID=1010) to work on /home/airflow/.local/lib/python3.8/site-packages/airflow/example_dags/example_bash_operator.py
[2026-06-18T16:57:25.579+0000] {processor.py:830} INFO - Processing file /home/airflow/.local/lib/python3.8/site-packages/airflow/example_dags/example_bash_operator.py for tasks to queue
[2026-06-18T16:57:25.582+0000] {logging_mixin.py:188} INFO - [2026-06-18T16:57:25.581+0000] {dagbag.py:538} INFO - Filling up the DagBag from /home/airflow/.local/lib/python3.8/site-packages/airflow/example_dags/example_bash_operator.py
[2026-06-18T16:57:25.601+0000] {processor.py:840} INFO - DAG(s) 'example_bash_operator' retrieved from /home/airflow/.local/lib/python3.8/site-packages/airflow/example_dags/example_bash_operator.py
[2026-06-18T16:57:25.660+0000] {logging_mixin.py:188} INFO - [2026-06-18T16:57:25.660+0000] {dag.py:3036} INFO - Sync 1 DAGs
[2026-06-18T16:57:25.704+0000] {logging_mixin.py:188} INFO - [2026-06-18T16:57:25.704+0000] {dag.py:3823} INFO - Setting next_dagrun for example_bash_operator to 2026-06-17 00:00:00+00:00, run_after=2026-06-18 00:00:00+00:00
[2026-06-18T16:57:25.739+0000] {processor.py:183} INFO - Processing /home/airflow/.local/lib/python3.8/site-packages/airflow/example_dags/example_bash_operator.py took 0.168 seconds
[2026-06-18T16:57:56.402+0000] {processor.py:161} INFO - Started process (PID=1075) to work on /home/airflow/.local/lib/python3.8/site-packages/airflow/example_dags/example_bash_operator.py
[2026-06-18T16:57:56.404+0000] {processor.py:830} INFO - Processing file /home/airflow/.local/lib/python3.8/site-packages/airflow/example_dags/example_bash_operator.py for tasks to queue
[2026-06-18T16:57:56.407+0000] {logging_mixin.py:188} INFO - [2026-06-18T16:57:56.407+0000] {dagbag.py:538} INFO - Filling up the DagBag from /home/airflow/.local/lib/python3.8/site-packages/airflow/example_dags/example_bash_operator.py
[2026-06-18T16:57:56.429+0000] {processor.py:840} INFO - DAG(s) 'example_bash_operator' retrieved from /home/airflow/.local/lib/python3.8/site-packages/airflow/example_dags/example_bash_operator.py
[2026-06-18T16:57:56.492+0000] {logging_mixin.py:188} INFO - [2026-06-18T16:57:56.491+0000] {dag.py:3036} INFO - Sync 1 DAGs
[2026-06-18T16:57:56.537+0000] {logging_mixin.py:188} INFO - [2026-06-18T16:57:56.536+0000] {dag.py:3823} INFO - Setting next_dagrun for example_bash_operator to 2026-06-17 00:00:00+00:00, run_after=2026-06-18 00:00:00+00:00
[2026-06-18T16:57:56.575+0000] {processor.py:183} INFO - Processing /home/airflow/.local/lib/python3.8/site-packages/airflow/example_dags/example_bash_operator.py took 0.180 seconds
[2026-06-18T16:58:27.021+0000] {processor.py:161} INFO - Started process (PID=1140) to work on /home/airflow/.local/lib/python3.8/site-packages/airflow/example_dags/example_bash_operator.py
[2026-06-18T16:58:27.022+0000] {processor.py:830} INFO - Processing file /home/airflow/.local/lib/python3.8/site-packages/airflow/example_dags/example_bash_operator.py for tasks to queue
[2026-06-18T16:58:27.025+0000] {logging_mixin.py:188} INFO - [2026-06-18T16:58:27.025+0000] {dagbag.py:538} INFO - Filling up the DagBag from /home/airflow/.local/lib/python3.8/site-packages/airflow/example_dags/example_bash_operator.py
[2026-06-18T16:58:27.045+0000] {processor.py:840} INFO - DAG(s) 'example_bash_operator' retrieved from /home/airflow/.local/lib/python3.8/site-packages/airflow/example_dags/example_bash_operator.py
[2026-06-18T16:58:27.069+0000] {logging_mixin.py:188} INFO - [2026-06-18T16:58:27.069+0000] {dag.py:3036} INFO - Sync 1 DAGs
[2026-06-18T16:58:27.116+0000] {logging_mixin.py:188} INFO - [2026-06-18T16:58:27.116+0000] {dag.py:3823} INFO - Setting next_dagrun for example_bash_operator to 2026-06-17 00:00:00+00:00, run_after=2026-06-18 00:00:00+00:00
[2026-06-18T16:58:27.148+0000] {processor.py:183} INFO - Processing /home/airflow/.local/lib/python3.8/site-packages/airflow/example_dags/example_bash_operator.py took 0.133 seconds
[2026-06-18T16:58:57.877+0000] {processor.py:161} INFO - Started process (PID=1206) to work on /home/airflow/.local/lib/python3.8/site-packages/airflow/example_dags/example_bash_operator.py
[2026-06-18T16:58:57.879+0000] {processor.py:830} INFO - Processing file /home/airflow/.local/lib/python3.8/site-packages/airflow/example_dags/example_bash_operator.py for tasks to queue
[2026-06-18T16:58:57.882+0000] {logging_mixin.py:188} INFO - [2026-06-18T16:58:57.882+0000] {dagbag.py:538} INFO - Filling up the DagBag from /home/airflow/.local/lib/python3.8/site-packages/airflow/example_dags/example_bash_operator.py
[2026-06-18T16:58:57.903+0000] {processor.py:840} INFO - DAG(s) 'example_bash_operator' retrieved from /home/airflow/.local/lib/python3.8/site-packages/airflow/example_dags/example_bash_operator.py
[2026-06-18T16:58:58.121+0000] {logging_mixin.py:188} INFO - [2026-06-18T16:58:58.121+0000] {dag.py:3036} INFO - Sync 1 DAGs
[2026-06-18T16:58:58.167+0000] {logging_mixin.py:188} INFO - [2026-06-18T16:58:58.166+0000] {dag.py:3823} INFO - Setting next_dagrun for example_bash_operator to 2026-06-17 00:00:00+00:00, run_after=2026-06-18 00:00:00+00:00
[2026-06-18T16:58:58.204+0000] {processor.py:183} INFO - Processing /home/airflow/.local/lib/python3.8/site-packages/airflow/example_dags/example_bash_operator.py took 0.332 seconds
[2026-06-18T16:59:28.298+0000] {processor.py:161} INFO - Started process (PID=1272) to work on /home/airflow/.local/lib/python3.8/site-packages/airflow/example_dags/example_bash_operator.py
[2026-06-18T16:59:28.299+0000] {processor.py:830} INFO - Processing file /home/airflow/.local/lib/python3.8/site-packages/airflow/example_dags/example_bash_operator.py for tasks to queue
[2026-06-18T16:59:28.302+0000] {logging_mixin.py:188} INFO - [2026-06-18T16:59:28.301+0000] {dagbag.py:538} INFO - Filling up the DagBag from /home/airflow/.local/lib/python3.8/site-packages/airflow/example_dags/example_bash_operator.py
[2026-06-18T16:59:28.321+0000] {processor.py:840} INFO - DAG(s) 'example_bash_operator' retrieved from /home/airflow/.local/lib/python3.8/site-packages/airflow/example_dags/example_bash_operator.py
[2026-06-18T16:59:28.373+0000] {logging_mixin.py:188} INFO - [2026-06-18T16:59:28.373+0000] {dag.py:3036} INFO - Sync 1 DAGs
[2026-06-18T16:59:28.421+0000] {logging_mixin.py:188} INFO - [2026-06-18T16:59:28.421+0000] {dag.py:3823} INFO - Setting next_dagrun for example_bash_operator to 2026-06-17 00:00:00+00:00, run_after=2026-06-18 00:00:00+00:00
[2026-06-18T16:59:28.460+0000] {processor.py:183} INFO - Processing /home/airflow/.local/lib/python3.8/site-packages/airflow/example_dags/example_bash_operator.py took 0.167 seconds
[2026-06-18T16:59:58.534+0000] {processor.py:161} INFO - Started process (PID=1338) to work on /home/airflow/.local/lib/python3.8/site-packages/airflow/example_dags/example_bash_operator.py
[2026-06-18T16:59:58.537+0000] {processor.py:830} INFO - Processing file /home/airflow/.local/lib/python3.8/site-packages/airflow/example_dags/example_bash_operator.py for tasks to queue
[2026-06-18T16:59:58.540+0000] {logging_mixin.py:188} INFO - [2026-06-18T16:59:58.539+0000] {dagbag.py:538} INFO - Filling up the DagBag from /home/airflow/.local/lib/python3.8/site-packages/airflow/example_dags/example_bash_operator.py
[2026-06-18T16:59:58.563+0000] {processor.py:840} INFO - DAG(s) 'example_bash_operator' retrieved from /home/airflow/.local/lib/python3.8/site-packages/airflow/example_dags/example_bash_operator.py
[2026-06-18T16:59:58.590+0000] {logging_mixin.py:188} INFO - [2026-06-18T16:59:58.589+0000] {dag.py:3036} INFO - Sync 1 DAGs
[2026-06-18T16:59:58.635+0000] {logging_mixin.py:188} INFO - [2026-06-18T16:59:58.634+0000] {dag.py:3823} INFO - Setting next_dagrun for example_bash_operator to 2026-06-17 00:00:00+00:00, run_after=2026-06-18 00:00:00+00:00
[2026-06-18T16:59:58.669+0000] {processor.py:183} INFO - Processing /home/airflow/.local/lib/python3.8/site-packages/airflow/example_dags/example_bash_operator.py took 0.140 seconds
[2026-06-18T17:00:30.147+0000] {processor.py:161} INFO - Started process (PID=1411) to work on /home/airflow/.local/lib/python3.8/site-packages/airflow/example_dags/example_bash_operator.py
[2026-06-18T17:00:30.149+0000] {processor.py:830} INFO - Processing file /home/airflow/.local/lib/python3.8/site-packages/airflow/example_dags/example_bash_operator.py for tasks to queue
[2026-06-18T17:00:30.152+0000] {logging_mixin.py:188} INFO - [2026-06-18T17:00:30.151+0000] {dagbag.py:538} INFO - Filling up the DagBag from /home/airflow/.local/lib/python3.8/site-packages/airflow/example_dags/example_bash_operator.py
[2026-06-18T17:00:30.173+0000] {processor.py:840} INFO - DAG(s) 'example_bash_operator' retrieved from /home/airflow/.local/lib/python3.8/site-packages/airflow/example_dags/example_bash_operator.py
[2026-06-18T17:00:30.397+0000] {logging_mixin.py:188} INFO - [2026-06-18T17:00:30.397+0000] {dag.py:3036} INFO - Sync 1 DAGs
[2026-06-18T17:00:30.452+0000] {logging_mixin.py:188} INFO - [2026-06-18T17:00:30.451+0000] {dag.py:3823} INFO - Setting next_dagrun for example_bash_operator to 2026-06-17 00:00:00+00:00, run_after=2026-06-18 00:00:00+00:00
[2026-06-18T17:00:30.494+0000] {processor.py:183} INFO - Processing /home/airflow/.local/lib/python3.8/site-packages/airflow/example_dags/example_bash_operator.py took 0.353 seconds
[2026-06-18T17:01:00.589+0000] {processor.py:161} INFO - Started process (PID=1476) to work on /home/airflow/.local/lib/python3.8/site-packages/airflow/example_dags/example_bash_operator.py
[2026-06-18T17:01:00.591+0000] {processor.py:830} INFO - Processing file /home/airflow/.local/lib/python3.8/site-packages/airflow/example_dags/example_bash_operator.py for tasks to queue
[2026-06-18T17:01:00.595+0000] {logging_mixin.py:188} INFO - [2026-06-18T17:01:00.594+0000] {dagbag.py:538} INFO - Filling up the DagBag from /home/airflow/.local/lib/python3.8/site-packages/airflow/example_dags/example_bash_operator.py
[2026-06-18T17:01:00.617+0000] {processor.py:840} INFO - DAG(s) 'example_bash_operator' retrieved from /home/airflow/.local/lib/python3.8/site-packages/airflow/example_dags/example_bash_operator.py
[2026-06-18T17:01:00.687+0000] {logging_mixin.py:188} INFO - [2026-06-18T17:01:00.687+0000] {dag.py:3036} INFO - Sync 1 DAGs
[2026-06-18T17:01:00.737+0000] {logging_mixin.py:188} INFO - [2026-06-18T17:01:00.736+0000] {dag.py:3823} INFO - Setting next_dagrun for example_bash_operator to 2026-06-17 00:00:00+00:00, run_after=2026-06-18 00:00:00+00:00
[2026-06-18T17:01:00.774+0000] {processor.py:183} INFO - Processing /home/airflow/.local/lib/python3.8/site-packages/airflow/example_dags/example_bash_operator.py took 0.193 seconds
[2026-06-18T17:01:31.076+0000] {processor.py:161} INFO - Started process (PID=1542) to work on /home/airflow/.local/lib/python3.8/site-packages/airflow/example_dags/example_bash_operator.py
[2026-06-18T17:01:31.078+0000] {processor.py:830} INFO - Processing file /home/airflow/.local/lib/python3.8/site-packages/airflow/example_dags/example_bash_operator.py for tasks to queue
[2026-06-18T17:01:31.082+0000] {logging_mixin.py:188} INFO - [2026-06-18T17:01:31.081+0000] {dagbag.py:538} INFO - Filling up the DagBag from /home/airflow/.local/lib/python3.8/site-packages/airflow/example_dags/example_bash_operator.py
[2026-06-18T17:01:31.108+0000] {processor.py:840} INFO - DAG(s) 'example_bash_operator' retrieved from /home/airflow/.local/lib/python3.8/site-packages/airflow/example_dags/example_bash_operator.py
[2026-06-18T17:01:31.177+0000] {logging_mixin.py:188} INFO - [2026-06-18T17:01:31.177+0000] {dag.py:3036} INFO - Sync 1 DAGs
[2026-06-18T17:01:31.227+0000] {logging_mixin.py:188} INFO - [2026-06-18T17:01:31.226+0000] {dag.py:3823} INFO - Setting next_dagrun for example_bash_operator to 2026-06-17 00:00:00+00:00, run_after=2026-06-18 00:00:00+00:00
[2026-06-18T17:01:31.266+0000] {processor.py:183} INFO - Processing /home/airflow/.local/lib/python3.8/site-packages/airflow/example_dags/example_bash_operator.py took 0.196 seconds
[2026-06-18T17:02:01.419+0000] {processor.py:161} INFO - Started process (PID=1608) to work on /home/airflow/.local/lib/python3.8/site-packages/airflow/example_dags/example_bash_operator.py
[2026-06-18T17:02:01.421+0000] {processor.py:830} INFO - Processing file /home/airflow/.local/lib/python3.8/site-packages/airflow/example_dags/example_bash_operator.py for tasks to queue
[2026-06-18T17:02:01.425+0000] {logging_mixin.py:188} INFO - [2026-06-18T17:02:01.424+0000] {dagbag.py:538} INFO - Filling up the DagBag from /home/airflow/.local/lib/python3.8/site-packages/airflow/example_dags/example_bash_operator.py
[2026-06-18T17:02:01.456+0000] {processor.py:840} INFO - DAG(s) 'example_bash_operator' retrieved from /home/airflow/.local/lib/python3.8/site-packages/airflow/example_dags/example_bash_operator.py
[2026-06-18T17:02:01.523+0000] {logging_mixin.py:188} INFO - [2026-06-18T17:02:01.523+0000] {dag.py:3036} INFO - Sync 1 DAGs
[2026-06-18T17:02:01.565+0000] {logging_mixin.py:188} INFO - [2026-06-18T17:02:01.565+0000] {dag.py:3823} INFO - Setting next_dagrun for example_bash_operator to 2026-06-17 00:00:00+00:00, run_after=2026-06-18 00:00:00+00:00
[2026-06-18T17:02:01.596+0000] {processor.py:183} INFO - Processing /home/airflow/.local/lib/python3.8/site-packages/airflow/example_dags/example_bash_operator.py took 0.183 seconds
[2026-06-18T17:02:32.281+0000] {processor.py:161} INFO - Started process (PID=1675) to work on /home/airflow/.local/lib/python3.8/site-packages/airflow/example_dags/example_bash_operator.py
[2026-06-18T17:02:32.284+0000] {processor.py:830} INFO - Processing file /home/airflow/.local/lib/python3.8/site-packages/airflow/example_dags/example_bash_operator.py for tasks to queue
[2026-06-18T17:02:32.287+0000] {logging_mixin.py:188} INFO - [2026-06-18T17:02:32.286+0000] {dagbag.py:538} INFO - Filling up the DagBag from /home/airflow/.local/lib/python3.8/site-packages/airflow/example_dags/example_bash_operator.py
[2026-06-18T17:02:32.312+0000] {processor.py:840} INFO - DAG(s) 'example_bash_operator' retrieved from /home/airflow/.local/lib/python3.8/site-packages/airflow/example_dags/example_bash_operator.py
[2026-06-18T17:02:32.381+0000] {logging_mixin.py:188} INFO - [2026-06-18T17:02:32.380+0000] {dag.py:3036} INFO - Sync 1 DAGs
[2026-06-18T17:02:32.430+0000] {logging_mixin.py:188} INFO - [2026-06-18T17:02:32.429+0000] {dag.py:3823} INFO - Setting next_dagrun for example_bash_operator to 2026-06-17 00:00:00+00:00, run_after=2026-06-18 00:00:00+00:00
[2026-06-18T17:02:32.469+0000] {processor.py:183} INFO - Processing /home/airflow/.local/lib/python3.8/site-packages/airflow/example_dags/example_bash_operator.py took 0.194 seconds
[2026-06-18T17:03:02.983+0000] {processor.py:161} INFO - Started process (PID=1740) to work on /home/airflow/.local/lib/python3.8/site-packages/airflow/example_dags/example_bash_operator.py
[2026-06-18T17:03:02.985+0000] {processor.py:830} INFO - Processing file /home/airflow/.local/lib/python3.8/site-packages/airflow/example_dags/example_bash_operator.py for tasks to queue
[2026-06-18T17:03:02.988+0000] {logging_mixin.py:188} INFO - [2026-06-18T17:03:02.987+0000] {dagbag.py:538} INFO - Filling up the DagBag from /home/airflow/.local/lib/python3.8/site-packages/airflow/example_dags/example_bash_operator.py
[2026-06-18T17:03:03.007+0000] {processor.py:840} INFO - DAG(s) 'example_bash_operator' retrieved from /home/airflow/.local/lib/python3.8/site-packages/airflow/example_dags/example_bash_operator.py
[2026-06-18T17:03:03.063+0000] {logging_mixin.py:188} INFO - [2026-06-18T17:03:03.063+0000] {dag.py:3036} INFO - Sync 1 DAGs
[2026-06-18T17:03:03.103+0000] {logging_mixin.py:188} INFO - [2026-06-18T17:03:03.103+0000] {dag.py:3823} INFO - Setting next_dagrun for example_bash_operator to 2026-06-17 00:00:00+00:00, run_after=2026-06-18 00:00:00+00:00
[2026-06-18T17:03:03.132+0000] {processor.py:183} INFO - Processing /home/airflow/.local/lib/python3.8/site-packages/airflow/example_dags/example_bash_operator.py took 0.155 seconds
[2026-06-18T17:03:33.492+0000] {processor.py:161} INFO - Started process (PID=1806) to work on /home/airflow/.local/lib/python3.8/site-packages/airflow/example_dags/example_bash_operator.py
[2026-06-18T17:03:33.494+0000] {processor.py:830} INFO - Processing file /home/airflow/.local/lib/python3.8/site-packages/airflow/example_dags/example_bash_operator.py for tasks to queue
[2026-06-18T17:03:33.496+0000] {logging_mixin.py:188} INFO - [2026-06-18T17:03:33.496+0000] {dagbag.py:538} INFO - Filling up the DagBag from /home/airflow/.local/lib/python3.8/site-packages/airflow/example_dags/example_bash_operator.py
[2026-06-18T17:03:33.517+0000] {processor.py:840} INFO - DAG(s) 'example_bash_operator' retrieved from /home/airflow/.local/lib/python3.8/site-packages/airflow/example_dags/example_bash_operator.py
[2026-06-18T17:03:33.572+0000] {logging_mixin.py:188} INFO - [2026-06-18T17:03:33.572+0000] {dag.py:3036} INFO - Sync 1 DAGs
[2026-06-18T17:03:33.611+0000] {logging_mixin.py:188} INFO - [2026-06-18T17:03:33.611+0000] {dag.py:3823} INFO - Setting next_dagrun for example_bash_operator to 2026-06-17 00:00:00+00:00, run_after=2026-06-18 00:00:00+00:00
[2026-06-18T17:03:33.638+0000] {processor.py:183} INFO - Processing /home/airflow/.local/lib/python3.8/site-packages/airflow/example_dags/example_bash_operator.py took 0.153 seconds
[2026-06-18T17:04:03.991+0000] {processor.py:161} INFO - Started process (PID=1872) to work on /home/airflow/.local/lib/python3.8/site-packages/airflow/example_dags/example_bash_operator.py
[2026-06-18T17:04:03.993+0000] {processor.py:830} INFO - Processing file /home/airflow/.local/lib/python3.8/site-packages/airflow/example_dags/example_bash_operator.py for tasks to queue
[2026-06-18T17:04:03.996+0000] {logging_mixin.py:188} INFO - [2026-06-18T17:04:03.995+0000] {dagbag.py:538} INFO - Filling up the DagBag from /home/airflow/.local/lib/python3.8/site-packages/airflow/example_dags/example_bash_operator.py
[2026-06-18T17:04:04.025+0000] {processor.py:840} INFO - DAG(s) 'example_bash_operator' retrieved from /home/airflow/.local/lib/python3.8/site-packages/airflow/example_dags/example_bash_operator.py
[2026-06-18T17:04:04.083+0000] {logging_mixin.py:188} INFO - [2026-06-18T17:04:04.083+0000] {dag.py:3036} INFO - Sync 1 DAGs
[2026-06-18T17:04:04.125+0000] {logging_mixin.py:188} INFO - [2026-06-18T17:04:04.125+0000] {dag.py:3823} INFO - Setting next_dagrun for example_bash_operator to 2026-06-17 00:00:00+00:00, run_after=2026-06-18 00:00:00+00:00
[2026-06-18T17:04:04.171+0000] {processor.py:183} INFO - Processing /home/airflow/.local/lib/python3.8/site-packages/airflow/example_dags/example_bash_operator.py took 0.185 seconds
[2026-06-18T17:04:34.444+0000] {processor.py:161} INFO - Started process (PID=1939) to work on /home/airflow/.local/lib/python3.8/site-packages/airflow/example_dags/example_bash_operator.py
[2026-06-18T17:04:34.446+0000] {processor.py:830} INFO - Processing file /home/airflow/.local/lib/python3.8/site-packages/airflow/example_dags/example_bash_operator.py for tasks to queue
[2026-06-18T17:04:34.449+0000] {logging_mixin.py:188} INFO - [2026-06-18T17:04:34.448+0000] {dagbag.py:538} INFO - Filling up the DagBag from /home/airflow/.local/lib/python3.8/site-packages/airflow/example_dags/example_bash_operator.py
[2026-06-18T17:04:34.468+0000] {processor.py:840} INFO - DAG(s) 'example_bash_operator' retrieved from /home/airflow/.local/lib/python3.8/site-packages/airflow/example_dags/example_bash_operator.py
[2026-06-18T17:04:34.524+0000] {logging_mixin.py:188} INFO - [2026-06-18T17:04:34.523+0000] {dag.py:3036} INFO - Sync 1 DAGs
[2026-06-18T17:04:34.561+0000] {logging_mixin.py:188} INFO - [2026-06-18T17:04:34.560+0000] {dag.py:3823} INFO - Setting next_dagrun for example_bash_operator to 2026-06-17 00:00:00+00:00, run_after=2026-06-18 00:00:00+00:00
[2026-06-18T17:04:34.589+0000] {processor.py:183} INFO - Processing /home/airflow/.local/lib/python3.8/site-packages/airflow/example_dags/example_bash_operator.py took 0.150 seconds
[2026-06-18T17:05:04.754+0000] {processor.py:161} INFO - Started process (PID=2004) to work on /home/airflow/.local/lib/python3.8/site-packages/airflow/example_dags/example_bash_operator.py
[2026-06-18T17:05:04.756+0000] {processor.py:830} INFO - Processing file /home/airflow/.local/lib/python3.8/site-packages/airflow/example_dags/example_bash_operator.py for tasks to queue
[2026-06-18T17:05:04.758+0000] {logging_mixin.py:188} INFO - [2026-06-18T17:05:04.757+0000] {dagbag.py:538} INFO - Filling up the DagBag from /home/airflow/.local/lib/python3.8/site-packages/airflow/example_dags/example_bash_operator.py
[2026-06-18T17:05:04.777+0000] {processor.py:840} INFO - DAG(s) 'example_bash_operator' retrieved from /home/airflow/.local/lib/python3.8/site-packages/airflow/example_dags/example_bash_operator.py
[2026-06-18T17:05:04.828+0000] {logging_mixin.py:188} INFO - [2026-06-18T17:05:04.828+0000] {dag.py:3036} INFO - Sync 1 DAGs
[2026-06-18T17:05:04.866+0000] {logging_mixin.py:188} INFO - [2026-06-18T17:05:04.866+0000] {dag.py:3823} INFO - Setting next_dagrun for example_bash_operator to 2026-06-17 00:00:00+00:00, run_after=2026-06-18 00:00:00+00:00
[2026-06-18T17:05:04.895+0000] {processor.py:183} INFO - Processing /home/airflow/.local/lib/python3.8/site-packages/airflow/example_dags/example_bash_operator.py took 0.146 seconds
[2026-06-18T17:05:35.425+0000] {processor.py:161} INFO - Started process (PID=2070) to work on /home/airflow/.local/lib/python3.8/site-packages/airflow/example_dags/example_bash_operator.py
[2026-06-18T17:05:35.427+0000] {processor.py:830} INFO - Processing file /home/airflow/.local/lib/python3.8/site-packages/airflow/example_dags/example_bash_operator.py for tasks to queue
[2026-06-18T17:05:35.430+0000] {logging_mixin.py:188} INFO - [2026-06-18T17:05:35.430+0000] {dagbag.py:538} INFO - Filling up the DagBag from /home/airflow/.local/lib/python3.8/site-packages/airflow/example_dags/example_bash_operator.py
[2026-06-18T17:05:35.476+0000] {processor.py:840} INFO - DAG(s) 'example_bash_operator' retrieved from /home/airflow/.local/lib/python3.8/site-packages/airflow/example_dags/example_bash_operator.py
[2026-06-18T17:05:35.548+0000] {logging_mixin.py:188} INFO - [2026-06-18T17:05:35.547+0000] {dag.py:3036} INFO - Sync 1 DAGs
[2026-06-18T17:05:35.598+0000] {logging_mixin.py:188} INFO - [2026-06-18T17:05:35.597+0000] {dag.py:3823} INFO - Setting next_dagrun for example_bash_operator to 2026-06-17 00:00:00+00:00, run_after=2026-06-18 00:00:00+00:00
[2026-06-18T17:05:35.642+0000] {processor.py:183} INFO - Processing /home/airflow/.local/lib/python3.8/site-packages/airflow/example_dags/example_bash_operator.py took 0.223 seconds
[2026-06-18T17:06:06.377+0000] {processor.py:161} INFO - Started process (PID=2135) to work on /home/airflow/.local/lib/python3.8/site-packages/airflow/example_dags/example_bash_operator.py
[2026-06-18T17:06:06.378+0000] {processor.py:830} INFO - Processing file /home/airflow/.local/lib/python3.8/site-packages/airflow/example_dags/example_bash_operator.py for tasks to queue
[2026-06-18T17:06:06.386+0000] {logging_mixin.py:188} INFO - [2026-06-18T17:06:06.385+0000] {dagbag.py:538} INFO - Filling up the DagBag from /home/airflow/.local/lib/python3.8/site-packages/airflow/example_dags/example_bash_operator.py
[2026-06-18T17:06:06.408+0000] {processor.py:840} INFO - DAG(s) 'example_bash_operator' retrieved from /home/airflow/.local/lib/python3.8/site-packages/airflow/example_dags/example_bash_operator.py
[2026-06-18T17:06:06.475+0000] {logging_mixin.py:188} INFO - [2026-06-18T17:06:06.475+0000] {dag.py:3036} INFO - Sync 1 DAGs
[2026-06-18T17:06:06.516+0000] {logging_mixin.py:188} INFO - [2026-06-18T17:06:06.515+0000] {dag.py:3823} INFO - Setting next_dagrun for example_bash_operator to 2026-06-17 00:00:00+00:00, run_after=2026-06-18 00:00:00+00:00
[2026-06-18T17:06:06.548+0000] {processor.py:183} INFO - Processing /home/airflow/.local/lib/python3.8/site-packages/airflow/example_dags/example_bash_operator.py took 0.178 seconds
[2026-06-18T17:06:36.817+0000] {processor.py:161} INFO - Started process (PID=2201) to work on /home/airflow/.local/lib/python3.8/site-packages/airflow/example_dags/example_bash_operator.py
[2026-06-18T17:06:36.819+0000] {processor.py:830} INFO - Processing file /home/airflow/.local/lib/python3.8/site-packages/airflow/example_dags/example_bash_operator.py for tasks to queue
[2026-06-18T17:06:36.823+0000] {logging_mixin.py:188} INFO - [2026-06-18T17:06:36.822+0000] {dagbag.py:538} INFO - Filling up the DagBag from /home/airflow/.local/lib/python3.8/site-packages/airflow/example_dags/example_bash_operator.py
[2026-06-18T17:06:36.845+0000] {processor.py:840} INFO - DAG(s) 'example_bash_operator' retrieved from /home/airflow/.local/lib/python3.8/site-packages/airflow/example_dags/example_bash_operator.py
[2026-06-18T17:06:36.913+0000] {logging_mixin.py:188} INFO - [2026-06-18T17:06:36.912+0000] {dag.py:3036} INFO - Sync 1 DAGs
[2026-06-18T17:06:36.952+0000] {logging_mixin.py:188} INFO - [2026-06-18T17:06:36.951+0000] {dag.py:3823} INFO - Setting next_dagrun for example_bash_operator to 2026-06-17 00:00:00+00:00, run_after=2026-06-18 00:00:00+00:00
[2026-06-18T17:06:36.984+0000] {processor.py:183} INFO - Processing /home/airflow/.local/lib/python3.8/site-packages/airflow/example_dags/example_bash_operator.py took 0.173 seconds
[2026-06-18T17:07:07.273+0000] {processor.py:161} INFO - Started process (PID=2267) to work on /home/airflow/.local/lib/python3.8/site-packages/airflow/example_dags/example_bash_operator.py
[2026-06-18T17:07:07.274+0000] {processor.py:830} INFO - Processing file /home/airflow/.local/lib/python3.8/site-packages/airflow/example_dags/example_bash_operator.py for tasks to queue
[2026-06-18T17:07:07.276+0000] {logging_mixin.py:188} INFO - [2026-06-18T17:07:07.276+0000] {dagbag.py:538} INFO - Filling up the DagBag from /home/airflow/.local/lib/python3.8/site-packages/airflow/example_dags/example_bash_operator.py
[2026-06-18T17:07:07.296+0000] {processor.py:840} INFO - DAG(s) 'example_bash_operator' retrieved from /home/airflow/.local/lib/python3.8/site-packages/airflow/example_dags/example_bash_operator.py
[2026-06-18T17:07:07.348+0000] {logging_mixin.py:188} INFO - [2026-06-18T17:07:07.348+0000] {dag.py:3036} INFO - Sync 1 DAGs
[2026-06-18T17:07:07.387+0000] {logging_mixin.py:188} INFO - [2026-06-18T17:07:07.386+0000] {dag.py:3823} INFO - Setting next_dagrun for example_bash_operator to 2026-06-17 00:00:00+00:00, run_after=2026-06-18 00:00:00+00:00
[2026-06-18T17:07:07.425+0000] {processor.py:183} INFO - Processing /home/airflow/.local/lib/python3.8/site-packages/airflow/example_dags/example_bash_operator.py took 0.158 seconds
[2026-06-18T17:07:38.153+0000] {processor.py:161} INFO - Started process (PID=2340) to work on /home/airflow/.local/lib/python3.8/site-packages/airflow/example_dags/example_bash_operator.py
[2026-06-18T17:07:38.155+0000] {processor.py:830} INFO - Processing file /home/airflow/.local/lib/python3.8/site-packages/airflow/example_dags/example_bash_operator.py for tasks to queue
[2026-06-18T17:07:38.158+0000] {logging_mixin.py:188} INFO - [2026-06-18T17:07:38.157+0000] {dagbag.py:538} INFO - Filling up the DagBag from /home/airflow/.local/lib/python3.8/site-packages/airflow/example_dags/example_bash_operator.py
[2026-06-18T17:07:38.180+0000] {processor.py:840} INFO - DAG(s) 'example_bash_operator' retrieved from /home/airflow/.local/lib/python3.8/site-packages/airflow/example_dags/example_bash_operator.py
[2026-06-18T17:07:38.238+0000] {logging_mixin.py:188} INFO - [2026-06-18T17:07:38.238+0000] {dag.py:3036} INFO - Sync 1 DAGs
[2026-06-18T17:07:38.276+0000] {logging_mixin.py:188} INFO - [2026-06-18T17:07:38.275+0000] {dag.py:3823} INFO - Setting next_dagrun for example_bash_operator to 2026-06-17 00:00:00+00:00, run_after=2026-06-18 00:00:00+00:00
[2026-06-18T17:07:38.307+0000] {processor.py:183} INFO - Processing /home/airflow/.local/lib/python3.8/site-packages/airflow/example_dags/example_bash_operator.py took 0.158 seconds
[2026-06-18T17:08:08.459+0000] {processor.py:161} INFO - Started process (PID=2407) to work on /home/airflow/.local/lib/python3.8/site-packages/airflow/example_dags/example_bash_operator.py
[2026-06-18T17:08:08.461+0000] {processor.py:830} INFO - Processing file /home/airflow/.local/lib/python3.8/site-packages/airflow/example_dags/example_bash_operator.py for tasks to queue
[2026-06-18T17:08:08.464+0000] {logging_mixin.py:188} INFO - [2026-06-18T17:08:08.463+0000] {dagbag.py:538} INFO - Filling up the DagBag from /home/airflow/.local/lib/python3.8/site-packages/airflow/example_dags/example_bash_operator.py
[2026-06-18T17:08:08.487+0000] {processor.py:840} INFO - DAG(s) 'example_bash_operator' retrieved from /home/airflow/.local/lib/python3.8/site-packages/airflow/example_dags/example_bash_operator.py
[2026-06-18T17:08:08.555+0000] {logging_mixin.py:188} INFO - [2026-06-18T17:08:08.554+0000] {dag.py:3036} INFO - Sync 1 DAGs
[2026-06-18T17:08:08.598+0000] {logging_mixin.py:188} INFO - [2026-06-18T17:08:08.597+0000] {dag.py:3823} INFO - Setting next_dagrun for example_bash_operator to 2026-06-17 00:00:00+00:00, run_after=2026-06-18 00:00:00+00:00
[2026-06-18T17:08:08.626+0000] {processor.py:183} INFO - Processing /home/airflow/.local/lib/python3.8/site-packages/airflow/example_dags/example_bash_operator.py took 0.172 seconds
[2026-06-18T17:08:39.468+0000] {processor.py:161} INFO - Started process (PID=2474) to work on /home/airflow/.local/lib/python3.8/site-packages/airflow/example_dags/example_bash_operator.py
[2026-06-18T17:08:39.470+0000] {processor.py:830} INFO - Processing file /home/airflow/.local/lib/python3.8/site-packages/airflow/example_dags/example_bash_operator.py for tasks to queue
[2026-06-18T17:08:39.473+0000] {logging_mixin.py:188} INFO - [2026-06-18T17:08:39.472+0000] {dagbag.py:538} INFO - Filling up the DagBag from /home/airflow/.local/lib/python3.8/site-packages/airflow/example_dags/example_bash_operator.py
[2026-06-18T17:08:39.494+0000] {processor.py:840} INFO - DAG(s) 'example_bash_operator' retrieved from /home/airflow/.local/lib/python3.8/site-packages/airflow/example_dags/example_bash_operator.py
[2026-06-18T17:08:39.551+0000] {logging_mixin.py:188} INFO - [2026-06-18T17:08:39.550+0000] {dag.py:3036} INFO - Sync 1 DAGs
[2026-06-18T17:08:39.590+0000] {logging_mixin.py:188} INFO - [2026-06-18T17:08:39.589+0000] {dag.py:3823} INFO - Setting next_dagrun for example_bash_operator to 2026-06-17 00:00:00+00:00, run_after=2026-06-18 00:00:00+00:00
[2026-06-18T17:08:39.620+0000] {processor.py:183} INFO - Processing /home/airflow/.local/lib/python3.8/site-packages/airflow/example_dags/example_bash_operator.py took 0.158 seconds
[2026-06-18T17:09:10.145+0000] {processor.py:161} INFO - Started process (PID=2539) to work on /home/airflow/.local/lib/python3.8/site-packages/airflow/example_dags/example_bash_operator.py
[2026-06-18T17:09:10.147+0000] {processor.py:830} INFO - Processing file /home/airflow/.local/lib/python3.8/site-packages/airflow/example_dags/example_bash_operator.py for tasks to queue
[2026-06-18T17:09:10.151+0000] {logging_mixin.py:188} INFO - [2026-06-18T17:09:10.150+0000] {dagbag.py:538} INFO - Filling up the DagBag from /home/airflow/.local/lib/python3.8/site-packages/airflow/example_dags/example_bash_operator.py
[2026-06-18T17:09:10.196+0000] {processor.py:840} INFO - DAG(s) 'example_bash_operator' retrieved from /home/airflow/.local/lib/python3.8/site-packages/airflow/example_dags/example_bash_operator.py
[2026-06-18T17:09:10.265+0000] {logging_mixin.py:188} INFO - [2026-06-18T17:09:10.264+0000] {dag.py:3036} INFO - Sync 1 DAGs
[2026-06-18T17:09:10.316+0000] {logging_mixin.py:188} INFO - [2026-06-18T17:09:10.316+0000] {dag.py:3823} INFO - Setting next_dagrun for example_bash_operator to 2026-06-17 00:00:00+00:00, run_after=2026-06-18 00:00:00+00:00
[2026-06-18T17:09:10.371+0000] {processor.py:183} INFO - Processing /home/airflow/.local/lib/python3.8/site-packages/airflow/example_dags/example_bash_operator.py took 0.234 seconds
[2026-06-18T17:09:40.885+0000] {processor.py:161} INFO - Started process (PID=2606) to work on /home/airflow/.local/lib/python3.8/site-packages/airflow/example_dags/example_bash_operator.py
[2026-06-18T17:09:40.887+0000] {processor.py:830} INFO - Processing file /home/airflow/.local/lib/python3.8/site-packages/airflow/example_dags/example_bash_operator.py for tasks to queue
[2026-06-18T17:09:40.889+0000] {logging_mixin.py:188} INFO - [2026-06-18T17:09:40.889+0000] {dagbag.py:538} INFO - Filling up the DagBag from /home/airflow/.local/lib/python3.8/site-packages/airflow/example_dags/example_bash_operator.py
[2026-06-18T17:09:40.908+0000] {processor.py:840} INFO - DAG(s) 'example_bash_operator' retrieved from /home/airflow/.local/lib/python3.8/site-packages/airflow/example_dags/example_bash_operator.py
[2026-06-18T17:09:40.963+0000] {logging_mixin.py:188} INFO - [2026-06-18T17:09:40.962+0000] {dag.py:3036} INFO - Sync 1 DAGs
[2026-06-18T17:09:41.006+0000] {logging_mixin.py:188} INFO - [2026-06-18T17:09:41.006+0000] {dag.py:3823} INFO - Setting next_dagrun for example_bash_operator to 2026-06-17 00:00:00+00:00, run_after=2026-06-18 00:00:00+00:00
[2026-06-18T17:09:41.042+0000] {processor.py:183} INFO - Processing /home/airflow/.local/lib/python3.8/site-packages/airflow/example_dags/example_bash_operator.py took 0.162 seconds
[2026-06-18T17:10:12.267+0000] {processor.py:161} INFO - Started process (PID=2672) to work on /home/airflow/.local/lib/python3.8/site-packages/airflow/example_dags/example_bash_operator.py
[2026-06-18T17:10:12.269+0000] {processor.py:830} INFO - Processing file /home/airflow/.local/lib/python3.8/site-packages/airflow/example_dags/example_bash_operator.py for tasks to queue
[2026-06-18T17:10:12.272+0000] {logging_mixin.py:188} INFO - [2026-06-18T17:10:12.272+0000] {dagbag.py:538} INFO - Filling up the DagBag from /home/airflow/.local/lib/python3.8/site-packages/airflow/example_dags/example_bash_operator.py
[2026-06-18T17:10:12.294+0000] {processor.py:840} INFO - DAG(s) 'example_bash_operator' retrieved from /home/airflow/.local/lib/python3.8/site-packages/airflow/example_dags/example_bash_operator.py
[2026-06-18T17:10:12.367+0000] {logging_mixin.py:188} INFO - [2026-06-18T17:10:12.367+0000] {dag.py:3036} INFO - Sync 1 DAGs
[2026-06-18T17:10:12.424+0000] {logging_mixin.py:188} INFO - [2026-06-18T17:10:12.423+0000] {dag.py:3823} INFO - Setting next_dagrun for example_bash_operator to 2026-06-17 00:00:00+00:00, run_after=2026-06-18 00:00:00+00:00
[2026-06-18T17:10:12.460+0000] {processor.py:183} INFO - Processing /home/airflow/.local/lib/python3.8/site-packages/airflow/example_dags/example_bash_operator.py took 0.199 seconds
[2026-06-18T17:10:42.864+0000] {processor.py:161} INFO - Started process (PID=2737) to work on /home/airflow/.local/lib/python3.8/site-packages/airflow/example_dags/example_bash_operator.py
[2026-06-18T17:10:42.866+0000] {processor.py:830} INFO - Processing file /home/airflow/.local/lib/python3.8/site-packages/airflow/example_dags/example_bash_operator.py for tasks to queue
[2026-06-18T17:10:42.869+0000] {logging_mixin.py:188} INFO - [2026-06-18T17:10:42.868+0000] {dagbag.py:538} INFO - Filling up the DagBag from /home/airflow/.local/lib/python3.8/site-packages/airflow/example_dags/example_bash_operator.py
[2026-06-18T17:10:42.889+0000] {processor.py:840} INFO - DAG(s) 'example_bash_operator' retrieved from /home/airflow/.local/lib/python3.8/site-packages/airflow/example_dags/example_bash_operator.py
[2026-06-18T17:10:42.954+0000] {logging_mixin.py:188} INFO - [2026-06-18T17:10:42.953+0000] {dag.py:3036} INFO - Sync 1 DAGs
[2026-06-18T17:10:42.998+0000] {logging_mixin.py:188} INFO - [2026-06-18T17:10:42.998+0000] {dag.py:3823} INFO - Setting next_dagrun for example_bash_operator to 2026-06-17 00:00:00+00:00, run_after=2026-06-18 00:00:00+00:00
[2026-06-18T17:10:43.032+0000] {processor.py:183} INFO - Processing /home/airflow/.local/lib/python3.8/site-packages/airflow/example_dags/example_bash_operator.py took 0.173 seconds
[2026-06-18T17:11:13.254+0000] {processor.py:161} INFO - Started process (PID=2804) to work on /home/airflow/.local/lib/python3.8/site-packages/airflow/example_dags/example_bash_operator.py
[2026-06-18T17:11:13.255+0000] {processor.py:830} INFO - Processing file /home/airflow/.local/lib/python3.8/site-packages/airflow/example_dags/example_bash_operator.py for tasks to queue
[2026-06-18T17:11:13.258+0000] {logging_mixin.py:188} INFO - [2026-06-18T17:11:13.257+0000] {dagbag.py:538} INFO - Filling up the DagBag from /home/airflow/.local/lib/python3.8/site-packages/airflow/example_dags/example_bash_operator.py
[2026-06-18T17:11:13.277+0000] {processor.py:840} INFO - DAG(s) 'example_bash_operator' retrieved from /home/airflow/.local/lib/python3.8/site-packages/airflow/example_dags/example_bash_operator.py
[2026-06-18T17:11:13.339+0000] {logging_mixin.py:188} INFO - [2026-06-18T17:11:13.339+0000] {dag.py:3036} INFO - Sync 1 DAGs
[2026-06-18T17:11:13.380+0000] {logging_mixin.py:188} INFO - [2026-06-18T17:11:13.380+0000] {dag.py:3823} INFO - Setting next_dagrun for example_bash_operator to 2026-06-17 00:00:00+00:00, run_after=2026-06-18 00:00:00+00:00
[2026-06-18T17:11:13.413+0000] {processor.py:183} INFO - Processing /home/airflow/.local/lib/python3.8/site-packages/airflow/example_dags/example_bash_operator.py took 0.164 seconds
[2026-06-18T17:11:43.739+0000] {processor.py:161} INFO - Started process (PID=2869) to work on /home/airflow/.local/lib/python3.8/site-packages/airflow/example_dags/example_bash_operator.py
[2026-06-18T17:11:43.741+0000] {processor.py:830} INFO - Processing file /home/airflow/.local/lib/python3.8/site-packages/airflow/example_dags/example_bash_operator.py for tasks to queue
[2026-06-18T17:11:43.743+0000] {logging_mixin.py:188} INFO - [2026-06-18T17:11:43.743+0000] {dagbag.py:538} INFO - Filling up the DagBag from /home/airflow/.local/lib/python3.8/site-packages/airflow/example_dags/example_bash_operator.py
[2026-06-18T17:11:43.764+0000] {processor.py:840} INFO - DAG(s) 'example_bash_operator' retrieved from /home/airflow/.local/lib/python3.8/site-packages/airflow/example_dags/example_bash_operator.py
[2026-06-18T17:11:43.816+0000] {logging_mixin.py:188} INFO - [2026-06-18T17:11:43.816+0000] {dag.py:3036} INFO - Sync 1 DAGs
[2026-06-18T17:11:43.854+0000] {logging_mixin.py:188} INFO - [2026-06-18T17:11:43.854+0000] {dag.py:3823} INFO - Setting next_dagrun for example_bash_operator to 2026-06-17 00:00:00+00:00, run_after=2026-06-18 00:00:00+00:00
[2026-06-18T17:11:43.882+0000] {processor.py:183} INFO - Processing /home/airflow/.local/lib/python3.8/site-packages/airflow/example_dags/example_bash_operator.py took 0.148 seconds
[2026-06-18T17:12:14.764+0000] {processor.py:161} INFO - Started process (PID=2935) to work on /home/airflow/.local/lib/python3.8/site-packages/airflow/example_dags/example_bash_operator.py
[2026-06-18T17:12:14.766+0000] {processor.py:830} INFO - Processing file /home/airflow/.local/lib/python3.8/site-packages/airflow/example_dags/example_bash_operator.py for tasks to queue
[2026-06-18T17:12:14.769+0000] {logging_mixin.py:188} INFO - [2026-06-18T17:12:14.769+0000] {dagbag.py:538} INFO - Filling up the DagBag from /home/airflow/.local/lib/python3.8/site-packages/airflow/example_dags/example_bash_operator.py
[2026-06-18T17:12:14.788+0000] {processor.py:840} INFO - DAG(s) 'example_bash_operator' retrieved from /home/airflow/.local/lib/python3.8/site-packages/airflow/example_dags/example_bash_operator.py
[2026-06-18T17:12:14.842+0000] {logging_mixin.py:188} INFO - [2026-06-18T17:12:14.841+0000] {dag.py:3036} INFO - Sync 1 DAGs
[2026-06-18T17:12:14.880+0000] {logging_mixin.py:188} INFO - [2026-06-18T17:12:14.880+0000] {dag.py:3823} INFO - Setting next_dagrun for example_bash_operator to 2026-06-17 00:00:00+00:00, run_after=2026-06-18 00:00:00+00:00
[2026-06-18T17:12:14.912+0000] {processor.py:183} INFO - Processing /home/airflow/.local/lib/python3.8/site-packages/airflow/example_dags/example_bash_operator.py took 0.153 seconds
[2026-06-18T17:12:44.989+0000] {processor.py:161} INFO - Started process (PID=3002) to work on /home/airflow/.local/lib/python3.8/site-packages/airflow/example_dags/example_bash_operator.py
[2026-06-18T17:12:44.990+0000] {processor.py:830} INFO - Processing file /home/airflow/.local/lib/python3.8/site-packages/airflow/example_dags/example_bash_operator.py for tasks to queue
[2026-06-18T17:12:44.993+0000] {logging_mixin.py:188} INFO - [2026-06-18T17:12:44.992+0000] {dagbag.py:538} INFO - Filling up the DagBag from /home/airflow/.local/lib/python3.8/site-packages/airflow/example_dags/example_bash_operator.py
[2026-06-18T17:12:45.015+0000] {processor.py:840} INFO - DAG(s) 'example_bash_operator' retrieved from /home/airflow/.local/lib/python3.8/site-packages/airflow/example_dags/example_bash_operator.py
[2026-06-18T17:12:45.083+0000] {logging_mixin.py:188} INFO - [2026-06-18T17:12:45.083+0000] {dag.py:3036} INFO - Sync 1 DAGs
[2026-06-18T17:12:45.123+0000] {logging_mixin.py:188} INFO - [2026-06-18T17:12:45.122+0000] {dag.py:3823} INFO - Setting next_dagrun for example_bash_operator to 2026-06-17 00:00:00+00:00, run_after=2026-06-18 00:00:00+00:00
[2026-06-18T17:12:45.152+0000] {processor.py:183} INFO - Processing /home/airflow/.local/lib/python3.8/site-packages/airflow/example_dags/example_bash_operator.py took 0.169 seconds
[2026-06-18T17:13:16.560+0000] {processor.py:161} INFO - Started process (PID=3067) to work on /home/airflow/.local/lib/python3.8/site-packages/airflow/example_dags/example_bash_operator.py
[2026-06-18T17:13:16.571+0000] {processor.py:830} INFO - Processing file /home/airflow/.local/lib/python3.8/site-packages/airflow/example_dags/example_bash_operator.py for tasks to queue
[2026-06-18T17:13:16.574+0000] {logging_mixin.py:188} INFO - [2026-06-18T17:13:16.574+0000] {dagbag.py:538} INFO - Filling up the DagBag from /home/airflow/.local/lib/python3.8/site-packages/airflow/example_dags/example_bash_operator.py
[2026-06-18T17:13:16.599+0000] {processor.py:840} INFO - DAG(s) 'example_bash_operator' retrieved from /home/airflow/.local/lib/python3.8/site-packages/airflow/example_dags/example_bash_operator.py
[2026-06-18T17:13:16.670+0000] {logging_mixin.py:188} INFO - [2026-06-18T17:13:16.670+0000] {dag.py:3036} INFO - Sync 1 DAGs
[2026-06-18T17:13:16.960+0000] {logging_mixin.py:188} INFO - [2026-06-18T17:13:16.960+0000] {dag.py:3823} INFO - Setting next_dagrun for example_bash_operator to 2026-06-17 00:00:00+00:00, run_after=2026-06-18 00:00:00+00:00
[2026-06-18T17:13:17.000+0000] {processor.py:183} INFO - Processing /home/airflow/.local/lib/python3.8/site-packages/airflow/example_dags/example_bash_operator.py took 0.446 seconds
[2026-06-18T17:13:47.336+0000] {processor.py:161} INFO - Started process (PID=3132) to work on /home/airflow/.local/lib/python3.8/site-packages/airflow/example_dags/example_bash_operator.py
[2026-06-18T17:13:47.337+0000] {processor.py:830} INFO - Processing file /home/airflow/.local/lib/python3.8/site-packages/airflow/example_dags/example_bash_operator.py for tasks to queue
[2026-06-18T17:13:47.340+0000] {logging_mixin.py:188} INFO - [2026-06-18T17:13:47.340+0000] {dagbag.py:538} INFO - Filling up the DagBag from /home/airflow/.local/lib/python3.8/site-packages/airflow/example_dags/example_bash_operator.py
[2026-06-18T17:13:47.368+0000] {processor.py:840} INFO - DAG(s) 'example_bash_operator' retrieved from /home/airflow/.local/lib/python3.8/site-packages/airflow/example_dags/example_bash_operator.py
[2026-06-18T17:13:47.436+0000] {logging_mixin.py:188} INFO - [2026-06-18T17:13:47.436+0000] {dag.py:3036} INFO - Sync 1 DAGs
[2026-06-18T17:13:47.486+0000] {logging_mixin.py:188} INFO - [2026-06-18T17:13:47.486+0000] {dag.py:3823} INFO - Setting next_dagrun for example_bash_operator to 2026-06-17 00:00:00+00:00, run_after=2026-06-18 00:00:00+00:00
[2026-06-18T17:13:47.741+0000] {processor.py:183} INFO - Processing /home/airflow/.local/lib/python3.8/site-packages/airflow/example_dags/example_bash_operator.py took 0.412 seconds
[2026-06-18T17:14:18.637+0000] {processor.py:161} INFO - Started process (PID=3204) to work on /home/airflow/.local/lib/python3.8/site-packages/airflow/example_dags/example_bash_operator.py
[2026-06-18T17:14:18.640+0000] {processor.py:830} INFO - Processing file /home/airflow/.local/lib/python3.8/site-packages/airflow/example_dags/example_bash_operator.py for tasks to queue
[2026-06-18T17:14:18.647+0000] {logging_mixin.py:188} INFO - [2026-06-18T17:14:18.646+0000] {dagbag.py:538} INFO - Filling up the DagBag from /home/airflow/.local/lib/python3.8/site-packages/airflow/example_dags/example_bash_operator.py
[2026-06-18T17:14:18.675+0000] {processor.py:840} INFO - DAG(s) 'example_bash_operator' retrieved from /home/airflow/.local/lib/python3.8/site-packages/airflow/example_dags/example_bash_operator.py
[2026-06-18T17:14:18.753+0000] {logging_mixin.py:188} INFO - [2026-06-18T17:14:18.752+0000] {dag.py:3036} INFO - Sync 1 DAGs
[2026-06-18T17:14:18.806+0000] {logging_mixin.py:188} INFO - [2026-06-18T17:14:18.805+0000] {dag.py:3823} INFO - Setting next_dagrun for example_bash_operator to 2026-06-17 00:00:00+00:00, run_after=2026-06-18 00:00:00+00:00
[2026-06-18T17:14:18.844+0000] {processor.py:183} INFO - Processing /home/airflow/.local/lib/python3.8/site-packages/airflow/example_dags/example_bash_operator.py took 0.213 seconds
[2026-06-18T17:14:48.930+0000] {processor.py:161} INFO - Started process (PID=3271) to work on /home/airflow/.local/lib/python3.8/site-packages/airflow/example_dags/example_bash_operator.py
[2026-06-18T17:14:48.932+0000] {processor.py:830} INFO - Processing file /home/airflow/.local/lib/python3.8/site-packages/airflow/example_dags/example_bash_operator.py for tasks to queue
[2026-06-18T17:14:48.935+0000] {logging_mixin.py:188} INFO - [2026-06-18T17:14:48.934+0000] {dagbag.py:538} INFO - Filling up the DagBag from /home/airflow/.local/lib/python3.8/site-packages/airflow/example_dags/example_bash_operator.py
[2026-06-18T17:14:48.956+0000] {processor.py:840} INFO - DAG(s) 'example_bash_operator' retrieved from /home/airflow/.local/lib/python3.8/site-packages/airflow/example_dags/example_bash_operator.py
[2026-06-18T17:14:49.020+0000] {logging_mixin.py:188} INFO - [2026-06-18T17:14:49.019+0000] {dag.py:3036} INFO - Sync 1 DAGs
[2026-06-18T17:14:49.069+0000] {logging_mixin.py:188} INFO - [2026-06-18T17:14:49.068+0000] {dag.py:3823} INFO - Setting next_dagrun for example_bash_operator to 2026-06-17 00:00:00+00:00, run_after=2026-06-18 00:00:00+00:00
[2026-06-18T17:14:49.111+0000] {processor.py:183} INFO - Processing /home/airflow/.local/lib/python3.8/site-packages/airflow/example_dags/example_bash_operator.py took 0.187 seconds
[2026-06-18T17:15:19.219+0000] {processor.py:161} INFO - Started process (PID=3338) to work on /home/airflow/.local/lib/python3.8/site-packages/airflow/example_dags/example_bash_operator.py
[2026-06-18T17:15:19.221+0000] {processor.py:830} INFO - Processing file /home/airflow/.local/lib/python3.8/site-packages/airflow/example_dags/example_bash_operator.py for tasks to queue
[2026-06-18T17:15:19.224+0000] {logging_mixin.py:188} INFO - [2026-06-18T17:15:19.224+0000] {dagbag.py:538} INFO - Filling up the DagBag from /home/airflow/.local/lib/python3.8/site-packages/airflow/example_dags/example_bash_operator.py
[2026-06-18T17:15:19.247+0000] {processor.py:840} INFO - DAG(s) 'example_bash_operator' retrieved from /home/airflow/.local/lib/python3.8/site-packages/airflow/example_dags/example_bash_operator.py
[2026-06-18T17:15:19.305+0000] {logging_mixin.py:188} INFO - [2026-06-18T17:15:19.304+0000] {dag.py:3036} INFO - Sync 1 DAGs
[2026-06-18T17:15:19.353+0000] {logging_mixin.py:188} INFO - [2026-06-18T17:15:19.352+0000] {dag.py:3823} INFO - Setting next_dagrun for example_bash_operator to 2026-06-17 00:00:00+00:00, run_after=2026-06-18 00:00:00+00:00
[2026-06-18T17:15:19.392+0000] {processor.py:183} INFO - Processing /home/airflow/.local/lib/python3.8/site-packages/airflow/example_dags/example_bash_operator.py took 0.178 seconds
[2026-06-18T17:15:49.874+0000] {processor.py:161} INFO - Started process (PID=3402) to work on /home/airflow/.local/lib/python3.8/site-packages/airflow/example_dags/example_bash_operator.py
[2026-06-18T17:15:49.876+0000] {processor.py:830} INFO - Processing file /home/airflow/.local/lib/python3.8/site-packages/airflow/example_dags/example_bash_operator.py for tasks to queue
[2026-06-18T17:15:49.879+0000] {logging_mixin.py:188} INFO - [2026-06-18T17:15:49.878+0000] {dagbag.py:538} INFO - Filling up the DagBag from /home/airflow/.local/lib/python3.8/site-packages/airflow/example_dags/example_bash_operator.py
[2026-06-18T17:15:49.898+0000] {processor.py:840} INFO - DAG(s) 'example_bash_operator' retrieved from /home/airflow/.local/lib/python3.8/site-packages/airflow/example_dags/example_bash_operator.py
[2026-06-18T17:15:49.959+0000] {logging_mixin.py:188} INFO - [2026-06-18T17:15:49.959+0000] {dag.py:3036} INFO - Sync 1 DAGs
[2026-06-18T17:15:49.999+0000] {logging_mixin.py:188} INFO - [2026-06-18T17:15:49.999+0000] {dag.py:3823} INFO - Setting next_dagrun for example_bash_operator to 2026-06-17 00:00:00+00:00, run_after=2026-06-18 00:00:00+00:00
[2026-06-18T17:15:50.034+0000] {processor.py:183} INFO - Processing /home/airflow/.local/lib/python3.8/site-packages/airflow/example_dags/example_bash_operator.py took 0.165 seconds
[2026-06-18T17:16:20.604+0000] {processor.py:161} INFO - Started process (PID=3466) to work on /home/airflow/.local/lib/python3.8/site-packages/airflow/example_dags/example_bash_operator.py
[2026-06-18T17:16:20.606+0000] {processor.py:830} INFO - Processing file /home/airflow/.local/lib/python3.8/site-packages/airflow/example_dags/example_bash_operator.py for tasks to queue
[2026-06-18T17:16:20.610+0000] {logging_mixin.py:188} INFO - [2026-06-18T17:16:20.609+0000] {dagbag.py:538} INFO - Filling up the DagBag from /home/airflow/.local/lib/python3.8/site-packages/airflow/example_dags/example_bash_operator.py
[2026-06-18T17:16:20.629+0000] {processor.py:840} INFO - DAG(s) 'example_bash_operator' retrieved from /home/airflow/.local/lib/python3.8/site-packages/airflow/example_dags/example_bash_operator.py
[2026-06-18T17:16:20.688+0000] {logging_mixin.py:188} INFO - [2026-06-18T17:16:20.688+0000] {dag.py:3036} INFO - Sync 1 DAGs
[2026-06-18T17:16:20.734+0000] {logging_mixin.py:188} INFO - [2026-06-18T17:16:20.734+0000] {dag.py:3823} INFO - Setting next_dagrun for example_bash_operator to 2026-06-17 00:00:00+00:00, run_after=2026-06-18 00:00:00+00:00
[2026-06-18T17:16:20.772+0000] {processor.py:183} INFO - Processing /home/airflow/.local/lib/python3.8/site-packages/airflow/example_dags/example_bash_operator.py took 0.174 seconds
[2026-06-18T17:16:50.950+0000] {processor.py:161} INFO - Started process (PID=3532) to work on /home/airflow/.local/lib/python3.8/site-packages/airflow/example_dags/example_bash_operator.py
[2026-06-18T17:16:50.952+0000] {processor.py:830} INFO - Processing file /home/airflow/.local/lib/python3.8/site-packages/airflow/example_dags/example_bash_operator.py for tasks to queue
[2026-06-18T17:16:50.955+0000] {logging_mixin.py:188} INFO - [2026-06-18T17:16:50.955+0000] {dagbag.py:538} INFO - Filling up the DagBag from /home/airflow/.local/lib/python3.8/site-packages/airflow/example_dags/example_bash_operator.py
[2026-06-18T17:16:50.981+0000] {processor.py:840} INFO - DAG(s) 'example_bash_operator' retrieved from /home/airflow/.local/lib/python3.8/site-packages/airflow/example_dags/example_bash_operator.py
[2026-06-18T17:16:51.048+0000] {logging_mixin.py:188} INFO - [2026-06-18T17:16:51.047+0000] {dag.py:3036} INFO - Sync 1 DAGs
[2026-06-18T17:16:51.094+0000] {logging_mixin.py:188} INFO - [2026-06-18T17:16:51.094+0000] {dag.py:3823} INFO - Setting next_dagrun for example_bash_operator to 2026-06-17 00:00:00+00:00, run_after=2026-06-18 00:00:00+00:00
[2026-06-18T17:16:51.130+0000] {processor.py:183} INFO - Processing /home/airflow/.local/lib/python3.8/site-packages/airflow/example_dags/example_bash_operator.py took 0.186 seconds
[2026-06-18T17:17:21.269+0000] {processor.py:161} INFO - Started process (PID=3599) to work on /home/airflow/.local/lib/python3.8/site-packages/airflow/example_dags/example_bash_operator.py
[2026-06-18T17:17:21.272+0000] {processor.py:830} INFO - Processing file /home/airflow/.local/lib/python3.8/site-packages/airflow/example_dags/example_bash_operator.py for tasks to queue
[2026-06-18T17:17:21.275+0000] {logging_mixin.py:188} INFO - [2026-06-18T17:17:21.274+0000] {dagbag.py:538} INFO - Filling up the DagBag from /home/airflow/.local/lib/python3.8/site-packages/airflow/example_dags/example_bash_operator.py
[2026-06-18T17:17:21.297+0000] {processor.py:840} INFO - DAG(s) 'example_bash_operator' retrieved from /home/airflow/.local/lib/python3.8/site-packages/airflow/example_dags/example_bash_operator.py
[2026-06-18T17:17:21.367+0000] {logging_mixin.py:188} INFO - [2026-06-18T17:17:21.366+0000] {dag.py:3036} INFO - Sync 1 DAGs
[2026-06-18T17:17:21.417+0000] {logging_mixin.py:188} INFO - [2026-06-18T17:17:21.414+0000] {dag.py:3823} INFO - Setting next_dagrun for example_bash_operator to 2026-06-17 00:00:00+00:00, run_after=2026-06-18 00:00:00+00:00
[2026-06-18T17:17:21.458+0000] {processor.py:183} INFO - Processing /home/airflow/.local/lib/python3.8/site-packages/airflow/example_dags/example_bash_operator.py took 0.194 seconds
[2026-06-18T17:17:51.551+0000] {processor.py:161} INFO - Started process (PID=3665) to work on /home/airflow/.local/lib/python3.8/site-packages/airflow/example_dags/example_bash_operator.py
[2026-06-18T17:17:51.552+0000] {processor.py:830} INFO - Processing file /home/airflow/.local/lib/python3.8/site-packages/airflow/example_dags/example_bash_operator.py for tasks to queue
[2026-06-18T17:17:51.555+0000] {logging_mixin.py:188} INFO - [2026-06-18T17:17:51.554+0000] {dagbag.py:538} INFO - Filling up the DagBag from /home/airflow/.local/lib/python3.8/site-packages/airflow/example_dags/example_bash_operator.py
[2026-06-18T17:17:51.577+0000] {processor.py:840} INFO - DAG(s) 'example_bash_operator' retrieved from /home/airflow/.local/lib/python3.8/site-packages/airflow/example_dags/example_bash_operator.py
[2026-06-18T17:17:51.638+0000] {logging_mixin.py:188} INFO - [2026-06-18T17:17:51.637+0000] {dag.py:3036} INFO - Sync 1 DAGs
[2026-06-18T17:17:51.680+0000] {logging_mixin.py:188} INFO - [2026-06-18T17:17:51.680+0000] {dag.py:3823} INFO - Setting next_dagrun for example_bash_operator to 2026-06-17 00:00:00+00:00, run_after=2026-06-18 00:00:00+00:00
[2026-06-18T17:17:51.710+0000] {processor.py:183} INFO - Processing /home/airflow/.local/lib/python3.8/site-packages/airflow/example_dags/example_bash_operator.py took 0.165 seconds
[2026-06-18T17:18:22.241+0000] {processor.py:161} INFO - Started process (PID=3732) to work on /home/airflow/.local/lib/python3.8/site-packages/airflow/example_dags/example_bash_operator.py
[2026-06-18T17:18:22.243+0000] {processor.py:830} INFO - Processing file /home/airflow/.local/lib/python3.8/site-packages/airflow/example_dags/example_bash_operator.py for tasks to queue
[2026-06-18T17:18:22.246+0000] {logging_mixin.py:188} INFO - [2026-06-18T17:18:22.245+0000] {dagbag.py:538} INFO - Filling up the DagBag from /home/airflow/.local/lib/python3.8/site-packages/airflow/example_dags/example_bash_operator.py
[2026-06-18T17:18:22.265+0000] {processor.py:840} INFO - DAG(s) 'example_bash_operator' retrieved from /home/airflow/.local/lib/python3.8/site-packages/airflow/example_dags/example_bash_operator.py
[2026-06-18T17:18:22.323+0000] {logging_mixin.py:188} INFO - [2026-06-18T17:18:22.323+0000] {dag.py:3036} INFO - Sync 1 DAGs
[2026-06-18T17:18:22.372+0000] {logging_mixin.py:188} INFO - [2026-06-18T17:18:22.372+0000] {dag.py:3823} INFO - Setting next_dagrun for example_bash_operator to 2026-06-17 00:00:00+00:00, run_after=2026-06-18 00:00:00+00:00
[2026-06-18T17:18:22.404+0000] {processor.py:183} INFO - Processing /home/airflow/.local/lib/python3.8/site-packages/airflow/example_dags/example_bash_operator.py took 0.168 seconds
[2026-06-18T17:18:52.940+0000] {processor.py:161} INFO - Started process (PID=3798) to work on /home/airflow/.local/lib/python3.8/site-packages/airflow/example_dags/example_bash_operator.py
[2026-06-18T17:18:52.942+0000] {processor.py:830} INFO - Processing file /home/airflow/.local/lib/python3.8/site-packages/airflow/example_dags/example_bash_operator.py for tasks to queue
[2026-06-18T17:18:52.945+0000] {logging_mixin.py:188} INFO - [2026-06-18T17:18:52.944+0000] {dagbag.py:538} INFO - Filling up the DagBag from /home/airflow/.local/lib/python3.8/site-packages/airflow/example_dags/example_bash_operator.py
[2026-06-18T17:18:52.968+0000] {processor.py:840} INFO - DAG(s) 'example_bash_operator' retrieved from /home/airflow/.local/lib/python3.8/site-packages/airflow/example_dags/example_bash_operator.py
[2026-06-18T17:18:53.026+0000] {logging_mixin.py:188} INFO - [2026-06-18T17:18:53.026+0000] {dag.py:3036} INFO - Sync 1 DAGs
[2026-06-18T17:18:53.072+0000] {logging_mixin.py:188} INFO - [2026-06-18T17:18:53.072+0000] {dag.py:3823} INFO - Setting next_dagrun for example_bash_operator to 2026-06-17 00:00:00+00:00, run_after=2026-06-18 00:00:00+00:00
[2026-06-18T17:18:53.106+0000] {processor.py:183} INFO - Processing /home/airflow/.local/lib/python3.8/site-packages/airflow/example_dags/example_bash_operator.py took 0.171 seconds
[2026-06-18T17:19:23.232+0000] {processor.py:161} INFO - Started process (PID=3864) to work on /home/airflow/.local/lib/python3.8/site-packages/airflow/example_dags/example_bash_operator.py
[2026-06-18T17:19:23.233+0000] {processor.py:830} INFO - Processing file /home/airflow/.local/lib/python3.8/site-packages/airflow/example_dags/example_bash_operator.py for tasks to queue
[2026-06-18T17:19:23.236+0000] {logging_mixin.py:188} INFO - [2026-06-18T17:19:23.235+0000] {dagbag.py:538} INFO - Filling up the DagBag from /home/airflow/.local/lib/python3.8/site-packages/airflow/example_dags/example_bash_operator.py
[2026-06-18T17:19:23.254+0000] {processor.py:840} INFO - DAG(s) 'example_bash_operator' retrieved from /home/airflow/.local/lib/python3.8/site-packages/airflow/example_dags/example_bash_operator.py
[2026-06-18T17:19:23.314+0000] {logging_mixin.py:188} INFO - [2026-06-18T17:19:23.313+0000] {dag.py:3036} INFO - Sync 1 DAGs
[2026-06-18T17:19:23.355+0000] {logging_mixin.py:188} INFO - [2026-06-18T17:19:23.355+0000] {dag.py:3823} INFO - Setting next_dagrun for example_bash_operator to 2026-06-17 00:00:00+00:00, run_after=2026-06-18 00:00:00+00:00
[2026-06-18T17:19:23.392+0000] {processor.py:183} INFO - Processing /home/airflow/.local/lib/python3.8/site-packages/airflow/example_dags/example_bash_operator.py took 0.165 seconds
[2026-06-18T17:19:53.564+0000] {processor.py:161} INFO - Started process (PID=3933) to work on /home/airflow/.local/lib/python3.8/site-packages/airflow/example_dags/example_bash_operator.py
[2026-06-18T17:19:53.567+0000] {processor.py:830} INFO - Processing file /home/airflow/.local/lib/python3.8/site-packages/airflow/example_dags/example_bash_operator.py for tasks to queue
[2026-06-18T17:19:53.570+0000] {logging_mixin.py:188} INFO - [2026-06-18T17:19:53.569+0000] {dagbag.py:538} INFO - Filling up the DagBag from /home/airflow/.local/lib/python3.8/site-packages/airflow/example_dags/example_bash_operator.py
[2026-06-18T17:19:53.594+0000] {processor.py:840} INFO - DAG(s) 'example_bash_operator' retrieved from /home/airflow/.local/lib/python3.8/site-packages/airflow/example_dags/example_bash_operator.py
[2026-06-18T17:19:53.658+0000] {logging_mixin.py:188} INFO - [2026-06-18T17:19:53.658+0000] {dag.py:3036} INFO - Sync 1 DAGs
[2026-06-18T17:19:53.703+0000] {logging_mixin.py:188} INFO - [2026-06-18T17:19:53.703+0000] {dag.py:3823} INFO - Setting next_dagrun for example_bash_operator to 2026-06-17 00:00:00+00:00, run_after=2026-06-18 00:00:00+00:00
[2026-06-18T17:19:53.735+0000] {processor.py:183} INFO - Processing /home/airflow/.local/lib/python3.8/site-packages/airflow/example_dags/example_bash_operator.py took 0.176 seconds
[2026-06-18T17:20:23.955+0000] {processor.py:161} INFO - Started process (PID=3999) to work on /home/airflow/.local/lib/python3.8/site-packages/airflow/example_dags/example_bash_operator.py
[2026-06-18T17:20:23.956+0000] {processor.py:830} INFO - Processing file /home/airflow/.local/lib/python3.8/site-packages/airflow/example_dags/example_bash_operator.py for tasks to queue
[2026-06-18T17:20:23.958+0000] {logging_mixin.py:188} INFO - [2026-06-18T17:20:23.958+0000] {dagbag.py:538} INFO - Filling up the DagBag from /home/airflow/.local/lib/python3.8/site-packages/airflow/example_dags/example_bash_operator.py
[2026-06-18T17:20:23.978+0000] {processor.py:840} INFO - DAG(s) 'example_bash_operator' retrieved from /home/airflow/.local/lib/python3.8/site-packages/airflow/example_dags/example_bash_operator.py
[2026-06-18T17:20:24.034+0000] {logging_mixin.py:188} INFO - [2026-06-18T17:20:24.033+0000] {dag.py:3036} INFO - Sync 1 DAGs
[2026-06-18T17:20:24.070+0000] {logging_mixin.py:188} INFO - [2026-06-18T17:20:24.070+0000] {dag.py:3823} INFO - Setting next_dagrun for example_bash_operator to 2026-06-17 00:00:00+00:00, run_after=2026-06-18 00:00:00+00:00
[2026-06-18T17:20:24.099+0000] {processor.py:183} INFO - Processing /home/airflow/.local/lib/python3.8/site-packages/airflow/example_dags/example_bash_operator.py took 0.150 seconds
[2026-06-18T17:20:54.262+0000] {processor.py:161} INFO - Started process (PID=4074) to work on /home/airflow/.local/lib/python3.8/site-packages/airflow/example_dags/example_bash_operator.py
[2026-06-18T17:20:54.264+0000] {processor.py:830} INFO - Processing file /home/airflow/.local/lib/python3.8/site-packages/airflow/example_dags/example_bash_operator.py for tasks to queue
[2026-06-18T17:20:54.267+0000] {logging_mixin.py:188} INFO - [2026-06-18T17:20:54.266+0000] {dagbag.py:538} INFO - Filling up the DagBag from /home/airflow/.local/lib/python3.8/site-packages/airflow/example_dags/example_bash_operator.py
[2026-06-18T17:20:54.289+0000] {processor.py:840} INFO - DAG(s) 'example_bash_operator' retrieved from /home/airflow/.local/lib/python3.8/site-packages/airflow/example_dags/example_bash_operator.py
[2026-06-18T17:20:54.349+0000] {logging_mixin.py:188} INFO - [2026-06-18T17:20:54.348+0000] {dag.py:3036} INFO - Sync 1 DAGs
[2026-06-18T17:20:54.395+0000] {logging_mixin.py:188} INFO - [2026-06-18T17:20:54.395+0000] {dag.py:3823} INFO - Setting next_dagrun for example_bash_operator to 2026-06-17 00:00:00+00:00, run_after=2026-06-18 00:00:00+00:00
[2026-06-18T17:20:54.428+0000] {processor.py:183} INFO - Processing /home/airflow/.local/lib/python3.8/site-packages/airflow/example_dags/example_bash_operator.py took 0.171 seconds
[2026-06-18T17:21:24.847+0000] {processor.py:161} INFO - Started process (PID=4140) to work on /home/airflow/.local/lib/python3.8/site-packages/airflow/example_dags/example_bash_operator.py
[2026-06-18T17:21:24.849+0000] {processor.py:830} INFO - Processing file /home/airflow/.local/lib/python3.8/site-packages/airflow/example_dags/example_bash_operator.py for tasks to queue
[2026-06-18T17:21:24.852+0000] {logging_mixin.py:188} INFO - [2026-06-18T17:21:24.851+0000] {dagbag.py:538} INFO - Filling up the DagBag from /home/airflow/.local/lib/python3.8/site-packages/airflow/example_dags/example_bash_operator.py
[2026-06-18T17:21:24.871+0000] {processor.py:840} INFO - DAG(s) 'example_bash_operator' retrieved from /home/airflow/.local/lib/python3.8/site-packages/airflow/example_dags/example_bash_operator.py
[2026-06-18T17:21:24.928+0000] {logging_mixin.py:188} INFO - [2026-06-18T17:21:24.927+0000] {dag.py:3036} INFO - Sync 1 DAGs
[2026-06-18T17:21:24.977+0000] {logging_mixin.py:188} INFO - [2026-06-18T17:21:24.976+0000] {dag.py:3823} INFO - Setting next_dagrun for example_bash_operator to 2026-06-17 00:00:00+00:00, run_after=2026-06-18 00:00:00+00:00
[2026-06-18T17:21:25.021+0000] {processor.py:183} INFO - Processing /home/airflow/.local/lib/python3.8/site-packages/airflow/example_dags/example_bash_operator.py took 0.179 seconds
[2026-06-18T17:21:55.389+0000] {processor.py:161} INFO - Started process (PID=4206) to work on /home/airflow/.local/lib/python3.8/site-packages/airflow/example_dags/example_bash_operator.py
[2026-06-18T17:21:55.392+0000] {processor.py:830} INFO - Processing file /home/airflow/.local/lib/python3.8/site-packages/airflow/example_dags/example_bash_operator.py for tasks to queue
[2026-06-18T17:21:55.395+0000] {logging_mixin.py:188} INFO - [2026-06-18T17:21:55.395+0000] {dagbag.py:538} INFO - Filling up the DagBag from /home/airflow/.local/lib/python3.8/site-packages/airflow/example_dags/example_bash_operator.py
[2026-06-18T17:21:55.422+0000] {processor.py:840} INFO - DAG(s) 'example_bash_operator' retrieved from /home/airflow/.local/lib/python3.8/site-packages/airflow/example_dags/example_bash_operator.py
[2026-06-18T17:21:55.490+0000] {logging_mixin.py:188} INFO - [2026-06-18T17:21:55.490+0000] {dag.py:3036} INFO - Sync 1 DAGs
[2026-06-18T17:21:55.541+0000] {logging_mixin.py:188} INFO - [2026-06-18T17:21:55.541+0000] {dag.py:3823} INFO - Setting next_dagrun for example_bash_operator to 2026-06-17 00:00:00+00:00, run_after=2026-06-18 00:00:00+00:00
[2026-06-18T17:21:55.575+0000] {processor.py:183} INFO - Processing /home/airflow/.local/lib/python3.8/site-packages/airflow/example_dags/example_bash_operator.py took 0.191 seconds
[2026-06-18T17:22:25.626+0000] {processor.py:161} INFO - Started process (PID=4272) to work on /home/airflow/.local/lib/python3.8/site-packages/airflow/example_dags/example_bash_operator.py
[2026-06-18T17:22:25.629+0000] {processor.py:830} INFO - Processing file /home/airflow/.local/lib/python3.8/site-packages/airflow/example_dags/example_bash_operator.py for tasks to queue
[2026-06-18T17:22:25.632+0000] {logging_mixin.py:188} INFO - [2026-06-18T17:22:25.631+0000] {dagbag.py:538} INFO - Filling up the DagBag from /home/airflow/.local/lib/python3.8/site-packages/airflow/example_dags/example_bash_operator.py
[2026-06-18T17:22:25.667+0000] {processor.py:840} INFO - DAG(s) 'example_bash_operator' retrieved from /home/airflow/.local/lib/python3.8/site-packages/airflow/example_dags/example_bash_operator.py
[2026-06-18T17:22:25.776+0000] {logging_mixin.py:188} INFO - [2026-06-18T17:22:25.776+0000] {dag.py:3036} INFO - Sync 1 DAGs
[2026-06-18T17:22:25.834+0000] {logging_mixin.py:188} INFO - [2026-06-18T17:22:25.834+0000] {dag.py:3823} INFO - Setting next_dagrun for example_bash_operator to 2026-06-17 00:00:00+00:00, run_after=2026-06-18 00:00:00+00:00
[2026-06-18T17:22:25.892+0000] {processor.py:183} INFO - Processing /home/airflow/.local/lib/python3.8/site-packages/airflow/example_dags/example_bash_operator.py took 0.273 seconds
[2026-06-18T17:22:56.235+0000] {processor.py:161} INFO - Started process (PID=4339) to work on /home/airflow/.local/lib/python3.8/site-packages/airflow/example_dags/example_bash_operator.py
[2026-06-18T17:22:56.237+0000] {processor.py:830} INFO - Processing file /home/airflow/.local/lib/python3.8/site-packages/airflow/example_dags/example_bash_operator.py for tasks to queue
[2026-06-18T17:22:56.240+0000] {logging_mixin.py:188} INFO - [2026-06-18T17:22:56.240+0000] {dagbag.py:538} INFO - Filling up the DagBag from /home/airflow/.local/lib/python3.8/site-packages/airflow/example_dags/example_bash_operator.py
[2026-06-18T17:22:56.263+0000] {processor.py:840} INFO - DAG(s) 'example_bash_operator' retrieved from /home/airflow/.local/lib/python3.8/site-packages/airflow/example_dags/example_bash_operator.py
[2026-06-18T17:22:56.331+0000] {logging_mixin.py:188} INFO - [2026-06-18T17:22:56.330+0000] {dag.py:3036} INFO - Sync 1 DAGs
[2026-06-18T17:22:56.382+0000] {logging_mixin.py:188} INFO - [2026-06-18T17:22:56.381+0000] {dag.py:3823} INFO - Setting next_dagrun for example_bash_operator to 2026-06-17 00:00:00+00:00, run_after=2026-06-18 00:00:00+00:00
[2026-06-18T17:22:56.429+0000] {processor.py:183} INFO - Processing /home/airflow/.local/lib/python3.8/site-packages/airflow/example_dags/example_bash_operator.py took 0.199 seconds
[2026-06-18T17:23:26.853+0000] {processor.py:161} INFO - Started process (PID=4404) to work on /home/airflow/.local/lib/python3.8/site-packages/airflow/example_dags/example_bash_operator.py
[2026-06-18T17:23:26.855+0000] {processor.py:830} INFO - Processing file /home/airflow/.local/lib/python3.8/site-packages/airflow/example_dags/example_bash_operator.py for tasks to queue
[2026-06-18T17:23:26.857+0000] {logging_mixin.py:188} INFO - [2026-06-18T17:23:26.857+0000] {dagbag.py:538} INFO - Filling up the DagBag from /home/airflow/.local/lib/python3.8/site-packages/airflow/example_dags/example_bash_operator.py
[2026-06-18T17:23:26.877+0000] {processor.py:840} INFO - DAG(s) 'example_bash_operator' retrieved from /home/airflow/.local/lib/python3.8/site-packages/airflow/example_dags/example_bash_operator.py
[2026-06-18T17:23:26.937+0000] {logging_mixin.py:188} INFO - [2026-06-18T17:23:26.937+0000] {dag.py:3036} INFO - Sync 1 DAGs
[2026-06-18T17:23:26.978+0000] {logging_mixin.py:188} INFO - [2026-06-18T17:23:26.977+0000] {dag.py:3823} INFO - Setting next_dagrun for example_bash_operator to 2026-06-17 00:00:00+00:00, run_after=2026-06-18 00:00:00+00:00
[2026-06-18T17:23:27.006+0000] {processor.py:183} INFO - Processing /home/airflow/.local/lib/python3.8/site-packages/airflow/example_dags/example_bash_operator.py took 0.159 seconds
[2026-06-18T17:23:57.101+0000] {processor.py:161} INFO - Started process (PID=4469) to work on /home/airflow/.local/lib/python3.8/site-packages/airflow/example_dags/example_bash_operator.py
[2026-06-18T17:23:57.103+0000] {processor.py:830} INFO - Processing file /home/airflow/.local/lib/python3.8/site-packages/airflow/example_dags/example_bash_operator.py for tasks to queue
[2026-06-18T17:23:57.106+0000] {logging_mixin.py:188} INFO - [2026-06-18T17:23:57.106+0000] {dagbag.py:538} INFO - Filling up the DagBag from /home/airflow/.local/lib/python3.8/site-packages/airflow/example_dags/example_bash_operator.py
[2026-06-18T17:23:57.127+0000] {processor.py:840} INFO - DAG(s) 'example_bash_operator' retrieved from /home/airflow/.local/lib/python3.8/site-packages/airflow/example_dags/example_bash_operator.py
[2026-06-18T17:23:57.191+0000] {logging_mixin.py:188} INFO - [2026-06-18T17:23:57.190+0000] {dag.py:3036} INFO - Sync 1 DAGs
[2026-06-18T17:23:57.236+0000] {logging_mixin.py:188} INFO - [2026-06-18T17:23:57.235+0000] {dag.py:3823} INFO - Setting next_dagrun for example_bash_operator to 2026-06-17 00:00:00+00:00, run_after=2026-06-18 00:00:00+00:00
[2026-06-18T17:23:57.276+0000] {processor.py:183} INFO - Processing /home/airflow/.local/lib/python3.8/site-packages/airflow/example_dags/example_bash_operator.py took 0.181 seconds
[2026-06-18T17:24:27.369+0000] {processor.py:161} INFO - Started process (PID=4535) to work on /home/airflow/.local/lib/python3.8/site-packages/airflow/example_dags/example_bash_operator.py
[2026-06-18T17:24:27.371+0000] {processor.py:830} INFO - Processing file /home/airflow/.local/lib/python3.8/site-packages/airflow/example_dags/example_bash_operator.py for tasks to queue
[2026-06-18T17:24:27.375+0000] {logging_mixin.py:188} INFO - [2026-06-18T17:24:27.375+0000] {dagbag.py:538} INFO - Filling up the DagBag from /home/airflow/.local/lib/python3.8/site-packages/airflow/example_dags/example_bash_operator.py
[2026-06-18T17:24:27.396+0000] {processor.py:840} INFO - DAG(s) 'example_bash_operator' retrieved from /home/airflow/.local/lib/python3.8/site-packages/airflow/example_dags/example_bash_operator.py
[2026-06-18T17:24:27.456+0000] {logging_mixin.py:188} INFO - [2026-06-18T17:24:27.455+0000] {dag.py:3036} INFO - Sync 1 DAGs
[2026-06-18T17:24:27.493+0000] {logging_mixin.py:188} INFO - [2026-06-18T17:24:27.493+0000] {dag.py:3823} INFO - Setting next_dagrun for example_bash_operator to 2026-06-17 00:00:00+00:00, run_after=2026-06-18 00:00:00+00:00
[2026-06-18T17:24:27.523+0000] {processor.py:183} INFO - Processing /home/airflow/.local/lib/python3.8/site-packages/airflow/example_dags/example_bash_operator.py took 0.158 seconds
[2026-06-18T17:24:58.186+0000] {processor.py:161} INFO - Started process (PID=4602) to work on /home/airflow/.local/lib/python3.8/site-packages/airflow/example_dags/example_bash_operator.py
[2026-06-18T17:24:58.188+0000] {processor.py:830} INFO - Processing file /home/airflow/.local/lib/python3.8/site-packages/airflow/example_dags/example_bash_operator.py for tasks to queue
[2026-06-18T17:24:58.190+0000] {logging_mixin.py:188} INFO - [2026-06-18T17:24:58.190+0000] {dagbag.py:538} INFO - Filling up the DagBag from /home/airflow/.local/lib/python3.8/site-packages/airflow/example_dags/example_bash_operator.py
[2026-06-18T17:24:58.209+0000] {processor.py:840} INFO - DAG(s) 'example_bash_operator' retrieved from /home/airflow/.local/lib/python3.8/site-packages/airflow/example_dags/example_bash_operator.py
[2026-06-18T17:24:58.274+0000] {logging_mixin.py:188} INFO - [2026-06-18T17:24:58.274+0000] {dag.py:3036} INFO - Sync 1 DAGs
[2026-06-18T17:24:58.324+0000] {logging_mixin.py:188} INFO - [2026-06-18T17:24:58.323+0000] {dag.py:3823} INFO - Setting next_dagrun for example_bash_operator to 2026-06-17 00:00:00+00:00, run_after=2026-06-18 00:00:00+00:00
[2026-06-18T17:24:58.358+0000] {processor.py:183} INFO - Processing /home/airflow/.local/lib/python3.8/site-packages/airflow/example_dags/example_bash_operator.py took 0.176 seconds
[2026-06-18T17:25:28.503+0000] {processor.py:161} INFO - Started process (PID=4668) to work on /home/airflow/.local/lib/python3.8/site-packages/airflow/example_dags/example_bash_operator.py
[2026-06-18T17:25:28.505+0000] {processor.py:830} INFO - Processing file /home/airflow/.local/lib/python3.8/site-packages/airflow/example_dags/example_bash_operator.py for tasks to queue
[2026-06-18T17:25:28.508+0000] {logging_mixin.py:188} INFO - [2026-06-18T17:25:28.507+0000] {dagbag.py:538} INFO - Filling up the DagBag from /home/airflow/.local/lib/python3.8/site-packages/airflow/example_dags/example_bash_operator.py
[2026-06-18T17:25:28.529+0000] {processor.py:840} INFO - DAG(s) 'example_bash_operator' retrieved from /home/airflow/.local/lib/python3.8/site-packages/airflow/example_dags/example_bash_operator.py
[2026-06-18T17:25:28.592+0000] {logging_mixin.py:188} INFO - [2026-06-18T17:25:28.592+0000] {dag.py:3036} INFO - Sync 1 DAGs
[2026-06-18T17:25:28.634+0000] {logging_mixin.py:188} INFO - [2026-06-18T17:25:28.634+0000] {dag.py:3823} INFO - Setting next_dagrun for example_bash_operator to 2026-06-17 00:00:00+00:00, run_after=2026-06-18 00:00:00+00:00
[2026-06-18T17:25:28.662+0000] {processor.py:183} INFO - Processing /home/airflow/.local/lib/python3.8/site-packages/airflow/example_dags/example_bash_operator.py took 0.164 seconds
[2026-06-18T17:25:58.800+0000] {processor.py:161} INFO - Started process (PID=4734) to work on /home/airflow/.local/lib/python3.8/site-packages/airflow/example_dags/example_bash_operator.py
[2026-06-18T17:25:58.801+0000] {processor.py:830} INFO - Processing file /home/airflow/.local/lib/python3.8/site-packages/airflow/example_dags/example_bash_operator.py for tasks to queue
[2026-06-18T17:25:58.804+0000] {logging_mixin.py:188} INFO - [2026-06-18T17:25:58.803+0000] {dagbag.py:538} INFO - Filling up the DagBag from /home/airflow/.local/lib/python3.8/site-packages/airflow/example_dags/example_bash_operator.py
[2026-06-18T17:25:58.823+0000] {processor.py:840} INFO - DAG(s) 'example_bash_operator' retrieved from /home/airflow/.local/lib/python3.8/site-packages/airflow/example_dags/example_bash_operator.py
[2026-06-18T17:25:58.880+0000] {logging_mixin.py:188} INFO - [2026-06-18T17:25:58.879+0000] {dag.py:3036} INFO - Sync 1 DAGs
[2026-06-18T17:25:58.922+0000] {logging_mixin.py:188} INFO - [2026-06-18T17:25:58.922+0000] {dag.py:3823} INFO - Setting next_dagrun for example_bash_operator to 2026-06-17 00:00:00+00:00, run_after=2026-06-18 00:00:00+00:00
[2026-06-18T17:25:58.953+0000] {processor.py:183} INFO - Processing /home/airflow/.local/lib/python3.8/site-packages/airflow/example_dags/example_bash_operator.py took 0.159 seconds
[2026-06-18T17:26:29.161+0000] {processor.py:161} INFO - Started process (PID=4801) to work on /home/airflow/.local/lib/python3.8/site-packages/airflow/example_dags/example_bash_operator.py
[2026-06-18T17:26:29.164+0000] {processor.py:830} INFO - Processing file /home/airflow/.local/lib/python3.8/site-packages/airflow/example_dags/example_bash_operator.py for tasks to queue
[2026-06-18T17:26:29.167+0000] {logging_mixin.py:188} INFO - [2026-06-18T17:26:29.166+0000] {dagbag.py:538} INFO - Filling up the DagBag from /home/airflow/.local/lib/python3.8/site-packages/airflow/example_dags/example_bash_operator.py
[2026-06-18T17:26:29.192+0000] {processor.py:840} INFO - DAG(s) 'example_bash_operator' retrieved from /home/airflow/.local/lib/python3.8/site-packages/airflow/example_dags/example_bash_operator.py
[2026-06-18T17:26:29.265+0000] {logging_mixin.py:188} INFO - [2026-06-18T17:26:29.264+0000] {dag.py:3036} INFO - Sync 1 DAGs
[2026-06-18T17:26:29.323+0000] {logging_mixin.py:188} INFO - [2026-06-18T17:26:29.322+0000] {dag.py:3823} INFO - Setting next_dagrun for example_bash_operator to 2026-06-17 00:00:00+00:00, run_after=2026-06-18 00:00:00+00:00
[2026-06-18T17:26:29.359+0000] {processor.py:183} INFO - Processing /home/airflow/.local/lib/python3.8/site-packages/airflow/example_dags/example_bash_operator.py took 0.204 seconds
[2026-06-18T17:26:59.921+0000] {processor.py:161} INFO - Started process (PID=4867) to work on /home/airflow/.local/lib/python3.8/site-packages/airflow/example_dags/example_bash_operator.py
[2026-06-18T17:26:59.923+0000] {processor.py:830} INFO - Processing file /home/airflow/.local/lib/python3.8/site-packages/airflow/example_dags/example_bash_operator.py for tasks to queue
[2026-06-18T17:26:59.926+0000] {logging_mixin.py:188} INFO - [2026-06-18T17:26:59.925+0000] {dagbag.py:538} INFO - Filling up the DagBag from /home/airflow/.local/lib/python3.8/site-packages/airflow/example_dags/example_bash_operator.py
[2026-06-18T17:26:59.948+0000] {processor.py:840} INFO - DAG(s) 'example_bash_operator' retrieved from /home/airflow/.local/lib/python3.8/site-packages/airflow/example_dags/example_bash_operator.py
[2026-06-18T17:27:00.013+0000] {logging_mixin.py:188} INFO - [2026-06-18T17:27:00.013+0000] {dag.py:3036} INFO - Sync 1 DAGs
[2026-06-18T17:27:00.062+0000] {logging_mixin.py:188} INFO - [2026-06-18T17:27:00.062+0000] {dag.py:3823} INFO - Setting next_dagrun for example_bash_operator to 2026-06-17 00:00:00+00:00, run_after=2026-06-18 00:00:00+00:00
[2026-06-18T17:27:00.099+0000] {processor.py:183} INFO - Processing /home/airflow/.local/lib/python3.8/site-packages/airflow/example_dags/example_bash_operator.py took 0.185 seconds
[2026-06-18T17:27:30.455+0000] {processor.py:161} INFO - Started process (PID=4941) to work on /home/airflow/.local/lib/python3.8/site-packages/airflow/example_dags/example_bash_operator.py
[2026-06-18T17:27:30.456+0000] {processor.py:830} INFO - Processing file /home/airflow/.local/lib/python3.8/site-packages/airflow/example_dags/example_bash_operator.py for tasks to queue
[2026-06-18T17:27:30.459+0000] {logging_mixin.py:188} INFO - [2026-06-18T17:27:30.459+0000] {dagbag.py:538} INFO - Filling up the DagBag from /home/airflow/.local/lib/python3.8/site-packages/airflow/example_dags/example_bash_operator.py
[2026-06-18T17:27:30.484+0000] {processor.py:840} INFO - DAG(s) 'example_bash_operator' retrieved from /home/airflow/.local/lib/python3.8/site-packages/airflow/example_dags/example_bash_operator.py
[2026-06-18T17:27:30.557+0000] {logging_mixin.py:188} INFO - [2026-06-18T17:27:30.556+0000] {dag.py:3036} INFO - Sync 1 DAGs
[2026-06-18T17:27:30.605+0000] {logging_mixin.py:188} INFO - [2026-06-18T17:27:30.605+0000] {dag.py:3823} INFO - Setting next_dagrun for example_bash_operator to 2026-06-17 00:00:00+00:00, run_after=2026-06-18 00:00:00+00:00
[2026-06-18T17:27:30.638+0000] {processor.py:183} INFO - Processing /home/airflow/.local/lib/python3.8/site-packages/airflow/example_dags/example_bash_operator.py took 0.190 seconds
[2026-06-18T17:28:01.530+0000] {processor.py:161} INFO - Started process (PID=5009) to work on /home/airflow/.local/lib/python3.8/site-packages/airflow/example_dags/example_bash_operator.py
[2026-06-18T17:28:01.532+0000] {processor.py:830} INFO - Processing file /home/airflow/.local/lib/python3.8/site-packages/airflow/example_dags/example_bash_operator.py for tasks to queue
[2026-06-18T17:28:01.534+0000] {logging_mixin.py:188} INFO - [2026-06-18T17:28:01.534+0000] {dagbag.py:538} INFO - Filling up the DagBag from /home/airflow/.local/lib/python3.8/site-packages/airflow/example_dags/example_bash_operator.py
[2026-06-18T17:28:01.557+0000] {processor.py:840} INFO - DAG(s) 'example_bash_operator' retrieved from /home/airflow/.local/lib/python3.8/site-packages/airflow/example_dags/example_bash_operator.py
[2026-06-18T17:28:01.625+0000] {logging_mixin.py:188} INFO - [2026-06-18T17:28:01.625+0000] {dag.py:3036} INFO - Sync 1 DAGs
[2026-06-18T17:28:01.676+0000] {logging_mixin.py:188} INFO - [2026-06-18T17:28:01.676+0000] {dag.py:3823} INFO - Setting next_dagrun for example_bash_operator to 2026-06-17 00:00:00+00:00, run_after=2026-06-18 00:00:00+00:00
[2026-06-18T17:28:01.716+0000] {processor.py:183} INFO - Processing /home/airflow/.local/lib/python3.8/site-packages/airflow/example_dags/example_bash_operator.py took 0.193 seconds
[2026-06-18T17:28:32.068+0000] {processor.py:161} INFO - Started process (PID=5074) to work on /home/airflow/.local/lib/python3.8/site-packages/airflow/example_dags/example_bash_operator.py
[2026-06-18T17:28:32.070+0000] {processor.py:830} INFO - Processing file /home/airflow/.local/lib/python3.8/site-packages/airflow/example_dags/example_bash_operator.py for tasks to queue
[2026-06-18T17:28:32.073+0000] {logging_mixin.py:188} INFO - [2026-06-18T17:28:32.072+0000] {dagbag.py:538} INFO - Filling up the DagBag from /home/airflow/.local/lib/python3.8/site-packages/airflow/example_dags/example_bash_operator.py
[2026-06-18T17:28:32.090+0000] {processor.py:840} INFO - DAG(s) 'example_bash_operator' retrieved from /home/airflow/.local/lib/python3.8/site-packages/airflow/example_dags/example_bash_operator.py
[2026-06-18T17:28:32.145+0000] {logging_mixin.py:188} INFO - [2026-06-18T17:28:32.144+0000] {dag.py:3036} INFO - Sync 1 DAGs
[2026-06-18T17:28:32.193+0000] {logging_mixin.py:188} INFO - [2026-06-18T17:28:32.193+0000] {dag.py:3823} INFO - Setting next_dagrun for example_bash_operator to 2026-06-17 00:00:00+00:00, run_after=2026-06-18 00:00:00+00:00
[2026-06-18T17:28:32.227+0000] {processor.py:183} INFO - Processing /home/airflow/.local/lib/python3.8/site-packages/airflow/example_dags/example_bash_operator.py took 0.165 seconds
[2026-06-18T17:29:02.276+0000] {processor.py:161} INFO - Started process (PID=5140) to work on /home/airflow/.local/lib/python3.8/site-packages/airflow/example_dags/example_bash_operator.py
[2026-06-18T17:29:02.278+0000] {processor.py:830} INFO - Processing file /home/airflow/.local/lib/python3.8/site-packages/airflow/example_dags/example_bash_operator.py for tasks to queue
[2026-06-18T17:29:02.281+0000] {logging_mixin.py:188} INFO - [2026-06-18T17:29:02.280+0000] {dagbag.py:538} INFO - Filling up the DagBag from /home/airflow/.local/lib/python3.8/site-packages/airflow/example_dags/example_bash_operator.py
[2026-06-18T17:29:02.302+0000] {processor.py:840} INFO - DAG(s) 'example_bash_operator' retrieved from /home/airflow/.local/lib/python3.8/site-packages/airflow/example_dags/example_bash_operator.py
[2026-06-18T17:29:02.357+0000] {logging_mixin.py:188} INFO - [2026-06-18T17:29:02.357+0000] {dag.py:3036} INFO - Sync 1 DAGs
[2026-06-18T17:29:02.399+0000] {logging_mixin.py:188} INFO - [2026-06-18T17:29:02.398+0000] {dag.py:3823} INFO - Setting next_dagrun for example_bash_operator to 2026-06-17 00:00:00+00:00, run_after=2026-06-18 00:00:00+00:00
[2026-06-18T17:29:02.429+0000] {processor.py:183} INFO - Processing /home/airflow/.local/lib/python3.8/site-packages/airflow/example_dags/example_bash_operator.py took 0.158 seconds
[2026-06-18T17:29:32.734+0000] {processor.py:161} INFO - Started process (PID=5204) to work on /home/airflow/.local/lib/python3.8/site-packages/airflow/example_dags/example_bash_operator.py
[2026-06-18T17:29:32.735+0000] {processor.py:830} INFO - Processing file /home/airflow/.local/lib/python3.8/site-packages/airflow/example_dags/example_bash_operator.py for tasks to queue
[2026-06-18T17:29:32.738+0000] {logging_mixin.py:188} INFO - [2026-06-18T17:29:32.737+0000] {dagbag.py:538} INFO - Filling up the DagBag from /home/airflow/.local/lib/python3.8/site-packages/airflow/example_dags/example_bash_operator.py
[2026-06-18T17:29:32.758+0000] {processor.py:840} INFO - DAG(s) 'example_bash_operator' retrieved from /home/airflow/.local/lib/python3.8/site-packages/airflow/example_dags/example_bash_operator.py
[2026-06-18T17:29:32.816+0000] {logging_mixin.py:188} INFO - [2026-06-18T17:29:32.816+0000] {dag.py:3036} INFO - Sync 1 DAGs
[2026-06-18T17:29:32.860+0000] {logging_mixin.py:188} INFO - [2026-06-18T17:29:32.859+0000] {dag.py:3823} INFO - Setting next_dagrun for example_bash_operator to 2026-06-17 00:00:00+00:00, run_after=2026-06-18 00:00:00+00:00
[2026-06-18T17:29:32.891+0000] {processor.py:183} INFO - Processing /home/airflow/.local/lib/python3.8/site-packages/airflow/example_dags/example_bash_operator.py took 0.163 seconds
[2026-06-18T17:30:03.242+0000] {processor.py:161} INFO - Started process (PID=5268) to work on /home/airflow/.local/lib/python3.8/site-packages/airflow/example_dags/example_bash_operator.py
[2026-06-18T17:30:03.244+0000] {processor.py:830} INFO - Processing file /home/airflow/.local/lib/python3.8/site-packages/airflow/example_dags/example_bash_operator.py for tasks to queue
[2026-06-18T17:30:03.247+0000] {logging_mixin.py:188} INFO - [2026-06-18T17:30:03.246+0000] {dagbag.py:538} INFO - Filling up the DagBag from /home/airflow/.local/lib/python3.8/site-packages/airflow/example_dags/example_bash_operator.py
[2026-06-18T17:30:03.271+0000] {processor.py:840} INFO - DAG(s) 'example_bash_operator' retrieved from /home/airflow/.local/lib/python3.8/site-packages/airflow/example_dags/example_bash_operator.py
[2026-06-18T17:30:03.336+0000] {logging_mixin.py:188} INFO - [2026-06-18T17:30:03.336+0000] {dag.py:3036} INFO - Sync 1 DAGs
[2026-06-18T17:30:03.384+0000] {logging_mixin.py:188} INFO - [2026-06-18T17:30:03.384+0000] {dag.py:3823} INFO - Setting next_dagrun for example_bash_operator to 2026-06-17 00:00:00+00:00, run_after=2026-06-18 00:00:00+00:00
[2026-06-18T17:30:03.419+0000] {processor.py:183} INFO - Processing /home/airflow/.local/lib/python3.8/site-packages/airflow/example_dags/example_bash_operator.py took 0.183 seconds
[2026-06-18T17:30:34.082+0000] {processor.py:161} INFO - Started process (PID=5334) to work on /home/airflow/.local/lib/python3.8/site-packages/airflow/example_dags/example_bash_operator.py
[2026-06-18T17:30:34.083+0000] {processor.py:830} INFO - Processing file /home/airflow/.local/lib/python3.8/site-packages/airflow/example_dags/example_bash_operator.py for tasks to queue
[2026-06-18T17:30:34.087+0000] {logging_mixin.py:188} INFO - [2026-06-18T17:30:34.086+0000] {dagbag.py:538} INFO - Filling up the DagBag from /home/airflow/.local/lib/python3.8/site-packages/airflow/example_dags/example_bash_operator.py
[2026-06-18T17:30:34.110+0000] {processor.py:840} INFO - DAG(s) 'example_bash_operator' retrieved from /home/airflow/.local/lib/python3.8/site-packages/airflow/example_dags/example_bash_operator.py
[2026-06-18T17:30:34.173+0000] {logging_mixin.py:188} INFO - [2026-06-18T17:30:34.173+0000] {dag.py:3036} INFO - Sync 1 DAGs
[2026-06-18T17:30:34.221+0000] {logging_mixin.py:188} INFO - [2026-06-18T17:30:34.221+0000] {dag.py:3823} INFO - Setting next_dagrun for example_bash_operator to 2026-06-17 00:00:00+00:00, run_after=2026-06-18 00:00:00+00:00
[2026-06-18T17:30:34.260+0000] {processor.py:183} INFO - Processing /home/airflow/.local/lib/python3.8/site-packages/airflow/example_dags/example_bash_operator.py took 0.186 seconds
[2026-06-18T17:31:04.535+0000] {processor.py:161} INFO - Started process (PID=5400) to work on /home/airflow/.local/lib/python3.8/site-packages/airflow/example_dags/example_bash_operator.py
[2026-06-18T17:31:04.537+0000] {processor.py:830} INFO - Processing file /home/airflow/.local/lib/python3.8/site-packages/airflow/example_dags/example_bash_operator.py for tasks to queue
[2026-06-18T17:31:04.539+0000] {logging_mixin.py:188} INFO - [2026-06-18T17:31:04.539+0000] {dagbag.py:538} INFO - Filling up the DagBag from /home/airflow/.local/lib/python3.8/site-packages/airflow/example_dags/example_bash_operator.py
[2026-06-18T17:31:04.558+0000] {processor.py:840} INFO - DAG(s) 'example_bash_operator' retrieved from /home/airflow/.local/lib/python3.8/site-packages/airflow/example_dags/example_bash_operator.py
[2026-06-18T17:31:04.617+0000] {logging_mixin.py:188} INFO - [2026-06-18T17:31:04.617+0000] {dag.py:3036} INFO - Sync 1 DAGs
[2026-06-18T17:31:04.656+0000] {logging_mixin.py:188} INFO - [2026-06-18T17:31:04.656+0000] {dag.py:3823} INFO - Setting next_dagrun for example_bash_operator to 2026-06-17 00:00:00+00:00, run_after=2026-06-18 00:00:00+00:00
[2026-06-18T17:31:04.688+0000] {processor.py:183} INFO - Processing /home/airflow/.local/lib/python3.8/site-packages/airflow/example_dags/example_bash_operator.py took 0.159 seconds
[2026-06-18T17:31:34.840+0000] {processor.py:161} INFO - Started process (PID=5465) to work on /home/airflow/.local/lib/python3.8/site-packages/airflow/example_dags/example_bash_operator.py
[2026-06-18T17:31:34.841+0000] {processor.py:830} INFO - Processing file /home/airflow/.local/lib/python3.8/site-packages/airflow/example_dags/example_bash_operator.py for tasks to queue
[2026-06-18T17:31:34.843+0000] {logging_mixin.py:188} INFO - [2026-06-18T17:31:34.843+0000] {dagbag.py:538} INFO - Filling up the DagBag from /home/airflow/.local/lib/python3.8/site-packages/airflow/example_dags/example_bash_operator.py
[2026-06-18T17:31:34.862+0000] {processor.py:840} INFO - DAG(s) 'example_bash_operator' retrieved from /home/airflow/.local/lib/python3.8/site-packages/airflow/example_dags/example_bash_operator.py
[2026-06-18T17:31:34.924+0000] {logging_mixin.py:188} INFO - [2026-06-18T17:31:34.923+0000] {dag.py:3036} INFO - Sync 1 DAGs
[2026-06-18T17:31:34.972+0000] {logging_mixin.py:188} INFO - [2026-06-18T17:31:34.971+0000] {dag.py:3823} INFO - Setting next_dagrun for example_bash_operator to 2026-06-17 00:00:00+00:00, run_after=2026-06-18 00:00:00+00:00
[2026-06-18T17:31:35.004+0000] {processor.py:183} INFO - Processing /home/airflow/.local/lib/python3.8/site-packages/airflow/example_dags/example_bash_operator.py took 0.169 seconds
[2026-06-18T17:32:05.455+0000] {processor.py:161} INFO - Started process (PID=5531) to work on /home/airflow/.local/lib/python3.8/site-packages/airflow/example_dags/example_bash_operator.py
[2026-06-18T17:32:05.457+0000] {processor.py:830} INFO - Processing file /home/airflow/.local/lib/python3.8/site-packages/airflow/example_dags/example_bash_operator.py for tasks to queue
[2026-06-18T17:32:05.460+0000] {logging_mixin.py:188} INFO - [2026-06-18T17:32:05.459+0000] {dagbag.py:538} INFO - Filling up the DagBag from /home/airflow/.local/lib/python3.8/site-packages/airflow/example_dags/example_bash_operator.py
[2026-06-18T17:32:05.479+0000] {processor.py:840} INFO - DAG(s) 'example_bash_operator' retrieved from /home/airflow/.local/lib/python3.8/site-packages/airflow/example_dags/example_bash_operator.py
[2026-06-18T17:32:05.533+0000] {logging_mixin.py:188} INFO - [2026-06-18T17:32:05.533+0000] {dag.py:3036} INFO - Sync 1 DAGs
[2026-06-18T17:32:05.572+0000] {logging_mixin.py:188} INFO - [2026-06-18T17:32:05.571+0000] {dag.py:3823} INFO - Setting next_dagrun for example_bash_operator to 2026-06-17 00:00:00+00:00, run_after=2026-06-18 00:00:00+00:00
[2026-06-18T17:32:05.605+0000] {processor.py:183} INFO - Processing /home/airflow/.local/lib/python3.8/site-packages/airflow/example_dags/example_bash_operator.py took 0.155 seconds
[2026-06-18T17:32:35.763+0000] {processor.py:161} INFO - Started process (PID=5597) to work on /home/airflow/.local/lib/python3.8/site-packages/airflow/example_dags/example_bash_operator.py
[2026-06-18T17:32:35.764+0000] {processor.py:830} INFO - Processing file /home/airflow/.local/lib/python3.8/site-packages/airflow/example_dags/example_bash_operator.py for tasks to queue
[2026-06-18T17:32:35.766+0000] {logging_mixin.py:188} INFO - [2026-06-18T17:32:35.766+0000] {dagbag.py:538} INFO - Filling up the DagBag from /home/airflow/.local/lib/python3.8/site-packages/airflow/example_dags/example_bash_operator.py
[2026-06-18T17:32:35.786+0000] {processor.py:840} INFO - DAG(s) 'example_bash_operator' retrieved from /home/airflow/.local/lib/python3.8/site-packages/airflow/example_dags/example_bash_operator.py
[2026-06-18T17:32:35.851+0000] {logging_mixin.py:188} INFO - [2026-06-18T17:32:35.850+0000] {dag.py:3036} INFO - Sync 1 DAGs
[2026-06-18T17:32:35.899+0000] {logging_mixin.py:188} INFO - [2026-06-18T17:32:35.898+0000] {dag.py:3823} INFO - Setting next_dagrun for example_bash_operator to 2026-06-17 00:00:00+00:00, run_after=2026-06-18 00:00:00+00:00
[2026-06-18T17:32:35.942+0000] {processor.py:183} INFO - Processing /home/airflow/.local/lib/python3.8/site-packages/airflow/example_dags/example_bash_operator.py took 0.184 seconds
[2026-06-18T17:33:06.318+0000] {processor.py:161} INFO - Started process (PID=5670) to work on /home/airflow/.local/lib/python3.8/site-packages/airflow/example_dags/example_bash_operator.py
[2026-06-18T17:33:06.321+0000] {processor.py:830} INFO - Processing file /home/airflow/.local/lib/python3.8/site-packages/airflow/example_dags/example_bash_operator.py for tasks to queue
[2026-06-18T17:33:06.324+0000] {logging_mixin.py:188} INFO - [2026-06-18T17:33:06.323+0000] {dagbag.py:538} INFO - Filling up the DagBag from /home/airflow/.local/lib/python3.8/site-packages/airflow/example_dags/example_bash_operator.py
[2026-06-18T17:33:06.345+0000] {processor.py:840} INFO - DAG(s) 'example_bash_operator' retrieved from /home/airflow/.local/lib/python3.8/site-packages/airflow/example_dags/example_bash_operator.py
[2026-06-18T17:33:06.404+0000] {logging_mixin.py:188} INFO - [2026-06-18T17:33:06.403+0000] {dag.py:3036} INFO - Sync 1 DAGs
[2026-06-18T17:33:06.451+0000] {logging_mixin.py:188} INFO - [2026-06-18T17:33:06.450+0000] {dag.py:3823} INFO - Setting next_dagrun for example_bash_operator to 2026-06-17 00:00:00+00:00, run_after=2026-06-18 00:00:00+00:00
[2026-06-18T17:33:06.488+0000] {processor.py:183} INFO - Processing /home/airflow/.local/lib/python3.8/site-packages/airflow/example_dags/example_bash_operator.py took 0.175 seconds
[2026-06-18T17:33:36.868+0000] {processor.py:161} INFO - Started process (PID=5736) to work on /home/airflow/.local/lib/python3.8/site-packages/airflow/example_dags/example_bash_operator.py
[2026-06-18T17:33:36.871+0000] {processor.py:830} INFO - Processing file /home/airflow/.local/lib/python3.8/site-packages/airflow/example_dags/example_bash_operator.py for tasks to queue
[2026-06-18T17:33:36.874+0000] {logging_mixin.py:188} INFO - [2026-06-18T17:33:36.874+0000] {dagbag.py:538} INFO - Filling up the DagBag from /home/airflow/.local/lib/python3.8/site-packages/airflow/example_dags/example_bash_operator.py
[2026-06-18T17:33:36.901+0000] {processor.py:840} INFO - DAG(s) 'example_bash_operator' retrieved from /home/airflow/.local/lib/python3.8/site-packages/airflow/example_dags/example_bash_operator.py
[2026-06-18T17:33:36.974+0000] {logging_mixin.py:188} INFO - [2026-06-18T17:33:36.973+0000] {dag.py:3036} INFO - Sync 1 DAGs
[2026-06-18T17:33:37.027+0000] {logging_mixin.py:188} INFO - [2026-06-18T17:33:37.027+0000] {dag.py:3823} INFO - Setting next_dagrun for example_bash_operator to 2026-06-17 00:00:00+00:00, run_after=2026-06-18 00:00:00+00:00
[2026-06-18T17:33:37.064+0000] {processor.py:183} INFO - Processing /home/airflow/.local/lib/python3.8/site-packages/airflow/example_dags/example_bash_operator.py took 0.202 seconds
[2026-06-18T17:34:07.306+0000] {processor.py:161} INFO - Started process (PID=5803) to work on /home/airflow/.local/lib/python3.8/site-packages/airflow/example_dags/example_bash_operator.py
[2026-06-18T17:34:07.308+0000] {processor.py:830} INFO - Processing file /home/airflow/.local/lib/python3.8/site-packages/airflow/example_dags/example_bash_operator.py for tasks to queue
[2026-06-18T17:34:07.311+0000] {logging_mixin.py:188} INFO - [2026-06-18T17:34:07.310+0000] {dagbag.py:538} INFO - Filling up the DagBag from /home/airflow/.local/lib/python3.8/site-packages/airflow/example_dags/example_bash_operator.py
[2026-06-18T17:34:07.334+0000] {processor.py:840} INFO - DAG(s) 'example_bash_operator' retrieved from /home/airflow/.local/lib/python3.8/site-packages/airflow/example_dags/example_bash_operator.py
[2026-06-18T17:34:07.407+0000] {logging_mixin.py:188} INFO - [2026-06-18T17:34:07.407+0000] {dag.py:3036} INFO - Sync 1 DAGs
[2026-06-18T17:34:07.455+0000] {logging_mixin.py:188} INFO - [2026-06-18T17:34:07.454+0000] {dag.py:3823} INFO - Setting next_dagrun for example_bash_operator to 2026-06-17 00:00:00+00:00, run_after=2026-06-18 00:00:00+00:00
[2026-06-18T17:34:07.488+0000] {processor.py:183} INFO - Processing /home/airflow/.local/lib/python3.8/site-packages/airflow/example_dags/example_bash_operator.py took 0.188 seconds
[2026-06-18T17:34:37.960+0000] {processor.py:161} INFO - Started process (PID=5868) to work on /home/airflow/.local/lib/python3.8/site-packages/airflow/example_dags/example_bash_operator.py
[2026-06-18T17:34:37.963+0000] {processor.py:830} INFO - Processing file /home/airflow/.local/lib/python3.8/site-packages/airflow/example_dags/example_bash_operator.py for tasks to queue
[2026-06-18T17:34:37.966+0000] {logging_mixin.py:188} INFO - [2026-06-18T17:34:37.965+0000] {dagbag.py:538} INFO - Filling up the DagBag from /home/airflow/.local/lib/python3.8/site-packages/airflow/example_dags/example_bash_operator.py
[2026-06-18T17:34:37.989+0000] {processor.py:840} INFO - DAG(s) 'example_bash_operator' retrieved from /home/airflow/.local/lib/python3.8/site-packages/airflow/example_dags/example_bash_operator.py
[2026-06-18T17:34:38.059+0000] {logging_mixin.py:188} INFO - [2026-06-18T17:34:38.058+0000] {dag.py:3036} INFO - Sync 1 DAGs
[2026-06-18T17:34:38.111+0000] {logging_mixin.py:188} INFO - [2026-06-18T17:34:38.110+0000] {dag.py:3823} INFO - Setting next_dagrun for example_bash_operator to 2026-06-17 00:00:00+00:00, run_after=2026-06-18 00:00:00+00:00
[2026-06-18T17:34:38.159+0000] {processor.py:183} INFO - Processing /home/airflow/.local/lib/python3.8/site-packages/airflow/example_dags/example_bash_operator.py took 0.205 seconds
[2026-06-18T17:35:08.650+0000] {processor.py:161} INFO - Started process (PID=5934) to work on /home/airflow/.local/lib/python3.8/site-packages/airflow/example_dags/example_bash_operator.py
[2026-06-18T17:35:08.651+0000] {processor.py:830} INFO - Processing file /home/airflow/.local/lib/python3.8/site-packages/airflow/example_dags/example_bash_operator.py for tasks to queue
[2026-06-18T17:35:08.653+0000] {logging_mixin.py:188} INFO - [2026-06-18T17:35:08.653+0000] {dagbag.py:538} INFO - Filling up the DagBag from /home/airflow/.local/lib/python3.8/site-packages/airflow/example_dags/example_bash_operator.py
[2026-06-18T17:35:08.677+0000] {processor.py:840} INFO - DAG(s) 'example_bash_operator' retrieved from /home/airflow/.local/lib/python3.8/site-packages/airflow/example_dags/example_bash_operator.py
[2026-06-18T17:35:08.738+0000] {logging_mixin.py:188} INFO - [2026-06-18T17:35:08.737+0000] {dag.py:3036} INFO - Sync 1 DAGs
[2026-06-18T17:35:08.784+0000] {logging_mixin.py:188} INFO - [2026-06-18T17:35:08.783+0000] {dag.py:3823} INFO - Setting next_dagrun for example_bash_operator to 2026-06-17 00:00:00+00:00, run_after=2026-06-18 00:00:00+00:00
[2026-06-18T17:35:08.817+0000] {processor.py:183} INFO - Processing /home/airflow/.local/lib/python3.8/site-packages/airflow/example_dags/example_bash_operator.py took 0.172 seconds
[2026-06-18T17:35:38.969+0000] {processor.py:161} INFO - Started process (PID=5999) to work on /home/airflow/.local/lib/python3.8/site-packages/airflow/example_dags/example_bash_operator.py
[2026-06-18T17:35:38.972+0000] {processor.py:830} INFO - Processing file /home/airflow/.local/lib/python3.8/site-packages/airflow/example_dags/example_bash_operator.py for tasks to queue
[2026-06-18T17:35:38.976+0000] {logging_mixin.py:188} INFO - [2026-06-18T17:35:38.976+0000] {dagbag.py:538} INFO - Filling up the DagBag from /home/airflow/.local/lib/python3.8/site-packages/airflow/example_dags/example_bash_operator.py
[2026-06-18T17:35:39.014+0000] {processor.py:840} INFO - DAG(s) 'example_bash_operator' retrieved from /home/airflow/.local/lib/python3.8/site-packages/airflow/example_dags/example_bash_operator.py
[2026-06-18T17:35:39.122+0000] {logging_mixin.py:188} INFO - [2026-06-18T17:35:39.122+0000] {dag.py:3036} INFO - Sync 1 DAGs
[2026-06-18T17:35:39.175+0000] {logging_mixin.py:188} INFO - [2026-06-18T17:35:39.174+0000] {dag.py:3823} INFO - Setting next_dagrun for example_bash_operator to 2026-06-17 00:00:00+00:00, run_after=2026-06-18 00:00:00+00:00
[2026-06-18T17:35:39.222+0000] {processor.py:183} INFO - Processing /home/airflow/.local/lib/python3.8/site-packages/airflow/example_dags/example_bash_operator.py took 0.260 seconds
[2026-06-18T17:36:09.320+0000] {processor.py:161} INFO - Started process (PID=6066) to work on /home/airflow/.local/lib/python3.8/site-packages/airflow/example_dags/example_bash_operator.py
[2026-06-18T17:36:09.322+0000] {processor.py:830} INFO - Processing file /home/airflow/.local/lib/python3.8/site-packages/airflow/example_dags/example_bash_operator.py for tasks to queue
[2026-06-18T17:36:09.324+0000] {logging_mixin.py:188} INFO - [2026-06-18T17:36:09.324+0000] {dagbag.py:538} INFO - Filling up the DagBag from /home/airflow/.local/lib/python3.8/site-packages/airflow/example_dags/example_bash_operator.py
[2026-06-18T17:36:09.344+0000] {processor.py:840} INFO - DAG(s) 'example_bash_operator' retrieved from /home/airflow/.local/lib/python3.8/site-packages/airflow/example_dags/example_bash_operator.py
[2026-06-18T17:36:09.400+0000] {logging_mixin.py:188} INFO - [2026-06-18T17:36:09.400+0000] {dag.py:3036} INFO - Sync 1 DAGs
[2026-06-18T17:36:09.444+0000] {logging_mixin.py:188} INFO - [2026-06-18T17:36:09.444+0000] {dag.py:3823} INFO - Setting next_dagrun for example_bash_operator to 2026-06-17 00:00:00+00:00, run_after=2026-06-18 00:00:00+00:00
[2026-06-18T17:36:09.477+0000] {processor.py:183} INFO - Processing /home/airflow/.local/lib/python3.8/site-packages/airflow/example_dags/example_bash_operator.py took 0.163 seconds
[2026-06-18T17:36:39.619+0000] {processor.py:161} INFO - Started process (PID=6131) to work on /home/airflow/.local/lib/python3.8/site-packages/airflow/example_dags/example_bash_operator.py
[2026-06-18T17:36:39.621+0000] {processor.py:830} INFO - Processing file /home/airflow/.local/lib/python3.8/site-packages/airflow/example_dags/example_bash_operator.py for tasks to queue
[2026-06-18T17:36:39.624+0000] {logging_mixin.py:188} INFO - [2026-06-18T17:36:39.623+0000] {dagbag.py:538} INFO - Filling up the DagBag from /home/airflow/.local/lib/python3.8/site-packages/airflow/example_dags/example_bash_operator.py
[2026-06-18T17:36:39.644+0000] {processor.py:840} INFO - DAG(s) 'example_bash_operator' retrieved from /home/airflow/.local/lib/python3.8/site-packages/airflow/example_dags/example_bash_operator.py
[2026-06-18T17:36:39.709+0000] {logging_mixin.py:188} INFO - [2026-06-18T17:36:39.708+0000] {dag.py:3036} INFO - Sync 1 DAGs
[2026-06-18T17:36:39.752+0000] {logging_mixin.py:188} INFO - [2026-06-18T17:36:39.751+0000] {dag.py:3823} INFO - Setting next_dagrun for example_bash_operator to 2026-06-17 00:00:00+00:00, run_after=2026-06-18 00:00:00+00:00
[2026-06-18T17:36:39.788+0000] {processor.py:183} INFO - Processing /home/airflow/.local/lib/python3.8/site-packages/airflow/example_dags/example_bash_operator.py took 0.175 seconds
[2026-06-18T17:37:09.908+0000] {processor.py:161} INFO - Started process (PID=6197) to work on /home/airflow/.local/lib/python3.8/site-packages/airflow/example_dags/example_bash_operator.py
[2026-06-18T17:37:09.910+0000] {processor.py:830} INFO - Processing file /home/airflow/.local/lib/python3.8/site-packages/airflow/example_dags/example_bash_operator.py for tasks to queue
[2026-06-18T17:37:09.913+0000] {logging_mixin.py:188} INFO - [2026-06-18T17:37:09.912+0000] {dagbag.py:538} INFO - Filling up the DagBag from /home/airflow/.local/lib/python3.8/site-packages/airflow/example_dags/example_bash_operator.py
[2026-06-18T17:37:09.933+0000] {processor.py:840} INFO - DAG(s) 'example_bash_operator' retrieved from /home/airflow/.local/lib/python3.8/site-packages/airflow/example_dags/example_bash_operator.py
[2026-06-18T17:37:10.000+0000] {logging_mixin.py:188} INFO - [2026-06-18T17:37:09.999+0000] {dag.py:3036} INFO - Sync 1 DAGs
[2026-06-18T17:37:10.049+0000] {logging_mixin.py:188} INFO - [2026-06-18T17:37:10.049+0000] {dag.py:3823} INFO - Setting next_dagrun for example_bash_operator to 2026-06-17 00:00:00+00:00, run_after=2026-06-18 00:00:00+00:00
[2026-06-18T17:37:10.086+0000] {processor.py:183} INFO - Processing /home/airflow/.local/lib/python3.8/site-packages/airflow/example_dags/example_bash_operator.py took 0.183 seconds
[2026-06-18T17:37:40.771+0000] {processor.py:161} INFO - Started process (PID=6261) to work on /home/airflow/.local/lib/python3.8/site-packages/airflow/example_dags/example_bash_operator.py
[2026-06-18T17:37:40.773+0000] {processor.py:830} INFO - Processing file /home/airflow/.local/lib/python3.8/site-packages/airflow/example_dags/example_bash_operator.py for tasks to queue
[2026-06-18T17:37:40.776+0000] {logging_mixin.py:188} INFO - [2026-06-18T17:37:40.776+0000] {dagbag.py:538} INFO - Filling up the DagBag from /home/airflow/.local/lib/python3.8/site-packages/airflow/example_dags/example_bash_operator.py
[2026-06-18T17:37:40.796+0000] {processor.py:840} INFO - DAG(s) 'example_bash_operator' retrieved from /home/airflow/.local/lib/python3.8/site-packages/airflow/example_dags/example_bash_operator.py
[2026-06-18T17:37:40.861+0000] {logging_mixin.py:188} INFO - [2026-06-18T17:37:40.860+0000] {dag.py:3036} INFO - Sync 1 DAGs
[2026-06-18T17:37:40.908+0000] {logging_mixin.py:188} INFO - [2026-06-18T17:37:40.907+0000] {dag.py:3823} INFO - Setting next_dagrun for example_bash_operator to 2026-06-17 00:00:00+00:00, run_after=2026-06-18 00:00:00+00:00
[2026-06-18T17:37:40.949+0000] {processor.py:183} INFO - Processing /home/airflow/.local/lib/python3.8/site-packages/airflow/example_dags/example_bash_operator.py took 0.183 seconds
[2026-06-18T17:38:11.120+0000] {processor.py:161} INFO - Started process (PID=6326) to work on /home/airflow/.local/lib/python3.8/site-packages/airflow/example_dags/example_bash_operator.py
[2026-06-18T17:38:11.122+0000] {processor.py:830} INFO - Processing file /home/airflow/.local/lib/python3.8/site-packages/airflow/example_dags/example_bash_operator.py for tasks to queue
[2026-06-18T17:38:11.125+0000] {logging_mixin.py:188} INFO - [2026-06-18T17:38:11.125+0000] {dagbag.py:538} INFO - Filling up the DagBag from /home/airflow/.local/lib/python3.8/site-packages/airflow/example_dags/example_bash_operator.py
[2026-06-18T17:38:11.145+0000] {processor.py:840} INFO - DAG(s) 'example_bash_operator' retrieved from /home/airflow/.local/lib/python3.8/site-packages/airflow/example_dags/example_bash_operator.py
[2026-06-18T17:38:11.212+0000] {logging_mixin.py:188} INFO - [2026-06-18T17:38:11.211+0000] {dag.py:3036} INFO - Sync 1 DAGs
[2026-06-18T17:38:11.257+0000] {logging_mixin.py:188} INFO - [2026-06-18T17:38:11.256+0000] {dag.py:3823} INFO - Setting next_dagrun for example_bash_operator to 2026-06-17 00:00:00+00:00, run_after=2026-06-18 00:00:00+00:00
[2026-06-18T17:38:11.292+0000] {processor.py:183} INFO - Processing /home/airflow/.local/lib/python3.8/site-packages/airflow/example_dags/example_bash_operator.py took 0.178 seconds
[2026-06-18T17:38:41.447+0000] {processor.py:161} INFO - Started process (PID=6392) to work on /home/airflow/.local/lib/python3.8/site-packages/airflow/example_dags/example_bash_operator.py
[2026-06-18T17:38:41.449+0000] {processor.py:830} INFO - Processing file /home/airflow/.local/lib/python3.8/site-packages/airflow/example_dags/example_bash_operator.py for tasks to queue
[2026-06-18T17:38:41.451+0000] {logging_mixin.py:188} INFO - [2026-06-18T17:38:41.451+0000] {dagbag.py:538} INFO - Filling up the DagBag from /home/airflow/.local/lib/python3.8/site-packages/airflow/example_dags/example_bash_operator.py
[2026-06-18T17:38:41.471+0000] {processor.py:840} INFO - DAG(s) 'example_bash_operator' retrieved from /home/airflow/.local/lib/python3.8/site-packages/airflow/example_dags/example_bash_operator.py
[2026-06-18T17:38:41.537+0000] {logging_mixin.py:188} INFO - [2026-06-18T17:38:41.537+0000] {dag.py:3036} INFO - Sync 1 DAGs
[2026-06-18T17:38:41.587+0000] {logging_mixin.py:188} INFO - [2026-06-18T17:38:41.587+0000] {dag.py:3823} INFO - Setting next_dagrun for example_bash_operator to 2026-06-17 00:00:00+00:00, run_after=2026-06-18 00:00:00+00:00
[2026-06-18T17:38:41.622+0000] {processor.py:183} INFO - Processing /home/airflow/.local/lib/python3.8/site-packages/airflow/example_dags/example_bash_operator.py took 0.181 seconds
[2026-06-18T17:39:12.171+0000] {processor.py:161} INFO - Started process (PID=6458) to work on /home/airflow/.local/lib/python3.8/site-packages/airflow/example_dags/example_bash_operator.py
[2026-06-18T17:39:12.173+0000] {processor.py:830} INFO - Processing file /home/airflow/.local/lib/python3.8/site-packages/airflow/example_dags/example_bash_operator.py for tasks to queue
[2026-06-18T17:39:12.176+0000] {logging_mixin.py:188} INFO - [2026-06-18T17:39:12.175+0000] {dagbag.py:538} INFO - Filling up the DagBag from /home/airflow/.local/lib/python3.8/site-packages/airflow/example_dags/example_bash_operator.py
[2026-06-18T17:39:12.197+0000] {processor.py:840} INFO - DAG(s) 'example_bash_operator' retrieved from /home/airflow/.local/lib/python3.8/site-packages/airflow/example_dags/example_bash_operator.py
[2026-06-18T17:39:12.257+0000] {logging_mixin.py:188} INFO - [2026-06-18T17:39:12.257+0000] {dag.py:3036} INFO - Sync 1 DAGs
[2026-06-18T17:39:12.299+0000] {logging_mixin.py:188} INFO - [2026-06-18T17:39:12.299+0000] {dag.py:3823} INFO - Setting next_dagrun for example_bash_operator to 2026-06-17 00:00:00+00:00, run_after=2026-06-18 00:00:00+00:00
[2026-06-18T17:39:12.333+0000] {processor.py:183} INFO - Processing /home/airflow/.local/lib/python3.8/site-packages/airflow/example_dags/example_bash_operator.py took 0.167 seconds
[2026-06-18T17:39:42.902+0000] {processor.py:161} INFO - Started process (PID=6531) to work on /home/airflow/.local/lib/python3.8/site-packages/airflow/example_dags/example_bash_operator.py
[2026-06-18T17:39:42.903+0000] {processor.py:830} INFO - Processing file /home/airflow/.local/lib/python3.8/site-packages/airflow/example_dags/example_bash_operator.py for tasks to queue
[2026-06-18T17:39:42.906+0000] {logging_mixin.py:188} INFO - [2026-06-18T17:39:42.905+0000] {dagbag.py:538} INFO - Filling up the DagBag from /home/airflow/.local/lib/python3.8/site-packages/airflow/example_dags/example_bash_operator.py
[2026-06-18T17:39:42.931+0000] {processor.py:840} INFO - DAG(s) 'example_bash_operator' retrieved from /home/airflow/.local/lib/python3.8/site-packages/airflow/example_dags/example_bash_operator.py
[2026-06-18T17:39:43.003+0000] {logging_mixin.py:188} INFO - [2026-06-18T17:39:43.003+0000] {dag.py:3036} INFO - Sync 1 DAGs
[2026-06-18T17:39:43.052+0000] {logging_mixin.py:188} INFO - [2026-06-18T17:39:43.052+0000] {dag.py:3823} INFO - Setting next_dagrun for example_bash_operator to 2026-06-17 00:00:00+00:00, run_after=2026-06-18 00:00:00+00:00
[2026-06-18T17:39:43.088+0000] {processor.py:183} INFO - Processing /home/airflow/.local/lib/python3.8/site-packages/airflow/example_dags/example_bash_operator.py took 0.193 seconds
[2026-06-18T17:40:13.579+0000] {processor.py:161} INFO - Started process (PID=6598) to work on /home/airflow/.local/lib/python3.8/site-packages/airflow/example_dags/example_bash_operator.py
[2026-06-18T17:40:13.582+0000] {processor.py:830} INFO - Processing file /home/airflow/.local/lib/python3.8/site-packages/airflow/example_dags/example_bash_operator.py for tasks to queue
[2026-06-18T17:40:13.585+0000] {logging_mixin.py:188} INFO - [2026-06-18T17:40:13.585+0000] {dagbag.py:538} INFO - Filling up the DagBag from /home/airflow/.local/lib/python3.8/site-packages/airflow/example_dags/example_bash_operator.py
[2026-06-18T17:40:13.608+0000] {processor.py:840} INFO - DAG(s) 'example_bash_operator' retrieved from /home/airflow/.local/lib/python3.8/site-packages/airflow/example_dags/example_bash_operator.py
[2026-06-18T17:40:13.675+0000] {logging_mixin.py:188} INFO - [2026-06-18T17:40:13.675+0000] {dag.py:3036} INFO - Sync 1 DAGs
[2026-06-18T17:40:13.725+0000] {logging_mixin.py:188} INFO - [2026-06-18T17:40:13.724+0000] {dag.py:3823} INFO - Setting next_dagrun for example_bash_operator to 2026-06-17 00:00:00+00:00, run_after=2026-06-18 00:00:00+00:00
[2026-06-18T17:40:13.768+0000] {processor.py:183} INFO - Processing /home/airflow/.local/lib/python3.8/site-packages/airflow/example_dags/example_bash_operator.py took 0.194 seconds
[2026-06-18T17:40:44.116+0000] {processor.py:161} INFO - Started process (PID=6664) to work on /home/airflow/.local/lib/python3.8/site-packages/airflow/example_dags/example_bash_operator.py
[2026-06-18T17:40:44.119+0000] {processor.py:830} INFO - Processing file /home/airflow/.local/lib/python3.8/site-packages/airflow/example_dags/example_bash_operator.py for tasks to queue
[2026-06-18T17:40:44.122+0000] {logging_mixin.py:188} INFO - [2026-06-18T17:40:44.121+0000] {dagbag.py:538} INFO - Filling up the DagBag from /home/airflow/.local/lib/python3.8/site-packages/airflow/example_dags/example_bash_operator.py
[2026-06-18T17:40:44.144+0000] {processor.py:840} INFO - DAG(s) 'example_bash_operator' retrieved from /home/airflow/.local/lib/python3.8/site-packages/airflow/example_dags/example_bash_operator.py
[2026-06-18T17:40:44.213+0000] {logging_mixin.py:188} INFO - [2026-06-18T17:40:44.212+0000] {dag.py:3036} INFO - Sync 1 DAGs
[2026-06-18T17:40:44.261+0000] {logging_mixin.py:188} INFO - [2026-06-18T17:40:44.260+0000] {dag.py:3823} INFO - Setting next_dagrun for example_bash_operator to 2026-06-17 00:00:00+00:00, run_after=2026-06-18 00:00:00+00:00
[2026-06-18T17:40:44.303+0000] {processor.py:183} INFO - Processing /home/airflow/.local/lib/python3.8/site-packages/airflow/example_dags/example_bash_operator.py took 0.192 seconds
[2026-06-18T17:41:14.356+0000] {processor.py:161} INFO - Started process (PID=6729) to work on /home/airflow/.local/lib/python3.8/site-packages/airflow/example_dags/example_bash_operator.py
[2026-06-18T17:41:14.358+0000] {processor.py:830} INFO - Processing file /home/airflow/.local/lib/python3.8/site-packages/airflow/example_dags/example_bash_operator.py for tasks to queue
[2026-06-18T17:41:14.361+0000] {logging_mixin.py:188} INFO - [2026-06-18T17:41:14.361+0000] {dagbag.py:538} INFO - Filling up the DagBag from /home/airflow/.local/lib/python3.8/site-packages/airflow/example_dags/example_bash_operator.py
[2026-06-18T17:41:14.385+0000] {processor.py:840} INFO - DAG(s) 'example_bash_operator' retrieved from /home/airflow/.local/lib/python3.8/site-packages/airflow/example_dags/example_bash_operator.py
[2026-06-18T17:41:14.457+0000] {logging_mixin.py:188} INFO - [2026-06-18T17:41:14.457+0000] {dag.py:3036} INFO - Sync 1 DAGs
[2026-06-18T17:41:14.512+0000] {logging_mixin.py:188} INFO - [2026-06-18T17:41:14.511+0000] {dag.py:3823} INFO - Setting next_dagrun for example_bash_operator to 2026-06-17 00:00:00+00:00, run_after=2026-06-18 00:00:00+00:00
[2026-06-18T17:41:14.550+0000] {processor.py:183} INFO - Processing /home/airflow/.local/lib/python3.8/site-packages/airflow/example_dags/example_bash_operator.py took 0.201 seconds
[2026-06-18T17:41:44.606+0000] {processor.py:161} INFO - Started process (PID=6792) to work on /home/airflow/.local/lib/python3.8/site-packages/airflow/example_dags/example_bash_operator.py
[2026-06-18T17:41:44.607+0000] {processor.py:830} INFO - Processing file /home/airflow/.local/lib/python3.8/site-packages/airflow/example_dags/example_bash_operator.py for tasks to queue
[2026-06-18T17:41:44.610+0000] {logging_mixin.py:188} INFO - [2026-06-18T17:41:44.610+0000] {dagbag.py:538} INFO - Filling up the DagBag from /home/airflow/.local/lib/python3.8/site-packages/airflow/example_dags/example_bash_operator.py
[2026-06-18T17:41:44.633+0000] {processor.py:840} INFO - DAG(s) 'example_bash_operator' retrieved from /home/airflow/.local/lib/python3.8/site-packages/airflow/example_dags/example_bash_operator.py
[2026-06-18T17:41:44.702+0000] {logging_mixin.py:188} INFO - [2026-06-18T17:41:44.701+0000] {dag.py:3036} INFO - Sync 1 DAGs
[2026-06-18T17:41:44.747+0000] {logging_mixin.py:188} INFO - [2026-06-18T17:41:44.746+0000] {dag.py:3823} INFO - Setting next_dagrun for example_bash_operator to 2026-06-17 00:00:00+00:00, run_after=2026-06-18 00:00:00+00:00
[2026-06-18T17:41:44.782+0000] {processor.py:183} INFO - Processing /home/airflow/.local/lib/python3.8/site-packages/airflow/example_dags/example_bash_operator.py took 0.183 seconds
[2026-06-18T17:42:15.588+0000] {processor.py:161} INFO - Started process (PID=6858) to work on /home/airflow/.local/lib/python3.8/site-packages/airflow/example_dags/example_bash_operator.py
[2026-06-18T17:42:15.590+0000] {processor.py:830} INFO - Processing file /home/airflow/.local/lib/python3.8/site-packages/airflow/example_dags/example_bash_operator.py for tasks to queue
[2026-06-18T17:42:15.593+0000] {logging_mixin.py:188} INFO - [2026-06-18T17:42:15.592+0000] {dagbag.py:538} INFO - Filling up the DagBag from /home/airflow/.local/lib/python3.8/site-packages/airflow/example_dags/example_bash_operator.py
[2026-06-18T17:42:15.611+0000] {processor.py:840} INFO - DAG(s) 'example_bash_operator' retrieved from /home/airflow/.local/lib/python3.8/site-packages/airflow/example_dags/example_bash_operator.py
[2026-06-18T17:42:15.677+0000] {logging_mixin.py:188} INFO - [2026-06-18T17:42:15.677+0000] {dag.py:3036} INFO - Sync 1 DAGs
[2026-06-18T17:42:15.727+0000] {logging_mixin.py:188} INFO - [2026-06-18T17:42:15.727+0000] {dag.py:3823} INFO - Setting next_dagrun for example_bash_operator to 2026-06-17 00:00:00+00:00, run_after=2026-06-18 00:00:00+00:00
[2026-06-18T17:42:15.762+0000] {processor.py:183} INFO - Processing /home/airflow/.local/lib/python3.8/site-packages/airflow/example_dags/example_bash_operator.py took 0.180 seconds
[2026-06-18T17:42:45.938+0000] {processor.py:161} INFO - Started process (PID=6924) to work on /home/airflow/.local/lib/python3.8/site-packages/airflow/example_dags/example_bash_operator.py
[2026-06-18T17:42:45.940+0000] {processor.py:830} INFO - Processing file /home/airflow/.local/lib/python3.8/site-packages/airflow/example_dags/example_bash_operator.py for tasks to queue
[2026-06-18T17:42:45.943+0000] {logging_mixin.py:188} INFO - [2026-06-18T17:42:45.943+0000] {dagbag.py:538} INFO - Filling up the DagBag from /home/airflow/.local/lib/python3.8/site-packages/airflow/example_dags/example_bash_operator.py
[2026-06-18T17:42:45.967+0000] {processor.py:840} INFO - DAG(s) 'example_bash_operator' retrieved from /home/airflow/.local/lib/python3.8/site-packages/airflow/example_dags/example_bash_operator.py
[2026-06-18T17:42:46.080+0000] {logging_mixin.py:188} INFO - [2026-06-18T17:42:46.080+0000] {dag.py:3036} INFO - Sync 1 DAGs
[2026-06-18T17:42:46.136+0000] {logging_mixin.py:188} INFO - [2026-06-18T17:42:46.136+0000] {dag.py:3823} INFO - Setting next_dagrun for example_bash_operator to 2026-06-17 00:00:00+00:00, run_after=2026-06-18 00:00:00+00:00
[2026-06-18T17:42:46.167+0000] {processor.py:183} INFO - Processing /home/airflow/.local/lib/python3.8/site-packages/airflow/example_dags/example_bash_operator.py took 0.235 seconds
[2026-06-18T17:43:16.823+0000] {processor.py:161} INFO - Started process (PID=6991) to work on /home/airflow/.local/lib/python3.8/site-packages/airflow/example_dags/example_bash_operator.py
[2026-06-18T17:43:16.826+0000] {processor.py:830} INFO - Processing file /home/airflow/.local/lib/python3.8/site-packages/airflow/example_dags/example_bash_operator.py for tasks to queue
[2026-06-18T17:43:16.829+0000] {logging_mixin.py:188} INFO - [2026-06-18T17:43:16.829+0000] {dagbag.py:538} INFO - Filling up the DagBag from /home/airflow/.local/lib/python3.8/site-packages/airflow/example_dags/example_bash_operator.py
[2026-06-18T17:43:16.853+0000] {processor.py:840} INFO - DAG(s) 'example_bash_operator' retrieved from /home/airflow/.local/lib/python3.8/site-packages/airflow/example_dags/example_bash_operator.py
[2026-06-18T17:43:16.917+0000] {logging_mixin.py:188} INFO - [2026-06-18T17:43:16.916+0000] {dag.py:3036} INFO - Sync 1 DAGs
[2026-06-18T17:43:16.955+0000] {logging_mixin.py:188} INFO - [2026-06-18T17:43:16.955+0000] {dag.py:3823} INFO - Setting next_dagrun for example_bash_operator to 2026-06-17 00:00:00+00:00, run_after=2026-06-18 00:00:00+00:00
[2026-06-18T17:43:16.991+0000] {processor.py:183} INFO - Processing /home/airflow/.local/lib/python3.8/site-packages/airflow/example_dags/example_bash_operator.py took 0.175 seconds
[2026-06-18T17:43:47.241+0000] {processor.py:161} INFO - Started process (PID=7056) to work on /home/airflow/.local/lib/python3.8/site-packages/airflow/example_dags/example_bash_operator.py
[2026-06-18T17:43:47.242+0000] {processor.py:830} INFO - Processing file /home/airflow/.local/lib/python3.8/site-packages/airflow/example_dags/example_bash_operator.py for tasks to queue
[2026-06-18T17:43:47.245+0000] {logging_mixin.py:188} INFO - [2026-06-18T17:43:47.244+0000] {dagbag.py:538} INFO - Filling up the DagBag from /home/airflow/.local/lib/python3.8/site-packages/airflow/example_dags/example_bash_operator.py
[2026-06-18T17:43:47.265+0000] {processor.py:840} INFO - DAG(s) 'example_bash_operator' retrieved from /home/airflow/.local/lib/python3.8/site-packages/airflow/example_dags/example_bash_operator.py
[2026-06-18T17:43:47.331+0000] {logging_mixin.py:188} INFO - [2026-06-18T17:43:47.330+0000] {dag.py:3036} INFO - Sync 1 DAGs
[2026-06-18T17:43:47.371+0000] {logging_mixin.py:188} INFO - [2026-06-18T17:43:47.371+0000] {dag.py:3823} INFO - Setting next_dagrun for example_bash_operator to 2026-06-17 00:00:00+00:00, run_after=2026-06-18 00:00:00+00:00
[2026-06-18T17:43:47.407+0000] {processor.py:183} INFO - Processing /home/airflow/.local/lib/python3.8/site-packages/airflow/example_dags/example_bash_operator.py took 0.172 seconds
[2026-06-18T17:44:18.005+0000] {processor.py:161} INFO - Started process (PID=7122) to work on /home/airflow/.local/lib/python3.8/site-packages/airflow/example_dags/example_bash_operator.py
[2026-06-18T17:44:18.007+0000] {processor.py:830} INFO - Processing file /home/airflow/.local/lib/python3.8/site-packages/airflow/example_dags/example_bash_operator.py for tasks to queue
[2026-06-18T17:44:18.010+0000] {logging_mixin.py:188} INFO - [2026-06-18T17:44:18.009+0000] {dagbag.py:538} INFO - Filling up the DagBag from /home/airflow/.local/lib/python3.8/site-packages/airflow/example_dags/example_bash_operator.py
[2026-06-18T17:44:18.030+0000] {processor.py:840} INFO - DAG(s) 'example_bash_operator' retrieved from /home/airflow/.local/lib/python3.8/site-packages/airflow/example_dags/example_bash_operator.py
[2026-06-18T17:44:18.091+0000] {logging_mixin.py:188} INFO - [2026-06-18T17:44:18.091+0000] {dag.py:3036} INFO - Sync 1 DAGs
[2026-06-18T17:44:18.136+0000] {logging_mixin.py:188} INFO - [2026-06-18T17:44:18.135+0000] {dag.py:3823} INFO - Setting next_dagrun for example_bash_operator to 2026-06-17 00:00:00+00:00, run_after=2026-06-18 00:00:00+00:00
[2026-06-18T17:44:18.170+0000] {processor.py:183} INFO - Processing /home/airflow/.local/lib/python3.8/site-packages/airflow/example_dags/example_bash_operator.py took 0.170 seconds
[2026-06-18T17:44:48.884+0000] {processor.py:161} INFO - Started process (PID=7188) to work on /home/airflow/.local/lib/python3.8/site-packages/airflow/example_dags/example_bash_operator.py
[2026-06-18T17:44:48.885+0000] {processor.py:830} INFO - Processing file /home/airflow/.local/lib/python3.8/site-packages/airflow/example_dags/example_bash_operator.py for tasks to queue
[2026-06-18T17:44:48.888+0000] {logging_mixin.py:188} INFO - [2026-06-18T17:44:48.887+0000] {dagbag.py:538} INFO - Filling up the DagBag from /home/airflow/.local/lib/python3.8/site-packages/airflow/example_dags/example_bash_operator.py
[2026-06-18T17:44:48.907+0000] {processor.py:840} INFO - DAG(s) 'example_bash_operator' retrieved from /home/airflow/.local/lib/python3.8/site-packages/airflow/example_dags/example_bash_operator.py
[2026-06-18T17:44:48.969+0000] {logging_mixin.py:188} INFO - [2026-06-18T17:44:48.969+0000] {dag.py:3036} INFO - Sync 1 DAGs
[2026-06-18T17:44:49.011+0000] {logging_mixin.py:188} INFO - [2026-06-18T17:44:49.010+0000] {dag.py:3823} INFO - Setting next_dagrun for example_bash_operator to 2026-06-17 00:00:00+00:00, run_after=2026-06-18 00:00:00+00:00
[2026-06-18T17:44:49.044+0000] {processor.py:183} INFO - Processing /home/airflow/.local/lib/python3.8/site-packages/airflow/example_dags/example_bash_operator.py took 0.165 seconds
[2026-06-18T17:45:19.552+0000] {processor.py:161} INFO - Started process (PID=7254) to work on /home/airflow/.local/lib/python3.8/site-packages/airflow/example_dags/example_bash_operator.py
[2026-06-18T17:45:19.555+0000] {processor.py:830} INFO - Processing file /home/airflow/.local/lib/python3.8/site-packages/airflow/example_dags/example_bash_operator.py for tasks to queue
[2026-06-18T17:45:19.558+0000] {logging_mixin.py:188} INFO - [2026-06-18T17:45:19.558+0000] {dagbag.py:538} INFO - Filling up the DagBag from /home/airflow/.local/lib/python3.8/site-packages/airflow/example_dags/example_bash_operator.py
[2026-06-18T17:45:19.579+0000] {processor.py:840} INFO - DAG(s) 'example_bash_operator' retrieved from /home/airflow/.local/lib/python3.8/site-packages/airflow/example_dags/example_bash_operator.py
[2026-06-18T17:45:19.656+0000] {logging_mixin.py:188} INFO - [2026-06-18T17:45:19.655+0000] {dag.py:3036} INFO - Sync 1 DAGs
[2026-06-18T17:45:19.713+0000] {logging_mixin.py:188} INFO - [2026-06-18T17:45:19.712+0000] {dag.py:3823} INFO - Setting next_dagrun for example_bash_operator to 2026-06-17 00:00:00+00:00, run_after=2026-06-18 00:00:00+00:00
[2026-06-18T17:45:19.754+0000] {processor.py:183} INFO - Processing /home/airflow/.local/lib/python3.8/site-packages/airflow/example_dags/example_bash_operator.py took 0.209 seconds
[2026-06-18T17:45:49.835+0000] {processor.py:161} INFO - Started process (PID=7320) to work on /home/airflow/.local/lib/python3.8/site-packages/airflow/example_dags/example_bash_operator.py
[2026-06-18T17:45:49.837+0000] {processor.py:830} INFO - Processing file /home/airflow/.local/lib/python3.8/site-packages/airflow/example_dags/example_bash_operator.py for tasks to queue
[2026-06-18T17:45:49.840+0000] {logging_mixin.py:188} INFO - [2026-06-18T17:45:49.840+0000] {dagbag.py:538} INFO - Filling up the DagBag from /home/airflow/.local/lib/python3.8/site-packages/airflow/example_dags/example_bash_operator.py
[2026-06-18T17:45:49.860+0000] {processor.py:840} INFO - DAG(s) 'example_bash_operator' retrieved from /home/airflow/.local/lib/python3.8/site-packages/airflow/example_dags/example_bash_operator.py
[2026-06-18T17:45:49.918+0000] {logging_mixin.py:188} INFO - [2026-06-18T17:45:49.918+0000] {dag.py:3036} INFO - Sync 1 DAGs
[2026-06-18T17:45:49.961+0000] {logging_mixin.py:188} INFO - [2026-06-18T17:45:49.960+0000] {dag.py:3823} INFO - Setting next_dagrun for example_bash_operator to 2026-06-17 00:00:00+00:00, run_after=2026-06-18 00:00:00+00:00
[2026-06-18T17:45:49.998+0000] {processor.py:183} INFO - Processing /home/airflow/.local/lib/python3.8/site-packages/airflow/example_dags/example_bash_operator.py took 0.168 seconds
[2026-06-18T17:46:20.563+0000] {processor.py:161} INFO - Started process (PID=7386) to work on /home/airflow/.local/lib/python3.8/site-packages/airflow/example_dags/example_bash_operator.py
[2026-06-18T17:46:20.565+0000] {processor.py:830} INFO - Processing file /home/airflow/.local/lib/python3.8/site-packages/airflow/example_dags/example_bash_operator.py for tasks to queue
[2026-06-18T17:46:20.568+0000] {logging_mixin.py:188} INFO - [2026-06-18T17:46:20.567+0000] {dagbag.py:538} INFO - Filling up the DagBag from /home/airflow/.local/lib/python3.8/site-packages/airflow/example_dags/example_bash_operator.py
[2026-06-18T17:46:20.591+0000] {processor.py:840} INFO - DAG(s) 'example_bash_operator' retrieved from /home/airflow/.local/lib/python3.8/site-packages/airflow/example_dags/example_bash_operator.py
[2026-06-18T17:46:20.654+0000] {logging_mixin.py:188} INFO - [2026-06-18T17:46:20.653+0000] {dag.py:3036} INFO - Sync 1 DAGs
[2026-06-18T17:46:20.708+0000] {logging_mixin.py:188} INFO - [2026-06-18T17:46:20.708+0000] {dag.py:3823} INFO - Setting next_dagrun for example_bash_operator to 2026-06-17 00:00:00+00:00, run_after=2026-06-18 00:00:00+00:00
[2026-06-18T17:46:20.749+0000] {processor.py:183} INFO - Processing /home/airflow/.local/lib/python3.8/site-packages/airflow/example_dags/example_bash_operator.py took 0.191 seconds
[2026-06-18T17:46:50.973+0000] {processor.py:161} INFO - Started process (PID=7453) to work on /home/airflow/.local/lib/python3.8/site-packages/airflow/example_dags/example_bash_operator.py
[2026-06-18T17:46:50.975+0000] {processor.py:830} INFO - Processing file /home/airflow/.local/lib/python3.8/site-packages/airflow/example_dags/example_bash_operator.py for tasks to queue
[2026-06-18T17:46:50.979+0000] {logging_mixin.py:188} INFO - [2026-06-18T17:46:50.978+0000] {dagbag.py:538} INFO - Filling up the DagBag from /home/airflow/.local/lib/python3.8/site-packages/airflow/example_dags/example_bash_operator.py
[2026-06-18T17:46:51.001+0000] {processor.py:840} INFO - DAG(s) 'example_bash_operator' retrieved from /home/airflow/.local/lib/python3.8/site-packages/airflow/example_dags/example_bash_operator.py
[2026-06-18T17:46:51.087+0000] {logging_mixin.py:188} INFO - [2026-06-18T17:46:51.087+0000] {dag.py:3036} INFO - Sync 1 DAGs
[2026-06-18T17:46:51.141+0000] {logging_mixin.py:188} INFO - [2026-06-18T17:46:51.140+0000] {dag.py:3823} INFO - Setting next_dagrun for example_bash_operator to 2026-06-17 00:00:00+00:00, run_after=2026-06-18 00:00:00+00:00
[2026-06-18T17:46:51.190+0000] {processor.py:183} INFO - Processing /home/airflow/.local/lib/python3.8/site-packages/airflow/example_dags/example_bash_operator.py took 0.223 seconds
[2026-06-18T17:47:21.896+0000] {processor.py:161} INFO - Started process (PID=7519) to work on /home/airflow/.local/lib/python3.8/site-packages/airflow/example_dags/example_bash_operator.py
[2026-06-18T17:47:21.899+0000] {processor.py:830} INFO - Processing file /home/airflow/.local/lib/python3.8/site-packages/airflow/example_dags/example_bash_operator.py for tasks to queue
[2026-06-18T17:47:21.901+0000] {logging_mixin.py:188} INFO - [2026-06-18T17:47:21.901+0000] {dagbag.py:538} INFO - Filling up the DagBag from /home/airflow/.local/lib/python3.8/site-packages/airflow/example_dags/example_bash_operator.py
[2026-06-18T17:47:21.925+0000] {processor.py:840} INFO - DAG(s) 'example_bash_operator' retrieved from /home/airflow/.local/lib/python3.8/site-packages/airflow/example_dags/example_bash_operator.py
[2026-06-18T17:47:21.998+0000] {logging_mixin.py:188} INFO - [2026-06-18T17:47:21.998+0000] {dag.py:3036} INFO - Sync 1 DAGs
[2026-06-18T17:47:22.074+0000] {logging_mixin.py:188} INFO - [2026-06-18T17:47:22.073+0000] {dag.py:3823} INFO - Setting next_dagrun for example_bash_operator to 2026-06-17 00:00:00+00:00, run_after=2026-06-18 00:00:00+00:00
[2026-06-18T17:47:22.130+0000] {processor.py:183} INFO - Processing /home/airflow/.local/lib/python3.8/site-packages/airflow/example_dags/example_bash_operator.py took 0.238 seconds
[2026-06-18T17:47:52.363+0000] {processor.py:161} INFO - Started process (PID=7586) to work on /home/airflow/.local/lib/python3.8/site-packages/airflow/example_dags/example_bash_operator.py
[2026-06-18T17:47:52.365+0000] {processor.py:830} INFO - Processing file /home/airflow/.local/lib/python3.8/site-packages/airflow/example_dags/example_bash_operator.py for tasks to queue
[2026-06-18T17:47:52.367+0000] {logging_mixin.py:188} INFO - [2026-06-18T17:47:52.367+0000] {dagbag.py:538} INFO - Filling up the DagBag from /home/airflow/.local/lib/python3.8/site-packages/airflow/example_dags/example_bash_operator.py
[2026-06-18T17:47:52.390+0000] {processor.py:840} INFO - DAG(s) 'example_bash_operator' retrieved from /home/airflow/.local/lib/python3.8/site-packages/airflow/example_dags/example_bash_operator.py
[2026-06-18T17:47:52.459+0000] {logging_mixin.py:188} INFO - [2026-06-18T17:47:52.459+0000] {dag.py:3036} INFO - Sync 1 DAGs
[2026-06-18T17:47:52.511+0000] {logging_mixin.py:188} INFO - [2026-06-18T17:47:52.511+0000] {dag.py:3823} INFO - Setting next_dagrun for example_bash_operator to 2026-06-17 00:00:00+00:00, run_after=2026-06-18 00:00:00+00:00
[2026-06-18T17:47:52.546+0000] {processor.py:183} INFO - Processing /home/airflow/.local/lib/python3.8/site-packages/airflow/example_dags/example_bash_operator.py took 0.188 seconds
[2026-06-18T17:48:23.045+0000] {processor.py:161} INFO - Started process (PID=7659) to work on /home/airflow/.local/lib/python3.8/site-packages/airflow/example_dags/example_bash_operator.py
[2026-06-18T17:48:23.047+0000] {processor.py:830} INFO - Processing file /home/airflow/.local/lib/python3.8/site-packages/airflow/example_dags/example_bash_operator.py for tasks to queue
[2026-06-18T17:48:23.050+0000] {logging_mixin.py:188} INFO - [2026-06-18T17:48:23.049+0000] {dagbag.py:538} INFO - Filling up the DagBag from /home/airflow/.local/lib/python3.8/site-packages/airflow/example_dags/example_bash_operator.py
[2026-06-18T17:48:23.070+0000] {processor.py:840} INFO - DAG(s) 'example_bash_operator' retrieved from /home/airflow/.local/lib/python3.8/site-packages/airflow/example_dags/example_bash_operator.py
[2026-06-18T17:48:23.164+0000] {logging_mixin.py:188} INFO - [2026-06-18T17:48:23.163+0000] {dag.py:3036} INFO - Sync 1 DAGs
[2026-06-18T17:48:23.214+0000] {logging_mixin.py:188} INFO - [2026-06-18T17:48:23.214+0000] {dag.py:3823} INFO - Setting next_dagrun for example_bash_operator to 2026-06-17 00:00:00+00:00, run_after=2026-06-18 00:00:00+00:00
[2026-06-18T17:48:23.248+0000] {processor.py:183} INFO - Processing /home/airflow/.local/lib/python3.8/site-packages/airflow/example_dags/example_bash_operator.py took 0.208 seconds
[2026-06-18T17:48:53.697+0000] {processor.py:161} INFO - Started process (PID=7726) to work on /home/airflow/.local/lib/python3.8/site-packages/airflow/example_dags/example_bash_operator.py
[2026-06-18T17:48:53.699+0000] {processor.py:830} INFO - Processing file /home/airflow/.local/lib/python3.8/site-packages/airflow/example_dags/example_bash_operator.py for tasks to queue
[2026-06-18T17:48:53.702+0000] {logging_mixin.py:188} INFO - [2026-06-18T17:48:53.701+0000] {dagbag.py:538} INFO - Filling up the DagBag from /home/airflow/.local/lib/python3.8/site-packages/airflow/example_dags/example_bash_operator.py
[2026-06-18T17:48:53.725+0000] {processor.py:840} INFO - DAG(s) 'example_bash_operator' retrieved from /home/airflow/.local/lib/python3.8/site-packages/airflow/example_dags/example_bash_operator.py
[2026-06-18T17:48:53.795+0000] {logging_mixin.py:188} INFO - [2026-06-18T17:48:53.794+0000] {dag.py:3036} INFO - Sync 1 DAGs
[2026-06-18T17:48:53.842+0000] {logging_mixin.py:188} INFO - [2026-06-18T17:48:53.841+0000] {dag.py:3823} INFO - Setting next_dagrun for example_bash_operator to 2026-06-17 00:00:00+00:00, run_after=2026-06-18 00:00:00+00:00
[2026-06-18T17:48:53.878+0000] {processor.py:183} INFO - Processing /home/airflow/.local/lib/python3.8/site-packages/airflow/example_dags/example_bash_operator.py took 0.186 seconds
[2026-06-18T17:49:23.969+0000] {processor.py:161} INFO - Started process (PID=7791) to work on /home/airflow/.local/lib/python3.8/site-packages/airflow/example_dags/example_bash_operator.py
[2026-06-18T17:49:23.970+0000] {processor.py:830} INFO - Processing file /home/airflow/.local/lib/python3.8/site-packages/airflow/example_dags/example_bash_operator.py for tasks to queue
[2026-06-18T17:49:23.974+0000] {logging_mixin.py:188} INFO - [2026-06-18T17:49:23.973+0000] {dagbag.py:538} INFO - Filling up the DagBag from /home/airflow/.local/lib/python3.8/site-packages/airflow/example_dags/example_bash_operator.py
[2026-06-18T17:49:23.999+0000] {processor.py:840} INFO - DAG(s) 'example_bash_operator' retrieved from /home/airflow/.local/lib/python3.8/site-packages/airflow/example_dags/example_bash_operator.py
[2026-06-18T17:49:24.070+0000] {logging_mixin.py:188} INFO - [2026-06-18T17:49:24.069+0000] {dag.py:3036} INFO - Sync 1 DAGs
[2026-06-18T17:49:24.123+0000] {logging_mixin.py:188} INFO - [2026-06-18T17:49:24.122+0000] {dag.py:3823} INFO - Setting next_dagrun for example_bash_operator to 2026-06-17 00:00:00+00:00, run_after=2026-06-18 00:00:00+00:00
[2026-06-18T17:49:24.190+0000] {processor.py:183} INFO - Processing /home/airflow/.local/lib/python3.8/site-packages/airflow/example_dags/example_bash_operator.py took 0.228 seconds
