[2026-06-18T16:50:16.983+0000] {processor.py:161} INFO - Started process (PID=70) to work on /home/airflow/.local/lib/python3.8/site-packages/airflow/example_dags/example_dynamic_task_mapping.py
[2026-06-18T16:50:16.985+0000] {processor.py:830} INFO - Processing file /home/airflow/.local/lib/python3.8/site-packages/airflow/example_dags/example_dynamic_task_mapping.py for tasks to queue
[2026-06-18T16:50:16.988+0000] {logging_mixin.py:188} INFO - [2026-06-18T16:50:16.987+0000] {dagbag.py:538} INFO - Filling up the DagBag from /home/airflow/.local/lib/python3.8/site-packages/airflow/example_dags/example_dynamic_task_mapping.py
[2026-06-18T16:50:16.999+0000] {processor.py:840} INFO - DAG(s) 'example_dynamic_task_mapping' retrieved from /home/airflow/.local/lib/python3.8/site-packages/airflow/example_dags/example_dynamic_task_mapping.py
[2026-06-18T16:50:17.042+0000] {logging_mixin.py:188} INFO - [2026-06-18T16:50:17.042+0000] {dag.py:3036} INFO - Sync 1 DAGs
[2026-06-18T16:50:17.084+0000] {logging_mixin.py:188} INFO - [2026-06-18T16:50:17.083+0000] {dag.py:3823} INFO - Setting next_dagrun for example_dynamic_task_mapping to 2022-03-04 00:00:00+00:00, run_after=2022-03-05 00:00:00+00:00
[2026-06-18T16:50:17.117+0000] {processor.py:183} INFO - Processing /home/airflow/.local/lib/python3.8/site-packages/airflow/example_dags/example_dynamic_task_mapping.py took 0.139 seconds
[2026-06-18T16:50:47.257+0000] {processor.py:161} INFO - Started process (PID=136) to work on /home/airflow/.local/lib/python3.8/site-packages/airflow/example_dags/example_dynamic_task_mapping.py
[2026-06-18T16:50:47.258+0000] {processor.py:830} INFO - Processing file /home/airflow/.local/lib/python3.8/site-packages/airflow/example_dags/example_dynamic_task_mapping.py for tasks to queue
[2026-06-18T16:50:47.260+0000] {logging_mixin.py:188} INFO - [2026-06-18T16:50:47.260+0000] {dagbag.py:538} INFO - Filling up the DagBag from /home/airflow/.local/lib/python3.8/site-packages/airflow/example_dags/example_dynamic_task_mapping.py
[2026-06-18T16:50:47.271+0000] {processor.py:840} INFO - DAG(s) 'example_dynamic_task_mapping' retrieved from /home/airflow/.local/lib/python3.8/site-packages/airflow/example_dags/example_dynamic_task_mapping.py
[2026-06-18T16:50:47.304+0000] {logging_mixin.py:188} INFO - [2026-06-18T16:50:47.304+0000] {dag.py:3036} INFO - Sync 1 DAGs
[2026-06-18T16:50:47.343+0000] {logging_mixin.py:188} INFO - [2026-06-18T16:50:47.343+0000] {dag.py:3823} INFO - Setting next_dagrun for example_dynamic_task_mapping to 2022-03-04 00:00:00+00:00, run_after=2022-03-05 00:00:00+00:00
[2026-06-18T16:50:47.374+0000] {processor.py:183} INFO - Processing /home/airflow/.local/lib/python3.8/site-packages/airflow/example_dags/example_dynamic_task_mapping.py took 0.122 seconds
[2026-06-18T16:51:17.846+0000] {processor.py:161} INFO - Started process (PID=203) to work on /home/airflow/.local/lib/python3.8/site-packages/airflow/example_dags/example_dynamic_task_mapping.py
[2026-06-18T16:51:17.848+0000] {processor.py:830} INFO - Processing file /home/airflow/.local/lib/python3.8/site-packages/airflow/example_dags/example_dynamic_task_mapping.py for tasks to queue
[2026-06-18T16:51:17.850+0000] {logging_mixin.py:188} INFO - [2026-06-18T16:51:17.850+0000] {dagbag.py:538} INFO - Filling up the DagBag from /home/airflow/.local/lib/python3.8/site-packages/airflow/example_dags/example_dynamic_task_mapping.py
[2026-06-18T16:51:17.860+0000] {processor.py:840} INFO - DAG(s) 'example_dynamic_task_mapping' retrieved from /home/airflow/.local/lib/python3.8/site-packages/airflow/example_dags/example_dynamic_task_mapping.py
[2026-06-18T16:51:17.898+0000] {logging_mixin.py:188} INFO - [2026-06-18T16:51:17.898+0000] {dag.py:3036} INFO - Sync 1 DAGs
[2026-06-18T16:51:17.940+0000] {logging_mixin.py:188} INFO - [2026-06-18T16:51:17.939+0000] {dag.py:3823} INFO - Setting next_dagrun for example_dynamic_task_mapping to 2022-03-04 00:00:00+00:00, run_after=2022-03-05 00:00:00+00:00
[2026-06-18T16:51:17.971+0000] {processor.py:183} INFO - Processing /home/airflow/.local/lib/python3.8/site-packages/airflow/example_dags/example_dynamic_task_mapping.py took 0.131 seconds
[2026-06-18T16:51:48.179+0000] {processor.py:161} INFO - Started process (PID=269) to work on /home/airflow/.local/lib/python3.8/site-packages/airflow/example_dags/example_dynamic_task_mapping.py
[2026-06-18T16:51:48.180+0000] {processor.py:830} INFO - Processing file /home/airflow/.local/lib/python3.8/site-packages/airflow/example_dags/example_dynamic_task_mapping.py for tasks to queue
[2026-06-18T16:51:48.183+0000] {logging_mixin.py:188} INFO - [2026-06-18T16:51:48.183+0000] {dagbag.py:538} INFO - Filling up the DagBag from /home/airflow/.local/lib/python3.8/site-packages/airflow/example_dags/example_dynamic_task_mapping.py
[2026-06-18T16:51:48.194+0000] {processor.py:840} INFO - DAG(s) 'example_dynamic_task_mapping' retrieved from /home/airflow/.local/lib/python3.8/site-packages/airflow/example_dags/example_dynamic_task_mapping.py
[2026-06-18T16:51:48.231+0000] {logging_mixin.py:188} INFO - [2026-06-18T16:51:48.230+0000] {dag.py:3036} INFO - Sync 1 DAGs
[2026-06-18T16:51:48.268+0000] {logging_mixin.py:188} INFO - [2026-06-18T16:51:48.267+0000] {dag.py:3823} INFO - Setting next_dagrun for example_dynamic_task_mapping to 2022-03-04 00:00:00+00:00, run_after=2022-03-05 00:00:00+00:00
[2026-06-18T16:51:48.294+0000] {processor.py:183} INFO - Processing /home/airflow/.local/lib/python3.8/site-packages/airflow/example_dags/example_dynamic_task_mapping.py took 0.120 seconds
[2026-06-18T16:52:19.162+0000] {processor.py:161} INFO - Started process (PID=335) to work on /home/airflow/.local/lib/python3.8/site-packages/airflow/example_dags/example_dynamic_task_mapping.py
[2026-06-18T16:52:19.165+0000] {processor.py:830} INFO - Processing file /home/airflow/.local/lib/python3.8/site-packages/airflow/example_dags/example_dynamic_task_mapping.py for tasks to queue
[2026-06-18T16:52:19.167+0000] {logging_mixin.py:188} INFO - [2026-06-18T16:52:19.167+0000] {dagbag.py:538} INFO - Filling up the DagBag from /home/airflow/.local/lib/python3.8/site-packages/airflow/example_dags/example_dynamic_task_mapping.py
[2026-06-18T16:52:19.177+0000] {processor.py:840} INFO - DAG(s) 'example_dynamic_task_mapping' retrieved from /home/airflow/.local/lib/python3.8/site-packages/airflow/example_dags/example_dynamic_task_mapping.py
[2026-06-18T16:52:19.216+0000] {logging_mixin.py:188} INFO - [2026-06-18T16:52:19.215+0000] {dag.py:3036} INFO - Sync 1 DAGs
[2026-06-18T16:52:19.259+0000] {logging_mixin.py:188} INFO - [2026-06-18T16:52:19.259+0000] {dag.py:3823} INFO - Setting next_dagrun for example_dynamic_task_mapping to 2022-03-04 00:00:00+00:00, run_after=2022-03-05 00:00:00+00:00
[2026-06-18T16:52:19.294+0000] {processor.py:183} INFO - Processing /home/airflow/.local/lib/python3.8/site-packages/airflow/example_dags/example_dynamic_task_mapping.py took 0.137 seconds
[2026-06-18T16:52:49.749+0000] {processor.py:161} INFO - Started process (PID=403) to work on /home/airflow/.local/lib/python3.8/site-packages/airflow/example_dags/example_dynamic_task_mapping.py
[2026-06-18T16:52:49.751+0000] {processor.py:830} INFO - Processing file /home/airflow/.local/lib/python3.8/site-packages/airflow/example_dags/example_dynamic_task_mapping.py for tasks to queue
[2026-06-18T16:52:49.753+0000] {logging_mixin.py:188} INFO - [2026-06-18T16:52:49.753+0000] {dagbag.py:538} INFO - Filling up the DagBag from /home/airflow/.local/lib/python3.8/site-packages/airflow/example_dags/example_dynamic_task_mapping.py
[2026-06-18T16:52:49.763+0000] {processor.py:840} INFO - DAG(s) 'example_dynamic_task_mapping' retrieved from /home/airflow/.local/lib/python3.8/site-packages/airflow/example_dags/example_dynamic_task_mapping.py
[2026-06-18T16:52:49.798+0000] {logging_mixin.py:188} INFO - [2026-06-18T16:52:49.797+0000] {dag.py:3036} INFO - Sync 1 DAGs
[2026-06-18T16:52:49.834+0000] {logging_mixin.py:188} INFO - [2026-06-18T16:52:49.834+0000] {dag.py:3823} INFO - Setting next_dagrun for example_dynamic_task_mapping to 2022-03-04 00:00:00+00:00, run_after=2022-03-05 00:00:00+00:00
[2026-06-18T16:52:49.863+0000] {processor.py:183} INFO - Processing /home/airflow/.local/lib/python3.8/site-packages/airflow/example_dags/example_dynamic_task_mapping.py took 0.119 seconds
[2026-06-18T16:53:20.111+0000] {processor.py:161} INFO - Started process (PID=469) to work on /home/airflow/.local/lib/python3.8/site-packages/airflow/example_dags/example_dynamic_task_mapping.py
[2026-06-18T16:53:20.113+0000] {processor.py:830} INFO - Processing file /home/airflow/.local/lib/python3.8/site-packages/airflow/example_dags/example_dynamic_task_mapping.py for tasks to queue
[2026-06-18T16:53:20.116+0000] {logging_mixin.py:188} INFO - [2026-06-18T16:53:20.116+0000] {dagbag.py:538} INFO - Filling up the DagBag from /home/airflow/.local/lib/python3.8/site-packages/airflow/example_dags/example_dynamic_task_mapping.py
[2026-06-18T16:53:20.128+0000] {processor.py:840} INFO - DAG(s) 'example_dynamic_task_mapping' retrieved from /home/airflow/.local/lib/python3.8/site-packages/airflow/example_dags/example_dynamic_task_mapping.py
[2026-06-18T16:53:20.167+0000] {logging_mixin.py:188} INFO - [2026-06-18T16:53:20.166+0000] {dag.py:3036} INFO - Sync 1 DAGs
[2026-06-18T16:53:20.209+0000] {logging_mixin.py:188} INFO - [2026-06-18T16:53:20.209+0000] {dag.py:3823} INFO - Setting next_dagrun for example_dynamic_task_mapping to 2022-03-04 00:00:00+00:00, run_after=2022-03-05 00:00:00+00:00
[2026-06-18T16:53:20.250+0000] {processor.py:183} INFO - Processing /home/airflow/.local/lib/python3.8/site-packages/airflow/example_dags/example_dynamic_task_mapping.py took 0.145 seconds
[2026-06-18T16:53:50.412+0000] {processor.py:161} INFO - Started process (PID=536) to work on /home/airflow/.local/lib/python3.8/site-packages/airflow/example_dags/example_dynamic_task_mapping.py
[2026-06-18T16:53:50.414+0000] {processor.py:830} INFO - Processing file /home/airflow/.local/lib/python3.8/site-packages/airflow/example_dags/example_dynamic_task_mapping.py for tasks to queue
[2026-06-18T16:53:50.417+0000] {logging_mixin.py:188} INFO - [2026-06-18T16:53:50.416+0000] {dagbag.py:538} INFO - Filling up the DagBag from /home/airflow/.local/lib/python3.8/site-packages/airflow/example_dags/example_dynamic_task_mapping.py
[2026-06-18T16:53:50.429+0000] {processor.py:840} INFO - DAG(s) 'example_dynamic_task_mapping' retrieved from /home/airflow/.local/lib/python3.8/site-packages/airflow/example_dags/example_dynamic_task_mapping.py
[2026-06-18T16:53:50.470+0000] {logging_mixin.py:188} INFO - [2026-06-18T16:53:50.469+0000] {dag.py:3036} INFO - Sync 1 DAGs
[2026-06-18T16:53:50.511+0000] {logging_mixin.py:188} INFO - [2026-06-18T16:53:50.510+0000] {dag.py:3823} INFO - Setting next_dagrun for example_dynamic_task_mapping to 2022-03-04 00:00:00+00:00, run_after=2022-03-05 00:00:00+00:00
[2026-06-18T16:53:50.544+0000] {processor.py:183} INFO - Processing /home/airflow/.local/lib/python3.8/site-packages/airflow/example_dags/example_dynamic_task_mapping.py took 0.138 seconds
[2026-06-18T16:54:20.932+0000] {processor.py:161} INFO - Started process (PID=603) to work on /home/airflow/.local/lib/python3.8/site-packages/airflow/example_dags/example_dynamic_task_mapping.py
[2026-06-18T16:54:20.936+0000] {processor.py:830} INFO - Processing file /home/airflow/.local/lib/python3.8/site-packages/airflow/example_dags/example_dynamic_task_mapping.py for tasks to queue
[2026-06-18T16:54:20.939+0000] {logging_mixin.py:188} INFO - [2026-06-18T16:54:20.938+0000] {dagbag.py:538} INFO - Filling up the DagBag from /home/airflow/.local/lib/python3.8/site-packages/airflow/example_dags/example_dynamic_task_mapping.py
[2026-06-18T16:54:20.950+0000] {processor.py:840} INFO - DAG(s) 'example_dynamic_task_mapping' retrieved from /home/airflow/.local/lib/python3.8/site-packages/airflow/example_dags/example_dynamic_task_mapping.py
[2026-06-18T16:54:20.990+0000] {logging_mixin.py:188} INFO - [2026-06-18T16:54:20.989+0000] {dag.py:3036} INFO - Sync 1 DAGs
[2026-06-18T16:54:21.032+0000] {logging_mixin.py:188} INFO - [2026-06-18T16:54:21.032+0000] {dag.py:3823} INFO - Setting next_dagrun for example_dynamic_task_mapping to 2022-03-04 00:00:00+00:00, run_after=2022-03-05 00:00:00+00:00
[2026-06-18T16:54:21.074+0000] {processor.py:183} INFO - Processing /home/airflow/.local/lib/python3.8/site-packages/airflow/example_dags/example_dynamic_task_mapping.py took 0.148 seconds
[2026-06-18T16:54:51.342+0000] {processor.py:161} INFO - Started process (PID=675) to work on /home/airflow/.local/lib/python3.8/site-packages/airflow/example_dags/example_dynamic_task_mapping.py
[2026-06-18T16:54:51.343+0000] {processor.py:830} INFO - Processing file /home/airflow/.local/lib/python3.8/site-packages/airflow/example_dags/example_dynamic_task_mapping.py for tasks to queue
[2026-06-18T16:54:51.345+0000] {logging_mixin.py:188} INFO - [2026-06-18T16:54:51.345+0000] {dagbag.py:538} INFO - Filling up the DagBag from /home/airflow/.local/lib/python3.8/site-packages/airflow/example_dags/example_dynamic_task_mapping.py
[2026-06-18T16:54:51.356+0000] {processor.py:840} INFO - DAG(s) 'example_dynamic_task_mapping' retrieved from /home/airflow/.local/lib/python3.8/site-packages/airflow/example_dags/example_dynamic_task_mapping.py
[2026-06-18T16:54:51.395+0000] {logging_mixin.py:188} INFO - [2026-06-18T16:54:51.394+0000] {dag.py:3036} INFO - Sync 1 DAGs
[2026-06-18T16:54:51.434+0000] {logging_mixin.py:188} INFO - [2026-06-18T16:54:51.433+0000] {dag.py:3823} INFO - Setting next_dagrun for example_dynamic_task_mapping to 2022-03-04 00:00:00+00:00, run_after=2022-03-05 00:00:00+00:00
[2026-06-18T16:54:51.462+0000] {processor.py:183} INFO - Processing /home/airflow/.local/lib/python3.8/site-packages/airflow/example_dags/example_dynamic_task_mapping.py took 0.126 seconds
[2026-06-18T16:55:21.994+0000] {processor.py:161} INFO - Started process (PID=743) to work on /home/airflow/.local/lib/python3.8/site-packages/airflow/example_dags/example_dynamic_task_mapping.py
[2026-06-18T16:55:21.996+0000] {processor.py:830} INFO - Processing file /home/airflow/.local/lib/python3.8/site-packages/airflow/example_dags/example_dynamic_task_mapping.py for tasks to queue
[2026-06-18T16:55:21.999+0000] {logging_mixin.py:188} INFO - [2026-06-18T16:55:21.999+0000] {dagbag.py:538} INFO - Filling up the DagBag from /home/airflow/.local/lib/python3.8/site-packages/airflow/example_dags/example_dynamic_task_mapping.py
[2026-06-18T16:55:22.011+0000] {processor.py:840} INFO - DAG(s) 'example_dynamic_task_mapping' retrieved from /home/airflow/.local/lib/python3.8/site-packages/airflow/example_dags/example_dynamic_task_mapping.py
[2026-06-18T16:55:22.054+0000] {logging_mixin.py:188} INFO - [2026-06-18T16:55:22.053+0000] {dag.py:3036} INFO - Sync 1 DAGs
[2026-06-18T16:55:22.099+0000] {logging_mixin.py:188} INFO - [2026-06-18T16:55:22.098+0000] {dag.py:3823} INFO - Setting next_dagrun for example_dynamic_task_mapping to 2022-03-04 00:00:00+00:00, run_after=2022-03-05 00:00:00+00:00
[2026-06-18T16:55:22.137+0000] {processor.py:183} INFO - Processing /home/airflow/.local/lib/python3.8/site-packages/airflow/example_dags/example_dynamic_task_mapping.py took 0.149 seconds
[2026-06-18T16:55:52.537+0000] {processor.py:161} INFO - Started process (PID=810) to work on /home/airflow/.local/lib/python3.8/site-packages/airflow/example_dags/example_dynamic_task_mapping.py
[2026-06-18T16:55:52.540+0000] {processor.py:830} INFO - Processing file /home/airflow/.local/lib/python3.8/site-packages/airflow/example_dags/example_dynamic_task_mapping.py for tasks to queue
[2026-06-18T16:55:52.544+0000] {logging_mixin.py:188} INFO - [2026-06-18T16:55:52.543+0000] {dagbag.py:538} INFO - Filling up the DagBag from /home/airflow/.local/lib/python3.8/site-packages/airflow/example_dags/example_dynamic_task_mapping.py
[2026-06-18T16:55:52.555+0000] {processor.py:840} INFO - DAG(s) 'example_dynamic_task_mapping' retrieved from /home/airflow/.local/lib/python3.8/site-packages/airflow/example_dags/example_dynamic_task_mapping.py
[2026-06-18T16:55:52.597+0000] {logging_mixin.py:188} INFO - [2026-06-18T16:55:52.596+0000] {dag.py:3036} INFO - Sync 1 DAGs
[2026-06-18T16:55:52.645+0000] {logging_mixin.py:188} INFO - [2026-06-18T16:55:52.644+0000] {dag.py:3823} INFO - Setting next_dagrun for example_dynamic_task_mapping to 2022-03-04 00:00:00+00:00, run_after=2022-03-05 00:00:00+00:00
[2026-06-18T16:55:52.680+0000] {processor.py:183} INFO - Processing /home/airflow/.local/lib/python3.8/site-packages/airflow/example_dags/example_dynamic_task_mapping.py took 0.149 seconds
[2026-06-18T16:56:23.579+0000] {processor.py:161} INFO - Started process (PID=876) to work on /home/airflow/.local/lib/python3.8/site-packages/airflow/example_dags/example_dynamic_task_mapping.py
[2026-06-18T16:56:23.580+0000] {processor.py:830} INFO - Processing file /home/airflow/.local/lib/python3.8/site-packages/airflow/example_dags/example_dynamic_task_mapping.py for tasks to queue
[2026-06-18T16:56:23.584+0000] {logging_mixin.py:188} INFO - [2026-06-18T16:56:23.583+0000] {dagbag.py:538} INFO - Filling up the DagBag from /home/airflow/.local/lib/python3.8/site-packages/airflow/example_dags/example_dynamic_task_mapping.py
[2026-06-18T16:56:23.595+0000] {processor.py:840} INFO - DAG(s) 'example_dynamic_task_mapping' retrieved from /home/airflow/.local/lib/python3.8/site-packages/airflow/example_dags/example_dynamic_task_mapping.py
[2026-06-18T16:56:23.689+0000] {logging_mixin.py:188} INFO - [2026-06-18T16:56:23.688+0000] {dag.py:3036} INFO - Sync 1 DAGs
[2026-06-18T16:56:23.744+0000] {logging_mixin.py:188} INFO - [2026-06-18T16:56:23.744+0000] {dag.py:3823} INFO - Setting next_dagrun for example_dynamic_task_mapping to 2022-03-04 00:00:00+00:00, run_after=2022-03-05 00:00:00+00:00
[2026-06-18T16:56:23.780+0000] {processor.py:183} INFO - Processing /home/airflow/.local/lib/python3.8/site-packages/airflow/example_dags/example_dynamic_task_mapping.py took 0.209 seconds
[2026-06-18T16:56:54.530+0000] {processor.py:161} INFO - Started process (PID=942) to work on /home/airflow/.local/lib/python3.8/site-packages/airflow/example_dags/example_dynamic_task_mapping.py
[2026-06-18T16:56:54.532+0000] {processor.py:830} INFO - Processing file /home/airflow/.local/lib/python3.8/site-packages/airflow/example_dags/example_dynamic_task_mapping.py for tasks to queue
[2026-06-18T16:56:54.534+0000] {logging_mixin.py:188} INFO - [2026-06-18T16:56:54.534+0000] {dagbag.py:538} INFO - Filling up the DagBag from /home/airflow/.local/lib/python3.8/site-packages/airflow/example_dags/example_dynamic_task_mapping.py
[2026-06-18T16:56:54.544+0000] {processor.py:840} INFO - DAG(s) 'example_dynamic_task_mapping' retrieved from /home/airflow/.local/lib/python3.8/site-packages/airflow/example_dags/example_dynamic_task_mapping.py
[2026-06-18T16:56:54.581+0000] {logging_mixin.py:188} INFO - [2026-06-18T16:56:54.581+0000] {dag.py:3036} INFO - Sync 1 DAGs
[2026-06-18T16:56:54.626+0000] {logging_mixin.py:188} INFO - [2026-06-18T16:56:54.625+0000] {dag.py:3823} INFO - Setting next_dagrun for example_dynamic_task_mapping to 2022-03-04 00:00:00+00:00, run_after=2022-03-05 00:00:00+00:00
[2026-06-18T16:56:54.659+0000] {processor.py:183} INFO - Processing /home/airflow/.local/lib/python3.8/site-packages/airflow/example_dags/example_dynamic_task_mapping.py took 0.134 seconds
[2026-06-18T16:57:25.346+0000] {processor.py:161} INFO - Started process (PID=1007) to work on /home/airflow/.local/lib/python3.8/site-packages/airflow/example_dags/example_dynamic_task_mapping.py
[2026-06-18T16:57:25.352+0000] {processor.py:830} INFO - Processing file /home/airflow/.local/lib/python3.8/site-packages/airflow/example_dags/example_dynamic_task_mapping.py for tasks to queue
[2026-06-18T16:57:25.355+0000] {logging_mixin.py:188} INFO - [2026-06-18T16:57:25.354+0000] {dagbag.py:538} INFO - Filling up the DagBag from /home/airflow/.local/lib/python3.8/site-packages/airflow/example_dags/example_dynamic_task_mapping.py
[2026-06-18T16:57:25.365+0000] {processor.py:840} INFO - DAG(s) 'example_dynamic_task_mapping' retrieved from /home/airflow/.local/lib/python3.8/site-packages/airflow/example_dags/example_dynamic_task_mapping.py
[2026-06-18T16:57:25.405+0000] {logging_mixin.py:188} INFO - [2026-06-18T16:57:25.404+0000] {dag.py:3036} INFO - Sync 1 DAGs
[2026-06-18T16:57:25.449+0000] {logging_mixin.py:188} INFO - [2026-06-18T16:57:25.449+0000] {dag.py:3823} INFO - Setting next_dagrun for example_dynamic_task_mapping to 2022-03-04 00:00:00+00:00, run_after=2022-03-05 00:00:00+00:00
[2026-06-18T16:57:25.481+0000] {processor.py:183} INFO - Processing /home/airflow/.local/lib/python3.8/site-packages/airflow/example_dags/example_dynamic_task_mapping.py took 0.141 seconds
[2026-06-18T16:57:56.167+0000] {processor.py:161} INFO - Started process (PID=1072) to work on /home/airflow/.local/lib/python3.8/site-packages/airflow/example_dags/example_dynamic_task_mapping.py
[2026-06-18T16:57:56.169+0000] {processor.py:830} INFO - Processing file /home/airflow/.local/lib/python3.8/site-packages/airflow/example_dags/example_dynamic_task_mapping.py for tasks to queue
[2026-06-18T16:57:56.172+0000] {logging_mixin.py:188} INFO - [2026-06-18T16:57:56.171+0000] {dagbag.py:538} INFO - Filling up the DagBag from /home/airflow/.local/lib/python3.8/site-packages/airflow/example_dags/example_dynamic_task_mapping.py
[2026-06-18T16:57:56.182+0000] {processor.py:840} INFO - DAG(s) 'example_dynamic_task_mapping' retrieved from /home/airflow/.local/lib/python3.8/site-packages/airflow/example_dags/example_dynamic_task_mapping.py
[2026-06-18T16:57:56.216+0000] {logging_mixin.py:188} INFO - [2026-06-18T16:57:56.215+0000] {dag.py:3036} INFO - Sync 1 DAGs
[2026-06-18T16:57:56.251+0000] {logging_mixin.py:188} INFO - [2026-06-18T16:57:56.251+0000] {dag.py:3823} INFO - Setting next_dagrun for example_dynamic_task_mapping to 2022-03-04 00:00:00+00:00, run_after=2022-03-05 00:00:00+00:00
[2026-06-18T16:57:56.284+0000] {processor.py:183} INFO - Processing /home/airflow/.local/lib/python3.8/site-packages/airflow/example_dags/example_dynamic_task_mapping.py took 0.123 seconds
[2026-06-18T16:58:26.808+0000] {processor.py:161} INFO - Started process (PID=1137) to work on /home/airflow/.local/lib/python3.8/site-packages/airflow/example_dags/example_dynamic_task_mapping.py
[2026-06-18T16:58:26.810+0000] {processor.py:830} INFO - Processing file /home/airflow/.local/lib/python3.8/site-packages/airflow/example_dags/example_dynamic_task_mapping.py for tasks to queue
[2026-06-18T16:58:26.812+0000] {logging_mixin.py:188} INFO - [2026-06-18T16:58:26.812+0000] {dagbag.py:538} INFO - Filling up the DagBag from /home/airflow/.local/lib/python3.8/site-packages/airflow/example_dags/example_dynamic_task_mapping.py
[2026-06-18T16:58:26.823+0000] {processor.py:840} INFO - DAG(s) 'example_dynamic_task_mapping' retrieved from /home/airflow/.local/lib/python3.8/site-packages/airflow/example_dags/example_dynamic_task_mapping.py
[2026-06-18T16:58:26.845+0000] {logging_mixin.py:188} INFO - [2026-06-18T16:58:26.845+0000] {dag.py:3036} INFO - Sync 1 DAGs
[2026-06-18T16:58:26.886+0000] {logging_mixin.py:188} INFO - [2026-06-18T16:58:26.885+0000] {dag.py:3823} INFO - Setting next_dagrun for example_dynamic_task_mapping to 2022-03-04 00:00:00+00:00, run_after=2022-03-05 00:00:00+00:00
[2026-06-18T16:58:26.923+0000] {processor.py:183} INFO - Processing /home/airflow/.local/lib/python3.8/site-packages/airflow/example_dags/example_dynamic_task_mapping.py took 0.121 seconds
[2026-06-18T16:58:57.401+0000] {processor.py:161} INFO - Started process (PID=1203) to work on /home/airflow/.local/lib/python3.8/site-packages/airflow/example_dags/example_dynamic_task_mapping.py
[2026-06-18T16:58:57.404+0000] {processor.py:830} INFO - Processing file /home/airflow/.local/lib/python3.8/site-packages/airflow/example_dags/example_dynamic_task_mapping.py for tasks to queue
[2026-06-18T16:58:57.407+0000] {logging_mixin.py:188} INFO - [2026-06-18T16:58:57.406+0000] {dagbag.py:538} INFO - Filling up the DagBag from /home/airflow/.local/lib/python3.8/site-packages/airflow/example_dags/example_dynamic_task_mapping.py
[2026-06-18T16:58:57.419+0000] {processor.py:840} INFO - DAG(s) 'example_dynamic_task_mapping' retrieved from /home/airflow/.local/lib/python3.8/site-packages/airflow/example_dags/example_dynamic_task_mapping.py
[2026-06-18T16:58:57.626+0000] {logging_mixin.py:188} INFO - [2026-06-18T16:58:57.626+0000] {dag.py:3036} INFO - Sync 1 DAGs
[2026-06-18T16:58:57.667+0000] {logging_mixin.py:188} INFO - [2026-06-18T16:58:57.667+0000] {dag.py:3823} INFO - Setting next_dagrun for example_dynamic_task_mapping to 2022-03-04 00:00:00+00:00, run_after=2022-03-05 00:00:00+00:00
[2026-06-18T16:58:57.698+0000] {processor.py:183} INFO - Processing /home/airflow/.local/lib/python3.8/site-packages/airflow/example_dags/example_dynamic_task_mapping.py took 0.303 seconds
[2026-06-18T16:59:27.832+0000] {processor.py:161} INFO - Started process (PID=1269) to work on /home/airflow/.local/lib/python3.8/site-packages/airflow/example_dags/example_dynamic_task_mapping.py
[2026-06-18T16:59:27.833+0000] {processor.py:830} INFO - Processing file /home/airflow/.local/lib/python3.8/site-packages/airflow/example_dags/example_dynamic_task_mapping.py for tasks to queue
[2026-06-18T16:59:27.835+0000] {logging_mixin.py:188} INFO - [2026-06-18T16:59:27.835+0000] {dagbag.py:538} INFO - Filling up the DagBag from /home/airflow/.local/lib/python3.8/site-packages/airflow/example_dags/example_dynamic_task_mapping.py
[2026-06-18T16:59:27.844+0000] {processor.py:840} INFO - DAG(s) 'example_dynamic_task_mapping' retrieved from /home/airflow/.local/lib/python3.8/site-packages/airflow/example_dags/example_dynamic_task_mapping.py
[2026-06-18T16:59:27.878+0000] {logging_mixin.py:188} INFO - [2026-06-18T16:59:27.878+0000] {dag.py:3036} INFO - Sync 1 DAGs
[2026-06-18T16:59:27.915+0000] {logging_mixin.py:188} INFO - [2026-06-18T16:59:27.915+0000] {dag.py:3823} INFO - Setting next_dagrun for example_dynamic_task_mapping to 2022-03-04 00:00:00+00:00, run_after=2022-03-05 00:00:00+00:00
[2026-06-18T16:59:27.945+0000] {processor.py:183} INFO - Processing /home/airflow/.local/lib/python3.8/site-packages/airflow/example_dags/example_dynamic_task_mapping.py took 0.118 seconds
[2026-06-18T16:59:58.345+0000] {processor.py:161} INFO - Started process (PID=1335) to work on /home/airflow/.local/lib/python3.8/site-packages/airflow/example_dags/example_dynamic_task_mapping.py
[2026-06-18T16:59:58.347+0000] {processor.py:830} INFO - Processing file /home/airflow/.local/lib/python3.8/site-packages/airflow/example_dags/example_dynamic_task_mapping.py for tasks to queue
[2026-06-18T16:59:58.350+0000] {logging_mixin.py:188} INFO - [2026-06-18T16:59:58.349+0000] {dagbag.py:538} INFO - Filling up the DagBag from /home/airflow/.local/lib/python3.8/site-packages/airflow/example_dags/example_dynamic_task_mapping.py
[2026-06-18T16:59:58.360+0000] {processor.py:840} INFO - DAG(s) 'example_dynamic_task_mapping' retrieved from /home/airflow/.local/lib/python3.8/site-packages/airflow/example_dags/example_dynamic_task_mapping.py
[2026-06-18T16:59:58.385+0000] {logging_mixin.py:188} INFO - [2026-06-18T16:59:58.385+0000] {dag.py:3036} INFO - Sync 1 DAGs
[2026-06-18T16:59:58.430+0000] {logging_mixin.py:188} INFO - [2026-06-18T16:59:58.430+0000] {dag.py:3823} INFO - Setting next_dagrun for example_dynamic_task_mapping to 2022-03-04 00:00:00+00:00, run_after=2022-03-05 00:00:00+00:00
[2026-06-18T16:59:58.465+0000] {processor.py:183} INFO - Processing /home/airflow/.local/lib/python3.8/site-packages/airflow/example_dags/example_dynamic_task_mapping.py took 0.125 seconds
[2026-06-18T17:00:29.702+0000] {processor.py:161} INFO - Started process (PID=1408) to work on /home/airflow/.local/lib/python3.8/site-packages/airflow/example_dags/example_dynamic_task_mapping.py
[2026-06-18T17:00:29.704+0000] {processor.py:830} INFO - Processing file /home/airflow/.local/lib/python3.8/site-packages/airflow/example_dags/example_dynamic_task_mapping.py for tasks to queue
[2026-06-18T17:00:29.707+0000] {logging_mixin.py:188} INFO - [2026-06-18T17:00:29.706+0000] {dagbag.py:538} INFO - Filling up the DagBag from /home/airflow/.local/lib/python3.8/site-packages/airflow/example_dags/example_dynamic_task_mapping.py
[2026-06-18T17:00:29.716+0000] {processor.py:840} INFO - DAG(s) 'example_dynamic_task_mapping' retrieved from /home/airflow/.local/lib/python3.8/site-packages/airflow/example_dags/example_dynamic_task_mapping.py
[2026-06-18T17:00:29.945+0000] {logging_mixin.py:188} INFO - [2026-06-18T17:00:29.945+0000] {dag.py:3036} INFO - Sync 1 DAGs
[2026-06-18T17:00:29.991+0000] {logging_mixin.py:188} INFO - [2026-06-18T17:00:29.990+0000] {dag.py:3823} INFO - Setting next_dagrun for example_dynamic_task_mapping to 2022-03-04 00:00:00+00:00, run_after=2022-03-05 00:00:00+00:00
[2026-06-18T17:00:30.039+0000] {processor.py:183} INFO - Processing /home/airflow/.local/lib/python3.8/site-packages/airflow/example_dags/example_dynamic_task_mapping.py took 0.343 seconds
[2026-06-18T17:01:00.133+0000] {processor.py:161} INFO - Started process (PID=1466) to work on /home/airflow/.local/lib/python3.8/site-packages/airflow/example_dags/example_dynamic_task_mapping.py
[2026-06-18T17:01:00.134+0000] {processor.py:830} INFO - Processing file /home/airflow/.local/lib/python3.8/site-packages/airflow/example_dags/example_dynamic_task_mapping.py for tasks to queue
[2026-06-18T17:01:00.137+0000] {logging_mixin.py:188} INFO - [2026-06-18T17:01:00.136+0000] {dagbag.py:538} INFO - Filling up the DagBag from /home/airflow/.local/lib/python3.8/site-packages/airflow/example_dags/example_dynamic_task_mapping.py
[2026-06-18T17:01:00.149+0000] {processor.py:840} INFO - DAG(s) 'example_dynamic_task_mapping' retrieved from /home/airflow/.local/lib/python3.8/site-packages/airflow/example_dags/example_dynamic_task_mapping.py
[2026-06-18T17:01:00.192+0000] {logging_mixin.py:188} INFO - [2026-06-18T17:01:00.192+0000] {dag.py:3036} INFO - Sync 1 DAGs
[2026-06-18T17:01:00.251+0000] {logging_mixin.py:188} INFO - [2026-06-18T17:01:00.250+0000] {dag.py:3823} INFO - Setting next_dagrun for example_dynamic_task_mapping to 2022-03-04 00:00:00+00:00, run_after=2022-03-05 00:00:00+00:00
[2026-06-18T17:01:00.287+0000] {processor.py:183} INFO - Processing /home/airflow/.local/lib/python3.8/site-packages/airflow/example_dags/example_dynamic_task_mapping.py took 0.161 seconds
[2026-06-18T17:01:30.370+0000] {processor.py:161} INFO - Started process (PID=1531) to work on /home/airflow/.local/lib/python3.8/site-packages/airflow/example_dags/example_dynamic_task_mapping.py
[2026-06-18T17:01:30.371+0000] {processor.py:830} INFO - Processing file /home/airflow/.local/lib/python3.8/site-packages/airflow/example_dags/example_dynamic_task_mapping.py for tasks to queue
[2026-06-18T17:01:30.374+0000] {logging_mixin.py:188} INFO - [2026-06-18T17:01:30.373+0000] {dagbag.py:538} INFO - Filling up the DagBag from /home/airflow/.local/lib/python3.8/site-packages/airflow/example_dags/example_dynamic_task_mapping.py
[2026-06-18T17:01:30.384+0000] {processor.py:840} INFO - DAG(s) 'example_dynamic_task_mapping' retrieved from /home/airflow/.local/lib/python3.8/site-packages/airflow/example_dags/example_dynamic_task_mapping.py
[2026-06-18T17:01:30.421+0000] {logging_mixin.py:188} INFO - [2026-06-18T17:01:30.421+0000] {dag.py:3036} INFO - Sync 1 DAGs
[2026-06-18T17:01:30.459+0000] {logging_mixin.py:188} INFO - [2026-06-18T17:01:30.459+0000] {dag.py:3823} INFO - Setting next_dagrun for example_dynamic_task_mapping to 2022-03-04 00:00:00+00:00, run_after=2022-03-05 00:00:00+00:00
[2026-06-18T17:01:30.492+0000] {processor.py:183} INFO - Processing /home/airflow/.local/lib/python3.8/site-packages/airflow/example_dags/example_dynamic_task_mapping.py took 0.128 seconds
[2026-06-18T17:02:00.947+0000] {processor.py:161} INFO - Started process (PID=1604) to work on /home/airflow/.local/lib/python3.8/site-packages/airflow/example_dags/example_dynamic_task_mapping.py
[2026-06-18T17:02:00.951+0000] {processor.py:830} INFO - Processing file /home/airflow/.local/lib/python3.8/site-packages/airflow/example_dags/example_dynamic_task_mapping.py for tasks to queue
[2026-06-18T17:02:00.958+0000] {logging_mixin.py:188} INFO - [2026-06-18T17:02:00.957+0000] {dagbag.py:538} INFO - Filling up the DagBag from /home/airflow/.local/lib/python3.8/site-packages/airflow/example_dags/example_dynamic_task_mapping.py
[2026-06-18T17:02:00.972+0000] {processor.py:840} INFO - DAG(s) 'example_dynamic_task_mapping' retrieved from /home/airflow/.local/lib/python3.8/site-packages/airflow/example_dags/example_dynamic_task_mapping.py
[2026-06-18T17:02:01.014+0000] {logging_mixin.py:188} INFO - [2026-06-18T17:02:01.013+0000] {dag.py:3036} INFO - Sync 1 DAGs
[2026-06-18T17:02:01.061+0000] {logging_mixin.py:188} INFO - [2026-06-18T17:02:01.060+0000] {dag.py:3823} INFO - Setting next_dagrun for example_dynamic_task_mapping to 2022-03-04 00:00:00+00:00, run_after=2022-03-05 00:00:00+00:00
[2026-06-18T17:02:01.094+0000] {processor.py:183} INFO - Processing /home/airflow/.local/lib/python3.8/site-packages/airflow/example_dags/example_dynamic_task_mapping.py took 0.153 seconds
[2026-06-18T17:02:31.900+0000] {processor.py:161} INFO - Started process (PID=1672) to work on /home/airflow/.local/lib/python3.8/site-packages/airflow/example_dags/example_dynamic_task_mapping.py
[2026-06-18T17:02:31.902+0000] {processor.py:830} INFO - Processing file /home/airflow/.local/lib/python3.8/site-packages/airflow/example_dags/example_dynamic_task_mapping.py for tasks to queue
[2026-06-18T17:02:31.905+0000] {logging_mixin.py:188} INFO - [2026-06-18T17:02:31.905+0000] {dagbag.py:538} INFO - Filling up the DagBag from /home/airflow/.local/lib/python3.8/site-packages/airflow/example_dags/example_dynamic_task_mapping.py
[2026-06-18T17:02:31.919+0000] {processor.py:840} INFO - DAG(s) 'example_dynamic_task_mapping' retrieved from /home/airflow/.local/lib/python3.8/site-packages/airflow/example_dags/example_dynamic_task_mapping.py
[2026-06-18T17:02:31.967+0000] {logging_mixin.py:188} INFO - [2026-06-18T17:02:31.967+0000] {dag.py:3036} INFO - Sync 1 DAGs
[2026-06-18T17:02:32.015+0000] {logging_mixin.py:188} INFO - [2026-06-18T17:02:32.014+0000] {dag.py:3823} INFO - Setting next_dagrun for example_dynamic_task_mapping to 2022-03-04 00:00:00+00:00, run_after=2022-03-05 00:00:00+00:00
[2026-06-18T17:02:32.050+0000] {processor.py:183} INFO - Processing /home/airflow/.local/lib/python3.8/site-packages/airflow/example_dags/example_dynamic_task_mapping.py took 0.161 seconds
[2026-06-18T17:03:02.576+0000] {processor.py:161} INFO - Started process (PID=1737) to work on /home/airflow/.local/lib/python3.8/site-packages/airflow/example_dags/example_dynamic_task_mapping.py
[2026-06-18T17:03:02.578+0000] {processor.py:830} INFO - Processing file /home/airflow/.local/lib/python3.8/site-packages/airflow/example_dags/example_dynamic_task_mapping.py for tasks to queue
[2026-06-18T17:03:02.581+0000] {logging_mixin.py:188} INFO - [2026-06-18T17:03:02.581+0000] {dagbag.py:538} INFO - Filling up the DagBag from /home/airflow/.local/lib/python3.8/site-packages/airflow/example_dags/example_dynamic_task_mapping.py
[2026-06-18T17:03:02.593+0000] {processor.py:840} INFO - DAG(s) 'example_dynamic_task_mapping' retrieved from /home/airflow/.local/lib/python3.8/site-packages/airflow/example_dags/example_dynamic_task_mapping.py
[2026-06-18T17:03:02.633+0000] {logging_mixin.py:188} INFO - [2026-06-18T17:03:02.633+0000] {dag.py:3036} INFO - Sync 1 DAGs
[2026-06-18T17:03:02.679+0000] {logging_mixin.py:188} INFO - [2026-06-18T17:03:02.678+0000] {dag.py:3823} INFO - Setting next_dagrun for example_dynamic_task_mapping to 2022-03-04 00:00:00+00:00, run_after=2022-03-05 00:00:00+00:00
[2026-06-18T17:03:02.726+0000] {processor.py:183} INFO - Processing /home/airflow/.local/lib/python3.8/site-packages/airflow/example_dags/example_dynamic_task_mapping.py took 0.156 seconds
[2026-06-18T17:03:33.149+0000] {processor.py:161} INFO - Started process (PID=1803) to work on /home/airflow/.local/lib/python3.8/site-packages/airflow/example_dags/example_dynamic_task_mapping.py
[2026-06-18T17:03:33.151+0000] {processor.py:830} INFO - Processing file /home/airflow/.local/lib/python3.8/site-packages/airflow/example_dags/example_dynamic_task_mapping.py for tasks to queue
[2026-06-18T17:03:33.153+0000] {logging_mixin.py:188} INFO - [2026-06-18T17:03:33.153+0000] {dagbag.py:538} INFO - Filling up the DagBag from /home/airflow/.local/lib/python3.8/site-packages/airflow/example_dags/example_dynamic_task_mapping.py
[2026-06-18T17:03:33.163+0000] {processor.py:840} INFO - DAG(s) 'example_dynamic_task_mapping' retrieved from /home/airflow/.local/lib/python3.8/site-packages/airflow/example_dags/example_dynamic_task_mapping.py
[2026-06-18T17:03:33.201+0000] {logging_mixin.py:188} INFO - [2026-06-18T17:03:33.201+0000] {dag.py:3036} INFO - Sync 1 DAGs
[2026-06-18T17:03:33.242+0000] {logging_mixin.py:188} INFO - [2026-06-18T17:03:33.242+0000] {dag.py:3823} INFO - Setting next_dagrun for example_dynamic_task_mapping to 2022-03-04 00:00:00+00:00, run_after=2022-03-05 00:00:00+00:00
[2026-06-18T17:03:33.273+0000] {processor.py:183} INFO - Processing /home/airflow/.local/lib/python3.8/site-packages/airflow/example_dags/example_dynamic_task_mapping.py took 0.129 seconds
[2026-06-18T17:04:03.755+0000] {processor.py:161} INFO - Started process (PID=1869) to work on /home/airflow/.local/lib/python3.8/site-packages/airflow/example_dags/example_dynamic_task_mapping.py
[2026-06-18T17:04:03.757+0000] {processor.py:830} INFO - Processing file /home/airflow/.local/lib/python3.8/site-packages/airflow/example_dags/example_dynamic_task_mapping.py for tasks to queue
[2026-06-18T17:04:03.761+0000] {logging_mixin.py:188} INFO - [2026-06-18T17:04:03.760+0000] {dagbag.py:538} INFO - Filling up the DagBag from /home/airflow/.local/lib/python3.8/site-packages/airflow/example_dags/example_dynamic_task_mapping.py
[2026-06-18T17:04:03.782+0000] {processor.py:840} INFO - DAG(s) 'example_dynamic_task_mapping' retrieved from /home/airflow/.local/lib/python3.8/site-packages/airflow/example_dags/example_dynamic_task_mapping.py
[2026-06-18T17:04:03.829+0000] {logging_mixin.py:188} INFO - [2026-06-18T17:04:03.828+0000] {dag.py:3036} INFO - Sync 1 DAGs
[2026-06-18T17:04:03.870+0000] {logging_mixin.py:188} INFO - [2026-06-18T17:04:03.870+0000] {dag.py:3823} INFO - Setting next_dagrun for example_dynamic_task_mapping to 2022-03-04 00:00:00+00:00, run_after=2022-03-05 00:00:00+00:00
[2026-06-18T17:04:03.903+0000] {processor.py:183} INFO - Processing /home/airflow/.local/lib/python3.8/site-packages/airflow/example_dags/example_dynamic_task_mapping.py took 0.161 seconds
[2026-06-18T17:04:34.206+0000] {processor.py:161} INFO - Started process (PID=1936) to work on /home/airflow/.local/lib/python3.8/site-packages/airflow/example_dags/example_dynamic_task_mapping.py
[2026-06-18T17:04:34.207+0000] {processor.py:830} INFO - Processing file /home/airflow/.local/lib/python3.8/site-packages/airflow/example_dags/example_dynamic_task_mapping.py for tasks to queue
[2026-06-18T17:04:34.210+0000] {logging_mixin.py:188} INFO - [2026-06-18T17:04:34.209+0000] {dagbag.py:538} INFO - Filling up the DagBag from /home/airflow/.local/lib/python3.8/site-packages/airflow/example_dags/example_dynamic_task_mapping.py
[2026-06-18T17:04:34.220+0000] {processor.py:840} INFO - DAG(s) 'example_dynamic_task_mapping' retrieved from /home/airflow/.local/lib/python3.8/site-packages/airflow/example_dags/example_dynamic_task_mapping.py
[2026-06-18T17:04:34.259+0000] {logging_mixin.py:188} INFO - [2026-06-18T17:04:34.259+0000] {dag.py:3036} INFO - Sync 1 DAGs
[2026-06-18T17:04:34.299+0000] {logging_mixin.py:188} INFO - [2026-06-18T17:04:34.299+0000] {dag.py:3823} INFO - Setting next_dagrun for example_dynamic_task_mapping to 2022-03-04 00:00:00+00:00, run_after=2022-03-05 00:00:00+00:00
[2026-06-18T17:04:34.336+0000] {processor.py:183} INFO - Processing /home/airflow/.local/lib/python3.8/site-packages/airflow/example_dags/example_dynamic_task_mapping.py took 0.136 seconds
[2026-06-18T17:05:04.416+0000] {processor.py:161} INFO - Started process (PID=2001) to work on /home/airflow/.local/lib/python3.8/site-packages/airflow/example_dags/example_dynamic_task_mapping.py
[2026-06-18T17:05:04.418+0000] {processor.py:830} INFO - Processing file /home/airflow/.local/lib/python3.8/site-packages/airflow/example_dags/example_dynamic_task_mapping.py for tasks to queue
[2026-06-18T17:05:04.422+0000] {logging_mixin.py:188} INFO - [2026-06-18T17:05:04.421+0000] {dagbag.py:538} INFO - Filling up the DagBag from /home/airflow/.local/lib/python3.8/site-packages/airflow/example_dags/example_dynamic_task_mapping.py
[2026-06-18T17:05:04.432+0000] {processor.py:840} INFO - DAG(s) 'example_dynamic_task_mapping' retrieved from /home/airflow/.local/lib/python3.8/site-packages/airflow/example_dags/example_dynamic_task_mapping.py
[2026-06-18T17:05:04.471+0000] {logging_mixin.py:188} INFO - [2026-06-18T17:05:04.471+0000] {dag.py:3036} INFO - Sync 1 DAGs
[2026-06-18T17:05:04.512+0000] {logging_mixin.py:188} INFO - [2026-06-18T17:05:04.512+0000] {dag.py:3823} INFO - Setting next_dagrun for example_dynamic_task_mapping to 2022-03-04 00:00:00+00:00, run_after=2022-03-05 00:00:00+00:00
[2026-06-18T17:05:04.545+0000] {processor.py:183} INFO - Processing /home/airflow/.local/lib/python3.8/site-packages/airflow/example_dags/example_dynamic_task_mapping.py took 0.135 seconds
[2026-06-18T17:05:35.158+0000] {processor.py:161} INFO - Started process (PID=2067) to work on /home/airflow/.local/lib/python3.8/site-packages/airflow/example_dags/example_dynamic_task_mapping.py
[2026-06-18T17:05:35.160+0000] {processor.py:830} INFO - Processing file /home/airflow/.local/lib/python3.8/site-packages/airflow/example_dags/example_dynamic_task_mapping.py for tasks to queue
[2026-06-18T17:05:35.163+0000] {logging_mixin.py:188} INFO - [2026-06-18T17:05:35.163+0000] {dagbag.py:538} INFO - Filling up the DagBag from /home/airflow/.local/lib/python3.8/site-packages/airflow/example_dags/example_dynamic_task_mapping.py
[2026-06-18T17:05:35.175+0000] {processor.py:840} INFO - DAG(s) 'example_dynamic_task_mapping' retrieved from /home/airflow/.local/lib/python3.8/site-packages/airflow/example_dags/example_dynamic_task_mapping.py
[2026-06-18T17:05:35.221+0000] {logging_mixin.py:188} INFO - [2026-06-18T17:05:35.221+0000] {dag.py:3036} INFO - Sync 1 DAGs
[2026-06-18T17:05:35.277+0000] {logging_mixin.py:188} INFO - [2026-06-18T17:05:35.276+0000] {dag.py:3823} INFO - Setting next_dagrun for example_dynamic_task_mapping to 2022-03-04 00:00:00+00:00, run_after=2022-03-05 00:00:00+00:00
[2026-06-18T17:05:35.312+0000] {processor.py:183} INFO - Processing /home/airflow/.local/lib/python3.8/site-packages/airflow/example_dags/example_dynamic_task_mapping.py took 0.161 seconds
[2026-06-18T17:06:06.118+0000] {processor.py:161} INFO - Started process (PID=2132) to work on /home/airflow/.local/lib/python3.8/site-packages/airflow/example_dags/example_dynamic_task_mapping.py
[2026-06-18T17:06:06.120+0000] {processor.py:830} INFO - Processing file /home/airflow/.local/lib/python3.8/site-packages/airflow/example_dags/example_dynamic_task_mapping.py for tasks to queue
[2026-06-18T17:06:06.123+0000] {logging_mixin.py:188} INFO - [2026-06-18T17:06:06.123+0000] {dagbag.py:538} INFO - Filling up the DagBag from /home/airflow/.local/lib/python3.8/site-packages/airflow/example_dags/example_dynamic_task_mapping.py
[2026-06-18T17:06:06.134+0000] {processor.py:840} INFO - DAG(s) 'example_dynamic_task_mapping' retrieved from /home/airflow/.local/lib/python3.8/site-packages/airflow/example_dags/example_dynamic_task_mapping.py
[2026-06-18T17:06:06.167+0000] {logging_mixin.py:188} INFO - [2026-06-18T17:06:06.167+0000] {dag.py:3036} INFO - Sync 1 DAGs
[2026-06-18T17:06:06.206+0000] {logging_mixin.py:188} INFO - [2026-06-18T17:06:06.206+0000] {dag.py:3823} INFO - Setting next_dagrun for example_dynamic_task_mapping to 2022-03-04 00:00:00+00:00, run_after=2022-03-05 00:00:00+00:00
[2026-06-18T17:06:06.277+0000] {processor.py:183} INFO - Processing /home/airflow/.local/lib/python3.8/site-packages/airflow/example_dags/example_dynamic_task_mapping.py took 0.165 seconds
[2026-06-18T17:06:36.615+0000] {processor.py:161} INFO - Started process (PID=2198) to work on /home/airflow/.local/lib/python3.8/site-packages/airflow/example_dags/example_dynamic_task_mapping.py
[2026-06-18T17:06:36.616+0000] {processor.py:830} INFO - Processing file /home/airflow/.local/lib/python3.8/site-packages/airflow/example_dags/example_dynamic_task_mapping.py for tasks to queue
[2026-06-18T17:06:36.619+0000] {logging_mixin.py:188} INFO - [2026-06-18T17:06:36.618+0000] {dagbag.py:538} INFO - Filling up the DagBag from /home/airflow/.local/lib/python3.8/site-packages/airflow/example_dags/example_dynamic_task_mapping.py
[2026-06-18T17:06:36.629+0000] {processor.py:840} INFO - DAG(s) 'example_dynamic_task_mapping' retrieved from /home/airflow/.local/lib/python3.8/site-packages/airflow/example_dags/example_dynamic_task_mapping.py
[2026-06-18T17:06:36.663+0000] {logging_mixin.py:188} INFO - [2026-06-18T17:06:36.663+0000] {dag.py:3036} INFO - Sync 1 DAGs
[2026-06-18T17:06:36.705+0000] {logging_mixin.py:188} INFO - [2026-06-18T17:06:36.705+0000] {dag.py:3823} INFO - Setting next_dagrun for example_dynamic_task_mapping to 2022-03-04 00:00:00+00:00, run_after=2022-03-05 00:00:00+00:00
[2026-06-18T17:06:36.737+0000] {processor.py:183} INFO - Processing /home/airflow/.local/lib/python3.8/site-packages/airflow/example_dags/example_dynamic_task_mapping.py took 0.128 seconds
[2026-06-18T17:07:06.947+0000] {processor.py:161} INFO - Started process (PID=2264) to work on /home/airflow/.local/lib/python3.8/site-packages/airflow/example_dags/example_dynamic_task_mapping.py
[2026-06-18T17:07:06.949+0000] {processor.py:830} INFO - Processing file /home/airflow/.local/lib/python3.8/site-packages/airflow/example_dags/example_dynamic_task_mapping.py for tasks to queue
[2026-06-18T17:07:06.953+0000] {logging_mixin.py:188} INFO - [2026-06-18T17:07:06.953+0000] {dagbag.py:538} INFO - Filling up the DagBag from /home/airflow/.local/lib/python3.8/site-packages/airflow/example_dags/example_dynamic_task_mapping.py
[2026-06-18T17:07:06.965+0000] {processor.py:840} INFO - DAG(s) 'example_dynamic_task_mapping' retrieved from /home/airflow/.local/lib/python3.8/site-packages/airflow/example_dags/example_dynamic_task_mapping.py
[2026-06-18T17:07:06.999+0000] {logging_mixin.py:188} INFO - [2026-06-18T17:07:06.998+0000] {dag.py:3036} INFO - Sync 1 DAGs
[2026-06-18T17:07:07.037+0000] {logging_mixin.py:188} INFO - [2026-06-18T17:07:07.036+0000] {dag.py:3823} INFO - Setting next_dagrun for example_dynamic_task_mapping to 2022-03-04 00:00:00+00:00, run_after=2022-03-05 00:00:00+00:00
[2026-06-18T17:07:07.065+0000] {processor.py:183} INFO - Processing /home/airflow/.local/lib/python3.8/site-packages/airflow/example_dags/example_dynamic_task_mapping.py took 0.124 seconds
[2026-06-18T17:07:37.948+0000] {processor.py:161} INFO - Started process (PID=2337) to work on /home/airflow/.local/lib/python3.8/site-packages/airflow/example_dags/example_dynamic_task_mapping.py
[2026-06-18T17:07:37.950+0000] {processor.py:830} INFO - Processing file /home/airflow/.local/lib/python3.8/site-packages/airflow/example_dags/example_dynamic_task_mapping.py for tasks to queue
[2026-06-18T17:07:37.952+0000] {logging_mixin.py:188} INFO - [2026-06-18T17:07:37.952+0000] {dagbag.py:538} INFO - Filling up the DagBag from /home/airflow/.local/lib/python3.8/site-packages/airflow/example_dags/example_dynamic_task_mapping.py
[2026-06-18T17:07:37.963+0000] {processor.py:840} INFO - DAG(s) 'example_dynamic_task_mapping' retrieved from /home/airflow/.local/lib/python3.8/site-packages/airflow/example_dags/example_dynamic_task_mapping.py
[2026-06-18T17:07:38.003+0000] {logging_mixin.py:188} INFO - [2026-06-18T17:07:38.002+0000] {dag.py:3036} INFO - Sync 1 DAGs
[2026-06-18T17:07:38.051+0000] {logging_mixin.py:188} INFO - [2026-06-18T17:07:38.051+0000] {dag.py:3823} INFO - Setting next_dagrun for example_dynamic_task_mapping to 2022-03-04 00:00:00+00:00, run_after=2022-03-05 00:00:00+00:00
[2026-06-18T17:07:38.085+0000] {processor.py:183} INFO - Processing /home/airflow/.local/lib/python3.8/site-packages/airflow/example_dags/example_dynamic_task_mapping.py took 0.144 seconds
[2026-06-18T17:08:08.240+0000] {processor.py:161} INFO - Started process (PID=2404) to work on /home/airflow/.local/lib/python3.8/site-packages/airflow/example_dags/example_dynamic_task_mapping.py
[2026-06-18T17:08:08.241+0000] {processor.py:830} INFO - Processing file /home/airflow/.local/lib/python3.8/site-packages/airflow/example_dags/example_dynamic_task_mapping.py for tasks to queue
[2026-06-18T17:08:08.244+0000] {logging_mixin.py:188} INFO - [2026-06-18T17:08:08.244+0000] {dagbag.py:538} INFO - Filling up the DagBag from /home/airflow/.local/lib/python3.8/site-packages/airflow/example_dags/example_dynamic_task_mapping.py
[2026-06-18T17:08:08.255+0000] {processor.py:840} INFO - DAG(s) 'example_dynamic_task_mapping' retrieved from /home/airflow/.local/lib/python3.8/site-packages/airflow/example_dags/example_dynamic_task_mapping.py
[2026-06-18T17:08:08.289+0000] {logging_mixin.py:188} INFO - [2026-06-18T17:08:08.289+0000] {dag.py:3036} INFO - Sync 1 DAGs
[2026-06-18T17:08:08.334+0000] {logging_mixin.py:188} INFO - [2026-06-18T17:08:08.333+0000] {dag.py:3823} INFO - Setting next_dagrun for example_dynamic_task_mapping to 2022-03-04 00:00:00+00:00, run_after=2022-03-05 00:00:00+00:00
[2026-06-18T17:08:08.373+0000] {processor.py:183} INFO - Processing /home/airflow/.local/lib/python3.8/site-packages/airflow/example_dags/example_dynamic_task_mapping.py took 0.139 seconds
[2026-06-18T17:08:39.230+0000] {processor.py:161} INFO - Started process (PID=2471) to work on /home/airflow/.local/lib/python3.8/site-packages/airflow/example_dags/example_dynamic_task_mapping.py
[2026-06-18T17:08:39.232+0000] {processor.py:830} INFO - Processing file /home/airflow/.local/lib/python3.8/site-packages/airflow/example_dags/example_dynamic_task_mapping.py for tasks to queue
[2026-06-18T17:08:39.235+0000] {logging_mixin.py:188} INFO - [2026-06-18T17:08:39.234+0000] {dagbag.py:538} INFO - Filling up the DagBag from /home/airflow/.local/lib/python3.8/site-packages/airflow/example_dags/example_dynamic_task_mapping.py
[2026-06-18T17:08:39.246+0000] {processor.py:840} INFO - DAG(s) 'example_dynamic_task_mapping' retrieved from /home/airflow/.local/lib/python3.8/site-packages/airflow/example_dags/example_dynamic_task_mapping.py
[2026-06-18T17:08:39.287+0000] {logging_mixin.py:188} INFO - [2026-06-18T17:08:39.287+0000] {dag.py:3036} INFO - Sync 1 DAGs
[2026-06-18T17:08:39.332+0000] {logging_mixin.py:188} INFO - [2026-06-18T17:08:39.332+0000] {dag.py:3823} INFO - Setting next_dagrun for example_dynamic_task_mapping to 2022-03-04 00:00:00+00:00, run_after=2022-03-05 00:00:00+00:00
[2026-06-18T17:08:39.362+0000] {processor.py:183} INFO - Processing /home/airflow/.local/lib/python3.8/site-packages/airflow/example_dags/example_dynamic_task_mapping.py took 0.138 seconds
[2026-06-18T17:09:09.836+0000] {processor.py:161} INFO - Started process (PID=2536) to work on /home/airflow/.local/lib/python3.8/site-packages/airflow/example_dags/example_dynamic_task_mapping.py
[2026-06-18T17:09:09.837+0000] {processor.py:830} INFO - Processing file /home/airflow/.local/lib/python3.8/site-packages/airflow/example_dags/example_dynamic_task_mapping.py for tasks to queue
[2026-06-18T17:09:09.840+0000] {logging_mixin.py:188} INFO - [2026-06-18T17:09:09.840+0000] {dagbag.py:538} INFO - Filling up the DagBag from /home/airflow/.local/lib/python3.8/site-packages/airflow/example_dags/example_dynamic_task_mapping.py
[2026-06-18T17:09:09.853+0000] {processor.py:840} INFO - DAG(s) 'example_dynamic_task_mapping' retrieved from /home/airflow/.local/lib/python3.8/site-packages/airflow/example_dags/example_dynamic_task_mapping.py
[2026-06-18T17:09:09.900+0000] {logging_mixin.py:188} INFO - [2026-06-18T17:09:09.900+0000] {dag.py:3036} INFO - Sync 1 DAGs
[2026-06-18T17:09:09.948+0000] {logging_mixin.py:188} INFO - [2026-06-18T17:09:09.948+0000] {dag.py:3823} INFO - Setting next_dagrun for example_dynamic_task_mapping to 2022-03-04 00:00:00+00:00, run_after=2022-03-05 00:00:00+00:00
[2026-06-18T17:09:09.983+0000] {processor.py:183} INFO - Processing /home/airflow/.local/lib/python3.8/site-packages/airflow/example_dags/example_dynamic_task_mapping.py took 0.154 seconds
[2026-06-18T17:09:40.537+0000] {processor.py:161} INFO - Started process (PID=2603) to work on /home/airflow/.local/lib/python3.8/site-packages/airflow/example_dags/example_dynamic_task_mapping.py
[2026-06-18T17:09:40.539+0000] {processor.py:830} INFO - Processing file /home/airflow/.local/lib/python3.8/site-packages/airflow/example_dags/example_dynamic_task_mapping.py for tasks to queue
[2026-06-18T17:09:40.542+0000] {logging_mixin.py:188} INFO - [2026-06-18T17:09:40.541+0000] {dagbag.py:538} INFO - Filling up the DagBag from /home/airflow/.local/lib/python3.8/site-packages/airflow/example_dags/example_dynamic_task_mapping.py
[2026-06-18T17:09:40.552+0000] {processor.py:840} INFO - DAG(s) 'example_dynamic_task_mapping' retrieved from /home/airflow/.local/lib/python3.8/site-packages/airflow/example_dags/example_dynamic_task_mapping.py
[2026-06-18T17:09:40.600+0000] {logging_mixin.py:188} INFO - [2026-06-18T17:09:40.600+0000] {dag.py:3036} INFO - Sync 1 DAGs
[2026-06-18T17:09:40.647+0000] {logging_mixin.py:188} INFO - [2026-06-18T17:09:40.647+0000] {dag.py:3823} INFO - Setting next_dagrun for example_dynamic_task_mapping to 2022-03-04 00:00:00+00:00, run_after=2022-03-05 00:00:00+00:00
[2026-06-18T17:09:40.684+0000] {processor.py:183} INFO - Processing /home/airflow/.local/lib/python3.8/site-packages/airflow/example_dags/example_dynamic_task_mapping.py took 0.156 seconds
[2026-06-18T17:10:11.949+0000] {processor.py:161} INFO - Started process (PID=2669) to work on /home/airflow/.local/lib/python3.8/site-packages/airflow/example_dags/example_dynamic_task_mapping.py
[2026-06-18T17:10:11.950+0000] {processor.py:830} INFO - Processing file /home/airflow/.local/lib/python3.8/site-packages/airflow/example_dags/example_dynamic_task_mapping.py for tasks to queue
[2026-06-18T17:10:11.953+0000] {logging_mixin.py:188} INFO - [2026-06-18T17:10:11.952+0000] {dagbag.py:538} INFO - Filling up the DagBag from /home/airflow/.local/lib/python3.8/site-packages/airflow/example_dags/example_dynamic_task_mapping.py
[2026-06-18T17:10:11.967+0000] {processor.py:840} INFO - DAG(s) 'example_dynamic_task_mapping' retrieved from /home/airflow/.local/lib/python3.8/site-packages/airflow/example_dags/example_dynamic_task_mapping.py
[2026-06-18T17:10:12.007+0000] {logging_mixin.py:188} INFO - [2026-06-18T17:10:12.007+0000] {dag.py:3036} INFO - Sync 1 DAGs
[2026-06-18T17:10:12.051+0000] {logging_mixin.py:188} INFO - [2026-06-18T17:10:12.050+0000] {dag.py:3823} INFO - Setting next_dagrun for example_dynamic_task_mapping to 2022-03-04 00:00:00+00:00, run_after=2022-03-05 00:00:00+00:00
[2026-06-18T17:10:12.086+0000] {processor.py:183} INFO - Processing /home/airflow/.local/lib/python3.8/site-packages/airflow/example_dags/example_dynamic_task_mapping.py took 0.143 seconds
[2026-06-18T17:10:42.414+0000] {processor.py:161} INFO - Started process (PID=2734) to work on /home/airflow/.local/lib/python3.8/site-packages/airflow/example_dags/example_dynamic_task_mapping.py
[2026-06-18T17:10:42.416+0000] {processor.py:830} INFO - Processing file /home/airflow/.local/lib/python3.8/site-packages/airflow/example_dags/example_dynamic_task_mapping.py for tasks to queue
[2026-06-18T17:10:42.419+0000] {logging_mixin.py:188} INFO - [2026-06-18T17:10:42.418+0000] {dagbag.py:538} INFO - Filling up the DagBag from /home/airflow/.local/lib/python3.8/site-packages/airflow/example_dags/example_dynamic_task_mapping.py
[2026-06-18T17:10:42.429+0000] {processor.py:840} INFO - DAG(s) 'example_dynamic_task_mapping' retrieved from /home/airflow/.local/lib/python3.8/site-packages/airflow/example_dags/example_dynamic_task_mapping.py
[2026-06-18T17:10:42.464+0000] {logging_mixin.py:188} INFO - [2026-06-18T17:10:42.464+0000] {dag.py:3036} INFO - Sync 1 DAGs
[2026-06-18T17:10:42.697+0000] {logging_mixin.py:188} INFO - [2026-06-18T17:10:42.697+0000] {dag.py:3823} INFO - Setting next_dagrun for example_dynamic_task_mapping to 2022-03-04 00:00:00+00:00, run_after=2022-03-05 00:00:00+00:00
[2026-06-18T17:10:42.747+0000] {processor.py:183} INFO - Processing /home/airflow/.local/lib/python3.8/site-packages/airflow/example_dags/example_dynamic_task_mapping.py took 0.337 seconds
[2026-06-18T17:11:13.049+0000] {processor.py:161} INFO - Started process (PID=2801) to work on /home/airflow/.local/lib/python3.8/site-packages/airflow/example_dags/example_dynamic_task_mapping.py
[2026-06-18T17:11:13.051+0000] {processor.py:830} INFO - Processing file /home/airflow/.local/lib/python3.8/site-packages/airflow/example_dags/example_dynamic_task_mapping.py for tasks to queue
[2026-06-18T17:11:13.055+0000] {logging_mixin.py:188} INFO - [2026-06-18T17:11:13.054+0000] {dagbag.py:538} INFO - Filling up the DagBag from /home/airflow/.local/lib/python3.8/site-packages/airflow/example_dags/example_dynamic_task_mapping.py
[2026-06-18T17:11:13.068+0000] {processor.py:840} INFO - DAG(s) 'example_dynamic_task_mapping' retrieved from /home/airflow/.local/lib/python3.8/site-packages/airflow/example_dags/example_dynamic_task_mapping.py
[2026-06-18T17:11:13.107+0000] {logging_mixin.py:188} INFO - [2026-06-18T17:11:13.107+0000] {dag.py:3036} INFO - Sync 1 DAGs
[2026-06-18T17:11:13.151+0000] {logging_mixin.py:188} INFO - [2026-06-18T17:11:13.150+0000] {dag.py:3823} INFO - Setting next_dagrun for example_dynamic_task_mapping to 2022-03-04 00:00:00+00:00, run_after=2022-03-05 00:00:00+00:00
[2026-06-18T17:11:13.182+0000] {processor.py:183} INFO - Processing /home/airflow/.local/lib/python3.8/site-packages/airflow/example_dags/example_dynamic_task_mapping.py took 0.138 seconds
[2026-06-18T17:11:43.394+0000] {processor.py:161} INFO - Started process (PID=2866) to work on /home/airflow/.local/lib/python3.8/site-packages/airflow/example_dags/example_dynamic_task_mapping.py
[2026-06-18T17:11:43.396+0000] {processor.py:830} INFO - Processing file /home/airflow/.local/lib/python3.8/site-packages/airflow/example_dags/example_dynamic_task_mapping.py for tasks to queue
[2026-06-18T17:11:43.399+0000] {logging_mixin.py:188} INFO - [2026-06-18T17:11:43.399+0000] {dagbag.py:538} INFO - Filling up the DagBag from /home/airflow/.local/lib/python3.8/site-packages/airflow/example_dags/example_dynamic_task_mapping.py
[2026-06-18T17:11:43.410+0000] {processor.py:840} INFO - DAG(s) 'example_dynamic_task_mapping' retrieved from /home/airflow/.local/lib/python3.8/site-packages/airflow/example_dags/example_dynamic_task_mapping.py
[2026-06-18T17:11:43.457+0000] {logging_mixin.py:188} INFO - [2026-06-18T17:11:43.456+0000] {dag.py:3036} INFO - Sync 1 DAGs
[2026-06-18T17:11:43.507+0000] {logging_mixin.py:188} INFO - [2026-06-18T17:11:43.506+0000] {dag.py:3823} INFO - Setting next_dagrun for example_dynamic_task_mapping to 2022-03-04 00:00:00+00:00, run_after=2022-03-05 00:00:00+00:00
[2026-06-18T17:11:43.540+0000] {processor.py:183} INFO - Processing /home/airflow/.local/lib/python3.8/site-packages/airflow/example_dags/example_dynamic_task_mapping.py took 0.151 seconds
[2026-06-18T17:12:14.434+0000] {processor.py:161} INFO - Started process (PID=2932) to work on /home/airflow/.local/lib/python3.8/site-packages/airflow/example_dags/example_dynamic_task_mapping.py
[2026-06-18T17:12:14.436+0000] {processor.py:830} INFO - Processing file /home/airflow/.local/lib/python3.8/site-packages/airflow/example_dags/example_dynamic_task_mapping.py for tasks to queue
[2026-06-18T17:12:14.439+0000] {logging_mixin.py:188} INFO - [2026-06-18T17:12:14.438+0000] {dagbag.py:538} INFO - Filling up the DagBag from /home/airflow/.local/lib/python3.8/site-packages/airflow/example_dags/example_dynamic_task_mapping.py
[2026-06-18T17:12:14.449+0000] {processor.py:840} INFO - DAG(s) 'example_dynamic_task_mapping' retrieved from /home/airflow/.local/lib/python3.8/site-packages/airflow/example_dags/example_dynamic_task_mapping.py
[2026-06-18T17:12:14.485+0000] {logging_mixin.py:188} INFO - [2026-06-18T17:12:14.484+0000] {dag.py:3036} INFO - Sync 1 DAGs
[2026-06-18T17:12:14.526+0000] {logging_mixin.py:188} INFO - [2026-06-18T17:12:14.525+0000] {dag.py:3823} INFO - Setting next_dagrun for example_dynamic_task_mapping to 2022-03-04 00:00:00+00:00, run_after=2022-03-05 00:00:00+00:00
[2026-06-18T17:12:14.558+0000] {processor.py:183} INFO - Processing /home/airflow/.local/lib/python3.8/site-packages/airflow/example_dags/example_dynamic_task_mapping.py took 0.129 seconds
[2026-06-18T17:12:44.757+0000] {processor.py:161} INFO - Started process (PID=2999) to work on /home/airflow/.local/lib/python3.8/site-packages/airflow/example_dags/example_dynamic_task_mapping.py
[2026-06-18T17:12:44.759+0000] {processor.py:830} INFO - Processing file /home/airflow/.local/lib/python3.8/site-packages/airflow/example_dags/example_dynamic_task_mapping.py for tasks to queue
[2026-06-18T17:12:44.761+0000] {logging_mixin.py:188} INFO - [2026-06-18T17:12:44.761+0000] {dagbag.py:538} INFO - Filling up the DagBag from /home/airflow/.local/lib/python3.8/site-packages/airflow/example_dags/example_dynamic_task_mapping.py
[2026-06-18T17:12:44.771+0000] {processor.py:840} INFO - DAG(s) 'example_dynamic_task_mapping' retrieved from /home/airflow/.local/lib/python3.8/site-packages/airflow/example_dags/example_dynamic_task_mapping.py
[2026-06-18T17:12:44.810+0000] {logging_mixin.py:188} INFO - [2026-06-18T17:12:44.809+0000] {dag.py:3036} INFO - Sync 1 DAGs
[2026-06-18T17:12:44.873+0000] {logging_mixin.py:188} INFO - [2026-06-18T17:12:44.873+0000] {dag.py:3823} INFO - Setting next_dagrun for example_dynamic_task_mapping to 2022-03-04 00:00:00+00:00, run_after=2022-03-05 00:00:00+00:00
[2026-06-18T17:12:44.907+0000] {processor.py:183} INFO - Processing /home/airflow/.local/lib/python3.8/site-packages/airflow/example_dags/example_dynamic_task_mapping.py took 0.156 seconds
[2026-06-18T17:13:15.985+0000] {processor.py:161} INFO - Started process (PID=3064) to work on /home/airflow/.local/lib/python3.8/site-packages/airflow/example_dags/example_dynamic_task_mapping.py
[2026-06-18T17:13:15.988+0000] {processor.py:830} INFO - Processing file /home/airflow/.local/lib/python3.8/site-packages/airflow/example_dags/example_dynamic_task_mapping.py for tasks to queue
[2026-06-18T17:13:15.990+0000] {logging_mixin.py:188} INFO - [2026-06-18T17:13:15.990+0000] {dagbag.py:538} INFO - Filling up the DagBag from /home/airflow/.local/lib/python3.8/site-packages/airflow/example_dags/example_dynamic_task_mapping.py
[2026-06-18T17:13:16.002+0000] {processor.py:840} INFO - DAG(s) 'example_dynamic_task_mapping' retrieved from /home/airflow/.local/lib/python3.8/site-packages/airflow/example_dags/example_dynamic_task_mapping.py
[2026-06-18T17:13:16.045+0000] {logging_mixin.py:188} INFO - [2026-06-18T17:13:16.045+0000] {dag.py:3036} INFO - Sync 1 DAGs
[2026-06-18T17:13:16.316+0000] {logging_mixin.py:188} INFO - [2026-06-18T17:13:16.315+0000] {dag.py:3823} INFO - Setting next_dagrun for example_dynamic_task_mapping to 2022-03-04 00:00:00+00:00, run_after=2022-03-05 00:00:00+00:00
[2026-06-18T17:13:16.355+0000] {processor.py:183} INFO - Processing /home/airflow/.local/lib/python3.8/site-packages/airflow/example_dags/example_dynamic_task_mapping.py took 0.376 seconds
[2026-06-18T17:13:46.836+0000] {processor.py:161} INFO - Started process (PID=3129) to work on /home/airflow/.local/lib/python3.8/site-packages/airflow/example_dags/example_dynamic_task_mapping.py
[2026-06-18T17:13:46.838+0000] {processor.py:830} INFO - Processing file /home/airflow/.local/lib/python3.8/site-packages/airflow/example_dags/example_dynamic_task_mapping.py for tasks to queue
[2026-06-18T17:13:46.841+0000] {logging_mixin.py:188} INFO - [2026-06-18T17:13:46.840+0000] {dagbag.py:538} INFO - Filling up the DagBag from /home/airflow/.local/lib/python3.8/site-packages/airflow/example_dags/example_dynamic_task_mapping.py
[2026-06-18T17:13:46.857+0000] {processor.py:840} INFO - DAG(s) 'example_dynamic_task_mapping' retrieved from /home/airflow/.local/lib/python3.8/site-packages/airflow/example_dags/example_dynamic_task_mapping.py
[2026-06-18T17:13:46.910+0000] {logging_mixin.py:188} INFO - [2026-06-18T17:13:46.909+0000] {dag.py:3036} INFO - Sync 1 DAGs
[2026-06-18T17:13:46.951+0000] {logging_mixin.py:188} INFO - [2026-06-18T17:13:46.950+0000] {dag.py:3823} INFO - Setting next_dagrun for example_dynamic_task_mapping to 2022-03-04 00:00:00+00:00, run_after=2022-03-05 00:00:00+00:00
[2026-06-18T17:13:47.216+0000] {processor.py:183} INFO - Processing /home/airflow/.local/lib/python3.8/site-packages/airflow/example_dags/example_dynamic_task_mapping.py took 0.386 seconds
[2026-06-18T17:14:17.262+0000] {processor.py:161} INFO - Started process (PID=3194) to work on /home/airflow/.local/lib/python3.8/site-packages/airflow/example_dags/example_dynamic_task_mapping.py
[2026-06-18T17:14:17.265+0000] {processor.py:830} INFO - Processing file /home/airflow/.local/lib/python3.8/site-packages/airflow/example_dags/example_dynamic_task_mapping.py for tasks to queue
[2026-06-18T17:14:17.268+0000] {logging_mixin.py:188} INFO - [2026-06-18T17:14:17.267+0000] {dagbag.py:538} INFO - Filling up the DagBag from /home/airflow/.local/lib/python3.8/site-packages/airflow/example_dags/example_dynamic_task_mapping.py
[2026-06-18T17:14:17.278+0000] {processor.py:840} INFO - DAG(s) 'example_dynamic_task_mapping' retrieved from /home/airflow/.local/lib/python3.8/site-packages/airflow/example_dags/example_dynamic_task_mapping.py
[2026-06-18T17:14:17.319+0000] {logging_mixin.py:188} INFO - [2026-06-18T17:14:17.319+0000] {dag.py:3036} INFO - Sync 1 DAGs
[2026-06-18T17:14:17.357+0000] {logging_mixin.py:188} INFO - [2026-06-18T17:14:17.357+0000] {dag.py:3823} INFO - Setting next_dagrun for example_dynamic_task_mapping to 2022-03-04 00:00:00+00:00, run_after=2022-03-05 00:00:00+00:00
[2026-06-18T17:14:17.388+0000] {processor.py:183} INFO - Processing /home/airflow/.local/lib/python3.8/site-packages/airflow/example_dags/example_dynamic_task_mapping.py took 0.130 seconds
[2026-06-18T17:14:47.582+0000] {processor.py:161} INFO - Started process (PID=3260) to work on /home/airflow/.local/lib/python3.8/site-packages/airflow/example_dags/example_dynamic_task_mapping.py
[2026-06-18T17:14:47.584+0000] {processor.py:830} INFO - Processing file /home/airflow/.local/lib/python3.8/site-packages/airflow/example_dags/example_dynamic_task_mapping.py for tasks to queue
[2026-06-18T17:14:47.586+0000] {logging_mixin.py:188} INFO - [2026-06-18T17:14:47.586+0000] {dagbag.py:538} INFO - Filling up the DagBag from /home/airflow/.local/lib/python3.8/site-packages/airflow/example_dags/example_dynamic_task_mapping.py
[2026-06-18T17:14:47.596+0000] {processor.py:840} INFO - DAG(s) 'example_dynamic_task_mapping' retrieved from /home/airflow/.local/lib/python3.8/site-packages/airflow/example_dags/example_dynamic_task_mapping.py
[2026-06-18T17:14:47.629+0000] {logging_mixin.py:188} INFO - [2026-06-18T17:14:47.629+0000] {dag.py:3036} INFO - Sync 1 DAGs
[2026-06-18T17:14:47.666+0000] {logging_mixin.py:188} INFO - [2026-06-18T17:14:47.665+0000] {dag.py:3823} INFO - Setting next_dagrun for example_dynamic_task_mapping to 2022-03-04 00:00:00+00:00, run_after=2022-03-05 00:00:00+00:00
[2026-06-18T17:14:47.694+0000] {processor.py:183} INFO - Processing /home/airflow/.local/lib/python3.8/site-packages/airflow/example_dags/example_dynamic_task_mapping.py took 0.118 seconds
[2026-06-18T17:15:18.530+0000] {processor.py:161} INFO - Started process (PID=3333) to work on /home/airflow/.local/lib/python3.8/site-packages/airflow/example_dags/example_dynamic_task_mapping.py
[2026-06-18T17:15:18.532+0000] {processor.py:830} INFO - Processing file /home/airflow/.local/lib/python3.8/site-packages/airflow/example_dags/example_dynamic_task_mapping.py for tasks to queue
[2026-06-18T17:15:18.535+0000] {logging_mixin.py:188} INFO - [2026-06-18T17:15:18.535+0000] {dagbag.py:538} INFO - Filling up the DagBag from /home/airflow/.local/lib/python3.8/site-packages/airflow/example_dags/example_dynamic_task_mapping.py
[2026-06-18T17:15:18.547+0000] {processor.py:840} INFO - DAG(s) 'example_dynamic_task_mapping' retrieved from /home/airflow/.local/lib/python3.8/site-packages/airflow/example_dags/example_dynamic_task_mapping.py
[2026-06-18T17:15:18.589+0000] {logging_mixin.py:188} INFO - [2026-06-18T17:15:18.588+0000] {dag.py:3036} INFO - Sync 1 DAGs
[2026-06-18T17:15:18.634+0000] {logging_mixin.py:188} INFO - [2026-06-18T17:15:18.634+0000] {dag.py:3823} INFO - Setting next_dagrun for example_dynamic_task_mapping to 2022-03-04 00:00:00+00:00, run_after=2022-03-05 00:00:00+00:00
[2026-06-18T17:15:18.672+0000] {processor.py:183} INFO - Processing /home/airflow/.local/lib/python3.8/site-packages/airflow/example_dags/example_dynamic_task_mapping.py took 0.147 seconds
[2026-06-18T17:15:48.877+0000] {processor.py:161} INFO - Started process (PID=3397) to work on /home/airflow/.local/lib/python3.8/site-packages/airflow/example_dags/example_dynamic_task_mapping.py
[2026-06-18T17:15:48.879+0000] {processor.py:830} INFO - Processing file /home/airflow/.local/lib/python3.8/site-packages/airflow/example_dags/example_dynamic_task_mapping.py for tasks to queue
[2026-06-18T17:15:48.882+0000] {logging_mixin.py:188} INFO - [2026-06-18T17:15:48.881+0000] {dagbag.py:538} INFO - Filling up the DagBag from /home/airflow/.local/lib/python3.8/site-packages/airflow/example_dags/example_dynamic_task_mapping.py
[2026-06-18T17:15:48.893+0000] {processor.py:840} INFO - DAG(s) 'example_dynamic_task_mapping' retrieved from /home/airflow/.local/lib/python3.8/site-packages/airflow/example_dags/example_dynamic_task_mapping.py
[2026-06-18T17:15:48.933+0000] {logging_mixin.py:188} INFO - [2026-06-18T17:15:48.933+0000] {dag.py:3036} INFO - Sync 1 DAGs
[2026-06-18T17:15:48.975+0000] {logging_mixin.py:188} INFO - [2026-06-18T17:15:48.974+0000] {dag.py:3823} INFO - Setting next_dagrun for example_dynamic_task_mapping to 2022-03-04 00:00:00+00:00, run_after=2022-03-05 00:00:00+00:00
[2026-06-18T17:15:49.004+0000] {processor.py:183} INFO - Processing /home/airflow/.local/lib/python3.8/site-packages/airflow/example_dags/example_dynamic_task_mapping.py took 0.132 seconds
[2026-06-18T17:16:19.226+0000] {processor.py:161} INFO - Started process (PID=3463) to work on /home/airflow/.local/lib/python3.8/site-packages/airflow/example_dags/example_dynamic_task_mapping.py
[2026-06-18T17:16:19.228+0000] {processor.py:830} INFO - Processing file /home/airflow/.local/lib/python3.8/site-packages/airflow/example_dags/example_dynamic_task_mapping.py for tasks to queue
[2026-06-18T17:16:19.231+0000] {logging_mixin.py:188} INFO - [2026-06-18T17:16:19.231+0000] {dagbag.py:538} INFO - Filling up the DagBag from /home/airflow/.local/lib/python3.8/site-packages/airflow/example_dags/example_dynamic_task_mapping.py
[2026-06-18T17:16:19.244+0000] {processor.py:840} INFO - DAG(s) 'example_dynamic_task_mapping' retrieved from /home/airflow/.local/lib/python3.8/site-packages/airflow/example_dags/example_dynamic_task_mapping.py
[2026-06-18T17:16:19.286+0000] {logging_mixin.py:188} INFO - [2026-06-18T17:16:19.286+0000] {dag.py:3036} INFO - Sync 1 DAGs
[2026-06-18T17:16:19.327+0000] {logging_mixin.py:188} INFO - [2026-06-18T17:16:19.326+0000] {dag.py:3823} INFO - Setting next_dagrun for example_dynamic_task_mapping to 2022-03-04 00:00:00+00:00, run_after=2022-03-05 00:00:00+00:00
[2026-06-18T17:16:19.357+0000] {processor.py:183} INFO - Processing /home/airflow/.local/lib/python3.8/site-packages/airflow/example_dags/example_dynamic_task_mapping.py took 0.137 seconds
[2026-06-18T17:16:49.429+0000] {processor.py:161} INFO - Started process (PID=3528) to work on /home/airflow/.local/lib/python3.8/site-packages/airflow/example_dags/example_dynamic_task_mapping.py
[2026-06-18T17:16:49.430+0000] {processor.py:830} INFO - Processing file /home/airflow/.local/lib/python3.8/site-packages/airflow/example_dags/example_dynamic_task_mapping.py for tasks to queue
[2026-06-18T17:16:49.434+0000] {logging_mixin.py:188} INFO - [2026-06-18T17:16:49.434+0000] {dagbag.py:538} INFO - Filling up the DagBag from /home/airflow/.local/lib/python3.8/site-packages/airflow/example_dags/example_dynamic_task_mapping.py
[2026-06-18T17:16:49.448+0000] {processor.py:840} INFO - DAG(s) 'example_dynamic_task_mapping' retrieved from /home/airflow/.local/lib/python3.8/site-packages/airflow/example_dags/example_dynamic_task_mapping.py
[2026-06-18T17:16:49.503+0000] {logging_mixin.py:188} INFO - [2026-06-18T17:16:49.502+0000] {dag.py:3036} INFO - Sync 1 DAGs
[2026-06-18T17:16:49.551+0000] {logging_mixin.py:188} INFO - [2026-06-18T17:16:49.551+0000] {dag.py:3823} INFO - Setting next_dagrun for example_dynamic_task_mapping to 2022-03-04 00:00:00+00:00, run_after=2022-03-05 00:00:00+00:00
[2026-06-18T17:16:49.592+0000] {processor.py:183} INFO - Processing /home/airflow/.local/lib/python3.8/site-packages/airflow/example_dags/example_dynamic_task_mapping.py took 0.171 seconds
[2026-06-18T17:17:19.711+0000] {processor.py:161} INFO - Started process (PID=3595) to work on /home/airflow/.local/lib/python3.8/site-packages/airflow/example_dags/example_dynamic_task_mapping.py
[2026-06-18T17:17:19.713+0000] {processor.py:830} INFO - Processing file /home/airflow/.local/lib/python3.8/site-packages/airflow/example_dags/example_dynamic_task_mapping.py for tasks to queue
[2026-06-18T17:17:19.716+0000] {logging_mixin.py:188} INFO - [2026-06-18T17:17:19.715+0000] {dagbag.py:538} INFO - Filling up the DagBag from /home/airflow/.local/lib/python3.8/site-packages/airflow/example_dags/example_dynamic_task_mapping.py
[2026-06-18T17:17:19.727+0000] {processor.py:840} INFO - DAG(s) 'example_dynamic_task_mapping' retrieved from /home/airflow/.local/lib/python3.8/site-packages/airflow/example_dags/example_dynamic_task_mapping.py
[2026-06-18T17:17:19.768+0000] {logging_mixin.py:188} INFO - [2026-06-18T17:17:19.767+0000] {dag.py:3036} INFO - Sync 1 DAGs
[2026-06-18T17:17:19.809+0000] {logging_mixin.py:188} INFO - [2026-06-18T17:17:19.809+0000] {dag.py:3823} INFO - Setting next_dagrun for example_dynamic_task_mapping to 2022-03-04 00:00:00+00:00, run_after=2022-03-05 00:00:00+00:00
[2026-06-18T17:17:19.838+0000] {processor.py:183} INFO - Processing /home/airflow/.local/lib/python3.8/site-packages/airflow/example_dags/example_dynamic_task_mapping.py took 0.133 seconds
[2026-06-18T17:17:50.088+0000] {processor.py:161} INFO - Started process (PID=3661) to work on /home/airflow/.local/lib/python3.8/site-packages/airflow/example_dags/example_dynamic_task_mapping.py
[2026-06-18T17:17:50.090+0000] {processor.py:830} INFO - Processing file /home/airflow/.local/lib/python3.8/site-packages/airflow/example_dags/example_dynamic_task_mapping.py for tasks to queue
[2026-06-18T17:17:50.093+0000] {logging_mixin.py:188} INFO - [2026-06-18T17:17:50.093+0000] {dagbag.py:538} INFO - Filling up the DagBag from /home/airflow/.local/lib/python3.8/site-packages/airflow/example_dags/example_dynamic_task_mapping.py
[2026-06-18T17:17:50.106+0000] {processor.py:840} INFO - DAG(s) 'example_dynamic_task_mapping' retrieved from /home/airflow/.local/lib/python3.8/site-packages/airflow/example_dags/example_dynamic_task_mapping.py
[2026-06-18T17:17:50.150+0000] {logging_mixin.py:188} INFO - [2026-06-18T17:17:50.150+0000] {dag.py:3036} INFO - Sync 1 DAGs
[2026-06-18T17:17:50.203+0000] {logging_mixin.py:188} INFO - [2026-06-18T17:17:50.203+0000] {dag.py:3823} INFO - Setting next_dagrun for example_dynamic_task_mapping to 2022-03-04 00:00:00+00:00, run_after=2022-03-05 00:00:00+00:00
[2026-06-18T17:17:50.247+0000] {processor.py:183} INFO - Processing /home/airflow/.local/lib/python3.8/site-packages/airflow/example_dags/example_dynamic_task_mapping.py took 0.166 seconds
[2026-06-18T17:18:21.063+0000] {processor.py:161} INFO - Started process (PID=3729) to work on /home/airflow/.local/lib/python3.8/site-packages/airflow/example_dags/example_dynamic_task_mapping.py
[2026-06-18T17:18:21.065+0000] {processor.py:830} INFO - Processing file /home/airflow/.local/lib/python3.8/site-packages/airflow/example_dags/example_dynamic_task_mapping.py for tasks to queue
[2026-06-18T17:18:21.068+0000] {logging_mixin.py:188} INFO - [2026-06-18T17:18:21.067+0000] {dagbag.py:538} INFO - Filling up the DagBag from /home/airflow/.local/lib/python3.8/site-packages/airflow/example_dags/example_dynamic_task_mapping.py
[2026-06-18T17:18:21.077+0000] {processor.py:840} INFO - DAG(s) 'example_dynamic_task_mapping' retrieved from /home/airflow/.local/lib/python3.8/site-packages/airflow/example_dags/example_dynamic_task_mapping.py
[2026-06-18T17:18:21.112+0000] {logging_mixin.py:188} INFO - [2026-06-18T17:18:21.111+0000] {dag.py:3036} INFO - Sync 1 DAGs
[2026-06-18T17:18:21.146+0000] {logging_mixin.py:188} INFO - [2026-06-18T17:18:21.146+0000] {dag.py:3823} INFO - Setting next_dagrun for example_dynamic_task_mapping to 2022-03-04 00:00:00+00:00, run_after=2022-03-05 00:00:00+00:00
[2026-06-18T17:18:21.175+0000] {processor.py:183} INFO - Processing /home/airflow/.local/lib/python3.8/site-packages/airflow/example_dags/example_dynamic_task_mapping.py took 0.117 seconds
[2026-06-18T17:18:51.600+0000] {processor.py:161} INFO - Started process (PID=3795) to work on /home/airflow/.local/lib/python3.8/site-packages/airflow/example_dags/example_dynamic_task_mapping.py
[2026-06-18T17:18:51.602+0000] {processor.py:830} INFO - Processing file /home/airflow/.local/lib/python3.8/site-packages/airflow/example_dags/example_dynamic_task_mapping.py for tasks to queue
[2026-06-18T17:18:51.605+0000] {logging_mixin.py:188} INFO - [2026-06-18T17:18:51.604+0000] {dagbag.py:538} INFO - Filling up the DagBag from /home/airflow/.local/lib/python3.8/site-packages/airflow/example_dags/example_dynamic_task_mapping.py
[2026-06-18T17:18:51.614+0000] {processor.py:840} INFO - DAG(s) 'example_dynamic_task_mapping' retrieved from /home/airflow/.local/lib/python3.8/site-packages/airflow/example_dags/example_dynamic_task_mapping.py
[2026-06-18T17:18:51.651+0000] {logging_mixin.py:188} INFO - [2026-06-18T17:18:51.650+0000] {dag.py:3036} INFO - Sync 1 DAGs
[2026-06-18T17:18:51.688+0000] {logging_mixin.py:188} INFO - [2026-06-18T17:18:51.687+0000] {dag.py:3823} INFO - Setting next_dagrun for example_dynamic_task_mapping to 2022-03-04 00:00:00+00:00, run_after=2022-03-05 00:00:00+00:00
[2026-06-18T17:18:51.715+0000] {processor.py:183} INFO - Processing /home/airflow/.local/lib/python3.8/site-packages/airflow/example_dags/example_dynamic_task_mapping.py took 0.121 seconds
[2026-06-18T17:19:21.867+0000] {processor.py:161} INFO - Started process (PID=3861) to work on /home/airflow/.local/lib/python3.8/site-packages/airflow/example_dags/example_dynamic_task_mapping.py
[2026-06-18T17:19:21.869+0000] {processor.py:830} INFO - Processing file /home/airflow/.local/lib/python3.8/site-packages/airflow/example_dags/example_dynamic_task_mapping.py for tasks to queue
[2026-06-18T17:19:21.872+0000] {logging_mixin.py:188} INFO - [2026-06-18T17:19:21.871+0000] {dagbag.py:538} INFO - Filling up the DagBag from /home/airflow/.local/lib/python3.8/site-packages/airflow/example_dags/example_dynamic_task_mapping.py
[2026-06-18T17:19:21.882+0000] {processor.py:840} INFO - DAG(s) 'example_dynamic_task_mapping' retrieved from /home/airflow/.local/lib/python3.8/site-packages/airflow/example_dags/example_dynamic_task_mapping.py
[2026-06-18T17:19:21.923+0000] {logging_mixin.py:188} INFO - [2026-06-18T17:19:21.923+0000] {dag.py:3036} INFO - Sync 1 DAGs
[2026-06-18T17:19:21.959+0000] {logging_mixin.py:188} INFO - [2026-06-18T17:19:21.959+0000] {dag.py:3823} INFO - Setting next_dagrun for example_dynamic_task_mapping to 2022-03-04 00:00:00+00:00, run_after=2022-03-05 00:00:00+00:00
[2026-06-18T17:19:21.993+0000] {processor.py:183} INFO - Processing /home/airflow/.local/lib/python3.8/site-packages/airflow/example_dags/example_dynamic_task_mapping.py took 0.132 seconds
[2026-06-18T17:19:52.209+0000] {processor.py:161} INFO - Started process (PID=3930) to work on /home/airflow/.local/lib/python3.8/site-packages/airflow/example_dags/example_dynamic_task_mapping.py
[2026-06-18T17:19:52.211+0000] {processor.py:830} INFO - Processing file /home/airflow/.local/lib/python3.8/site-packages/airflow/example_dags/example_dynamic_task_mapping.py for tasks to queue
[2026-06-18T17:19:52.213+0000] {logging_mixin.py:188} INFO - [2026-06-18T17:19:52.213+0000] {dagbag.py:538} INFO - Filling up the DagBag from /home/airflow/.local/lib/python3.8/site-packages/airflow/example_dags/example_dynamic_task_mapping.py
[2026-06-18T17:19:52.223+0000] {processor.py:840} INFO - DAG(s) 'example_dynamic_task_mapping' retrieved from /home/airflow/.local/lib/python3.8/site-packages/airflow/example_dags/example_dynamic_task_mapping.py
[2026-06-18T17:19:52.262+0000] {logging_mixin.py:188} INFO - [2026-06-18T17:19:52.262+0000] {dag.py:3036} INFO - Sync 1 DAGs
[2026-06-18T17:19:52.306+0000] {logging_mixin.py:188} INFO - [2026-06-18T17:19:52.305+0000] {dag.py:3823} INFO - Setting next_dagrun for example_dynamic_task_mapping to 2022-03-04 00:00:00+00:00, run_after=2022-03-05 00:00:00+00:00
[2026-06-18T17:19:52.336+0000] {processor.py:183} INFO - Processing /home/airflow/.local/lib/python3.8/site-packages/airflow/example_dags/example_dynamic_task_mapping.py took 0.132 seconds
[2026-06-18T17:20:22.640+0000] {processor.py:161} INFO - Started process (PID=3996) to work on /home/airflow/.local/lib/python3.8/site-packages/airflow/example_dags/example_dynamic_task_mapping.py
[2026-06-18T17:20:22.641+0000] {processor.py:830} INFO - Processing file /home/airflow/.local/lib/python3.8/site-packages/airflow/example_dags/example_dynamic_task_mapping.py for tasks to queue
[2026-06-18T17:20:22.643+0000] {logging_mixin.py:188} INFO - [2026-06-18T17:20:22.643+0000] {dagbag.py:538} INFO - Filling up the DagBag from /home/airflow/.local/lib/python3.8/site-packages/airflow/example_dags/example_dynamic_task_mapping.py
[2026-06-18T17:20:22.653+0000] {processor.py:840} INFO - DAG(s) 'example_dynamic_task_mapping' retrieved from /home/airflow/.local/lib/python3.8/site-packages/airflow/example_dags/example_dynamic_task_mapping.py
[2026-06-18T17:20:22.688+0000] {logging_mixin.py:188} INFO - [2026-06-18T17:20:22.687+0000] {dag.py:3036} INFO - Sync 1 DAGs
[2026-06-18T17:20:22.723+0000] {logging_mixin.py:188} INFO - [2026-06-18T17:20:22.723+0000] {dag.py:3823} INFO - Setting next_dagrun for example_dynamic_task_mapping to 2022-03-04 00:00:00+00:00, run_after=2022-03-05 00:00:00+00:00
[2026-06-18T17:20:22.749+0000] {processor.py:183} INFO - Processing /home/airflow/.local/lib/python3.8/site-packages/airflow/example_dags/example_dynamic_task_mapping.py took 0.114 seconds
[2026-06-18T17:20:52.922+0000] {processor.py:161} INFO - Started process (PID=4063) to work on /home/airflow/.local/lib/python3.8/site-packages/airflow/example_dags/example_dynamic_task_mapping.py
[2026-06-18T17:20:52.924+0000] {processor.py:830} INFO - Processing file /home/airflow/.local/lib/python3.8/site-packages/airflow/example_dags/example_dynamic_task_mapping.py for tasks to queue
[2026-06-18T17:20:52.926+0000] {logging_mixin.py:188} INFO - [2026-06-18T17:20:52.925+0000] {dagbag.py:538} INFO - Filling up the DagBag from /home/airflow/.local/lib/python3.8/site-packages/airflow/example_dags/example_dynamic_task_mapping.py
[2026-06-18T17:20:52.935+0000] {processor.py:840} INFO - DAG(s) 'example_dynamic_task_mapping' retrieved from /home/airflow/.local/lib/python3.8/site-packages/airflow/example_dags/example_dynamic_task_mapping.py
[2026-06-18T17:20:52.970+0000] {logging_mixin.py:188} INFO - [2026-06-18T17:20:52.970+0000] {dag.py:3036} INFO - Sync 1 DAGs
[2026-06-18T17:20:53.006+0000] {logging_mixin.py:188} INFO - [2026-06-18T17:20:53.005+0000] {dag.py:3823} INFO - Setting next_dagrun for example_dynamic_task_mapping to 2022-03-04 00:00:00+00:00, run_after=2022-03-05 00:00:00+00:00
[2026-06-18T17:20:53.036+0000] {processor.py:183} INFO - Processing /home/airflow/.local/lib/python3.8/site-packages/airflow/example_dags/example_dynamic_task_mapping.py took 0.119 seconds
[2026-06-18T17:21:23.664+0000] {processor.py:161} INFO - Started process (PID=4137) to work on /home/airflow/.local/lib/python3.8/site-packages/airflow/example_dags/example_dynamic_task_mapping.py
[2026-06-18T17:21:23.666+0000] {processor.py:830} INFO - Processing file /home/airflow/.local/lib/python3.8/site-packages/airflow/example_dags/example_dynamic_task_mapping.py for tasks to queue
[2026-06-18T17:21:23.669+0000] {logging_mixin.py:188} INFO - [2026-06-18T17:21:23.668+0000] {dagbag.py:538} INFO - Filling up the DagBag from /home/airflow/.local/lib/python3.8/site-packages/airflow/example_dags/example_dynamic_task_mapping.py
[2026-06-18T17:21:23.680+0000] {processor.py:840} INFO - DAG(s) 'example_dynamic_task_mapping' retrieved from /home/airflow/.local/lib/python3.8/site-packages/airflow/example_dags/example_dynamic_task_mapping.py
[2026-06-18T17:21:23.713+0000] {logging_mixin.py:188} INFO - [2026-06-18T17:21:23.713+0000] {dag.py:3036} INFO - Sync 1 DAGs
[2026-06-18T17:21:23.747+0000] {logging_mixin.py:188} INFO - [2026-06-18T17:21:23.747+0000] {dag.py:3823} INFO - Setting next_dagrun for example_dynamic_task_mapping to 2022-03-04 00:00:00+00:00, run_after=2022-03-05 00:00:00+00:00
[2026-06-18T17:21:23.779+0000] {processor.py:183} INFO - Processing /home/airflow/.local/lib/python3.8/site-packages/airflow/example_dags/example_dynamic_task_mapping.py took 0.120 seconds
[2026-06-18T17:21:54.034+0000] {processor.py:161} INFO - Started process (PID=4203) to work on /home/airflow/.local/lib/python3.8/site-packages/airflow/example_dags/example_dynamic_task_mapping.py
[2026-06-18T17:21:54.036+0000] {processor.py:830} INFO - Processing file /home/airflow/.local/lib/python3.8/site-packages/airflow/example_dags/example_dynamic_task_mapping.py for tasks to queue
[2026-06-18T17:21:54.039+0000] {logging_mixin.py:188} INFO - [2026-06-18T17:21:54.039+0000] {dagbag.py:538} INFO - Filling up the DagBag from /home/airflow/.local/lib/python3.8/site-packages/airflow/example_dags/example_dynamic_task_mapping.py
[2026-06-18T17:21:54.052+0000] {processor.py:840} INFO - DAG(s) 'example_dynamic_task_mapping' retrieved from /home/airflow/.local/lib/python3.8/site-packages/airflow/example_dags/example_dynamic_task_mapping.py
[2026-06-18T17:21:54.092+0000] {logging_mixin.py:188} INFO - [2026-06-18T17:21:54.092+0000] {dag.py:3036} INFO - Sync 1 DAGs
[2026-06-18T17:21:54.135+0000] {logging_mixin.py:188} INFO - [2026-06-18T17:21:54.134+0000] {dag.py:3823} INFO - Setting next_dagrun for example_dynamic_task_mapping to 2022-03-04 00:00:00+00:00, run_after=2022-03-05 00:00:00+00:00
[2026-06-18T17:21:54.170+0000] {processor.py:183} INFO - Processing /home/airflow/.local/lib/python3.8/site-packages/airflow/example_dags/example_dynamic_task_mapping.py took 0.142 seconds
[2026-06-18T17:22:24.408+0000] {processor.py:161} INFO - Started process (PID=4269) to work on /home/airflow/.local/lib/python3.8/site-packages/airflow/example_dags/example_dynamic_task_mapping.py
[2026-06-18T17:22:24.411+0000] {processor.py:830} INFO - Processing file /home/airflow/.local/lib/python3.8/site-packages/airflow/example_dags/example_dynamic_task_mapping.py for tasks to queue
[2026-06-18T17:22:24.415+0000] {logging_mixin.py:188} INFO - [2026-06-18T17:22:24.414+0000] {dagbag.py:538} INFO - Filling up the DagBag from /home/airflow/.local/lib/python3.8/site-packages/airflow/example_dags/example_dynamic_task_mapping.py
[2026-06-18T17:22:24.426+0000] {processor.py:840} INFO - DAG(s) 'example_dynamic_task_mapping' retrieved from /home/airflow/.local/lib/python3.8/site-packages/airflow/example_dags/example_dynamic_task_mapping.py
[2026-06-18T17:22:24.468+0000] {logging_mixin.py:188} INFO - [2026-06-18T17:22:24.467+0000] {dag.py:3036} INFO - Sync 1 DAGs
[2026-06-18T17:22:24.517+0000] {logging_mixin.py:188} INFO - [2026-06-18T17:22:24.516+0000] {dag.py:3823} INFO - Setting next_dagrun for example_dynamic_task_mapping to 2022-03-04 00:00:00+00:00, run_after=2022-03-05 00:00:00+00:00
[2026-06-18T17:22:24.553+0000] {processor.py:183} INFO - Processing /home/airflow/.local/lib/python3.8/site-packages/airflow/example_dags/example_dynamic_task_mapping.py took 0.150 seconds
[2026-06-18T17:22:54.803+0000] {processor.py:161} INFO - Started process (PID=4336) to work on /home/airflow/.local/lib/python3.8/site-packages/airflow/example_dags/example_dynamic_task_mapping.py
[2026-06-18T17:22:54.806+0000] {processor.py:830} INFO - Processing file /home/airflow/.local/lib/python3.8/site-packages/airflow/example_dags/example_dynamic_task_mapping.py for tasks to queue
[2026-06-18T17:22:54.809+0000] {logging_mixin.py:188} INFO - [2026-06-18T17:22:54.809+0000] {dagbag.py:538} INFO - Filling up the DagBag from /home/airflow/.local/lib/python3.8/site-packages/airflow/example_dags/example_dynamic_task_mapping.py
[2026-06-18T17:22:54.831+0000] {processor.py:840} INFO - DAG(s) 'example_dynamic_task_mapping' retrieved from /home/airflow/.local/lib/python3.8/site-packages/airflow/example_dags/example_dynamic_task_mapping.py
[2026-06-18T17:22:54.876+0000] {logging_mixin.py:188} INFO - [2026-06-18T17:22:54.876+0000] {dag.py:3036} INFO - Sync 1 DAGs
[2026-06-18T17:22:54.924+0000] {logging_mixin.py:188} INFO - [2026-06-18T17:22:54.924+0000] {dag.py:3823} INFO - Setting next_dagrun for example_dynamic_task_mapping to 2022-03-04 00:00:00+00:00, run_after=2022-03-05 00:00:00+00:00
[2026-06-18T17:22:54.960+0000] {processor.py:183} INFO - Processing /home/airflow/.local/lib/python3.8/site-packages/airflow/example_dags/example_dynamic_task_mapping.py took 0.164 seconds
[2026-06-18T17:23:25.635+0000] {processor.py:161} INFO - Started process (PID=4401) to work on /home/airflow/.local/lib/python3.8/site-packages/airflow/example_dags/example_dynamic_task_mapping.py
[2026-06-18T17:23:25.638+0000] {processor.py:830} INFO - Processing file /home/airflow/.local/lib/python3.8/site-packages/airflow/example_dags/example_dynamic_task_mapping.py for tasks to queue
[2026-06-18T17:23:25.642+0000] {logging_mixin.py:188} INFO - [2026-06-18T17:23:25.641+0000] {dagbag.py:538} INFO - Filling up the DagBag from /home/airflow/.local/lib/python3.8/site-packages/airflow/example_dags/example_dynamic_task_mapping.py
[2026-06-18T17:23:25.652+0000] {processor.py:840} INFO - DAG(s) 'example_dynamic_task_mapping' retrieved from /home/airflow/.local/lib/python3.8/site-packages/airflow/example_dags/example_dynamic_task_mapping.py
[2026-06-18T17:23:25.689+0000] {logging_mixin.py:188} INFO - [2026-06-18T17:23:25.689+0000] {dag.py:3036} INFO - Sync 1 DAGs
[2026-06-18T17:23:25.729+0000] {logging_mixin.py:188} INFO - [2026-06-18T17:23:25.729+0000] {dag.py:3823} INFO - Setting next_dagrun for example_dynamic_task_mapping to 2022-03-04 00:00:00+00:00, run_after=2022-03-05 00:00:00+00:00
[2026-06-18T17:23:25.763+0000] {processor.py:183} INFO - Processing /home/airflow/.local/lib/python3.8/site-packages/airflow/example_dags/example_dynamic_task_mapping.py took 0.133 seconds
[2026-06-18T17:23:55.886+0000] {processor.py:161} INFO - Started process (PID=4466) to work on /home/airflow/.local/lib/python3.8/site-packages/airflow/example_dags/example_dynamic_task_mapping.py
[2026-06-18T17:23:55.887+0000] {processor.py:830} INFO - Processing file /home/airflow/.local/lib/python3.8/site-packages/airflow/example_dags/example_dynamic_task_mapping.py for tasks to queue
[2026-06-18T17:23:55.889+0000] {logging_mixin.py:188} INFO - [2026-06-18T17:23:55.889+0000] {dagbag.py:538} INFO - Filling up the DagBag from /home/airflow/.local/lib/python3.8/site-packages/airflow/example_dags/example_dynamic_task_mapping.py
[2026-06-18T17:23:55.900+0000] {processor.py:840} INFO - DAG(s) 'example_dynamic_task_mapping' retrieved from /home/airflow/.local/lib/python3.8/site-packages/airflow/example_dags/example_dynamic_task_mapping.py
[2026-06-18T17:23:55.938+0000] {logging_mixin.py:188} INFO - [2026-06-18T17:23:55.937+0000] {dag.py:3036} INFO - Sync 1 DAGs
[2026-06-18T17:23:55.980+0000] {logging_mixin.py:188} INFO - [2026-06-18T17:23:55.979+0000] {dag.py:3823} INFO - Setting next_dagrun for example_dynamic_task_mapping to 2022-03-04 00:00:00+00:00, run_after=2022-03-05 00:00:00+00:00
[2026-06-18T17:23:56.016+0000] {processor.py:183} INFO - Processing /home/airflow/.local/lib/python3.8/site-packages/airflow/example_dags/example_dynamic_task_mapping.py took 0.136 seconds
[2026-06-18T17:24:26.157+0000] {processor.py:161} INFO - Started process (PID=4532) to work on /home/airflow/.local/lib/python3.8/site-packages/airflow/example_dags/example_dynamic_task_mapping.py
[2026-06-18T17:24:26.160+0000] {processor.py:830} INFO - Processing file /home/airflow/.local/lib/python3.8/site-packages/airflow/example_dags/example_dynamic_task_mapping.py for tasks to queue
[2026-06-18T17:24:26.162+0000] {logging_mixin.py:188} INFO - [2026-06-18T17:24:26.162+0000] {dagbag.py:538} INFO - Filling up the DagBag from /home/airflow/.local/lib/python3.8/site-packages/airflow/example_dags/example_dynamic_task_mapping.py
[2026-06-18T17:24:26.175+0000] {processor.py:840} INFO - DAG(s) 'example_dynamic_task_mapping' retrieved from /home/airflow/.local/lib/python3.8/site-packages/airflow/example_dags/example_dynamic_task_mapping.py
[2026-06-18T17:24:26.214+0000] {logging_mixin.py:188} INFO - [2026-06-18T17:24:26.213+0000] {dag.py:3036} INFO - Sync 1 DAGs
[2026-06-18T17:24:26.255+0000] {logging_mixin.py:188} INFO - [2026-06-18T17:24:26.255+0000] {dag.py:3823} INFO - Setting next_dagrun for example_dynamic_task_mapping to 2022-03-04 00:00:00+00:00, run_after=2022-03-05 00:00:00+00:00
[2026-06-18T17:24:26.287+0000] {processor.py:183} INFO - Processing /home/airflow/.local/lib/python3.8/site-packages/airflow/example_dags/example_dynamic_task_mapping.py took 0.136 seconds
[2026-06-18T17:24:56.843+0000] {processor.py:161} INFO - Started process (PID=4599) to work on /home/airflow/.local/lib/python3.8/site-packages/airflow/example_dags/example_dynamic_task_mapping.py
[2026-06-18T17:24:56.844+0000] {processor.py:830} INFO - Processing file /home/airflow/.local/lib/python3.8/site-packages/airflow/example_dags/example_dynamic_task_mapping.py for tasks to queue
[2026-06-18T17:24:56.847+0000] {logging_mixin.py:188} INFO - [2026-06-18T17:24:56.846+0000] {dagbag.py:538} INFO - Filling up the DagBag from /home/airflow/.local/lib/python3.8/site-packages/airflow/example_dags/example_dynamic_task_mapping.py
[2026-06-18T17:24:56.857+0000] {processor.py:840} INFO - DAG(s) 'example_dynamic_task_mapping' retrieved from /home/airflow/.local/lib/python3.8/site-packages/airflow/example_dags/example_dynamic_task_mapping.py
[2026-06-18T17:24:56.894+0000] {logging_mixin.py:188} INFO - [2026-06-18T17:24:56.893+0000] {dag.py:3036} INFO - Sync 1 DAGs
[2026-06-18T17:24:56.930+0000] {logging_mixin.py:188} INFO - [2026-06-18T17:24:56.930+0000] {dag.py:3823} INFO - Setting next_dagrun for example_dynamic_task_mapping to 2022-03-04 00:00:00+00:00, run_after=2022-03-05 00:00:00+00:00
[2026-06-18T17:24:56.961+0000] {processor.py:183} INFO - Processing /home/airflow/.local/lib/python3.8/site-packages/airflow/example_dags/example_dynamic_task_mapping.py took 0.124 seconds
[2026-06-18T17:25:27.164+0000] {processor.py:161} INFO - Started process (PID=4665) to work on /home/airflow/.local/lib/python3.8/site-packages/airflow/example_dags/example_dynamic_task_mapping.py
[2026-06-18T17:25:27.165+0000] {processor.py:830} INFO - Processing file /home/airflow/.local/lib/python3.8/site-packages/airflow/example_dags/example_dynamic_task_mapping.py for tasks to queue
[2026-06-18T17:25:27.167+0000] {logging_mixin.py:188} INFO - [2026-06-18T17:25:27.167+0000] {dagbag.py:538} INFO - Filling up the DagBag from /home/airflow/.local/lib/python3.8/site-packages/airflow/example_dags/example_dynamic_task_mapping.py
[2026-06-18T17:25:27.176+0000] {processor.py:840} INFO - DAG(s) 'example_dynamic_task_mapping' retrieved from /home/airflow/.local/lib/python3.8/site-packages/airflow/example_dags/example_dynamic_task_mapping.py
[2026-06-18T17:25:27.212+0000] {logging_mixin.py:188} INFO - [2026-06-18T17:25:27.212+0000] {dag.py:3036} INFO - Sync 1 DAGs
[2026-06-18T17:25:27.249+0000] {logging_mixin.py:188} INFO - [2026-06-18T17:25:27.249+0000] {dag.py:3823} INFO - Setting next_dagrun for example_dynamic_task_mapping to 2022-03-04 00:00:00+00:00, run_after=2022-03-05 00:00:00+00:00
[2026-06-18T17:25:27.276+0000] {processor.py:183} INFO - Processing /home/airflow/.local/lib/python3.8/site-packages/airflow/example_dags/example_dynamic_task_mapping.py took 0.117 seconds
[2026-06-18T17:25:57.572+0000] {processor.py:161} INFO - Started process (PID=4731) to work on /home/airflow/.local/lib/python3.8/site-packages/airflow/example_dags/example_dynamic_task_mapping.py
[2026-06-18T17:25:57.574+0000] {processor.py:830} INFO - Processing file /home/airflow/.local/lib/python3.8/site-packages/airflow/example_dags/example_dynamic_task_mapping.py for tasks to queue
[2026-06-18T17:25:57.578+0000] {logging_mixin.py:188} INFO - [2026-06-18T17:25:57.577+0000] {dagbag.py:538} INFO - Filling up the DagBag from /home/airflow/.local/lib/python3.8/site-packages/airflow/example_dags/example_dynamic_task_mapping.py
[2026-06-18T17:25:57.590+0000] {processor.py:840} INFO - DAG(s) 'example_dynamic_task_mapping' retrieved from /home/airflow/.local/lib/python3.8/site-packages/airflow/example_dags/example_dynamic_task_mapping.py
[2026-06-18T17:25:57.623+0000] {logging_mixin.py:188} INFO - [2026-06-18T17:25:57.623+0000] {dag.py:3036} INFO - Sync 1 DAGs
[2026-06-18T17:25:57.661+0000] {logging_mixin.py:188} INFO - [2026-06-18T17:25:57.660+0000] {dag.py:3823} INFO - Setting next_dagrun for example_dynamic_task_mapping to 2022-03-04 00:00:00+00:00, run_after=2022-03-05 00:00:00+00:00
[2026-06-18T17:25:57.693+0000] {processor.py:183} INFO - Processing /home/airflow/.local/lib/python3.8/site-packages/airflow/example_dags/example_dynamic_task_mapping.py took 0.126 seconds
[2026-06-18T17:26:27.913+0000] {processor.py:161} INFO - Started process (PID=4798) to work on /home/airflow/.local/lib/python3.8/site-packages/airflow/example_dags/example_dynamic_task_mapping.py
[2026-06-18T17:26:27.914+0000] {processor.py:830} INFO - Processing file /home/airflow/.local/lib/python3.8/site-packages/airflow/example_dags/example_dynamic_task_mapping.py for tasks to queue
[2026-06-18T17:26:27.916+0000] {logging_mixin.py:188} INFO - [2026-06-18T17:26:27.916+0000] {dagbag.py:538} INFO - Filling up the DagBag from /home/airflow/.local/lib/python3.8/site-packages/airflow/example_dags/example_dynamic_task_mapping.py
[2026-06-18T17:26:27.926+0000] {processor.py:840} INFO - DAG(s) 'example_dynamic_task_mapping' retrieved from /home/airflow/.local/lib/python3.8/site-packages/airflow/example_dags/example_dynamic_task_mapping.py
[2026-06-18T17:26:27.959+0000] {logging_mixin.py:188} INFO - [2026-06-18T17:26:27.959+0000] {dag.py:3036} INFO - Sync 1 DAGs
[2026-06-18T17:26:27.998+0000] {logging_mixin.py:188} INFO - [2026-06-18T17:26:27.997+0000] {dag.py:3823} INFO - Setting next_dagrun for example_dynamic_task_mapping to 2022-03-04 00:00:00+00:00, run_after=2022-03-05 00:00:00+00:00
[2026-06-18T17:26:28.031+0000] {processor.py:183} INFO - Processing /home/airflow/.local/lib/python3.8/site-packages/airflow/example_dags/example_dynamic_task_mapping.py took 0.124 seconds
[2026-06-18T17:26:58.661+0000] {processor.py:161} INFO - Started process (PID=4864) to work on /home/airflow/.local/lib/python3.8/site-packages/airflow/example_dags/example_dynamic_task_mapping.py
[2026-06-18T17:26:58.664+0000] {processor.py:830} INFO - Processing file /home/airflow/.local/lib/python3.8/site-packages/airflow/example_dags/example_dynamic_task_mapping.py for tasks to queue
[2026-06-18T17:26:58.667+0000] {logging_mixin.py:188} INFO - [2026-06-18T17:26:58.666+0000] {dagbag.py:538} INFO - Filling up the DagBag from /home/airflow/.local/lib/python3.8/site-packages/airflow/example_dags/example_dynamic_task_mapping.py
[2026-06-18T17:26:58.680+0000] {processor.py:840} INFO - DAG(s) 'example_dynamic_task_mapping' retrieved from /home/airflow/.local/lib/python3.8/site-packages/airflow/example_dags/example_dynamic_task_mapping.py
[2026-06-18T17:26:58.719+0000] {logging_mixin.py:188} INFO - [2026-06-18T17:26:58.718+0000] {dag.py:3036} INFO - Sync 1 DAGs
[2026-06-18T17:26:58.756+0000] {logging_mixin.py:188} INFO - [2026-06-18T17:26:58.756+0000] {dag.py:3823} INFO - Setting next_dagrun for example_dynamic_task_mapping to 2022-03-04 00:00:00+00:00, run_after=2022-03-05 00:00:00+00:00
[2026-06-18T17:26:58.800+0000] {processor.py:183} INFO - Processing /home/airflow/.local/lib/python3.8/site-packages/airflow/example_dags/example_dynamic_task_mapping.py took 0.145 seconds
[2026-06-18T17:27:29.112+0000] {processor.py:161} INFO - Started process (PID=4930) to work on /home/airflow/.local/lib/python3.8/site-packages/airflow/example_dags/example_dynamic_task_mapping.py
[2026-06-18T17:27:29.113+0000] {processor.py:830} INFO - Processing file /home/airflow/.local/lib/python3.8/site-packages/airflow/example_dags/example_dynamic_task_mapping.py for tasks to queue
[2026-06-18T17:27:29.117+0000] {logging_mixin.py:188} INFO - [2026-06-18T17:27:29.116+0000] {dagbag.py:538} INFO - Filling up the DagBag from /home/airflow/.local/lib/python3.8/site-packages/airflow/example_dags/example_dynamic_task_mapping.py
[2026-06-18T17:27:29.129+0000] {processor.py:840} INFO - DAG(s) 'example_dynamic_task_mapping' retrieved from /home/airflow/.local/lib/python3.8/site-packages/airflow/example_dags/example_dynamic_task_mapping.py
[2026-06-18T17:27:29.184+0000] {logging_mixin.py:188} INFO - [2026-06-18T17:27:29.184+0000] {dag.py:3036} INFO - Sync 1 DAGs
[2026-06-18T17:27:29.227+0000] {logging_mixin.py:188} INFO - [2026-06-18T17:27:29.227+0000] {dag.py:3823} INFO - Setting next_dagrun for example_dynamic_task_mapping to 2022-03-04 00:00:00+00:00, run_after=2022-03-05 00:00:00+00:00
[2026-06-18T17:27:29.260+0000] {processor.py:183} INFO - Processing /home/airflow/.local/lib/python3.8/site-packages/airflow/example_dags/example_dynamic_task_mapping.py took 0.154 seconds
[2026-06-18T17:28:00.271+0000] {processor.py:161} INFO - Started process (PID=5006) to work on /home/airflow/.local/lib/python3.8/site-packages/airflow/example_dags/example_dynamic_task_mapping.py
[2026-06-18T17:28:00.273+0000] {processor.py:830} INFO - Processing file /home/airflow/.local/lib/python3.8/site-packages/airflow/example_dags/example_dynamic_task_mapping.py for tasks to queue
[2026-06-18T17:28:00.276+0000] {logging_mixin.py:188} INFO - [2026-06-18T17:28:00.276+0000] {dagbag.py:538} INFO - Filling up the DagBag from /home/airflow/.local/lib/python3.8/site-packages/airflow/example_dags/example_dynamic_task_mapping.py
[2026-06-18T17:28:00.288+0000] {processor.py:840} INFO - DAG(s) 'example_dynamic_task_mapping' retrieved from /home/airflow/.local/lib/python3.8/site-packages/airflow/example_dags/example_dynamic_task_mapping.py
[2026-06-18T17:28:00.336+0000] {logging_mixin.py:188} INFO - [2026-06-18T17:28:00.336+0000] {dag.py:3036} INFO - Sync 1 DAGs
[2026-06-18T17:28:00.391+0000] {logging_mixin.py:188} INFO - [2026-06-18T17:28:00.390+0000] {dag.py:3823} INFO - Setting next_dagrun for example_dynamic_task_mapping to 2022-03-04 00:00:00+00:00, run_after=2022-03-05 00:00:00+00:00
[2026-06-18T17:28:00.425+0000] {processor.py:183} INFO - Processing /home/airflow/.local/lib/python3.8/site-packages/airflow/example_dags/example_dynamic_task_mapping.py took 0.161 seconds
[2026-06-18T17:28:30.754+0000] {processor.py:161} INFO - Started process (PID=5071) to work on /home/airflow/.local/lib/python3.8/site-packages/airflow/example_dags/example_dynamic_task_mapping.py
[2026-06-18T17:28:30.755+0000] {processor.py:830} INFO - Processing file /home/airflow/.local/lib/python3.8/site-packages/airflow/example_dags/example_dynamic_task_mapping.py for tasks to queue
[2026-06-18T17:28:30.758+0000] {logging_mixin.py:188} INFO - [2026-06-18T17:28:30.758+0000] {dagbag.py:538} INFO - Filling up the DagBag from /home/airflow/.local/lib/python3.8/site-packages/airflow/example_dags/example_dynamic_task_mapping.py
[2026-06-18T17:28:30.769+0000] {processor.py:840} INFO - DAG(s) 'example_dynamic_task_mapping' retrieved from /home/airflow/.local/lib/python3.8/site-packages/airflow/example_dags/example_dynamic_task_mapping.py
[2026-06-18T17:28:30.811+0000] {logging_mixin.py:188} INFO - [2026-06-18T17:28:30.810+0000] {dag.py:3036} INFO - Sync 1 DAGs
[2026-06-18T17:28:30.855+0000] {logging_mixin.py:188} INFO - [2026-06-18T17:28:30.855+0000] {dag.py:3823} INFO - Setting next_dagrun for example_dynamic_task_mapping to 2022-03-04 00:00:00+00:00, run_after=2022-03-05 00:00:00+00:00
[2026-06-18T17:28:30.909+0000] {processor.py:183} INFO - Processing /home/airflow/.local/lib/python3.8/site-packages/airflow/example_dags/example_dynamic_task_mapping.py took 0.163 seconds
[2026-06-18T17:29:01.024+0000] {processor.py:161} INFO - Started process (PID=5137) to work on /home/airflow/.local/lib/python3.8/site-packages/airflow/example_dags/example_dynamic_task_mapping.py
[2026-06-18T17:29:01.026+0000] {processor.py:830} INFO - Processing file /home/airflow/.local/lib/python3.8/site-packages/airflow/example_dags/example_dynamic_task_mapping.py for tasks to queue
[2026-06-18T17:29:01.029+0000] {logging_mixin.py:188} INFO - [2026-06-18T17:29:01.029+0000] {dagbag.py:538} INFO - Filling up the DagBag from /home/airflow/.local/lib/python3.8/site-packages/airflow/example_dags/example_dynamic_task_mapping.py
[2026-06-18T17:29:01.039+0000] {processor.py:840} INFO - DAG(s) 'example_dynamic_task_mapping' retrieved from /home/airflow/.local/lib/python3.8/site-packages/airflow/example_dags/example_dynamic_task_mapping.py
[2026-06-18T17:29:01.076+0000] {logging_mixin.py:188} INFO - [2026-06-18T17:29:01.075+0000] {dag.py:3036} INFO - Sync 1 DAGs
[2026-06-18T17:29:01.119+0000] {logging_mixin.py:188} INFO - [2026-06-18T17:29:01.119+0000] {dag.py:3823} INFO - Setting next_dagrun for example_dynamic_task_mapping to 2022-03-04 00:00:00+00:00, run_after=2022-03-05 00:00:00+00:00
[2026-06-18T17:29:01.153+0000] {processor.py:183} INFO - Processing /home/airflow/.local/lib/python3.8/site-packages/airflow/example_dags/example_dynamic_task_mapping.py took 0.135 seconds
[2026-06-18T17:29:31.507+0000] {processor.py:161} INFO - Started process (PID=5201) to work on /home/airflow/.local/lib/python3.8/site-packages/airflow/example_dags/example_dynamic_task_mapping.py
[2026-06-18T17:29:31.509+0000] {processor.py:830} INFO - Processing file /home/airflow/.local/lib/python3.8/site-packages/airflow/example_dags/example_dynamic_task_mapping.py for tasks to queue
[2026-06-18T17:29:31.511+0000] {logging_mixin.py:188} INFO - [2026-06-18T17:29:31.511+0000] {dagbag.py:538} INFO - Filling up the DagBag from /home/airflow/.local/lib/python3.8/site-packages/airflow/example_dags/example_dynamic_task_mapping.py
[2026-06-18T17:29:31.524+0000] {processor.py:840} INFO - DAG(s) 'example_dynamic_task_mapping' retrieved from /home/airflow/.local/lib/python3.8/site-packages/airflow/example_dags/example_dynamic_task_mapping.py
[2026-06-18T17:29:31.559+0000] {logging_mixin.py:188} INFO - [2026-06-18T17:29:31.558+0000] {dag.py:3036} INFO - Sync 1 DAGs
[2026-06-18T17:29:31.594+0000] {logging_mixin.py:188} INFO - [2026-06-18T17:29:31.594+0000] {dag.py:3823} INFO - Setting next_dagrun for example_dynamic_task_mapping to 2022-03-04 00:00:00+00:00, run_after=2022-03-05 00:00:00+00:00
[2026-06-18T17:29:31.624+0000] {processor.py:183} INFO - Processing /home/airflow/.local/lib/python3.8/site-packages/airflow/example_dags/example_dynamic_task_mapping.py took 0.121 seconds
[2026-06-18T17:30:01.975+0000] {processor.py:161} INFO - Started process (PID=5265) to work on /home/airflow/.local/lib/python3.8/site-packages/airflow/example_dags/example_dynamic_task_mapping.py
[2026-06-18T17:30:01.977+0000] {processor.py:830} INFO - Processing file /home/airflow/.local/lib/python3.8/site-packages/airflow/example_dags/example_dynamic_task_mapping.py for tasks to queue
[2026-06-18T17:30:01.980+0000] {logging_mixin.py:188} INFO - [2026-06-18T17:30:01.979+0000] {dagbag.py:538} INFO - Filling up the DagBag from /home/airflow/.local/lib/python3.8/site-packages/airflow/example_dags/example_dynamic_task_mapping.py
[2026-06-18T17:30:01.990+0000] {processor.py:840} INFO - DAG(s) 'example_dynamic_task_mapping' retrieved from /home/airflow/.local/lib/python3.8/site-packages/airflow/example_dags/example_dynamic_task_mapping.py
[2026-06-18T17:30:02.033+0000] {logging_mixin.py:188} INFO - [2026-06-18T17:30:02.032+0000] {dag.py:3036} INFO - Sync 1 DAGs
[2026-06-18T17:30:02.080+0000] {logging_mixin.py:188} INFO - [2026-06-18T17:30:02.080+0000] {dag.py:3823} INFO - Setting next_dagrun for example_dynamic_task_mapping to 2022-03-04 00:00:00+00:00, run_after=2022-03-05 00:00:00+00:00
[2026-06-18T17:30:02.119+0000] {processor.py:183} INFO - Processing /home/airflow/.local/lib/python3.8/site-packages/airflow/example_dags/example_dynamic_task_mapping.py took 0.150 seconds
[2026-06-18T17:30:32.662+0000] {processor.py:161} INFO - Started process (PID=5331) to work on /home/airflow/.local/lib/python3.8/site-packages/airflow/example_dags/example_dynamic_task_mapping.py
[2026-06-18T17:30:32.665+0000] {processor.py:830} INFO - Processing file /home/airflow/.local/lib/python3.8/site-packages/airflow/example_dags/example_dynamic_task_mapping.py for tasks to queue
[2026-06-18T17:30:32.672+0000] {logging_mixin.py:188} INFO - [2026-06-18T17:30:32.671+0000] {dagbag.py:538} INFO - Filling up the DagBag from /home/airflow/.local/lib/python3.8/site-packages/airflow/example_dags/example_dynamic_task_mapping.py
[2026-06-18T17:30:32.683+0000] {processor.py:840} INFO - DAG(s) 'example_dynamic_task_mapping' retrieved from /home/airflow/.local/lib/python3.8/site-packages/airflow/example_dags/example_dynamic_task_mapping.py
[2026-06-18T17:30:32.732+0000] {logging_mixin.py:188} INFO - [2026-06-18T17:30:32.731+0000] {dag.py:3036} INFO - Sync 1 DAGs
[2026-06-18T17:30:32.772+0000] {logging_mixin.py:188} INFO - [2026-06-18T17:30:32.772+0000] {dag.py:3823} INFO - Setting next_dagrun for example_dynamic_task_mapping to 2022-03-04 00:00:00+00:00, run_after=2022-03-05 00:00:00+00:00
[2026-06-18T17:30:32.806+0000] {processor.py:183} INFO - Processing /home/airflow/.local/lib/python3.8/site-packages/airflow/example_dags/example_dynamic_task_mapping.py took 0.154 seconds
[2026-06-18T17:31:03.303+0000] {processor.py:161} INFO - Started process (PID=5397) to work on /home/airflow/.local/lib/python3.8/site-packages/airflow/example_dags/example_dynamic_task_mapping.py
[2026-06-18T17:31:03.305+0000] {processor.py:830} INFO - Processing file /home/airflow/.local/lib/python3.8/site-packages/airflow/example_dags/example_dynamic_task_mapping.py for tasks to queue
[2026-06-18T17:31:03.308+0000] {logging_mixin.py:188} INFO - [2026-06-18T17:31:03.307+0000] {dagbag.py:538} INFO - Filling up the DagBag from /home/airflow/.local/lib/python3.8/site-packages/airflow/example_dags/example_dynamic_task_mapping.py
[2026-06-18T17:31:03.319+0000] {processor.py:840} INFO - DAG(s) 'example_dynamic_task_mapping' retrieved from /home/airflow/.local/lib/python3.8/site-packages/airflow/example_dags/example_dynamic_task_mapping.py
[2026-06-18T17:31:03.356+0000] {logging_mixin.py:188} INFO - [2026-06-18T17:31:03.355+0000] {dag.py:3036} INFO - Sync 1 DAGs
[2026-06-18T17:31:03.394+0000] {logging_mixin.py:188} INFO - [2026-06-18T17:31:03.394+0000] {dag.py:3823} INFO - Setting next_dagrun for example_dynamic_task_mapping to 2022-03-04 00:00:00+00:00, run_after=2022-03-05 00:00:00+00:00
[2026-06-18T17:31:03.423+0000] {processor.py:183} INFO - Processing /home/airflow/.local/lib/python3.8/site-packages/airflow/example_dags/example_dynamic_task_mapping.py took 0.126 seconds
[2026-06-18T17:31:33.601+0000] {processor.py:161} INFO - Started process (PID=5462) to work on /home/airflow/.local/lib/python3.8/site-packages/airflow/example_dags/example_dynamic_task_mapping.py
[2026-06-18T17:31:33.602+0000] {processor.py:830} INFO - Processing file /home/airflow/.local/lib/python3.8/site-packages/airflow/example_dags/example_dynamic_task_mapping.py for tasks to queue
[2026-06-18T17:31:33.605+0000] {logging_mixin.py:188} INFO - [2026-06-18T17:31:33.604+0000] {dagbag.py:538} INFO - Filling up the DagBag from /home/airflow/.local/lib/python3.8/site-packages/airflow/example_dags/example_dynamic_task_mapping.py
[2026-06-18T17:31:33.615+0000] {processor.py:840} INFO - DAG(s) 'example_dynamic_task_mapping' retrieved from /home/airflow/.local/lib/python3.8/site-packages/airflow/example_dags/example_dynamic_task_mapping.py
[2026-06-18T17:31:33.651+0000] {logging_mixin.py:188} INFO - [2026-06-18T17:31:33.651+0000] {dag.py:3036} INFO - Sync 1 DAGs
[2026-06-18T17:31:33.693+0000] {logging_mixin.py:188} INFO - [2026-06-18T17:31:33.693+0000] {dag.py:3823} INFO - Setting next_dagrun for example_dynamic_task_mapping to 2022-03-04 00:00:00+00:00, run_after=2022-03-05 00:00:00+00:00
[2026-06-18T17:31:33.727+0000] {processor.py:183} INFO - Processing /home/airflow/.local/lib/python3.8/site-packages/airflow/example_dags/example_dynamic_task_mapping.py took 0.132 seconds
[2026-06-18T17:32:04.217+0000] {processor.py:161} INFO - Started process (PID=5528) to work on /home/airflow/.local/lib/python3.8/site-packages/airflow/example_dags/example_dynamic_task_mapping.py
[2026-06-18T17:32:04.219+0000] {processor.py:830} INFO - Processing file /home/airflow/.local/lib/python3.8/site-packages/airflow/example_dags/example_dynamic_task_mapping.py for tasks to queue
[2026-06-18T17:32:04.221+0000] {logging_mixin.py:188} INFO - [2026-06-18T17:32:04.221+0000] {dagbag.py:538} INFO - Filling up the DagBag from /home/airflow/.local/lib/python3.8/site-packages/airflow/example_dags/example_dynamic_task_mapping.py
[2026-06-18T17:32:04.231+0000] {processor.py:840} INFO - DAG(s) 'example_dynamic_task_mapping' retrieved from /home/airflow/.local/lib/python3.8/site-packages/airflow/example_dags/example_dynamic_task_mapping.py
[2026-06-18T17:32:04.267+0000] {logging_mixin.py:188} INFO - [2026-06-18T17:32:04.267+0000] {dag.py:3036} INFO - Sync 1 DAGs
[2026-06-18T17:32:04.305+0000] {logging_mixin.py:188} INFO - [2026-06-18T17:32:04.305+0000] {dag.py:3823} INFO - Setting next_dagrun for example_dynamic_task_mapping to 2022-03-04 00:00:00+00:00, run_after=2022-03-05 00:00:00+00:00
[2026-06-18T17:32:04.337+0000] {processor.py:183} INFO - Processing /home/airflow/.local/lib/python3.8/site-packages/airflow/example_dags/example_dynamic_task_mapping.py took 0.125 seconds
[2026-06-18T17:32:34.446+0000] {processor.py:161} INFO - Started process (PID=5594) to work on /home/airflow/.local/lib/python3.8/site-packages/airflow/example_dags/example_dynamic_task_mapping.py
[2026-06-18T17:32:34.448+0000] {processor.py:830} INFO - Processing file /home/airflow/.local/lib/python3.8/site-packages/airflow/example_dags/example_dynamic_task_mapping.py for tasks to queue
[2026-06-18T17:32:34.451+0000] {logging_mixin.py:188} INFO - [2026-06-18T17:32:34.450+0000] {dagbag.py:538} INFO - Filling up the DagBag from /home/airflow/.local/lib/python3.8/site-packages/airflow/example_dags/example_dynamic_task_mapping.py
[2026-06-18T17:32:34.462+0000] {processor.py:840} INFO - DAG(s) 'example_dynamic_task_mapping' retrieved from /home/airflow/.local/lib/python3.8/site-packages/airflow/example_dags/example_dynamic_task_mapping.py
[2026-06-18T17:32:34.501+0000] {logging_mixin.py:188} INFO - [2026-06-18T17:32:34.500+0000] {dag.py:3036} INFO - Sync 1 DAGs
[2026-06-18T17:32:34.537+0000] {logging_mixin.py:188} INFO - [2026-06-18T17:32:34.537+0000] {dag.py:3823} INFO - Setting next_dagrun for example_dynamic_task_mapping to 2022-03-04 00:00:00+00:00, run_after=2022-03-05 00:00:00+00:00
[2026-06-18T17:32:34.567+0000] {processor.py:183} INFO - Processing /home/airflow/.local/lib/python3.8/site-packages/airflow/example_dags/example_dynamic_task_mapping.py took 0.127 seconds
[2026-06-18T17:33:05.051+0000] {processor.py:161} INFO - Started process (PID=5660) to work on /home/airflow/.local/lib/python3.8/site-packages/airflow/example_dags/example_dynamic_task_mapping.py
[2026-06-18T17:33:05.053+0000] {processor.py:830} INFO - Processing file /home/airflow/.local/lib/python3.8/site-packages/airflow/example_dags/example_dynamic_task_mapping.py for tasks to queue
[2026-06-18T17:33:05.056+0000] {logging_mixin.py:188} INFO - [2026-06-18T17:33:05.056+0000] {dagbag.py:538} INFO - Filling up the DagBag from /home/airflow/.local/lib/python3.8/site-packages/airflow/example_dags/example_dynamic_task_mapping.py
[2026-06-18T17:33:05.073+0000] {processor.py:840} INFO - DAG(s) 'example_dynamic_task_mapping' retrieved from /home/airflow/.local/lib/python3.8/site-packages/airflow/example_dags/example_dynamic_task_mapping.py
[2026-06-18T17:33:05.112+0000] {logging_mixin.py:188} INFO - [2026-06-18T17:33:05.112+0000] {dag.py:3036} INFO - Sync 1 DAGs
[2026-06-18T17:33:05.153+0000] {logging_mixin.py:188} INFO - [2026-06-18T17:33:05.153+0000] {dag.py:3823} INFO - Setting next_dagrun for example_dynamic_task_mapping to 2022-03-04 00:00:00+00:00, run_after=2022-03-05 00:00:00+00:00
[2026-06-18T17:33:05.195+0000] {processor.py:183} INFO - Processing /home/airflow/.local/lib/python3.8/site-packages/airflow/example_dags/example_dynamic_task_mapping.py took 0.149 seconds
[2026-06-18T17:33:35.632+0000] {processor.py:161} INFO - Started process (PID=5732) to work on /home/airflow/.local/lib/python3.8/site-packages/airflow/example_dags/example_dynamic_task_mapping.py
[2026-06-18T17:33:35.633+0000] {processor.py:830} INFO - Processing file /home/airflow/.local/lib/python3.8/site-packages/airflow/example_dags/example_dynamic_task_mapping.py for tasks to queue
[2026-06-18T17:33:35.636+0000] {logging_mixin.py:188} INFO - [2026-06-18T17:33:35.636+0000] {dagbag.py:538} INFO - Filling up the DagBag from /home/airflow/.local/lib/python3.8/site-packages/airflow/example_dags/example_dynamic_task_mapping.py
[2026-06-18T17:33:35.648+0000] {processor.py:840} INFO - DAG(s) 'example_dynamic_task_mapping' retrieved from /home/airflow/.local/lib/python3.8/site-packages/airflow/example_dags/example_dynamic_task_mapping.py
[2026-06-18T17:33:35.682+0000] {logging_mixin.py:188} INFO - [2026-06-18T17:33:35.682+0000] {dag.py:3036} INFO - Sync 1 DAGs
[2026-06-18T17:33:35.731+0000] {logging_mixin.py:188} INFO - [2026-06-18T17:33:35.730+0000] {dag.py:3823} INFO - Setting next_dagrun for example_dynamic_task_mapping to 2022-03-04 00:00:00+00:00, run_after=2022-03-05 00:00:00+00:00
[2026-06-18T17:33:35.764+0000] {processor.py:183} INFO - Processing /home/airflow/.local/lib/python3.8/site-packages/airflow/example_dags/example_dynamic_task_mapping.py took 0.138 seconds
[2026-06-18T17:34:06.045+0000] {processor.py:161} INFO - Started process (PID=5800) to work on /home/airflow/.local/lib/python3.8/site-packages/airflow/example_dags/example_dynamic_task_mapping.py
[2026-06-18T17:34:06.047+0000] {processor.py:830} INFO - Processing file /home/airflow/.local/lib/python3.8/site-packages/airflow/example_dags/example_dynamic_task_mapping.py for tasks to queue
[2026-06-18T17:34:06.050+0000] {logging_mixin.py:188} INFO - [2026-06-18T17:34:06.049+0000] {dagbag.py:538} INFO - Filling up the DagBag from /home/airflow/.local/lib/python3.8/site-packages/airflow/example_dags/example_dynamic_task_mapping.py
[2026-06-18T17:34:06.063+0000] {processor.py:840} INFO - DAG(s) 'example_dynamic_task_mapping' retrieved from /home/airflow/.local/lib/python3.8/site-packages/airflow/example_dags/example_dynamic_task_mapping.py
[2026-06-18T17:34:06.104+0000] {logging_mixin.py:188} INFO - [2026-06-18T17:34:06.104+0000] {dag.py:3036} INFO - Sync 1 DAGs
[2026-06-18T17:34:06.149+0000] {logging_mixin.py:188} INFO - [2026-06-18T17:34:06.149+0000] {dag.py:3823} INFO - Setting next_dagrun for example_dynamic_task_mapping to 2022-03-04 00:00:00+00:00, run_after=2022-03-05 00:00:00+00:00
[2026-06-18T17:34:06.183+0000] {processor.py:183} INFO - Processing /home/airflow/.local/lib/python3.8/site-packages/airflow/example_dags/example_dynamic_task_mapping.py took 0.144 seconds
[2026-06-18T17:34:36.653+0000] {processor.py:161} INFO - Started process (PID=5865) to work on /home/airflow/.local/lib/python3.8/site-packages/airflow/example_dags/example_dynamic_task_mapping.py
[2026-06-18T17:34:36.656+0000] {processor.py:830} INFO - Processing file /home/airflow/.local/lib/python3.8/site-packages/airflow/example_dags/example_dynamic_task_mapping.py for tasks to queue
[2026-06-18T17:34:36.659+0000] {logging_mixin.py:188} INFO - [2026-06-18T17:34:36.658+0000] {dagbag.py:538} INFO - Filling up the DagBag from /home/airflow/.local/lib/python3.8/site-packages/airflow/example_dags/example_dynamic_task_mapping.py
[2026-06-18T17:34:36.673+0000] {processor.py:840} INFO - DAG(s) 'example_dynamic_task_mapping' retrieved from /home/airflow/.local/lib/python3.8/site-packages/airflow/example_dags/example_dynamic_task_mapping.py
[2026-06-18T17:34:36.714+0000] {logging_mixin.py:188} INFO - [2026-06-18T17:34:36.714+0000] {dag.py:3036} INFO - Sync 1 DAGs
[2026-06-18T17:34:36.761+0000] {logging_mixin.py:188} INFO - [2026-06-18T17:34:36.761+0000] {dag.py:3823} INFO - Setting next_dagrun for example_dynamic_task_mapping to 2022-03-04 00:00:00+00:00, run_after=2022-03-05 00:00:00+00:00
[2026-06-18T17:34:36.799+0000] {processor.py:183} INFO - Processing /home/airflow/.local/lib/python3.8/site-packages/airflow/example_dags/example_dynamic_task_mapping.py took 0.152 seconds
[2026-06-18T17:35:06.921+0000] {processor.py:161} INFO - Started process (PID=5931) to work on /home/airflow/.local/lib/python3.8/site-packages/airflow/example_dags/example_dynamic_task_mapping.py
[2026-06-18T17:35:06.936+0000] {processor.py:830} INFO - Processing file /home/airflow/.local/lib/python3.8/site-packages/airflow/example_dags/example_dynamic_task_mapping.py for tasks to queue
[2026-06-18T17:35:06.939+0000] {logging_mixin.py:188} INFO - [2026-06-18T17:35:06.938+0000] {dagbag.py:538} INFO - Filling up the DagBag from /home/airflow/.local/lib/python3.8/site-packages/airflow/example_dags/example_dynamic_task_mapping.py
[2026-06-18T17:35:06.985+0000] {processor.py:840} INFO - DAG(s) 'example_dynamic_task_mapping' retrieved from /home/airflow/.local/lib/python3.8/site-packages/airflow/example_dags/example_dynamic_task_mapping.py
[2026-06-18T17:35:07.092+0000] {logging_mixin.py:188} INFO - [2026-06-18T17:35:07.092+0000] {dag.py:3036} INFO - Sync 1 DAGs
[2026-06-18T17:35:07.185+0000] {logging_mixin.py:188} INFO - [2026-06-18T17:35:07.184+0000] {dag.py:3823} INFO - Setting next_dagrun for example_dynamic_task_mapping to 2022-03-04 00:00:00+00:00, run_after=2022-03-05 00:00:00+00:00
[2026-06-18T17:35:07.271+0000] {processor.py:183} INFO - Processing /home/airflow/.local/lib/python3.8/site-packages/airflow/example_dags/example_dynamic_task_mapping.py took 0.366 seconds
[2026-06-18T17:35:37.347+0000] {processor.py:161} INFO - Started process (PID=5995) to work on /home/airflow/.local/lib/python3.8/site-packages/airflow/example_dags/example_dynamic_task_mapping.py
[2026-06-18T17:35:37.348+0000] {processor.py:830} INFO - Processing file /home/airflow/.local/lib/python3.8/site-packages/airflow/example_dags/example_dynamic_task_mapping.py for tasks to queue
[2026-06-18T17:35:37.351+0000] {logging_mixin.py:188} INFO - [2026-06-18T17:35:37.351+0000] {dagbag.py:538} INFO - Filling up the DagBag from /home/airflow/.local/lib/python3.8/site-packages/airflow/example_dags/example_dynamic_task_mapping.py
[2026-06-18T17:35:37.362+0000] {processor.py:840} INFO - DAG(s) 'example_dynamic_task_mapping' retrieved from /home/airflow/.local/lib/python3.8/site-packages/airflow/example_dags/example_dynamic_task_mapping.py
[2026-06-18T17:35:37.397+0000] {logging_mixin.py:188} INFO - [2026-06-18T17:35:37.396+0000] {dag.py:3036} INFO - Sync 1 DAGs
[2026-06-18T17:35:37.435+0000] {logging_mixin.py:188} INFO - [2026-06-18T17:35:37.434+0000] {dag.py:3823} INFO - Setting next_dagrun for example_dynamic_task_mapping to 2022-03-04 00:00:00+00:00, run_after=2022-03-05 00:00:00+00:00
[2026-06-18T17:35:37.460+0000] {processor.py:183} INFO - Processing /home/airflow/.local/lib/python3.8/site-packages/airflow/example_dags/example_dynamic_task_mapping.py took 0.119 seconds
[2026-06-18T17:36:07.625+0000] {processor.py:161} INFO - Started process (PID=6061) to work on /home/airflow/.local/lib/python3.8/site-packages/airflow/example_dags/example_dynamic_task_mapping.py
[2026-06-18T17:36:07.628+0000] {processor.py:830} INFO - Processing file /home/airflow/.local/lib/python3.8/site-packages/airflow/example_dags/example_dynamic_task_mapping.py for tasks to queue
[2026-06-18T17:36:07.631+0000] {logging_mixin.py:188} INFO - [2026-06-18T17:36:07.630+0000] {dagbag.py:538} INFO - Filling up the DagBag from /home/airflow/.local/lib/python3.8/site-packages/airflow/example_dags/example_dynamic_task_mapping.py
[2026-06-18T17:36:07.643+0000] {processor.py:840} INFO - DAG(s) 'example_dynamic_task_mapping' retrieved from /home/airflow/.local/lib/python3.8/site-packages/airflow/example_dags/example_dynamic_task_mapping.py
[2026-06-18T17:36:07.689+0000] {logging_mixin.py:188} INFO - [2026-06-18T17:36:07.689+0000] {dag.py:3036} INFO - Sync 1 DAGs
[2026-06-18T17:36:07.747+0000] {logging_mixin.py:188} INFO - [2026-06-18T17:36:07.746+0000] {dag.py:3823} INFO - Setting next_dagrun for example_dynamic_task_mapping to 2022-03-04 00:00:00+00:00, run_after=2022-03-05 00:00:00+00:00
[2026-06-18T17:36:07.785+0000] {processor.py:183} INFO - Processing /home/airflow/.local/lib/python3.8/site-packages/airflow/example_dags/example_dynamic_task_mapping.py took 0.166 seconds
[2026-06-18T17:36:37.990+0000] {processor.py:161} INFO - Started process (PID=6126) to work on /home/airflow/.local/lib/python3.8/site-packages/airflow/example_dags/example_dynamic_task_mapping.py
[2026-06-18T17:36:37.992+0000] {processor.py:830} INFO - Processing file /home/airflow/.local/lib/python3.8/site-packages/airflow/example_dags/example_dynamic_task_mapping.py for tasks to queue
[2026-06-18T17:36:37.995+0000] {logging_mixin.py:188} INFO - [2026-06-18T17:36:37.995+0000] {dagbag.py:538} INFO - Filling up the DagBag from /home/airflow/.local/lib/python3.8/site-packages/airflow/example_dags/example_dynamic_task_mapping.py
[2026-06-18T17:36:38.005+0000] {processor.py:840} INFO - DAG(s) 'example_dynamic_task_mapping' retrieved from /home/airflow/.local/lib/python3.8/site-packages/airflow/example_dags/example_dynamic_task_mapping.py
[2026-06-18T17:36:38.043+0000] {logging_mixin.py:188} INFO - [2026-06-18T17:36:38.042+0000] {dag.py:3036} INFO - Sync 1 DAGs
[2026-06-18T17:36:38.079+0000] {logging_mixin.py:188} INFO - [2026-06-18T17:36:38.079+0000] {dag.py:3823} INFO - Setting next_dagrun for example_dynamic_task_mapping to 2022-03-04 00:00:00+00:00, run_after=2022-03-05 00:00:00+00:00
[2026-06-18T17:36:38.109+0000] {processor.py:183} INFO - Processing /home/airflow/.local/lib/python3.8/site-packages/airflow/example_dags/example_dynamic_task_mapping.py took 0.125 seconds
[2026-06-18T17:37:08.184+0000] {processor.py:161} INFO - Started process (PID=6192) to work on /home/airflow/.local/lib/python3.8/site-packages/airflow/example_dags/example_dynamic_task_mapping.py
[2026-06-18T17:37:08.186+0000] {processor.py:830} INFO - Processing file /home/airflow/.local/lib/python3.8/site-packages/airflow/example_dags/example_dynamic_task_mapping.py for tasks to queue
[2026-06-18T17:37:08.188+0000] {logging_mixin.py:188} INFO - [2026-06-18T17:37:08.188+0000] {dagbag.py:538} INFO - Filling up the DagBag from /home/airflow/.local/lib/python3.8/site-packages/airflow/example_dags/example_dynamic_task_mapping.py
[2026-06-18T17:37:08.197+0000] {processor.py:840} INFO - DAG(s) 'example_dynamic_task_mapping' retrieved from /home/airflow/.local/lib/python3.8/site-packages/airflow/example_dags/example_dynamic_task_mapping.py
[2026-06-18T17:37:08.231+0000] {logging_mixin.py:188} INFO - [2026-06-18T17:37:08.230+0000] {dag.py:3036} INFO - Sync 1 DAGs
[2026-06-18T17:37:08.265+0000] {logging_mixin.py:188} INFO - [2026-06-18T17:37:08.265+0000] {dag.py:3823} INFO - Setting next_dagrun for example_dynamic_task_mapping to 2022-03-04 00:00:00+00:00, run_after=2022-03-05 00:00:00+00:00
[2026-06-18T17:37:08.293+0000] {processor.py:183} INFO - Processing /home/airflow/.local/lib/python3.8/site-packages/airflow/example_dags/example_dynamic_task_mapping.py took 0.113 seconds
[2026-06-18T17:37:38.382+0000] {processor.py:161} INFO - Started process (PID=6257) to work on /home/airflow/.local/lib/python3.8/site-packages/airflow/example_dags/example_dynamic_task_mapping.py
[2026-06-18T17:37:38.384+0000] {processor.py:830} INFO - Processing file /home/airflow/.local/lib/python3.8/site-packages/airflow/example_dags/example_dynamic_task_mapping.py for tasks to queue
[2026-06-18T17:37:38.389+0000] {logging_mixin.py:188} INFO - [2026-06-18T17:37:38.388+0000] {dagbag.py:538} INFO - Filling up the DagBag from /home/airflow/.local/lib/python3.8/site-packages/airflow/example_dags/example_dynamic_task_mapping.py
[2026-06-18T17:37:38.399+0000] {processor.py:840} INFO - DAG(s) 'example_dynamic_task_mapping' retrieved from /home/airflow/.local/lib/python3.8/site-packages/airflow/example_dags/example_dynamic_task_mapping.py
[2026-06-18T17:37:38.434+0000] {logging_mixin.py:188} INFO - [2026-06-18T17:37:38.433+0000] {dag.py:3036} INFO - Sync 1 DAGs
[2026-06-18T17:37:38.470+0000] {logging_mixin.py:188} INFO - [2026-06-18T17:37:38.470+0000] {dag.py:3823} INFO - Setting next_dagrun for example_dynamic_task_mapping to 2022-03-04 00:00:00+00:00, run_after=2022-03-05 00:00:00+00:00
[2026-06-18T17:37:38.500+0000] {processor.py:183} INFO - Processing /home/airflow/.local/lib/python3.8/site-packages/airflow/example_dags/example_dynamic_task_mapping.py took 0.123 seconds
[2026-06-18T17:38:08.719+0000] {processor.py:161} INFO - Started process (PID=6322) to work on /home/airflow/.local/lib/python3.8/site-packages/airflow/example_dags/example_dynamic_task_mapping.py
[2026-06-18T17:38:08.720+0000] {processor.py:830} INFO - Processing file /home/airflow/.local/lib/python3.8/site-packages/airflow/example_dags/example_dynamic_task_mapping.py for tasks to queue
[2026-06-18T17:38:08.723+0000] {logging_mixin.py:188} INFO - [2026-06-18T17:38:08.722+0000] {dagbag.py:538} INFO - Filling up the DagBag from /home/airflow/.local/lib/python3.8/site-packages/airflow/example_dags/example_dynamic_task_mapping.py
[2026-06-18T17:38:08.733+0000] {processor.py:840} INFO - DAG(s) 'example_dynamic_task_mapping' retrieved from /home/airflow/.local/lib/python3.8/site-packages/airflow/example_dags/example_dynamic_task_mapping.py
[2026-06-18T17:38:08.767+0000] {logging_mixin.py:188} INFO - [2026-06-18T17:38:08.767+0000] {dag.py:3036} INFO - Sync 1 DAGs
[2026-06-18T17:38:08.811+0000] {logging_mixin.py:188} INFO - [2026-06-18T17:38:08.811+0000] {dag.py:3823} INFO - Setting next_dagrun for example_dynamic_task_mapping to 2022-03-04 00:00:00+00:00, run_after=2022-03-05 00:00:00+00:00
[2026-06-18T17:38:08.843+0000] {processor.py:183} INFO - Processing /home/airflow/.local/lib/python3.8/site-packages/airflow/example_dags/example_dynamic_task_mapping.py took 0.129 seconds
[2026-06-18T17:38:38.990+0000] {processor.py:161} INFO - Started process (PID=6388) to work on /home/airflow/.local/lib/python3.8/site-packages/airflow/example_dags/example_dynamic_task_mapping.py
[2026-06-18T17:38:38.994+0000] {processor.py:830} INFO - Processing file /home/airflow/.local/lib/python3.8/site-packages/airflow/example_dags/example_dynamic_task_mapping.py for tasks to queue
[2026-06-18T17:38:38.998+0000] {logging_mixin.py:188} INFO - [2026-06-18T17:38:38.997+0000] {dagbag.py:538} INFO - Filling up the DagBag from /home/airflow/.local/lib/python3.8/site-packages/airflow/example_dags/example_dynamic_task_mapping.py
[2026-06-18T17:38:39.013+0000] {processor.py:840} INFO - DAG(s) 'example_dynamic_task_mapping' retrieved from /home/airflow/.local/lib/python3.8/site-packages/airflow/example_dags/example_dynamic_task_mapping.py
[2026-06-18T17:38:39.063+0000] {logging_mixin.py:188} INFO - [2026-06-18T17:38:39.063+0000] {dag.py:3036} INFO - Sync 1 DAGs
[2026-06-18T17:38:39.107+0000] {logging_mixin.py:188} INFO - [2026-06-18T17:38:39.107+0000] {dag.py:3823} INFO - Setting next_dagrun for example_dynamic_task_mapping to 2022-03-04 00:00:00+00:00, run_after=2022-03-05 00:00:00+00:00
[2026-06-18T17:38:39.142+0000] {processor.py:183} INFO - Processing /home/airflow/.local/lib/python3.8/site-packages/airflow/example_dags/example_dynamic_task_mapping.py took 0.157 seconds
[2026-06-18T17:39:09.641+0000] {processor.py:161} INFO - Started process (PID=6454) to work on /home/airflow/.local/lib/python3.8/site-packages/airflow/example_dags/example_dynamic_task_mapping.py
[2026-06-18T17:39:09.643+0000] {processor.py:830} INFO - Processing file /home/airflow/.local/lib/python3.8/site-packages/airflow/example_dags/example_dynamic_task_mapping.py for tasks to queue
[2026-06-18T17:39:09.646+0000] {logging_mixin.py:188} INFO - [2026-06-18T17:39:09.645+0000] {dagbag.py:538} INFO - Filling up the DagBag from /home/airflow/.local/lib/python3.8/site-packages/airflow/example_dags/example_dynamic_task_mapping.py
[2026-06-18T17:39:09.656+0000] {processor.py:840} INFO - DAG(s) 'example_dynamic_task_mapping' retrieved from /home/airflow/.local/lib/python3.8/site-packages/airflow/example_dags/example_dynamic_task_mapping.py
[2026-06-18T17:39:09.689+0000] {logging_mixin.py:188} INFO - [2026-06-18T17:39:09.689+0000] {dag.py:3036} INFO - Sync 1 DAGs
[2026-06-18T17:39:09.737+0000] {logging_mixin.py:188} INFO - [2026-06-18T17:39:09.737+0000] {dag.py:3823} INFO - Setting next_dagrun for example_dynamic_task_mapping to 2022-03-04 00:00:00+00:00, run_after=2022-03-05 00:00:00+00:00
[2026-06-18T17:39:09.772+0000] {processor.py:183} INFO - Processing /home/airflow/.local/lib/python3.8/site-packages/airflow/example_dags/example_dynamic_task_mapping.py took 0.136 seconds
[2026-06-18T17:39:40.465+0000] {processor.py:161} INFO - Started process (PID=6520) to work on /home/airflow/.local/lib/python3.8/site-packages/airflow/example_dags/example_dynamic_task_mapping.py
[2026-06-18T17:39:40.467+0000] {processor.py:830} INFO - Processing file /home/airflow/.local/lib/python3.8/site-packages/airflow/example_dags/example_dynamic_task_mapping.py for tasks to queue
[2026-06-18T17:39:40.469+0000] {logging_mixin.py:188} INFO - [2026-06-18T17:39:40.469+0000] {dagbag.py:538} INFO - Filling up the DagBag from /home/airflow/.local/lib/python3.8/site-packages/airflow/example_dags/example_dynamic_task_mapping.py
[2026-06-18T17:39:40.479+0000] {processor.py:840} INFO - DAG(s) 'example_dynamic_task_mapping' retrieved from /home/airflow/.local/lib/python3.8/site-packages/airflow/example_dags/example_dynamic_task_mapping.py
[2026-06-18T17:39:40.519+0000] {logging_mixin.py:188} INFO - [2026-06-18T17:39:40.518+0000] {dag.py:3036} INFO - Sync 1 DAGs
[2026-06-18T17:39:40.560+0000] {logging_mixin.py:188} INFO - [2026-06-18T17:39:40.560+0000] {dag.py:3823} INFO - Setting next_dagrun for example_dynamic_task_mapping to 2022-03-04 00:00:00+00:00, run_after=2022-03-05 00:00:00+00:00
[2026-06-18T17:39:40.592+0000] {processor.py:183} INFO - Processing /home/airflow/.local/lib/python3.8/site-packages/airflow/example_dags/example_dynamic_task_mapping.py took 0.132 seconds
[2026-06-18T17:40:11.040+0000] {processor.py:161} INFO - Started process (PID=6584) to work on /home/airflow/.local/lib/python3.8/site-packages/airflow/example_dags/example_dynamic_task_mapping.py
[2026-06-18T17:40:11.042+0000] {processor.py:830} INFO - Processing file /home/airflow/.local/lib/python3.8/site-packages/airflow/example_dags/example_dynamic_task_mapping.py for tasks to queue
[2026-06-18T17:40:11.045+0000] {logging_mixin.py:188} INFO - [2026-06-18T17:40:11.045+0000] {dagbag.py:538} INFO - Filling up the DagBag from /home/airflow/.local/lib/python3.8/site-packages/airflow/example_dags/example_dynamic_task_mapping.py
[2026-06-18T17:40:11.058+0000] {processor.py:840} INFO - DAG(s) 'example_dynamic_task_mapping' retrieved from /home/airflow/.local/lib/python3.8/site-packages/airflow/example_dags/example_dynamic_task_mapping.py
[2026-06-18T17:40:11.102+0000] {logging_mixin.py:188} INFO - [2026-06-18T17:40:11.102+0000] {dag.py:3036} INFO - Sync 1 DAGs
[2026-06-18T17:40:11.148+0000] {logging_mixin.py:188} INFO - [2026-06-18T17:40:11.148+0000] {dag.py:3823} INFO - Setting next_dagrun for example_dynamic_task_mapping to 2022-03-04 00:00:00+00:00, run_after=2022-03-05 00:00:00+00:00
[2026-06-18T17:40:11.184+0000] {processor.py:183} INFO - Processing /home/airflow/.local/lib/python3.8/site-packages/airflow/example_dags/example_dynamic_task_mapping.py took 0.150 seconds
[2026-06-18T17:40:41.422+0000] {processor.py:161} INFO - Started process (PID=6650) to work on /home/airflow/.local/lib/python3.8/site-packages/airflow/example_dags/example_dynamic_task_mapping.py
[2026-06-18T17:40:41.423+0000] {processor.py:830} INFO - Processing file /home/airflow/.local/lib/python3.8/site-packages/airflow/example_dags/example_dynamic_task_mapping.py for tasks to queue
[2026-06-18T17:40:41.426+0000] {logging_mixin.py:188} INFO - [2026-06-18T17:40:41.426+0000] {dagbag.py:538} INFO - Filling up the DagBag from /home/airflow/.local/lib/python3.8/site-packages/airflow/example_dags/example_dynamic_task_mapping.py
[2026-06-18T17:40:41.436+0000] {processor.py:840} INFO - DAG(s) 'example_dynamic_task_mapping' retrieved from /home/airflow/.local/lib/python3.8/site-packages/airflow/example_dags/example_dynamic_task_mapping.py
[2026-06-18T17:40:41.472+0000] {logging_mixin.py:188} INFO - [2026-06-18T17:40:41.472+0000] {dag.py:3036} INFO - Sync 1 DAGs
[2026-06-18T17:40:41.508+0000] {logging_mixin.py:188} INFO - [2026-06-18T17:40:41.508+0000] {dag.py:3823} INFO - Setting next_dagrun for example_dynamic_task_mapping to 2022-03-04 00:00:00+00:00, run_after=2022-03-05 00:00:00+00:00
[2026-06-18T17:40:41.537+0000] {processor.py:183} INFO - Processing /home/airflow/.local/lib/python3.8/site-packages/airflow/example_dags/example_dynamic_task_mapping.py took 0.121 seconds
[2026-06-18T17:41:11.768+0000] {processor.py:161} INFO - Started process (PID=6722) to work on /home/airflow/.local/lib/python3.8/site-packages/airflow/example_dags/example_dynamic_task_mapping.py
[2026-06-18T17:41:11.771+0000] {processor.py:830} INFO - Processing file /home/airflow/.local/lib/python3.8/site-packages/airflow/example_dags/example_dynamic_task_mapping.py for tasks to queue
[2026-06-18T17:41:11.774+0000] {logging_mixin.py:188} INFO - [2026-06-18T17:41:11.773+0000] {dagbag.py:538} INFO - Filling up the DagBag from /home/airflow/.local/lib/python3.8/site-packages/airflow/example_dags/example_dynamic_task_mapping.py
[2026-06-18T17:41:11.785+0000] {processor.py:840} INFO - DAG(s) 'example_dynamic_task_mapping' retrieved from /home/airflow/.local/lib/python3.8/site-packages/airflow/example_dags/example_dynamic_task_mapping.py
[2026-06-18T17:41:11.822+0000] {logging_mixin.py:188} INFO - [2026-06-18T17:41:11.822+0000] {dag.py:3036} INFO - Sync 1 DAGs
[2026-06-18T17:41:11.857+0000] {logging_mixin.py:188} INFO - [2026-06-18T17:41:11.857+0000] {dag.py:3823} INFO - Setting next_dagrun for example_dynamic_task_mapping to 2022-03-04 00:00:00+00:00, run_after=2022-03-05 00:00:00+00:00
[2026-06-18T17:41:11.895+0000] {processor.py:183} INFO - Processing /home/airflow/.local/lib/python3.8/site-packages/airflow/example_dags/example_dynamic_task_mapping.py took 0.133 seconds
[2026-06-18T17:41:42.232+0000] {processor.py:161} INFO - Started process (PID=6788) to work on /home/airflow/.local/lib/python3.8/site-packages/airflow/example_dags/example_dynamic_task_mapping.py
[2026-06-18T17:41:42.233+0000] {processor.py:830} INFO - Processing file /home/airflow/.local/lib/python3.8/site-packages/airflow/example_dags/example_dynamic_task_mapping.py for tasks to queue
[2026-06-18T17:41:42.236+0000] {logging_mixin.py:188} INFO - [2026-06-18T17:41:42.235+0000] {dagbag.py:538} INFO - Filling up the DagBag from /home/airflow/.local/lib/python3.8/site-packages/airflow/example_dags/example_dynamic_task_mapping.py
[2026-06-18T17:41:42.246+0000] {processor.py:840} INFO - DAG(s) 'example_dynamic_task_mapping' retrieved from /home/airflow/.local/lib/python3.8/site-packages/airflow/example_dags/example_dynamic_task_mapping.py
[2026-06-18T17:41:42.291+0000] {logging_mixin.py:188} INFO - [2026-06-18T17:41:42.291+0000] {dag.py:3036} INFO - Sync 1 DAGs
[2026-06-18T17:41:42.335+0000] {logging_mixin.py:188} INFO - [2026-06-18T17:41:42.335+0000] {dag.py:3823} INFO - Setting next_dagrun for example_dynamic_task_mapping to 2022-03-04 00:00:00+00:00, run_after=2022-03-05 00:00:00+00:00
[2026-06-18T17:41:42.380+0000] {processor.py:183} INFO - Processing /home/airflow/.local/lib/python3.8/site-packages/airflow/example_dags/example_dynamic_task_mapping.py took 0.154 seconds
[2026-06-18T17:42:13.105+0000] {processor.py:161} INFO - Started process (PID=6854) to work on /home/airflow/.local/lib/python3.8/site-packages/airflow/example_dags/example_dynamic_task_mapping.py
[2026-06-18T17:42:13.107+0000] {processor.py:830} INFO - Processing file /home/airflow/.local/lib/python3.8/site-packages/airflow/example_dags/example_dynamic_task_mapping.py for tasks to queue
[2026-06-18T17:42:13.111+0000] {logging_mixin.py:188} INFO - [2026-06-18T17:42:13.110+0000] {dagbag.py:538} INFO - Filling up the DagBag from /home/airflow/.local/lib/python3.8/site-packages/airflow/example_dags/example_dynamic_task_mapping.py
[2026-06-18T17:42:13.122+0000] {processor.py:840} INFO - DAG(s) 'example_dynamic_task_mapping' retrieved from /home/airflow/.local/lib/python3.8/site-packages/airflow/example_dags/example_dynamic_task_mapping.py
[2026-06-18T17:42:13.164+0000] {logging_mixin.py:188} INFO - [2026-06-18T17:42:13.163+0000] {dag.py:3036} INFO - Sync 1 DAGs
[2026-06-18T17:42:13.208+0000] {logging_mixin.py:188} INFO - [2026-06-18T17:42:13.208+0000] {dag.py:3823} INFO - Setting next_dagrun for example_dynamic_task_mapping to 2022-03-04 00:00:00+00:00, run_after=2022-03-05 00:00:00+00:00
[2026-06-18T17:42:13.242+0000] {processor.py:183} INFO - Processing /home/airflow/.local/lib/python3.8/site-packages/airflow/example_dags/example_dynamic_task_mapping.py took 0.143 seconds
[2026-06-18T17:42:43.446+0000] {processor.py:161} INFO - Started process (PID=6920) to work on /home/airflow/.local/lib/python3.8/site-packages/airflow/example_dags/example_dynamic_task_mapping.py
[2026-06-18T17:42:43.448+0000] {processor.py:830} INFO - Processing file /home/airflow/.local/lib/python3.8/site-packages/airflow/example_dags/example_dynamic_task_mapping.py for tasks to queue
[2026-06-18T17:42:43.451+0000] {logging_mixin.py:188} INFO - [2026-06-18T17:42:43.450+0000] {dagbag.py:538} INFO - Filling up the DagBag from /home/airflow/.local/lib/python3.8/site-packages/airflow/example_dags/example_dynamic_task_mapping.py
[2026-06-18T17:42:43.463+0000] {processor.py:840} INFO - DAG(s) 'example_dynamic_task_mapping' retrieved from /home/airflow/.local/lib/python3.8/site-packages/airflow/example_dags/example_dynamic_task_mapping.py
[2026-06-18T17:42:43.504+0000] {logging_mixin.py:188} INFO - [2026-06-18T17:42:43.503+0000] {dag.py:3036} INFO - Sync 1 DAGs
[2026-06-18T17:42:43.548+0000] {logging_mixin.py:188} INFO - [2026-06-18T17:42:43.547+0000] {dag.py:3823} INFO - Setting next_dagrun for example_dynamic_task_mapping to 2022-03-04 00:00:00+00:00, run_after=2022-03-05 00:00:00+00:00
[2026-06-18T17:42:43.587+0000] {processor.py:183} INFO - Processing /home/airflow/.local/lib/python3.8/site-packages/airflow/example_dags/example_dynamic_task_mapping.py took 0.147 seconds
[2026-06-18T17:43:14.380+0000] {processor.py:161} INFO - Started process (PID=6987) to work on /home/airflow/.local/lib/python3.8/site-packages/airflow/example_dags/example_dynamic_task_mapping.py
[2026-06-18T17:43:14.382+0000] {processor.py:830} INFO - Processing file /home/airflow/.local/lib/python3.8/site-packages/airflow/example_dags/example_dynamic_task_mapping.py for tasks to queue
[2026-06-18T17:43:14.385+0000] {logging_mixin.py:188} INFO - [2026-06-18T17:43:14.385+0000] {dagbag.py:538} INFO - Filling up the DagBag from /home/airflow/.local/lib/python3.8/site-packages/airflow/example_dags/example_dynamic_task_mapping.py
[2026-06-18T17:43:14.397+0000] {processor.py:840} INFO - DAG(s) 'example_dynamic_task_mapping' retrieved from /home/airflow/.local/lib/python3.8/site-packages/airflow/example_dags/example_dynamic_task_mapping.py
[2026-06-18T17:43:14.433+0000] {logging_mixin.py:188} INFO - [2026-06-18T17:43:14.433+0000] {dag.py:3036} INFO - Sync 1 DAGs
[2026-06-18T17:43:14.471+0000] {logging_mixin.py:188} INFO - [2026-06-18T17:43:14.470+0000] {dag.py:3823} INFO - Setting next_dagrun for example_dynamic_task_mapping to 2022-03-04 00:00:00+00:00, run_after=2022-03-05 00:00:00+00:00
[2026-06-18T17:43:14.503+0000] {processor.py:183} INFO - Processing /home/airflow/.local/lib/python3.8/site-packages/airflow/example_dags/example_dynamic_task_mapping.py took 0.129 seconds
[2026-06-18T17:43:44.930+0000] {processor.py:161} INFO - Started process (PID=7052) to work on /home/airflow/.local/lib/python3.8/site-packages/airflow/example_dags/example_dynamic_task_mapping.py
[2026-06-18T17:43:44.932+0000] {processor.py:830} INFO - Processing file /home/airflow/.local/lib/python3.8/site-packages/airflow/example_dags/example_dynamic_task_mapping.py for tasks to queue
[2026-06-18T17:43:44.935+0000] {logging_mixin.py:188} INFO - [2026-06-18T17:43:44.934+0000] {dagbag.py:538} INFO - Filling up the DagBag from /home/airflow/.local/lib/python3.8/site-packages/airflow/example_dags/example_dynamic_task_mapping.py
[2026-06-18T17:43:44.944+0000] {processor.py:840} INFO - DAG(s) 'example_dynamic_task_mapping' retrieved from /home/airflow/.local/lib/python3.8/site-packages/airflow/example_dags/example_dynamic_task_mapping.py
[2026-06-18T17:43:44.978+0000] {logging_mixin.py:188} INFO - [2026-06-18T17:43:44.978+0000] {dag.py:3036} INFO - Sync 1 DAGs
[2026-06-18T17:43:45.015+0000] {logging_mixin.py:188} INFO - [2026-06-18T17:43:45.015+0000] {dag.py:3823} INFO - Setting next_dagrun for example_dynamic_task_mapping to 2022-03-04 00:00:00+00:00, run_after=2022-03-05 00:00:00+00:00
[2026-06-18T17:43:45.047+0000] {processor.py:183} INFO - Processing /home/airflow/.local/lib/python3.8/site-packages/airflow/example_dags/example_dynamic_task_mapping.py took 0.123 seconds
[2026-06-18T17:44:15.600+0000] {processor.py:161} INFO - Started process (PID=7118) to work on /home/airflow/.local/lib/python3.8/site-packages/airflow/example_dags/example_dynamic_task_mapping.py
[2026-06-18T17:44:15.602+0000] {processor.py:830} INFO - Processing file /home/airflow/.local/lib/python3.8/site-packages/airflow/example_dags/example_dynamic_task_mapping.py for tasks to queue
[2026-06-18T17:44:15.604+0000] {logging_mixin.py:188} INFO - [2026-06-18T17:44:15.604+0000] {dagbag.py:538} INFO - Filling up the DagBag from /home/airflow/.local/lib/python3.8/site-packages/airflow/example_dags/example_dynamic_task_mapping.py
[2026-06-18T17:44:15.614+0000] {processor.py:840} INFO - DAG(s) 'example_dynamic_task_mapping' retrieved from /home/airflow/.local/lib/python3.8/site-packages/airflow/example_dags/example_dynamic_task_mapping.py
[2026-06-18T17:44:15.650+0000] {logging_mixin.py:188} INFO - [2026-06-18T17:44:15.650+0000] {dag.py:3036} INFO - Sync 1 DAGs
[2026-06-18T17:44:15.708+0000] {logging_mixin.py:188} INFO - [2026-06-18T17:44:15.707+0000] {dag.py:3823} INFO - Setting next_dagrun for example_dynamic_task_mapping to 2022-03-04 00:00:00+00:00, run_after=2022-03-05 00:00:00+00:00
[2026-06-18T17:44:15.744+0000] {processor.py:183} INFO - Processing /home/airflow/.local/lib/python3.8/site-packages/airflow/example_dags/example_dynamic_task_mapping.py took 0.150 seconds
[2026-06-18T17:44:46.481+0000] {processor.py:161} INFO - Started process (PID=7184) to work on /home/airflow/.local/lib/python3.8/site-packages/airflow/example_dags/example_dynamic_task_mapping.py
[2026-06-18T17:44:46.484+0000] {processor.py:830} INFO - Processing file /home/airflow/.local/lib/python3.8/site-packages/airflow/example_dags/example_dynamic_task_mapping.py for tasks to queue
[2026-06-18T17:44:46.487+0000] {logging_mixin.py:188} INFO - [2026-06-18T17:44:46.486+0000] {dagbag.py:538} INFO - Filling up the DagBag from /home/airflow/.local/lib/python3.8/site-packages/airflow/example_dags/example_dynamic_task_mapping.py
[2026-06-18T17:44:46.499+0000] {processor.py:840} INFO - DAG(s) 'example_dynamic_task_mapping' retrieved from /home/airflow/.local/lib/python3.8/site-packages/airflow/example_dags/example_dynamic_task_mapping.py
[2026-06-18T17:44:46.543+0000] {logging_mixin.py:188} INFO - [2026-06-18T17:44:46.542+0000] {dag.py:3036} INFO - Sync 1 DAGs
[2026-06-18T17:44:46.583+0000] {logging_mixin.py:188} INFO - [2026-06-18T17:44:46.582+0000] {dag.py:3823} INFO - Setting next_dagrun for example_dynamic_task_mapping to 2022-03-04 00:00:00+00:00, run_after=2022-03-05 00:00:00+00:00
[2026-06-18T17:44:46.620+0000] {processor.py:183} INFO - Processing /home/airflow/.local/lib/python3.8/site-packages/airflow/example_dags/example_dynamic_task_mapping.py took 0.145 seconds
[2026-06-18T17:45:17.131+0000] {processor.py:161} INFO - Started process (PID=7250) to work on /home/airflow/.local/lib/python3.8/site-packages/airflow/example_dags/example_dynamic_task_mapping.py
[2026-06-18T17:45:17.134+0000] {processor.py:830} INFO - Processing file /home/airflow/.local/lib/python3.8/site-packages/airflow/example_dags/example_dynamic_task_mapping.py for tasks to queue
[2026-06-18T17:45:17.137+0000] {logging_mixin.py:188} INFO - [2026-06-18T17:45:17.136+0000] {dagbag.py:538} INFO - Filling up the DagBag from /home/airflow/.local/lib/python3.8/site-packages/airflow/example_dags/example_dynamic_task_mapping.py
[2026-06-18T17:45:17.149+0000] {processor.py:840} INFO - DAG(s) 'example_dynamic_task_mapping' retrieved from /home/airflow/.local/lib/python3.8/site-packages/airflow/example_dags/example_dynamic_task_mapping.py
[2026-06-18T17:45:17.187+0000] {logging_mixin.py:188} INFO - [2026-06-18T17:45:17.187+0000] {dag.py:3036} INFO - Sync 1 DAGs
[2026-06-18T17:45:17.226+0000] {logging_mixin.py:188} INFO - [2026-06-18T17:45:17.225+0000] {dag.py:3823} INFO - Setting next_dagrun for example_dynamic_task_mapping to 2022-03-04 00:00:00+00:00, run_after=2022-03-05 00:00:00+00:00
[2026-06-18T17:45:17.257+0000] {processor.py:183} INFO - Processing /home/airflow/.local/lib/python3.8/site-packages/airflow/example_dags/example_dynamic_task_mapping.py took 0.131 seconds
[2026-06-18T17:45:48.324+0000] {processor.py:161} INFO - Started process (PID=7316) to work on /home/airflow/.local/lib/python3.8/site-packages/airflow/example_dags/example_dynamic_task_mapping.py
[2026-06-18T17:45:48.326+0000] {processor.py:830} INFO - Processing file /home/airflow/.local/lib/python3.8/site-packages/airflow/example_dags/example_dynamic_task_mapping.py for tasks to queue
[2026-06-18T17:45:48.328+0000] {logging_mixin.py:188} INFO - [2026-06-18T17:45:48.328+0000] {dagbag.py:538} INFO - Filling up the DagBag from /home/airflow/.local/lib/python3.8/site-packages/airflow/example_dags/example_dynamic_task_mapping.py
[2026-06-18T17:45:48.337+0000] {processor.py:840} INFO - DAG(s) 'example_dynamic_task_mapping' retrieved from /home/airflow/.local/lib/python3.8/site-packages/airflow/example_dags/example_dynamic_task_mapping.py
[2026-06-18T17:45:48.373+0000] {logging_mixin.py:188} INFO - [2026-06-18T17:45:48.373+0000] {dag.py:3036} INFO - Sync 1 DAGs
[2026-06-18T17:45:48.410+0000] {logging_mixin.py:188} INFO - [2026-06-18T17:45:48.409+0000] {dag.py:3823} INFO - Setting next_dagrun for example_dynamic_task_mapping to 2022-03-04 00:00:00+00:00, run_after=2022-03-05 00:00:00+00:00
[2026-06-18T17:45:48.441+0000] {processor.py:183} INFO - Processing /home/airflow/.local/lib/python3.8/site-packages/airflow/example_dags/example_dynamic_task_mapping.py took 0.126 seconds
[2026-06-18T17:46:19.148+0000] {processor.py:161} INFO - Started process (PID=7382) to work on /home/airflow/.local/lib/python3.8/site-packages/airflow/example_dags/example_dynamic_task_mapping.py
[2026-06-18T17:46:19.149+0000] {processor.py:830} INFO - Processing file /home/airflow/.local/lib/python3.8/site-packages/airflow/example_dags/example_dynamic_task_mapping.py for tasks to queue
[2026-06-18T17:46:19.152+0000] {logging_mixin.py:188} INFO - [2026-06-18T17:46:19.151+0000] {dagbag.py:538} INFO - Filling up the DagBag from /home/airflow/.local/lib/python3.8/site-packages/airflow/example_dags/example_dynamic_task_mapping.py
[2026-06-18T17:46:19.165+0000] {processor.py:840} INFO - DAG(s) 'example_dynamic_task_mapping' retrieved from /home/airflow/.local/lib/python3.8/site-packages/airflow/example_dags/example_dynamic_task_mapping.py
[2026-06-18T17:46:19.209+0000] {logging_mixin.py:188} INFO - [2026-06-18T17:46:19.209+0000] {dag.py:3036} INFO - Sync 1 DAGs
[2026-06-18T17:46:19.257+0000] {logging_mixin.py:188} INFO - [2026-06-18T17:46:19.256+0000] {dag.py:3823} INFO - Setting next_dagrun for example_dynamic_task_mapping to 2022-03-04 00:00:00+00:00, run_after=2022-03-05 00:00:00+00:00
[2026-06-18T17:46:19.288+0000] {processor.py:183} INFO - Processing /home/airflow/.local/lib/python3.8/site-packages/airflow/example_dags/example_dynamic_task_mapping.py took 0.146 seconds
[2026-06-18T17:46:49.576+0000] {processor.py:161} INFO - Started process (PID=7449) to work on /home/airflow/.local/lib/python3.8/site-packages/airflow/example_dags/example_dynamic_task_mapping.py
[2026-06-18T17:46:49.578+0000] {processor.py:830} INFO - Processing file /home/airflow/.local/lib/python3.8/site-packages/airflow/example_dags/example_dynamic_task_mapping.py for tasks to queue
[2026-06-18T17:46:49.581+0000] {logging_mixin.py:188} INFO - [2026-06-18T17:46:49.580+0000] {dagbag.py:538} INFO - Filling up the DagBag from /home/airflow/.local/lib/python3.8/site-packages/airflow/example_dags/example_dynamic_task_mapping.py
[2026-06-18T17:46:49.591+0000] {processor.py:840} INFO - DAG(s) 'example_dynamic_task_mapping' retrieved from /home/airflow/.local/lib/python3.8/site-packages/airflow/example_dags/example_dynamic_task_mapping.py
[2026-06-18T17:46:49.626+0000] {logging_mixin.py:188} INFO - [2026-06-18T17:46:49.625+0000] {dag.py:3036} INFO - Sync 1 DAGs
[2026-06-18T17:46:49.663+0000] {logging_mixin.py:188} INFO - [2026-06-18T17:46:49.662+0000] {dag.py:3823} INFO - Setting next_dagrun for example_dynamic_task_mapping to 2022-03-04 00:00:00+00:00, run_after=2022-03-05 00:00:00+00:00
[2026-06-18T17:46:49.694+0000] {processor.py:183} INFO - Processing /home/airflow/.local/lib/python3.8/site-packages/airflow/example_dags/example_dynamic_task_mapping.py took 0.124 seconds
[2026-06-18T17:47:20.427+0000] {processor.py:161} INFO - Started process (PID=7515) to work on /home/airflow/.local/lib/python3.8/site-packages/airflow/example_dags/example_dynamic_task_mapping.py
[2026-06-18T17:47:20.430+0000] {processor.py:830} INFO - Processing file /home/airflow/.local/lib/python3.8/site-packages/airflow/example_dags/example_dynamic_task_mapping.py for tasks to queue
[2026-06-18T17:47:20.438+0000] {logging_mixin.py:188} INFO - [2026-06-18T17:47:20.435+0000] {dagbag.py:538} INFO - Filling up the DagBag from /home/airflow/.local/lib/python3.8/site-packages/airflow/example_dags/example_dynamic_task_mapping.py
[2026-06-18T17:47:20.451+0000] {processor.py:840} INFO - DAG(s) 'example_dynamic_task_mapping' retrieved from /home/airflow/.local/lib/python3.8/site-packages/airflow/example_dags/example_dynamic_task_mapping.py
[2026-06-18T17:47:20.495+0000] {logging_mixin.py:188} INFO - [2026-06-18T17:47:20.494+0000] {dag.py:3036} INFO - Sync 1 DAGs
[2026-06-18T17:47:20.540+0000] {logging_mixin.py:188} INFO - [2026-06-18T17:47:20.539+0000] {dag.py:3823} INFO - Setting next_dagrun for example_dynamic_task_mapping to 2022-03-04 00:00:00+00:00, run_after=2022-03-05 00:00:00+00:00
[2026-06-18T17:47:20.574+0000] {processor.py:183} INFO - Processing /home/airflow/.local/lib/python3.8/site-packages/airflow/example_dags/example_dynamic_task_mapping.py took 0.156 seconds
[2026-06-18T17:47:50.753+0000] {processor.py:161} INFO - Started process (PID=7582) to work on /home/airflow/.local/lib/python3.8/site-packages/airflow/example_dags/example_dynamic_task_mapping.py
[2026-06-18T17:47:50.755+0000] {processor.py:830} INFO - Processing file /home/airflow/.local/lib/python3.8/site-packages/airflow/example_dags/example_dynamic_task_mapping.py for tasks to queue
[2026-06-18T17:47:50.757+0000] {logging_mixin.py:188} INFO - [2026-06-18T17:47:50.757+0000] {dagbag.py:538} INFO - Filling up the DagBag from /home/airflow/.local/lib/python3.8/site-packages/airflow/example_dags/example_dynamic_task_mapping.py
[2026-06-18T17:47:50.768+0000] {processor.py:840} INFO - DAG(s) 'example_dynamic_task_mapping' retrieved from /home/airflow/.local/lib/python3.8/site-packages/airflow/example_dags/example_dynamic_task_mapping.py
[2026-06-18T17:47:50.809+0000] {logging_mixin.py:188} INFO - [2026-06-18T17:47:50.809+0000] {dag.py:3036} INFO - Sync 1 DAGs
[2026-06-18T17:47:50.853+0000] {logging_mixin.py:188} INFO - [2026-06-18T17:47:50.852+0000] {dag.py:3823} INFO - Setting next_dagrun for example_dynamic_task_mapping to 2022-03-04 00:00:00+00:00, run_after=2022-03-05 00:00:00+00:00
[2026-06-18T17:47:50.890+0000] {processor.py:183} INFO - Processing /home/airflow/.local/lib/python3.8/site-packages/airflow/example_dags/example_dynamic_task_mapping.py took 0.142 seconds
[2026-06-18T17:48:21.655+0000] {processor.py:161} INFO - Started process (PID=7647) to work on /home/airflow/.local/lib/python3.8/site-packages/airflow/example_dags/example_dynamic_task_mapping.py
[2026-06-18T17:48:21.657+0000] {processor.py:830} INFO - Processing file /home/airflow/.local/lib/python3.8/site-packages/airflow/example_dags/example_dynamic_task_mapping.py for tasks to queue
[2026-06-18T17:48:21.660+0000] {logging_mixin.py:188} INFO - [2026-06-18T17:48:21.659+0000] {dagbag.py:538} INFO - Filling up the DagBag from /home/airflow/.local/lib/python3.8/site-packages/airflow/example_dags/example_dynamic_task_mapping.py
[2026-06-18T17:48:21.671+0000] {processor.py:840} INFO - DAG(s) 'example_dynamic_task_mapping' retrieved from /home/airflow/.local/lib/python3.8/site-packages/airflow/example_dags/example_dynamic_task_mapping.py
[2026-06-18T17:48:21.707+0000] {logging_mixin.py:188} INFO - [2026-06-18T17:48:21.707+0000] {dag.py:3036} INFO - Sync 1 DAGs
[2026-06-18T17:48:21.756+0000] {logging_mixin.py:188} INFO - [2026-06-18T17:48:21.756+0000] {dag.py:3823} INFO - Setting next_dagrun for example_dynamic_task_mapping to 2022-03-04 00:00:00+00:00, run_after=2022-03-05 00:00:00+00:00
[2026-06-18T17:48:21.787+0000] {processor.py:183} INFO - Processing /home/airflow/.local/lib/python3.8/site-packages/airflow/example_dags/example_dynamic_task_mapping.py took 0.138 seconds
[2026-06-18T17:48:52.314+0000] {processor.py:161} INFO - Started process (PID=7723) to work on /home/airflow/.local/lib/python3.8/site-packages/airflow/example_dags/example_dynamic_task_mapping.py
[2026-06-18T17:48:52.316+0000] {processor.py:830} INFO - Processing file /home/airflow/.local/lib/python3.8/site-packages/airflow/example_dags/example_dynamic_task_mapping.py for tasks to queue
[2026-06-18T17:48:52.319+0000] {logging_mixin.py:188} INFO - [2026-06-18T17:48:52.318+0000] {dagbag.py:538} INFO - Filling up the DagBag from /home/airflow/.local/lib/python3.8/site-packages/airflow/example_dags/example_dynamic_task_mapping.py
[2026-06-18T17:48:52.328+0000] {processor.py:840} INFO - DAG(s) 'example_dynamic_task_mapping' retrieved from /home/airflow/.local/lib/python3.8/site-packages/airflow/example_dags/example_dynamic_task_mapping.py
[2026-06-18T17:48:52.368+0000] {logging_mixin.py:188} INFO - [2026-06-18T17:48:52.368+0000] {dag.py:3036} INFO - Sync 1 DAGs
[2026-06-18T17:48:52.409+0000] {logging_mixin.py:188} INFO - [2026-06-18T17:48:52.408+0000] {dag.py:3823} INFO - Setting next_dagrun for example_dynamic_task_mapping to 2022-03-04 00:00:00+00:00, run_after=2022-03-05 00:00:00+00:00
[2026-06-18T17:48:52.456+0000] {processor.py:183} INFO - Processing /home/airflow/.local/lib/python3.8/site-packages/airflow/example_dags/example_dynamic_task_mapping.py took 0.148 seconds
[2026-06-18T17:49:22.624+0000] {processor.py:161} INFO - Started process (PID=7788) to work on /home/airflow/.local/lib/python3.8/site-packages/airflow/example_dags/example_dynamic_task_mapping.py
[2026-06-18T17:49:22.627+0000] {processor.py:830} INFO - Processing file /home/airflow/.local/lib/python3.8/site-packages/airflow/example_dags/example_dynamic_task_mapping.py for tasks to queue
[2026-06-18T17:49:22.631+0000] {logging_mixin.py:188} INFO - [2026-06-18T17:49:22.630+0000] {dagbag.py:538} INFO - Filling up the DagBag from /home/airflow/.local/lib/python3.8/site-packages/airflow/example_dags/example_dynamic_task_mapping.py
[2026-06-18T17:49:22.644+0000] {processor.py:840} INFO - DAG(s) 'example_dynamic_task_mapping' retrieved from /home/airflow/.local/lib/python3.8/site-packages/airflow/example_dags/example_dynamic_task_mapping.py
[2026-06-18T17:49:22.688+0000] {logging_mixin.py:188} INFO - [2026-06-18T17:49:22.687+0000] {dag.py:3036} INFO - Sync 1 DAGs
[2026-06-18T17:49:22.734+0000] {logging_mixin.py:188} INFO - [2026-06-18T17:49:22.733+0000] {dag.py:3823} INFO - Setting next_dagrun for example_dynamic_task_mapping to 2022-03-04 00:00:00+00:00, run_after=2022-03-05 00:00:00+00:00
[2026-06-18T17:49:22.771+0000] {processor.py:183} INFO - Processing /home/airflow/.local/lib/python3.8/site-packages/airflow/example_dags/example_dynamic_task_mapping.py took 0.154 seconds
