[2026-06-18T16:50:17.156+0000] {processor.py:161} INFO - Started process (PID=72) to work on /home/airflow/.local/lib/python3.8/site-packages/airflow/example_dags/tutorial_taskflow_api_virtualenv.py
[2026-06-18T16:50:17.159+0000] {processor.py:830} INFO - Processing file /home/airflow/.local/lib/python3.8/site-packages/airflow/example_dags/tutorial_taskflow_api_virtualenv.py for tasks to queue
[2026-06-18T16:50:17.162+0000] {logging_mixin.py:188} INFO - [2026-06-18T16:50:17.161+0000] {dagbag.py:538} INFO - Filling up the DagBag from /home/airflow/.local/lib/python3.8/site-packages/airflow/example_dags/tutorial_taskflow_api_virtualenv.py
[2026-06-18T16:50:17.179+0000] {processor.py:840} INFO - DAG(s) 'tutorial_taskflow_api_virtualenv' retrieved from /home/airflow/.local/lib/python3.8/site-packages/airflow/example_dags/tutorial_taskflow_api_virtualenv.py
[2026-06-18T16:50:17.384+0000] {logging_mixin.py:188} INFO - [2026-06-18T16:50:17.384+0000] {dag.py:3036} INFO - Sync 1 DAGs
[2026-06-18T16:50:17.403+0000] {logging_mixin.py:188} INFO - [2026-06-18T16:50:17.403+0000] {dag.py:3823} INFO - Setting next_dagrun for tutorial_taskflow_api_virtualenv to None, run_after=None
[2026-06-18T16:50:17.445+0000] {processor.py:183} INFO - Processing /home/airflow/.local/lib/python3.8/site-packages/airflow/example_dags/tutorial_taskflow_api_virtualenv.py took 0.294 seconds
[2026-06-18T16:50:47.595+0000] {processor.py:161} INFO - Started process (PID=139) to work on /home/airflow/.local/lib/python3.8/site-packages/airflow/example_dags/tutorial_taskflow_api_virtualenv.py
[2026-06-18T16:50:47.596+0000] {processor.py:830} INFO - Processing file /home/airflow/.local/lib/python3.8/site-packages/airflow/example_dags/tutorial_taskflow_api_virtualenv.py for tasks to queue
[2026-06-18T16:50:47.599+0000] {logging_mixin.py:188} INFO - [2026-06-18T16:50:47.599+0000] {dagbag.py:538} INFO - Filling up the DagBag from /home/airflow/.local/lib/python3.8/site-packages/airflow/example_dags/tutorial_taskflow_api_virtualenv.py
[2026-06-18T16:50:47.615+0000] {processor.py:840} INFO - DAG(s) 'tutorial_taskflow_api_virtualenv' retrieved from /home/airflow/.local/lib/python3.8/site-packages/airflow/example_dags/tutorial_taskflow_api_virtualenv.py
[2026-06-18T16:50:47.649+0000] {logging_mixin.py:188} INFO - [2026-06-18T16:50:47.648+0000] {dag.py:3036} INFO - Sync 1 DAGs
[2026-06-18T16:50:47.669+0000] {logging_mixin.py:188} INFO - [2026-06-18T16:50:47.668+0000] {dag.py:3823} INFO - Setting next_dagrun for tutorial_taskflow_api_virtualenv to None, run_after=None
[2026-06-18T16:50:47.701+0000] {processor.py:183} INFO - Processing /home/airflow/.local/lib/python3.8/site-packages/airflow/example_dags/tutorial_taskflow_api_virtualenv.py took 0.111 seconds
[2026-06-18T16:51:18.015+0000] {processor.py:161} INFO - Started process (PID=205) to work on /home/airflow/.local/lib/python3.8/site-packages/airflow/example_dags/tutorial_taskflow_api_virtualenv.py
[2026-06-18T16:51:18.017+0000] {processor.py:830} INFO - Processing file /home/airflow/.local/lib/python3.8/site-packages/airflow/example_dags/tutorial_taskflow_api_virtualenv.py for tasks to queue
[2026-06-18T16:51:18.020+0000] {logging_mixin.py:188} INFO - [2026-06-18T16:51:18.020+0000] {dagbag.py:538} INFO - Filling up the DagBag from /home/airflow/.local/lib/python3.8/site-packages/airflow/example_dags/tutorial_taskflow_api_virtualenv.py
[2026-06-18T16:51:18.038+0000] {processor.py:840} INFO - DAG(s) 'tutorial_taskflow_api_virtualenv' retrieved from /home/airflow/.local/lib/python3.8/site-packages/airflow/example_dags/tutorial_taskflow_api_virtualenv.py
[2026-06-18T16:51:18.076+0000] {logging_mixin.py:188} INFO - [2026-06-18T16:51:18.075+0000] {dag.py:3036} INFO - Sync 1 DAGs
[2026-06-18T16:51:18.097+0000] {logging_mixin.py:188} INFO - [2026-06-18T16:51:18.097+0000] {dag.py:3823} INFO - Setting next_dagrun for tutorial_taskflow_api_virtualenv to None, run_after=None
[2026-06-18T16:51:18.124+0000] {processor.py:183} INFO - Processing /home/airflow/.local/lib/python3.8/site-packages/airflow/example_dags/tutorial_taskflow_api_virtualenv.py took 0.114 seconds
[2026-06-18T16:51:48.335+0000] {processor.py:161} INFO - Started process (PID=271) to work on /home/airflow/.local/lib/python3.8/site-packages/airflow/example_dags/tutorial_taskflow_api_virtualenv.py
[2026-06-18T16:51:48.337+0000] {processor.py:830} INFO - Processing file /home/airflow/.local/lib/python3.8/site-packages/airflow/example_dags/tutorial_taskflow_api_virtualenv.py for tasks to queue
[2026-06-18T16:51:48.339+0000] {logging_mixin.py:188} INFO - [2026-06-18T16:51:48.339+0000] {dagbag.py:538} INFO - Filling up the DagBag from /home/airflow/.local/lib/python3.8/site-packages/airflow/example_dags/tutorial_taskflow_api_virtualenv.py
[2026-06-18T16:51:48.361+0000] {processor.py:840} INFO - DAG(s) 'tutorial_taskflow_api_virtualenv' retrieved from /home/airflow/.local/lib/python3.8/site-packages/airflow/example_dags/tutorial_taskflow_api_virtualenv.py
[2026-06-18T16:51:48.396+0000] {logging_mixin.py:188} INFO - [2026-06-18T16:51:48.396+0000] {dag.py:3036} INFO - Sync 1 DAGs
[2026-06-18T16:51:48.416+0000] {logging_mixin.py:188} INFO - [2026-06-18T16:51:48.416+0000] {dag.py:3823} INFO - Setting next_dagrun for tutorial_taskflow_api_virtualenv to None, run_after=None
[2026-06-18T16:51:48.446+0000] {processor.py:183} INFO - Processing /home/airflow/.local/lib/python3.8/site-packages/airflow/example_dags/tutorial_taskflow_api_virtualenv.py took 0.116 seconds
[2026-06-18T16:52:19.338+0000] {processor.py:161} INFO - Started process (PID=337) to work on /home/airflow/.local/lib/python3.8/site-packages/airflow/example_dags/tutorial_taskflow_api_virtualenv.py
[2026-06-18T16:52:19.340+0000] {processor.py:830} INFO - Processing file /home/airflow/.local/lib/python3.8/site-packages/airflow/example_dags/tutorial_taskflow_api_virtualenv.py for tasks to queue
[2026-06-18T16:52:19.343+0000] {logging_mixin.py:188} INFO - [2026-06-18T16:52:19.343+0000] {dagbag.py:538} INFO - Filling up the DagBag from /home/airflow/.local/lib/python3.8/site-packages/airflow/example_dags/tutorial_taskflow_api_virtualenv.py
[2026-06-18T16:52:19.362+0000] {processor.py:840} INFO - DAG(s) 'tutorial_taskflow_api_virtualenv' retrieved from /home/airflow/.local/lib/python3.8/site-packages/airflow/example_dags/tutorial_taskflow_api_virtualenv.py
[2026-06-18T16:52:19.401+0000] {logging_mixin.py:188} INFO - [2026-06-18T16:52:19.401+0000] {dag.py:3036} INFO - Sync 1 DAGs
[2026-06-18T16:52:19.424+0000] {logging_mixin.py:188} INFO - [2026-06-18T16:52:19.424+0000] {dag.py:3823} INFO - Setting next_dagrun for tutorial_taskflow_api_virtualenv to None, run_after=None
[2026-06-18T16:52:19.457+0000] {processor.py:183} INFO - Processing /home/airflow/.local/lib/python3.8/site-packages/airflow/example_dags/tutorial_taskflow_api_virtualenv.py took 0.124 seconds
[2026-06-18T16:52:49.910+0000] {processor.py:161} INFO - Started process (PID=405) to work on /home/airflow/.local/lib/python3.8/site-packages/airflow/example_dags/tutorial_taskflow_api_virtualenv.py
[2026-06-18T16:52:49.912+0000] {processor.py:830} INFO - Processing file /home/airflow/.local/lib/python3.8/site-packages/airflow/example_dags/tutorial_taskflow_api_virtualenv.py for tasks to queue
[2026-06-18T16:52:49.915+0000] {logging_mixin.py:188} INFO - [2026-06-18T16:52:49.914+0000] {dagbag.py:538} INFO - Filling up the DagBag from /home/airflow/.local/lib/python3.8/site-packages/airflow/example_dags/tutorial_taskflow_api_virtualenv.py
[2026-06-18T16:52:49.931+0000] {processor.py:840} INFO - DAG(s) 'tutorial_taskflow_api_virtualenv' retrieved from /home/airflow/.local/lib/python3.8/site-packages/airflow/example_dags/tutorial_taskflow_api_virtualenv.py
[2026-06-18T16:52:49.970+0000] {logging_mixin.py:188} INFO - [2026-06-18T16:52:49.970+0000] {dag.py:3036} INFO - Sync 1 DAGs
[2026-06-18T16:52:49.992+0000] {logging_mixin.py:188} INFO - [2026-06-18T16:52:49.992+0000] {dag.py:3823} INFO - Setting next_dagrun for tutorial_taskflow_api_virtualenv to None, run_after=None
[2026-06-18T16:52:50.022+0000] {processor.py:183} INFO - Processing /home/airflow/.local/lib/python3.8/site-packages/airflow/example_dags/tutorial_taskflow_api_virtualenv.py took 0.117 seconds
[2026-06-18T16:53:20.308+0000] {processor.py:161} INFO - Started process (PID=471) to work on /home/airflow/.local/lib/python3.8/site-packages/airflow/example_dags/tutorial_taskflow_api_virtualenv.py
[2026-06-18T16:53:20.309+0000] {processor.py:830} INFO - Processing file /home/airflow/.local/lib/python3.8/site-packages/airflow/example_dags/tutorial_taskflow_api_virtualenv.py for tasks to queue
[2026-06-18T16:53:20.312+0000] {logging_mixin.py:188} INFO - [2026-06-18T16:53:20.311+0000] {dagbag.py:538} INFO - Filling up the DagBag from /home/airflow/.local/lib/python3.8/site-packages/airflow/example_dags/tutorial_taskflow_api_virtualenv.py
[2026-06-18T16:53:20.330+0000] {processor.py:840} INFO - DAG(s) 'tutorial_taskflow_api_virtualenv' retrieved from /home/airflow/.local/lib/python3.8/site-packages/airflow/example_dags/tutorial_taskflow_api_virtualenv.py
[2026-06-18T16:53:20.366+0000] {logging_mixin.py:188} INFO - [2026-06-18T16:53:20.366+0000] {dag.py:3036} INFO - Sync 1 DAGs
[2026-06-18T16:53:20.387+0000] {logging_mixin.py:188} INFO - [2026-06-18T16:53:20.387+0000] {dag.py:3823} INFO - Setting next_dagrun for tutorial_taskflow_api_virtualenv to None, run_after=None
[2026-06-18T16:53:20.420+0000] {processor.py:183} INFO - Processing /home/airflow/.local/lib/python3.8/site-packages/airflow/example_dags/tutorial_taskflow_api_virtualenv.py took 0.118 seconds
[2026-06-18T16:53:50.588+0000] {processor.py:161} INFO - Started process (PID=538) to work on /home/airflow/.local/lib/python3.8/site-packages/airflow/example_dags/tutorial_taskflow_api_virtualenv.py
[2026-06-18T16:53:50.590+0000] {processor.py:830} INFO - Processing file /home/airflow/.local/lib/python3.8/site-packages/airflow/example_dags/tutorial_taskflow_api_virtualenv.py for tasks to queue
[2026-06-18T16:53:50.593+0000] {logging_mixin.py:188} INFO - [2026-06-18T16:53:50.592+0000] {dagbag.py:538} INFO - Filling up the DagBag from /home/airflow/.local/lib/python3.8/site-packages/airflow/example_dags/tutorial_taskflow_api_virtualenv.py
[2026-06-18T16:53:50.612+0000] {processor.py:840} INFO - DAG(s) 'tutorial_taskflow_api_virtualenv' retrieved from /home/airflow/.local/lib/python3.8/site-packages/airflow/example_dags/tutorial_taskflow_api_virtualenv.py
[2026-06-18T16:53:50.654+0000] {logging_mixin.py:188} INFO - [2026-06-18T16:53:50.654+0000] {dag.py:3036} INFO - Sync 1 DAGs
[2026-06-18T16:53:50.679+0000] {logging_mixin.py:188} INFO - [2026-06-18T16:53:50.678+0000] {dag.py:3823} INFO - Setting next_dagrun for tutorial_taskflow_api_virtualenv to None, run_after=None
[2026-06-18T16:53:50.715+0000] {processor.py:183} INFO - Processing /home/airflow/.local/lib/python3.8/site-packages/airflow/example_dags/tutorial_taskflow_api_virtualenv.py took 0.133 seconds
[2026-06-18T16:54:21.122+0000] {processor.py:161} INFO - Started process (PID=605) to work on /home/airflow/.local/lib/python3.8/site-packages/airflow/example_dags/tutorial_taskflow_api_virtualenv.py
[2026-06-18T16:54:21.125+0000] {processor.py:830} INFO - Processing file /home/airflow/.local/lib/python3.8/site-packages/airflow/example_dags/tutorial_taskflow_api_virtualenv.py for tasks to queue
[2026-06-18T16:54:21.132+0000] {logging_mixin.py:188} INFO - [2026-06-18T16:54:21.129+0000] {dagbag.py:538} INFO - Filling up the DagBag from /home/airflow/.local/lib/python3.8/site-packages/airflow/example_dags/tutorial_taskflow_api_virtualenv.py
[2026-06-18T16:54:21.164+0000] {processor.py:840} INFO - DAG(s) 'tutorial_taskflow_api_virtualenv' retrieved from /home/airflow/.local/lib/python3.8/site-packages/airflow/example_dags/tutorial_taskflow_api_virtualenv.py
[2026-06-18T16:54:21.206+0000] {logging_mixin.py:188} INFO - [2026-06-18T16:54:21.206+0000] {dag.py:3036} INFO - Sync 1 DAGs
[2026-06-18T16:54:21.231+0000] {logging_mixin.py:188} INFO - [2026-06-18T16:54:21.230+0000] {dag.py:3823} INFO - Setting next_dagrun for tutorial_taskflow_api_virtualenv to None, run_after=None
[2026-06-18T16:54:21.268+0000] {processor.py:183} INFO - Processing /home/airflow/.local/lib/python3.8/site-packages/airflow/example_dags/tutorial_taskflow_api_virtualenv.py took 0.152 seconds
[2026-06-18T16:54:51.500+0000] {processor.py:161} INFO - Started process (PID=677) to work on /home/airflow/.local/lib/python3.8/site-packages/airflow/example_dags/tutorial_taskflow_api_virtualenv.py
[2026-06-18T16:54:51.501+0000] {processor.py:830} INFO - Processing file /home/airflow/.local/lib/python3.8/site-packages/airflow/example_dags/tutorial_taskflow_api_virtualenv.py for tasks to queue
[2026-06-18T16:54:51.503+0000] {logging_mixin.py:188} INFO - [2026-06-18T16:54:51.503+0000] {dagbag.py:538} INFO - Filling up the DagBag from /home/airflow/.local/lib/python3.8/site-packages/airflow/example_dags/tutorial_taskflow_api_virtualenv.py
[2026-06-18T16:54:51.519+0000] {processor.py:840} INFO - DAG(s) 'tutorial_taskflow_api_virtualenv' retrieved from /home/airflow/.local/lib/python3.8/site-packages/airflow/example_dags/tutorial_taskflow_api_virtualenv.py
[2026-06-18T16:54:51.558+0000] {logging_mixin.py:188} INFO - [2026-06-18T16:54:51.558+0000] {dag.py:3036} INFO - Sync 1 DAGs
[2026-06-18T16:54:51.583+0000] {logging_mixin.py:188} INFO - [2026-06-18T16:54:51.583+0000] {dag.py:3823} INFO - Setting next_dagrun for tutorial_taskflow_api_virtualenv to None, run_after=None
[2026-06-18T16:54:51.619+0000] {processor.py:183} INFO - Processing /home/airflow/.local/lib/python3.8/site-packages/airflow/example_dags/tutorial_taskflow_api_virtualenv.py took 0.124 seconds
[2026-06-18T16:55:22.183+0000] {processor.py:161} INFO - Started process (PID=745) to work on /home/airflow/.local/lib/python3.8/site-packages/airflow/example_dags/tutorial_taskflow_api_virtualenv.py
[2026-06-18T16:55:22.185+0000] {processor.py:830} INFO - Processing file /home/airflow/.local/lib/python3.8/site-packages/airflow/example_dags/tutorial_taskflow_api_virtualenv.py for tasks to queue
[2026-06-18T16:55:22.188+0000] {logging_mixin.py:188} INFO - [2026-06-18T16:55:22.188+0000] {dagbag.py:538} INFO - Filling up the DagBag from /home/airflow/.local/lib/python3.8/site-packages/airflow/example_dags/tutorial_taskflow_api_virtualenv.py
[2026-06-18T16:55:22.207+0000] {processor.py:840} INFO - DAG(s) 'tutorial_taskflow_api_virtualenv' retrieved from /home/airflow/.local/lib/python3.8/site-packages/airflow/example_dags/tutorial_taskflow_api_virtualenv.py
[2026-06-18T16:55:22.252+0000] {logging_mixin.py:188} INFO - [2026-06-18T16:55:22.251+0000] {dag.py:3036} INFO - Sync 1 DAGs
[2026-06-18T16:55:22.276+0000] {logging_mixin.py:188} INFO - [2026-06-18T16:55:22.276+0000] {dag.py:3823} INFO - Setting next_dagrun for tutorial_taskflow_api_virtualenv to None, run_after=None
[2026-06-18T16:55:22.311+0000] {processor.py:183} INFO - Processing /home/airflow/.local/lib/python3.8/site-packages/airflow/example_dags/tutorial_taskflow_api_virtualenv.py took 0.134 seconds
[2026-06-18T16:55:52.910+0000] {processor.py:161} INFO - Started process (PID=812) to work on /home/airflow/.local/lib/python3.8/site-packages/airflow/example_dags/tutorial_taskflow_api_virtualenv.py
[2026-06-18T16:55:52.912+0000] {processor.py:830} INFO - Processing file /home/airflow/.local/lib/python3.8/site-packages/airflow/example_dags/tutorial_taskflow_api_virtualenv.py for tasks to queue
[2026-06-18T16:55:52.915+0000] {logging_mixin.py:188} INFO - [2026-06-18T16:55:52.915+0000] {dagbag.py:538} INFO - Filling up the DagBag from /home/airflow/.local/lib/python3.8/site-packages/airflow/example_dags/tutorial_taskflow_api_virtualenv.py
[2026-06-18T16:55:52.931+0000] {processor.py:840} INFO - DAG(s) 'tutorial_taskflow_api_virtualenv' retrieved from /home/airflow/.local/lib/python3.8/site-packages/airflow/example_dags/tutorial_taskflow_api_virtualenv.py
[2026-06-18T16:55:52.972+0000] {logging_mixin.py:188} INFO - [2026-06-18T16:55:52.971+0000] {dag.py:3036} INFO - Sync 1 DAGs
[2026-06-18T16:55:52.997+0000] {logging_mixin.py:188} INFO - [2026-06-18T16:55:52.996+0000] {dag.py:3823} INFO - Setting next_dagrun for tutorial_taskflow_api_virtualenv to None, run_after=None
[2026-06-18T16:55:53.031+0000] {processor.py:183} INFO - Processing /home/airflow/.local/lib/python3.8/site-packages/airflow/example_dags/tutorial_taskflow_api_virtualenv.py took 0.126 seconds
[2026-06-18T16:56:23.821+0000] {processor.py:161} INFO - Started process (PID=878) to work on /home/airflow/.local/lib/python3.8/site-packages/airflow/example_dags/tutorial_taskflow_api_virtualenv.py
[2026-06-18T16:56:23.822+0000] {processor.py:830} INFO - Processing file /home/airflow/.local/lib/python3.8/site-packages/airflow/example_dags/tutorial_taskflow_api_virtualenv.py for tasks to queue
[2026-06-18T16:56:23.824+0000] {logging_mixin.py:188} INFO - [2026-06-18T16:56:23.824+0000] {dagbag.py:538} INFO - Filling up the DagBag from /home/airflow/.local/lib/python3.8/site-packages/airflow/example_dags/tutorial_taskflow_api_virtualenv.py
[2026-06-18T16:56:23.842+0000] {processor.py:840} INFO - DAG(s) 'tutorial_taskflow_api_virtualenv' retrieved from /home/airflow/.local/lib/python3.8/site-packages/airflow/example_dags/tutorial_taskflow_api_virtualenv.py
[2026-06-18T16:56:23.879+0000] {logging_mixin.py:188} INFO - [2026-06-18T16:56:23.879+0000] {dag.py:3036} INFO - Sync 1 DAGs
[2026-06-18T16:56:23.903+0000] {logging_mixin.py:188} INFO - [2026-06-18T16:56:23.902+0000] {dag.py:3823} INFO - Setting next_dagrun for tutorial_taskflow_api_virtualenv to None, run_after=None
[2026-06-18T16:56:23.936+0000] {processor.py:183} INFO - Processing /home/airflow/.local/lib/python3.8/site-packages/airflow/example_dags/tutorial_taskflow_api_virtualenv.py took 0.122 seconds
[2026-06-18T16:56:54.699+0000] {processor.py:161} INFO - Started process (PID=944) to work on /home/airflow/.local/lib/python3.8/site-packages/airflow/example_dags/tutorial_taskflow_api_virtualenv.py
[2026-06-18T16:56:54.701+0000] {processor.py:830} INFO - Processing file /home/airflow/.local/lib/python3.8/site-packages/airflow/example_dags/tutorial_taskflow_api_virtualenv.py for tasks to queue
[2026-06-18T16:56:54.704+0000] {logging_mixin.py:188} INFO - [2026-06-18T16:56:54.703+0000] {dagbag.py:538} INFO - Filling up the DagBag from /home/airflow/.local/lib/python3.8/site-packages/airflow/example_dags/tutorial_taskflow_api_virtualenv.py
[2026-06-18T16:56:54.720+0000] {processor.py:840} INFO - DAG(s) 'tutorial_taskflow_api_virtualenv' retrieved from /home/airflow/.local/lib/python3.8/site-packages/airflow/example_dags/tutorial_taskflow_api_virtualenv.py
[2026-06-18T16:56:54.762+0000] {logging_mixin.py:188} INFO - [2026-06-18T16:56:54.762+0000] {dag.py:3036} INFO - Sync 1 DAGs
[2026-06-18T16:56:54.785+0000] {logging_mixin.py:188} INFO - [2026-06-18T16:56:54.785+0000] {dag.py:3823} INFO - Setting next_dagrun for tutorial_taskflow_api_virtualenv to None, run_after=None
[2026-06-18T16:56:54.820+0000] {processor.py:183} INFO - Processing /home/airflow/.local/lib/python3.8/site-packages/airflow/example_dags/tutorial_taskflow_api_virtualenv.py took 0.126 seconds
[2026-06-18T16:57:25.521+0000] {processor.py:161} INFO - Started process (PID=1009) to work on /home/airflow/.local/lib/python3.8/site-packages/airflow/example_dags/tutorial_taskflow_api_virtualenv.py
[2026-06-18T16:57:25.523+0000] {processor.py:830} INFO - Processing file /home/airflow/.local/lib/python3.8/site-packages/airflow/example_dags/tutorial_taskflow_api_virtualenv.py for tasks to queue
[2026-06-18T16:57:25.526+0000] {logging_mixin.py:188} INFO - [2026-06-18T16:57:25.526+0000] {dagbag.py:538} INFO - Filling up the DagBag from /home/airflow/.local/lib/python3.8/site-packages/airflow/example_dags/tutorial_taskflow_api_virtualenv.py
[2026-06-18T16:57:25.545+0000] {processor.py:840} INFO - DAG(s) 'tutorial_taskflow_api_virtualenv' retrieved from /home/airflow/.local/lib/python3.8/site-packages/airflow/example_dags/tutorial_taskflow_api_virtualenv.py
[2026-06-18T16:57:25.588+0000] {logging_mixin.py:188} INFO - [2026-06-18T16:57:25.587+0000] {dag.py:3036} INFO - Sync 1 DAGs
[2026-06-18T16:57:25.612+0000] {logging_mixin.py:188} INFO - [2026-06-18T16:57:25.612+0000] {dag.py:3823} INFO - Setting next_dagrun for tutorial_taskflow_api_virtualenv to None, run_after=None
[2026-06-18T16:57:25.644+0000] {processor.py:183} INFO - Processing /home/airflow/.local/lib/python3.8/site-packages/airflow/example_dags/tutorial_taskflow_api_virtualenv.py took 0.129 seconds
[2026-06-18T16:57:56.326+0000] {processor.py:161} INFO - Started process (PID=1074) to work on /home/airflow/.local/lib/python3.8/site-packages/airflow/example_dags/tutorial_taskflow_api_virtualenv.py
[2026-06-18T16:57:56.328+0000] {processor.py:830} INFO - Processing file /home/airflow/.local/lib/python3.8/site-packages/airflow/example_dags/tutorial_taskflow_api_virtualenv.py for tasks to queue
[2026-06-18T16:57:56.331+0000] {logging_mixin.py:188} INFO - [2026-06-18T16:57:56.331+0000] {dagbag.py:538} INFO - Filling up the DagBag from /home/airflow/.local/lib/python3.8/site-packages/airflow/example_dags/tutorial_taskflow_api_virtualenv.py
[2026-06-18T16:57:56.351+0000] {processor.py:840} INFO - DAG(s) 'tutorial_taskflow_api_virtualenv' retrieved from /home/airflow/.local/lib/python3.8/site-packages/airflow/example_dags/tutorial_taskflow_api_virtualenv.py
[2026-06-18T16:57:56.389+0000] {logging_mixin.py:188} INFO - [2026-06-18T16:57:56.389+0000] {dag.py:3036} INFO - Sync 1 DAGs
[2026-06-18T16:57:56.411+0000] {logging_mixin.py:188} INFO - [2026-06-18T16:57:56.411+0000] {dag.py:3823} INFO - Setting next_dagrun for tutorial_taskflow_api_virtualenv to None, run_after=None
[2026-06-18T16:57:56.443+0000] {processor.py:183} INFO - Processing /home/airflow/.local/lib/python3.8/site-packages/airflow/example_dags/tutorial_taskflow_api_virtualenv.py took 0.123 seconds
[2026-06-18T16:58:26.964+0000] {processor.py:161} INFO - Started process (PID=1139) to work on /home/airflow/.local/lib/python3.8/site-packages/airflow/example_dags/tutorial_taskflow_api_virtualenv.py
[2026-06-18T16:58:26.966+0000] {processor.py:830} INFO - Processing file /home/airflow/.local/lib/python3.8/site-packages/airflow/example_dags/tutorial_taskflow_api_virtualenv.py for tasks to queue
[2026-06-18T16:58:26.968+0000] {logging_mixin.py:188} INFO - [2026-06-18T16:58:26.968+0000] {dagbag.py:538} INFO - Filling up the DagBag from /home/airflow/.local/lib/python3.8/site-packages/airflow/example_dags/tutorial_taskflow_api_virtualenv.py
[2026-06-18T16:58:26.987+0000] {processor.py:840} INFO - DAG(s) 'tutorial_taskflow_api_virtualenv' retrieved from /home/airflow/.local/lib/python3.8/site-packages/airflow/example_dags/tutorial_taskflow_api_virtualenv.py
[2026-06-18T16:58:27.009+0000] {logging_mixin.py:188} INFO - [2026-06-18T16:58:27.009+0000] {dag.py:3036} INFO - Sync 1 DAGs
[2026-06-18T16:58:27.035+0000] {logging_mixin.py:188} INFO - [2026-06-18T16:58:27.035+0000] {dag.py:3823} INFO - Setting next_dagrun for tutorial_taskflow_api_virtualenv to None, run_after=None
[2026-06-18T16:58:27.071+0000] {processor.py:183} INFO - Processing /home/airflow/.local/lib/python3.8/site-packages/airflow/example_dags/tutorial_taskflow_api_virtualenv.py took 0.113 seconds
[2026-06-18T16:58:57.749+0000] {processor.py:161} INFO - Started process (PID=1205) to work on /home/airflow/.local/lib/python3.8/site-packages/airflow/example_dags/tutorial_taskflow_api_virtualenv.py
[2026-06-18T16:58:57.751+0000] {processor.py:830} INFO - Processing file /home/airflow/.local/lib/python3.8/site-packages/airflow/example_dags/tutorial_taskflow_api_virtualenv.py for tasks to queue
[2026-06-18T16:58:57.754+0000] {logging_mixin.py:188} INFO - [2026-06-18T16:58:57.754+0000] {dagbag.py:538} INFO - Filling up the DagBag from /home/airflow/.local/lib/python3.8/site-packages/airflow/example_dags/tutorial_taskflow_api_virtualenv.py
[2026-06-18T16:58:57.770+0000] {processor.py:840} INFO - DAG(s) 'tutorial_taskflow_api_virtualenv' retrieved from /home/airflow/.local/lib/python3.8/site-packages/airflow/example_dags/tutorial_taskflow_api_virtualenv.py
[2026-06-18T16:58:57.959+0000] {logging_mixin.py:188} INFO - [2026-06-18T16:58:57.958+0000] {dag.py:3036} INFO - Sync 1 DAGs
[2026-06-18T16:58:57.997+0000] {logging_mixin.py:188} INFO - [2026-06-18T16:58:57.996+0000] {dag.py:3823} INFO - Setting next_dagrun for tutorial_taskflow_api_virtualenv to None, run_after=None
[2026-06-18T16:58:58.032+0000] {processor.py:183} INFO - Processing /home/airflow/.local/lib/python3.8/site-packages/airflow/example_dags/tutorial_taskflow_api_virtualenv.py took 0.287 seconds
[2026-06-18T16:59:28.153+0000] {processor.py:161} INFO - Started process (PID=1271) to work on /home/airflow/.local/lib/python3.8/site-packages/airflow/example_dags/tutorial_taskflow_api_virtualenv.py
[2026-06-18T16:59:28.154+0000] {processor.py:830} INFO - Processing file /home/airflow/.local/lib/python3.8/site-packages/airflow/example_dags/tutorial_taskflow_api_virtualenv.py for tasks to queue
[2026-06-18T16:59:28.156+0000] {logging_mixin.py:188} INFO - [2026-06-18T16:59:28.156+0000] {dagbag.py:538} INFO - Filling up the DagBag from /home/airflow/.local/lib/python3.8/site-packages/airflow/example_dags/tutorial_taskflow_api_virtualenv.py
[2026-06-18T16:59:28.172+0000] {processor.py:840} INFO - DAG(s) 'tutorial_taskflow_api_virtualenv' retrieved from /home/airflow/.local/lib/python3.8/site-packages/airflow/example_dags/tutorial_taskflow_api_virtualenv.py
[2026-06-18T16:59:28.207+0000] {logging_mixin.py:188} INFO - [2026-06-18T16:59:28.207+0000] {dag.py:3036} INFO - Sync 1 DAGs
[2026-06-18T16:59:28.228+0000] {logging_mixin.py:188} INFO - [2026-06-18T16:59:28.228+0000] {dag.py:3823} INFO - Setting next_dagrun for tutorial_taskflow_api_virtualenv to None, run_after=None
[2026-06-18T16:59:28.260+0000] {processor.py:183} INFO - Processing /home/airflow/.local/lib/python3.8/site-packages/airflow/example_dags/tutorial_taskflow_api_virtualenv.py took 0.112 seconds
[2026-06-18T16:59:58.508+0000] {processor.py:161} INFO - Started process (PID=1337) to work on /home/airflow/.local/lib/python3.8/site-packages/airflow/example_dags/tutorial_taskflow_api_virtualenv.py
[2026-06-18T16:59:58.510+0000] {processor.py:830} INFO - Processing file /home/airflow/.local/lib/python3.8/site-packages/airflow/example_dags/tutorial_taskflow_api_virtualenv.py for tasks to queue
[2026-06-18T16:59:58.513+0000] {logging_mixin.py:188} INFO - [2026-06-18T16:59:58.512+0000] {dagbag.py:538} INFO - Filling up the DagBag from /home/airflow/.local/lib/python3.8/site-packages/airflow/example_dags/tutorial_taskflow_api_virtualenv.py
[2026-06-18T16:59:58.531+0000] {processor.py:840} INFO - DAG(s) 'tutorial_taskflow_api_virtualenv' retrieved from /home/airflow/.local/lib/python3.8/site-packages/airflow/example_dags/tutorial_taskflow_api_virtualenv.py
[2026-06-18T16:59:58.556+0000] {logging_mixin.py:188} INFO - [2026-06-18T16:59:58.555+0000] {dag.py:3036} INFO - Sync 1 DAGs
[2026-06-18T16:59:58.581+0000] {logging_mixin.py:188} INFO - [2026-06-18T16:59:58.581+0000] {dag.py:3823} INFO - Setting next_dagrun for tutorial_taskflow_api_virtualenv to None, run_after=None
[2026-06-18T16:59:58.621+0000] {processor.py:183} INFO - Processing /home/airflow/.local/lib/python3.8/site-packages/airflow/example_dags/tutorial_taskflow_api_virtualenv.py took 0.119 seconds
[2026-06-18T17:00:30.095+0000] {processor.py:161} INFO - Started process (PID=1410) to work on /home/airflow/.local/lib/python3.8/site-packages/airflow/example_dags/tutorial_taskflow_api_virtualenv.py
[2026-06-18T17:00:30.097+0000] {processor.py:830} INFO - Processing file /home/airflow/.local/lib/python3.8/site-packages/airflow/example_dags/tutorial_taskflow_api_virtualenv.py for tasks to queue
[2026-06-18T17:00:30.100+0000] {logging_mixin.py:188} INFO - [2026-06-18T17:00:30.099+0000] {dagbag.py:538} INFO - Filling up the DagBag from /home/airflow/.local/lib/python3.8/site-packages/airflow/example_dags/tutorial_taskflow_api_virtualenv.py
[2026-06-18T17:00:30.120+0000] {processor.py:840} INFO - DAG(s) 'tutorial_taskflow_api_virtualenv' retrieved from /home/airflow/.local/lib/python3.8/site-packages/airflow/example_dags/tutorial_taskflow_api_virtualenv.py
[2026-06-18T17:00:30.361+0000] {logging_mixin.py:188} INFO - [2026-06-18T17:00:30.360+0000] {dag.py:3036} INFO - Sync 1 DAGs
[2026-06-18T17:00:30.383+0000] {logging_mixin.py:188} INFO - [2026-06-18T17:00:30.383+0000] {dag.py:3823} INFO - Setting next_dagrun for tutorial_taskflow_api_virtualenv to None, run_after=None
[2026-06-18T17:00:30.428+0000] {processor.py:183} INFO - Processing /home/airflow/.local/lib/python3.8/site-packages/airflow/example_dags/tutorial_taskflow_api_virtualenv.py took 0.340 seconds
[2026-06-18T17:01:00.564+0000] {processor.py:161} INFO - Started process (PID=1475) to work on /home/airflow/.local/lib/python3.8/site-packages/airflow/example_dags/tutorial_taskflow_api_virtualenv.py
[2026-06-18T17:01:00.573+0000] {processor.py:830} INFO - Processing file /home/airflow/.local/lib/python3.8/site-packages/airflow/example_dags/tutorial_taskflow_api_virtualenv.py for tasks to queue
[2026-06-18T17:01:00.580+0000] {logging_mixin.py:188} INFO - [2026-06-18T17:01:00.579+0000] {dagbag.py:538} INFO - Filling up the DagBag from /home/airflow/.local/lib/python3.8/site-packages/airflow/example_dags/tutorial_taskflow_api_virtualenv.py
[2026-06-18T17:01:00.601+0000] {processor.py:840} INFO - DAG(s) 'tutorial_taskflow_api_virtualenv' retrieved from /home/airflow/.local/lib/python3.8/site-packages/airflow/example_dags/tutorial_taskflow_api_virtualenv.py
[2026-06-18T17:01:00.645+0000] {logging_mixin.py:188} INFO - [2026-06-18T17:01:00.645+0000] {dag.py:3036} INFO - Sync 1 DAGs
[2026-06-18T17:01:00.672+0000] {logging_mixin.py:188} INFO - [2026-06-18T17:01:00.671+0000] {dag.py:3823} INFO - Setting next_dagrun for tutorial_taskflow_api_virtualenv to None, run_after=None
[2026-06-18T17:01:00.722+0000] {processor.py:183} INFO - Processing /home/airflow/.local/lib/python3.8/site-packages/airflow/example_dags/tutorial_taskflow_api_virtualenv.py took 0.167 seconds
[2026-06-18T17:01:30.883+0000] {processor.py:161} INFO - Started process (PID=1541) to work on /home/airflow/.local/lib/python3.8/site-packages/airflow/example_dags/tutorial_taskflow_api_virtualenv.py
[2026-06-18T17:01:30.885+0000] {processor.py:830} INFO - Processing file /home/airflow/.local/lib/python3.8/site-packages/airflow/example_dags/tutorial_taskflow_api_virtualenv.py for tasks to queue
[2026-06-18T17:01:30.888+0000] {logging_mixin.py:188} INFO - [2026-06-18T17:01:30.888+0000] {dagbag.py:538} INFO - Filling up the DagBag from /home/airflow/.local/lib/python3.8/site-packages/airflow/example_dags/tutorial_taskflow_api_virtualenv.py
[2026-06-18T17:01:30.917+0000] {processor.py:840} INFO - DAG(s) 'tutorial_taskflow_api_virtualenv' retrieved from /home/airflow/.local/lib/python3.8/site-packages/airflow/example_dags/tutorial_taskflow_api_virtualenv.py
[2026-06-18T17:01:30.961+0000] {logging_mixin.py:188} INFO - [2026-06-18T17:01:30.961+0000] {dag.py:3036} INFO - Sync 1 DAGs
[2026-06-18T17:01:30.987+0000] {logging_mixin.py:188} INFO - [2026-06-18T17:01:30.987+0000] {dag.py:3823} INFO - Setting next_dagrun for tutorial_taskflow_api_virtualenv to None, run_after=None
[2026-06-18T17:01:31.024+0000] {processor.py:183} INFO - Processing /home/airflow/.local/lib/python3.8/site-packages/airflow/example_dags/tutorial_taskflow_api_virtualenv.py took 0.147 seconds
[2026-06-18T17:02:01.304+0000] {processor.py:161} INFO - Started process (PID=1607) to work on /home/airflow/.local/lib/python3.8/site-packages/airflow/example_dags/tutorial_taskflow_api_virtualenv.py
[2026-06-18T17:02:01.306+0000] {processor.py:830} INFO - Processing file /home/airflow/.local/lib/python3.8/site-packages/airflow/example_dags/tutorial_taskflow_api_virtualenv.py for tasks to queue
[2026-06-18T17:02:01.309+0000] {logging_mixin.py:188} INFO - [2026-06-18T17:02:01.309+0000] {dagbag.py:538} INFO - Filling up the DagBag from /home/airflow/.local/lib/python3.8/site-packages/airflow/example_dags/tutorial_taskflow_api_virtualenv.py
[2026-06-18T17:02:01.339+0000] {processor.py:840} INFO - DAG(s) 'tutorial_taskflow_api_virtualenv' retrieved from /home/airflow/.local/lib/python3.8/site-packages/airflow/example_dags/tutorial_taskflow_api_virtualenv.py
[2026-06-18T17:02:01.421+0000] {logging_mixin.py:188} INFO - [2026-06-18T17:02:01.420+0000] {dag.py:3036} INFO - Sync 1 DAGs
[2026-06-18T17:02:01.473+0000] {logging_mixin.py:188} INFO - [2026-06-18T17:02:01.473+0000] {dag.py:3823} INFO - Setting next_dagrun for tutorial_taskflow_api_virtualenv to None, run_after=None
[2026-06-18T17:02:01.510+0000] {processor.py:183} INFO - Processing /home/airflow/.local/lib/python3.8/site-packages/airflow/example_dags/tutorial_taskflow_api_virtualenv.py took 0.213 seconds
[2026-06-18T17:02:32.104+0000] {processor.py:161} INFO - Started process (PID=1674) to work on /home/airflow/.local/lib/python3.8/site-packages/airflow/example_dags/tutorial_taskflow_api_virtualenv.py
[2026-06-18T17:02:32.106+0000] {processor.py:830} INFO - Processing file /home/airflow/.local/lib/python3.8/site-packages/airflow/example_dags/tutorial_taskflow_api_virtualenv.py for tasks to queue
[2026-06-18T17:02:32.110+0000] {logging_mixin.py:188} INFO - [2026-06-18T17:02:32.109+0000] {dagbag.py:538} INFO - Filling up the DagBag from /home/airflow/.local/lib/python3.8/site-packages/airflow/example_dags/tutorial_taskflow_api_virtualenv.py
[2026-06-18T17:02:32.130+0000] {processor.py:840} INFO - DAG(s) 'tutorial_taskflow_api_virtualenv' retrieved from /home/airflow/.local/lib/python3.8/site-packages/airflow/example_dags/tutorial_taskflow_api_virtualenv.py
[2026-06-18T17:02:32.173+0000] {logging_mixin.py:188} INFO - [2026-06-18T17:02:32.172+0000] {dag.py:3036} INFO - Sync 1 DAGs
[2026-06-18T17:02:32.199+0000] {logging_mixin.py:188} INFO - [2026-06-18T17:02:32.198+0000] {dag.py:3823} INFO - Setting next_dagrun for tutorial_taskflow_api_virtualenv to None, run_after=None
[2026-06-18T17:02:32.235+0000] {processor.py:183} INFO - Processing /home/airflow/.local/lib/python3.8/site-packages/airflow/example_dags/tutorial_taskflow_api_virtualenv.py took 0.137 seconds
[2026-06-18T17:03:02.823+0000] {processor.py:161} INFO - Started process (PID=1739) to work on /home/airflow/.local/lib/python3.8/site-packages/airflow/example_dags/tutorial_taskflow_api_virtualenv.py
[2026-06-18T17:03:02.824+0000] {processor.py:830} INFO - Processing file /home/airflow/.local/lib/python3.8/site-packages/airflow/example_dags/tutorial_taskflow_api_virtualenv.py for tasks to queue
[2026-06-18T17:03:02.827+0000] {logging_mixin.py:188} INFO - [2026-06-18T17:03:02.827+0000] {dagbag.py:538} INFO - Filling up the DagBag from /home/airflow/.local/lib/python3.8/site-packages/airflow/example_dags/tutorial_taskflow_api_virtualenv.py
[2026-06-18T17:03:02.845+0000] {processor.py:840} INFO - DAG(s) 'tutorial_taskflow_api_virtualenv' retrieved from /home/airflow/.local/lib/python3.8/site-packages/airflow/example_dags/tutorial_taskflow_api_virtualenv.py
[2026-06-18T17:03:02.884+0000] {logging_mixin.py:188} INFO - [2026-06-18T17:03:02.884+0000] {dag.py:3036} INFO - Sync 1 DAGs
[2026-06-18T17:03:02.906+0000] {logging_mixin.py:188} INFO - [2026-06-18T17:03:02.905+0000] {dag.py:3823} INFO - Setting next_dagrun for tutorial_taskflow_api_virtualenv to None, run_after=None
[2026-06-18T17:03:02.943+0000] {processor.py:183} INFO - Processing /home/airflow/.local/lib/python3.8/site-packages/airflow/example_dags/tutorial_taskflow_api_virtualenv.py took 0.125 seconds
[2026-06-18T17:03:33.325+0000] {processor.py:161} INFO - Started process (PID=1805) to work on /home/airflow/.local/lib/python3.8/site-packages/airflow/example_dags/tutorial_taskflow_api_virtualenv.py
[2026-06-18T17:03:33.327+0000] {processor.py:830} INFO - Processing file /home/airflow/.local/lib/python3.8/site-packages/airflow/example_dags/tutorial_taskflow_api_virtualenv.py for tasks to queue
[2026-06-18T17:03:33.330+0000] {logging_mixin.py:188} INFO - [2026-06-18T17:03:33.330+0000] {dagbag.py:538} INFO - Filling up the DagBag from /home/airflow/.local/lib/python3.8/site-packages/airflow/example_dags/tutorial_taskflow_api_virtualenv.py
[2026-06-18T17:03:33.350+0000] {processor.py:840} INFO - DAG(s) 'tutorial_taskflow_api_virtualenv' retrieved from /home/airflow/.local/lib/python3.8/site-packages/airflow/example_dags/tutorial_taskflow_api_virtualenv.py
[2026-06-18T17:03:33.395+0000] {logging_mixin.py:188} INFO - [2026-06-18T17:03:33.395+0000] {dag.py:3036} INFO - Sync 1 DAGs
[2026-06-18T17:03:33.421+0000] {logging_mixin.py:188} INFO - [2026-06-18T17:03:33.421+0000] {dag.py:3823} INFO - Setting next_dagrun for tutorial_taskflow_api_virtualenv to None, run_after=None
[2026-06-18T17:03:33.457+0000] {processor.py:183} INFO - Processing /home/airflow/.local/lib/python3.8/site-packages/airflow/example_dags/tutorial_taskflow_api_virtualenv.py took 0.138 seconds
[2026-06-18T17:04:03.952+0000] {processor.py:161} INFO - Started process (PID=1871) to work on /home/airflow/.local/lib/python3.8/site-packages/airflow/example_dags/tutorial_taskflow_api_virtualenv.py
[2026-06-18T17:04:03.953+0000] {processor.py:830} INFO - Processing file /home/airflow/.local/lib/python3.8/site-packages/airflow/example_dags/tutorial_taskflow_api_virtualenv.py for tasks to queue
[2026-06-18T17:04:03.956+0000] {logging_mixin.py:188} INFO - [2026-06-18T17:04:03.956+0000] {dagbag.py:538} INFO - Filling up the DagBag from /home/airflow/.local/lib/python3.8/site-packages/airflow/example_dags/tutorial_taskflow_api_virtualenv.py
[2026-06-18T17:04:03.975+0000] {processor.py:840} INFO - DAG(s) 'tutorial_taskflow_api_virtualenv' retrieved from /home/airflow/.local/lib/python3.8/site-packages/airflow/example_dags/tutorial_taskflow_api_virtualenv.py
[2026-06-18T17:04:04.017+0000] {logging_mixin.py:188} INFO - [2026-06-18T17:04:04.017+0000] {dag.py:3036} INFO - Sync 1 DAGs
[2026-06-18T17:04:04.039+0000] {logging_mixin.py:188} INFO - [2026-06-18T17:04:04.038+0000] {dag.py:3823} INFO - Setting next_dagrun for tutorial_taskflow_api_virtualenv to None, run_after=None
[2026-06-18T17:04:04.070+0000] {processor.py:183} INFO - Processing /home/airflow/.local/lib/python3.8/site-packages/airflow/example_dags/tutorial_taskflow_api_virtualenv.py took 0.124 seconds
[2026-06-18T17:04:34.380+0000] {processor.py:161} INFO - Started process (PID=1938) to work on /home/airflow/.local/lib/python3.8/site-packages/airflow/example_dags/tutorial_taskflow_api_virtualenv.py
[2026-06-18T17:04:34.383+0000] {processor.py:830} INFO - Processing file /home/airflow/.local/lib/python3.8/site-packages/airflow/example_dags/tutorial_taskflow_api_virtualenv.py for tasks to queue
[2026-06-18T17:04:34.386+0000] {logging_mixin.py:188} INFO - [2026-06-18T17:04:34.386+0000] {dagbag.py:538} INFO - Filling up the DagBag from /home/airflow/.local/lib/python3.8/site-packages/airflow/example_dags/tutorial_taskflow_api_virtualenv.py
[2026-06-18T17:04:34.403+0000] {processor.py:840} INFO - DAG(s) 'tutorial_taskflow_api_virtualenv' retrieved from /home/airflow/.local/lib/python3.8/site-packages/airflow/example_dags/tutorial_taskflow_api_virtualenv.py
[2026-06-18T17:04:34.441+0000] {logging_mixin.py:188} INFO - [2026-06-18T17:04:34.440+0000] {dag.py:3036} INFO - Sync 1 DAGs
[2026-06-18T17:04:34.461+0000] {logging_mixin.py:188} INFO - [2026-06-18T17:04:34.461+0000] {dag.py:3823} INFO - Setting next_dagrun for tutorial_taskflow_api_virtualenv to None, run_after=None
[2026-06-18T17:04:34.491+0000] {processor.py:183} INFO - Processing /home/airflow/.local/lib/python3.8/site-packages/airflow/example_dags/tutorial_taskflow_api_virtualenv.py took 0.116 seconds
[2026-06-18T17:05:04.604+0000] {processor.py:161} INFO - Started process (PID=2003) to work on /home/airflow/.local/lib/python3.8/site-packages/airflow/example_dags/tutorial_taskflow_api_virtualenv.py
[2026-06-18T17:05:04.605+0000] {processor.py:830} INFO - Processing file /home/airflow/.local/lib/python3.8/site-packages/airflow/example_dags/tutorial_taskflow_api_virtualenv.py for tasks to queue
[2026-06-18T17:05:04.609+0000] {logging_mixin.py:188} INFO - [2026-06-18T17:05:04.609+0000] {dagbag.py:538} INFO - Filling up the DagBag from /home/airflow/.local/lib/python3.8/site-packages/airflow/example_dags/tutorial_taskflow_api_virtualenv.py
[2026-06-18T17:05:04.637+0000] {processor.py:840} INFO - DAG(s) 'tutorial_taskflow_api_virtualenv' retrieved from /home/airflow/.local/lib/python3.8/site-packages/airflow/example_dags/tutorial_taskflow_api_virtualenv.py
[2026-06-18T17:05:04.683+0000] {logging_mixin.py:188} INFO - [2026-06-18T17:05:04.682+0000] {dag.py:3036} INFO - Sync 1 DAGs
[2026-06-18T17:05:04.703+0000] {logging_mixin.py:188} INFO - [2026-06-18T17:05:04.702+0000] {dag.py:3823} INFO - Setting next_dagrun for tutorial_taskflow_api_virtualenv to None, run_after=None
[2026-06-18T17:05:04.734+0000] {processor.py:183} INFO - Processing /home/airflow/.local/lib/python3.8/site-packages/airflow/example_dags/tutorial_taskflow_api_virtualenv.py took 0.139 seconds
[2026-06-18T17:05:35.359+0000] {processor.py:161} INFO - Started process (PID=2069) to work on /home/airflow/.local/lib/python3.8/site-packages/airflow/example_dags/tutorial_taskflow_api_virtualenv.py
[2026-06-18T17:05:35.361+0000] {processor.py:830} INFO - Processing file /home/airflow/.local/lib/python3.8/site-packages/airflow/example_dags/tutorial_taskflow_api_virtualenv.py for tasks to queue
[2026-06-18T17:05:35.366+0000] {logging_mixin.py:188} INFO - [2026-06-18T17:05:35.365+0000] {dagbag.py:538} INFO - Filling up the DagBag from /home/airflow/.local/lib/python3.8/site-packages/airflow/example_dags/tutorial_taskflow_api_virtualenv.py
[2026-06-18T17:05:35.387+0000] {processor.py:840} INFO - DAG(s) 'tutorial_taskflow_api_virtualenv' retrieved from /home/airflow/.local/lib/python3.8/site-packages/airflow/example_dags/tutorial_taskflow_api_virtualenv.py
[2026-06-18T17:05:35.429+0000] {logging_mixin.py:188} INFO - [2026-06-18T17:05:35.429+0000] {dag.py:3036} INFO - Sync 1 DAGs
[2026-06-18T17:05:35.460+0000] {logging_mixin.py:188} INFO - [2026-06-18T17:05:35.459+0000] {dag.py:3823} INFO - Setting next_dagrun for tutorial_taskflow_api_virtualenv to None, run_after=None
[2026-06-18T17:05:35.500+0000] {processor.py:183} INFO - Processing /home/airflow/.local/lib/python3.8/site-packages/airflow/example_dags/tutorial_taskflow_api_virtualenv.py took 0.146 seconds
[2026-06-18T17:06:06.336+0000] {processor.py:161} INFO - Started process (PID=2134) to work on /home/airflow/.local/lib/python3.8/site-packages/airflow/example_dags/tutorial_taskflow_api_virtualenv.py
[2026-06-18T17:06:06.337+0000] {processor.py:830} INFO - Processing file /home/airflow/.local/lib/python3.8/site-packages/airflow/example_dags/tutorial_taskflow_api_virtualenv.py for tasks to queue
[2026-06-18T17:06:06.341+0000] {logging_mixin.py:188} INFO - [2026-06-18T17:06:06.340+0000] {dagbag.py:538} INFO - Filling up the DagBag from /home/airflow/.local/lib/python3.8/site-packages/airflow/example_dags/tutorial_taskflow_api_virtualenv.py
[2026-06-18T17:06:06.366+0000] {processor.py:840} INFO - DAG(s) 'tutorial_taskflow_api_virtualenv' retrieved from /home/airflow/.local/lib/python3.8/site-packages/airflow/example_dags/tutorial_taskflow_api_virtualenv.py
[2026-06-18T17:06:06.409+0000] {logging_mixin.py:188} INFO - [2026-06-18T17:06:06.409+0000] {dag.py:3036} INFO - Sync 1 DAGs
[2026-06-18T17:06:06.435+0000] {logging_mixin.py:188} INFO - [2026-06-18T17:06:06.435+0000] {dag.py:3823} INFO - Setting next_dagrun for tutorial_taskflow_api_virtualenv to None, run_after=None
[2026-06-18T17:06:06.470+0000] {processor.py:183} INFO - Processing /home/airflow/.local/lib/python3.8/site-packages/airflow/example_dags/tutorial_taskflow_api_virtualenv.py took 0.140 seconds
[2026-06-18T17:06:36.778+0000] {processor.py:161} INFO - Started process (PID=2200) to work on /home/airflow/.local/lib/python3.8/site-packages/airflow/example_dags/tutorial_taskflow_api_virtualenv.py
[2026-06-18T17:06:36.780+0000] {processor.py:830} INFO - Processing file /home/airflow/.local/lib/python3.8/site-packages/airflow/example_dags/tutorial_taskflow_api_virtualenv.py for tasks to queue
[2026-06-18T17:06:36.783+0000] {logging_mixin.py:188} INFO - [2026-06-18T17:06:36.783+0000] {dagbag.py:538} INFO - Filling up the DagBag from /home/airflow/.local/lib/python3.8/site-packages/airflow/example_dags/tutorial_taskflow_api_virtualenv.py
[2026-06-18T17:06:36.801+0000] {processor.py:840} INFO - DAG(s) 'tutorial_taskflow_api_virtualenv' retrieved from /home/airflow/.local/lib/python3.8/site-packages/airflow/example_dags/tutorial_taskflow_api_virtualenv.py
[2026-06-18T17:06:36.841+0000] {logging_mixin.py:188} INFO - [2026-06-18T17:06:36.841+0000] {dag.py:3036} INFO - Sync 1 DAGs
[2026-06-18T17:06:36.865+0000] {logging_mixin.py:188} INFO - [2026-06-18T17:06:36.864+0000] {dag.py:3823} INFO - Setting next_dagrun for tutorial_taskflow_api_virtualenv to None, run_after=None
[2026-06-18T17:06:36.902+0000] {processor.py:183} INFO - Processing /home/airflow/.local/lib/python3.8/site-packages/airflow/example_dags/tutorial_taskflow_api_virtualenv.py took 0.129 seconds
[2026-06-18T17:07:07.114+0000] {processor.py:161} INFO - Started process (PID=2266) to work on /home/airflow/.local/lib/python3.8/site-packages/airflow/example_dags/tutorial_taskflow_api_virtualenv.py
[2026-06-18T17:07:07.115+0000] {processor.py:830} INFO - Processing file /home/airflow/.local/lib/python3.8/site-packages/airflow/example_dags/tutorial_taskflow_api_virtualenv.py for tasks to queue
[2026-06-18T17:07:07.118+0000] {logging_mixin.py:188} INFO - [2026-06-18T17:07:07.117+0000] {dagbag.py:538} INFO - Filling up the DagBag from /home/airflow/.local/lib/python3.8/site-packages/airflow/example_dags/tutorial_taskflow_api_virtualenv.py
[2026-06-18T17:07:07.135+0000] {processor.py:840} INFO - DAG(s) 'tutorial_taskflow_api_virtualenv' retrieved from /home/airflow/.local/lib/python3.8/site-packages/airflow/example_dags/tutorial_taskflow_api_virtualenv.py
[2026-06-18T17:07:07.175+0000] {logging_mixin.py:188} INFO - [2026-06-18T17:07:07.174+0000] {dag.py:3036} INFO - Sync 1 DAGs
[2026-06-18T17:07:07.194+0000] {logging_mixin.py:188} INFO - [2026-06-18T17:07:07.194+0000] {dag.py:3823} INFO - Setting next_dagrun for tutorial_taskflow_api_virtualenv to None, run_after=None
[2026-06-18T17:07:07.229+0000] {processor.py:183} INFO - Processing /home/airflow/.local/lib/python3.8/site-packages/airflow/example_dags/tutorial_taskflow_api_virtualenv.py took 0.120 seconds
[2026-06-18T17:07:38.129+0000] {processor.py:161} INFO - Started process (PID=2339) to work on /home/airflow/.local/lib/python3.8/site-packages/airflow/example_dags/tutorial_taskflow_api_virtualenv.py
[2026-06-18T17:07:38.132+0000] {processor.py:830} INFO - Processing file /home/airflow/.local/lib/python3.8/site-packages/airflow/example_dags/tutorial_taskflow_api_virtualenv.py for tasks to queue
[2026-06-18T17:07:38.135+0000] {logging_mixin.py:188} INFO - [2026-06-18T17:07:38.134+0000] {dagbag.py:538} INFO - Filling up the DagBag from /home/airflow/.local/lib/python3.8/site-packages/airflow/example_dags/tutorial_taskflow_api_virtualenv.py
[2026-06-18T17:07:38.153+0000] {processor.py:840} INFO - DAG(s) 'tutorial_taskflow_api_virtualenv' retrieved from /home/airflow/.local/lib/python3.8/site-packages/airflow/example_dags/tutorial_taskflow_api_virtualenv.py
[2026-06-18T17:07:38.196+0000] {logging_mixin.py:188} INFO - [2026-06-18T17:07:38.196+0000] {dag.py:3036} INFO - Sync 1 DAGs
[2026-06-18T17:07:38.222+0000] {logging_mixin.py:188} INFO - [2026-06-18T17:07:38.222+0000] {dag.py:3823} INFO - Setting next_dagrun for tutorial_taskflow_api_virtualenv to None, run_after=None
[2026-06-18T17:07:38.259+0000] {processor.py:183} INFO - Processing /home/airflow/.local/lib/python3.8/site-packages/airflow/example_dags/tutorial_taskflow_api_virtualenv.py took 0.136 seconds
[2026-06-18T17:08:08.419+0000] {processor.py:161} INFO - Started process (PID=2406) to work on /home/airflow/.local/lib/python3.8/site-packages/airflow/example_dags/tutorial_taskflow_api_virtualenv.py
[2026-06-18T17:08:08.420+0000] {processor.py:830} INFO - Processing file /home/airflow/.local/lib/python3.8/site-packages/airflow/example_dags/tutorial_taskflow_api_virtualenv.py for tasks to queue
[2026-06-18T17:08:08.425+0000] {logging_mixin.py:188} INFO - [2026-06-18T17:08:08.424+0000] {dagbag.py:538} INFO - Filling up the DagBag from /home/airflow/.local/lib/python3.8/site-packages/airflow/example_dags/tutorial_taskflow_api_virtualenv.py
[2026-06-18T17:08:08.442+0000] {processor.py:840} INFO - DAG(s) 'tutorial_taskflow_api_virtualenv' retrieved from /home/airflow/.local/lib/python3.8/site-packages/airflow/example_dags/tutorial_taskflow_api_virtualenv.py
[2026-06-18T17:08:08.483+0000] {logging_mixin.py:188} INFO - [2026-06-18T17:08:08.482+0000] {dag.py:3036} INFO - Sync 1 DAGs
[2026-06-18T17:08:08.506+0000] {logging_mixin.py:188} INFO - [2026-06-18T17:08:08.506+0000] {dag.py:3823} INFO - Setting next_dagrun for tutorial_taskflow_api_virtualenv to None, run_after=None
[2026-06-18T17:08:08.546+0000] {processor.py:183} INFO - Processing /home/airflow/.local/lib/python3.8/site-packages/airflow/example_dags/tutorial_taskflow_api_virtualenv.py took 0.133 seconds
[2026-06-18T17:08:39.407+0000] {processor.py:161} INFO - Started process (PID=2473) to work on /home/airflow/.local/lib/python3.8/site-packages/airflow/example_dags/tutorial_taskflow_api_virtualenv.py
[2026-06-18T17:08:39.409+0000] {processor.py:830} INFO - Processing file /home/airflow/.local/lib/python3.8/site-packages/airflow/example_dags/tutorial_taskflow_api_virtualenv.py for tasks to queue
[2026-06-18T17:08:39.411+0000] {logging_mixin.py:188} INFO - [2026-06-18T17:08:39.411+0000] {dagbag.py:538} INFO - Filling up the DagBag from /home/airflow/.local/lib/python3.8/site-packages/airflow/example_dags/tutorial_taskflow_api_virtualenv.py
[2026-06-18T17:08:39.429+0000] {processor.py:840} INFO - DAG(s) 'tutorial_taskflow_api_virtualenv' retrieved from /home/airflow/.local/lib/python3.8/site-packages/airflow/example_dags/tutorial_taskflow_api_virtualenv.py
[2026-06-18T17:08:39.467+0000] {logging_mixin.py:188} INFO - [2026-06-18T17:08:39.466+0000] {dag.py:3036} INFO - Sync 1 DAGs
[2026-06-18T17:08:39.492+0000] {logging_mixin.py:188} INFO - [2026-06-18T17:08:39.492+0000] {dag.py:3823} INFO - Setting next_dagrun for tutorial_taskflow_api_virtualenv to None, run_after=None
[2026-06-18T17:08:39.528+0000] {processor.py:183} INFO - Processing /home/airflow/.local/lib/python3.8/site-packages/airflow/example_dags/tutorial_taskflow_api_virtualenv.py took 0.127 seconds
[2026-06-18T17:09:10.037+0000] {processor.py:161} INFO - Started process (PID=2538) to work on /home/airflow/.local/lib/python3.8/site-packages/airflow/example_dags/tutorial_taskflow_api_virtualenv.py
[2026-06-18T17:09:10.039+0000] {processor.py:830} INFO - Processing file /home/airflow/.local/lib/python3.8/site-packages/airflow/example_dags/tutorial_taskflow_api_virtualenv.py for tasks to queue
[2026-06-18T17:09:10.042+0000] {logging_mixin.py:188} INFO - [2026-06-18T17:09:10.041+0000] {dagbag.py:538} INFO - Filling up the DagBag from /home/airflow/.local/lib/python3.8/site-packages/airflow/example_dags/tutorial_taskflow_api_virtualenv.py
[2026-06-18T17:09:10.062+0000] {processor.py:840} INFO - DAG(s) 'tutorial_taskflow_api_virtualenv' retrieved from /home/airflow/.local/lib/python3.8/site-packages/airflow/example_dags/tutorial_taskflow_api_virtualenv.py
[2026-06-18T17:09:10.105+0000] {logging_mixin.py:188} INFO - [2026-06-18T17:09:10.105+0000] {dag.py:3036} INFO - Sync 1 DAGs
[2026-06-18T17:09:10.130+0000] {logging_mixin.py:188} INFO - [2026-06-18T17:09:10.130+0000] {dag.py:3823} INFO - Setting next_dagrun for tutorial_taskflow_api_virtualenv to None, run_after=None
[2026-06-18T17:09:10.165+0000] {processor.py:183} INFO - Processing /home/airflow/.local/lib/python3.8/site-packages/airflow/example_dags/tutorial_taskflow_api_virtualenv.py took 0.134 seconds
[2026-06-18T17:09:40.733+0000] {processor.py:161} INFO - Started process (PID=2605) to work on /home/airflow/.local/lib/python3.8/site-packages/airflow/example_dags/tutorial_taskflow_api_virtualenv.py
[2026-06-18T17:09:40.736+0000] {processor.py:830} INFO - Processing file /home/airflow/.local/lib/python3.8/site-packages/airflow/example_dags/tutorial_taskflow_api_virtualenv.py for tasks to queue
[2026-06-18T17:09:40.739+0000] {logging_mixin.py:188} INFO - [2026-06-18T17:09:40.738+0000] {dagbag.py:538} INFO - Filling up the DagBag from /home/airflow/.local/lib/python3.8/site-packages/airflow/example_dags/tutorial_taskflow_api_virtualenv.py
[2026-06-18T17:09:40.759+0000] {processor.py:840} INFO - DAG(s) 'tutorial_taskflow_api_virtualenv' retrieved from /home/airflow/.local/lib/python3.8/site-packages/airflow/example_dags/tutorial_taskflow_api_virtualenv.py
[2026-06-18T17:09:40.803+0000] {logging_mixin.py:188} INFO - [2026-06-18T17:09:40.803+0000] {dag.py:3036} INFO - Sync 1 DAGs
[2026-06-18T17:09:40.823+0000] {logging_mixin.py:188} INFO - [2026-06-18T17:09:40.823+0000] {dag.py:3823} INFO - Setting next_dagrun for tutorial_taskflow_api_virtualenv to None, run_after=None
[2026-06-18T17:09:40.858+0000] {processor.py:183} INFO - Processing /home/airflow/.local/lib/python3.8/site-packages/airflow/example_dags/tutorial_taskflow_api_virtualenv.py took 0.131 seconds
[2026-06-18T17:10:12.145+0000] {processor.py:161} INFO - Started process (PID=2671) to work on /home/airflow/.local/lib/python3.8/site-packages/airflow/example_dags/tutorial_taskflow_api_virtualenv.py
[2026-06-18T17:10:12.146+0000] {processor.py:830} INFO - Processing file /home/airflow/.local/lib/python3.8/site-packages/airflow/example_dags/tutorial_taskflow_api_virtualenv.py for tasks to queue
[2026-06-18T17:10:12.150+0000] {logging_mixin.py:188} INFO - [2026-06-18T17:10:12.149+0000] {dagbag.py:538} INFO - Filling up the DagBag from /home/airflow/.local/lib/python3.8/site-packages/airflow/example_dags/tutorial_taskflow_api_virtualenv.py
[2026-06-18T17:10:12.169+0000] {processor.py:840} INFO - DAG(s) 'tutorial_taskflow_api_virtualenv' retrieved from /home/airflow/.local/lib/python3.8/site-packages/airflow/example_dags/tutorial_taskflow_api_virtualenv.py
[2026-06-18T17:10:12.215+0000] {logging_mixin.py:188} INFO - [2026-06-18T17:10:12.215+0000] {dag.py:3036} INFO - Sync 1 DAGs
[2026-06-18T17:10:12.238+0000] {logging_mixin.py:188} INFO - [2026-06-18T17:10:12.238+0000] {dag.py:3823} INFO - Setting next_dagrun for tutorial_taskflow_api_virtualenv to None, run_after=None
[2026-06-18T17:10:12.279+0000] {processor.py:183} INFO - Processing /home/airflow/.local/lib/python3.8/site-packages/airflow/example_dags/tutorial_taskflow_api_virtualenv.py took 0.139 seconds
[2026-06-18T17:10:42.807+0000] {processor.py:161} INFO - Started process (PID=2736) to work on /home/airflow/.local/lib/python3.8/site-packages/airflow/example_dags/tutorial_taskflow_api_virtualenv.py
[2026-06-18T17:10:42.809+0000] {processor.py:830} INFO - Processing file /home/airflow/.local/lib/python3.8/site-packages/airflow/example_dags/tutorial_taskflow_api_virtualenv.py for tasks to queue
[2026-06-18T17:10:42.812+0000] {logging_mixin.py:188} INFO - [2026-06-18T17:10:42.812+0000] {dagbag.py:538} INFO - Filling up the DagBag from /home/airflow/.local/lib/python3.8/site-packages/airflow/example_dags/tutorial_taskflow_api_virtualenv.py
[2026-06-18T17:10:42.829+0000] {processor.py:840} INFO - DAG(s) 'tutorial_taskflow_api_virtualenv' retrieved from /home/airflow/.local/lib/python3.8/site-packages/airflow/example_dags/tutorial_taskflow_api_virtualenv.py
[2026-06-18T17:10:42.872+0000] {logging_mixin.py:188} INFO - [2026-06-18T17:10:42.871+0000] {dag.py:3036} INFO - Sync 1 DAGs
[2026-06-18T17:10:42.902+0000] {logging_mixin.py:188} INFO - [2026-06-18T17:10:42.902+0000] {dag.py:3823} INFO - Setting next_dagrun for tutorial_taskflow_api_virtualenv to None, run_after=None
[2026-06-18T17:10:42.938+0000] {processor.py:183} INFO - Processing /home/airflow/.local/lib/python3.8/site-packages/airflow/example_dags/tutorial_taskflow_api_virtualenv.py took 0.135 seconds
[2026-06-18T17:11:13.223+0000] {processor.py:161} INFO - Started process (PID=2803) to work on /home/airflow/.local/lib/python3.8/site-packages/airflow/example_dags/tutorial_taskflow_api_virtualenv.py
[2026-06-18T17:11:13.224+0000] {processor.py:830} INFO - Processing file /home/airflow/.local/lib/python3.8/site-packages/airflow/example_dags/tutorial_taskflow_api_virtualenv.py for tasks to queue
[2026-06-18T17:11:13.227+0000] {logging_mixin.py:188} INFO - [2026-06-18T17:11:13.227+0000] {dagbag.py:538} INFO - Filling up the DagBag from /home/airflow/.local/lib/python3.8/site-packages/airflow/example_dags/tutorial_taskflow_api_virtualenv.py
[2026-06-18T17:11:13.243+0000] {processor.py:840} INFO - DAG(s) 'tutorial_taskflow_api_virtualenv' retrieved from /home/airflow/.local/lib/python3.8/site-packages/airflow/example_dags/tutorial_taskflow_api_virtualenv.py
[2026-06-18T17:11:13.279+0000] {logging_mixin.py:188} INFO - [2026-06-18T17:11:13.279+0000] {dag.py:3036} INFO - Sync 1 DAGs
[2026-06-18T17:11:13.302+0000] {logging_mixin.py:188} INFO - [2026-06-18T17:11:13.302+0000] {dag.py:3823} INFO - Setting next_dagrun for tutorial_taskflow_api_virtualenv to None, run_after=None
[2026-06-18T17:11:13.339+0000] {processor.py:183} INFO - Processing /home/airflow/.local/lib/python3.8/site-packages/airflow/example_dags/tutorial_taskflow_api_virtualenv.py took 0.122 seconds
[2026-06-18T17:11:43.583+0000] {processor.py:161} INFO - Started process (PID=2868) to work on /home/airflow/.local/lib/python3.8/site-packages/airflow/example_dags/tutorial_taskflow_api_virtualenv.py
[2026-06-18T17:11:43.585+0000] {processor.py:830} INFO - Processing file /home/airflow/.local/lib/python3.8/site-packages/airflow/example_dags/tutorial_taskflow_api_virtualenv.py for tasks to queue
[2026-06-18T17:11:43.588+0000] {logging_mixin.py:188} INFO - [2026-06-18T17:11:43.587+0000] {dagbag.py:538} INFO - Filling up the DagBag from /home/airflow/.local/lib/python3.8/site-packages/airflow/example_dags/tutorial_taskflow_api_virtualenv.py
[2026-06-18T17:11:43.607+0000] {processor.py:840} INFO - DAG(s) 'tutorial_taskflow_api_virtualenv' retrieved from /home/airflow/.local/lib/python3.8/site-packages/airflow/example_dags/tutorial_taskflow_api_virtualenv.py
[2026-06-18T17:11:43.648+0000] {logging_mixin.py:188} INFO - [2026-06-18T17:11:43.647+0000] {dag.py:3036} INFO - Sync 1 DAGs
[2026-06-18T17:11:43.671+0000] {logging_mixin.py:188} INFO - [2026-06-18T17:11:43.671+0000] {dag.py:3823} INFO - Setting next_dagrun for tutorial_taskflow_api_virtualenv to None, run_after=None
[2026-06-18T17:11:43.703+0000] {processor.py:183} INFO - Processing /home/airflow/.local/lib/python3.8/site-packages/airflow/example_dags/tutorial_taskflow_api_virtualenv.py took 0.125 seconds
[2026-06-18T17:12:14.608+0000] {processor.py:161} INFO - Started process (PID=2934) to work on /home/airflow/.local/lib/python3.8/site-packages/airflow/example_dags/tutorial_taskflow_api_virtualenv.py
[2026-06-18T17:12:14.610+0000] {processor.py:830} INFO - Processing file /home/airflow/.local/lib/python3.8/site-packages/airflow/example_dags/tutorial_taskflow_api_virtualenv.py for tasks to queue
[2026-06-18T17:12:14.613+0000] {logging_mixin.py:188} INFO - [2026-06-18T17:12:14.612+0000] {dagbag.py:538} INFO - Filling up the DagBag from /home/airflow/.local/lib/python3.8/site-packages/airflow/example_dags/tutorial_taskflow_api_virtualenv.py
[2026-06-18T17:12:14.629+0000] {processor.py:840} INFO - DAG(s) 'tutorial_taskflow_api_virtualenv' retrieved from /home/airflow/.local/lib/python3.8/site-packages/airflow/example_dags/tutorial_taskflow_api_virtualenv.py
[2026-06-18T17:12:14.669+0000] {logging_mixin.py:188} INFO - [2026-06-18T17:12:14.668+0000] {dag.py:3036} INFO - Sync 1 DAGs
[2026-06-18T17:12:14.693+0000] {logging_mixin.py:188} INFO - [2026-06-18T17:12:14.692+0000] {dag.py:3823} INFO - Setting next_dagrun for tutorial_taskflow_api_virtualenv to None, run_after=None
[2026-06-18T17:12:14.726+0000] {processor.py:183} INFO - Processing /home/airflow/.local/lib/python3.8/site-packages/airflow/example_dags/tutorial_taskflow_api_virtualenv.py took 0.123 seconds
[2026-06-18T17:12:44.950+0000] {processor.py:161} INFO - Started process (PID=3001) to work on /home/airflow/.local/lib/python3.8/site-packages/airflow/example_dags/tutorial_taskflow_api_virtualenv.py
[2026-06-18T17:12:44.952+0000] {processor.py:830} INFO - Processing file /home/airflow/.local/lib/python3.8/site-packages/airflow/example_dags/tutorial_taskflow_api_virtualenv.py for tasks to queue
[2026-06-18T17:12:44.955+0000] {logging_mixin.py:188} INFO - [2026-06-18T17:12:44.954+0000] {dagbag.py:538} INFO - Filling up the DagBag from /home/airflow/.local/lib/python3.8/site-packages/airflow/example_dags/tutorial_taskflow_api_virtualenv.py
[2026-06-18T17:12:44.972+0000] {processor.py:840} INFO - DAG(s) 'tutorial_taskflow_api_virtualenv' retrieved from /home/airflow/.local/lib/python3.8/site-packages/airflow/example_dags/tutorial_taskflow_api_virtualenv.py
[2026-06-18T17:12:45.013+0000] {logging_mixin.py:188} INFO - [2026-06-18T17:12:45.013+0000] {dag.py:3036} INFO - Sync 1 DAGs
[2026-06-18T17:12:45.035+0000] {logging_mixin.py:188} INFO - [2026-06-18T17:12:45.034+0000] {dag.py:3823} INFO - Setting next_dagrun for tutorial_taskflow_api_virtualenv to None, run_after=None
[2026-06-18T17:12:45.071+0000] {processor.py:183} INFO - Processing /home/airflow/.local/lib/python3.8/site-packages/airflow/example_dags/tutorial_taskflow_api_virtualenv.py took 0.127 seconds
[2026-06-18T17:13:16.438+0000] {processor.py:161} INFO - Started process (PID=3066) to work on /home/airflow/.local/lib/python3.8/site-packages/airflow/example_dags/tutorial_taskflow_api_virtualenv.py
[2026-06-18T17:13:16.444+0000] {processor.py:830} INFO - Processing file /home/airflow/.local/lib/python3.8/site-packages/airflow/example_dags/tutorial_taskflow_api_virtualenv.py for tasks to queue
[2026-06-18T17:13:16.449+0000] {logging_mixin.py:188} INFO - [2026-06-18T17:13:16.448+0000] {dagbag.py:538} INFO - Filling up the DagBag from /home/airflow/.local/lib/python3.8/site-packages/airflow/example_dags/tutorial_taskflow_api_virtualenv.py
[2026-06-18T17:13:16.475+0000] {processor.py:840} INFO - DAG(s) 'tutorial_taskflow_api_virtualenv' retrieved from /home/airflow/.local/lib/python3.8/site-packages/airflow/example_dags/tutorial_taskflow_api_virtualenv.py
[2026-06-18T17:13:16.517+0000] {logging_mixin.py:188} INFO - [2026-06-18T17:13:16.517+0000] {dag.py:3036} INFO - Sync 1 DAGs
[2026-06-18T17:13:16.783+0000] {logging_mixin.py:188} INFO - [2026-06-18T17:13:16.783+0000] {dag.py:3823} INFO - Setting next_dagrun for tutorial_taskflow_api_virtualenv to None, run_after=None
[2026-06-18T17:13:16.821+0000] {processor.py:183} INFO - Processing /home/airflow/.local/lib/python3.8/site-packages/airflow/example_dags/tutorial_taskflow_api_virtualenv.py took 0.391 seconds
[2026-06-18T17:13:47.265+0000] {processor.py:161} INFO - Started process (PID=3131) to work on /home/airflow/.local/lib/python3.8/site-packages/airflow/example_dags/tutorial_taskflow_api_virtualenv.py
[2026-06-18T17:13:47.267+0000] {processor.py:830} INFO - Processing file /home/airflow/.local/lib/python3.8/site-packages/airflow/example_dags/tutorial_taskflow_api_virtualenv.py for tasks to queue
[2026-06-18T17:13:47.270+0000] {logging_mixin.py:188} INFO - [2026-06-18T17:13:47.270+0000] {dagbag.py:538} INFO - Filling up the DagBag from /home/airflow/.local/lib/python3.8/site-packages/airflow/example_dags/tutorial_taskflow_api_virtualenv.py
[2026-06-18T17:13:47.291+0000] {processor.py:840} INFO - DAG(s) 'tutorial_taskflow_api_virtualenv' retrieved from /home/airflow/.local/lib/python3.8/site-packages/airflow/example_dags/tutorial_taskflow_api_virtualenv.py
[2026-06-18T17:13:47.337+0000] {logging_mixin.py:188} INFO - [2026-06-18T17:13:47.337+0000] {dag.py:3036} INFO - Sync 1 DAGs
[2026-06-18T17:13:47.366+0000] {logging_mixin.py:188} INFO - [2026-06-18T17:13:47.366+0000] {dag.py:3823} INFO - Setting next_dagrun for tutorial_taskflow_api_virtualenv to None, run_after=None
[2026-06-18T17:13:47.404+0000] {processor.py:183} INFO - Processing /home/airflow/.local/lib/python3.8/site-packages/airflow/example_dags/tutorial_taskflow_api_virtualenv.py took 0.144 seconds
[2026-06-18T17:14:17.622+0000] {processor.py:161} INFO - Started process (PID=3196) to work on /home/airflow/.local/lib/python3.8/site-packages/airflow/example_dags/tutorial_taskflow_api_virtualenv.py
[2026-06-18T17:14:17.624+0000] {processor.py:830} INFO - Processing file /home/airflow/.local/lib/python3.8/site-packages/airflow/example_dags/tutorial_taskflow_api_virtualenv.py for tasks to queue
[2026-06-18T17:14:17.627+0000] {logging_mixin.py:188} INFO - [2026-06-18T17:14:17.626+0000] {dagbag.py:538} INFO - Filling up the DagBag from /home/airflow/.local/lib/python3.8/site-packages/airflow/example_dags/tutorial_taskflow_api_virtualenv.py
[2026-06-18T17:14:17.643+0000] {processor.py:840} INFO - DAG(s) 'tutorial_taskflow_api_virtualenv' retrieved from /home/airflow/.local/lib/python3.8/site-packages/airflow/example_dags/tutorial_taskflow_api_virtualenv.py
[2026-06-18T17:14:17.684+0000] {logging_mixin.py:188} INFO - [2026-06-18T17:14:17.684+0000] {dag.py:3036} INFO - Sync 1 DAGs
[2026-06-18T17:14:17.710+0000] {logging_mixin.py:188} INFO - [2026-06-18T17:14:17.709+0000] {dag.py:3823} INFO - Setting next_dagrun for tutorial_taskflow_api_virtualenv to None, run_after=None
[2026-06-18T17:14:17.745+0000] {processor.py:183} INFO - Processing /home/airflow/.local/lib/python3.8/site-packages/airflow/example_dags/tutorial_taskflow_api_virtualenv.py took 0.128 seconds
[2026-06-18T17:14:47.910+0000] {processor.py:161} INFO - Started process (PID=3262) to work on /home/airflow/.local/lib/python3.8/site-packages/airflow/example_dags/tutorial_taskflow_api_virtualenv.py
[2026-06-18T17:14:47.911+0000] {processor.py:830} INFO - Processing file /home/airflow/.local/lib/python3.8/site-packages/airflow/example_dags/tutorial_taskflow_api_virtualenv.py for tasks to queue
[2026-06-18T17:14:47.914+0000] {logging_mixin.py:188} INFO - [2026-06-18T17:14:47.913+0000] {dagbag.py:538} INFO - Filling up the DagBag from /home/airflow/.local/lib/python3.8/site-packages/airflow/example_dags/tutorial_taskflow_api_virtualenv.py
[2026-06-18T17:14:47.931+0000] {processor.py:840} INFO - DAG(s) 'tutorial_taskflow_api_virtualenv' retrieved from /home/airflow/.local/lib/python3.8/site-packages/airflow/example_dags/tutorial_taskflow_api_virtualenv.py
[2026-06-18T17:14:47.966+0000] {logging_mixin.py:188} INFO - [2026-06-18T17:14:47.965+0000] {dag.py:3036} INFO - Sync 1 DAGs
[2026-06-18T17:14:47.986+0000] {logging_mixin.py:188} INFO - [2026-06-18T17:14:47.986+0000] {dag.py:3823} INFO - Setting next_dagrun for tutorial_taskflow_api_virtualenv to None, run_after=None
[2026-06-18T17:14:48.017+0000] {processor.py:183} INFO - Processing /home/airflow/.local/lib/python3.8/site-packages/airflow/example_dags/tutorial_taskflow_api_virtualenv.py took 0.112 seconds
[2026-06-18T17:15:18.932+0000] {processor.py:161} INFO - Started process (PID=3337) to work on /home/airflow/.local/lib/python3.8/site-packages/airflow/example_dags/tutorial_taskflow_api_virtualenv.py
[2026-06-18T17:15:18.934+0000] {processor.py:830} INFO - Processing file /home/airflow/.local/lib/python3.8/site-packages/airflow/example_dags/tutorial_taskflow_api_virtualenv.py for tasks to queue
[2026-06-18T17:15:18.937+0000] {logging_mixin.py:188} INFO - [2026-06-18T17:15:18.937+0000] {dagbag.py:538} INFO - Filling up the DagBag from /home/airflow/.local/lib/python3.8/site-packages/airflow/example_dags/tutorial_taskflow_api_virtualenv.py
[2026-06-18T17:15:18.957+0000] {processor.py:840} INFO - DAG(s) 'tutorial_taskflow_api_virtualenv' retrieved from /home/airflow/.local/lib/python3.8/site-packages/airflow/example_dags/tutorial_taskflow_api_virtualenv.py
[2026-06-18T17:15:19.002+0000] {logging_mixin.py:188} INFO - [2026-06-18T17:15:19.001+0000] {dag.py:3036} INFO - Sync 1 DAGs
[2026-06-18T17:15:19.027+0000] {logging_mixin.py:188} INFO - [2026-06-18T17:15:19.026+0000] {dag.py:3823} INFO - Setting next_dagrun for tutorial_taskflow_api_virtualenv to None, run_after=None
[2026-06-18T17:15:19.066+0000] {processor.py:183} INFO - Processing /home/airflow/.local/lib/python3.8/site-packages/airflow/example_dags/tutorial_taskflow_api_virtualenv.py took 0.141 seconds
[2026-06-18T17:15:49.254+0000] {processor.py:161} INFO - Started process (PID=3399) to work on /home/airflow/.local/lib/python3.8/site-packages/airflow/example_dags/tutorial_taskflow_api_virtualenv.py
[2026-06-18T17:15:49.255+0000] {processor.py:830} INFO - Processing file /home/airflow/.local/lib/python3.8/site-packages/airflow/example_dags/tutorial_taskflow_api_virtualenv.py for tasks to queue
[2026-06-18T17:15:49.258+0000] {logging_mixin.py:188} INFO - [2026-06-18T17:15:49.257+0000] {dagbag.py:538} INFO - Filling up the DagBag from /home/airflow/.local/lib/python3.8/site-packages/airflow/example_dags/tutorial_taskflow_api_virtualenv.py
[2026-06-18T17:15:49.275+0000] {processor.py:840} INFO - DAG(s) 'tutorial_taskflow_api_virtualenv' retrieved from /home/airflow/.local/lib/python3.8/site-packages/airflow/example_dags/tutorial_taskflow_api_virtualenv.py
[2026-06-18T17:15:49.313+0000] {logging_mixin.py:188} INFO - [2026-06-18T17:15:49.313+0000] {dag.py:3036} INFO - Sync 1 DAGs
[2026-06-18T17:15:49.332+0000] {logging_mixin.py:188} INFO - [2026-06-18T17:15:49.332+0000] {dag.py:3823} INFO - Setting next_dagrun for tutorial_taskflow_api_virtualenv to None, run_after=None
[2026-06-18T17:15:49.362+0000] {processor.py:183} INFO - Processing /home/airflow/.local/lib/python3.8/site-packages/airflow/example_dags/tutorial_taskflow_api_virtualenv.py took 0.114 seconds
[2026-06-18T17:16:19.468+0000] {processor.py:161} INFO - Started process (PID=3465) to work on /home/airflow/.local/lib/python3.8/site-packages/airflow/example_dags/tutorial_taskflow_api_virtualenv.py
[2026-06-18T17:16:19.470+0000] {processor.py:830} INFO - Processing file /home/airflow/.local/lib/python3.8/site-packages/airflow/example_dags/tutorial_taskflow_api_virtualenv.py for tasks to queue
[2026-06-18T17:16:19.474+0000] {logging_mixin.py:188} INFO - [2026-06-18T17:16:19.474+0000] {dagbag.py:538} INFO - Filling up the DagBag from /home/airflow/.local/lib/python3.8/site-packages/airflow/example_dags/tutorial_taskflow_api_virtualenv.py
[2026-06-18T17:16:19.495+0000] {processor.py:840} INFO - DAG(s) 'tutorial_taskflow_api_virtualenv' retrieved from /home/airflow/.local/lib/python3.8/site-packages/airflow/example_dags/tutorial_taskflow_api_virtualenv.py
[2026-06-18T17:16:19.539+0000] {logging_mixin.py:188} INFO - [2026-06-18T17:16:19.539+0000] {dag.py:3036} INFO - Sync 1 DAGs
[2026-06-18T17:16:19.563+0000] {logging_mixin.py:188} INFO - [2026-06-18T17:16:19.563+0000] {dag.py:3823} INFO - Setting next_dagrun for tutorial_taskflow_api_virtualenv to None, run_after=None
[2026-06-18T17:16:19.595+0000] {processor.py:183} INFO - Processing /home/airflow/.local/lib/python3.8/site-packages/airflow/example_dags/tutorial_taskflow_api_virtualenv.py took 0.133 seconds
[2026-06-18T17:16:49.864+0000] {processor.py:161} INFO - Started process (PID=3531) to work on /home/airflow/.local/lib/python3.8/site-packages/airflow/example_dags/tutorial_taskflow_api_virtualenv.py
[2026-06-18T17:16:49.865+0000] {processor.py:830} INFO - Processing file /home/airflow/.local/lib/python3.8/site-packages/airflow/example_dags/tutorial_taskflow_api_virtualenv.py for tasks to queue
[2026-06-18T17:16:49.868+0000] {logging_mixin.py:188} INFO - [2026-06-18T17:16:49.867+0000] {dagbag.py:538} INFO - Filling up the DagBag from /home/airflow/.local/lib/python3.8/site-packages/airflow/example_dags/tutorial_taskflow_api_virtualenv.py
[2026-06-18T17:16:49.886+0000] {processor.py:840} INFO - DAG(s) 'tutorial_taskflow_api_virtualenv' retrieved from /home/airflow/.local/lib/python3.8/site-packages/airflow/example_dags/tutorial_taskflow_api_virtualenv.py
[2026-06-18T17:16:49.926+0000] {logging_mixin.py:188} INFO - [2026-06-18T17:16:49.926+0000] {dag.py:3036} INFO - Sync 1 DAGs
[2026-06-18T17:16:49.947+0000] {logging_mixin.py:188} INFO - [2026-06-18T17:16:49.947+0000] {dag.py:3823} INFO - Setting next_dagrun for tutorial_taskflow_api_virtualenv to None, run_after=None
[2026-06-18T17:16:49.983+0000] {processor.py:183} INFO - Processing /home/airflow/.local/lib/python3.8/site-packages/airflow/example_dags/tutorial_taskflow_api_virtualenv.py took 0.125 seconds
[2026-06-18T17:17:20.103+0000] {processor.py:161} INFO - Started process (PID=3598) to work on /home/airflow/.local/lib/python3.8/site-packages/airflow/example_dags/tutorial_taskflow_api_virtualenv.py
[2026-06-18T17:17:20.105+0000] {processor.py:830} INFO - Processing file /home/airflow/.local/lib/python3.8/site-packages/airflow/example_dags/tutorial_taskflow_api_virtualenv.py for tasks to queue
[2026-06-18T17:17:20.108+0000] {logging_mixin.py:188} INFO - [2026-06-18T17:17:20.107+0000] {dagbag.py:538} INFO - Filling up the DagBag from /home/airflow/.local/lib/python3.8/site-packages/airflow/example_dags/tutorial_taskflow_api_virtualenv.py
[2026-06-18T17:17:20.124+0000] {processor.py:840} INFO - DAG(s) 'tutorial_taskflow_api_virtualenv' retrieved from /home/airflow/.local/lib/python3.8/site-packages/airflow/example_dags/tutorial_taskflow_api_virtualenv.py
[2026-06-18T17:17:20.160+0000] {logging_mixin.py:188} INFO - [2026-06-18T17:17:20.160+0000] {dag.py:3036} INFO - Sync 1 DAGs
[2026-06-18T17:17:20.185+0000] {logging_mixin.py:188} INFO - [2026-06-18T17:17:20.185+0000] {dag.py:3823} INFO - Setting next_dagrun for tutorial_taskflow_api_virtualenv to None, run_after=None
[2026-06-18T17:17:20.219+0000] {processor.py:183} INFO - Processing /home/airflow/.local/lib/python3.8/site-packages/airflow/example_dags/tutorial_taskflow_api_virtualenv.py took 0.121 seconds
[2026-06-18T17:17:50.512+0000] {processor.py:161} INFO - Started process (PID=3664) to work on /home/airflow/.local/lib/python3.8/site-packages/airflow/example_dags/tutorial_taskflow_api_virtualenv.py
[2026-06-18T17:17:50.514+0000] {processor.py:830} INFO - Processing file /home/airflow/.local/lib/python3.8/site-packages/airflow/example_dags/tutorial_taskflow_api_virtualenv.py for tasks to queue
[2026-06-18T17:17:50.517+0000] {logging_mixin.py:188} INFO - [2026-06-18T17:17:50.516+0000] {dagbag.py:538} INFO - Filling up the DagBag from /home/airflow/.local/lib/python3.8/site-packages/airflow/example_dags/tutorial_taskflow_api_virtualenv.py
[2026-06-18T17:17:50.537+0000] {processor.py:840} INFO - DAG(s) 'tutorial_taskflow_api_virtualenv' retrieved from /home/airflow/.local/lib/python3.8/site-packages/airflow/example_dags/tutorial_taskflow_api_virtualenv.py
[2026-06-18T17:17:50.577+0000] {logging_mixin.py:188} INFO - [2026-06-18T17:17:50.577+0000] {dag.py:3036} INFO - Sync 1 DAGs
[2026-06-18T17:17:50.602+0000] {logging_mixin.py:188} INFO - [2026-06-18T17:17:50.602+0000] {dag.py:3823} INFO - Setting next_dagrun for tutorial_taskflow_api_virtualenv to None, run_after=None
[2026-06-18T17:17:50.636+0000] {processor.py:183} INFO - Processing /home/airflow/.local/lib/python3.8/site-packages/airflow/example_dags/tutorial_taskflow_api_virtualenv.py took 0.130 seconds
[2026-06-18T17:18:21.226+0000] {processor.py:161} INFO - Started process (PID=3731) to work on /home/airflow/.local/lib/python3.8/site-packages/airflow/example_dags/tutorial_taskflow_api_virtualenv.py
[2026-06-18T17:18:21.228+0000] {processor.py:830} INFO - Processing file /home/airflow/.local/lib/python3.8/site-packages/airflow/example_dags/tutorial_taskflow_api_virtualenv.py for tasks to queue
[2026-06-18T17:18:21.232+0000] {logging_mixin.py:188} INFO - [2026-06-18T17:18:21.231+0000] {dagbag.py:538} INFO - Filling up the DagBag from /home/airflow/.local/lib/python3.8/site-packages/airflow/example_dags/tutorial_taskflow_api_virtualenv.py
[2026-06-18T17:18:21.251+0000] {processor.py:840} INFO - DAG(s) 'tutorial_taskflow_api_virtualenv' retrieved from /home/airflow/.local/lib/python3.8/site-packages/airflow/example_dags/tutorial_taskflow_api_virtualenv.py
[2026-06-18T17:18:21.294+0000] {logging_mixin.py:188} INFO - [2026-06-18T17:18:21.294+0000] {dag.py:3036} INFO - Sync 1 DAGs
[2026-06-18T17:18:21.319+0000] {logging_mixin.py:188} INFO - [2026-06-18T17:18:21.319+0000] {dag.py:3823} INFO - Setting next_dagrun for tutorial_taskflow_api_virtualenv to None, run_after=None
[2026-06-18T17:18:21.357+0000] {processor.py:183} INFO - Processing /home/airflow/.local/lib/python3.8/site-packages/airflow/example_dags/tutorial_taskflow_api_virtualenv.py took 0.137 seconds
[2026-06-18T17:18:51.772+0000] {processor.py:161} INFO - Started process (PID=3797) to work on /home/airflow/.local/lib/python3.8/site-packages/airflow/example_dags/tutorial_taskflow_api_virtualenv.py
[2026-06-18T17:18:51.775+0000] {processor.py:830} INFO - Processing file /home/airflow/.local/lib/python3.8/site-packages/airflow/example_dags/tutorial_taskflow_api_virtualenv.py for tasks to queue
[2026-06-18T17:18:51.778+0000] {logging_mixin.py:188} INFO - [2026-06-18T17:18:51.777+0000] {dagbag.py:538} INFO - Filling up the DagBag from /home/airflow/.local/lib/python3.8/site-packages/airflow/example_dags/tutorial_taskflow_api_virtualenv.py
[2026-06-18T17:18:51.796+0000] {processor.py:840} INFO - DAG(s) 'tutorial_taskflow_api_virtualenv' retrieved from /home/airflow/.local/lib/python3.8/site-packages/airflow/example_dags/tutorial_taskflow_api_virtualenv.py
[2026-06-18T17:18:51.836+0000] {logging_mixin.py:188} INFO - [2026-06-18T17:18:51.836+0000] {dag.py:3036} INFO - Sync 1 DAGs
[2026-06-18T17:18:51.860+0000] {logging_mixin.py:188} INFO - [2026-06-18T17:18:51.860+0000] {dag.py:3823} INFO - Setting next_dagrun for tutorial_taskflow_api_virtualenv to None, run_after=None
[2026-06-18T17:18:51.894+0000] {processor.py:183} INFO - Processing /home/airflow/.local/lib/python3.8/site-packages/airflow/example_dags/tutorial_taskflow_api_virtualenv.py took 0.126 seconds
[2026-06-18T17:19:22.046+0000] {processor.py:161} INFO - Started process (PID=3863) to work on /home/airflow/.local/lib/python3.8/site-packages/airflow/example_dags/tutorial_taskflow_api_virtualenv.py
[2026-06-18T17:19:22.047+0000] {processor.py:830} INFO - Processing file /home/airflow/.local/lib/python3.8/site-packages/airflow/example_dags/tutorial_taskflow_api_virtualenv.py for tasks to queue
[2026-06-18T17:19:22.050+0000] {logging_mixin.py:188} INFO - [2026-06-18T17:19:22.049+0000] {dagbag.py:538} INFO - Filling up the DagBag from /home/airflow/.local/lib/python3.8/site-packages/airflow/example_dags/tutorial_taskflow_api_virtualenv.py
[2026-06-18T17:19:22.068+0000] {processor.py:840} INFO - DAG(s) 'tutorial_taskflow_api_virtualenv' retrieved from /home/airflow/.local/lib/python3.8/site-packages/airflow/example_dags/tutorial_taskflow_api_virtualenv.py
[2026-06-18T17:19:22.115+0000] {logging_mixin.py:188} INFO - [2026-06-18T17:19:22.115+0000] {dag.py:3036} INFO - Sync 1 DAGs
[2026-06-18T17:19:22.139+0000] {logging_mixin.py:188} INFO - [2026-06-18T17:19:22.139+0000] {dag.py:3823} INFO - Setting next_dagrun for tutorial_taskflow_api_virtualenv to None, run_after=None
[2026-06-18T17:19:22.181+0000] {processor.py:183} INFO - Processing /home/airflow/.local/lib/python3.8/site-packages/airflow/example_dags/tutorial_taskflow_api_virtualenv.py took 0.140 seconds
[2026-06-18T17:19:52.390+0000] {processor.py:161} INFO - Started process (PID=3932) to work on /home/airflow/.local/lib/python3.8/site-packages/airflow/example_dags/tutorial_taskflow_api_virtualenv.py
[2026-06-18T17:19:52.393+0000] {processor.py:830} INFO - Processing file /home/airflow/.local/lib/python3.8/site-packages/airflow/example_dags/tutorial_taskflow_api_virtualenv.py for tasks to queue
[2026-06-18T17:19:52.396+0000] {logging_mixin.py:188} INFO - [2026-06-18T17:19:52.396+0000] {dagbag.py:538} INFO - Filling up the DagBag from /home/airflow/.local/lib/python3.8/site-packages/airflow/example_dags/tutorial_taskflow_api_virtualenv.py
[2026-06-18T17:19:52.417+0000] {processor.py:840} INFO - DAG(s) 'tutorial_taskflow_api_virtualenv' retrieved from /home/airflow/.local/lib/python3.8/site-packages/airflow/example_dags/tutorial_taskflow_api_virtualenv.py
[2026-06-18T17:19:52.460+0000] {logging_mixin.py:188} INFO - [2026-06-18T17:19:52.460+0000] {dag.py:3036} INFO - Sync 1 DAGs
[2026-06-18T17:19:52.483+0000] {logging_mixin.py:188} INFO - [2026-06-18T17:19:52.482+0000] {dag.py:3823} INFO - Setting next_dagrun for tutorial_taskflow_api_virtualenv to None, run_after=None
[2026-06-18T17:19:52.515+0000] {processor.py:183} INFO - Processing /home/airflow/.local/lib/python3.8/site-packages/airflow/example_dags/tutorial_taskflow_api_virtualenv.py took 0.131 seconds
[2026-06-18T17:20:22.800+0000] {processor.py:161} INFO - Started process (PID=3998) to work on /home/airflow/.local/lib/python3.8/site-packages/airflow/example_dags/tutorial_taskflow_api_virtualenv.py
[2026-06-18T17:20:22.801+0000] {processor.py:830} INFO - Processing file /home/airflow/.local/lib/python3.8/site-packages/airflow/example_dags/tutorial_taskflow_api_virtualenv.py for tasks to queue
[2026-06-18T17:20:22.804+0000] {logging_mixin.py:188} INFO - [2026-06-18T17:20:22.803+0000] {dagbag.py:538} INFO - Filling up the DagBag from /home/airflow/.local/lib/python3.8/site-packages/airflow/example_dags/tutorial_taskflow_api_virtualenv.py
[2026-06-18T17:20:22.821+0000] {processor.py:840} INFO - DAG(s) 'tutorial_taskflow_api_virtualenv' retrieved from /home/airflow/.local/lib/python3.8/site-packages/airflow/example_dags/tutorial_taskflow_api_virtualenv.py
[2026-06-18T17:20:22.859+0000] {logging_mixin.py:188} INFO - [2026-06-18T17:20:22.859+0000] {dag.py:3036} INFO - Sync 1 DAGs
[2026-06-18T17:20:22.879+0000] {logging_mixin.py:188} INFO - [2026-06-18T17:20:22.879+0000] {dag.py:3823} INFO - Setting next_dagrun for tutorial_taskflow_api_virtualenv to None, run_after=None
[2026-06-18T17:20:22.910+0000] {processor.py:183} INFO - Processing /home/airflow/.local/lib/python3.8/site-packages/airflow/example_dags/tutorial_taskflow_api_virtualenv.py took 0.116 seconds
[2026-06-18T17:20:53.088+0000] {processor.py:161} INFO - Started process (PID=4065) to work on /home/airflow/.local/lib/python3.8/site-packages/airflow/example_dags/tutorial_taskflow_api_virtualenv.py
[2026-06-18T17:20:53.090+0000] {processor.py:830} INFO - Processing file /home/airflow/.local/lib/python3.8/site-packages/airflow/example_dags/tutorial_taskflow_api_virtualenv.py for tasks to queue
[2026-06-18T17:20:53.093+0000] {logging_mixin.py:188} INFO - [2026-06-18T17:20:53.092+0000] {dagbag.py:538} INFO - Filling up the DagBag from /home/airflow/.local/lib/python3.8/site-packages/airflow/example_dags/tutorial_taskflow_api_virtualenv.py
[2026-06-18T17:20:53.111+0000] {processor.py:840} INFO - DAG(s) 'tutorial_taskflow_api_virtualenv' retrieved from /home/airflow/.local/lib/python3.8/site-packages/airflow/example_dags/tutorial_taskflow_api_virtualenv.py
[2026-06-18T17:20:53.153+0000] {logging_mixin.py:188} INFO - [2026-06-18T17:20:53.152+0000] {dag.py:3036} INFO - Sync 1 DAGs
[2026-06-18T17:20:53.177+0000] {logging_mixin.py:188} INFO - [2026-06-18T17:20:53.176+0000] {dag.py:3823} INFO - Setting next_dagrun for tutorial_taskflow_api_virtualenv to None, run_after=None
[2026-06-18T17:20:53.212+0000] {processor.py:183} INFO - Processing /home/airflow/.local/lib/python3.8/site-packages/airflow/example_dags/tutorial_taskflow_api_virtualenv.py took 0.129 seconds
[2026-06-18T17:21:23.832+0000] {processor.py:161} INFO - Started process (PID=4139) to work on /home/airflow/.local/lib/python3.8/site-packages/airflow/example_dags/tutorial_taskflow_api_virtualenv.py
[2026-06-18T17:21:23.833+0000] {processor.py:830} INFO - Processing file /home/airflow/.local/lib/python3.8/site-packages/airflow/example_dags/tutorial_taskflow_api_virtualenv.py for tasks to queue
[2026-06-18T17:21:23.836+0000] {logging_mixin.py:188} INFO - [2026-06-18T17:21:23.836+0000] {dagbag.py:538} INFO - Filling up the DagBag from /home/airflow/.local/lib/python3.8/site-packages/airflow/example_dags/tutorial_taskflow_api_virtualenv.py
[2026-06-18T17:21:23.855+0000] {processor.py:840} INFO - DAG(s) 'tutorial_taskflow_api_virtualenv' retrieved from /home/airflow/.local/lib/python3.8/site-packages/airflow/example_dags/tutorial_taskflow_api_virtualenv.py
[2026-06-18T17:21:23.900+0000] {logging_mixin.py:188} INFO - [2026-06-18T17:21:23.900+0000] {dag.py:3036} INFO - Sync 1 DAGs
[2026-06-18T17:21:23.925+0000] {logging_mixin.py:188} INFO - [2026-06-18T17:21:23.924+0000] {dag.py:3823} INFO - Setting next_dagrun for tutorial_taskflow_api_virtualenv to None, run_after=None
[2026-06-18T17:21:23.960+0000] {processor.py:183} INFO - Processing /home/airflow/.local/lib/python3.8/site-packages/airflow/example_dags/tutorial_taskflow_api_virtualenv.py took 0.134 seconds
[2026-06-18T17:21:54.222+0000] {processor.py:161} INFO - Started process (PID=4205) to work on /home/airflow/.local/lib/python3.8/site-packages/airflow/example_dags/tutorial_taskflow_api_virtualenv.py
[2026-06-18T17:21:54.224+0000] {processor.py:830} INFO - Processing file /home/airflow/.local/lib/python3.8/site-packages/airflow/example_dags/tutorial_taskflow_api_virtualenv.py for tasks to queue
[2026-06-18T17:21:54.228+0000] {logging_mixin.py:188} INFO - [2026-06-18T17:21:54.227+0000] {dagbag.py:538} INFO - Filling up the DagBag from /home/airflow/.local/lib/python3.8/site-packages/airflow/example_dags/tutorial_taskflow_api_virtualenv.py
[2026-06-18T17:21:54.248+0000] {processor.py:840} INFO - DAG(s) 'tutorial_taskflow_api_virtualenv' retrieved from /home/airflow/.local/lib/python3.8/site-packages/airflow/example_dags/tutorial_taskflow_api_virtualenv.py
[2026-06-18T17:21:54.294+0000] {logging_mixin.py:188} INFO - [2026-06-18T17:21:54.293+0000] {dag.py:3036} INFO - Sync 1 DAGs
[2026-06-18T17:21:54.319+0000] {logging_mixin.py:188} INFO - [2026-06-18T17:21:54.319+0000] {dag.py:3823} INFO - Setting next_dagrun for tutorial_taskflow_api_virtualenv to None, run_after=None
[2026-06-18T17:21:54.351+0000] {processor.py:183} INFO - Processing /home/airflow/.local/lib/python3.8/site-packages/airflow/example_dags/tutorial_taskflow_api_virtualenv.py took 0.137 seconds
[2026-06-18T17:22:24.607+0000] {processor.py:161} INFO - Started process (PID=4271) to work on /home/airflow/.local/lib/python3.8/site-packages/airflow/example_dags/tutorial_taskflow_api_virtualenv.py
[2026-06-18T17:22:24.609+0000] {processor.py:830} INFO - Processing file /home/airflow/.local/lib/python3.8/site-packages/airflow/example_dags/tutorial_taskflow_api_virtualenv.py for tasks to queue
[2026-06-18T17:22:24.612+0000] {logging_mixin.py:188} INFO - [2026-06-18T17:22:24.611+0000] {dagbag.py:538} INFO - Filling up the DagBag from /home/airflow/.local/lib/python3.8/site-packages/airflow/example_dags/tutorial_taskflow_api_virtualenv.py
[2026-06-18T17:22:24.633+0000] {processor.py:840} INFO - DAG(s) 'tutorial_taskflow_api_virtualenv' retrieved from /home/airflow/.local/lib/python3.8/site-packages/airflow/example_dags/tutorial_taskflow_api_virtualenv.py
[2026-06-18T17:22:24.675+0000] {logging_mixin.py:188} INFO - [2026-06-18T17:22:24.674+0000] {dag.py:3036} INFO - Sync 1 DAGs
[2026-06-18T17:22:24.701+0000] {logging_mixin.py:188} INFO - [2026-06-18T17:22:24.700+0000] {dag.py:3823} INFO - Setting next_dagrun for tutorial_taskflow_api_virtualenv to None, run_after=None
[2026-06-18T17:22:24.735+0000] {processor.py:183} INFO - Processing /home/airflow/.local/lib/python3.8/site-packages/airflow/example_dags/tutorial_taskflow_api_virtualenv.py took 0.135 seconds
[2026-06-18T17:22:55.218+0000] {processor.py:161} INFO - Started process (PID=4338) to work on /home/airflow/.local/lib/python3.8/site-packages/airflow/example_dags/tutorial_taskflow_api_virtualenv.py
[2026-06-18T17:22:55.220+0000] {processor.py:830} INFO - Processing file /home/airflow/.local/lib/python3.8/site-packages/airflow/example_dags/tutorial_taskflow_api_virtualenv.py for tasks to queue
[2026-06-18T17:22:55.224+0000] {logging_mixin.py:188} INFO - [2026-06-18T17:22:55.223+0000] {dagbag.py:538} INFO - Filling up the DagBag from /home/airflow/.local/lib/python3.8/site-packages/airflow/example_dags/tutorial_taskflow_api_virtualenv.py
[2026-06-18T17:22:55.261+0000] {processor.py:840} INFO - DAG(s) 'tutorial_taskflow_api_virtualenv' retrieved from /home/airflow/.local/lib/python3.8/site-packages/airflow/example_dags/tutorial_taskflow_api_virtualenv.py
[2026-06-18T17:22:55.321+0000] {logging_mixin.py:188} INFO - [2026-06-18T17:22:55.321+0000] {dag.py:3036} INFO - Sync 1 DAGs
[2026-06-18T17:22:55.352+0000] {logging_mixin.py:188} INFO - [2026-06-18T17:22:55.351+0000] {dag.py:3823} INFO - Setting next_dagrun for tutorial_taskflow_api_virtualenv to None, run_after=None
[2026-06-18T17:22:55.419+0000] {processor.py:183} INFO - Processing /home/airflow/.local/lib/python3.8/site-packages/airflow/example_dags/tutorial_taskflow_api_virtualenv.py took 0.208 seconds
[2026-06-18T17:23:25.804+0000] {processor.py:161} INFO - Started process (PID=4403) to work on /home/airflow/.local/lib/python3.8/site-packages/airflow/example_dags/tutorial_taskflow_api_virtualenv.py
[2026-06-18T17:23:25.806+0000] {processor.py:830} INFO - Processing file /home/airflow/.local/lib/python3.8/site-packages/airflow/example_dags/tutorial_taskflow_api_virtualenv.py for tasks to queue
[2026-06-18T17:23:25.809+0000] {logging_mixin.py:188} INFO - [2026-06-18T17:23:25.809+0000] {dagbag.py:538} INFO - Filling up the DagBag from /home/airflow/.local/lib/python3.8/site-packages/airflow/example_dags/tutorial_taskflow_api_virtualenv.py
[2026-06-18T17:23:25.826+0000] {processor.py:840} INFO - DAG(s) 'tutorial_taskflow_api_virtualenv' retrieved from /home/airflow/.local/lib/python3.8/site-packages/airflow/example_dags/tutorial_taskflow_api_virtualenv.py
[2026-06-18T17:23:25.859+0000] {logging_mixin.py:188} INFO - [2026-06-18T17:23:25.859+0000] {dag.py:3036} INFO - Sync 1 DAGs
[2026-06-18T17:23:25.879+0000] {logging_mixin.py:188} INFO - [2026-06-18T17:23:25.878+0000] {dag.py:3823} INFO - Setting next_dagrun for tutorial_taskflow_api_virtualenv to None, run_after=None
[2026-06-18T17:23:25.910+0000] {processor.py:183} INFO - Processing /home/airflow/.local/lib/python3.8/site-packages/airflow/example_dags/tutorial_taskflow_api_virtualenv.py took 0.110 seconds
[2026-06-18T17:23:56.084+0000] {processor.py:161} INFO - Started process (PID=4468) to work on /home/airflow/.local/lib/python3.8/site-packages/airflow/example_dags/tutorial_taskflow_api_virtualenv.py
[2026-06-18T17:23:56.085+0000] {processor.py:830} INFO - Processing file /home/airflow/.local/lib/python3.8/site-packages/airflow/example_dags/tutorial_taskflow_api_virtualenv.py for tasks to queue
[2026-06-18T17:23:56.088+0000] {logging_mixin.py:188} INFO - [2026-06-18T17:23:56.087+0000] {dagbag.py:538} INFO - Filling up the DagBag from /home/airflow/.local/lib/python3.8/site-packages/airflow/example_dags/tutorial_taskflow_api_virtualenv.py
[2026-06-18T17:23:56.108+0000] {processor.py:840} INFO - DAG(s) 'tutorial_taskflow_api_virtualenv' retrieved from /home/airflow/.local/lib/python3.8/site-packages/airflow/example_dags/tutorial_taskflow_api_virtualenv.py
[2026-06-18T17:23:56.145+0000] {logging_mixin.py:188} INFO - [2026-06-18T17:23:56.145+0000] {dag.py:3036} INFO - Sync 1 DAGs
[2026-06-18T17:23:56.164+0000] {logging_mixin.py:188} INFO - [2026-06-18T17:23:56.164+0000] {dag.py:3823} INFO - Setting next_dagrun for tutorial_taskflow_api_virtualenv to None, run_after=None
[2026-06-18T17:23:56.193+0000] {processor.py:183} INFO - Processing /home/airflow/.local/lib/python3.8/site-packages/airflow/example_dags/tutorial_taskflow_api_virtualenv.py took 0.114 seconds
[2026-06-18T17:24:26.357+0000] {processor.py:161} INFO - Started process (PID=4534) to work on /home/airflow/.local/lib/python3.8/site-packages/airflow/example_dags/tutorial_taskflow_api_virtualenv.py
[2026-06-18T17:24:26.359+0000] {processor.py:830} INFO - Processing file /home/airflow/.local/lib/python3.8/site-packages/airflow/example_dags/tutorial_taskflow_api_virtualenv.py for tasks to queue
[2026-06-18T17:24:26.362+0000] {logging_mixin.py:188} INFO - [2026-06-18T17:24:26.362+0000] {dagbag.py:538} INFO - Filling up the DagBag from /home/airflow/.local/lib/python3.8/site-packages/airflow/example_dags/tutorial_taskflow_api_virtualenv.py
[2026-06-18T17:24:26.383+0000] {processor.py:840} INFO - DAG(s) 'tutorial_taskflow_api_virtualenv' retrieved from /home/airflow/.local/lib/python3.8/site-packages/airflow/example_dags/tutorial_taskflow_api_virtualenv.py
[2026-06-18T17:24:26.434+0000] {logging_mixin.py:188} INFO - [2026-06-18T17:24:26.434+0000] {dag.py:3036} INFO - Sync 1 DAGs
[2026-06-18T17:24:26.464+0000] {logging_mixin.py:188} INFO - [2026-06-18T17:24:26.463+0000] {dag.py:3823} INFO - Setting next_dagrun for tutorial_taskflow_api_virtualenv to None, run_after=None
[2026-06-18T17:24:26.499+0000] {processor.py:183} INFO - Processing /home/airflow/.local/lib/python3.8/site-packages/airflow/example_dags/tutorial_taskflow_api_virtualenv.py took 0.148 seconds
[2026-06-18T17:24:57.011+0000] {processor.py:161} INFO - Started process (PID=4601) to work on /home/airflow/.local/lib/python3.8/site-packages/airflow/example_dags/tutorial_taskflow_api_virtualenv.py
[2026-06-18T17:24:57.013+0000] {processor.py:830} INFO - Processing file /home/airflow/.local/lib/python3.8/site-packages/airflow/example_dags/tutorial_taskflow_api_virtualenv.py for tasks to queue
[2026-06-18T17:24:57.016+0000] {logging_mixin.py:188} INFO - [2026-06-18T17:24:57.015+0000] {dagbag.py:538} INFO - Filling up the DagBag from /home/airflow/.local/lib/python3.8/site-packages/airflow/example_dags/tutorial_taskflow_api_virtualenv.py
[2026-06-18T17:24:57.034+0000] {processor.py:840} INFO - DAG(s) 'tutorial_taskflow_api_virtualenv' retrieved from /home/airflow/.local/lib/python3.8/site-packages/airflow/example_dags/tutorial_taskflow_api_virtualenv.py
[2026-06-18T17:24:57.075+0000] {logging_mixin.py:188} INFO - [2026-06-18T17:24:57.075+0000] {dag.py:3036} INFO - Sync 1 DAGs
[2026-06-18T17:24:57.097+0000] {logging_mixin.py:188} INFO - [2026-06-18T17:24:57.097+0000] {dag.py:3823} INFO - Setting next_dagrun for tutorial_taskflow_api_virtualenv to None, run_after=None
[2026-06-18T17:24:57.132+0000] {processor.py:183} INFO - Processing /home/airflow/.local/lib/python3.8/site-packages/airflow/example_dags/tutorial_taskflow_api_virtualenv.py took 0.127 seconds
[2026-06-18T17:25:27.335+0000] {processor.py:161} INFO - Started process (PID=4667) to work on /home/airflow/.local/lib/python3.8/site-packages/airflow/example_dags/tutorial_taskflow_api_virtualenv.py
[2026-06-18T17:25:27.336+0000] {processor.py:830} INFO - Processing file /home/airflow/.local/lib/python3.8/site-packages/airflow/example_dags/tutorial_taskflow_api_virtualenv.py for tasks to queue
[2026-06-18T17:25:27.339+0000] {logging_mixin.py:188} INFO - [2026-06-18T17:25:27.339+0000] {dagbag.py:538} INFO - Filling up the DagBag from /home/airflow/.local/lib/python3.8/site-packages/airflow/example_dags/tutorial_taskflow_api_virtualenv.py
[2026-06-18T17:25:27.357+0000] {processor.py:840} INFO - DAG(s) 'tutorial_taskflow_api_virtualenv' retrieved from /home/airflow/.local/lib/python3.8/site-packages/airflow/example_dags/tutorial_taskflow_api_virtualenv.py
[2026-06-18T17:25:27.398+0000] {logging_mixin.py:188} INFO - [2026-06-18T17:25:27.398+0000] {dag.py:3036} INFO - Sync 1 DAGs
[2026-06-18T17:25:27.423+0000] {logging_mixin.py:188} INFO - [2026-06-18T17:25:27.423+0000] {dag.py:3823} INFO - Setting next_dagrun for tutorial_taskflow_api_virtualenv to None, run_after=None
[2026-06-18T17:25:27.456+0000] {processor.py:183} INFO - Processing /home/airflow/.local/lib/python3.8/site-packages/airflow/example_dags/tutorial_taskflow_api_virtualenv.py took 0.126 seconds
[2026-06-18T17:25:57.736+0000] {processor.py:161} INFO - Started process (PID=4733) to work on /home/airflow/.local/lib/python3.8/site-packages/airflow/example_dags/tutorial_taskflow_api_virtualenv.py
[2026-06-18T17:25:57.738+0000] {processor.py:830} INFO - Processing file /home/airflow/.local/lib/python3.8/site-packages/airflow/example_dags/tutorial_taskflow_api_virtualenv.py for tasks to queue
[2026-06-18T17:25:57.741+0000] {logging_mixin.py:188} INFO - [2026-06-18T17:25:57.740+0000] {dagbag.py:538} INFO - Filling up the DagBag from /home/airflow/.local/lib/python3.8/site-packages/airflow/example_dags/tutorial_taskflow_api_virtualenv.py
[2026-06-18T17:25:57.760+0000] {processor.py:840} INFO - DAG(s) 'tutorial_taskflow_api_virtualenv' retrieved from /home/airflow/.local/lib/python3.8/site-packages/airflow/example_dags/tutorial_taskflow_api_virtualenv.py
[2026-06-18T17:25:57.797+0000] {logging_mixin.py:188} INFO - [2026-06-18T17:25:57.796+0000] {dag.py:3036} INFO - Sync 1 DAGs
[2026-06-18T17:25:57.817+0000] {logging_mixin.py:188} INFO - [2026-06-18T17:25:57.817+0000] {dag.py:3823} INFO - Setting next_dagrun for tutorial_taskflow_api_virtualenv to None, run_after=None
[2026-06-18T17:25:57.848+0000] {processor.py:183} INFO - Processing /home/airflow/.local/lib/python3.8/site-packages/airflow/example_dags/tutorial_taskflow_api_virtualenv.py took 0.118 seconds
[2026-06-18T17:26:28.079+0000] {processor.py:161} INFO - Started process (PID=4800) to work on /home/airflow/.local/lib/python3.8/site-packages/airflow/example_dags/tutorial_taskflow_api_virtualenv.py
[2026-06-18T17:26:28.080+0000] {processor.py:830} INFO - Processing file /home/airflow/.local/lib/python3.8/site-packages/airflow/example_dags/tutorial_taskflow_api_virtualenv.py for tasks to queue
[2026-06-18T17:26:28.083+0000] {logging_mixin.py:188} INFO - [2026-06-18T17:26:28.083+0000] {dagbag.py:538} INFO - Filling up the DagBag from /home/airflow/.local/lib/python3.8/site-packages/airflow/example_dags/tutorial_taskflow_api_virtualenv.py
[2026-06-18T17:26:28.103+0000] {processor.py:840} INFO - DAG(s) 'tutorial_taskflow_api_virtualenv' retrieved from /home/airflow/.local/lib/python3.8/site-packages/airflow/example_dags/tutorial_taskflow_api_virtualenv.py
[2026-06-18T17:26:28.141+0000] {logging_mixin.py:188} INFO - [2026-06-18T17:26:28.140+0000] {dag.py:3036} INFO - Sync 1 DAGs
[2026-06-18T17:26:28.160+0000] {logging_mixin.py:188} INFO - [2026-06-18T17:26:28.159+0000] {dag.py:3823} INFO - Setting next_dagrun for tutorial_taskflow_api_virtualenv to None, run_after=None
[2026-06-18T17:26:28.186+0000] {processor.py:183} INFO - Processing /home/airflow/.local/lib/python3.8/site-packages/airflow/example_dags/tutorial_taskflow_api_virtualenv.py took 0.113 seconds
[2026-06-18T17:26:58.857+0000] {processor.py:161} INFO - Started process (PID=4866) to work on /home/airflow/.local/lib/python3.8/site-packages/airflow/example_dags/tutorial_taskflow_api_virtualenv.py
[2026-06-18T17:26:58.859+0000] {processor.py:830} INFO - Processing file /home/airflow/.local/lib/python3.8/site-packages/airflow/example_dags/tutorial_taskflow_api_virtualenv.py for tasks to queue
[2026-06-18T17:26:58.863+0000] {logging_mixin.py:188} INFO - [2026-06-18T17:26:58.862+0000] {dagbag.py:538} INFO - Filling up the DagBag from /home/airflow/.local/lib/python3.8/site-packages/airflow/example_dags/tutorial_taskflow_api_virtualenv.py
[2026-06-18T17:26:58.882+0000] {processor.py:840} INFO - DAG(s) 'tutorial_taskflow_api_virtualenv' retrieved from /home/airflow/.local/lib/python3.8/site-packages/airflow/example_dags/tutorial_taskflow_api_virtualenv.py
[2026-06-18T17:26:58.920+0000] {logging_mixin.py:188} INFO - [2026-06-18T17:26:58.920+0000] {dag.py:3036} INFO - Sync 1 DAGs
[2026-06-18T17:26:58.941+0000] {logging_mixin.py:188} INFO - [2026-06-18T17:26:58.940+0000] {dag.py:3823} INFO - Setting next_dagrun for tutorial_taskflow_api_virtualenv to None, run_after=None
[2026-06-18T17:26:58.972+0000] {processor.py:183} INFO - Processing /home/airflow/.local/lib/python3.8/site-packages/airflow/example_dags/tutorial_taskflow_api_virtualenv.py took 0.122 seconds
[2026-06-18T17:27:29.303+0000] {processor.py:161} INFO - Started process (PID=4932) to work on /home/airflow/.local/lib/python3.8/site-packages/airflow/example_dags/tutorial_taskflow_api_virtualenv.py
[2026-06-18T17:27:29.304+0000] {processor.py:830} INFO - Processing file /home/airflow/.local/lib/python3.8/site-packages/airflow/example_dags/tutorial_taskflow_api_virtualenv.py for tasks to queue
[2026-06-18T17:27:29.307+0000] {logging_mixin.py:188} INFO - [2026-06-18T17:27:29.307+0000] {dagbag.py:538} INFO - Filling up the DagBag from /home/airflow/.local/lib/python3.8/site-packages/airflow/example_dags/tutorial_taskflow_api_virtualenv.py
[2026-06-18T17:27:29.325+0000] {processor.py:840} INFO - DAG(s) 'tutorial_taskflow_api_virtualenv' retrieved from /home/airflow/.local/lib/python3.8/site-packages/airflow/example_dags/tutorial_taskflow_api_virtualenv.py
[2026-06-18T17:27:29.370+0000] {logging_mixin.py:188} INFO - [2026-06-18T17:27:29.370+0000] {dag.py:3036} INFO - Sync 1 DAGs
[2026-06-18T17:27:29.394+0000] {logging_mixin.py:188} INFO - [2026-06-18T17:27:29.394+0000] {dag.py:3823} INFO - Setting next_dagrun for tutorial_taskflow_api_virtualenv to None, run_after=None
[2026-06-18T17:27:29.444+0000] {processor.py:183} INFO - Processing /home/airflow/.local/lib/python3.8/site-packages/airflow/example_dags/tutorial_taskflow_api_virtualenv.py took 0.146 seconds
[2026-06-18T17:28:00.473+0000] {processor.py:161} INFO - Started process (PID=5008) to work on /home/airflow/.local/lib/python3.8/site-packages/airflow/example_dags/tutorial_taskflow_api_virtualenv.py
[2026-06-18T17:28:00.475+0000] {processor.py:830} INFO - Processing file /home/airflow/.local/lib/python3.8/site-packages/airflow/example_dags/tutorial_taskflow_api_virtualenv.py for tasks to queue
[2026-06-18T17:28:00.478+0000] {logging_mixin.py:188} INFO - [2026-06-18T17:28:00.478+0000] {dagbag.py:538} INFO - Filling up the DagBag from /home/airflow/.local/lib/python3.8/site-packages/airflow/example_dags/tutorial_taskflow_api_virtualenv.py
[2026-06-18T17:28:00.496+0000] {processor.py:840} INFO - DAG(s) 'tutorial_taskflow_api_virtualenv' retrieved from /home/airflow/.local/lib/python3.8/site-packages/airflow/example_dags/tutorial_taskflow_api_virtualenv.py
[2026-06-18T17:28:00.536+0000] {logging_mixin.py:188} INFO - [2026-06-18T17:28:00.536+0000] {dag.py:3036} INFO - Sync 1 DAGs
[2026-06-18T17:28:00.562+0000] {logging_mixin.py:188} INFO - [2026-06-18T17:28:00.562+0000] {dag.py:3823} INFO - Setting next_dagrun for tutorial_taskflow_api_virtualenv to None, run_after=None
[2026-06-18T17:28:00.600+0000] {processor.py:183} INFO - Processing /home/airflow/.local/lib/python3.8/site-packages/airflow/example_dags/tutorial_taskflow_api_virtualenv.py took 0.134 seconds
[2026-06-18T17:28:31.011+0000] {processor.py:161} INFO - Started process (PID=5073) to work on /home/airflow/.local/lib/python3.8/site-packages/airflow/example_dags/tutorial_taskflow_api_virtualenv.py
[2026-06-18T17:28:31.015+0000] {processor.py:830} INFO - Processing file /home/airflow/.local/lib/python3.8/site-packages/airflow/example_dags/tutorial_taskflow_api_virtualenv.py for tasks to queue
[2026-06-18T17:28:31.022+0000] {logging_mixin.py:188} INFO - [2026-06-18T17:28:31.020+0000] {dagbag.py:538} INFO - Filling up the DagBag from /home/airflow/.local/lib/python3.8/site-packages/airflow/example_dags/tutorial_taskflow_api_virtualenv.py
[2026-06-18T17:28:31.044+0000] {processor.py:840} INFO - DAG(s) 'tutorial_taskflow_api_virtualenv' retrieved from /home/airflow/.local/lib/python3.8/site-packages/airflow/example_dags/tutorial_taskflow_api_virtualenv.py
[2026-06-18T17:28:31.090+0000] {logging_mixin.py:188} INFO - [2026-06-18T17:28:31.090+0000] {dag.py:3036} INFO - Sync 1 DAGs
[2026-06-18T17:28:31.117+0000] {logging_mixin.py:188} INFO - [2026-06-18T17:28:31.116+0000] {dag.py:3823} INFO - Setting next_dagrun for tutorial_taskflow_api_virtualenv to None, run_after=None
[2026-06-18T17:28:31.159+0000] {processor.py:183} INFO - Processing /home/airflow/.local/lib/python3.8/site-packages/airflow/example_dags/tutorial_taskflow_api_virtualenv.py took 0.158 seconds
[2026-06-18T17:29:01.203+0000] {processor.py:161} INFO - Started process (PID=5139) to work on /home/airflow/.local/lib/python3.8/site-packages/airflow/example_dags/tutorial_taskflow_api_virtualenv.py
[2026-06-18T17:29:01.205+0000] {processor.py:830} INFO - Processing file /home/airflow/.local/lib/python3.8/site-packages/airflow/example_dags/tutorial_taskflow_api_virtualenv.py for tasks to queue
[2026-06-18T17:29:01.208+0000] {logging_mixin.py:188} INFO - [2026-06-18T17:29:01.208+0000] {dagbag.py:538} INFO - Filling up the DagBag from /home/airflow/.local/lib/python3.8/site-packages/airflow/example_dags/tutorial_taskflow_api_virtualenv.py
[2026-06-18T17:29:01.229+0000] {processor.py:840} INFO - DAG(s) 'tutorial_taskflow_api_virtualenv' retrieved from /home/airflow/.local/lib/python3.8/site-packages/airflow/example_dags/tutorial_taskflow_api_virtualenv.py
[2026-06-18T17:29:01.274+0000] {logging_mixin.py:188} INFO - [2026-06-18T17:29:01.274+0000] {dag.py:3036} INFO - Sync 1 DAGs
[2026-06-18T17:29:01.299+0000] {logging_mixin.py:188} INFO - [2026-06-18T17:29:01.298+0000] {dag.py:3823} INFO - Setting next_dagrun for tutorial_taskflow_api_virtualenv to None, run_after=None
[2026-06-18T17:29:01.335+0000] {processor.py:183} INFO - Processing /home/airflow/.local/lib/python3.8/site-packages/airflow/example_dags/tutorial_taskflow_api_virtualenv.py took 0.140 seconds
[2026-06-18T17:29:31.666+0000] {processor.py:161} INFO - Started process (PID=5203) to work on /home/airflow/.local/lib/python3.8/site-packages/airflow/example_dags/tutorial_taskflow_api_virtualenv.py
[2026-06-18T17:29:31.668+0000] {processor.py:830} INFO - Processing file /home/airflow/.local/lib/python3.8/site-packages/airflow/example_dags/tutorial_taskflow_api_virtualenv.py for tasks to queue
[2026-06-18T17:29:31.671+0000] {logging_mixin.py:188} INFO - [2026-06-18T17:29:31.670+0000] {dagbag.py:538} INFO - Filling up the DagBag from /home/airflow/.local/lib/python3.8/site-packages/airflow/example_dags/tutorial_taskflow_api_virtualenv.py
[2026-06-18T17:29:31.689+0000] {processor.py:840} INFO - DAG(s) 'tutorial_taskflow_api_virtualenv' retrieved from /home/airflow/.local/lib/python3.8/site-packages/airflow/example_dags/tutorial_taskflow_api_virtualenv.py
[2026-06-18T17:29:31.724+0000] {logging_mixin.py:188} INFO - [2026-06-18T17:29:31.723+0000] {dag.py:3036} INFO - Sync 1 DAGs
[2026-06-18T17:29:31.743+0000] {logging_mixin.py:188} INFO - [2026-06-18T17:29:31.743+0000] {dag.py:3823} INFO - Setting next_dagrun for tutorial_taskflow_api_virtualenv to None, run_after=None
[2026-06-18T17:29:31.771+0000] {processor.py:183} INFO - Processing /home/airflow/.local/lib/python3.8/site-packages/airflow/example_dags/tutorial_taskflow_api_virtualenv.py took 0.110 seconds
[2026-06-18T17:30:02.177+0000] {processor.py:161} INFO - Started process (PID=5267) to work on /home/airflow/.local/lib/python3.8/site-packages/airflow/example_dags/tutorial_taskflow_api_virtualenv.py
[2026-06-18T17:30:02.179+0000] {processor.py:830} INFO - Processing file /home/airflow/.local/lib/python3.8/site-packages/airflow/example_dags/tutorial_taskflow_api_virtualenv.py for tasks to queue
[2026-06-18T17:30:02.182+0000] {logging_mixin.py:188} INFO - [2026-06-18T17:30:02.182+0000] {dagbag.py:538} INFO - Filling up the DagBag from /home/airflow/.local/lib/python3.8/site-packages/airflow/example_dags/tutorial_taskflow_api_virtualenv.py
[2026-06-18T17:30:02.204+0000] {processor.py:840} INFO - DAG(s) 'tutorial_taskflow_api_virtualenv' retrieved from /home/airflow/.local/lib/python3.8/site-packages/airflow/example_dags/tutorial_taskflow_api_virtualenv.py
[2026-06-18T17:30:02.249+0000] {logging_mixin.py:188} INFO - [2026-06-18T17:30:02.249+0000] {dag.py:3036} INFO - Sync 1 DAGs
[2026-06-18T17:30:02.274+0000] {logging_mixin.py:188} INFO - [2026-06-18T17:30:02.274+0000] {dag.py:3823} INFO - Setting next_dagrun for tutorial_taskflow_api_virtualenv to None, run_after=None
[2026-06-18T17:30:02.311+0000] {processor.py:183} INFO - Processing /home/airflow/.local/lib/python3.8/site-packages/airflow/example_dags/tutorial_taskflow_api_virtualenv.py took 0.141 seconds
[2026-06-18T17:30:32.865+0000] {processor.py:161} INFO - Started process (PID=5333) to work on /home/airflow/.local/lib/python3.8/site-packages/airflow/example_dags/tutorial_taskflow_api_virtualenv.py
[2026-06-18T17:30:32.866+0000] {processor.py:830} INFO - Processing file /home/airflow/.local/lib/python3.8/site-packages/airflow/example_dags/tutorial_taskflow_api_virtualenv.py for tasks to queue
[2026-06-18T17:30:32.869+0000] {logging_mixin.py:188} INFO - [2026-06-18T17:30:32.869+0000] {dagbag.py:538} INFO - Filling up the DagBag from /home/airflow/.local/lib/python3.8/site-packages/airflow/example_dags/tutorial_taskflow_api_virtualenv.py
[2026-06-18T17:30:32.888+0000] {processor.py:840} INFO - DAG(s) 'tutorial_taskflow_api_virtualenv' retrieved from /home/airflow/.local/lib/python3.8/site-packages/airflow/example_dags/tutorial_taskflow_api_virtualenv.py
[2026-06-18T17:30:32.933+0000] {logging_mixin.py:188} INFO - [2026-06-18T17:30:32.933+0000] {dag.py:3036} INFO - Sync 1 DAGs
[2026-06-18T17:30:32.963+0000] {logging_mixin.py:188} INFO - [2026-06-18T17:30:32.963+0000] {dag.py:3823} INFO - Setting next_dagrun for tutorial_taskflow_api_virtualenv to None, run_after=None
[2026-06-18T17:30:33.013+0000] {processor.py:183} INFO - Processing /home/airflow/.local/lib/python3.8/site-packages/airflow/example_dags/tutorial_taskflow_api_virtualenv.py took 0.155 seconds
[2026-06-18T17:31:03.461+0000] {processor.py:161} INFO - Started process (PID=5399) to work on /home/airflow/.local/lib/python3.8/site-packages/airflow/example_dags/tutorial_taskflow_api_virtualenv.py
[2026-06-18T17:31:03.463+0000] {processor.py:830} INFO - Processing file /home/airflow/.local/lib/python3.8/site-packages/airflow/example_dags/tutorial_taskflow_api_virtualenv.py for tasks to queue
[2026-06-18T17:31:03.465+0000] {logging_mixin.py:188} INFO - [2026-06-18T17:31:03.465+0000] {dagbag.py:538} INFO - Filling up the DagBag from /home/airflow/.local/lib/python3.8/site-packages/airflow/example_dags/tutorial_taskflow_api_virtualenv.py
[2026-06-18T17:31:03.482+0000] {processor.py:840} INFO - DAG(s) 'tutorial_taskflow_api_virtualenv' retrieved from /home/airflow/.local/lib/python3.8/site-packages/airflow/example_dags/tutorial_taskflow_api_virtualenv.py
[2026-06-18T17:31:03.519+0000] {logging_mixin.py:188} INFO - [2026-06-18T17:31:03.518+0000] {dag.py:3036} INFO - Sync 1 DAGs
[2026-06-18T17:31:03.540+0000] {logging_mixin.py:188} INFO - [2026-06-18T17:31:03.540+0000] {dag.py:3823} INFO - Setting next_dagrun for tutorial_taskflow_api_virtualenv to None, run_after=None
[2026-06-18T17:31:03.570+0000] {processor.py:183} INFO - Processing /home/airflow/.local/lib/python3.8/site-packages/airflow/example_dags/tutorial_taskflow_api_virtualenv.py took 0.115 seconds
[2026-06-18T17:31:33.772+0000] {processor.py:161} INFO - Started process (PID=5464) to work on /home/airflow/.local/lib/python3.8/site-packages/airflow/example_dags/tutorial_taskflow_api_virtualenv.py
[2026-06-18T17:31:33.773+0000] {processor.py:830} INFO - Processing file /home/airflow/.local/lib/python3.8/site-packages/airflow/example_dags/tutorial_taskflow_api_virtualenv.py for tasks to queue
[2026-06-18T17:31:33.776+0000] {logging_mixin.py:188} INFO - [2026-06-18T17:31:33.775+0000] {dagbag.py:538} INFO - Filling up the DagBag from /home/airflow/.local/lib/python3.8/site-packages/airflow/example_dags/tutorial_taskflow_api_virtualenv.py
[2026-06-18T17:31:33.796+0000] {processor.py:840} INFO - DAG(s) 'tutorial_taskflow_api_virtualenv' retrieved from /home/airflow/.local/lib/python3.8/site-packages/airflow/example_dags/tutorial_taskflow_api_virtualenv.py
[2026-06-18T17:31:33.835+0000] {logging_mixin.py:188} INFO - [2026-06-18T17:31:33.834+0000] {dag.py:3036} INFO - Sync 1 DAGs
[2026-06-18T17:31:33.857+0000] {logging_mixin.py:188} INFO - [2026-06-18T17:31:33.857+0000] {dag.py:3823} INFO - Setting next_dagrun for tutorial_taskflow_api_virtualenv to None, run_after=None
[2026-06-18T17:31:33.892+0000] {processor.py:183} INFO - Processing /home/airflow/.local/lib/python3.8/site-packages/airflow/example_dags/tutorial_taskflow_api_virtualenv.py took 0.125 seconds
[2026-06-18T17:32:04.378+0000] {processor.py:161} INFO - Started process (PID=5530) to work on /home/airflow/.local/lib/python3.8/site-packages/airflow/example_dags/tutorial_taskflow_api_virtualenv.py
[2026-06-18T17:32:04.380+0000] {processor.py:830} INFO - Processing file /home/airflow/.local/lib/python3.8/site-packages/airflow/example_dags/tutorial_taskflow_api_virtualenv.py for tasks to queue
[2026-06-18T17:32:04.382+0000] {logging_mixin.py:188} INFO - [2026-06-18T17:32:04.382+0000] {dagbag.py:538} INFO - Filling up the DagBag from /home/airflow/.local/lib/python3.8/site-packages/airflow/example_dags/tutorial_taskflow_api_virtualenv.py
[2026-06-18T17:32:04.405+0000] {processor.py:840} INFO - DAG(s) 'tutorial_taskflow_api_virtualenv' retrieved from /home/airflow/.local/lib/python3.8/site-packages/airflow/example_dags/tutorial_taskflow_api_virtualenv.py
[2026-06-18T17:32:04.439+0000] {logging_mixin.py:188} INFO - [2026-06-18T17:32:04.439+0000] {dag.py:3036} INFO - Sync 1 DAGs
[2026-06-18T17:32:04.459+0000] {logging_mixin.py:188} INFO - [2026-06-18T17:32:04.458+0000] {dag.py:3823} INFO - Setting next_dagrun for tutorial_taskflow_api_virtualenv to None, run_after=None
[2026-06-18T17:32:04.485+0000] {processor.py:183} INFO - Processing /home/airflow/.local/lib/python3.8/site-packages/airflow/example_dags/tutorial_taskflow_api_virtualenv.py took 0.112 seconds
[2026-06-18T17:32:34.611+0000] {processor.py:161} INFO - Started process (PID=5596) to work on /home/airflow/.local/lib/python3.8/site-packages/airflow/example_dags/tutorial_taskflow_api_virtualenv.py
[2026-06-18T17:32:34.612+0000] {processor.py:830} INFO - Processing file /home/airflow/.local/lib/python3.8/site-packages/airflow/example_dags/tutorial_taskflow_api_virtualenv.py for tasks to queue
[2026-06-18T17:32:34.615+0000] {logging_mixin.py:188} INFO - [2026-06-18T17:32:34.614+0000] {dagbag.py:538} INFO - Filling up the DagBag from /home/airflow/.local/lib/python3.8/site-packages/airflow/example_dags/tutorial_taskflow_api_virtualenv.py
[2026-06-18T17:32:34.631+0000] {processor.py:840} INFO - DAG(s) 'tutorial_taskflow_api_virtualenv' retrieved from /home/airflow/.local/lib/python3.8/site-packages/airflow/example_dags/tutorial_taskflow_api_virtualenv.py
[2026-06-18T17:32:34.672+0000] {logging_mixin.py:188} INFO - [2026-06-18T17:32:34.671+0000] {dag.py:3036} INFO - Sync 1 DAGs
[2026-06-18T17:32:34.694+0000] {logging_mixin.py:188} INFO - [2026-06-18T17:32:34.694+0000] {dag.py:3823} INFO - Setting next_dagrun for tutorial_taskflow_api_virtualenv to None, run_after=None
[2026-06-18T17:32:34.726+0000] {processor.py:183} INFO - Processing /home/airflow/.local/lib/python3.8/site-packages/airflow/example_dags/tutorial_taskflow_api_virtualenv.py took 0.120 seconds
[2026-06-18T17:33:05.246+0000] {processor.py:161} INFO - Started process (PID=5662) to work on /home/airflow/.local/lib/python3.8/site-packages/airflow/example_dags/tutorial_taskflow_api_virtualenv.py
[2026-06-18T17:33:05.248+0000] {processor.py:830} INFO - Processing file /home/airflow/.local/lib/python3.8/site-packages/airflow/example_dags/tutorial_taskflow_api_virtualenv.py for tasks to queue
[2026-06-18T17:33:05.251+0000] {logging_mixin.py:188} INFO - [2026-06-18T17:33:05.250+0000] {dagbag.py:538} INFO - Filling up the DagBag from /home/airflow/.local/lib/python3.8/site-packages/airflow/example_dags/tutorial_taskflow_api_virtualenv.py
[2026-06-18T17:33:05.269+0000] {processor.py:840} INFO - DAG(s) 'tutorial_taskflow_api_virtualenv' retrieved from /home/airflow/.local/lib/python3.8/site-packages/airflow/example_dags/tutorial_taskflow_api_virtualenv.py
[2026-06-18T17:33:05.307+0000] {logging_mixin.py:188} INFO - [2026-06-18T17:33:05.307+0000] {dag.py:3036} INFO - Sync 1 DAGs
[2026-06-18T17:33:05.328+0000] {logging_mixin.py:188} INFO - [2026-06-18T17:33:05.328+0000] {dag.py:3823} INFO - Setting next_dagrun for tutorial_taskflow_api_virtualenv to None, run_after=None
[2026-06-18T17:33:05.359+0000] {processor.py:183} INFO - Processing /home/airflow/.local/lib/python3.8/site-packages/airflow/example_dags/tutorial_taskflow_api_virtualenv.py took 0.119 seconds
[2026-06-18T17:33:35.809+0000] {processor.py:161} INFO - Started process (PID=5734) to work on /home/airflow/.local/lib/python3.8/site-packages/airflow/example_dags/tutorial_taskflow_api_virtualenv.py
[2026-06-18T17:33:35.812+0000] {processor.py:830} INFO - Processing file /home/airflow/.local/lib/python3.8/site-packages/airflow/example_dags/tutorial_taskflow_api_virtualenv.py for tasks to queue
[2026-06-18T17:33:35.815+0000] {logging_mixin.py:188} INFO - [2026-06-18T17:33:35.814+0000] {dagbag.py:538} INFO - Filling up the DagBag from /home/airflow/.local/lib/python3.8/site-packages/airflow/example_dags/tutorial_taskflow_api_virtualenv.py
[2026-06-18T17:33:35.835+0000] {processor.py:840} INFO - DAG(s) 'tutorial_taskflow_api_virtualenv' retrieved from /home/airflow/.local/lib/python3.8/site-packages/airflow/example_dags/tutorial_taskflow_api_virtualenv.py
[2026-06-18T17:33:35.873+0000] {logging_mixin.py:188} INFO - [2026-06-18T17:33:35.873+0000] {dag.py:3036} INFO - Sync 1 DAGs
[2026-06-18T17:33:35.899+0000] {logging_mixin.py:188} INFO - [2026-06-18T17:33:35.899+0000] {dag.py:3823} INFO - Setting next_dagrun for tutorial_taskflow_api_virtualenv to None, run_after=None
[2026-06-18T17:33:35.934+0000] {processor.py:183} INFO - Processing /home/airflow/.local/lib/python3.8/site-packages/airflow/example_dags/tutorial_taskflow_api_virtualenv.py took 0.131 seconds
[2026-06-18T17:34:06.239+0000] {processor.py:161} INFO - Started process (PID=5802) to work on /home/airflow/.local/lib/python3.8/site-packages/airflow/example_dags/tutorial_taskflow_api_virtualenv.py
[2026-06-18T17:34:06.240+0000] {processor.py:830} INFO - Processing file /home/airflow/.local/lib/python3.8/site-packages/airflow/example_dags/tutorial_taskflow_api_virtualenv.py for tasks to queue
[2026-06-18T17:34:06.244+0000] {logging_mixin.py:188} INFO - [2026-06-18T17:34:06.243+0000] {dagbag.py:538} INFO - Filling up the DagBag from /home/airflow/.local/lib/python3.8/site-packages/airflow/example_dags/tutorial_taskflow_api_virtualenv.py
[2026-06-18T17:34:06.264+0000] {processor.py:840} INFO - DAG(s) 'tutorial_taskflow_api_virtualenv' retrieved from /home/airflow/.local/lib/python3.8/site-packages/airflow/example_dags/tutorial_taskflow_api_virtualenv.py
[2026-06-18T17:34:06.307+0000] {logging_mixin.py:188} INFO - [2026-06-18T17:34:06.307+0000] {dag.py:3036} INFO - Sync 1 DAGs
[2026-06-18T17:34:06.332+0000] {logging_mixin.py:188} INFO - [2026-06-18T17:34:06.332+0000] {dag.py:3823} INFO - Setting next_dagrun for tutorial_taskflow_api_virtualenv to None, run_after=None
[2026-06-18T17:34:06.369+0000] {processor.py:183} INFO - Processing /home/airflow/.local/lib/python3.8/site-packages/airflow/example_dags/tutorial_taskflow_api_virtualenv.py took 0.137 seconds
[2026-06-18T17:34:36.851+0000] {processor.py:161} INFO - Started process (PID=5867) to work on /home/airflow/.local/lib/python3.8/site-packages/airflow/example_dags/tutorial_taskflow_api_virtualenv.py
[2026-06-18T17:34:36.853+0000] {processor.py:830} INFO - Processing file /home/airflow/.local/lib/python3.8/site-packages/airflow/example_dags/tutorial_taskflow_api_virtualenv.py for tasks to queue
[2026-06-18T17:34:36.857+0000] {logging_mixin.py:188} INFO - [2026-06-18T17:34:36.856+0000] {dagbag.py:538} INFO - Filling up the DagBag from /home/airflow/.local/lib/python3.8/site-packages/airflow/example_dags/tutorial_taskflow_api_virtualenv.py
[2026-06-18T17:34:36.878+0000] {processor.py:840} INFO - DAG(s) 'tutorial_taskflow_api_virtualenv' retrieved from /home/airflow/.local/lib/python3.8/site-packages/airflow/example_dags/tutorial_taskflow_api_virtualenv.py
[2026-06-18T17:34:36.922+0000] {logging_mixin.py:188} INFO - [2026-06-18T17:34:36.921+0000] {dag.py:3036} INFO - Sync 1 DAGs
[2026-06-18T17:34:36.947+0000] {logging_mixin.py:188} INFO - [2026-06-18T17:34:36.947+0000] {dag.py:3823} INFO - Setting next_dagrun for tutorial_taskflow_api_virtualenv to None, run_after=None
[2026-06-18T17:34:36.986+0000] {processor.py:183} INFO - Processing /home/airflow/.local/lib/python3.8/site-packages/airflow/example_dags/tutorial_taskflow_api_virtualenv.py took 0.142 seconds
[2026-06-18T17:35:07.422+0000] {processor.py:161} INFO - Started process (PID=5933) to work on /home/airflow/.local/lib/python3.8/site-packages/airflow/example_dags/tutorial_taskflow_api_virtualenv.py
[2026-06-18T17:35:07.424+0000] {processor.py:830} INFO - Processing file /home/airflow/.local/lib/python3.8/site-packages/airflow/example_dags/tutorial_taskflow_api_virtualenv.py for tasks to queue
[2026-06-18T17:35:07.453+0000] {logging_mixin.py:188} INFO - [2026-06-18T17:35:07.452+0000] {dagbag.py:538} INFO - Filling up the DagBag from /home/airflow/.local/lib/python3.8/site-packages/airflow/example_dags/tutorial_taskflow_api_virtualenv.py
[2026-06-18T17:35:07.476+0000] {processor.py:840} INFO - DAG(s) 'tutorial_taskflow_api_virtualenv' retrieved from /home/airflow/.local/lib/python3.8/site-packages/airflow/example_dags/tutorial_taskflow_api_virtualenv.py
[2026-06-18T17:35:07.527+0000] {logging_mixin.py:188} INFO - [2026-06-18T17:35:07.527+0000] {dag.py:3036} INFO - Sync 1 DAGs
[2026-06-18T17:35:07.553+0000] {logging_mixin.py:188} INFO - [2026-06-18T17:35:07.552+0000] {dag.py:3823} INFO - Setting next_dagrun for tutorial_taskflow_api_virtualenv to None, run_after=None
[2026-06-18T17:35:07.611+0000] {processor.py:183} INFO - Processing /home/airflow/.local/lib/python3.8/site-packages/airflow/example_dags/tutorial_taskflow_api_virtualenv.py took 0.196 seconds
[2026-06-18T17:35:37.756+0000] {processor.py:161} INFO - Started process (PID=5998) to work on /home/airflow/.local/lib/python3.8/site-packages/airflow/example_dags/tutorial_taskflow_api_virtualenv.py
[2026-06-18T17:35:37.758+0000] {processor.py:830} INFO - Processing file /home/airflow/.local/lib/python3.8/site-packages/airflow/example_dags/tutorial_taskflow_api_virtualenv.py for tasks to queue
[2026-06-18T17:35:37.762+0000] {logging_mixin.py:188} INFO - [2026-06-18T17:35:37.761+0000] {dagbag.py:538} INFO - Filling up the DagBag from /home/airflow/.local/lib/python3.8/site-packages/airflow/example_dags/tutorial_taskflow_api_virtualenv.py
[2026-06-18T17:35:37.788+0000] {processor.py:840} INFO - DAG(s) 'tutorial_taskflow_api_virtualenv' retrieved from /home/airflow/.local/lib/python3.8/site-packages/airflow/example_dags/tutorial_taskflow_api_virtualenv.py
[2026-06-18T17:35:37.867+0000] {logging_mixin.py:188} INFO - [2026-06-18T17:35:37.867+0000] {dag.py:3036} INFO - Sync 1 DAGs
[2026-06-18T17:35:37.906+0000] {logging_mixin.py:188} INFO - [2026-06-18T17:35:37.905+0000] {dag.py:3823} INFO - Setting next_dagrun for tutorial_taskflow_api_virtualenv to None, run_after=None
[2026-06-18T17:35:37.943+0000] {processor.py:183} INFO - Processing /home/airflow/.local/lib/python3.8/site-packages/airflow/example_dags/tutorial_taskflow_api_virtualenv.py took 0.194 seconds
[2026-06-18T17:36:08.107+0000] {processor.py:161} INFO - Started process (PID=6064) to work on /home/airflow/.local/lib/python3.8/site-packages/airflow/example_dags/tutorial_taskflow_api_virtualenv.py
[2026-06-18T17:36:08.108+0000] {processor.py:830} INFO - Processing file /home/airflow/.local/lib/python3.8/site-packages/airflow/example_dags/tutorial_taskflow_api_virtualenv.py for tasks to queue
[2026-06-18T17:36:08.112+0000] {logging_mixin.py:188} INFO - [2026-06-18T17:36:08.111+0000] {dagbag.py:538} INFO - Filling up the DagBag from /home/airflow/.local/lib/python3.8/site-packages/airflow/example_dags/tutorial_taskflow_api_virtualenv.py
[2026-06-18T17:36:08.136+0000] {processor.py:840} INFO - DAG(s) 'tutorial_taskflow_api_virtualenv' retrieved from /home/airflow/.local/lib/python3.8/site-packages/airflow/example_dags/tutorial_taskflow_api_virtualenv.py
[2026-06-18T17:36:08.210+0000] {logging_mixin.py:188} INFO - [2026-06-18T17:36:08.209+0000] {dag.py:3036} INFO - Sync 1 DAGs
[2026-06-18T17:36:08.240+0000] {logging_mixin.py:188} INFO - [2026-06-18T17:36:08.239+0000] {dag.py:3823} INFO - Setting next_dagrun for tutorial_taskflow_api_virtualenv to None, run_after=None
[2026-06-18T17:36:08.271+0000] {processor.py:183} INFO - Processing /home/airflow/.local/lib/python3.8/site-packages/airflow/example_dags/tutorial_taskflow_api_virtualenv.py took 0.171 seconds
[2026-06-18T17:36:38.544+0000] {processor.py:161} INFO - Started process (PID=6130) to work on /home/airflow/.local/lib/python3.8/site-packages/airflow/example_dags/tutorial_taskflow_api_virtualenv.py
[2026-06-18T17:36:38.547+0000] {processor.py:830} INFO - Processing file /home/airflow/.local/lib/python3.8/site-packages/airflow/example_dags/tutorial_taskflow_api_virtualenv.py for tasks to queue
[2026-06-18T17:36:38.549+0000] {logging_mixin.py:188} INFO - [2026-06-18T17:36:38.549+0000] {dagbag.py:538} INFO - Filling up the DagBag from /home/airflow/.local/lib/python3.8/site-packages/airflow/example_dags/tutorial_taskflow_api_virtualenv.py
[2026-06-18T17:36:38.569+0000] {processor.py:840} INFO - DAG(s) 'tutorial_taskflow_api_virtualenv' retrieved from /home/airflow/.local/lib/python3.8/site-packages/airflow/example_dags/tutorial_taskflow_api_virtualenv.py
[2026-06-18T17:36:38.609+0000] {logging_mixin.py:188} INFO - [2026-06-18T17:36:38.608+0000] {dag.py:3036} INFO - Sync 1 DAGs
[2026-06-18T17:36:38.629+0000] {logging_mixin.py:188} INFO - [2026-06-18T17:36:38.629+0000] {dag.py:3823} INFO - Setting next_dagrun for tutorial_taskflow_api_virtualenv to None, run_after=None
[2026-06-18T17:36:38.662+0000] {processor.py:183} INFO - Processing /home/airflow/.local/lib/python3.8/site-packages/airflow/example_dags/tutorial_taskflow_api_virtualenv.py took 0.123 seconds
[2026-06-18T17:37:09.400+0000] {processor.py:161} INFO - Started process (PID=6195) to work on /home/airflow/.local/lib/python3.8/site-packages/airflow/example_dags/tutorial_taskflow_api_virtualenv.py
[2026-06-18T17:37:09.401+0000] {processor.py:830} INFO - Processing file /home/airflow/.local/lib/python3.8/site-packages/airflow/example_dags/tutorial_taskflow_api_virtualenv.py for tasks to queue
[2026-06-18T17:37:09.403+0000] {logging_mixin.py:188} INFO - [2026-06-18T17:37:09.403+0000] {dagbag.py:538} INFO - Filling up the DagBag from /home/airflow/.local/lib/python3.8/site-packages/airflow/example_dags/tutorial_taskflow_api_virtualenv.py
[2026-06-18T17:37:09.421+0000] {processor.py:840} INFO - DAG(s) 'tutorial_taskflow_api_virtualenv' retrieved from /home/airflow/.local/lib/python3.8/site-packages/airflow/example_dags/tutorial_taskflow_api_virtualenv.py
[2026-06-18T17:37:09.463+0000] {logging_mixin.py:188} INFO - [2026-06-18T17:37:09.462+0000] {dag.py:3036} INFO - Sync 1 DAGs
[2026-06-18T17:37:09.484+0000] {logging_mixin.py:188} INFO - [2026-06-18T17:37:09.483+0000] {dag.py:3823} INFO - Setting next_dagrun for tutorial_taskflow_api_virtualenv to None, run_after=None
[2026-06-18T17:37:09.514+0000] {processor.py:183} INFO - Processing /home/airflow/.local/lib/python3.8/site-packages/airflow/example_dags/tutorial_taskflow_api_virtualenv.py took 0.120 seconds
[2026-06-18T17:37:39.694+0000] {processor.py:161} INFO - Started process (PID=6260) to work on /home/airflow/.local/lib/python3.8/site-packages/airflow/example_dags/tutorial_taskflow_api_virtualenv.py
[2026-06-18T17:37:39.697+0000] {processor.py:830} INFO - Processing file /home/airflow/.local/lib/python3.8/site-packages/airflow/example_dags/tutorial_taskflow_api_virtualenv.py for tasks to queue
[2026-06-18T17:37:39.700+0000] {logging_mixin.py:188} INFO - [2026-06-18T17:37:39.699+0000] {dagbag.py:538} INFO - Filling up the DagBag from /home/airflow/.local/lib/python3.8/site-packages/airflow/example_dags/tutorial_taskflow_api_virtualenv.py
[2026-06-18T17:37:39.719+0000] {processor.py:840} INFO - DAG(s) 'tutorial_taskflow_api_virtualenv' retrieved from /home/airflow/.local/lib/python3.8/site-packages/airflow/example_dags/tutorial_taskflow_api_virtualenv.py
[2026-06-18T17:37:39.755+0000] {logging_mixin.py:188} INFO - [2026-06-18T17:37:39.755+0000] {dag.py:3036} INFO - Sync 1 DAGs
[2026-06-18T17:37:39.776+0000] {logging_mixin.py:188} INFO - [2026-06-18T17:37:39.775+0000] {dag.py:3823} INFO - Setting next_dagrun for tutorial_taskflow_api_virtualenv to None, run_after=None
[2026-06-18T17:37:39.804+0000] {processor.py:183} INFO - Processing /home/airflow/.local/lib/python3.8/site-packages/airflow/example_dags/tutorial_taskflow_api_virtualenv.py took 0.116 seconds
[2026-06-18T17:38:10.067+0000] {processor.py:161} INFO - Started process (PID=6325) to work on /home/airflow/.local/lib/python3.8/site-packages/airflow/example_dags/tutorial_taskflow_api_virtualenv.py
[2026-06-18T17:38:10.069+0000] {processor.py:830} INFO - Processing file /home/airflow/.local/lib/python3.8/site-packages/airflow/example_dags/tutorial_taskflow_api_virtualenv.py for tasks to queue
[2026-06-18T17:38:10.072+0000] {logging_mixin.py:188} INFO - [2026-06-18T17:38:10.071+0000] {dagbag.py:538} INFO - Filling up the DagBag from /home/airflow/.local/lib/python3.8/site-packages/airflow/example_dags/tutorial_taskflow_api_virtualenv.py
[2026-06-18T17:38:10.092+0000] {processor.py:840} INFO - DAG(s) 'tutorial_taskflow_api_virtualenv' retrieved from /home/airflow/.local/lib/python3.8/site-packages/airflow/example_dags/tutorial_taskflow_api_virtualenv.py
[2026-06-18T17:38:10.131+0000] {logging_mixin.py:188} INFO - [2026-06-18T17:38:10.130+0000] {dag.py:3036} INFO - Sync 1 DAGs
[2026-06-18T17:38:10.152+0000] {logging_mixin.py:188} INFO - [2026-06-18T17:38:10.152+0000] {dag.py:3823} INFO - Setting next_dagrun for tutorial_taskflow_api_virtualenv to None, run_after=None
[2026-06-18T17:38:10.179+0000] {processor.py:183} INFO - Processing /home/airflow/.local/lib/python3.8/site-packages/airflow/example_dags/tutorial_taskflow_api_virtualenv.py took 0.118 seconds
[2026-06-18T17:38:40.373+0000] {processor.py:161} INFO - Started process (PID=6391) to work on /home/airflow/.local/lib/python3.8/site-packages/airflow/example_dags/tutorial_taskflow_api_virtualenv.py
[2026-06-18T17:38:40.375+0000] {processor.py:830} INFO - Processing file /home/airflow/.local/lib/python3.8/site-packages/airflow/example_dags/tutorial_taskflow_api_virtualenv.py for tasks to queue
[2026-06-18T17:38:40.378+0000] {logging_mixin.py:188} INFO - [2026-06-18T17:38:40.377+0000] {dagbag.py:538} INFO - Filling up the DagBag from /home/airflow/.local/lib/python3.8/site-packages/airflow/example_dags/tutorial_taskflow_api_virtualenv.py
[2026-06-18T17:38:40.396+0000] {processor.py:840} INFO - DAG(s) 'tutorial_taskflow_api_virtualenv' retrieved from /home/airflow/.local/lib/python3.8/site-packages/airflow/example_dags/tutorial_taskflow_api_virtualenv.py
[2026-06-18T17:38:40.436+0000] {logging_mixin.py:188} INFO - [2026-06-18T17:38:40.435+0000] {dag.py:3036} INFO - Sync 1 DAGs
[2026-06-18T17:38:40.457+0000] {logging_mixin.py:188} INFO - [2026-06-18T17:38:40.457+0000] {dag.py:3823} INFO - Setting next_dagrun for tutorial_taskflow_api_virtualenv to None, run_after=None
[2026-06-18T17:38:40.492+0000] {processor.py:183} INFO - Processing /home/airflow/.local/lib/python3.8/site-packages/airflow/example_dags/tutorial_taskflow_api_virtualenv.py took 0.125 seconds
[2026-06-18T17:39:11.057+0000] {processor.py:161} INFO - Started process (PID=6457) to work on /home/airflow/.local/lib/python3.8/site-packages/airflow/example_dags/tutorial_taskflow_api_virtualenv.py
[2026-06-18T17:39:11.060+0000] {processor.py:830} INFO - Processing file /home/airflow/.local/lib/python3.8/site-packages/airflow/example_dags/tutorial_taskflow_api_virtualenv.py for tasks to queue
[2026-06-18T17:39:11.062+0000] {logging_mixin.py:188} INFO - [2026-06-18T17:39:11.062+0000] {dagbag.py:538} INFO - Filling up the DagBag from /home/airflow/.local/lib/python3.8/site-packages/airflow/example_dags/tutorial_taskflow_api_virtualenv.py
[2026-06-18T17:39:11.079+0000] {processor.py:840} INFO - DAG(s) 'tutorial_taskflow_api_virtualenv' retrieved from /home/airflow/.local/lib/python3.8/site-packages/airflow/example_dags/tutorial_taskflow_api_virtualenv.py
[2026-06-18T17:39:11.118+0000] {logging_mixin.py:188} INFO - [2026-06-18T17:39:11.117+0000] {dag.py:3036} INFO - Sync 1 DAGs
[2026-06-18T17:39:11.148+0000] {logging_mixin.py:188} INFO - [2026-06-18T17:39:11.147+0000] {dag.py:3823} INFO - Setting next_dagrun for tutorial_taskflow_api_virtualenv to None, run_after=None
[2026-06-18T17:39:11.185+0000] {processor.py:183} INFO - Processing /home/airflow/.local/lib/python3.8/site-packages/airflow/example_dags/tutorial_taskflow_api_virtualenv.py took 0.142 seconds
[2026-06-18T17:39:41.831+0000] {processor.py:161} INFO - Started process (PID=6523) to work on /home/airflow/.local/lib/python3.8/site-packages/airflow/example_dags/tutorial_taskflow_api_virtualenv.py
[2026-06-18T17:39:41.833+0000] {processor.py:830} INFO - Processing file /home/airflow/.local/lib/python3.8/site-packages/airflow/example_dags/tutorial_taskflow_api_virtualenv.py for tasks to queue
[2026-06-18T17:39:41.835+0000] {logging_mixin.py:188} INFO - [2026-06-18T17:39:41.834+0000] {dagbag.py:538} INFO - Filling up the DagBag from /home/airflow/.local/lib/python3.8/site-packages/airflow/example_dags/tutorial_taskflow_api_virtualenv.py
[2026-06-18T17:39:41.852+0000] {processor.py:840} INFO - DAG(s) 'tutorial_taskflow_api_virtualenv' retrieved from /home/airflow/.local/lib/python3.8/site-packages/airflow/example_dags/tutorial_taskflow_api_virtualenv.py
[2026-06-18T17:39:41.892+0000] {logging_mixin.py:188} INFO - [2026-06-18T17:39:41.892+0000] {dag.py:3036} INFO - Sync 1 DAGs
[2026-06-18T17:39:41.913+0000] {logging_mixin.py:188} INFO - [2026-06-18T17:39:41.913+0000] {dag.py:3823} INFO - Setting next_dagrun for tutorial_taskflow_api_virtualenv to None, run_after=None
[2026-06-18T17:39:41.946+0000] {processor.py:183} INFO - Processing /home/airflow/.local/lib/python3.8/site-packages/airflow/example_dags/tutorial_taskflow_api_virtualenv.py took 0.120 seconds
[2026-06-18T17:40:12.450+0000] {processor.py:161} INFO - Started process (PID=6596) to work on /home/airflow/.local/lib/python3.8/site-packages/airflow/example_dags/tutorial_taskflow_api_virtualenv.py
[2026-06-18T17:40:12.452+0000] {processor.py:830} INFO - Processing file /home/airflow/.local/lib/python3.8/site-packages/airflow/example_dags/tutorial_taskflow_api_virtualenv.py for tasks to queue
[2026-06-18T17:40:12.455+0000] {logging_mixin.py:188} INFO - [2026-06-18T17:40:12.454+0000] {dagbag.py:538} INFO - Filling up the DagBag from /home/airflow/.local/lib/python3.8/site-packages/airflow/example_dags/tutorial_taskflow_api_virtualenv.py
[2026-06-18T17:40:12.472+0000] {processor.py:840} INFO - DAG(s) 'tutorial_taskflow_api_virtualenv' retrieved from /home/airflow/.local/lib/python3.8/site-packages/airflow/example_dags/tutorial_taskflow_api_virtualenv.py
[2026-06-18T17:40:12.511+0000] {logging_mixin.py:188} INFO - [2026-06-18T17:40:12.511+0000] {dag.py:3036} INFO - Sync 1 DAGs
[2026-06-18T17:40:12.533+0000] {logging_mixin.py:188} INFO - [2026-06-18T17:40:12.533+0000] {dag.py:3823} INFO - Setting next_dagrun for tutorial_taskflow_api_virtualenv to None, run_after=None
[2026-06-18T17:40:12.568+0000] {processor.py:183} INFO - Processing /home/airflow/.local/lib/python3.8/site-packages/airflow/example_dags/tutorial_taskflow_api_virtualenv.py took 0.123 seconds
[2026-06-18T17:40:42.909+0000] {processor.py:161} INFO - Started process (PID=6662) to work on /home/airflow/.local/lib/python3.8/site-packages/airflow/example_dags/tutorial_taskflow_api_virtualenv.py
[2026-06-18T17:40:42.911+0000] {processor.py:830} INFO - Processing file /home/airflow/.local/lib/python3.8/site-packages/airflow/example_dags/tutorial_taskflow_api_virtualenv.py for tasks to queue
[2026-06-18T17:40:42.915+0000] {logging_mixin.py:188} INFO - [2026-06-18T17:40:42.914+0000] {dagbag.py:538} INFO - Filling up the DagBag from /home/airflow/.local/lib/python3.8/site-packages/airflow/example_dags/tutorial_taskflow_api_virtualenv.py
[2026-06-18T17:40:42.939+0000] {processor.py:840} INFO - DAG(s) 'tutorial_taskflow_api_virtualenv' retrieved from /home/airflow/.local/lib/python3.8/site-packages/airflow/example_dags/tutorial_taskflow_api_virtualenv.py
[2026-06-18T17:40:42.989+0000] {logging_mixin.py:188} INFO - [2026-06-18T17:40:42.989+0000] {dag.py:3036} INFO - Sync 1 DAGs
[2026-06-18T17:40:43.017+0000] {logging_mixin.py:188} INFO - [2026-06-18T17:40:43.017+0000] {dag.py:3823} INFO - Setting next_dagrun for tutorial_taskflow_api_virtualenv to None, run_after=None
[2026-06-18T17:40:43.059+0000] {processor.py:183} INFO - Processing /home/airflow/.local/lib/python3.8/site-packages/airflow/example_dags/tutorial_taskflow_api_virtualenv.py took 0.156 seconds
[2026-06-18T17:41:13.177+0000] {processor.py:161} INFO - Started process (PID=6726) to work on /home/airflow/.local/lib/python3.8/site-packages/airflow/example_dags/tutorial_taskflow_api_virtualenv.py
[2026-06-18T17:41:13.189+0000] {processor.py:830} INFO - Processing file /home/airflow/.local/lib/python3.8/site-packages/airflow/example_dags/tutorial_taskflow_api_virtualenv.py for tasks to queue
[2026-06-18T17:41:13.194+0000] {logging_mixin.py:188} INFO - [2026-06-18T17:41:13.194+0000] {dagbag.py:538} INFO - Filling up the DagBag from /home/airflow/.local/lib/python3.8/site-packages/airflow/example_dags/tutorial_taskflow_api_virtualenv.py
[2026-06-18T17:41:13.214+0000] {processor.py:840} INFO - DAG(s) 'tutorial_taskflow_api_virtualenv' retrieved from /home/airflow/.local/lib/python3.8/site-packages/airflow/example_dags/tutorial_taskflow_api_virtualenv.py
[2026-06-18T17:41:13.248+0000] {logging_mixin.py:188} INFO - [2026-06-18T17:41:13.248+0000] {dag.py:3036} INFO - Sync 1 DAGs
[2026-06-18T17:41:13.267+0000] {logging_mixin.py:188} INFO - [2026-06-18T17:41:13.267+0000] {dag.py:3823} INFO - Setting next_dagrun for tutorial_taskflow_api_virtualenv to None, run_after=None
[2026-06-18T17:41:13.300+0000] {processor.py:183} INFO - Processing /home/airflow/.local/lib/python3.8/site-packages/airflow/example_dags/tutorial_taskflow_api_virtualenv.py took 0.130 seconds
[2026-06-18T17:41:43.447+0000] {processor.py:161} INFO - Started process (PID=6791) to work on /home/airflow/.local/lib/python3.8/site-packages/airflow/example_dags/tutorial_taskflow_api_virtualenv.py
[2026-06-18T17:41:43.448+0000] {processor.py:830} INFO - Processing file /home/airflow/.local/lib/python3.8/site-packages/airflow/example_dags/tutorial_taskflow_api_virtualenv.py for tasks to queue
[2026-06-18T17:41:43.451+0000] {logging_mixin.py:188} INFO - [2026-06-18T17:41:43.451+0000] {dagbag.py:538} INFO - Filling up the DagBag from /home/airflow/.local/lib/python3.8/site-packages/airflow/example_dags/tutorial_taskflow_api_virtualenv.py
[2026-06-18T17:41:43.468+0000] {processor.py:840} INFO - DAG(s) 'tutorial_taskflow_api_virtualenv' retrieved from /home/airflow/.local/lib/python3.8/site-packages/airflow/example_dags/tutorial_taskflow_api_virtualenv.py
[2026-06-18T17:41:43.507+0000] {logging_mixin.py:188} INFO - [2026-06-18T17:41:43.507+0000] {dag.py:3036} INFO - Sync 1 DAGs
[2026-06-18T17:41:43.527+0000] {logging_mixin.py:188} INFO - [2026-06-18T17:41:43.526+0000] {dag.py:3823} INFO - Setting next_dagrun for tutorial_taskflow_api_virtualenv to None, run_after=None
[2026-06-18T17:41:43.556+0000] {processor.py:183} INFO - Processing /home/airflow/.local/lib/python3.8/site-packages/airflow/example_dags/tutorial_taskflow_api_virtualenv.py took 0.114 seconds
[2026-06-18T17:42:14.451+0000] {processor.py:161} INFO - Started process (PID=6857) to work on /home/airflow/.local/lib/python3.8/site-packages/airflow/example_dags/tutorial_taskflow_api_virtualenv.py
[2026-06-18T17:42:14.459+0000] {processor.py:830} INFO - Processing file /home/airflow/.local/lib/python3.8/site-packages/airflow/example_dags/tutorial_taskflow_api_virtualenv.py for tasks to queue
[2026-06-18T17:42:14.462+0000] {logging_mixin.py:188} INFO - [2026-06-18T17:42:14.461+0000] {dagbag.py:538} INFO - Filling up the DagBag from /home/airflow/.local/lib/python3.8/site-packages/airflow/example_dags/tutorial_taskflow_api_virtualenv.py
[2026-06-18T17:42:14.506+0000] {processor.py:840} INFO - DAG(s) 'tutorial_taskflow_api_virtualenv' retrieved from /home/airflow/.local/lib/python3.8/site-packages/airflow/example_dags/tutorial_taskflow_api_virtualenv.py
[2026-06-18T17:42:14.557+0000] {logging_mixin.py:188} INFO - [2026-06-18T17:42:14.556+0000] {dag.py:3036} INFO - Sync 1 DAGs
[2026-06-18T17:42:14.584+0000] {logging_mixin.py:188} INFO - [2026-06-18T17:42:14.583+0000] {dag.py:3823} INFO - Setting next_dagrun for tutorial_taskflow_api_virtualenv to None, run_after=None
[2026-06-18T17:42:14.634+0000] {processor.py:183} INFO - Processing /home/airflow/.local/lib/python3.8/site-packages/airflow/example_dags/tutorial_taskflow_api_virtualenv.py took 0.198 seconds
[2026-06-18T17:42:44.860+0000] {processor.py:161} INFO - Started process (PID=6923) to work on /home/airflow/.local/lib/python3.8/site-packages/airflow/example_dags/tutorial_taskflow_api_virtualenv.py
[2026-06-18T17:42:44.861+0000] {processor.py:830} INFO - Processing file /home/airflow/.local/lib/python3.8/site-packages/airflow/example_dags/tutorial_taskflow_api_virtualenv.py for tasks to queue
[2026-06-18T17:42:44.865+0000] {logging_mixin.py:188} INFO - [2026-06-18T17:42:44.864+0000] {dagbag.py:538} INFO - Filling up the DagBag from /home/airflow/.local/lib/python3.8/site-packages/airflow/example_dags/tutorial_taskflow_api_virtualenv.py
[2026-06-18T17:42:44.889+0000] {processor.py:840} INFO - DAG(s) 'tutorial_taskflow_api_virtualenv' retrieved from /home/airflow/.local/lib/python3.8/site-packages/airflow/example_dags/tutorial_taskflow_api_virtualenv.py
[2026-06-18T17:42:44.932+0000] {logging_mixin.py:188} INFO - [2026-06-18T17:42:44.931+0000] {dag.py:3036} INFO - Sync 1 DAGs
[2026-06-18T17:42:44.959+0000] {logging_mixin.py:188} INFO - [2026-06-18T17:42:44.958+0000] {dag.py:3823} INFO - Setting next_dagrun for tutorial_taskflow_api_virtualenv to None, run_after=None
[2026-06-18T17:42:44.996+0000] {processor.py:183} INFO - Processing /home/airflow/.local/lib/python3.8/site-packages/airflow/example_dags/tutorial_taskflow_api_virtualenv.py took 0.142 seconds
[2026-06-18T17:43:15.789+0000] {processor.py:161} INFO - Started process (PID=6990) to work on /home/airflow/.local/lib/python3.8/site-packages/airflow/example_dags/tutorial_taskflow_api_virtualenv.py
[2026-06-18T17:43:15.791+0000] {processor.py:830} INFO - Processing file /home/airflow/.local/lib/python3.8/site-packages/airflow/example_dags/tutorial_taskflow_api_virtualenv.py for tasks to queue
[2026-06-18T17:43:15.794+0000] {logging_mixin.py:188} INFO - [2026-06-18T17:43:15.793+0000] {dagbag.py:538} INFO - Filling up the DagBag from /home/airflow/.local/lib/python3.8/site-packages/airflow/example_dags/tutorial_taskflow_api_virtualenv.py
[2026-06-18T17:43:15.813+0000] {processor.py:840} INFO - DAG(s) 'tutorial_taskflow_api_virtualenv' retrieved from /home/airflow/.local/lib/python3.8/site-packages/airflow/example_dags/tutorial_taskflow_api_virtualenv.py
[2026-06-18T17:43:15.849+0000] {logging_mixin.py:188} INFO - [2026-06-18T17:43:15.849+0000] {dag.py:3036} INFO - Sync 1 DAGs
[2026-06-18T17:43:15.871+0000] {logging_mixin.py:188} INFO - [2026-06-18T17:43:15.871+0000] {dag.py:3823} INFO - Setting next_dagrun for tutorial_taskflow_api_virtualenv to None, run_after=None
[2026-06-18T17:43:15.900+0000] {processor.py:183} INFO - Processing /home/airflow/.local/lib/python3.8/site-packages/airflow/example_dags/tutorial_taskflow_api_virtualenv.py took 0.117 seconds
[2026-06-18T17:43:46.181+0000] {processor.py:161} INFO - Started process (PID=7055) to work on /home/airflow/.local/lib/python3.8/site-packages/airflow/example_dags/tutorial_taskflow_api_virtualenv.py
[2026-06-18T17:43:46.182+0000] {processor.py:830} INFO - Processing file /home/airflow/.local/lib/python3.8/site-packages/airflow/example_dags/tutorial_taskflow_api_virtualenv.py for tasks to queue
[2026-06-18T17:43:46.185+0000] {logging_mixin.py:188} INFO - [2026-06-18T17:43:46.185+0000] {dagbag.py:538} INFO - Filling up the DagBag from /home/airflow/.local/lib/python3.8/site-packages/airflow/example_dags/tutorial_taskflow_api_virtualenv.py
[2026-06-18T17:43:46.204+0000] {processor.py:840} INFO - DAG(s) 'tutorial_taskflow_api_virtualenv' retrieved from /home/airflow/.local/lib/python3.8/site-packages/airflow/example_dags/tutorial_taskflow_api_virtualenv.py
[2026-06-18T17:43:46.240+0000] {logging_mixin.py:188} INFO - [2026-06-18T17:43:46.239+0000] {dag.py:3036} INFO - Sync 1 DAGs
[2026-06-18T17:43:46.260+0000] {logging_mixin.py:188} INFO - [2026-06-18T17:43:46.259+0000] {dag.py:3823} INFO - Setting next_dagrun for tutorial_taskflow_api_virtualenv to None, run_after=None
[2026-06-18T17:43:46.291+0000] {processor.py:183} INFO - Processing /home/airflow/.local/lib/python3.8/site-packages/airflow/example_dags/tutorial_taskflow_api_virtualenv.py took 0.116 seconds
[2026-06-18T17:44:16.948+0000] {processor.py:161} INFO - Started process (PID=7121) to work on /home/airflow/.local/lib/python3.8/site-packages/airflow/example_dags/tutorial_taskflow_api_virtualenv.py
[2026-06-18T17:44:16.950+0000] {processor.py:830} INFO - Processing file /home/airflow/.local/lib/python3.8/site-packages/airflow/example_dags/tutorial_taskflow_api_virtualenv.py for tasks to queue
[2026-06-18T17:44:16.952+0000] {logging_mixin.py:188} INFO - [2026-06-18T17:44:16.952+0000] {dagbag.py:538} INFO - Filling up the DagBag from /home/airflow/.local/lib/python3.8/site-packages/airflow/example_dags/tutorial_taskflow_api_virtualenv.py
[2026-06-18T17:44:16.969+0000] {processor.py:840} INFO - DAG(s) 'tutorial_taskflow_api_virtualenv' retrieved from /home/airflow/.local/lib/python3.8/site-packages/airflow/example_dags/tutorial_taskflow_api_virtualenv.py
[2026-06-18T17:44:17.003+0000] {logging_mixin.py:188} INFO - [2026-06-18T17:44:17.003+0000] {dag.py:3036} INFO - Sync 1 DAGs
[2026-06-18T17:44:17.023+0000] {logging_mixin.py:188} INFO - [2026-06-18T17:44:17.023+0000] {dag.py:3823} INFO - Setting next_dagrun for tutorial_taskflow_api_virtualenv to None, run_after=None
[2026-06-18T17:44:17.052+0000] {processor.py:183} INFO - Processing /home/airflow/.local/lib/python3.8/site-packages/airflow/example_dags/tutorial_taskflow_api_virtualenv.py took 0.109 seconds
[2026-06-18T17:44:47.816+0000] {processor.py:161} INFO - Started process (PID=7187) to work on /home/airflow/.local/lib/python3.8/site-packages/airflow/example_dags/tutorial_taskflow_api_virtualenv.py
[2026-06-18T17:44:47.818+0000] {processor.py:830} INFO - Processing file /home/airflow/.local/lib/python3.8/site-packages/airflow/example_dags/tutorial_taskflow_api_virtualenv.py for tasks to queue
[2026-06-18T17:44:47.820+0000] {logging_mixin.py:188} INFO - [2026-06-18T17:44:47.820+0000] {dagbag.py:538} INFO - Filling up the DagBag from /home/airflow/.local/lib/python3.8/site-packages/airflow/example_dags/tutorial_taskflow_api_virtualenv.py
[2026-06-18T17:44:47.836+0000] {processor.py:840} INFO - DAG(s) 'tutorial_taskflow_api_virtualenv' retrieved from /home/airflow/.local/lib/python3.8/site-packages/airflow/example_dags/tutorial_taskflow_api_virtualenv.py
[2026-06-18T17:44:47.872+0000] {logging_mixin.py:188} INFO - [2026-06-18T17:44:47.871+0000] {dag.py:3036} INFO - Sync 1 DAGs
[2026-06-18T17:44:47.891+0000] {logging_mixin.py:188} INFO - [2026-06-18T17:44:47.891+0000] {dag.py:3823} INFO - Setting next_dagrun for tutorial_taskflow_api_virtualenv to None, run_after=None
[2026-06-18T17:44:47.923+0000] {processor.py:183} INFO - Processing /home/airflow/.local/lib/python3.8/site-packages/airflow/example_dags/tutorial_taskflow_api_virtualenv.py took 0.111 seconds
[2026-06-18T17:45:18.459+0000] {processor.py:161} INFO - Started process (PID=7253) to work on /home/airflow/.local/lib/python3.8/site-packages/airflow/example_dags/tutorial_taskflow_api_virtualenv.py
[2026-06-18T17:45:18.462+0000] {processor.py:830} INFO - Processing file /home/airflow/.local/lib/python3.8/site-packages/airflow/example_dags/tutorial_taskflow_api_virtualenv.py for tasks to queue
[2026-06-18T17:45:18.465+0000] {logging_mixin.py:188} INFO - [2026-06-18T17:45:18.464+0000] {dagbag.py:538} INFO - Filling up the DagBag from /home/airflow/.local/lib/python3.8/site-packages/airflow/example_dags/tutorial_taskflow_api_virtualenv.py
[2026-06-18T17:45:18.488+0000] {processor.py:840} INFO - DAG(s) 'tutorial_taskflow_api_virtualenv' retrieved from /home/airflow/.local/lib/python3.8/site-packages/airflow/example_dags/tutorial_taskflow_api_virtualenv.py
[2026-06-18T17:45:18.531+0000] {logging_mixin.py:188} INFO - [2026-06-18T17:45:18.530+0000] {dag.py:3036} INFO - Sync 1 DAGs
[2026-06-18T17:45:18.556+0000] {logging_mixin.py:188} INFO - [2026-06-18T17:45:18.555+0000] {dag.py:3823} INFO - Setting next_dagrun for tutorial_taskflow_api_virtualenv to None, run_after=None
[2026-06-18T17:45:18.600+0000] {processor.py:183} INFO - Processing /home/airflow/.local/lib/python3.8/site-packages/airflow/example_dags/tutorial_taskflow_api_virtualenv.py took 0.146 seconds
[2026-06-18T17:45:48.668+0000] {processor.py:161} INFO - Started process (PID=7319) to work on /home/airflow/.local/lib/python3.8/site-packages/airflow/example_dags/tutorial_taskflow_api_virtualenv.py
[2026-06-18T17:45:48.669+0000] {processor.py:830} INFO - Processing file /home/airflow/.local/lib/python3.8/site-packages/airflow/example_dags/tutorial_taskflow_api_virtualenv.py for tasks to queue
[2026-06-18T17:45:48.672+0000] {logging_mixin.py:188} INFO - [2026-06-18T17:45:48.672+0000] {dagbag.py:538} INFO - Filling up the DagBag from /home/airflow/.local/lib/python3.8/site-packages/airflow/example_dags/tutorial_taskflow_api_virtualenv.py
[2026-06-18T17:45:48.693+0000] {processor.py:840} INFO - DAG(s) 'tutorial_taskflow_api_virtualenv' retrieved from /home/airflow/.local/lib/python3.8/site-packages/airflow/example_dags/tutorial_taskflow_api_virtualenv.py
[2026-06-18T17:45:48.733+0000] {logging_mixin.py:188} INFO - [2026-06-18T17:45:48.733+0000] {dag.py:3036} INFO - Sync 1 DAGs
[2026-06-18T17:45:48.756+0000] {logging_mixin.py:188} INFO - [2026-06-18T17:45:48.756+0000] {dag.py:3823} INFO - Setting next_dagrun for tutorial_taskflow_api_virtualenv to None, run_after=None
[2026-06-18T17:45:48.787+0000] {processor.py:183} INFO - Processing /home/airflow/.local/lib/python3.8/site-packages/airflow/example_dags/tutorial_taskflow_api_virtualenv.py took 0.124 seconds
[2026-06-18T17:46:19.529+0000] {processor.py:161} INFO - Started process (PID=7385) to work on /home/airflow/.local/lib/python3.8/site-packages/airflow/example_dags/tutorial_taskflow_api_virtualenv.py
[2026-06-18T17:46:19.531+0000] {processor.py:830} INFO - Processing file /home/airflow/.local/lib/python3.8/site-packages/airflow/example_dags/tutorial_taskflow_api_virtualenv.py for tasks to queue
[2026-06-18T17:46:19.534+0000] {logging_mixin.py:188} INFO - [2026-06-18T17:46:19.533+0000] {dagbag.py:538} INFO - Filling up the DagBag from /home/airflow/.local/lib/python3.8/site-packages/airflow/example_dags/tutorial_taskflow_api_virtualenv.py
[2026-06-18T17:46:19.549+0000] {processor.py:840} INFO - DAG(s) 'tutorial_taskflow_api_virtualenv' retrieved from /home/airflow/.local/lib/python3.8/site-packages/airflow/example_dags/tutorial_taskflow_api_virtualenv.py
[2026-06-18T17:46:19.585+0000] {logging_mixin.py:188} INFO - [2026-06-18T17:46:19.585+0000] {dag.py:3036} INFO - Sync 1 DAGs
[2026-06-18T17:46:19.604+0000] {logging_mixin.py:188} INFO - [2026-06-18T17:46:19.604+0000] {dag.py:3823} INFO - Setting next_dagrun for tutorial_taskflow_api_virtualenv to None, run_after=None
[2026-06-18T17:46:19.638+0000] {processor.py:183} INFO - Processing /home/airflow/.local/lib/python3.8/site-packages/airflow/example_dags/tutorial_taskflow_api_virtualenv.py took 0.115 seconds
[2026-06-18T17:46:49.938+0000] {processor.py:161} INFO - Started process (PID=7452) to work on /home/airflow/.local/lib/python3.8/site-packages/airflow/example_dags/tutorial_taskflow_api_virtualenv.py
[2026-06-18T17:46:49.940+0000] {processor.py:830} INFO - Processing file /home/airflow/.local/lib/python3.8/site-packages/airflow/example_dags/tutorial_taskflow_api_virtualenv.py for tasks to queue
[2026-06-18T17:46:49.944+0000] {logging_mixin.py:188} INFO - [2026-06-18T17:46:49.943+0000] {dagbag.py:538} INFO - Filling up the DagBag from /home/airflow/.local/lib/python3.8/site-packages/airflow/example_dags/tutorial_taskflow_api_virtualenv.py
[2026-06-18T17:46:49.961+0000] {processor.py:840} INFO - DAG(s) 'tutorial_taskflow_api_virtualenv' retrieved from /home/airflow/.local/lib/python3.8/site-packages/airflow/example_dags/tutorial_taskflow_api_virtualenv.py
[2026-06-18T17:46:50.002+0000] {logging_mixin.py:188} INFO - [2026-06-18T17:46:50.001+0000] {dag.py:3036} INFO - Sync 1 DAGs
[2026-06-18T17:46:50.029+0000] {logging_mixin.py:188} INFO - [2026-06-18T17:46:50.029+0000] {dag.py:3823} INFO - Setting next_dagrun for tutorial_taskflow_api_virtualenv to None, run_after=None
[2026-06-18T17:46:50.065+0000] {processor.py:183} INFO - Processing /home/airflow/.local/lib/python3.8/site-packages/airflow/example_dags/tutorial_taskflow_api_virtualenv.py took 0.132 seconds
[2026-06-18T17:47:20.857+0000] {processor.py:161} INFO - Started process (PID=7518) to work on /home/airflow/.local/lib/python3.8/site-packages/airflow/example_dags/tutorial_taskflow_api_virtualenv.py
[2026-06-18T17:47:20.859+0000] {processor.py:830} INFO - Processing file /home/airflow/.local/lib/python3.8/site-packages/airflow/example_dags/tutorial_taskflow_api_virtualenv.py for tasks to queue
[2026-06-18T17:47:20.863+0000] {logging_mixin.py:188} INFO - [2026-06-18T17:47:20.862+0000] {dagbag.py:538} INFO - Filling up the DagBag from /home/airflow/.local/lib/python3.8/site-packages/airflow/example_dags/tutorial_taskflow_api_virtualenv.py
[2026-06-18T17:47:20.882+0000] {processor.py:840} INFO - DAG(s) 'tutorial_taskflow_api_virtualenv' retrieved from /home/airflow/.local/lib/python3.8/site-packages/airflow/example_dags/tutorial_taskflow_api_virtualenv.py
[2026-06-18T17:47:20.944+0000] {logging_mixin.py:188} INFO - [2026-06-18T17:47:20.944+0000] {dag.py:3036} INFO - Sync 1 DAGs
[2026-06-18T17:47:20.968+0000] {logging_mixin.py:188} INFO - [2026-06-18T17:47:20.967+0000] {dag.py:3823} INFO - Setting next_dagrun for tutorial_taskflow_api_virtualenv to None, run_after=None
[2026-06-18T17:47:21.003+0000] {processor.py:183} INFO - Processing /home/airflow/.local/lib/python3.8/site-packages/airflow/example_dags/tutorial_taskflow_api_virtualenv.py took 0.151 seconds
[2026-06-18T17:47:51.346+0000] {processor.py:161} INFO - Started process (PID=7585) to work on /home/airflow/.local/lib/python3.8/site-packages/airflow/example_dags/tutorial_taskflow_api_virtualenv.py
[2026-06-18T17:47:51.347+0000] {processor.py:830} INFO - Processing file /home/airflow/.local/lib/python3.8/site-packages/airflow/example_dags/tutorial_taskflow_api_virtualenv.py for tasks to queue
[2026-06-18T17:47:51.350+0000] {logging_mixin.py:188} INFO - [2026-06-18T17:47:51.349+0000] {dagbag.py:538} INFO - Filling up the DagBag from /home/airflow/.local/lib/python3.8/site-packages/airflow/example_dags/tutorial_taskflow_api_virtualenv.py
[2026-06-18T17:47:51.367+0000] {processor.py:840} INFO - DAG(s) 'tutorial_taskflow_api_virtualenv' retrieved from /home/airflow/.local/lib/python3.8/site-packages/airflow/example_dags/tutorial_taskflow_api_virtualenv.py
[2026-06-18T17:47:51.409+0000] {logging_mixin.py:188} INFO - [2026-06-18T17:47:51.409+0000] {dag.py:3036} INFO - Sync 1 DAGs
[2026-06-18T17:47:51.434+0000] {logging_mixin.py:188} INFO - [2026-06-18T17:47:51.433+0000] {dag.py:3823} INFO - Setting next_dagrun for tutorial_taskflow_api_virtualenv to None, run_after=None
[2026-06-18T17:47:51.471+0000] {processor.py:183} INFO - Processing /home/airflow/.local/lib/python3.8/site-packages/airflow/example_dags/tutorial_taskflow_api_virtualenv.py took 0.130 seconds
[2026-06-18T17:48:21.990+0000] {processor.py:161} INFO - Started process (PID=7657) to work on /home/airflow/.local/lib/python3.8/site-packages/airflow/example_dags/tutorial_taskflow_api_virtualenv.py
[2026-06-18T17:48:21.992+0000] {processor.py:830} INFO - Processing file /home/airflow/.local/lib/python3.8/site-packages/airflow/example_dags/tutorial_taskflow_api_virtualenv.py for tasks to queue
[2026-06-18T17:48:21.995+0000] {logging_mixin.py:188} INFO - [2026-06-18T17:48:21.995+0000] {dagbag.py:538} INFO - Filling up the DagBag from /home/airflow/.local/lib/python3.8/site-packages/airflow/example_dags/tutorial_taskflow_api_virtualenv.py
[2026-06-18T17:48:22.015+0000] {processor.py:840} INFO - DAG(s) 'tutorial_taskflow_api_virtualenv' retrieved from /home/airflow/.local/lib/python3.8/site-packages/airflow/example_dags/tutorial_taskflow_api_virtualenv.py
[2026-06-18T17:48:22.053+0000] {logging_mixin.py:188} INFO - [2026-06-18T17:48:22.052+0000] {dag.py:3036} INFO - Sync 1 DAGs
[2026-06-18T17:48:22.076+0000] {logging_mixin.py:188} INFO - [2026-06-18T17:48:22.076+0000] {dag.py:3823} INFO - Setting next_dagrun for tutorial_taskflow_api_virtualenv to None, run_after=None
[2026-06-18T17:48:22.105+0000] {processor.py:183} INFO - Processing /home/airflow/.local/lib/python3.8/site-packages/airflow/example_dags/tutorial_taskflow_api_virtualenv.py took 0.121 seconds
[2026-06-18T17:48:52.672+0000] {processor.py:161} INFO - Started process (PID=7725) to work on /home/airflow/.local/lib/python3.8/site-packages/airflow/example_dags/tutorial_taskflow_api_virtualenv.py
[2026-06-18T17:48:52.674+0000] {processor.py:830} INFO - Processing file /home/airflow/.local/lib/python3.8/site-packages/airflow/example_dags/tutorial_taskflow_api_virtualenv.py for tasks to queue
[2026-06-18T17:48:52.677+0000] {logging_mixin.py:188} INFO - [2026-06-18T17:48:52.676+0000] {dagbag.py:538} INFO - Filling up the DagBag from /home/airflow/.local/lib/python3.8/site-packages/airflow/example_dags/tutorial_taskflow_api_virtualenv.py
[2026-06-18T17:48:52.693+0000] {processor.py:840} INFO - DAG(s) 'tutorial_taskflow_api_virtualenv' retrieved from /home/airflow/.local/lib/python3.8/site-packages/airflow/example_dags/tutorial_taskflow_api_virtualenv.py
[2026-06-18T17:48:52.734+0000] {logging_mixin.py:188} INFO - [2026-06-18T17:48:52.734+0000] {dag.py:3036} INFO - Sync 1 DAGs
[2026-06-18T17:48:52.760+0000] {logging_mixin.py:188} INFO - [2026-06-18T17:48:52.760+0000] {dag.py:3823} INFO - Setting next_dagrun for tutorial_taskflow_api_virtualenv to None, run_after=None
[2026-06-18T17:48:52.796+0000] {processor.py:183} INFO - Processing /home/airflow/.local/lib/python3.8/site-packages/airflow/example_dags/tutorial_taskflow_api_virtualenv.py took 0.129 seconds
[2026-06-18T17:49:22.951+0000] {processor.py:161} INFO - Started process (PID=7790) to work on /home/airflow/.local/lib/python3.8/site-packages/airflow/example_dags/tutorial_taskflow_api_virtualenv.py
[2026-06-18T17:49:22.952+0000] {processor.py:830} INFO - Processing file /home/airflow/.local/lib/python3.8/site-packages/airflow/example_dags/tutorial_taskflow_api_virtualenv.py for tasks to queue
[2026-06-18T17:49:22.955+0000] {logging_mixin.py:188} INFO - [2026-06-18T17:49:22.954+0000] {dagbag.py:538} INFO - Filling up the DagBag from /home/airflow/.local/lib/python3.8/site-packages/airflow/example_dags/tutorial_taskflow_api_virtualenv.py
[2026-06-18T17:49:22.971+0000] {processor.py:840} INFO - DAG(s) 'tutorial_taskflow_api_virtualenv' retrieved from /home/airflow/.local/lib/python3.8/site-packages/airflow/example_dags/tutorial_taskflow_api_virtualenv.py
[2026-06-18T17:49:23.008+0000] {logging_mixin.py:188} INFO - [2026-06-18T17:49:23.007+0000] {dag.py:3036} INFO - Sync 1 DAGs
[2026-06-18T17:49:23.027+0000] {logging_mixin.py:188} INFO - [2026-06-18T17:49:23.027+0000] {dag.py:3823} INFO - Setting next_dagrun for tutorial_taskflow_api_virtualenv to None, run_after=None
[2026-06-18T17:49:23.063+0000] {processor.py:183} INFO - Processing /home/airflow/.local/lib/python3.8/site-packages/airflow/example_dags/tutorial_taskflow_api_virtualenv.py took 0.118 seconds
