[2026-06-18T16:50:12.374+0000] {processor.py:161} INFO - Started process (PID=50) to work on /home/airflow/.local/lib/python3.8/site-packages/airflow/example_dags/tutorial_taskflow_api.py
[2026-06-18T16:50:12.388+0000] {processor.py:830} INFO - Processing file /home/airflow/.local/lib/python3.8/site-packages/airflow/example_dags/tutorial_taskflow_api.py for tasks to queue
[2026-06-18T16:50:12.391+0000] {logging_mixin.py:188} INFO - [2026-06-18T16:50:12.390+0000] {dagbag.py:538} INFO - Filling up the DagBag from /home/airflow/.local/lib/python3.8/site-packages/airflow/example_dags/tutorial_taskflow_api.py
[2026-06-18T16:50:12.431+0000] {processor.py:840} INFO - DAG(s) 'tutorial_taskflow_api' retrieved from /home/airflow/.local/lib/python3.8/site-packages/airflow/example_dags/tutorial_taskflow_api.py
[2026-06-18T16:50:12.560+0000] {logging_mixin.py:188} INFO - [2026-06-18T16:50:12.560+0000] {dag.py:3036} INFO - Sync 1 DAGs
[2026-06-18T16:50:12.610+0000] {logging_mixin.py:188} INFO - [2026-06-18T16:50:12.594+0000] {dag.py:3823} INFO - Setting next_dagrun for tutorial_taskflow_api to None, run_after=None
[2026-06-18T16:50:12.669+0000] {processor.py:183} INFO - Processing /home/airflow/.local/lib/python3.8/site-packages/airflow/example_dags/tutorial_taskflow_api.py took 0.301 seconds
[2026-06-18T16:50:42.940+0000] {processor.py:161} INFO - Started process (PID=116) to work on /home/airflow/.local/lib/python3.8/site-packages/airflow/example_dags/tutorial_taskflow_api.py
[2026-06-18T16:50:42.942+0000] {processor.py:830} INFO - Processing file /home/airflow/.local/lib/python3.8/site-packages/airflow/example_dags/tutorial_taskflow_api.py for tasks to queue
[2026-06-18T16:50:42.945+0000] {logging_mixin.py:188} INFO - [2026-06-18T16:50:42.944+0000] {dagbag.py:538} INFO - Filling up the DagBag from /home/airflow/.local/lib/python3.8/site-packages/airflow/example_dags/tutorial_taskflow_api.py
[2026-06-18T16:50:42.956+0000] {processor.py:840} INFO - DAG(s) 'tutorial_taskflow_api' retrieved from /home/airflow/.local/lib/python3.8/site-packages/airflow/example_dags/tutorial_taskflow_api.py
[2026-06-18T16:50:42.999+0000] {logging_mixin.py:188} INFO - [2026-06-18T16:50:42.998+0000] {dag.py:3036} INFO - Sync 1 DAGs
[2026-06-18T16:50:43.027+0000] {logging_mixin.py:188} INFO - [2026-06-18T16:50:43.026+0000] {dag.py:3823} INFO - Setting next_dagrun for tutorial_taskflow_api to None, run_after=None
[2026-06-18T16:50:43.078+0000] {processor.py:183} INFO - Processing /home/airflow/.local/lib/python3.8/site-packages/airflow/example_dags/tutorial_taskflow_api.py took 0.145 seconds
[2026-06-18T16:51:13.329+0000] {processor.py:161} INFO - Started process (PID=183) to work on /home/airflow/.local/lib/python3.8/site-packages/airflow/example_dags/tutorial_taskflow_api.py
[2026-06-18T16:51:13.335+0000] {processor.py:830} INFO - Processing file /home/airflow/.local/lib/python3.8/site-packages/airflow/example_dags/tutorial_taskflow_api.py for tasks to queue
[2026-06-18T16:51:13.340+0000] {logging_mixin.py:188} INFO - [2026-06-18T16:51:13.339+0000] {dagbag.py:538} INFO - Filling up the DagBag from /home/airflow/.local/lib/python3.8/site-packages/airflow/example_dags/tutorial_taskflow_api.py
[2026-06-18T16:51:13.360+0000] {processor.py:840} INFO - DAG(s) 'tutorial_taskflow_api' retrieved from /home/airflow/.local/lib/python3.8/site-packages/airflow/example_dags/tutorial_taskflow_api.py
[2026-06-18T16:51:13.406+0000] {logging_mixin.py:188} INFO - [2026-06-18T16:51:13.406+0000] {dag.py:3036} INFO - Sync 1 DAGs
[2026-06-18T16:51:13.432+0000] {logging_mixin.py:188} INFO - [2026-06-18T16:51:13.432+0000] {dag.py:3823} INFO - Setting next_dagrun for tutorial_taskflow_api to None, run_after=None
[2026-06-18T16:51:13.480+0000] {processor.py:183} INFO - Processing /home/airflow/.local/lib/python3.8/site-packages/airflow/example_dags/tutorial_taskflow_api.py took 0.156 seconds
[2026-06-18T16:51:43.956+0000] {processor.py:161} INFO - Started process (PID=249) to work on /home/airflow/.local/lib/python3.8/site-packages/airflow/example_dags/tutorial_taskflow_api.py
[2026-06-18T16:51:43.958+0000] {processor.py:830} INFO - Processing file /home/airflow/.local/lib/python3.8/site-packages/airflow/example_dags/tutorial_taskflow_api.py for tasks to queue
[2026-06-18T16:51:43.961+0000] {logging_mixin.py:188} INFO - [2026-06-18T16:51:43.960+0000] {dagbag.py:538} INFO - Filling up the DagBag from /home/airflow/.local/lib/python3.8/site-packages/airflow/example_dags/tutorial_taskflow_api.py
[2026-06-18T16:51:43.972+0000] {processor.py:840} INFO - DAG(s) 'tutorial_taskflow_api' retrieved from /home/airflow/.local/lib/python3.8/site-packages/airflow/example_dags/tutorial_taskflow_api.py
[2026-06-18T16:51:44.013+0000] {logging_mixin.py:188} INFO - [2026-06-18T16:51:44.013+0000] {dag.py:3036} INFO - Sync 1 DAGs
[2026-06-18T16:51:44.037+0000] {logging_mixin.py:188} INFO - [2026-06-18T16:51:44.037+0000] {dag.py:3823} INFO - Setting next_dagrun for tutorial_taskflow_api to None, run_after=None
[2026-06-18T16:51:44.070+0000] {processor.py:183} INFO - Processing /home/airflow/.local/lib/python3.8/site-packages/airflow/example_dags/tutorial_taskflow_api.py took 0.120 seconds
[2026-06-18T16:52:14.203+0000] {processor.py:161} INFO - Started process (PID=315) to work on /home/airflow/.local/lib/python3.8/site-packages/airflow/example_dags/tutorial_taskflow_api.py
[2026-06-18T16:52:14.205+0000] {processor.py:830} INFO - Processing file /home/airflow/.local/lib/python3.8/site-packages/airflow/example_dags/tutorial_taskflow_api.py for tasks to queue
[2026-06-18T16:52:14.208+0000] {logging_mixin.py:188} INFO - [2026-06-18T16:52:14.208+0000] {dagbag.py:538} INFO - Filling up the DagBag from /home/airflow/.local/lib/python3.8/site-packages/airflow/example_dags/tutorial_taskflow_api.py
[2026-06-18T16:52:14.220+0000] {processor.py:840} INFO - DAG(s) 'tutorial_taskflow_api' retrieved from /home/airflow/.local/lib/python3.8/site-packages/airflow/example_dags/tutorial_taskflow_api.py
[2026-06-18T16:52:14.261+0000] {logging_mixin.py:188} INFO - [2026-06-18T16:52:14.260+0000] {dag.py:3036} INFO - Sync 1 DAGs
[2026-06-18T16:52:14.287+0000] {logging_mixin.py:188} INFO - [2026-06-18T16:52:14.287+0000] {dag.py:3823} INFO - Setting next_dagrun for tutorial_taskflow_api to None, run_after=None
[2026-06-18T16:52:14.322+0000] {processor.py:183} INFO - Processing /home/airflow/.local/lib/python3.8/site-packages/airflow/example_dags/tutorial_taskflow_api.py took 0.125 seconds
[2026-06-18T16:52:44.759+0000] {processor.py:161} INFO - Started process (PID=382) to work on /home/airflow/.local/lib/python3.8/site-packages/airflow/example_dags/tutorial_taskflow_api.py
[2026-06-18T16:52:44.760+0000] {processor.py:830} INFO - Processing file /home/airflow/.local/lib/python3.8/site-packages/airflow/example_dags/tutorial_taskflow_api.py for tasks to queue
[2026-06-18T16:52:44.763+0000] {logging_mixin.py:188} INFO - [2026-06-18T16:52:44.762+0000] {dagbag.py:538} INFO - Filling up the DagBag from /home/airflow/.local/lib/python3.8/site-packages/airflow/example_dags/tutorial_taskflow_api.py
[2026-06-18T16:52:44.773+0000] {processor.py:840} INFO - DAG(s) 'tutorial_taskflow_api' retrieved from /home/airflow/.local/lib/python3.8/site-packages/airflow/example_dags/tutorial_taskflow_api.py
[2026-06-18T16:52:44.809+0000] {logging_mixin.py:188} INFO - [2026-06-18T16:52:44.809+0000] {dag.py:3036} INFO - Sync 1 DAGs
[2026-06-18T16:52:44.828+0000] {logging_mixin.py:188} INFO - [2026-06-18T16:52:44.828+0000] {dag.py:3823} INFO - Setting next_dagrun for tutorial_taskflow_api to None, run_after=None
[2026-06-18T16:52:44.860+0000] {processor.py:183} INFO - Processing /home/airflow/.local/lib/python3.8/site-packages/airflow/example_dags/tutorial_taskflow_api.py took 0.106 seconds
[2026-06-18T16:53:15.107+0000] {processor.py:161} INFO - Started process (PID=449) to work on /home/airflow/.local/lib/python3.8/site-packages/airflow/example_dags/tutorial_taskflow_api.py
[2026-06-18T16:53:15.108+0000] {processor.py:830} INFO - Processing file /home/airflow/.local/lib/python3.8/site-packages/airflow/example_dags/tutorial_taskflow_api.py for tasks to queue
[2026-06-18T16:53:15.111+0000] {logging_mixin.py:188} INFO - [2026-06-18T16:53:15.110+0000] {dagbag.py:538} INFO - Filling up the DagBag from /home/airflow/.local/lib/python3.8/site-packages/airflow/example_dags/tutorial_taskflow_api.py
[2026-06-18T16:53:15.120+0000] {processor.py:840} INFO - DAG(s) 'tutorial_taskflow_api' retrieved from /home/airflow/.local/lib/python3.8/site-packages/airflow/example_dags/tutorial_taskflow_api.py
[2026-06-18T16:53:15.159+0000] {logging_mixin.py:188} INFO - [2026-06-18T16:53:15.158+0000] {dag.py:3036} INFO - Sync 1 DAGs
[2026-06-18T16:53:15.182+0000] {logging_mixin.py:188} INFO - [2026-06-18T16:53:15.181+0000] {dag.py:3823} INFO - Setting next_dagrun for tutorial_taskflow_api to None, run_after=None
[2026-06-18T16:53:15.215+0000] {processor.py:183} INFO - Processing /home/airflow/.local/lib/python3.8/site-packages/airflow/example_dags/tutorial_taskflow_api.py took 0.113 seconds
[2026-06-18T16:53:45.423+0000] {processor.py:161} INFO - Started process (PID=516) to work on /home/airflow/.local/lib/python3.8/site-packages/airflow/example_dags/tutorial_taskflow_api.py
[2026-06-18T16:53:45.424+0000] {processor.py:830} INFO - Processing file /home/airflow/.local/lib/python3.8/site-packages/airflow/example_dags/tutorial_taskflow_api.py for tasks to queue
[2026-06-18T16:53:45.427+0000] {logging_mixin.py:188} INFO - [2026-06-18T16:53:45.427+0000] {dagbag.py:538} INFO - Filling up the DagBag from /home/airflow/.local/lib/python3.8/site-packages/airflow/example_dags/tutorial_taskflow_api.py
[2026-06-18T16:53:45.438+0000] {processor.py:840} INFO - DAG(s) 'tutorial_taskflow_api' retrieved from /home/airflow/.local/lib/python3.8/site-packages/airflow/example_dags/tutorial_taskflow_api.py
[2026-06-18T16:53:45.477+0000] {logging_mixin.py:188} INFO - [2026-06-18T16:53:45.476+0000] {dag.py:3036} INFO - Sync 1 DAGs
[2026-06-18T16:53:45.500+0000] {logging_mixin.py:188} INFO - [2026-06-18T16:53:45.500+0000] {dag.py:3823} INFO - Setting next_dagrun for tutorial_taskflow_api to None, run_after=None
[2026-06-18T16:53:45.532+0000] {processor.py:183} INFO - Processing /home/airflow/.local/lib/python3.8/site-packages/airflow/example_dags/tutorial_taskflow_api.py took 0.114 seconds
[2026-06-18T16:54:16.046+0000] {processor.py:161} INFO - Started process (PID=583) to work on /home/airflow/.local/lib/python3.8/site-packages/airflow/example_dags/tutorial_taskflow_api.py
[2026-06-18T16:54:16.048+0000] {processor.py:830} INFO - Processing file /home/airflow/.local/lib/python3.8/site-packages/airflow/example_dags/tutorial_taskflow_api.py for tasks to queue
[2026-06-18T16:54:16.052+0000] {logging_mixin.py:188} INFO - [2026-06-18T16:54:16.051+0000] {dagbag.py:538} INFO - Filling up the DagBag from /home/airflow/.local/lib/python3.8/site-packages/airflow/example_dags/tutorial_taskflow_api.py
[2026-06-18T16:54:16.062+0000] {processor.py:840} INFO - DAG(s) 'tutorial_taskflow_api' retrieved from /home/airflow/.local/lib/python3.8/site-packages/airflow/example_dags/tutorial_taskflow_api.py
[2026-06-18T16:54:16.103+0000] {logging_mixin.py:188} INFO - [2026-06-18T16:54:16.102+0000] {dag.py:3036} INFO - Sync 1 DAGs
[2026-06-18T16:54:16.125+0000] {logging_mixin.py:188} INFO - [2026-06-18T16:54:16.124+0000] {dag.py:3823} INFO - Setting next_dagrun for tutorial_taskflow_api to None, run_after=None
[2026-06-18T16:54:16.155+0000] {processor.py:183} INFO - Processing /home/airflow/.local/lib/python3.8/site-packages/airflow/example_dags/tutorial_taskflow_api.py took 0.114 seconds
[2026-06-18T16:54:46.448+0000] {processor.py:161} INFO - Started process (PID=648) to work on /home/airflow/.local/lib/python3.8/site-packages/airflow/example_dags/tutorial_taskflow_api.py
[2026-06-18T16:54:46.449+0000] {processor.py:830} INFO - Processing file /home/airflow/.local/lib/python3.8/site-packages/airflow/example_dags/tutorial_taskflow_api.py for tasks to queue
[2026-06-18T16:54:46.452+0000] {logging_mixin.py:188} INFO - [2026-06-18T16:54:46.452+0000] {dagbag.py:538} INFO - Filling up the DagBag from /home/airflow/.local/lib/python3.8/site-packages/airflow/example_dags/tutorial_taskflow_api.py
[2026-06-18T16:54:46.464+0000] {processor.py:840} INFO - DAG(s) 'tutorial_taskflow_api' retrieved from /home/airflow/.local/lib/python3.8/site-packages/airflow/example_dags/tutorial_taskflow_api.py
[2026-06-18T16:54:46.504+0000] {logging_mixin.py:188} INFO - [2026-06-18T16:54:46.504+0000] {dag.py:3036} INFO - Sync 1 DAGs
[2026-06-18T16:54:46.528+0000] {logging_mixin.py:188} INFO - [2026-06-18T16:54:46.528+0000] {dag.py:3823} INFO - Setting next_dagrun for tutorial_taskflow_api to None, run_after=None
[2026-06-18T16:54:46.560+0000] {processor.py:183} INFO - Processing /home/airflow/.local/lib/python3.8/site-packages/airflow/example_dags/tutorial_taskflow_api.py took 0.118 seconds
[2026-06-18T16:55:16.996+0000] {processor.py:161} INFO - Started process (PID=715) to work on /home/airflow/.local/lib/python3.8/site-packages/airflow/example_dags/tutorial_taskflow_api.py
[2026-06-18T16:55:16.998+0000] {processor.py:830} INFO - Processing file /home/airflow/.local/lib/python3.8/site-packages/airflow/example_dags/tutorial_taskflow_api.py for tasks to queue
[2026-06-18T16:55:17.002+0000] {logging_mixin.py:188} INFO - [2026-06-18T16:55:17.001+0000] {dagbag.py:538} INFO - Filling up the DagBag from /home/airflow/.local/lib/python3.8/site-packages/airflow/example_dags/tutorial_taskflow_api.py
[2026-06-18T16:55:17.013+0000] {processor.py:840} INFO - DAG(s) 'tutorial_taskflow_api' retrieved from /home/airflow/.local/lib/python3.8/site-packages/airflow/example_dags/tutorial_taskflow_api.py
[2026-06-18T16:55:17.054+0000] {logging_mixin.py:188} INFO - [2026-06-18T16:55:17.053+0000] {dag.py:3036} INFO - Sync 1 DAGs
[2026-06-18T16:55:17.079+0000] {logging_mixin.py:188} INFO - [2026-06-18T16:55:17.079+0000] {dag.py:3823} INFO - Setting next_dagrun for tutorial_taskflow_api to None, run_after=None
[2026-06-18T16:55:17.114+0000] {processor.py:183} INFO - Processing /home/airflow/.local/lib/python3.8/site-packages/airflow/example_dags/tutorial_taskflow_api.py took 0.126 seconds
[2026-06-18T16:55:47.239+0000] {processor.py:161} INFO - Started process (PID=781) to work on /home/airflow/.local/lib/python3.8/site-packages/airflow/example_dags/tutorial_taskflow_api.py
[2026-06-18T16:55:47.241+0000] {processor.py:830} INFO - Processing file /home/airflow/.local/lib/python3.8/site-packages/airflow/example_dags/tutorial_taskflow_api.py for tasks to queue
[2026-06-18T16:55:47.244+0000] {logging_mixin.py:188} INFO - [2026-06-18T16:55:47.243+0000] {dagbag.py:538} INFO - Filling up the DagBag from /home/airflow/.local/lib/python3.8/site-packages/airflow/example_dags/tutorial_taskflow_api.py
[2026-06-18T16:55:47.255+0000] {processor.py:840} INFO - DAG(s) 'tutorial_taskflow_api' retrieved from /home/airflow/.local/lib/python3.8/site-packages/airflow/example_dags/tutorial_taskflow_api.py
[2026-06-18T16:55:47.298+0000] {logging_mixin.py:188} INFO - [2026-06-18T16:55:47.297+0000] {dag.py:3036} INFO - Sync 1 DAGs
[2026-06-18T16:55:47.324+0000] {logging_mixin.py:188} INFO - [2026-06-18T16:55:47.323+0000] {dag.py:3823} INFO - Setting next_dagrun for tutorial_taskflow_api to None, run_after=None
[2026-06-18T16:55:47.375+0000] {processor.py:183} INFO - Processing /home/airflow/.local/lib/python3.8/site-packages/airflow/example_dags/tutorial_taskflow_api.py took 0.142 seconds
[2026-06-18T16:56:17.748+0000] {processor.py:161} INFO - Started process (PID=848) to work on /home/airflow/.local/lib/python3.8/site-packages/airflow/example_dags/tutorial_taskflow_api.py
[2026-06-18T16:56:17.750+0000] {processor.py:830} INFO - Processing file /home/airflow/.local/lib/python3.8/site-packages/airflow/example_dags/tutorial_taskflow_api.py for tasks to queue
[2026-06-18T16:56:17.752+0000] {logging_mixin.py:188} INFO - [2026-06-18T16:56:17.752+0000] {dagbag.py:538} INFO - Filling up the DagBag from /home/airflow/.local/lib/python3.8/site-packages/airflow/example_dags/tutorial_taskflow_api.py
[2026-06-18T16:56:17.761+0000] {processor.py:840} INFO - DAG(s) 'tutorial_taskflow_api' retrieved from /home/airflow/.local/lib/python3.8/site-packages/airflow/example_dags/tutorial_taskflow_api.py
[2026-06-18T16:56:17.794+0000] {logging_mixin.py:188} INFO - [2026-06-18T16:56:17.794+0000] {dag.py:3036} INFO - Sync 1 DAGs
[2026-06-18T16:56:17.816+0000] {logging_mixin.py:188} INFO - [2026-06-18T16:56:17.816+0000] {dag.py:3823} INFO - Setting next_dagrun for tutorial_taskflow_api to None, run_after=None
[2026-06-18T16:56:17.847+0000] {processor.py:183} INFO - Processing /home/airflow/.local/lib/python3.8/site-packages/airflow/example_dags/tutorial_taskflow_api.py took 0.103 seconds
[2026-06-18T16:56:48.685+0000] {processor.py:161} INFO - Started process (PID=921) to work on /home/airflow/.local/lib/python3.8/site-packages/airflow/example_dags/tutorial_taskflow_api.py
[2026-06-18T16:56:48.687+0000] {processor.py:830} INFO - Processing file /home/airflow/.local/lib/python3.8/site-packages/airflow/example_dags/tutorial_taskflow_api.py for tasks to queue
[2026-06-18T16:56:48.690+0000] {logging_mixin.py:188} INFO - [2026-06-18T16:56:48.690+0000] {dagbag.py:538} INFO - Filling up the DagBag from /home/airflow/.local/lib/python3.8/site-packages/airflow/example_dags/tutorial_taskflow_api.py
[2026-06-18T16:56:48.702+0000] {processor.py:840} INFO - DAG(s) 'tutorial_taskflow_api' retrieved from /home/airflow/.local/lib/python3.8/site-packages/airflow/example_dags/tutorial_taskflow_api.py
[2026-06-18T16:56:48.743+0000] {logging_mixin.py:188} INFO - [2026-06-18T16:56:48.743+0000] {dag.py:3036} INFO - Sync 1 DAGs
[2026-06-18T16:56:48.770+0000] {logging_mixin.py:188} INFO - [2026-06-18T16:56:48.769+0000] {dag.py:3823} INFO - Setting next_dagrun for tutorial_taskflow_api to None, run_after=None
[2026-06-18T16:56:48.807+0000] {processor.py:183} INFO - Processing /home/airflow/.local/lib/python3.8/site-packages/airflow/example_dags/tutorial_taskflow_api.py took 0.128 seconds
[2026-06-18T16:57:19.428+0000] {processor.py:161} INFO - Started process (PID=987) to work on /home/airflow/.local/lib/python3.8/site-packages/airflow/example_dags/tutorial_taskflow_api.py
[2026-06-18T16:57:19.431+0000] {processor.py:830} INFO - Processing file /home/airflow/.local/lib/python3.8/site-packages/airflow/example_dags/tutorial_taskflow_api.py for tasks to queue
[2026-06-18T16:57:19.434+0000] {logging_mixin.py:188} INFO - [2026-06-18T16:57:19.433+0000] {dagbag.py:538} INFO - Filling up the DagBag from /home/airflow/.local/lib/python3.8/site-packages/airflow/example_dags/tutorial_taskflow_api.py
[2026-06-18T16:57:19.445+0000] {processor.py:840} INFO - DAG(s) 'tutorial_taskflow_api' retrieved from /home/airflow/.local/lib/python3.8/site-packages/airflow/example_dags/tutorial_taskflow_api.py
[2026-06-18T16:57:19.482+0000] {logging_mixin.py:188} INFO - [2026-06-18T16:57:19.481+0000] {dag.py:3036} INFO - Sync 1 DAGs
[2026-06-18T16:57:19.505+0000] {logging_mixin.py:188} INFO - [2026-06-18T16:57:19.505+0000] {dag.py:3823} INFO - Setting next_dagrun for tutorial_taskflow_api to None, run_after=None
[2026-06-18T16:57:19.542+0000] {processor.py:183} INFO - Processing /home/airflow/.local/lib/python3.8/site-packages/airflow/example_dags/tutorial_taskflow_api.py took 0.120 seconds
[2026-06-18T16:57:50.200+0000] {processor.py:161} INFO - Started process (PID=1052) to work on /home/airflow/.local/lib/python3.8/site-packages/airflow/example_dags/tutorial_taskflow_api.py
[2026-06-18T16:57:50.202+0000] {processor.py:830} INFO - Processing file /home/airflow/.local/lib/python3.8/site-packages/airflow/example_dags/tutorial_taskflow_api.py for tasks to queue
[2026-06-18T16:57:50.205+0000] {logging_mixin.py:188} INFO - [2026-06-18T16:57:50.205+0000] {dagbag.py:538} INFO - Filling up the DagBag from /home/airflow/.local/lib/python3.8/site-packages/airflow/example_dags/tutorial_taskflow_api.py
[2026-06-18T16:57:50.216+0000] {processor.py:840} INFO - DAG(s) 'tutorial_taskflow_api' retrieved from /home/airflow/.local/lib/python3.8/site-packages/airflow/example_dags/tutorial_taskflow_api.py
[2026-06-18T16:57:50.255+0000] {logging_mixin.py:188} INFO - [2026-06-18T16:57:50.255+0000] {dag.py:3036} INFO - Sync 1 DAGs
[2026-06-18T16:57:50.276+0000] {logging_mixin.py:188} INFO - [2026-06-18T16:57:50.275+0000] {dag.py:3823} INFO - Setting next_dagrun for tutorial_taskflow_api to None, run_after=None
[2026-06-18T16:57:50.305+0000] {processor.py:183} INFO - Processing /home/airflow/.local/lib/python3.8/site-packages/airflow/example_dags/tutorial_taskflow_api.py took 0.109 seconds
[2026-06-18T16:58:20.629+0000] {processor.py:161} INFO - Started process (PID=1117) to work on /home/airflow/.local/lib/python3.8/site-packages/airflow/example_dags/tutorial_taskflow_api.py
[2026-06-18T16:58:20.631+0000] {processor.py:830} INFO - Processing file /home/airflow/.local/lib/python3.8/site-packages/airflow/example_dags/tutorial_taskflow_api.py for tasks to queue
[2026-06-18T16:58:20.635+0000] {logging_mixin.py:188} INFO - [2026-06-18T16:58:20.634+0000] {dagbag.py:538} INFO - Filling up the DagBag from /home/airflow/.local/lib/python3.8/site-packages/airflow/example_dags/tutorial_taskflow_api.py
[2026-06-18T16:58:20.646+0000] {processor.py:840} INFO - DAG(s) 'tutorial_taskflow_api' retrieved from /home/airflow/.local/lib/python3.8/site-packages/airflow/example_dags/tutorial_taskflow_api.py
[2026-06-18T16:58:20.687+0000] {logging_mixin.py:188} INFO - [2026-06-18T16:58:20.687+0000] {dag.py:3036} INFO - Sync 1 DAGs
[2026-06-18T16:58:20.730+0000] {logging_mixin.py:188} INFO - [2026-06-18T16:58:20.729+0000] {dag.py:3823} INFO - Setting next_dagrun for tutorial_taskflow_api to None, run_after=None
[2026-06-18T16:58:20.774+0000] {processor.py:183} INFO - Processing /home/airflow/.local/lib/python3.8/site-packages/airflow/example_dags/tutorial_taskflow_api.py took 0.150 seconds
[2026-06-18T16:58:50.900+0000] {processor.py:161} INFO - Started process (PID=1183) to work on /home/airflow/.local/lib/python3.8/site-packages/airflow/example_dags/tutorial_taskflow_api.py
[2026-06-18T16:58:50.902+0000] {processor.py:830} INFO - Processing file /home/airflow/.local/lib/python3.8/site-packages/airflow/example_dags/tutorial_taskflow_api.py for tasks to queue
[2026-06-18T16:58:50.905+0000] {logging_mixin.py:188} INFO - [2026-06-18T16:58:50.905+0000] {dagbag.py:538} INFO - Filling up the DagBag from /home/airflow/.local/lib/python3.8/site-packages/airflow/example_dags/tutorial_taskflow_api.py
[2026-06-18T16:58:50.916+0000] {processor.py:840} INFO - DAG(s) 'tutorial_taskflow_api' retrieved from /home/airflow/.local/lib/python3.8/site-packages/airflow/example_dags/tutorial_taskflow_api.py
[2026-06-18T16:58:50.940+0000] {logging_mixin.py:188} INFO - [2026-06-18T16:58:50.939+0000] {dag.py:3036} INFO - Sync 1 DAGs
[2026-06-18T16:58:50.962+0000] {logging_mixin.py:188} INFO - [2026-06-18T16:58:50.962+0000] {dag.py:3823} INFO - Setting next_dagrun for tutorial_taskflow_api to None, run_after=None
[2026-06-18T16:58:50.996+0000] {processor.py:183} INFO - Processing /home/airflow/.local/lib/python3.8/site-packages/airflow/example_dags/tutorial_taskflow_api.py took 0.101 seconds
[2026-06-18T16:59:22.002+0000] {processor.py:161} INFO - Started process (PID=1249) to work on /home/airflow/.local/lib/python3.8/site-packages/airflow/example_dags/tutorial_taskflow_api.py
[2026-06-18T16:59:22.004+0000] {processor.py:830} INFO - Processing file /home/airflow/.local/lib/python3.8/site-packages/airflow/example_dags/tutorial_taskflow_api.py for tasks to queue
[2026-06-18T16:59:22.007+0000] {logging_mixin.py:188} INFO - [2026-06-18T16:59:22.007+0000] {dagbag.py:538} INFO - Filling up the DagBag from /home/airflow/.local/lib/python3.8/site-packages/airflow/example_dags/tutorial_taskflow_api.py
[2026-06-18T16:59:22.019+0000] {processor.py:840} INFO - DAG(s) 'tutorial_taskflow_api' retrieved from /home/airflow/.local/lib/python3.8/site-packages/airflow/example_dags/tutorial_taskflow_api.py
[2026-06-18T16:59:22.229+0000] {logging_mixin.py:188} INFO - [2026-06-18T16:59:22.228+0000] {dag.py:3036} INFO - Sync 1 DAGs
[2026-06-18T16:59:22.251+0000] {logging_mixin.py:188} INFO - [2026-06-18T16:59:22.251+0000] {dag.py:3823} INFO - Setting next_dagrun for tutorial_taskflow_api to None, run_after=None
[2026-06-18T16:59:22.288+0000] {processor.py:183} INFO - Processing /home/airflow/.local/lib/python3.8/site-packages/airflow/example_dags/tutorial_taskflow_api.py took 0.292 seconds
[2026-06-18T16:59:52.840+0000] {processor.py:161} INFO - Started process (PID=1315) to work on /home/airflow/.local/lib/python3.8/site-packages/airflow/example_dags/tutorial_taskflow_api.py
[2026-06-18T16:59:52.843+0000] {processor.py:830} INFO - Processing file /home/airflow/.local/lib/python3.8/site-packages/airflow/example_dags/tutorial_taskflow_api.py for tasks to queue
[2026-06-18T16:59:52.846+0000] {logging_mixin.py:188} INFO - [2026-06-18T16:59:52.845+0000] {dagbag.py:538} INFO - Filling up the DagBag from /home/airflow/.local/lib/python3.8/site-packages/airflow/example_dags/tutorial_taskflow_api.py
[2026-06-18T16:59:52.857+0000] {processor.py:840} INFO - DAG(s) 'tutorial_taskflow_api' retrieved from /home/airflow/.local/lib/python3.8/site-packages/airflow/example_dags/tutorial_taskflow_api.py
[2026-06-18T16:59:52.895+0000] {logging_mixin.py:188} INFO - [2026-06-18T16:59:52.895+0000] {dag.py:3036} INFO - Sync 1 DAGs
[2026-06-18T16:59:52.920+0000] {logging_mixin.py:188} INFO - [2026-06-18T16:59:52.920+0000] {dag.py:3823} INFO - Setting next_dagrun for tutorial_taskflow_api to None, run_after=None
[2026-06-18T16:59:52.956+0000] {processor.py:183} INFO - Processing /home/airflow/.local/lib/python3.8/site-packages/airflow/example_dags/tutorial_taskflow_api.py took 0.125 seconds
[2026-06-18T17:00:23.598+0000] {processor.py:161} INFO - Started process (PID=1381) to work on /home/airflow/.local/lib/python3.8/site-packages/airflow/example_dags/tutorial_taskflow_api.py
[2026-06-18T17:00:23.600+0000] {processor.py:830} INFO - Processing file /home/airflow/.local/lib/python3.8/site-packages/airflow/example_dags/tutorial_taskflow_api.py for tasks to queue
[2026-06-18T17:00:23.602+0000] {logging_mixin.py:188} INFO - [2026-06-18T17:00:23.602+0000] {dagbag.py:538} INFO - Filling up the DagBag from /home/airflow/.local/lib/python3.8/site-packages/airflow/example_dags/tutorial_taskflow_api.py
[2026-06-18T17:00:23.611+0000] {processor.py:840} INFO - DAG(s) 'tutorial_taskflow_api' retrieved from /home/airflow/.local/lib/python3.8/site-packages/airflow/example_dags/tutorial_taskflow_api.py
[2026-06-18T17:00:23.633+0000] {logging_mixin.py:188} INFO - [2026-06-18T17:00:23.633+0000] {dag.py:3036} INFO - Sync 1 DAGs
[2026-06-18T17:00:23.655+0000] {logging_mixin.py:188} INFO - [2026-06-18T17:00:23.654+0000] {dag.py:3823} INFO - Setting next_dagrun for tutorial_taskflow_api to None, run_after=None
[2026-06-18T17:00:23.686+0000] {processor.py:183} INFO - Processing /home/airflow/.local/lib/python3.8/site-packages/airflow/example_dags/tutorial_taskflow_api.py took 0.093 seconds
[2026-06-18T17:00:54.400+0000] {processor.py:161} INFO - Started process (PID=1446) to work on /home/airflow/.local/lib/python3.8/site-packages/airflow/example_dags/tutorial_taskflow_api.py
[2026-06-18T17:00:54.401+0000] {processor.py:830} INFO - Processing file /home/airflow/.local/lib/python3.8/site-packages/airflow/example_dags/tutorial_taskflow_api.py for tasks to queue
[2026-06-18T17:00:54.404+0000] {logging_mixin.py:188} INFO - [2026-06-18T17:00:54.403+0000] {dagbag.py:538} INFO - Filling up the DagBag from /home/airflow/.local/lib/python3.8/site-packages/airflow/example_dags/tutorial_taskflow_api.py
[2026-06-18T17:00:54.415+0000] {processor.py:840} INFO - DAG(s) 'tutorial_taskflow_api' retrieved from /home/airflow/.local/lib/python3.8/site-packages/airflow/example_dags/tutorial_taskflow_api.py
[2026-06-18T17:00:54.601+0000] {logging_mixin.py:188} INFO - [2026-06-18T17:00:54.601+0000] {dag.py:3036} INFO - Sync 1 DAGs
[2026-06-18T17:00:54.619+0000] {logging_mixin.py:188} INFO - [2026-06-18T17:00:54.618+0000] {dag.py:3823} INFO - Setting next_dagrun for tutorial_taskflow_api to None, run_after=None
[2026-06-18T17:00:54.653+0000] {processor.py:183} INFO - Processing /home/airflow/.local/lib/python3.8/site-packages/airflow/example_dags/tutorial_taskflow_api.py took 0.259 seconds
[2026-06-18T17:01:25.485+0000] {processor.py:161} INFO - Started process (PID=1512) to work on /home/airflow/.local/lib/python3.8/site-packages/airflow/example_dags/tutorial_taskflow_api.py
[2026-06-18T17:01:25.487+0000] {processor.py:830} INFO - Processing file /home/airflow/.local/lib/python3.8/site-packages/airflow/example_dags/tutorial_taskflow_api.py for tasks to queue
[2026-06-18T17:01:25.490+0000] {logging_mixin.py:188} INFO - [2026-06-18T17:01:25.490+0000] {dagbag.py:538} INFO - Filling up the DagBag from /home/airflow/.local/lib/python3.8/site-packages/airflow/example_dags/tutorial_taskflow_api.py
[2026-06-18T17:01:25.502+0000] {processor.py:840} INFO - DAG(s) 'tutorial_taskflow_api' retrieved from /home/airflow/.local/lib/python3.8/site-packages/airflow/example_dags/tutorial_taskflow_api.py
[2026-06-18T17:01:25.539+0000] {logging_mixin.py:188} INFO - [2026-06-18T17:01:25.539+0000] {dag.py:3036} INFO - Sync 1 DAGs
[2026-06-18T17:01:25.558+0000] {logging_mixin.py:188} INFO - [2026-06-18T17:01:25.557+0000] {dag.py:3823} INFO - Setting next_dagrun for tutorial_taskflow_api to None, run_after=None
[2026-06-18T17:01:25.588+0000] {processor.py:183} INFO - Processing /home/airflow/.local/lib/python3.8/site-packages/airflow/example_dags/tutorial_taskflow_api.py took 0.108 seconds
[2026-06-18T17:01:56.196+0000] {processor.py:161} INFO - Started process (PID=1578) to work on /home/airflow/.local/lib/python3.8/site-packages/airflow/example_dags/tutorial_taskflow_api.py
[2026-06-18T17:01:56.197+0000] {processor.py:830} INFO - Processing file /home/airflow/.local/lib/python3.8/site-packages/airflow/example_dags/tutorial_taskflow_api.py for tasks to queue
[2026-06-18T17:01:56.200+0000] {logging_mixin.py:188} INFO - [2026-06-18T17:01:56.200+0000] {dagbag.py:538} INFO - Filling up the DagBag from /home/airflow/.local/lib/python3.8/site-packages/airflow/example_dags/tutorial_taskflow_api.py
[2026-06-18T17:01:56.212+0000] {processor.py:840} INFO - DAG(s) 'tutorial_taskflow_api' retrieved from /home/airflow/.local/lib/python3.8/site-packages/airflow/example_dags/tutorial_taskflow_api.py
[2026-06-18T17:01:56.254+0000] {logging_mixin.py:188} INFO - [2026-06-18T17:01:56.254+0000] {dag.py:3036} INFO - Sync 1 DAGs
[2026-06-18T17:01:56.282+0000] {logging_mixin.py:188} INFO - [2026-06-18T17:01:56.281+0000] {dag.py:3823} INFO - Setting next_dagrun for tutorial_taskflow_api to None, run_after=None
[2026-06-18T17:01:56.325+0000] {processor.py:183} INFO - Processing /home/airflow/.local/lib/python3.8/site-packages/airflow/example_dags/tutorial_taskflow_api.py took 0.135 seconds
[2026-06-18T17:02:26.737+0000] {processor.py:161} INFO - Started process (PID=1644) to work on /home/airflow/.local/lib/python3.8/site-packages/airflow/example_dags/tutorial_taskflow_api.py
[2026-06-18T17:02:26.739+0000] {processor.py:830} INFO - Processing file /home/airflow/.local/lib/python3.8/site-packages/airflow/example_dags/tutorial_taskflow_api.py for tasks to queue
[2026-06-18T17:02:26.742+0000] {logging_mixin.py:188} INFO - [2026-06-18T17:02:26.741+0000] {dagbag.py:538} INFO - Filling up the DagBag from /home/airflow/.local/lib/python3.8/site-packages/airflow/example_dags/tutorial_taskflow_api.py
[2026-06-18T17:02:26.753+0000] {processor.py:840} INFO - DAG(s) 'tutorial_taskflow_api' retrieved from /home/airflow/.local/lib/python3.8/site-packages/airflow/example_dags/tutorial_taskflow_api.py
[2026-06-18T17:02:26.793+0000] {logging_mixin.py:188} INFO - [2026-06-18T17:02:26.793+0000] {dag.py:3036} INFO - Sync 1 DAGs
[2026-06-18T17:02:26.818+0000] {logging_mixin.py:188} INFO - [2026-06-18T17:02:26.817+0000] {dag.py:3823} INFO - Setting next_dagrun for tutorial_taskflow_api to None, run_after=None
[2026-06-18T17:02:26.849+0000] {processor.py:183} INFO - Processing /home/airflow/.local/lib/python3.8/site-packages/airflow/example_dags/tutorial_taskflow_api.py took 0.117 seconds
[2026-06-18T17:02:57.285+0000] {processor.py:161} INFO - Started process (PID=1709) to work on /home/airflow/.local/lib/python3.8/site-packages/airflow/example_dags/tutorial_taskflow_api.py
[2026-06-18T17:02:57.287+0000] {processor.py:830} INFO - Processing file /home/airflow/.local/lib/python3.8/site-packages/airflow/example_dags/tutorial_taskflow_api.py for tasks to queue
[2026-06-18T17:02:57.289+0000] {logging_mixin.py:188} INFO - [2026-06-18T17:02:57.289+0000] {dagbag.py:538} INFO - Filling up the DagBag from /home/airflow/.local/lib/python3.8/site-packages/airflow/example_dags/tutorial_taskflow_api.py
[2026-06-18T17:02:57.299+0000] {processor.py:840} INFO - DAG(s) 'tutorial_taskflow_api' retrieved from /home/airflow/.local/lib/python3.8/site-packages/airflow/example_dags/tutorial_taskflow_api.py
[2026-06-18T17:02:57.338+0000] {logging_mixin.py:188} INFO - [2026-06-18T17:02:57.337+0000] {dag.py:3036} INFO - Sync 1 DAGs
[2026-06-18T17:02:57.360+0000] {logging_mixin.py:188} INFO - [2026-06-18T17:02:57.359+0000] {dag.py:3823} INFO - Setting next_dagrun for tutorial_taskflow_api to None, run_after=None
[2026-06-18T17:02:57.397+0000] {processor.py:183} INFO - Processing /home/airflow/.local/lib/python3.8/site-packages/airflow/example_dags/tutorial_taskflow_api.py took 0.116 seconds
[2026-06-18T17:03:28.123+0000] {processor.py:161} INFO - Started process (PID=1775) to work on /home/airflow/.local/lib/python3.8/site-packages/airflow/example_dags/tutorial_taskflow_api.py
[2026-06-18T17:03:28.129+0000] {processor.py:830} INFO - Processing file /home/airflow/.local/lib/python3.8/site-packages/airflow/example_dags/tutorial_taskflow_api.py for tasks to queue
[2026-06-18T17:03:28.132+0000] {logging_mixin.py:188} INFO - [2026-06-18T17:03:28.132+0000] {dagbag.py:538} INFO - Filling up the DagBag from /home/airflow/.local/lib/python3.8/site-packages/airflow/example_dags/tutorial_taskflow_api.py
[2026-06-18T17:03:28.144+0000] {processor.py:840} INFO - DAG(s) 'tutorial_taskflow_api' retrieved from /home/airflow/.local/lib/python3.8/site-packages/airflow/example_dags/tutorial_taskflow_api.py
[2026-06-18T17:03:28.196+0000] {logging_mixin.py:188} INFO - [2026-06-18T17:03:28.195+0000] {dag.py:3036} INFO - Sync 1 DAGs
[2026-06-18T17:03:28.220+0000] {logging_mixin.py:188} INFO - [2026-06-18T17:03:28.220+0000] {dag.py:3823} INFO - Setting next_dagrun for tutorial_taskflow_api to None, run_after=None
[2026-06-18T17:03:28.261+0000] {processor.py:183} INFO - Processing /home/airflow/.local/lib/python3.8/site-packages/airflow/example_dags/tutorial_taskflow_api.py took 0.144 seconds
[2026-06-18T17:03:58.479+0000] {processor.py:161} INFO - Started process (PID=1841) to work on /home/airflow/.local/lib/python3.8/site-packages/airflow/example_dags/tutorial_taskflow_api.py
[2026-06-18T17:03:58.482+0000] {processor.py:830} INFO - Processing file /home/airflow/.local/lib/python3.8/site-packages/airflow/example_dags/tutorial_taskflow_api.py for tasks to queue
[2026-06-18T17:03:58.486+0000] {logging_mixin.py:188} INFO - [2026-06-18T17:03:58.486+0000] {dagbag.py:538} INFO - Filling up the DagBag from /home/airflow/.local/lib/python3.8/site-packages/airflow/example_dags/tutorial_taskflow_api.py
[2026-06-18T17:03:58.503+0000] {processor.py:840} INFO - DAG(s) 'tutorial_taskflow_api' retrieved from /home/airflow/.local/lib/python3.8/site-packages/airflow/example_dags/tutorial_taskflow_api.py
[2026-06-18T17:03:58.544+0000] {logging_mixin.py:188} INFO - [2026-06-18T17:03:58.544+0000] {dag.py:3036} INFO - Sync 1 DAGs
[2026-06-18T17:03:58.574+0000] {logging_mixin.py:188} INFO - [2026-06-18T17:03:58.573+0000] {dag.py:3823} INFO - Setting next_dagrun for tutorial_taskflow_api to None, run_after=None
[2026-06-18T17:03:58.610+0000] {processor.py:183} INFO - Processing /home/airflow/.local/lib/python3.8/site-packages/airflow/example_dags/tutorial_taskflow_api.py took 0.138 seconds
[2026-06-18T17:04:28.758+0000] {processor.py:161} INFO - Started process (PID=1915) to work on /home/airflow/.local/lib/python3.8/site-packages/airflow/example_dags/tutorial_taskflow_api.py
[2026-06-18T17:04:28.760+0000] {processor.py:830} INFO - Processing file /home/airflow/.local/lib/python3.8/site-packages/airflow/example_dags/tutorial_taskflow_api.py for tasks to queue
[2026-06-18T17:04:28.763+0000] {logging_mixin.py:188} INFO - [2026-06-18T17:04:28.762+0000] {dagbag.py:538} INFO - Filling up the DagBag from /home/airflow/.local/lib/python3.8/site-packages/airflow/example_dags/tutorial_taskflow_api.py
[2026-06-18T17:04:28.775+0000] {processor.py:840} INFO - DAG(s) 'tutorial_taskflow_api' retrieved from /home/airflow/.local/lib/python3.8/site-packages/airflow/example_dags/tutorial_taskflow_api.py
[2026-06-18T17:04:28.818+0000] {logging_mixin.py:188} INFO - [2026-06-18T17:04:28.818+0000] {dag.py:3036} INFO - Sync 1 DAGs
[2026-06-18T17:04:28.844+0000] {logging_mixin.py:188} INFO - [2026-06-18T17:04:28.844+0000] {dag.py:3823} INFO - Setting next_dagrun for tutorial_taskflow_api to None, run_after=None
[2026-06-18T17:04:28.880+0000] {processor.py:183} INFO - Processing /home/airflow/.local/lib/python3.8/site-packages/airflow/example_dags/tutorial_taskflow_api.py took 0.129 seconds
[2026-06-18T17:04:59.055+0000] {processor.py:161} INFO - Started process (PID=1981) to work on /home/airflow/.local/lib/python3.8/site-packages/airflow/example_dags/tutorial_taskflow_api.py
[2026-06-18T17:04:59.057+0000] {processor.py:830} INFO - Processing file /home/airflow/.local/lib/python3.8/site-packages/airflow/example_dags/tutorial_taskflow_api.py for tasks to queue
[2026-06-18T17:04:59.061+0000] {logging_mixin.py:188} INFO - [2026-06-18T17:04:59.060+0000] {dagbag.py:538} INFO - Filling up the DagBag from /home/airflow/.local/lib/python3.8/site-packages/airflow/example_dags/tutorial_taskflow_api.py
[2026-06-18T17:04:59.087+0000] {processor.py:840} INFO - DAG(s) 'tutorial_taskflow_api' retrieved from /home/airflow/.local/lib/python3.8/site-packages/airflow/example_dags/tutorial_taskflow_api.py
[2026-06-18T17:04:59.179+0000] {logging_mixin.py:188} INFO - [2026-06-18T17:04:59.179+0000] {dag.py:3036} INFO - Sync 1 DAGs
[2026-06-18T17:04:59.214+0000] {logging_mixin.py:188} INFO - [2026-06-18T17:04:59.213+0000] {dag.py:3823} INFO - Setting next_dagrun for tutorial_taskflow_api to None, run_after=None
[2026-06-18T17:04:59.259+0000] {processor.py:183} INFO - Processing /home/airflow/.local/lib/python3.8/site-packages/airflow/example_dags/tutorial_taskflow_api.py took 0.209 seconds
[2026-06-18T17:05:29.844+0000] {processor.py:161} INFO - Started process (PID=2047) to work on /home/airflow/.local/lib/python3.8/site-packages/airflow/example_dags/tutorial_taskflow_api.py
[2026-06-18T17:05:29.846+0000] {processor.py:830} INFO - Processing file /home/airflow/.local/lib/python3.8/site-packages/airflow/example_dags/tutorial_taskflow_api.py for tasks to queue
[2026-06-18T17:05:29.849+0000] {logging_mixin.py:188} INFO - [2026-06-18T17:05:29.848+0000] {dagbag.py:538} INFO - Filling up the DagBag from /home/airflow/.local/lib/python3.8/site-packages/airflow/example_dags/tutorial_taskflow_api.py
[2026-06-18T17:05:29.861+0000] {processor.py:840} INFO - DAG(s) 'tutorial_taskflow_api' retrieved from /home/airflow/.local/lib/python3.8/site-packages/airflow/example_dags/tutorial_taskflow_api.py
[2026-06-18T17:05:29.907+0000] {logging_mixin.py:188} INFO - [2026-06-18T17:05:29.906+0000] {dag.py:3036} INFO - Sync 1 DAGs
[2026-06-18T17:05:29.932+0000] {logging_mixin.py:188} INFO - [2026-06-18T17:05:29.931+0000] {dag.py:3823} INFO - Setting next_dagrun for tutorial_taskflow_api to None, run_after=None
[2026-06-18T17:05:29.969+0000] {processor.py:183} INFO - Processing /home/airflow/.local/lib/python3.8/site-packages/airflow/example_dags/tutorial_taskflow_api.py took 0.132 seconds
[2026-06-18T17:06:00.142+0000] {processor.py:161} INFO - Started process (PID=2112) to work on /home/airflow/.local/lib/python3.8/site-packages/airflow/example_dags/tutorial_taskflow_api.py
[2026-06-18T17:06:00.143+0000] {processor.py:830} INFO - Processing file /home/airflow/.local/lib/python3.8/site-packages/airflow/example_dags/tutorial_taskflow_api.py for tasks to queue
[2026-06-18T17:06:00.146+0000] {logging_mixin.py:188} INFO - [2026-06-18T17:06:00.145+0000] {dagbag.py:538} INFO - Filling up the DagBag from /home/airflow/.local/lib/python3.8/site-packages/airflow/example_dags/tutorial_taskflow_api.py
[2026-06-18T17:06:00.156+0000] {processor.py:840} INFO - DAG(s) 'tutorial_taskflow_api' retrieved from /home/airflow/.local/lib/python3.8/site-packages/airflow/example_dags/tutorial_taskflow_api.py
[2026-06-18T17:06:00.198+0000] {logging_mixin.py:188} INFO - [2026-06-18T17:06:00.197+0000] {dag.py:3036} INFO - Sync 1 DAGs
[2026-06-18T17:06:00.226+0000] {logging_mixin.py:188} INFO - [2026-06-18T17:06:00.225+0000] {dag.py:3823} INFO - Setting next_dagrun for tutorial_taskflow_api to None, run_after=None
[2026-06-18T17:06:00.258+0000] {processor.py:183} INFO - Processing /home/airflow/.local/lib/python3.8/site-packages/airflow/example_dags/tutorial_taskflow_api.py took 0.121 seconds
[2026-06-18T17:06:30.593+0000] {processor.py:161} INFO - Started process (PID=2178) to work on /home/airflow/.local/lib/python3.8/site-packages/airflow/example_dags/tutorial_taskflow_api.py
[2026-06-18T17:06:30.596+0000] {processor.py:830} INFO - Processing file /home/airflow/.local/lib/python3.8/site-packages/airflow/example_dags/tutorial_taskflow_api.py for tasks to queue
[2026-06-18T17:06:30.599+0000] {logging_mixin.py:188} INFO - [2026-06-18T17:06:30.599+0000] {dagbag.py:538} INFO - Filling up the DagBag from /home/airflow/.local/lib/python3.8/site-packages/airflow/example_dags/tutorial_taskflow_api.py
[2026-06-18T17:06:30.609+0000] {processor.py:840} INFO - DAG(s) 'tutorial_taskflow_api' retrieved from /home/airflow/.local/lib/python3.8/site-packages/airflow/example_dags/tutorial_taskflow_api.py
[2026-06-18T17:06:30.651+0000] {logging_mixin.py:188} INFO - [2026-06-18T17:06:30.650+0000] {dag.py:3036} INFO - Sync 1 DAGs
[2026-06-18T17:06:30.675+0000] {logging_mixin.py:188} INFO - [2026-06-18T17:06:30.675+0000] {dag.py:3823} INFO - Setting next_dagrun for tutorial_taskflow_api to None, run_after=None
[2026-06-18T17:06:30.720+0000] {processor.py:183} INFO - Processing /home/airflow/.local/lib/python3.8/site-packages/airflow/example_dags/tutorial_taskflow_api.py took 0.139 seconds
[2026-06-18T17:07:00.851+0000] {processor.py:161} INFO - Started process (PID=2244) to work on /home/airflow/.local/lib/python3.8/site-packages/airflow/example_dags/tutorial_taskflow_api.py
[2026-06-18T17:07:00.853+0000] {processor.py:830} INFO - Processing file /home/airflow/.local/lib/python3.8/site-packages/airflow/example_dags/tutorial_taskflow_api.py for tasks to queue
[2026-06-18T17:07:00.856+0000] {logging_mixin.py:188} INFO - [2026-06-18T17:07:00.855+0000] {dagbag.py:538} INFO - Filling up the DagBag from /home/airflow/.local/lib/python3.8/site-packages/airflow/example_dags/tutorial_taskflow_api.py
[2026-06-18T17:07:00.868+0000] {processor.py:840} INFO - DAG(s) 'tutorial_taskflow_api' retrieved from /home/airflow/.local/lib/python3.8/site-packages/airflow/example_dags/tutorial_taskflow_api.py
[2026-06-18T17:07:00.909+0000] {logging_mixin.py:188} INFO - [2026-06-18T17:07:00.908+0000] {dag.py:3036} INFO - Sync 1 DAGs
[2026-06-18T17:07:00.932+0000] {logging_mixin.py:188} INFO - [2026-06-18T17:07:00.931+0000] {dag.py:3823} INFO - Setting next_dagrun for tutorial_taskflow_api to None, run_after=None
[2026-06-18T17:07:00.968+0000] {processor.py:183} INFO - Processing /home/airflow/.local/lib/python3.8/site-packages/airflow/example_dags/tutorial_taskflow_api.py took 0.123 seconds
[2026-06-18T17:07:31.721+0000] {processor.py:161} INFO - Started process (PID=2309) to work on /home/airflow/.local/lib/python3.8/site-packages/airflow/example_dags/tutorial_taskflow_api.py
[2026-06-18T17:07:31.723+0000] {processor.py:830} INFO - Processing file /home/airflow/.local/lib/python3.8/site-packages/airflow/example_dags/tutorial_taskflow_api.py for tasks to queue
[2026-06-18T17:07:31.725+0000] {logging_mixin.py:188} INFO - [2026-06-18T17:07:31.725+0000] {dagbag.py:538} INFO - Filling up the DagBag from /home/airflow/.local/lib/python3.8/site-packages/airflow/example_dags/tutorial_taskflow_api.py
[2026-06-18T17:07:31.736+0000] {processor.py:840} INFO - DAG(s) 'tutorial_taskflow_api' retrieved from /home/airflow/.local/lib/python3.8/site-packages/airflow/example_dags/tutorial_taskflow_api.py
[2026-06-18T17:07:31.777+0000] {logging_mixin.py:188} INFO - [2026-06-18T17:07:31.777+0000] {dag.py:3036} INFO - Sync 1 DAGs
[2026-06-18T17:07:31.799+0000] {logging_mixin.py:188} INFO - [2026-06-18T17:07:31.799+0000] {dag.py:3823} INFO - Setting next_dagrun for tutorial_taskflow_api to None, run_after=None
[2026-06-18T17:07:31.831+0000] {processor.py:183} INFO - Processing /home/airflow/.local/lib/python3.8/site-packages/airflow/example_dags/tutorial_taskflow_api.py took 0.115 seconds
[2026-06-18T17:08:02.110+0000] {processor.py:161} INFO - Started process (PID=2376) to work on /home/airflow/.local/lib/python3.8/site-packages/airflow/example_dags/tutorial_taskflow_api.py
[2026-06-18T17:08:02.112+0000] {processor.py:830} INFO - Processing file /home/airflow/.local/lib/python3.8/site-packages/airflow/example_dags/tutorial_taskflow_api.py for tasks to queue
[2026-06-18T17:08:02.114+0000] {logging_mixin.py:188} INFO - [2026-06-18T17:08:02.114+0000] {dagbag.py:538} INFO - Filling up the DagBag from /home/airflow/.local/lib/python3.8/site-packages/airflow/example_dags/tutorial_taskflow_api.py
[2026-06-18T17:08:02.141+0000] {processor.py:840} INFO - DAG(s) 'tutorial_taskflow_api' retrieved from /home/airflow/.local/lib/python3.8/site-packages/airflow/example_dags/tutorial_taskflow_api.py
[2026-06-18T17:08:02.182+0000] {logging_mixin.py:188} INFO - [2026-06-18T17:08:02.182+0000] {dag.py:3036} INFO - Sync 1 DAGs
[2026-06-18T17:08:02.203+0000] {logging_mixin.py:188} INFO - [2026-06-18T17:08:02.202+0000] {dag.py:3823} INFO - Setting next_dagrun for tutorial_taskflow_api to None, run_after=None
[2026-06-18T17:08:02.238+0000] {processor.py:183} INFO - Processing /home/airflow/.local/lib/python3.8/site-packages/airflow/example_dags/tutorial_taskflow_api.py took 0.134 seconds
[2026-06-18T17:08:32.470+0000] {processor.py:161} INFO - Started process (PID=2443) to work on /home/airflow/.local/lib/python3.8/site-packages/airflow/example_dags/tutorial_taskflow_api.py
[2026-06-18T17:08:32.472+0000] {processor.py:830} INFO - Processing file /home/airflow/.local/lib/python3.8/site-packages/airflow/example_dags/tutorial_taskflow_api.py for tasks to queue
[2026-06-18T17:08:32.476+0000] {logging_mixin.py:188} INFO - [2026-06-18T17:08:32.475+0000] {dagbag.py:538} INFO - Filling up the DagBag from /home/airflow/.local/lib/python3.8/site-packages/airflow/example_dags/tutorial_taskflow_api.py
[2026-06-18T17:08:32.487+0000] {processor.py:840} INFO - DAG(s) 'tutorial_taskflow_api' retrieved from /home/airflow/.local/lib/python3.8/site-packages/airflow/example_dags/tutorial_taskflow_api.py
[2026-06-18T17:08:32.526+0000] {logging_mixin.py:188} INFO - [2026-06-18T17:08:32.526+0000] {dag.py:3036} INFO - Sync 1 DAGs
[2026-06-18T17:08:32.551+0000] {logging_mixin.py:188} INFO - [2026-06-18T17:08:32.550+0000] {dag.py:3823} INFO - Setting next_dagrun for tutorial_taskflow_api to None, run_after=None
[2026-06-18T17:08:32.586+0000] {processor.py:183} INFO - Processing /home/airflow/.local/lib/python3.8/site-packages/airflow/example_dags/tutorial_taskflow_api.py took 0.124 seconds
[2026-06-18T17:09:03.228+0000] {processor.py:161} INFO - Started process (PID=2506) to work on /home/airflow/.local/lib/python3.8/site-packages/airflow/example_dags/tutorial_taskflow_api.py
[2026-06-18T17:09:03.230+0000] {processor.py:830} INFO - Processing file /home/airflow/.local/lib/python3.8/site-packages/airflow/example_dags/tutorial_taskflow_api.py for tasks to queue
[2026-06-18T17:09:03.232+0000] {logging_mixin.py:188} INFO - [2026-06-18T17:09:03.232+0000] {dagbag.py:538} INFO - Filling up the DagBag from /home/airflow/.local/lib/python3.8/site-packages/airflow/example_dags/tutorial_taskflow_api.py
[2026-06-18T17:09:03.242+0000] {processor.py:840} INFO - DAG(s) 'tutorial_taskflow_api' retrieved from /home/airflow/.local/lib/python3.8/site-packages/airflow/example_dags/tutorial_taskflow_api.py
[2026-06-18T17:09:03.281+0000] {logging_mixin.py:188} INFO - [2026-06-18T17:09:03.280+0000] {dag.py:3036} INFO - Sync 1 DAGs
[2026-06-18T17:09:03.301+0000] {logging_mixin.py:188} INFO - [2026-06-18T17:09:03.300+0000] {dag.py:3823} INFO - Setting next_dagrun for tutorial_taskflow_api to None, run_after=None
[2026-06-18T17:09:03.336+0000] {processor.py:183} INFO - Processing /home/airflow/.local/lib/python3.8/site-packages/airflow/example_dags/tutorial_taskflow_api.py took 0.114 seconds
[2026-06-18T17:09:33.952+0000] {processor.py:161} INFO - Started process (PID=2572) to work on /home/airflow/.local/lib/python3.8/site-packages/airflow/example_dags/tutorial_taskflow_api.py
[2026-06-18T17:09:33.954+0000] {processor.py:830} INFO - Processing file /home/airflow/.local/lib/python3.8/site-packages/airflow/example_dags/tutorial_taskflow_api.py for tasks to queue
[2026-06-18T17:09:33.956+0000] {logging_mixin.py:188} INFO - [2026-06-18T17:09:33.956+0000] {dagbag.py:538} INFO - Filling up the DagBag from /home/airflow/.local/lib/python3.8/site-packages/airflow/example_dags/tutorial_taskflow_api.py
[2026-06-18T17:09:33.966+0000] {processor.py:840} INFO - DAG(s) 'tutorial_taskflow_api' retrieved from /home/airflow/.local/lib/python3.8/site-packages/airflow/example_dags/tutorial_taskflow_api.py
[2026-06-18T17:09:34.002+0000] {logging_mixin.py:188} INFO - [2026-06-18T17:09:34.001+0000] {dag.py:3036} INFO - Sync 1 DAGs
[2026-06-18T17:09:34.021+0000] {logging_mixin.py:188} INFO - [2026-06-18T17:09:34.021+0000] {dag.py:3823} INFO - Setting next_dagrun for tutorial_taskflow_api to None, run_after=None
[2026-06-18T17:09:34.053+0000] {processor.py:183} INFO - Processing /home/airflow/.local/lib/python3.8/site-packages/airflow/example_dags/tutorial_taskflow_api.py took 0.106 seconds
[2026-06-18T17:10:04.574+0000] {processor.py:161} INFO - Started process (PID=2646) to work on /home/airflow/.local/lib/python3.8/site-packages/airflow/example_dags/tutorial_taskflow_api.py
[2026-06-18T17:10:04.575+0000] {processor.py:830} INFO - Processing file /home/airflow/.local/lib/python3.8/site-packages/airflow/example_dags/tutorial_taskflow_api.py for tasks to queue
[2026-06-18T17:10:04.578+0000] {logging_mixin.py:188} INFO - [2026-06-18T17:10:04.578+0000] {dagbag.py:538} INFO - Filling up the DagBag from /home/airflow/.local/lib/python3.8/site-packages/airflow/example_dags/tutorial_taskflow_api.py
[2026-06-18T17:10:04.588+0000] {processor.py:840} INFO - DAG(s) 'tutorial_taskflow_api' retrieved from /home/airflow/.local/lib/python3.8/site-packages/airflow/example_dags/tutorial_taskflow_api.py
[2026-06-18T17:10:04.624+0000] {logging_mixin.py:188} INFO - [2026-06-18T17:10:04.624+0000] {dag.py:3036} INFO - Sync 1 DAGs
[2026-06-18T17:10:04.646+0000] {logging_mixin.py:188} INFO - [2026-06-18T17:10:04.645+0000] {dag.py:3823} INFO - Setting next_dagrun for tutorial_taskflow_api to None, run_after=None
[2026-06-18T17:10:04.676+0000] {processor.py:183} INFO - Processing /home/airflow/.local/lib/python3.8/site-packages/airflow/example_dags/tutorial_taskflow_api.py took 0.108 seconds
[2026-06-18T17:10:35.273+0000] {processor.py:161} INFO - Started process (PID=2712) to work on /home/airflow/.local/lib/python3.8/site-packages/airflow/example_dags/tutorial_taskflow_api.py
[2026-06-18T17:10:35.275+0000] {processor.py:830} INFO - Processing file /home/airflow/.local/lib/python3.8/site-packages/airflow/example_dags/tutorial_taskflow_api.py for tasks to queue
[2026-06-18T17:10:35.279+0000] {logging_mixin.py:188} INFO - [2026-06-18T17:10:35.279+0000] {dagbag.py:538} INFO - Filling up the DagBag from /home/airflow/.local/lib/python3.8/site-packages/airflow/example_dags/tutorial_taskflow_api.py
[2026-06-18T17:10:35.290+0000] {processor.py:840} INFO - DAG(s) 'tutorial_taskflow_api' retrieved from /home/airflow/.local/lib/python3.8/site-packages/airflow/example_dags/tutorial_taskflow_api.py
[2026-06-18T17:10:35.329+0000] {logging_mixin.py:188} INFO - [2026-06-18T17:10:35.329+0000] {dag.py:3036} INFO - Sync 1 DAGs
[2026-06-18T17:10:35.354+0000] {logging_mixin.py:188} INFO - [2026-06-18T17:10:35.353+0000] {dag.py:3823} INFO - Setting next_dagrun for tutorial_taskflow_api to None, run_after=None
[2026-06-18T17:10:35.393+0000] {processor.py:183} INFO - Processing /home/airflow/.local/lib/python3.8/site-packages/airflow/example_dags/tutorial_taskflow_api.py took 0.131 seconds
[2026-06-18T17:11:05.684+0000] {processor.py:161} INFO - Started process (PID=2779) to work on /home/airflow/.local/lib/python3.8/site-packages/airflow/example_dags/tutorial_taskflow_api.py
[2026-06-18T17:11:05.686+0000] {processor.py:830} INFO - Processing file /home/airflow/.local/lib/python3.8/site-packages/airflow/example_dags/tutorial_taskflow_api.py for tasks to queue
[2026-06-18T17:11:05.689+0000] {logging_mixin.py:188} INFO - [2026-06-18T17:11:05.688+0000] {dagbag.py:538} INFO - Filling up the DagBag from /home/airflow/.local/lib/python3.8/site-packages/airflow/example_dags/tutorial_taskflow_api.py
[2026-06-18T17:11:05.714+0000] {processor.py:840} INFO - DAG(s) 'tutorial_taskflow_api' retrieved from /home/airflow/.local/lib/python3.8/site-packages/airflow/example_dags/tutorial_taskflow_api.py
[2026-06-18T17:11:05.799+0000] {logging_mixin.py:188} INFO - [2026-06-18T17:11:05.799+0000] {dag.py:3036} INFO - Sync 1 DAGs
[2026-06-18T17:11:05.851+0000] {logging_mixin.py:188} INFO - [2026-06-18T17:11:05.850+0000] {dag.py:3823} INFO - Setting next_dagrun for tutorial_taskflow_api to None, run_after=None
[2026-06-18T17:11:05.890+0000] {processor.py:183} INFO - Processing /home/airflow/.local/lib/python3.8/site-packages/airflow/example_dags/tutorial_taskflow_api.py took 0.212 seconds
[2026-06-18T17:11:36.098+0000] {processor.py:161} INFO - Started process (PID=2844) to work on /home/airflow/.local/lib/python3.8/site-packages/airflow/example_dags/tutorial_taskflow_api.py
[2026-06-18T17:11:36.100+0000] {processor.py:830} INFO - Processing file /home/airflow/.local/lib/python3.8/site-packages/airflow/example_dags/tutorial_taskflow_api.py for tasks to queue
[2026-06-18T17:11:36.104+0000] {logging_mixin.py:188} INFO - [2026-06-18T17:11:36.103+0000] {dagbag.py:538} INFO - Filling up the DagBag from /home/airflow/.local/lib/python3.8/site-packages/airflow/example_dags/tutorial_taskflow_api.py
[2026-06-18T17:11:36.117+0000] {processor.py:840} INFO - DAG(s) 'tutorial_taskflow_api' retrieved from /home/airflow/.local/lib/python3.8/site-packages/airflow/example_dags/tutorial_taskflow_api.py
[2026-06-18T17:11:36.160+0000] {logging_mixin.py:188} INFO - [2026-06-18T17:11:36.159+0000] {dag.py:3036} INFO - Sync 1 DAGs
[2026-06-18T17:11:36.187+0000] {logging_mixin.py:188} INFO - [2026-06-18T17:11:36.186+0000] {dag.py:3823} INFO - Setting next_dagrun for tutorial_taskflow_api to None, run_after=None
[2026-06-18T17:11:36.237+0000] {processor.py:183} INFO - Processing /home/airflow/.local/lib/python3.8/site-packages/airflow/example_dags/tutorial_taskflow_api.py took 0.146 seconds
[2026-06-18T17:12:06.607+0000] {processor.py:161} INFO - Started process (PID=2910) to work on /home/airflow/.local/lib/python3.8/site-packages/airflow/example_dags/tutorial_taskflow_api.py
[2026-06-18T17:12:06.609+0000] {processor.py:830} INFO - Processing file /home/airflow/.local/lib/python3.8/site-packages/airflow/example_dags/tutorial_taskflow_api.py for tasks to queue
[2026-06-18T17:12:06.612+0000] {logging_mixin.py:188} INFO - [2026-06-18T17:12:06.612+0000] {dagbag.py:538} INFO - Filling up the DagBag from /home/airflow/.local/lib/python3.8/site-packages/airflow/example_dags/tutorial_taskflow_api.py
[2026-06-18T17:12:06.624+0000] {processor.py:840} INFO - DAG(s) 'tutorial_taskflow_api' retrieved from /home/airflow/.local/lib/python3.8/site-packages/airflow/example_dags/tutorial_taskflow_api.py
[2026-06-18T17:12:06.666+0000] {logging_mixin.py:188} INFO - [2026-06-18T17:12:06.666+0000] {dag.py:3036} INFO - Sync 1 DAGs
[2026-06-18T17:12:06.959+0000] {logging_mixin.py:188} INFO - [2026-06-18T17:12:06.958+0000] {dag.py:3823} INFO - Setting next_dagrun for tutorial_taskflow_api to None, run_after=None
[2026-06-18T17:12:06.994+0000] {processor.py:183} INFO - Processing /home/airflow/.local/lib/python3.8/site-packages/airflow/example_dags/tutorial_taskflow_api.py took 0.393 seconds
[2026-06-18T17:12:37.269+0000] {processor.py:161} INFO - Started process (PID=2977) to work on /home/airflow/.local/lib/python3.8/site-packages/airflow/example_dags/tutorial_taskflow_api.py
[2026-06-18T17:12:37.270+0000] {processor.py:830} INFO - Processing file /home/airflow/.local/lib/python3.8/site-packages/airflow/example_dags/tutorial_taskflow_api.py for tasks to queue
[2026-06-18T17:12:37.274+0000] {logging_mixin.py:188} INFO - [2026-06-18T17:12:37.273+0000] {dagbag.py:538} INFO - Filling up the DagBag from /home/airflow/.local/lib/python3.8/site-packages/airflow/example_dags/tutorial_taskflow_api.py
[2026-06-18T17:12:37.286+0000] {processor.py:840} INFO - DAG(s) 'tutorial_taskflow_api' retrieved from /home/airflow/.local/lib/python3.8/site-packages/airflow/example_dags/tutorial_taskflow_api.py
[2026-06-18T17:12:37.335+0000] {logging_mixin.py:188} INFO - [2026-06-18T17:12:37.334+0000] {dag.py:3036} INFO - Sync 1 DAGs
[2026-06-18T17:12:37.365+0000] {logging_mixin.py:188} INFO - [2026-06-18T17:12:37.364+0000] {dag.py:3823} INFO - Setting next_dagrun for tutorial_taskflow_api to None, run_after=None
[2026-06-18T17:12:37.614+0000] {processor.py:183} INFO - Processing /home/airflow/.local/lib/python3.8/site-packages/airflow/example_dags/tutorial_taskflow_api.py took 0.352 seconds
[2026-06-18T17:13:07.923+0000] {processor.py:161} INFO - Started process (PID=3042) to work on /home/airflow/.local/lib/python3.8/site-packages/airflow/example_dags/tutorial_taskflow_api.py
[2026-06-18T17:13:07.925+0000] {processor.py:830} INFO - Processing file /home/airflow/.local/lib/python3.8/site-packages/airflow/example_dags/tutorial_taskflow_api.py for tasks to queue
[2026-06-18T17:13:07.928+0000] {logging_mixin.py:188} INFO - [2026-06-18T17:13:07.927+0000] {dagbag.py:538} INFO - Filling up the DagBag from /home/airflow/.local/lib/python3.8/site-packages/airflow/example_dags/tutorial_taskflow_api.py
[2026-06-18T17:13:07.950+0000] {processor.py:840} INFO - DAG(s) 'tutorial_taskflow_api' retrieved from /home/airflow/.local/lib/python3.8/site-packages/airflow/example_dags/tutorial_taskflow_api.py
[2026-06-18T17:13:08.003+0000] {logging_mixin.py:188} INFO - [2026-06-18T17:13:08.003+0000] {dag.py:3036} INFO - Sync 1 DAGs
[2026-06-18T17:13:08.028+0000] {logging_mixin.py:188} INFO - [2026-06-18T17:13:08.028+0000] {dag.py:3823} INFO - Setting next_dagrun for tutorial_taskflow_api to None, run_after=None
[2026-06-18T17:13:08.073+0000] {processor.py:183} INFO - Processing /home/airflow/.local/lib/python3.8/site-packages/airflow/example_dags/tutorial_taskflow_api.py took 0.156 seconds
[2026-06-18T17:13:38.604+0000] {processor.py:161} INFO - Started process (PID=3107) to work on /home/airflow/.local/lib/python3.8/site-packages/airflow/example_dags/tutorial_taskflow_api.py
[2026-06-18T17:13:38.606+0000] {processor.py:830} INFO - Processing file /home/airflow/.local/lib/python3.8/site-packages/airflow/example_dags/tutorial_taskflow_api.py for tasks to queue
[2026-06-18T17:13:38.609+0000] {logging_mixin.py:188} INFO - [2026-06-18T17:13:38.608+0000] {dagbag.py:538} INFO - Filling up the DagBag from /home/airflow/.local/lib/python3.8/site-packages/airflow/example_dags/tutorial_taskflow_api.py
[2026-06-18T17:13:38.619+0000] {processor.py:840} INFO - DAG(s) 'tutorial_taskflow_api' retrieved from /home/airflow/.local/lib/python3.8/site-packages/airflow/example_dags/tutorial_taskflow_api.py
[2026-06-18T17:13:38.658+0000] {logging_mixin.py:188} INFO - [2026-06-18T17:13:38.657+0000] {dag.py:3036} INFO - Sync 1 DAGs
[2026-06-18T17:13:38.679+0000] {logging_mixin.py:188} INFO - [2026-06-18T17:13:38.678+0000] {dag.py:3823} INFO - Setting next_dagrun for tutorial_taskflow_api to None, run_after=None
[2026-06-18T17:13:38.713+0000] {processor.py:183} INFO - Processing /home/airflow/.local/lib/python3.8/site-packages/airflow/example_dags/tutorial_taskflow_api.py took 0.114 seconds
[2026-06-18T17:14:09.615+0000] {processor.py:161} INFO - Started process (PID=3172) to work on /home/airflow/.local/lib/python3.8/site-packages/airflow/example_dags/tutorial_taskflow_api.py
[2026-06-18T17:14:09.618+0000] {processor.py:830} INFO - Processing file /home/airflow/.local/lib/python3.8/site-packages/airflow/example_dags/tutorial_taskflow_api.py for tasks to queue
[2026-06-18T17:14:09.621+0000] {logging_mixin.py:188} INFO - [2026-06-18T17:14:09.621+0000] {dagbag.py:538} INFO - Filling up the DagBag from /home/airflow/.local/lib/python3.8/site-packages/airflow/example_dags/tutorial_taskflow_api.py
[2026-06-18T17:14:09.632+0000] {processor.py:840} INFO - DAG(s) 'tutorial_taskflow_api' retrieved from /home/airflow/.local/lib/python3.8/site-packages/airflow/example_dags/tutorial_taskflow_api.py
[2026-06-18T17:14:09.899+0000] {logging_mixin.py:188} INFO - [2026-06-18T17:14:09.899+0000] {dag.py:3036} INFO - Sync 1 DAGs
[2026-06-18T17:14:09.921+0000] {logging_mixin.py:188} INFO - [2026-06-18T17:14:09.921+0000] {dag.py:3823} INFO - Setting next_dagrun for tutorial_taskflow_api to None, run_after=None
[2026-06-18T17:14:09.955+0000] {processor.py:183} INFO - Processing /home/airflow/.local/lib/python3.8/site-packages/airflow/example_dags/tutorial_taskflow_api.py took 0.345 seconds
[2026-06-18T17:14:40.831+0000] {processor.py:161} INFO - Started process (PID=3238) to work on /home/airflow/.local/lib/python3.8/site-packages/airflow/example_dags/tutorial_taskflow_api.py
[2026-06-18T17:14:40.833+0000] {processor.py:830} INFO - Processing file /home/airflow/.local/lib/python3.8/site-packages/airflow/example_dags/tutorial_taskflow_api.py for tasks to queue
[2026-06-18T17:14:40.837+0000] {logging_mixin.py:188} INFO - [2026-06-18T17:14:40.837+0000] {dagbag.py:538} INFO - Filling up the DagBag from /home/airflow/.local/lib/python3.8/site-packages/airflow/example_dags/tutorial_taskflow_api.py
[2026-06-18T17:14:40.850+0000] {processor.py:840} INFO - DAG(s) 'tutorial_taskflow_api' retrieved from /home/airflow/.local/lib/python3.8/site-packages/airflow/example_dags/tutorial_taskflow_api.py
[2026-06-18T17:14:40.896+0000] {logging_mixin.py:188} INFO - [2026-06-18T17:14:40.896+0000] {dag.py:3036} INFO - Sync 1 DAGs
[2026-06-18T17:14:40.919+0000] {logging_mixin.py:188} INFO - [2026-06-18T17:14:40.919+0000] {dag.py:3823} INFO - Setting next_dagrun for tutorial_taskflow_api to None, run_after=None
[2026-06-18T17:14:40.955+0000] {processor.py:183} INFO - Processing /home/airflow/.local/lib/python3.8/site-packages/airflow/example_dags/tutorial_taskflow_api.py took 0.131 seconds
[2026-06-18T17:15:11.247+0000] {processor.py:161} INFO - Started process (PID=3305) to work on /home/airflow/.local/lib/python3.8/site-packages/airflow/example_dags/tutorial_taskflow_api.py
[2026-06-18T17:15:11.249+0000] {processor.py:830} INFO - Processing file /home/airflow/.local/lib/python3.8/site-packages/airflow/example_dags/tutorial_taskflow_api.py for tasks to queue
[2026-06-18T17:15:11.251+0000] {logging_mixin.py:188} INFO - [2026-06-18T17:15:11.251+0000] {dagbag.py:538} INFO - Filling up the DagBag from /home/airflow/.local/lib/python3.8/site-packages/airflow/example_dags/tutorial_taskflow_api.py
[2026-06-18T17:15:11.262+0000] {processor.py:840} INFO - DAG(s) 'tutorial_taskflow_api' retrieved from /home/airflow/.local/lib/python3.8/site-packages/airflow/example_dags/tutorial_taskflow_api.py
[2026-06-18T17:15:11.298+0000] {logging_mixin.py:188} INFO - [2026-06-18T17:15:11.298+0000] {dag.py:3036} INFO - Sync 1 DAGs
[2026-06-18T17:15:11.322+0000] {logging_mixin.py:188} INFO - [2026-06-18T17:15:11.322+0000] {dag.py:3823} INFO - Setting next_dagrun for tutorial_taskflow_api to None, run_after=None
[2026-06-18T17:15:11.356+0000] {processor.py:183} INFO - Processing /home/airflow/.local/lib/python3.8/site-packages/airflow/example_dags/tutorial_taskflow_api.py took 0.114 seconds
[2026-06-18T17:15:41.530+0000] {processor.py:161} INFO - Started process (PID=3370) to work on /home/airflow/.local/lib/python3.8/site-packages/airflow/example_dags/tutorial_taskflow_api.py
[2026-06-18T17:15:41.532+0000] {processor.py:830} INFO - Processing file /home/airflow/.local/lib/python3.8/site-packages/airflow/example_dags/tutorial_taskflow_api.py for tasks to queue
[2026-06-18T17:15:41.535+0000] {logging_mixin.py:188} INFO - [2026-06-18T17:15:41.534+0000] {dagbag.py:538} INFO - Filling up the DagBag from /home/airflow/.local/lib/python3.8/site-packages/airflow/example_dags/tutorial_taskflow_api.py
[2026-06-18T17:15:41.545+0000] {processor.py:840} INFO - DAG(s) 'tutorial_taskflow_api' retrieved from /home/airflow/.local/lib/python3.8/site-packages/airflow/example_dags/tutorial_taskflow_api.py
[2026-06-18T17:15:41.583+0000] {logging_mixin.py:188} INFO - [2026-06-18T17:15:41.583+0000] {dag.py:3036} INFO - Sync 1 DAGs
[2026-06-18T17:15:41.608+0000] {logging_mixin.py:188} INFO - [2026-06-18T17:15:41.607+0000] {dag.py:3823} INFO - Setting next_dagrun for tutorial_taskflow_api to None, run_after=None
[2026-06-18T17:15:41.645+0000] {processor.py:183} INFO - Processing /home/airflow/.local/lib/python3.8/site-packages/airflow/example_dags/tutorial_taskflow_api.py took 0.120 seconds
[2026-06-18T17:16:12.079+0000] {processor.py:161} INFO - Started process (PID=3436) to work on /home/airflow/.local/lib/python3.8/site-packages/airflow/example_dags/tutorial_taskflow_api.py
[2026-06-18T17:16:12.081+0000] {processor.py:830} INFO - Processing file /home/airflow/.local/lib/python3.8/site-packages/airflow/example_dags/tutorial_taskflow_api.py for tasks to queue
[2026-06-18T17:16:12.084+0000] {logging_mixin.py:188} INFO - [2026-06-18T17:16:12.084+0000] {dagbag.py:538} INFO - Filling up the DagBag from /home/airflow/.local/lib/python3.8/site-packages/airflow/example_dags/tutorial_taskflow_api.py
[2026-06-18T17:16:12.096+0000] {processor.py:840} INFO - DAG(s) 'tutorial_taskflow_api' retrieved from /home/airflow/.local/lib/python3.8/site-packages/airflow/example_dags/tutorial_taskflow_api.py
[2026-06-18T17:16:12.135+0000] {logging_mixin.py:188} INFO - [2026-06-18T17:16:12.135+0000] {dag.py:3036} INFO - Sync 1 DAGs
[2026-06-18T17:16:12.160+0000] {logging_mixin.py:188} INFO - [2026-06-18T17:16:12.160+0000] {dag.py:3823} INFO - Setting next_dagrun for tutorial_taskflow_api to None, run_after=None
[2026-06-18T17:16:12.197+0000] {processor.py:183} INFO - Processing /home/airflow/.local/lib/python3.8/site-packages/airflow/example_dags/tutorial_taskflow_api.py took 0.124 seconds
[2026-06-18T17:16:42.301+0000] {processor.py:161} INFO - Started process (PID=3501) to work on /home/airflow/.local/lib/python3.8/site-packages/airflow/example_dags/tutorial_taskflow_api.py
[2026-06-18T17:16:42.303+0000] {processor.py:830} INFO - Processing file /home/airflow/.local/lib/python3.8/site-packages/airflow/example_dags/tutorial_taskflow_api.py for tasks to queue
[2026-06-18T17:16:42.306+0000] {logging_mixin.py:188} INFO - [2026-06-18T17:16:42.305+0000] {dagbag.py:538} INFO - Filling up the DagBag from /home/airflow/.local/lib/python3.8/site-packages/airflow/example_dags/tutorial_taskflow_api.py
[2026-06-18T17:16:42.317+0000] {processor.py:840} INFO - DAG(s) 'tutorial_taskflow_api' retrieved from /home/airflow/.local/lib/python3.8/site-packages/airflow/example_dags/tutorial_taskflow_api.py
[2026-06-18T17:16:42.359+0000] {logging_mixin.py:188} INFO - [2026-06-18T17:16:42.358+0000] {dag.py:3036} INFO - Sync 1 DAGs
[2026-06-18T17:16:42.382+0000] {logging_mixin.py:188} INFO - [2026-06-18T17:16:42.382+0000] {dag.py:3823} INFO - Setting next_dagrun for tutorial_taskflow_api to None, run_after=None
[2026-06-18T17:16:42.429+0000] {processor.py:183} INFO - Processing /home/airflow/.local/lib/python3.8/site-packages/airflow/example_dags/tutorial_taskflow_api.py took 0.134 seconds
[2026-06-18T17:17:12.658+0000] {processor.py:161} INFO - Started process (PID=3568) to work on /home/airflow/.local/lib/python3.8/site-packages/airflow/example_dags/tutorial_taskflow_api.py
[2026-06-18T17:17:12.660+0000] {processor.py:830} INFO - Processing file /home/airflow/.local/lib/python3.8/site-packages/airflow/example_dags/tutorial_taskflow_api.py for tasks to queue
[2026-06-18T17:17:12.663+0000] {logging_mixin.py:188} INFO - [2026-06-18T17:17:12.662+0000] {dagbag.py:538} INFO - Filling up the DagBag from /home/airflow/.local/lib/python3.8/site-packages/airflow/example_dags/tutorial_taskflow_api.py
[2026-06-18T17:17:12.673+0000] {processor.py:840} INFO - DAG(s) 'tutorial_taskflow_api' retrieved from /home/airflow/.local/lib/python3.8/site-packages/airflow/example_dags/tutorial_taskflow_api.py
[2026-06-18T17:17:12.712+0000] {logging_mixin.py:188} INFO - [2026-06-18T17:17:12.712+0000] {dag.py:3036} INFO - Sync 1 DAGs
[2026-06-18T17:17:12.735+0000] {logging_mixin.py:188} INFO - [2026-06-18T17:17:12.735+0000] {dag.py:3823} INFO - Setting next_dagrun for tutorial_taskflow_api to None, run_after=None
[2026-06-18T17:17:12.772+0000] {processor.py:183} INFO - Processing /home/airflow/.local/lib/python3.8/site-packages/airflow/example_dags/tutorial_taskflow_api.py took 0.119 seconds
[2026-06-18T17:17:43.071+0000] {processor.py:161} INFO - Started process (PID=3634) to work on /home/airflow/.local/lib/python3.8/site-packages/airflow/example_dags/tutorial_taskflow_api.py
[2026-06-18T17:17:43.073+0000] {processor.py:830} INFO - Processing file /home/airflow/.local/lib/python3.8/site-packages/airflow/example_dags/tutorial_taskflow_api.py for tasks to queue
[2026-06-18T17:17:43.076+0000] {logging_mixin.py:188} INFO - [2026-06-18T17:17:43.075+0000] {dagbag.py:538} INFO - Filling up the DagBag from /home/airflow/.local/lib/python3.8/site-packages/airflow/example_dags/tutorial_taskflow_api.py
[2026-06-18T17:17:43.085+0000] {processor.py:840} INFO - DAG(s) 'tutorial_taskflow_api' retrieved from /home/airflow/.local/lib/python3.8/site-packages/airflow/example_dags/tutorial_taskflow_api.py
[2026-06-18T17:17:43.122+0000] {logging_mixin.py:188} INFO - [2026-06-18T17:17:43.122+0000] {dag.py:3036} INFO - Sync 1 DAGs
[2026-06-18T17:17:43.143+0000] {logging_mixin.py:188} INFO - [2026-06-18T17:17:43.143+0000] {dag.py:3823} INFO - Setting next_dagrun for tutorial_taskflow_api to None, run_after=None
[2026-06-18T17:17:43.176+0000] {processor.py:183} INFO - Processing /home/airflow/.local/lib/python3.8/site-packages/airflow/example_dags/tutorial_taskflow_api.py took 0.111 seconds
[2026-06-18T17:18:13.844+0000] {processor.py:161} INFO - Started process (PID=3709) to work on /home/airflow/.local/lib/python3.8/site-packages/airflow/example_dags/tutorial_taskflow_api.py
[2026-06-18T17:18:13.846+0000] {processor.py:830} INFO - Processing file /home/airflow/.local/lib/python3.8/site-packages/airflow/example_dags/tutorial_taskflow_api.py for tasks to queue
[2026-06-18T17:18:13.849+0000] {logging_mixin.py:188} INFO - [2026-06-18T17:18:13.848+0000] {dagbag.py:538} INFO - Filling up the DagBag from /home/airflow/.local/lib/python3.8/site-packages/airflow/example_dags/tutorial_taskflow_api.py
[2026-06-18T17:18:13.861+0000] {processor.py:840} INFO - DAG(s) 'tutorial_taskflow_api' retrieved from /home/airflow/.local/lib/python3.8/site-packages/airflow/example_dags/tutorial_taskflow_api.py
[2026-06-18T17:18:13.903+0000] {logging_mixin.py:188} INFO - [2026-06-18T17:18:13.902+0000] {dag.py:3036} INFO - Sync 1 DAGs
[2026-06-18T17:18:13.930+0000] {logging_mixin.py:188} INFO - [2026-06-18T17:18:13.930+0000] {dag.py:3823} INFO - Setting next_dagrun for tutorial_taskflow_api to None, run_after=None
[2026-06-18T17:18:13.968+0000] {processor.py:183} INFO - Processing /home/airflow/.local/lib/python3.8/site-packages/airflow/example_dags/tutorial_taskflow_api.py took 0.129 seconds
[2026-06-18T17:18:44.412+0000] {processor.py:161} INFO - Started process (PID=3775) to work on /home/airflow/.local/lib/python3.8/site-packages/airflow/example_dags/tutorial_taskflow_api.py
[2026-06-18T17:18:44.414+0000] {processor.py:830} INFO - Processing file /home/airflow/.local/lib/python3.8/site-packages/airflow/example_dags/tutorial_taskflow_api.py for tasks to queue
[2026-06-18T17:18:44.417+0000] {logging_mixin.py:188} INFO - [2026-06-18T17:18:44.416+0000] {dagbag.py:538} INFO - Filling up the DagBag from /home/airflow/.local/lib/python3.8/site-packages/airflow/example_dags/tutorial_taskflow_api.py
[2026-06-18T17:18:44.428+0000] {processor.py:840} INFO - DAG(s) 'tutorial_taskflow_api' retrieved from /home/airflow/.local/lib/python3.8/site-packages/airflow/example_dags/tutorial_taskflow_api.py
[2026-06-18T17:18:44.469+0000] {logging_mixin.py:188} INFO - [2026-06-18T17:18:44.469+0000] {dag.py:3036} INFO - Sync 1 DAGs
[2026-06-18T17:18:44.491+0000] {logging_mixin.py:188} INFO - [2026-06-18T17:18:44.491+0000] {dag.py:3823} INFO - Setting next_dagrun for tutorial_taskflow_api to None, run_after=None
[2026-06-18T17:18:44.522+0000] {processor.py:183} INFO - Processing /home/airflow/.local/lib/python3.8/site-packages/airflow/example_dags/tutorial_taskflow_api.py took 0.115 seconds
[2026-06-18T17:19:14.710+0000] {processor.py:161} INFO - Started process (PID=3841) to work on /home/airflow/.local/lib/python3.8/site-packages/airflow/example_dags/tutorial_taskflow_api.py
[2026-06-18T17:19:14.712+0000] {processor.py:830} INFO - Processing file /home/airflow/.local/lib/python3.8/site-packages/airflow/example_dags/tutorial_taskflow_api.py for tasks to queue
[2026-06-18T17:19:14.715+0000] {logging_mixin.py:188} INFO - [2026-06-18T17:19:14.715+0000] {dagbag.py:538} INFO - Filling up the DagBag from /home/airflow/.local/lib/python3.8/site-packages/airflow/example_dags/tutorial_taskflow_api.py
[2026-06-18T17:19:14.728+0000] {processor.py:840} INFO - DAG(s) 'tutorial_taskflow_api' retrieved from /home/airflow/.local/lib/python3.8/site-packages/airflow/example_dags/tutorial_taskflow_api.py
[2026-06-18T17:19:14.773+0000] {logging_mixin.py:188} INFO - [2026-06-18T17:19:14.772+0000] {dag.py:3036} INFO - Sync 1 DAGs
[2026-06-18T17:19:14.798+0000] {logging_mixin.py:188} INFO - [2026-06-18T17:19:14.797+0000] {dag.py:3823} INFO - Setting next_dagrun for tutorial_taskflow_api to None, run_after=None
[2026-06-18T17:19:14.833+0000] {processor.py:183} INFO - Processing /home/airflow/.local/lib/python3.8/site-packages/airflow/example_dags/tutorial_taskflow_api.py took 0.130 seconds
[2026-06-18T17:19:45.051+0000] {processor.py:161} INFO - Started process (PID=3910) to work on /home/airflow/.local/lib/python3.8/site-packages/airflow/example_dags/tutorial_taskflow_api.py
[2026-06-18T17:19:45.053+0000] {processor.py:830} INFO - Processing file /home/airflow/.local/lib/python3.8/site-packages/airflow/example_dags/tutorial_taskflow_api.py for tasks to queue
[2026-06-18T17:19:45.055+0000] {logging_mixin.py:188} INFO - [2026-06-18T17:19:45.055+0000] {dagbag.py:538} INFO - Filling up the DagBag from /home/airflow/.local/lib/python3.8/site-packages/airflow/example_dags/tutorial_taskflow_api.py
[2026-06-18T17:19:45.067+0000] {processor.py:840} INFO - DAG(s) 'tutorial_taskflow_api' retrieved from /home/airflow/.local/lib/python3.8/site-packages/airflow/example_dags/tutorial_taskflow_api.py
[2026-06-18T17:19:45.105+0000] {logging_mixin.py:188} INFO - [2026-06-18T17:19:45.104+0000] {dag.py:3036} INFO - Sync 1 DAGs
[2026-06-18T17:19:45.130+0000] {logging_mixin.py:188} INFO - [2026-06-18T17:19:45.129+0000] {dag.py:3823} INFO - Setting next_dagrun for tutorial_taskflow_api to None, run_after=None
[2026-06-18T17:19:45.162+0000] {processor.py:183} INFO - Processing /home/airflow/.local/lib/python3.8/site-packages/airflow/example_dags/tutorial_taskflow_api.py took 0.117 seconds
[2026-06-18T17:20:15.496+0000] {processor.py:161} INFO - Started process (PID=3976) to work on /home/airflow/.local/lib/python3.8/site-packages/airflow/example_dags/tutorial_taskflow_api.py
[2026-06-18T17:20:15.498+0000] {processor.py:830} INFO - Processing file /home/airflow/.local/lib/python3.8/site-packages/airflow/example_dags/tutorial_taskflow_api.py for tasks to queue
[2026-06-18T17:20:15.501+0000] {logging_mixin.py:188} INFO - [2026-06-18T17:20:15.500+0000] {dagbag.py:538} INFO - Filling up the DagBag from /home/airflow/.local/lib/python3.8/site-packages/airflow/example_dags/tutorial_taskflow_api.py
[2026-06-18T17:20:15.513+0000] {processor.py:840} INFO - DAG(s) 'tutorial_taskflow_api' retrieved from /home/airflow/.local/lib/python3.8/site-packages/airflow/example_dags/tutorial_taskflow_api.py
[2026-06-18T17:20:15.556+0000] {logging_mixin.py:188} INFO - [2026-06-18T17:20:15.556+0000] {dag.py:3036} INFO - Sync 1 DAGs
[2026-06-18T17:20:15.584+0000] {logging_mixin.py:188} INFO - [2026-06-18T17:20:15.584+0000] {dag.py:3823} INFO - Setting next_dagrun for tutorial_taskflow_api to None, run_after=None
[2026-06-18T17:20:15.624+0000] {processor.py:183} INFO - Processing /home/airflow/.local/lib/python3.8/site-packages/airflow/example_dags/tutorial_taskflow_api.py took 0.134 seconds
[2026-06-18T17:20:45.910+0000] {processor.py:161} INFO - Started process (PID=4043) to work on /home/airflow/.local/lib/python3.8/site-packages/airflow/example_dags/tutorial_taskflow_api.py
[2026-06-18T17:20:45.912+0000] {processor.py:830} INFO - Processing file /home/airflow/.local/lib/python3.8/site-packages/airflow/example_dags/tutorial_taskflow_api.py for tasks to queue
[2026-06-18T17:20:45.915+0000] {logging_mixin.py:188} INFO - [2026-06-18T17:20:45.915+0000] {dagbag.py:538} INFO - Filling up the DagBag from /home/airflow/.local/lib/python3.8/site-packages/airflow/example_dags/tutorial_taskflow_api.py
[2026-06-18T17:20:45.927+0000] {processor.py:840} INFO - DAG(s) 'tutorial_taskflow_api' retrieved from /home/airflow/.local/lib/python3.8/site-packages/airflow/example_dags/tutorial_taskflow_api.py
[2026-06-18T17:20:45.968+0000] {logging_mixin.py:188} INFO - [2026-06-18T17:20:45.968+0000] {dag.py:3036} INFO - Sync 1 DAGs
[2026-06-18T17:20:45.999+0000] {logging_mixin.py:188} INFO - [2026-06-18T17:20:45.999+0000] {dag.py:3823} INFO - Setting next_dagrun for tutorial_taskflow_api to None, run_after=None
[2026-06-18T17:20:46.040+0000] {processor.py:183} INFO - Processing /home/airflow/.local/lib/python3.8/site-packages/airflow/example_dags/tutorial_taskflow_api.py took 0.137 seconds
[2026-06-18T17:21:16.561+0000] {processor.py:161} INFO - Started process (PID=4109) to work on /home/airflow/.local/lib/python3.8/site-packages/airflow/example_dags/tutorial_taskflow_api.py
[2026-06-18T17:21:16.562+0000] {processor.py:830} INFO - Processing file /home/airflow/.local/lib/python3.8/site-packages/airflow/example_dags/tutorial_taskflow_api.py for tasks to queue
[2026-06-18T17:21:16.565+0000] {logging_mixin.py:188} INFO - [2026-06-18T17:21:16.564+0000] {dagbag.py:538} INFO - Filling up the DagBag from /home/airflow/.local/lib/python3.8/site-packages/airflow/example_dags/tutorial_taskflow_api.py
[2026-06-18T17:21:16.576+0000] {processor.py:840} INFO - DAG(s) 'tutorial_taskflow_api' retrieved from /home/airflow/.local/lib/python3.8/site-packages/airflow/example_dags/tutorial_taskflow_api.py
[2026-06-18T17:21:16.611+0000] {logging_mixin.py:188} INFO - [2026-06-18T17:21:16.610+0000] {dag.py:3036} INFO - Sync 1 DAGs
[2026-06-18T17:21:16.630+0000] {logging_mixin.py:188} INFO - [2026-06-18T17:21:16.630+0000] {dag.py:3823} INFO - Setting next_dagrun for tutorial_taskflow_api to None, run_after=None
[2026-06-18T17:21:16.663+0000] {processor.py:183} INFO - Processing /home/airflow/.local/lib/python3.8/site-packages/airflow/example_dags/tutorial_taskflow_api.py took 0.106 seconds
[2026-06-18T17:21:46.897+0000] {processor.py:161} INFO - Started process (PID=4175) to work on /home/airflow/.local/lib/python3.8/site-packages/airflow/example_dags/tutorial_taskflow_api.py
[2026-06-18T17:21:46.899+0000] {processor.py:830} INFO - Processing file /home/airflow/.local/lib/python3.8/site-packages/airflow/example_dags/tutorial_taskflow_api.py for tasks to queue
[2026-06-18T17:21:46.902+0000] {logging_mixin.py:188} INFO - [2026-06-18T17:21:46.902+0000] {dagbag.py:538} INFO - Filling up the DagBag from /home/airflow/.local/lib/python3.8/site-packages/airflow/example_dags/tutorial_taskflow_api.py
[2026-06-18T17:21:46.912+0000] {processor.py:840} INFO - DAG(s) 'tutorial_taskflow_api' retrieved from /home/airflow/.local/lib/python3.8/site-packages/airflow/example_dags/tutorial_taskflow_api.py
[2026-06-18T17:21:46.946+0000] {logging_mixin.py:188} INFO - [2026-06-18T17:21:46.946+0000] {dag.py:3036} INFO - Sync 1 DAGs
[2026-06-18T17:21:46.966+0000] {logging_mixin.py:188} INFO - [2026-06-18T17:21:46.966+0000] {dag.py:3823} INFO - Setting next_dagrun for tutorial_taskflow_api to None, run_after=None
[2026-06-18T17:21:47.000+0000] {processor.py:183} INFO - Processing /home/airflow/.local/lib/python3.8/site-packages/airflow/example_dags/tutorial_taskflow_api.py took 0.110 seconds
[2026-06-18T17:22:17.127+0000] {processor.py:161} INFO - Started process (PID=4241) to work on /home/airflow/.local/lib/python3.8/site-packages/airflow/example_dags/tutorial_taskflow_api.py
[2026-06-18T17:22:17.129+0000] {processor.py:830} INFO - Processing file /home/airflow/.local/lib/python3.8/site-packages/airflow/example_dags/tutorial_taskflow_api.py for tasks to queue
[2026-06-18T17:22:17.132+0000] {logging_mixin.py:188} INFO - [2026-06-18T17:22:17.132+0000] {dagbag.py:538} INFO - Filling up the DagBag from /home/airflow/.local/lib/python3.8/site-packages/airflow/example_dags/tutorial_taskflow_api.py
[2026-06-18T17:22:17.143+0000] {processor.py:840} INFO - DAG(s) 'tutorial_taskflow_api' retrieved from /home/airflow/.local/lib/python3.8/site-packages/airflow/example_dags/tutorial_taskflow_api.py
[2026-06-18T17:22:17.181+0000] {logging_mixin.py:188} INFO - [2026-06-18T17:22:17.180+0000] {dag.py:3036} INFO - Sync 1 DAGs
[2026-06-18T17:22:17.202+0000] {logging_mixin.py:188} INFO - [2026-06-18T17:22:17.202+0000] {dag.py:3823} INFO - Setting next_dagrun for tutorial_taskflow_api to None, run_after=None
[2026-06-18T17:22:17.232+0000] {processor.py:183} INFO - Processing /home/airflow/.local/lib/python3.8/site-packages/airflow/example_dags/tutorial_taskflow_api.py took 0.111 seconds
[2026-06-18T17:22:47.323+0000] {processor.py:161} INFO - Started process (PID=4306) to work on /home/airflow/.local/lib/python3.8/site-packages/airflow/example_dags/tutorial_taskflow_api.py
[2026-06-18T17:22:47.325+0000] {processor.py:830} INFO - Processing file /home/airflow/.local/lib/python3.8/site-packages/airflow/example_dags/tutorial_taskflow_api.py for tasks to queue
[2026-06-18T17:22:47.328+0000] {logging_mixin.py:188} INFO - [2026-06-18T17:22:47.327+0000] {dagbag.py:538} INFO - Filling up the DagBag from /home/airflow/.local/lib/python3.8/site-packages/airflow/example_dags/tutorial_taskflow_api.py
[2026-06-18T17:22:47.338+0000] {processor.py:840} INFO - DAG(s) 'tutorial_taskflow_api' retrieved from /home/airflow/.local/lib/python3.8/site-packages/airflow/example_dags/tutorial_taskflow_api.py
[2026-06-18T17:22:47.379+0000] {logging_mixin.py:188} INFO - [2026-06-18T17:22:47.378+0000] {dag.py:3036} INFO - Sync 1 DAGs
[2026-06-18T17:22:47.404+0000] {logging_mixin.py:188} INFO - [2026-06-18T17:22:47.404+0000] {dag.py:3823} INFO - Setting next_dagrun for tutorial_taskflow_api to None, run_after=None
[2026-06-18T17:22:47.439+0000] {processor.py:183} INFO - Processing /home/airflow/.local/lib/python3.8/site-packages/airflow/example_dags/tutorial_taskflow_api.py took 0.122 seconds
[2026-06-18T17:23:17.903+0000] {processor.py:161} INFO - Started process (PID=4373) to work on /home/airflow/.local/lib/python3.8/site-packages/airflow/example_dags/tutorial_taskflow_api.py
[2026-06-18T17:23:17.905+0000] {processor.py:830} INFO - Processing file /home/airflow/.local/lib/python3.8/site-packages/airflow/example_dags/tutorial_taskflow_api.py for tasks to queue
[2026-06-18T17:23:17.908+0000] {logging_mixin.py:188} INFO - [2026-06-18T17:23:17.908+0000] {dagbag.py:538} INFO - Filling up the DagBag from /home/airflow/.local/lib/python3.8/site-packages/airflow/example_dags/tutorial_taskflow_api.py
[2026-06-18T17:23:17.918+0000] {processor.py:840} INFO - DAG(s) 'tutorial_taskflow_api' retrieved from /home/airflow/.local/lib/python3.8/site-packages/airflow/example_dags/tutorial_taskflow_api.py
[2026-06-18T17:23:17.956+0000] {logging_mixin.py:188} INFO - [2026-06-18T17:23:17.956+0000] {dag.py:3036} INFO - Sync 1 DAGs
[2026-06-18T17:23:17.980+0000] {logging_mixin.py:188} INFO - [2026-06-18T17:23:17.980+0000] {dag.py:3823} INFO - Setting next_dagrun for tutorial_taskflow_api to None, run_after=None
[2026-06-18T17:23:18.011+0000] {processor.py:183} INFO - Processing /home/airflow/.local/lib/python3.8/site-packages/airflow/example_dags/tutorial_taskflow_api.py took 0.113 seconds
[2026-06-18T17:23:48.579+0000] {processor.py:161} INFO - Started process (PID=4438) to work on /home/airflow/.local/lib/python3.8/site-packages/airflow/example_dags/tutorial_taskflow_api.py
[2026-06-18T17:23:48.581+0000] {processor.py:830} INFO - Processing file /home/airflow/.local/lib/python3.8/site-packages/airflow/example_dags/tutorial_taskflow_api.py for tasks to queue
[2026-06-18T17:23:48.584+0000] {logging_mixin.py:188} INFO - [2026-06-18T17:23:48.583+0000] {dagbag.py:538} INFO - Filling up the DagBag from /home/airflow/.local/lib/python3.8/site-packages/airflow/example_dags/tutorial_taskflow_api.py
[2026-06-18T17:23:48.593+0000] {processor.py:840} INFO - DAG(s) 'tutorial_taskflow_api' retrieved from /home/airflow/.local/lib/python3.8/site-packages/airflow/example_dags/tutorial_taskflow_api.py
[2026-06-18T17:23:48.635+0000] {logging_mixin.py:188} INFO - [2026-06-18T17:23:48.634+0000] {dag.py:3036} INFO - Sync 1 DAGs
[2026-06-18T17:23:48.655+0000] {logging_mixin.py:188} INFO - [2026-06-18T17:23:48.655+0000] {dag.py:3823} INFO - Setting next_dagrun for tutorial_taskflow_api to None, run_after=None
[2026-06-18T17:23:48.688+0000] {processor.py:183} INFO - Processing /home/airflow/.local/lib/python3.8/site-packages/airflow/example_dags/tutorial_taskflow_api.py took 0.115 seconds
[2026-06-18T17:24:19.089+0000] {processor.py:161} INFO - Started process (PID=4509) to work on /home/airflow/.local/lib/python3.8/site-packages/airflow/example_dags/tutorial_taskflow_api.py
[2026-06-18T17:24:19.095+0000] {processor.py:830} INFO - Processing file /home/airflow/.local/lib/python3.8/site-packages/airflow/example_dags/tutorial_taskflow_api.py for tasks to queue
[2026-06-18T17:24:19.107+0000] {logging_mixin.py:188} INFO - [2026-06-18T17:24:19.106+0000] {dagbag.py:538} INFO - Filling up the DagBag from /home/airflow/.local/lib/python3.8/site-packages/airflow/example_dags/tutorial_taskflow_api.py
[2026-06-18T17:24:19.130+0000] {processor.py:840} INFO - DAG(s) 'tutorial_taskflow_api' retrieved from /home/airflow/.local/lib/python3.8/site-packages/airflow/example_dags/tutorial_taskflow_api.py
[2026-06-18T17:24:19.188+0000] {logging_mixin.py:188} INFO - [2026-06-18T17:24:19.188+0000] {dag.py:3036} INFO - Sync 1 DAGs
[2026-06-18T17:24:19.214+0000] {logging_mixin.py:188} INFO - [2026-06-18T17:24:19.213+0000] {dag.py:3823} INFO - Setting next_dagrun for tutorial_taskflow_api to None, run_after=None
[2026-06-18T17:24:19.248+0000] {processor.py:183} INFO - Processing /home/airflow/.local/lib/python3.8/site-packages/airflow/example_dags/tutorial_taskflow_api.py took 0.166 seconds
[2026-06-18T17:24:49.702+0000] {processor.py:161} INFO - Started process (PID=4578) to work on /home/airflow/.local/lib/python3.8/site-packages/airflow/example_dags/tutorial_taskflow_api.py
[2026-06-18T17:24:49.704+0000] {processor.py:830} INFO - Processing file /home/airflow/.local/lib/python3.8/site-packages/airflow/example_dags/tutorial_taskflow_api.py for tasks to queue
[2026-06-18T17:24:49.707+0000] {logging_mixin.py:188} INFO - [2026-06-18T17:24:49.707+0000] {dagbag.py:538} INFO - Filling up the DagBag from /home/airflow/.local/lib/python3.8/site-packages/airflow/example_dags/tutorial_taskflow_api.py
[2026-06-18T17:24:49.720+0000] {processor.py:840} INFO - DAG(s) 'tutorial_taskflow_api' retrieved from /home/airflow/.local/lib/python3.8/site-packages/airflow/example_dags/tutorial_taskflow_api.py
[2026-06-18T17:24:49.760+0000] {logging_mixin.py:188} INFO - [2026-06-18T17:24:49.760+0000] {dag.py:3036} INFO - Sync 1 DAGs
[2026-06-18T17:24:49.784+0000] {logging_mixin.py:188} INFO - [2026-06-18T17:24:49.784+0000] {dag.py:3823} INFO - Setting next_dagrun for tutorial_taskflow_api to None, run_after=None
[2026-06-18T17:24:49.821+0000] {processor.py:183} INFO - Processing /home/airflow/.local/lib/python3.8/site-packages/airflow/example_dags/tutorial_taskflow_api.py took 0.124 seconds
[2026-06-18T17:25:19.920+0000] {processor.py:161} INFO - Started process (PID=4644) to work on /home/airflow/.local/lib/python3.8/site-packages/airflow/example_dags/tutorial_taskflow_api.py
[2026-06-18T17:25:19.922+0000] {processor.py:830} INFO - Processing file /home/airflow/.local/lib/python3.8/site-packages/airflow/example_dags/tutorial_taskflow_api.py for tasks to queue
[2026-06-18T17:25:19.925+0000] {logging_mixin.py:188} INFO - [2026-06-18T17:25:19.925+0000] {dagbag.py:538} INFO - Filling up the DagBag from /home/airflow/.local/lib/python3.8/site-packages/airflow/example_dags/tutorial_taskflow_api.py
[2026-06-18T17:25:19.939+0000] {processor.py:840} INFO - DAG(s) 'tutorial_taskflow_api' retrieved from /home/airflow/.local/lib/python3.8/site-packages/airflow/example_dags/tutorial_taskflow_api.py
[2026-06-18T17:25:19.983+0000] {logging_mixin.py:188} INFO - [2026-06-18T17:25:19.983+0000] {dag.py:3036} INFO - Sync 1 DAGs
[2026-06-18T17:25:20.009+0000] {logging_mixin.py:188} INFO - [2026-06-18T17:25:20.008+0000] {dag.py:3823} INFO - Setting next_dagrun for tutorial_taskflow_api to None, run_after=None
[2026-06-18T17:25:20.044+0000] {processor.py:183} INFO - Processing /home/airflow/.local/lib/python3.8/site-packages/airflow/example_dags/tutorial_taskflow_api.py took 0.130 seconds
[2026-06-18T17:25:50.410+0000] {processor.py:161} INFO - Started process (PID=4710) to work on /home/airflow/.local/lib/python3.8/site-packages/airflow/example_dags/tutorial_taskflow_api.py
[2026-06-18T17:25:50.412+0000] {processor.py:830} INFO - Processing file /home/airflow/.local/lib/python3.8/site-packages/airflow/example_dags/tutorial_taskflow_api.py for tasks to queue
[2026-06-18T17:25:50.415+0000] {logging_mixin.py:188} INFO - [2026-06-18T17:25:50.415+0000] {dagbag.py:538} INFO - Filling up the DagBag from /home/airflow/.local/lib/python3.8/site-packages/airflow/example_dags/tutorial_taskflow_api.py
[2026-06-18T17:25:50.436+0000] {processor.py:840} INFO - DAG(s) 'tutorial_taskflow_api' retrieved from /home/airflow/.local/lib/python3.8/site-packages/airflow/example_dags/tutorial_taskflow_api.py
[2026-06-18T17:25:50.477+0000] {logging_mixin.py:188} INFO - [2026-06-18T17:25:50.476+0000] {dag.py:3036} INFO - Sync 1 DAGs
[2026-06-18T17:25:50.502+0000] {logging_mixin.py:188} INFO - [2026-06-18T17:25:50.501+0000] {dag.py:3823} INFO - Setting next_dagrun for tutorial_taskflow_api to None, run_after=None
[2026-06-18T17:25:50.537+0000] {processor.py:183} INFO - Processing /home/airflow/.local/lib/python3.8/site-packages/airflow/example_dags/tutorial_taskflow_api.py took 0.133 seconds
[2026-06-18T17:26:20.741+0000] {processor.py:161} INFO - Started process (PID=4777) to work on /home/airflow/.local/lib/python3.8/site-packages/airflow/example_dags/tutorial_taskflow_api.py
[2026-06-18T17:26:20.743+0000] {processor.py:830} INFO - Processing file /home/airflow/.local/lib/python3.8/site-packages/airflow/example_dags/tutorial_taskflow_api.py for tasks to queue
[2026-06-18T17:26:20.747+0000] {logging_mixin.py:188} INFO - [2026-06-18T17:26:20.746+0000] {dagbag.py:538} INFO - Filling up the DagBag from /home/airflow/.local/lib/python3.8/site-packages/airflow/example_dags/tutorial_taskflow_api.py
[2026-06-18T17:26:20.758+0000] {processor.py:840} INFO - DAG(s) 'tutorial_taskflow_api' retrieved from /home/airflow/.local/lib/python3.8/site-packages/airflow/example_dags/tutorial_taskflow_api.py
[2026-06-18T17:26:20.797+0000] {logging_mixin.py:188} INFO - [2026-06-18T17:26:20.797+0000] {dag.py:3036} INFO - Sync 1 DAGs
[2026-06-18T17:26:20.824+0000] {logging_mixin.py:188} INFO - [2026-06-18T17:26:20.823+0000] {dag.py:3823} INFO - Setting next_dagrun for tutorial_taskflow_api to None, run_after=None
[2026-06-18T17:26:20.860+0000] {processor.py:183} INFO - Processing /home/airflow/.local/lib/python3.8/site-packages/airflow/example_dags/tutorial_taskflow_api.py took 0.124 seconds
[2026-06-18T17:26:51.022+0000] {processor.py:161} INFO - Started process (PID=4843) to work on /home/airflow/.local/lib/python3.8/site-packages/airflow/example_dags/tutorial_taskflow_api.py
[2026-06-18T17:26:51.024+0000] {processor.py:830} INFO - Processing file /home/airflow/.local/lib/python3.8/site-packages/airflow/example_dags/tutorial_taskflow_api.py for tasks to queue
[2026-06-18T17:26:51.026+0000] {logging_mixin.py:188} INFO - [2026-06-18T17:26:51.026+0000] {dagbag.py:538} INFO - Filling up the DagBag from /home/airflow/.local/lib/python3.8/site-packages/airflow/example_dags/tutorial_taskflow_api.py
[2026-06-18T17:26:51.037+0000] {processor.py:840} INFO - DAG(s) 'tutorial_taskflow_api' retrieved from /home/airflow/.local/lib/python3.8/site-packages/airflow/example_dags/tutorial_taskflow_api.py
[2026-06-18T17:26:51.082+0000] {logging_mixin.py:188} INFO - [2026-06-18T17:26:51.082+0000] {dag.py:3036} INFO - Sync 1 DAGs
[2026-06-18T17:26:51.107+0000] {logging_mixin.py:188} INFO - [2026-06-18T17:26:51.106+0000] {dag.py:3823} INFO - Setting next_dagrun for tutorial_taskflow_api to None, run_after=None
[2026-06-18T17:26:51.145+0000] {processor.py:183} INFO - Processing /home/airflow/.local/lib/python3.8/site-packages/airflow/example_dags/tutorial_taskflow_api.py took 0.129 seconds
[2026-06-18T17:27:21.860+0000] {processor.py:161} INFO - Started process (PID=4909) to work on /home/airflow/.local/lib/python3.8/site-packages/airflow/example_dags/tutorial_taskflow_api.py
[2026-06-18T17:27:21.862+0000] {processor.py:830} INFO - Processing file /home/airflow/.local/lib/python3.8/site-packages/airflow/example_dags/tutorial_taskflow_api.py for tasks to queue
[2026-06-18T17:27:21.865+0000] {logging_mixin.py:188} INFO - [2026-06-18T17:27:21.864+0000] {dagbag.py:538} INFO - Filling up the DagBag from /home/airflow/.local/lib/python3.8/site-packages/airflow/example_dags/tutorial_taskflow_api.py
[2026-06-18T17:27:21.876+0000] {processor.py:840} INFO - DAG(s) 'tutorial_taskflow_api' retrieved from /home/airflow/.local/lib/python3.8/site-packages/airflow/example_dags/tutorial_taskflow_api.py
[2026-06-18T17:27:21.912+0000] {logging_mixin.py:188} INFO - [2026-06-18T17:27:21.912+0000] {dag.py:3036} INFO - Sync 1 DAGs
[2026-06-18T17:27:21.934+0000] {logging_mixin.py:188} INFO - [2026-06-18T17:27:21.934+0000] {dag.py:3823} INFO - Setting next_dagrun for tutorial_taskflow_api to None, run_after=None
[2026-06-18T17:27:21.966+0000] {processor.py:183} INFO - Processing /home/airflow/.local/lib/python3.8/site-packages/airflow/example_dags/tutorial_taskflow_api.py took 0.111 seconds
[2026-06-18T17:27:52.204+0000] {processor.py:161} INFO - Started process (PID=4976) to work on /home/airflow/.local/lib/python3.8/site-packages/airflow/example_dags/tutorial_taskflow_api.py
[2026-06-18T17:27:52.205+0000] {processor.py:830} INFO - Processing file /home/airflow/.local/lib/python3.8/site-packages/airflow/example_dags/tutorial_taskflow_api.py for tasks to queue
[2026-06-18T17:27:52.207+0000] {logging_mixin.py:188} INFO - [2026-06-18T17:27:52.207+0000] {dagbag.py:538} INFO - Filling up the DagBag from /home/airflow/.local/lib/python3.8/site-packages/airflow/example_dags/tutorial_taskflow_api.py
[2026-06-18T17:27:52.217+0000] {processor.py:840} INFO - DAG(s) 'tutorial_taskflow_api' retrieved from /home/airflow/.local/lib/python3.8/site-packages/airflow/example_dags/tutorial_taskflow_api.py
[2026-06-18T17:27:52.255+0000] {logging_mixin.py:188} INFO - [2026-06-18T17:27:52.254+0000] {dag.py:3036} INFO - Sync 1 DAGs
[2026-06-18T17:27:52.279+0000] {logging_mixin.py:188} INFO - [2026-06-18T17:27:52.278+0000] {dag.py:3823} INFO - Setting next_dagrun for tutorial_taskflow_api to None, run_after=None
[2026-06-18T17:27:52.313+0000] {processor.py:183} INFO - Processing /home/airflow/.local/lib/python3.8/site-packages/airflow/example_dags/tutorial_taskflow_api.py took 0.114 seconds
[2026-06-18T17:28:22.488+0000] {processor.py:161} INFO - Started process (PID=5042) to work on /home/airflow/.local/lib/python3.8/site-packages/airflow/example_dags/tutorial_taskflow_api.py
[2026-06-18T17:28:22.490+0000] {processor.py:830} INFO - Processing file /home/airflow/.local/lib/python3.8/site-packages/airflow/example_dags/tutorial_taskflow_api.py for tasks to queue
[2026-06-18T17:28:22.493+0000] {logging_mixin.py:188} INFO - [2026-06-18T17:28:22.492+0000] {dagbag.py:538} INFO - Filling up the DagBag from /home/airflow/.local/lib/python3.8/site-packages/airflow/example_dags/tutorial_taskflow_api.py
[2026-06-18T17:28:22.505+0000] {processor.py:840} INFO - DAG(s) 'tutorial_taskflow_api' retrieved from /home/airflow/.local/lib/python3.8/site-packages/airflow/example_dags/tutorial_taskflow_api.py
[2026-06-18T17:28:22.548+0000] {logging_mixin.py:188} INFO - [2026-06-18T17:28:22.547+0000] {dag.py:3036} INFO - Sync 1 DAGs
[2026-06-18T17:28:22.569+0000] {logging_mixin.py:188} INFO - [2026-06-18T17:28:22.568+0000] {dag.py:3823} INFO - Setting next_dagrun for tutorial_taskflow_api to None, run_after=None
[2026-06-18T17:28:22.605+0000] {processor.py:183} INFO - Processing /home/airflow/.local/lib/python3.8/site-packages/airflow/example_dags/tutorial_taskflow_api.py took 0.125 seconds
[2026-06-18T17:28:53.034+0000] {processor.py:161} INFO - Started process (PID=5108) to work on /home/airflow/.local/lib/python3.8/site-packages/airflow/example_dags/tutorial_taskflow_api.py
[2026-06-18T17:28:53.036+0000] {processor.py:830} INFO - Processing file /home/airflow/.local/lib/python3.8/site-packages/airflow/example_dags/tutorial_taskflow_api.py for tasks to queue
[2026-06-18T17:28:53.040+0000] {logging_mixin.py:188} INFO - [2026-06-18T17:28:53.039+0000] {dagbag.py:538} INFO - Filling up the DagBag from /home/airflow/.local/lib/python3.8/site-packages/airflow/example_dags/tutorial_taskflow_api.py
[2026-06-18T17:28:53.050+0000] {processor.py:840} INFO - DAG(s) 'tutorial_taskflow_api' retrieved from /home/airflow/.local/lib/python3.8/site-packages/airflow/example_dags/tutorial_taskflow_api.py
[2026-06-18T17:28:53.090+0000] {logging_mixin.py:188} INFO - [2026-06-18T17:28:53.090+0000] {dag.py:3036} INFO - Sync 1 DAGs
[2026-06-18T17:28:53.113+0000] {logging_mixin.py:188} INFO - [2026-06-18T17:28:53.112+0000] {dag.py:3823} INFO - Setting next_dagrun for tutorial_taskflow_api to None, run_after=None
[2026-06-18T17:28:53.146+0000] {processor.py:183} INFO - Processing /home/airflow/.local/lib/python3.8/site-packages/airflow/example_dags/tutorial_taskflow_api.py took 0.117 seconds
[2026-06-18T17:29:23.333+0000] {processor.py:161} INFO - Started process (PID=5173) to work on /home/airflow/.local/lib/python3.8/site-packages/airflow/example_dags/tutorial_taskflow_api.py
[2026-06-18T17:29:23.335+0000] {processor.py:830} INFO - Processing file /home/airflow/.local/lib/python3.8/site-packages/airflow/example_dags/tutorial_taskflow_api.py for tasks to queue
[2026-06-18T17:29:23.337+0000] {logging_mixin.py:188} INFO - [2026-06-18T17:29:23.337+0000] {dagbag.py:538} INFO - Filling up the DagBag from /home/airflow/.local/lib/python3.8/site-packages/airflow/example_dags/tutorial_taskflow_api.py
[2026-06-18T17:29:23.347+0000] {processor.py:840} INFO - DAG(s) 'tutorial_taskflow_api' retrieved from /home/airflow/.local/lib/python3.8/site-packages/airflow/example_dags/tutorial_taskflow_api.py
[2026-06-18T17:29:23.388+0000] {logging_mixin.py:188} INFO - [2026-06-18T17:29:23.387+0000] {dag.py:3036} INFO - Sync 1 DAGs
[2026-06-18T17:29:23.414+0000] {logging_mixin.py:188} INFO - [2026-06-18T17:29:23.413+0000] {dag.py:3823} INFO - Setting next_dagrun for tutorial_taskflow_api to None, run_after=None
[2026-06-18T17:29:23.449+0000] {processor.py:183} INFO - Processing /home/airflow/.local/lib/python3.8/site-packages/airflow/example_dags/tutorial_taskflow_api.py took 0.121 seconds
[2026-06-18T17:29:54.019+0000] {processor.py:161} INFO - Started process (PID=5237) to work on /home/airflow/.local/lib/python3.8/site-packages/airflow/example_dags/tutorial_taskflow_api.py
[2026-06-18T17:29:54.021+0000] {processor.py:830} INFO - Processing file /home/airflow/.local/lib/python3.8/site-packages/airflow/example_dags/tutorial_taskflow_api.py for tasks to queue
[2026-06-18T17:29:54.024+0000] {logging_mixin.py:188} INFO - [2026-06-18T17:29:54.023+0000] {dagbag.py:538} INFO - Filling up the DagBag from /home/airflow/.local/lib/python3.8/site-packages/airflow/example_dags/tutorial_taskflow_api.py
[2026-06-18T17:29:54.033+0000] {processor.py:840} INFO - DAG(s) 'tutorial_taskflow_api' retrieved from /home/airflow/.local/lib/python3.8/site-packages/airflow/example_dags/tutorial_taskflow_api.py
[2026-06-18T17:29:54.067+0000] {logging_mixin.py:188} INFO - [2026-06-18T17:29:54.067+0000] {dag.py:3036} INFO - Sync 1 DAGs
[2026-06-18T17:29:54.088+0000] {logging_mixin.py:188} INFO - [2026-06-18T17:29:54.087+0000] {dag.py:3823} INFO - Setting next_dagrun for tutorial_taskflow_api to None, run_after=None
[2026-06-18T17:29:54.118+0000] {processor.py:183} INFO - Processing /home/airflow/.local/lib/python3.8/site-packages/airflow/example_dags/tutorial_taskflow_api.py took 0.104 seconds
[2026-06-18T17:30:24.519+0000] {processor.py:161} INFO - Started process (PID=5302) to work on /home/airflow/.local/lib/python3.8/site-packages/airflow/example_dags/tutorial_taskflow_api.py
[2026-06-18T17:30:24.520+0000] {processor.py:830} INFO - Processing file /home/airflow/.local/lib/python3.8/site-packages/airflow/example_dags/tutorial_taskflow_api.py for tasks to queue
[2026-06-18T17:30:24.523+0000] {logging_mixin.py:188} INFO - [2026-06-18T17:30:24.523+0000] {dagbag.py:538} INFO - Filling up the DagBag from /home/airflow/.local/lib/python3.8/site-packages/airflow/example_dags/tutorial_taskflow_api.py
[2026-06-18T17:30:24.534+0000] {processor.py:840} INFO - DAG(s) 'tutorial_taskflow_api' retrieved from /home/airflow/.local/lib/python3.8/site-packages/airflow/example_dags/tutorial_taskflow_api.py
[2026-06-18T17:30:24.571+0000] {logging_mixin.py:188} INFO - [2026-06-18T17:30:24.571+0000] {dag.py:3036} INFO - Sync 1 DAGs
[2026-06-18T17:30:24.595+0000] {logging_mixin.py:188} INFO - [2026-06-18T17:30:24.595+0000] {dag.py:3823} INFO - Setting next_dagrun for tutorial_taskflow_api to None, run_after=None
[2026-06-18T17:30:24.634+0000] {processor.py:183} INFO - Processing /home/airflow/.local/lib/python3.8/site-packages/airflow/example_dags/tutorial_taskflow_api.py took 0.121 seconds
[2026-06-18T17:30:55.064+0000] {processor.py:161} INFO - Started process (PID=5376) to work on /home/airflow/.local/lib/python3.8/site-packages/airflow/example_dags/tutorial_taskflow_api.py
[2026-06-18T17:30:55.065+0000] {processor.py:830} INFO - Processing file /home/airflow/.local/lib/python3.8/site-packages/airflow/example_dags/tutorial_taskflow_api.py for tasks to queue
[2026-06-18T17:30:55.068+0000] {logging_mixin.py:188} INFO - [2026-06-18T17:30:55.068+0000] {dagbag.py:538} INFO - Filling up the DagBag from /home/airflow/.local/lib/python3.8/site-packages/airflow/example_dags/tutorial_taskflow_api.py
[2026-06-18T17:30:55.081+0000] {processor.py:840} INFO - DAG(s) 'tutorial_taskflow_api' retrieved from /home/airflow/.local/lib/python3.8/site-packages/airflow/example_dags/tutorial_taskflow_api.py
[2026-06-18T17:30:55.130+0000] {logging_mixin.py:188} INFO - [2026-06-18T17:30:55.130+0000] {dag.py:3036} INFO - Sync 1 DAGs
[2026-06-18T17:30:55.165+0000] {logging_mixin.py:188} INFO - [2026-06-18T17:30:55.164+0000] {dag.py:3823} INFO - Setting next_dagrun for tutorial_taskflow_api to None, run_after=None
[2026-06-18T17:30:55.200+0000] {processor.py:183} INFO - Processing /home/airflow/.local/lib/python3.8/site-packages/airflow/example_dags/tutorial_taskflow_api.py took 0.143 seconds
[2026-06-18T17:31:25.712+0000] {processor.py:161} INFO - Started process (PID=5441) to work on /home/airflow/.local/lib/python3.8/site-packages/airflow/example_dags/tutorial_taskflow_api.py
[2026-06-18T17:31:25.715+0000] {processor.py:830} INFO - Processing file /home/airflow/.local/lib/python3.8/site-packages/airflow/example_dags/tutorial_taskflow_api.py for tasks to queue
[2026-06-18T17:31:25.721+0000] {logging_mixin.py:188} INFO - [2026-06-18T17:31:25.720+0000] {dagbag.py:538} INFO - Filling up the DagBag from /home/airflow/.local/lib/python3.8/site-packages/airflow/example_dags/tutorial_taskflow_api.py
[2026-06-18T17:31:25.733+0000] {processor.py:840} INFO - DAG(s) 'tutorial_taskflow_api' retrieved from /home/airflow/.local/lib/python3.8/site-packages/airflow/example_dags/tutorial_taskflow_api.py
[2026-06-18T17:31:25.774+0000] {logging_mixin.py:188} INFO - [2026-06-18T17:31:25.774+0000] {dag.py:3036} INFO - Sync 1 DAGs
[2026-06-18T17:31:25.800+0000] {logging_mixin.py:188} INFO - [2026-06-18T17:31:25.799+0000] {dag.py:3823} INFO - Setting next_dagrun for tutorial_taskflow_api to None, run_after=None
[2026-06-18T17:31:25.837+0000] {processor.py:183} INFO - Processing /home/airflow/.local/lib/python3.8/site-packages/airflow/example_dags/tutorial_taskflow_api.py took 0.130 seconds
[2026-06-18T17:31:55.977+0000] {processor.py:161} INFO - Started process (PID=5507) to work on /home/airflow/.local/lib/python3.8/site-packages/airflow/example_dags/tutorial_taskflow_api.py
[2026-06-18T17:31:55.979+0000] {processor.py:830} INFO - Processing file /home/airflow/.local/lib/python3.8/site-packages/airflow/example_dags/tutorial_taskflow_api.py for tasks to queue
[2026-06-18T17:31:55.988+0000] {logging_mixin.py:188} INFO - [2026-06-18T17:31:55.987+0000] {dagbag.py:538} INFO - Filling up the DagBag from /home/airflow/.local/lib/python3.8/site-packages/airflow/example_dags/tutorial_taskflow_api.py
[2026-06-18T17:31:56.001+0000] {processor.py:840} INFO - DAG(s) 'tutorial_taskflow_api' retrieved from /home/airflow/.local/lib/python3.8/site-packages/airflow/example_dags/tutorial_taskflow_api.py
[2026-06-18T17:31:56.044+0000] {logging_mixin.py:188} INFO - [2026-06-18T17:31:56.044+0000] {dag.py:3036} INFO - Sync 1 DAGs
[2026-06-18T17:31:56.068+0000] {logging_mixin.py:188} INFO - [2026-06-18T17:31:56.068+0000] {dag.py:3823} INFO - Setting next_dagrun for tutorial_taskflow_api to None, run_after=None
[2026-06-18T17:31:56.104+0000] {processor.py:183} INFO - Processing /home/airflow/.local/lib/python3.8/site-packages/airflow/example_dags/tutorial_taskflow_api.py took 0.133 seconds
[2026-06-18T17:32:26.469+0000] {processor.py:161} INFO - Started process (PID=5573) to work on /home/airflow/.local/lib/python3.8/site-packages/airflow/example_dags/tutorial_taskflow_api.py
[2026-06-18T17:32:26.471+0000] {processor.py:830} INFO - Processing file /home/airflow/.local/lib/python3.8/site-packages/airflow/example_dags/tutorial_taskflow_api.py for tasks to queue
[2026-06-18T17:32:26.474+0000] {logging_mixin.py:188} INFO - [2026-06-18T17:32:26.473+0000] {dagbag.py:538} INFO - Filling up the DagBag from /home/airflow/.local/lib/python3.8/site-packages/airflow/example_dags/tutorial_taskflow_api.py
[2026-06-18T17:32:26.484+0000] {processor.py:840} INFO - DAG(s) 'tutorial_taskflow_api' retrieved from /home/airflow/.local/lib/python3.8/site-packages/airflow/example_dags/tutorial_taskflow_api.py
[2026-06-18T17:32:26.529+0000] {logging_mixin.py:188} INFO - [2026-06-18T17:32:26.528+0000] {dag.py:3036} INFO - Sync 1 DAGs
[2026-06-18T17:32:26.550+0000] {logging_mixin.py:188} INFO - [2026-06-18T17:32:26.550+0000] {dag.py:3823} INFO - Setting next_dagrun for tutorial_taskflow_api to None, run_after=None
[2026-06-18T17:32:26.588+0000] {processor.py:183} INFO - Processing /home/airflow/.local/lib/python3.8/site-packages/airflow/example_dags/tutorial_taskflow_api.py took 0.125 seconds
[2026-06-18T17:32:56.679+0000] {processor.py:161} INFO - Started process (PID=5639) to work on /home/airflow/.local/lib/python3.8/site-packages/airflow/example_dags/tutorial_taskflow_api.py
[2026-06-18T17:32:56.681+0000] {processor.py:830} INFO - Processing file /home/airflow/.local/lib/python3.8/site-packages/airflow/example_dags/tutorial_taskflow_api.py for tasks to queue
[2026-06-18T17:32:56.684+0000] {logging_mixin.py:188} INFO - [2026-06-18T17:32:56.683+0000] {dagbag.py:538} INFO - Filling up the DagBag from /home/airflow/.local/lib/python3.8/site-packages/airflow/example_dags/tutorial_taskflow_api.py
[2026-06-18T17:32:56.696+0000] {processor.py:840} INFO - DAG(s) 'tutorial_taskflow_api' retrieved from /home/airflow/.local/lib/python3.8/site-packages/airflow/example_dags/tutorial_taskflow_api.py
[2026-06-18T17:32:56.735+0000] {logging_mixin.py:188} INFO - [2026-06-18T17:32:56.734+0000] {dag.py:3036} INFO - Sync 1 DAGs
[2026-06-18T17:32:56.759+0000] {logging_mixin.py:188} INFO - [2026-06-18T17:32:56.758+0000] {dag.py:3823} INFO - Setting next_dagrun for tutorial_taskflow_api to None, run_after=None
[2026-06-18T17:32:56.794+0000] {processor.py:183} INFO - Processing /home/airflow/.local/lib/python3.8/site-packages/airflow/example_dags/tutorial_taskflow_api.py took 0.120 seconds
[2026-06-18T17:33:27.644+0000] {processor.py:161} INFO - Started process (PID=5705) to work on /home/airflow/.local/lib/python3.8/site-packages/airflow/example_dags/tutorial_taskflow_api.py
[2026-06-18T17:33:27.646+0000] {processor.py:830} INFO - Processing file /home/airflow/.local/lib/python3.8/site-packages/airflow/example_dags/tutorial_taskflow_api.py for tasks to queue
[2026-06-18T17:33:27.648+0000] {logging_mixin.py:188} INFO - [2026-06-18T17:33:27.648+0000] {dagbag.py:538} INFO - Filling up the DagBag from /home/airflow/.local/lib/python3.8/site-packages/airflow/example_dags/tutorial_taskflow_api.py
[2026-06-18T17:33:27.658+0000] {processor.py:840} INFO - DAG(s) 'tutorial_taskflow_api' retrieved from /home/airflow/.local/lib/python3.8/site-packages/airflow/example_dags/tutorial_taskflow_api.py
[2026-06-18T17:33:27.698+0000] {logging_mixin.py:188} INFO - [2026-06-18T17:33:27.698+0000] {dag.py:3036} INFO - Sync 1 DAGs
[2026-06-18T17:33:27.723+0000] {logging_mixin.py:188} INFO - [2026-06-18T17:33:27.722+0000] {dag.py:3823} INFO - Setting next_dagrun for tutorial_taskflow_api to None, run_after=None
[2026-06-18T17:33:27.755+0000] {processor.py:183} INFO - Processing /home/airflow/.local/lib/python3.8/site-packages/airflow/example_dags/tutorial_taskflow_api.py took 0.117 seconds
[2026-06-18T17:33:58.006+0000] {processor.py:161} INFO - Started process (PID=5771) to work on /home/airflow/.local/lib/python3.8/site-packages/airflow/example_dags/tutorial_taskflow_api.py
[2026-06-18T17:33:58.008+0000] {processor.py:830} INFO - Processing file /home/airflow/.local/lib/python3.8/site-packages/airflow/example_dags/tutorial_taskflow_api.py for tasks to queue
[2026-06-18T17:33:58.011+0000] {logging_mixin.py:188} INFO - [2026-06-18T17:33:58.010+0000] {dagbag.py:538} INFO - Filling up the DagBag from /home/airflow/.local/lib/python3.8/site-packages/airflow/example_dags/tutorial_taskflow_api.py
[2026-06-18T17:33:58.021+0000] {processor.py:840} INFO - DAG(s) 'tutorial_taskflow_api' retrieved from /home/airflow/.local/lib/python3.8/site-packages/airflow/example_dags/tutorial_taskflow_api.py
[2026-06-18T17:33:58.056+0000] {logging_mixin.py:188} INFO - [2026-06-18T17:33:58.055+0000] {dag.py:3036} INFO - Sync 1 DAGs
[2026-06-18T17:33:58.079+0000] {logging_mixin.py:188} INFO - [2026-06-18T17:33:58.079+0000] {dag.py:3823} INFO - Setting next_dagrun for tutorial_taskflow_api to None, run_after=None
[2026-06-18T17:33:58.112+0000] {processor.py:183} INFO - Processing /home/airflow/.local/lib/python3.8/site-packages/airflow/example_dags/tutorial_taskflow_api.py took 0.111 seconds
[2026-06-18T17:34:28.709+0000] {processor.py:161} INFO - Started process (PID=5836) to work on /home/airflow/.local/lib/python3.8/site-packages/airflow/example_dags/tutorial_taskflow_api.py
[2026-06-18T17:34:28.711+0000] {processor.py:830} INFO - Processing file /home/airflow/.local/lib/python3.8/site-packages/airflow/example_dags/tutorial_taskflow_api.py for tasks to queue
[2026-06-18T17:34:28.714+0000] {logging_mixin.py:188} INFO - [2026-06-18T17:34:28.714+0000] {dagbag.py:538} INFO - Filling up the DagBag from /home/airflow/.local/lib/python3.8/site-packages/airflow/example_dags/tutorial_taskflow_api.py
[2026-06-18T17:34:28.724+0000] {processor.py:840} INFO - DAG(s) 'tutorial_taskflow_api' retrieved from /home/airflow/.local/lib/python3.8/site-packages/airflow/example_dags/tutorial_taskflow_api.py
[2026-06-18T17:34:28.761+0000] {logging_mixin.py:188} INFO - [2026-06-18T17:34:28.761+0000] {dag.py:3036} INFO - Sync 1 DAGs
[2026-06-18T17:34:28.786+0000] {logging_mixin.py:188} INFO - [2026-06-18T17:34:28.786+0000] {dag.py:3823} INFO - Setting next_dagrun for tutorial_taskflow_api to None, run_after=None
[2026-06-18T17:34:28.819+0000] {processor.py:183} INFO - Processing /home/airflow/.local/lib/python3.8/site-packages/airflow/example_dags/tutorial_taskflow_api.py took 0.115 seconds
[2026-06-18T17:34:59.183+0000] {processor.py:161} INFO - Started process (PID=5902) to work on /home/airflow/.local/lib/python3.8/site-packages/airflow/example_dags/tutorial_taskflow_api.py
[2026-06-18T17:34:59.185+0000] {processor.py:830} INFO - Processing file /home/airflow/.local/lib/python3.8/site-packages/airflow/example_dags/tutorial_taskflow_api.py for tasks to queue
[2026-06-18T17:34:59.187+0000] {logging_mixin.py:188} INFO - [2026-06-18T17:34:59.187+0000] {dagbag.py:538} INFO - Filling up the DagBag from /home/airflow/.local/lib/python3.8/site-packages/airflow/example_dags/tutorial_taskflow_api.py
[2026-06-18T17:34:59.198+0000] {processor.py:840} INFO - DAG(s) 'tutorial_taskflow_api' retrieved from /home/airflow/.local/lib/python3.8/site-packages/airflow/example_dags/tutorial_taskflow_api.py
[2026-06-18T17:34:59.249+0000] {logging_mixin.py:188} INFO - [2026-06-18T17:34:59.249+0000] {dag.py:3036} INFO - Sync 1 DAGs
[2026-06-18T17:34:59.289+0000] {logging_mixin.py:188} INFO - [2026-06-18T17:34:59.288+0000] {dag.py:3823} INFO - Setting next_dagrun for tutorial_taskflow_api to None, run_after=None
[2026-06-18T17:34:59.337+0000] {processor.py:183} INFO - Processing /home/airflow/.local/lib/python3.8/site-packages/airflow/example_dags/tutorial_taskflow_api.py took 0.159 seconds
[2026-06-18T17:35:29.620+0000] {processor.py:161} INFO - Started process (PID=5968) to work on /home/airflow/.local/lib/python3.8/site-packages/airflow/example_dags/tutorial_taskflow_api.py
[2026-06-18T17:35:29.622+0000] {processor.py:830} INFO - Processing file /home/airflow/.local/lib/python3.8/site-packages/airflow/example_dags/tutorial_taskflow_api.py for tasks to queue
[2026-06-18T17:35:29.624+0000] {logging_mixin.py:188} INFO - [2026-06-18T17:35:29.624+0000] {dagbag.py:538} INFO - Filling up the DagBag from /home/airflow/.local/lib/python3.8/site-packages/airflow/example_dags/tutorial_taskflow_api.py
[2026-06-18T17:35:29.635+0000] {processor.py:840} INFO - DAG(s) 'tutorial_taskflow_api' retrieved from /home/airflow/.local/lib/python3.8/site-packages/airflow/example_dags/tutorial_taskflow_api.py
[2026-06-18T17:35:29.678+0000] {logging_mixin.py:188} INFO - [2026-06-18T17:35:29.678+0000] {dag.py:3036} INFO - Sync 1 DAGs
[2026-06-18T17:35:29.703+0000] {logging_mixin.py:188} INFO - [2026-06-18T17:35:29.703+0000] {dag.py:3823} INFO - Setting next_dagrun for tutorial_taskflow_api to None, run_after=None
[2026-06-18T17:35:29.761+0000] {processor.py:183} INFO - Processing /home/airflow/.local/lib/python3.8/site-packages/airflow/example_dags/tutorial_taskflow_api.py took 0.147 seconds
[2026-06-18T17:35:59.945+0000] {processor.py:161} INFO - Started process (PID=6031) to work on /home/airflow/.local/lib/python3.8/site-packages/airflow/example_dags/tutorial_taskflow_api.py
[2026-06-18T17:35:59.948+0000] {processor.py:830} INFO - Processing file /home/airflow/.local/lib/python3.8/site-packages/airflow/example_dags/tutorial_taskflow_api.py for tasks to queue
[2026-06-18T17:35:59.951+0000] {logging_mixin.py:188} INFO - [2026-06-18T17:35:59.950+0000] {dagbag.py:538} INFO - Filling up the DagBag from /home/airflow/.local/lib/python3.8/site-packages/airflow/example_dags/tutorial_taskflow_api.py
[2026-06-18T17:35:59.963+0000] {processor.py:840} INFO - DAG(s) 'tutorial_taskflow_api' retrieved from /home/airflow/.local/lib/python3.8/site-packages/airflow/example_dags/tutorial_taskflow_api.py
[2026-06-18T17:36:00.006+0000] {logging_mixin.py:188} INFO - [2026-06-18T17:36:00.005+0000] {dag.py:3036} INFO - Sync 1 DAGs
[2026-06-18T17:36:00.028+0000] {logging_mixin.py:188} INFO - [2026-06-18T17:36:00.027+0000] {dag.py:3823} INFO - Setting next_dagrun for tutorial_taskflow_api to None, run_after=None
[2026-06-18T17:36:00.060+0000] {processor.py:183} INFO - Processing /home/airflow/.local/lib/python3.8/site-packages/airflow/example_dags/tutorial_taskflow_api.py took 0.121 seconds
[2026-06-18T17:36:30.217+0000] {processor.py:161} INFO - Started process (PID=6097) to work on /home/airflow/.local/lib/python3.8/site-packages/airflow/example_dags/tutorial_taskflow_api.py
[2026-06-18T17:36:30.219+0000] {processor.py:830} INFO - Processing file /home/airflow/.local/lib/python3.8/site-packages/airflow/example_dags/tutorial_taskflow_api.py for tasks to queue
[2026-06-18T17:36:30.222+0000] {logging_mixin.py:188} INFO - [2026-06-18T17:36:30.222+0000] {dagbag.py:538} INFO - Filling up the DagBag from /home/airflow/.local/lib/python3.8/site-packages/airflow/example_dags/tutorial_taskflow_api.py
[2026-06-18T17:36:30.235+0000] {processor.py:840} INFO - DAG(s) 'tutorial_taskflow_api' retrieved from /home/airflow/.local/lib/python3.8/site-packages/airflow/example_dags/tutorial_taskflow_api.py
[2026-06-18T17:36:30.283+0000] {logging_mixin.py:188} INFO - [2026-06-18T17:36:30.283+0000] {dag.py:3036} INFO - Sync 1 DAGs
[2026-06-18T17:36:30.304+0000] {logging_mixin.py:188} INFO - [2026-06-18T17:36:30.304+0000] {dag.py:3823} INFO - Setting next_dagrun for tutorial_taskflow_api to None, run_after=None
[2026-06-18T17:36:30.342+0000] {processor.py:183} INFO - Processing /home/airflow/.local/lib/python3.8/site-packages/airflow/example_dags/tutorial_taskflow_api.py took 0.131 seconds
[2026-06-18T17:37:00.591+0000] {processor.py:161} INFO - Started process (PID=6163) to work on /home/airflow/.local/lib/python3.8/site-packages/airflow/example_dags/tutorial_taskflow_api.py
[2026-06-18T17:37:00.592+0000] {processor.py:830} INFO - Processing file /home/airflow/.local/lib/python3.8/site-packages/airflow/example_dags/tutorial_taskflow_api.py for tasks to queue
[2026-06-18T17:37:00.596+0000] {logging_mixin.py:188} INFO - [2026-06-18T17:37:00.595+0000] {dagbag.py:538} INFO - Filling up the DagBag from /home/airflow/.local/lib/python3.8/site-packages/airflow/example_dags/tutorial_taskflow_api.py
[2026-06-18T17:37:00.607+0000] {processor.py:840} INFO - DAG(s) 'tutorial_taskflow_api' retrieved from /home/airflow/.local/lib/python3.8/site-packages/airflow/example_dags/tutorial_taskflow_api.py
[2026-06-18T17:37:00.650+0000] {logging_mixin.py:188} INFO - [2026-06-18T17:37:00.649+0000] {dag.py:3036} INFO - Sync 1 DAGs
[2026-06-18T17:37:00.676+0000] {logging_mixin.py:188} INFO - [2026-06-18T17:37:00.676+0000] {dag.py:3823} INFO - Setting next_dagrun for tutorial_taskflow_api to None, run_after=None
[2026-06-18T17:37:00.715+0000] {processor.py:183} INFO - Processing /home/airflow/.local/lib/python3.8/site-packages/airflow/example_dags/tutorial_taskflow_api.py took 0.135 seconds
[2026-06-18T17:37:30.911+0000] {processor.py:161} INFO - Started process (PID=6228) to work on /home/airflow/.local/lib/python3.8/site-packages/airflow/example_dags/tutorial_taskflow_api.py
[2026-06-18T17:37:30.914+0000] {processor.py:830} INFO - Processing file /home/airflow/.local/lib/python3.8/site-packages/airflow/example_dags/tutorial_taskflow_api.py for tasks to queue
[2026-06-18T17:37:30.918+0000] {logging_mixin.py:188} INFO - [2026-06-18T17:37:30.918+0000] {dagbag.py:538} INFO - Filling up the DagBag from /home/airflow/.local/lib/python3.8/site-packages/airflow/example_dags/tutorial_taskflow_api.py
[2026-06-18T17:37:30.931+0000] {processor.py:840} INFO - DAG(s) 'tutorial_taskflow_api' retrieved from /home/airflow/.local/lib/python3.8/site-packages/airflow/example_dags/tutorial_taskflow_api.py
[2026-06-18T17:37:30.976+0000] {logging_mixin.py:188} INFO - [2026-06-18T17:37:30.975+0000] {dag.py:3036} INFO - Sync 1 DAGs
[2026-06-18T17:37:31.004+0000] {logging_mixin.py:188} INFO - [2026-06-18T17:37:31.004+0000] {dag.py:3823} INFO - Setting next_dagrun for tutorial_taskflow_api to None, run_after=None
[2026-06-18T17:37:31.045+0000] {processor.py:183} INFO - Processing /home/airflow/.local/lib/python3.8/site-packages/airflow/example_dags/tutorial_taskflow_api.py took 0.140 seconds
[2026-06-18T17:38:01.432+0000] {processor.py:161} INFO - Started process (PID=6301) to work on /home/airflow/.local/lib/python3.8/site-packages/airflow/example_dags/tutorial_taskflow_api.py
[2026-06-18T17:38:01.433+0000] {processor.py:830} INFO - Processing file /home/airflow/.local/lib/python3.8/site-packages/airflow/example_dags/tutorial_taskflow_api.py for tasks to queue
[2026-06-18T17:38:01.437+0000] {logging_mixin.py:188} INFO - [2026-06-18T17:38:01.436+0000] {dagbag.py:538} INFO - Filling up the DagBag from /home/airflow/.local/lib/python3.8/site-packages/airflow/example_dags/tutorial_taskflow_api.py
[2026-06-18T17:38:01.449+0000] {processor.py:840} INFO - DAG(s) 'tutorial_taskflow_api' retrieved from /home/airflow/.local/lib/python3.8/site-packages/airflow/example_dags/tutorial_taskflow_api.py
[2026-06-18T17:38:01.489+0000] {logging_mixin.py:188} INFO - [2026-06-18T17:38:01.489+0000] {dag.py:3036} INFO - Sync 1 DAGs
[2026-06-18T17:38:01.516+0000] {logging_mixin.py:188} INFO - [2026-06-18T17:38:01.516+0000] {dag.py:3823} INFO - Setting next_dagrun for tutorial_taskflow_api to None, run_after=None
[2026-06-18T17:38:01.564+0000] {processor.py:183} INFO - Processing /home/airflow/.local/lib/python3.8/site-packages/airflow/example_dags/tutorial_taskflow_api.py took 0.138 seconds
[2026-06-18T17:38:31.698+0000] {processor.py:161} INFO - Started process (PID=6367) to work on /home/airflow/.local/lib/python3.8/site-packages/airflow/example_dags/tutorial_taskflow_api.py
[2026-06-18T17:38:31.702+0000] {processor.py:830} INFO - Processing file /home/airflow/.local/lib/python3.8/site-packages/airflow/example_dags/tutorial_taskflow_api.py for tasks to queue
[2026-06-18T17:38:31.704+0000] {logging_mixin.py:188} INFO - [2026-06-18T17:38:31.704+0000] {dagbag.py:538} INFO - Filling up the DagBag from /home/airflow/.local/lib/python3.8/site-packages/airflow/example_dags/tutorial_taskflow_api.py
[2026-06-18T17:38:31.715+0000] {processor.py:840} INFO - DAG(s) 'tutorial_taskflow_api' retrieved from /home/airflow/.local/lib/python3.8/site-packages/airflow/example_dags/tutorial_taskflow_api.py
[2026-06-18T17:38:31.759+0000] {logging_mixin.py:188} INFO - [2026-06-18T17:38:31.758+0000] {dag.py:3036} INFO - Sync 1 DAGs
[2026-06-18T17:38:31.785+0000] {logging_mixin.py:188} INFO - [2026-06-18T17:38:31.784+0000] {dag.py:3823} INFO - Setting next_dagrun for tutorial_taskflow_api to None, run_after=None
[2026-06-18T17:38:31.847+0000] {processor.py:183} INFO - Processing /home/airflow/.local/lib/python3.8/site-packages/airflow/example_dags/tutorial_taskflow_api.py took 0.154 seconds
[2026-06-18T17:39:02.044+0000] {processor.py:161} INFO - Started process (PID=6433) to work on /home/airflow/.local/lib/python3.8/site-packages/airflow/example_dags/tutorial_taskflow_api.py
[2026-06-18T17:39:02.046+0000] {processor.py:830} INFO - Processing file /home/airflow/.local/lib/python3.8/site-packages/airflow/example_dags/tutorial_taskflow_api.py for tasks to queue
[2026-06-18T17:39:02.049+0000] {logging_mixin.py:188} INFO - [2026-06-18T17:39:02.048+0000] {dagbag.py:538} INFO - Filling up the DagBag from /home/airflow/.local/lib/python3.8/site-packages/airflow/example_dags/tutorial_taskflow_api.py
[2026-06-18T17:39:02.062+0000] {processor.py:840} INFO - DAG(s) 'tutorial_taskflow_api' retrieved from /home/airflow/.local/lib/python3.8/site-packages/airflow/example_dags/tutorial_taskflow_api.py
[2026-06-18T17:39:02.113+0000] {logging_mixin.py:188} INFO - [2026-06-18T17:39:02.113+0000] {dag.py:3036} INFO - Sync 1 DAGs
[2026-06-18T17:39:02.139+0000] {logging_mixin.py:188} INFO - [2026-06-18T17:39:02.139+0000] {dag.py:3823} INFO - Setting next_dagrun for tutorial_taskflow_api to None, run_after=None
[2026-06-18T17:39:02.186+0000] {processor.py:183} INFO - Processing /home/airflow/.local/lib/python3.8/site-packages/airflow/example_dags/tutorial_taskflow_api.py took 0.147 seconds
[2026-06-18T17:39:32.311+0000] {processor.py:161} INFO - Started process (PID=6499) to work on /home/airflow/.local/lib/python3.8/site-packages/airflow/example_dags/tutorial_taskflow_api.py
[2026-06-18T17:39:32.314+0000] {processor.py:830} INFO - Processing file /home/airflow/.local/lib/python3.8/site-packages/airflow/example_dags/tutorial_taskflow_api.py for tasks to queue
[2026-06-18T17:39:32.320+0000] {logging_mixin.py:188} INFO - [2026-06-18T17:39:32.319+0000] {dagbag.py:538} INFO - Filling up the DagBag from /home/airflow/.local/lib/python3.8/site-packages/airflow/example_dags/tutorial_taskflow_api.py
[2026-06-18T17:39:32.336+0000] {processor.py:840} INFO - DAG(s) 'tutorial_taskflow_api' retrieved from /home/airflow/.local/lib/python3.8/site-packages/airflow/example_dags/tutorial_taskflow_api.py
[2026-06-18T17:39:32.387+0000] {logging_mixin.py:188} INFO - [2026-06-18T17:39:32.387+0000] {dag.py:3036} INFO - Sync 1 DAGs
[2026-06-18T17:39:32.410+0000] {logging_mixin.py:188} INFO - [2026-06-18T17:39:32.410+0000] {dag.py:3823} INFO - Setting next_dagrun for tutorial_taskflow_api to None, run_after=None
[2026-06-18T17:39:32.451+0000] {processor.py:183} INFO - Processing /home/airflow/.local/lib/python3.8/site-packages/airflow/example_dags/tutorial_taskflow_api.py took 0.148 seconds
[2026-06-18T17:40:03.217+0000] {processor.py:161} INFO - Started process (PID=6565) to work on /home/airflow/.local/lib/python3.8/site-packages/airflow/example_dags/tutorial_taskflow_api.py
[2026-06-18T17:40:03.218+0000] {processor.py:830} INFO - Processing file /home/airflow/.local/lib/python3.8/site-packages/airflow/example_dags/tutorial_taskflow_api.py for tasks to queue
[2026-06-18T17:40:03.221+0000] {logging_mixin.py:188} INFO - [2026-06-18T17:40:03.221+0000] {dagbag.py:538} INFO - Filling up the DagBag from /home/airflow/.local/lib/python3.8/site-packages/airflow/example_dags/tutorial_taskflow_api.py
[2026-06-18T17:40:03.232+0000] {processor.py:840} INFO - DAG(s) 'tutorial_taskflow_api' retrieved from /home/airflow/.local/lib/python3.8/site-packages/airflow/example_dags/tutorial_taskflow_api.py
[2026-06-18T17:40:03.266+0000] {logging_mixin.py:188} INFO - [2026-06-18T17:40:03.265+0000] {dag.py:3036} INFO - Sync 1 DAGs
[2026-06-18T17:40:03.287+0000] {logging_mixin.py:188} INFO - [2026-06-18T17:40:03.287+0000] {dag.py:3823} INFO - Setting next_dagrun for tutorial_taskflow_api to None, run_after=None
[2026-06-18T17:40:03.323+0000] {processor.py:183} INFO - Processing /home/airflow/.local/lib/python3.8/site-packages/airflow/example_dags/tutorial_taskflow_api.py took 0.112 seconds
[2026-06-18T17:40:33.454+0000] {processor.py:161} INFO - Started process (PID=6631) to work on /home/airflow/.local/lib/python3.8/site-packages/airflow/example_dags/tutorial_taskflow_api.py
[2026-06-18T17:40:33.457+0000] {processor.py:830} INFO - Processing file /home/airflow/.local/lib/python3.8/site-packages/airflow/example_dags/tutorial_taskflow_api.py for tasks to queue
[2026-06-18T17:40:33.460+0000] {logging_mixin.py:188} INFO - [2026-06-18T17:40:33.459+0000] {dagbag.py:538} INFO - Filling up the DagBag from /home/airflow/.local/lib/python3.8/site-packages/airflow/example_dags/tutorial_taskflow_api.py
[2026-06-18T17:40:33.473+0000] {processor.py:840} INFO - DAG(s) 'tutorial_taskflow_api' retrieved from /home/airflow/.local/lib/python3.8/site-packages/airflow/example_dags/tutorial_taskflow_api.py
[2026-06-18T17:40:33.512+0000] {logging_mixin.py:188} INFO - [2026-06-18T17:40:33.512+0000] {dag.py:3036} INFO - Sync 1 DAGs
[2026-06-18T17:40:33.538+0000] {logging_mixin.py:188} INFO - [2026-06-18T17:40:33.538+0000] {dag.py:3823} INFO - Setting next_dagrun for tutorial_taskflow_api to None, run_after=None
[2026-06-18T17:40:33.571+0000] {processor.py:183} INFO - Processing /home/airflow/.local/lib/python3.8/site-packages/airflow/example_dags/tutorial_taskflow_api.py took 0.125 seconds
[2026-06-18T17:41:03.951+0000] {processor.py:161} INFO - Started process (PID=6697) to work on /home/airflow/.local/lib/python3.8/site-packages/airflow/example_dags/tutorial_taskflow_api.py
[2026-06-18T17:41:03.953+0000] {processor.py:830} INFO - Processing file /home/airflow/.local/lib/python3.8/site-packages/airflow/example_dags/tutorial_taskflow_api.py for tasks to queue
[2026-06-18T17:41:03.956+0000] {logging_mixin.py:188} INFO - [2026-06-18T17:41:03.955+0000] {dagbag.py:538} INFO - Filling up the DagBag from /home/airflow/.local/lib/python3.8/site-packages/airflow/example_dags/tutorial_taskflow_api.py
[2026-06-18T17:41:03.967+0000] {processor.py:840} INFO - DAG(s) 'tutorial_taskflow_api' retrieved from /home/airflow/.local/lib/python3.8/site-packages/airflow/example_dags/tutorial_taskflow_api.py
[2026-06-18T17:41:04.008+0000] {logging_mixin.py:188} INFO - [2026-06-18T17:41:04.008+0000] {dag.py:3036} INFO - Sync 1 DAGs
[2026-06-18T17:41:04.033+0000] {logging_mixin.py:188} INFO - [2026-06-18T17:41:04.033+0000] {dag.py:3823} INFO - Setting next_dagrun for tutorial_taskflow_api to None, run_after=None
[2026-06-18T17:41:04.067+0000] {processor.py:183} INFO - Processing /home/airflow/.local/lib/python3.8/site-packages/airflow/example_dags/tutorial_taskflow_api.py took 0.121 seconds
[2026-06-18T17:41:34.330+0000] {processor.py:161} INFO - Started process (PID=6761) to work on /home/airflow/.local/lib/python3.8/site-packages/airflow/example_dags/tutorial_taskflow_api.py
[2026-06-18T17:41:34.331+0000] {processor.py:830} INFO - Processing file /home/airflow/.local/lib/python3.8/site-packages/airflow/example_dags/tutorial_taskflow_api.py for tasks to queue
[2026-06-18T17:41:34.334+0000] {logging_mixin.py:188} INFO - [2026-06-18T17:41:34.333+0000] {dagbag.py:538} INFO - Filling up the DagBag from /home/airflow/.local/lib/python3.8/site-packages/airflow/example_dags/tutorial_taskflow_api.py
[2026-06-18T17:41:34.345+0000] {processor.py:840} INFO - DAG(s) 'tutorial_taskflow_api' retrieved from /home/airflow/.local/lib/python3.8/site-packages/airflow/example_dags/tutorial_taskflow_api.py
[2026-06-18T17:41:34.389+0000] {logging_mixin.py:188} INFO - [2026-06-18T17:41:34.388+0000] {dag.py:3036} INFO - Sync 1 DAGs
[2026-06-18T17:41:34.416+0000] {logging_mixin.py:188} INFO - [2026-06-18T17:41:34.416+0000] {dag.py:3823} INFO - Setting next_dagrun for tutorial_taskflow_api to None, run_after=None
[2026-06-18T17:41:34.449+0000] {processor.py:183} INFO - Processing /home/airflow/.local/lib/python3.8/site-packages/airflow/example_dags/tutorial_taskflow_api.py took 0.124 seconds
[2026-06-18T17:42:05.216+0000] {processor.py:161} INFO - Started process (PID=6827) to work on /home/airflow/.local/lib/python3.8/site-packages/airflow/example_dags/tutorial_taskflow_api.py
[2026-06-18T17:42:05.218+0000] {processor.py:830} INFO - Processing file /home/airflow/.local/lib/python3.8/site-packages/airflow/example_dags/tutorial_taskflow_api.py for tasks to queue
[2026-06-18T17:42:05.222+0000] {logging_mixin.py:188} INFO - [2026-06-18T17:42:05.221+0000] {dagbag.py:538} INFO - Filling up the DagBag from /home/airflow/.local/lib/python3.8/site-packages/airflow/example_dags/tutorial_taskflow_api.py
[2026-06-18T17:42:05.232+0000] {processor.py:840} INFO - DAG(s) 'tutorial_taskflow_api' retrieved from /home/airflow/.local/lib/python3.8/site-packages/airflow/example_dags/tutorial_taskflow_api.py
[2026-06-18T17:42:05.269+0000] {logging_mixin.py:188} INFO - [2026-06-18T17:42:05.268+0000] {dag.py:3036} INFO - Sync 1 DAGs
[2026-06-18T17:42:05.288+0000] {logging_mixin.py:188} INFO - [2026-06-18T17:42:05.288+0000] {dag.py:3823} INFO - Setting next_dagrun for tutorial_taskflow_api to None, run_after=None
[2026-06-18T17:42:05.320+0000] {processor.py:183} INFO - Processing /home/airflow/.local/lib/python3.8/site-packages/airflow/example_dags/tutorial_taskflow_api.py took 0.110 seconds
[2026-06-18T17:42:35.781+0000] {processor.py:161} INFO - Started process (PID=6893) to work on /home/airflow/.local/lib/python3.8/site-packages/airflow/example_dags/tutorial_taskflow_api.py
[2026-06-18T17:42:35.783+0000] {processor.py:830} INFO - Processing file /home/airflow/.local/lib/python3.8/site-packages/airflow/example_dags/tutorial_taskflow_api.py for tasks to queue
[2026-06-18T17:42:35.786+0000] {logging_mixin.py:188} INFO - [2026-06-18T17:42:35.785+0000] {dagbag.py:538} INFO - Filling up the DagBag from /home/airflow/.local/lib/python3.8/site-packages/airflow/example_dags/tutorial_taskflow_api.py
[2026-06-18T17:42:35.797+0000] {processor.py:840} INFO - DAG(s) 'tutorial_taskflow_api' retrieved from /home/airflow/.local/lib/python3.8/site-packages/airflow/example_dags/tutorial_taskflow_api.py
[2026-06-18T17:42:35.843+0000] {logging_mixin.py:188} INFO - [2026-06-18T17:42:35.842+0000] {dag.py:3036} INFO - Sync 1 DAGs
[2026-06-18T17:42:35.866+0000] {logging_mixin.py:188} INFO - [2026-06-18T17:42:35.865+0000] {dag.py:3823} INFO - Setting next_dagrun for tutorial_taskflow_api to None, run_after=None
[2026-06-18T17:42:35.900+0000] {processor.py:183} INFO - Processing /home/airflow/.local/lib/python3.8/site-packages/airflow/example_dags/tutorial_taskflow_api.py took 0.124 seconds
[2026-06-18T17:43:06.378+0000] {processor.py:161} INFO - Started process (PID=6959) to work on /home/airflow/.local/lib/python3.8/site-packages/airflow/example_dags/tutorial_taskflow_api.py
[2026-06-18T17:43:06.380+0000] {processor.py:830} INFO - Processing file /home/airflow/.local/lib/python3.8/site-packages/airflow/example_dags/tutorial_taskflow_api.py for tasks to queue
[2026-06-18T17:43:06.383+0000] {logging_mixin.py:188} INFO - [2026-06-18T17:43:06.383+0000] {dagbag.py:538} INFO - Filling up the DagBag from /home/airflow/.local/lib/python3.8/site-packages/airflow/example_dags/tutorial_taskflow_api.py
[2026-06-18T17:43:06.393+0000] {processor.py:840} INFO - DAG(s) 'tutorial_taskflow_api' retrieved from /home/airflow/.local/lib/python3.8/site-packages/airflow/example_dags/tutorial_taskflow_api.py
[2026-06-18T17:43:06.430+0000] {logging_mixin.py:188} INFO - [2026-06-18T17:43:06.429+0000] {dag.py:3036} INFO - Sync 1 DAGs
[2026-06-18T17:43:06.449+0000] {logging_mixin.py:188} INFO - [2026-06-18T17:43:06.449+0000] {dag.py:3823} INFO - Setting next_dagrun for tutorial_taskflow_api to None, run_after=None
[2026-06-18T17:43:06.482+0000] {processor.py:183} INFO - Processing /home/airflow/.local/lib/python3.8/site-packages/airflow/example_dags/tutorial_taskflow_api.py took 0.110 seconds
[2026-06-18T17:43:36.621+0000] {processor.py:161} INFO - Started process (PID=7025) to work on /home/airflow/.local/lib/python3.8/site-packages/airflow/example_dags/tutorial_taskflow_api.py
[2026-06-18T17:43:36.623+0000] {processor.py:830} INFO - Processing file /home/airflow/.local/lib/python3.8/site-packages/airflow/example_dags/tutorial_taskflow_api.py for tasks to queue
[2026-06-18T17:43:36.625+0000] {logging_mixin.py:188} INFO - [2026-06-18T17:43:36.625+0000] {dagbag.py:538} INFO - Filling up the DagBag from /home/airflow/.local/lib/python3.8/site-packages/airflow/example_dags/tutorial_taskflow_api.py
[2026-06-18T17:43:36.634+0000] {processor.py:840} INFO - DAG(s) 'tutorial_taskflow_api' retrieved from /home/airflow/.local/lib/python3.8/site-packages/airflow/example_dags/tutorial_taskflow_api.py
[2026-06-18T17:43:36.668+0000] {logging_mixin.py:188} INFO - [2026-06-18T17:43:36.667+0000] {dag.py:3036} INFO - Sync 1 DAGs
[2026-06-18T17:43:36.687+0000] {logging_mixin.py:188} INFO - [2026-06-18T17:43:36.687+0000] {dag.py:3823} INFO - Setting next_dagrun for tutorial_taskflow_api to None, run_after=None
[2026-06-18T17:43:36.716+0000] {processor.py:183} INFO - Processing /home/airflow/.local/lib/python3.8/site-packages/airflow/example_dags/tutorial_taskflow_api.py took 0.101 seconds
[2026-06-18T17:44:06.940+0000] {processor.py:161} INFO - Started process (PID=7091) to work on /home/airflow/.local/lib/python3.8/site-packages/airflow/example_dags/tutorial_taskflow_api.py
[2026-06-18T17:44:06.942+0000] {processor.py:830} INFO - Processing file /home/airflow/.local/lib/python3.8/site-packages/airflow/example_dags/tutorial_taskflow_api.py for tasks to queue
[2026-06-18T17:44:06.944+0000] {logging_mixin.py:188} INFO - [2026-06-18T17:44:06.944+0000] {dagbag.py:538} INFO - Filling up the DagBag from /home/airflow/.local/lib/python3.8/site-packages/airflow/example_dags/tutorial_taskflow_api.py
[2026-06-18T17:44:06.953+0000] {processor.py:840} INFO - DAG(s) 'tutorial_taskflow_api' retrieved from /home/airflow/.local/lib/python3.8/site-packages/airflow/example_dags/tutorial_taskflow_api.py
[2026-06-18T17:44:06.987+0000] {logging_mixin.py:188} INFO - [2026-06-18T17:44:06.987+0000] {dag.py:3036} INFO - Sync 1 DAGs
[2026-06-18T17:44:07.007+0000] {logging_mixin.py:188} INFO - [2026-06-18T17:44:07.007+0000] {dag.py:3823} INFO - Setting next_dagrun for tutorial_taskflow_api to None, run_after=None
[2026-06-18T17:44:07.036+0000] {processor.py:183} INFO - Processing /home/airflow/.local/lib/python3.8/site-packages/airflow/example_dags/tutorial_taskflow_api.py took 0.101 seconds
[2026-06-18T17:44:37.584+0000] {processor.py:161} INFO - Started process (PID=7163) to work on /home/airflow/.local/lib/python3.8/site-packages/airflow/example_dags/tutorial_taskflow_api.py
[2026-06-18T17:44:37.585+0000] {processor.py:830} INFO - Processing file /home/airflow/.local/lib/python3.8/site-packages/airflow/example_dags/tutorial_taskflow_api.py for tasks to queue
[2026-06-18T17:44:37.588+0000] {logging_mixin.py:188} INFO - [2026-06-18T17:44:37.588+0000] {dagbag.py:538} INFO - Filling up the DagBag from /home/airflow/.local/lib/python3.8/site-packages/airflow/example_dags/tutorial_taskflow_api.py
[2026-06-18T17:44:37.599+0000] {processor.py:840} INFO - DAG(s) 'tutorial_taskflow_api' retrieved from /home/airflow/.local/lib/python3.8/site-packages/airflow/example_dags/tutorial_taskflow_api.py
[2026-06-18T17:44:37.643+0000] {logging_mixin.py:188} INFO - [2026-06-18T17:44:37.642+0000] {dag.py:3036} INFO - Sync 1 DAGs
[2026-06-18T17:44:37.668+0000] {logging_mixin.py:188} INFO - [2026-06-18T17:44:37.668+0000] {dag.py:3823} INFO - Setting next_dagrun for tutorial_taskflow_api to None, run_after=None
[2026-06-18T17:44:37.701+0000] {processor.py:183} INFO - Processing /home/airflow/.local/lib/python3.8/site-packages/airflow/example_dags/tutorial_taskflow_api.py took 0.122 seconds
[2026-06-18T17:45:08.411+0000] {processor.py:161} INFO - Started process (PID=7231) to work on /home/airflow/.local/lib/python3.8/site-packages/airflow/example_dags/tutorial_taskflow_api.py
[2026-06-18T17:45:08.414+0000] {processor.py:830} INFO - Processing file /home/airflow/.local/lib/python3.8/site-packages/airflow/example_dags/tutorial_taskflow_api.py for tasks to queue
[2026-06-18T17:45:08.416+0000] {logging_mixin.py:188} INFO - [2026-06-18T17:45:08.416+0000] {dagbag.py:538} INFO - Filling up the DagBag from /home/airflow/.local/lib/python3.8/site-packages/airflow/example_dags/tutorial_taskflow_api.py
[2026-06-18T17:45:08.426+0000] {processor.py:840} INFO - DAG(s) 'tutorial_taskflow_api' retrieved from /home/airflow/.local/lib/python3.8/site-packages/airflow/example_dags/tutorial_taskflow_api.py
[2026-06-18T17:45:08.464+0000] {logging_mixin.py:188} INFO - [2026-06-18T17:45:08.463+0000] {dag.py:3036} INFO - Sync 1 DAGs
[2026-06-18T17:45:08.488+0000] {logging_mixin.py:188} INFO - [2026-06-18T17:45:08.488+0000] {dag.py:3823} INFO - Setting next_dagrun for tutorial_taskflow_api to None, run_after=None
[2026-06-18T17:45:08.521+0000] {processor.py:183} INFO - Processing /home/airflow/.local/lib/python3.8/site-packages/airflow/example_dags/tutorial_taskflow_api.py took 0.115 seconds
[2026-06-18T17:45:39.365+0000] {processor.py:161} INFO - Started process (PID=7297) to work on /home/airflow/.local/lib/python3.8/site-packages/airflow/example_dags/tutorial_taskflow_api.py
[2026-06-18T17:45:39.366+0000] {processor.py:830} INFO - Processing file /home/airflow/.local/lib/python3.8/site-packages/airflow/example_dags/tutorial_taskflow_api.py for tasks to queue
[2026-06-18T17:45:39.370+0000] {logging_mixin.py:188} INFO - [2026-06-18T17:45:39.369+0000] {dagbag.py:538} INFO - Filling up the DagBag from /home/airflow/.local/lib/python3.8/site-packages/airflow/example_dags/tutorial_taskflow_api.py
[2026-06-18T17:45:39.387+0000] {processor.py:840} INFO - DAG(s) 'tutorial_taskflow_api' retrieved from /home/airflow/.local/lib/python3.8/site-packages/airflow/example_dags/tutorial_taskflow_api.py
[2026-06-18T17:45:39.433+0000] {logging_mixin.py:188} INFO - [2026-06-18T17:45:39.432+0000] {dag.py:3036} INFO - Sync 1 DAGs
[2026-06-18T17:45:39.459+0000] {logging_mixin.py:188} INFO - [2026-06-18T17:45:39.458+0000] {dag.py:3823} INFO - Setting next_dagrun for tutorial_taskflow_api to None, run_after=None
[2026-06-18T17:45:39.497+0000] {processor.py:183} INFO - Processing /home/airflow/.local/lib/python3.8/site-packages/airflow/example_dags/tutorial_taskflow_api.py took 0.139 seconds
[2026-06-18T17:46:10.049+0000] {processor.py:161} INFO - Started process (PID=7363) to work on /home/airflow/.local/lib/python3.8/site-packages/airflow/example_dags/tutorial_taskflow_api.py
[2026-06-18T17:46:10.052+0000] {processor.py:830} INFO - Processing file /home/airflow/.local/lib/python3.8/site-packages/airflow/example_dags/tutorial_taskflow_api.py for tasks to queue
[2026-06-18T17:46:10.055+0000] {logging_mixin.py:188} INFO - [2026-06-18T17:46:10.054+0000] {dagbag.py:538} INFO - Filling up the DagBag from /home/airflow/.local/lib/python3.8/site-packages/airflow/example_dags/tutorial_taskflow_api.py
[2026-06-18T17:46:10.067+0000] {processor.py:840} INFO - DAG(s) 'tutorial_taskflow_api' retrieved from /home/airflow/.local/lib/python3.8/site-packages/airflow/example_dags/tutorial_taskflow_api.py
[2026-06-18T17:46:10.110+0000] {logging_mixin.py:188} INFO - [2026-06-18T17:46:10.109+0000] {dag.py:3036} INFO - Sync 1 DAGs
[2026-06-18T17:46:10.136+0000] {logging_mixin.py:188} INFO - [2026-06-18T17:46:10.136+0000] {dag.py:3823} INFO - Setting next_dagrun for tutorial_taskflow_api to None, run_after=None
[2026-06-18T17:46:10.175+0000] {processor.py:183} INFO - Processing /home/airflow/.local/lib/python3.8/site-packages/airflow/example_dags/tutorial_taskflow_api.py took 0.132 seconds
[2026-06-18T17:46:40.803+0000] {processor.py:161} INFO - Started process (PID=7430) to work on /home/airflow/.local/lib/python3.8/site-packages/airflow/example_dags/tutorial_taskflow_api.py
[2026-06-18T17:46:40.805+0000] {processor.py:830} INFO - Processing file /home/airflow/.local/lib/python3.8/site-packages/airflow/example_dags/tutorial_taskflow_api.py for tasks to queue
[2026-06-18T17:46:40.809+0000] {logging_mixin.py:188} INFO - [2026-06-18T17:46:40.808+0000] {dagbag.py:538} INFO - Filling up the DagBag from /home/airflow/.local/lib/python3.8/site-packages/airflow/example_dags/tutorial_taskflow_api.py
[2026-06-18T17:46:40.821+0000] {processor.py:840} INFO - DAG(s) 'tutorial_taskflow_api' retrieved from /home/airflow/.local/lib/python3.8/site-packages/airflow/example_dags/tutorial_taskflow_api.py
[2026-06-18T17:46:40.864+0000] {logging_mixin.py:188} INFO - [2026-06-18T17:46:40.864+0000] {dag.py:3036} INFO - Sync 1 DAGs
[2026-06-18T17:46:40.891+0000] {logging_mixin.py:188} INFO - [2026-06-18T17:46:40.891+0000] {dag.py:3823} INFO - Setting next_dagrun for tutorial_taskflow_api to None, run_after=None
[2026-06-18T17:46:40.927+0000] {processor.py:183} INFO - Processing /home/airflow/.local/lib/python3.8/site-packages/airflow/example_dags/tutorial_taskflow_api.py took 0.133 seconds
[2026-06-18T17:47:11.544+0000] {processor.py:161} INFO - Started process (PID=7496) to work on /home/airflow/.local/lib/python3.8/site-packages/airflow/example_dags/tutorial_taskflow_api.py
[2026-06-18T17:47:11.546+0000] {processor.py:830} INFO - Processing file /home/airflow/.local/lib/python3.8/site-packages/airflow/example_dags/tutorial_taskflow_api.py for tasks to queue
[2026-06-18T17:47:11.549+0000] {logging_mixin.py:188} INFO - [2026-06-18T17:47:11.548+0000] {dagbag.py:538} INFO - Filling up the DagBag from /home/airflow/.local/lib/python3.8/site-packages/airflow/example_dags/tutorial_taskflow_api.py
[2026-06-18T17:47:11.566+0000] {processor.py:840} INFO - DAG(s) 'tutorial_taskflow_api' retrieved from /home/airflow/.local/lib/python3.8/site-packages/airflow/example_dags/tutorial_taskflow_api.py
[2026-06-18T17:47:11.601+0000] {logging_mixin.py:188} INFO - [2026-06-18T17:47:11.601+0000] {dag.py:3036} INFO - Sync 1 DAGs
[2026-06-18T17:47:11.622+0000] {logging_mixin.py:188} INFO - [2026-06-18T17:47:11.622+0000] {dag.py:3823} INFO - Setting next_dagrun for tutorial_taskflow_api to None, run_after=None
[2026-06-18T17:47:11.653+0000] {processor.py:183} INFO - Processing /home/airflow/.local/lib/python3.8/site-packages/airflow/example_dags/tutorial_taskflow_api.py took 0.115 seconds
[2026-06-18T17:47:42.890+0000] {processor.py:161} INFO - Started process (PID=7563) to work on /home/airflow/.local/lib/python3.8/site-packages/airflow/example_dags/tutorial_taskflow_api.py
[2026-06-18T17:47:42.891+0000] {processor.py:830} INFO - Processing file /home/airflow/.local/lib/python3.8/site-packages/airflow/example_dags/tutorial_taskflow_api.py for tasks to queue
[2026-06-18T17:47:42.893+0000] {logging_mixin.py:188} INFO - [2026-06-18T17:47:42.893+0000] {dagbag.py:538} INFO - Filling up the DagBag from /home/airflow/.local/lib/python3.8/site-packages/airflow/example_dags/tutorial_taskflow_api.py
[2026-06-18T17:47:42.904+0000] {processor.py:840} INFO - DAG(s) 'tutorial_taskflow_api' retrieved from /home/airflow/.local/lib/python3.8/site-packages/airflow/example_dags/tutorial_taskflow_api.py
[2026-06-18T17:47:42.938+0000] {logging_mixin.py:188} INFO - [2026-06-18T17:47:42.938+0000] {dag.py:3036} INFO - Sync 1 DAGs
[2026-06-18T17:47:42.958+0000] {logging_mixin.py:188} INFO - [2026-06-18T17:47:42.957+0000] {dag.py:3823} INFO - Setting next_dagrun for tutorial_taskflow_api to None, run_after=None
[2026-06-18T17:47:42.988+0000] {processor.py:183} INFO - Processing /home/airflow/.local/lib/python3.8/site-packages/airflow/example_dags/tutorial_taskflow_api.py took 0.103 seconds
[2026-06-18T17:48:13.624+0000] {processor.py:161} INFO - Started process (PID=7628) to work on /home/airflow/.local/lib/python3.8/site-packages/airflow/example_dags/tutorial_taskflow_api.py
[2026-06-18T17:48:13.626+0000] {processor.py:830} INFO - Processing file /home/airflow/.local/lib/python3.8/site-packages/airflow/example_dags/tutorial_taskflow_api.py for tasks to queue
[2026-06-18T17:48:13.628+0000] {logging_mixin.py:188} INFO - [2026-06-18T17:48:13.628+0000] {dagbag.py:538} INFO - Filling up the DagBag from /home/airflow/.local/lib/python3.8/site-packages/airflow/example_dags/tutorial_taskflow_api.py
[2026-06-18T17:48:13.638+0000] {processor.py:840} INFO - DAG(s) 'tutorial_taskflow_api' retrieved from /home/airflow/.local/lib/python3.8/site-packages/airflow/example_dags/tutorial_taskflow_api.py
[2026-06-18T17:48:13.673+0000] {logging_mixin.py:188} INFO - [2026-06-18T17:48:13.673+0000] {dag.py:3036} INFO - Sync 1 DAGs
[2026-06-18T17:48:13.694+0000] {logging_mixin.py:188} INFO - [2026-06-18T17:48:13.694+0000] {dag.py:3823} INFO - Setting next_dagrun for tutorial_taskflow_api to None, run_after=None
[2026-06-18T17:48:13.725+0000] {processor.py:183} INFO - Processing /home/airflow/.local/lib/python3.8/site-packages/airflow/example_dags/tutorial_taskflow_api.py took 0.106 seconds
[2026-06-18T17:48:44.132+0000] {processor.py:161} INFO - Started process (PID=7694) to work on /home/airflow/.local/lib/python3.8/site-packages/airflow/example_dags/tutorial_taskflow_api.py
[2026-06-18T17:48:44.134+0000] {processor.py:830} INFO - Processing file /home/airflow/.local/lib/python3.8/site-packages/airflow/example_dags/tutorial_taskflow_api.py for tasks to queue
[2026-06-18T17:48:44.137+0000] {logging_mixin.py:188} INFO - [2026-06-18T17:48:44.136+0000] {dagbag.py:538} INFO - Filling up the DagBag from /home/airflow/.local/lib/python3.8/site-packages/airflow/example_dags/tutorial_taskflow_api.py
[2026-06-18T17:48:44.146+0000] {processor.py:840} INFO - DAG(s) 'tutorial_taskflow_api' retrieved from /home/airflow/.local/lib/python3.8/site-packages/airflow/example_dags/tutorial_taskflow_api.py
[2026-06-18T17:48:44.185+0000] {logging_mixin.py:188} INFO - [2026-06-18T17:48:44.184+0000] {dag.py:3036} INFO - Sync 1 DAGs
[2026-06-18T17:48:44.205+0000] {logging_mixin.py:188} INFO - [2026-06-18T17:48:44.204+0000] {dag.py:3823} INFO - Setting next_dagrun for tutorial_taskflow_api to None, run_after=None
[2026-06-18T17:48:44.231+0000] {processor.py:183} INFO - Processing /home/airflow/.local/lib/python3.8/site-packages/airflow/example_dags/tutorial_taskflow_api.py took 0.104 seconds
[2026-06-18T17:49:14.450+0000] {processor.py:161} INFO - Started process (PID=7761) to work on /home/airflow/.local/lib/python3.8/site-packages/airflow/example_dags/tutorial_taskflow_api.py
[2026-06-18T17:49:14.451+0000] {processor.py:830} INFO - Processing file /home/airflow/.local/lib/python3.8/site-packages/airflow/example_dags/tutorial_taskflow_api.py for tasks to queue
[2026-06-18T17:49:14.454+0000] {logging_mixin.py:188} INFO - [2026-06-18T17:49:14.453+0000] {dagbag.py:538} INFO - Filling up the DagBag from /home/airflow/.local/lib/python3.8/site-packages/airflow/example_dags/tutorial_taskflow_api.py
[2026-06-18T17:49:14.464+0000] {processor.py:840} INFO - DAG(s) 'tutorial_taskflow_api' retrieved from /home/airflow/.local/lib/python3.8/site-packages/airflow/example_dags/tutorial_taskflow_api.py
[2026-06-18T17:49:14.502+0000] {logging_mixin.py:188} INFO - [2026-06-18T17:49:14.501+0000] {dag.py:3036} INFO - Sync 1 DAGs
[2026-06-18T17:49:14.524+0000] {logging_mixin.py:188} INFO - [2026-06-18T17:49:14.523+0000] {dag.py:3823} INFO - Setting next_dagrun for tutorial_taskflow_api to None, run_after=None
[2026-06-18T17:49:14.552+0000] {processor.py:183} INFO - Processing /home/airflow/.local/lib/python3.8/site-packages/airflow/example_dags/tutorial_taskflow_api.py took 0.107 seconds
