[2026-06-18T16:50:11.893+0000] {processor.py:161} INFO - Started process (PID=47) to work on /home/airflow/.local/lib/python3.8/site-packages/airflow/example_dags/tutorial_dag.py
[2026-06-18T16:50:11.894+0000] {processor.py:830} INFO - Processing file /home/airflow/.local/lib/python3.8/site-packages/airflow/example_dags/tutorial_dag.py for tasks to queue
[2026-06-18T16:50:11.897+0000] {logging_mixin.py:188} INFO - [2026-06-18T16:50:11.897+0000] {dagbag.py:538} INFO - Filling up the DagBag from /home/airflow/.local/lib/python3.8/site-packages/airflow/example_dags/tutorial_dag.py
[2026-06-18T16:50:11.940+0000] {processor.py:840} INFO - DAG(s) 'tutorial_dag' retrieved from /home/airflow/.local/lib/python3.8/site-packages/airflow/example_dags/tutorial_dag.py
[2026-06-18T16:50:12.051+0000] {logging_mixin.py:188} INFO - [2026-06-18T16:50:12.051+0000] {dag.py:3036} INFO - Sync 1 DAGs
[2026-06-18T16:50:12.091+0000] {logging_mixin.py:188} INFO - [2026-06-18T16:50:12.090+0000] {dag.py:3823} INFO - Setting next_dagrun for tutorial_dag to None, run_after=None
[2026-06-18T16:50:12.171+0000] {processor.py:183} INFO - Processing /home/airflow/.local/lib/python3.8/site-packages/airflow/example_dags/tutorial_dag.py took 0.290 seconds
[2026-06-18T16:50:42.706+0000] {processor.py:161} INFO - Started process (PID=113) to work on /home/airflow/.local/lib/python3.8/site-packages/airflow/example_dags/tutorial_dag.py
[2026-06-18T16:50:42.707+0000] {processor.py:830} INFO - Processing file /home/airflow/.local/lib/python3.8/site-packages/airflow/example_dags/tutorial_dag.py for tasks to queue
[2026-06-18T16:50:42.710+0000] {logging_mixin.py:188} INFO - [2026-06-18T16:50:42.710+0000] {dagbag.py:538} INFO - Filling up the DagBag from /home/airflow/.local/lib/python3.8/site-packages/airflow/example_dags/tutorial_dag.py
[2026-06-18T16:50:42.723+0000] {processor.py:840} INFO - DAG(s) 'tutorial_dag' retrieved from /home/airflow/.local/lib/python3.8/site-packages/airflow/example_dags/tutorial_dag.py
[2026-06-18T16:50:42.767+0000] {logging_mixin.py:188} INFO - [2026-06-18T16:50:42.766+0000] {dag.py:3036} INFO - Sync 1 DAGs
[2026-06-18T16:50:42.792+0000] {logging_mixin.py:188} INFO - [2026-06-18T16:50:42.792+0000] {dag.py:3823} INFO - Setting next_dagrun for tutorial_dag to None, run_after=None
[2026-06-18T16:50:42.826+0000] {processor.py:183} INFO - Processing /home/airflow/.local/lib/python3.8/site-packages/airflow/example_dags/tutorial_dag.py took 0.126 seconds
[2026-06-18T16:51:13.080+0000] {processor.py:161} INFO - Started process (PID=180) to work on /home/airflow/.local/lib/python3.8/site-packages/airflow/example_dags/tutorial_dag.py
[2026-06-18T16:51:13.088+0000] {processor.py:830} INFO - Processing file /home/airflow/.local/lib/python3.8/site-packages/airflow/example_dags/tutorial_dag.py for tasks to queue
[2026-06-18T16:51:13.091+0000] {logging_mixin.py:188} INFO - [2026-06-18T16:51:13.091+0000] {dagbag.py:538} INFO - Filling up the DagBag from /home/airflow/.local/lib/python3.8/site-packages/airflow/example_dags/tutorial_dag.py
[2026-06-18T16:51:13.112+0000] {processor.py:840} INFO - DAG(s) 'tutorial_dag' retrieved from /home/airflow/.local/lib/python3.8/site-packages/airflow/example_dags/tutorial_dag.py
[2026-06-18T16:51:13.159+0000] {logging_mixin.py:188} INFO - [2026-06-18T16:51:13.159+0000] {dag.py:3036} INFO - Sync 1 DAGs
[2026-06-18T16:51:13.185+0000] {logging_mixin.py:188} INFO - [2026-06-18T16:51:13.185+0000] {dag.py:3823} INFO - Setting next_dagrun for tutorial_dag to None, run_after=None
[2026-06-18T16:51:13.235+0000] {processor.py:183} INFO - Processing /home/airflow/.local/lib/python3.8/site-packages/airflow/example_dags/tutorial_dag.py took 0.173 seconds
[2026-06-18T16:51:43.737+0000] {processor.py:161} INFO - Started process (PID=246) to work on /home/airflow/.local/lib/python3.8/site-packages/airflow/example_dags/tutorial_dag.py
[2026-06-18T16:51:43.738+0000] {processor.py:830} INFO - Processing file /home/airflow/.local/lib/python3.8/site-packages/airflow/example_dags/tutorial_dag.py for tasks to queue
[2026-06-18T16:51:43.741+0000] {logging_mixin.py:188} INFO - [2026-06-18T16:51:43.740+0000] {dagbag.py:538} INFO - Filling up the DagBag from /home/airflow/.local/lib/python3.8/site-packages/airflow/example_dags/tutorial_dag.py
[2026-06-18T16:51:43.750+0000] {processor.py:840} INFO - DAG(s) 'tutorial_dag' retrieved from /home/airflow/.local/lib/python3.8/site-packages/airflow/example_dags/tutorial_dag.py
[2026-06-18T16:51:43.791+0000] {logging_mixin.py:188} INFO - [2026-06-18T16:51:43.791+0000] {dag.py:3036} INFO - Sync 1 DAGs
[2026-06-18T16:51:43.815+0000] {logging_mixin.py:188} INFO - [2026-06-18T16:51:43.814+0000] {dag.py:3823} INFO - Setting next_dagrun for tutorial_dag to None, run_after=None
[2026-06-18T16:51:43.849+0000] {processor.py:183} INFO - Processing /home/airflow/.local/lib/python3.8/site-packages/airflow/example_dags/tutorial_dag.py took 0.119 seconds
[2026-06-18T16:52:13.970+0000] {processor.py:161} INFO - Started process (PID=312) to work on /home/airflow/.local/lib/python3.8/site-packages/airflow/example_dags/tutorial_dag.py
[2026-06-18T16:52:13.972+0000] {processor.py:830} INFO - Processing file /home/airflow/.local/lib/python3.8/site-packages/airflow/example_dags/tutorial_dag.py for tasks to queue
[2026-06-18T16:52:13.975+0000] {logging_mixin.py:188} INFO - [2026-06-18T16:52:13.974+0000] {dagbag.py:538} INFO - Filling up the DagBag from /home/airflow/.local/lib/python3.8/site-packages/airflow/example_dags/tutorial_dag.py
[2026-06-18T16:52:13.986+0000] {processor.py:840} INFO - DAG(s) 'tutorial_dag' retrieved from /home/airflow/.local/lib/python3.8/site-packages/airflow/example_dags/tutorial_dag.py
[2026-06-18T16:52:14.046+0000] {logging_mixin.py:188} INFO - [2026-06-18T16:52:14.045+0000] {dag.py:3036} INFO - Sync 1 DAGs
[2026-06-18T16:52:14.086+0000] {logging_mixin.py:188} INFO - [2026-06-18T16:52:14.086+0000] {dag.py:3823} INFO - Setting next_dagrun for tutorial_dag to None, run_after=None
[2026-06-18T16:52:14.121+0000] {processor.py:183} INFO - Processing /home/airflow/.local/lib/python3.8/site-packages/airflow/example_dags/tutorial_dag.py took 0.157 seconds
[2026-06-18T16:52:44.586+0000] {processor.py:161} INFO - Started process (PID=380) to work on /home/airflow/.local/lib/python3.8/site-packages/airflow/example_dags/tutorial_dag.py
[2026-06-18T16:52:44.587+0000] {processor.py:830} INFO - Processing file /home/airflow/.local/lib/python3.8/site-packages/airflow/example_dags/tutorial_dag.py for tasks to queue
[2026-06-18T16:52:44.591+0000] {logging_mixin.py:188} INFO - [2026-06-18T16:52:44.590+0000] {dagbag.py:538} INFO - Filling up the DagBag from /home/airflow/.local/lib/python3.8/site-packages/airflow/example_dags/tutorial_dag.py
[2026-06-18T16:52:44.607+0000] {processor.py:840} INFO - DAG(s) 'tutorial_dag' retrieved from /home/airflow/.local/lib/python3.8/site-packages/airflow/example_dags/tutorial_dag.py
[2026-06-18T16:52:44.646+0000] {logging_mixin.py:188} INFO - [2026-06-18T16:52:44.646+0000] {dag.py:3036} INFO - Sync 1 DAGs
[2026-06-18T16:52:44.671+0000] {logging_mixin.py:188} INFO - [2026-06-18T16:52:44.670+0000] {dag.py:3823} INFO - Setting next_dagrun for tutorial_dag to None, run_after=None
[2026-06-18T16:52:44.704+0000] {processor.py:183} INFO - Processing /home/airflow/.local/lib/python3.8/site-packages/airflow/example_dags/tutorial_dag.py took 0.137 seconds
[2026-06-18T16:53:14.909+0000] {processor.py:161} INFO - Started process (PID=446) to work on /home/airflow/.local/lib/python3.8/site-packages/airflow/example_dags/tutorial_dag.py
[2026-06-18T16:53:14.911+0000] {processor.py:830} INFO - Processing file /home/airflow/.local/lib/python3.8/site-packages/airflow/example_dags/tutorial_dag.py for tasks to queue
[2026-06-18T16:53:14.916+0000] {logging_mixin.py:188} INFO - [2026-06-18T16:53:14.915+0000] {dagbag.py:538} INFO - Filling up the DagBag from /home/airflow/.local/lib/python3.8/site-packages/airflow/example_dags/tutorial_dag.py
[2026-06-18T16:53:14.926+0000] {processor.py:840} INFO - DAG(s) 'tutorial_dag' retrieved from /home/airflow/.local/lib/python3.8/site-packages/airflow/example_dags/tutorial_dag.py
[2026-06-18T16:53:14.968+0000] {logging_mixin.py:188} INFO - [2026-06-18T16:53:14.968+0000] {dag.py:3036} INFO - Sync 1 DAGs
[2026-06-18T16:53:14.994+0000] {logging_mixin.py:188} INFO - [2026-06-18T16:53:14.993+0000] {dag.py:3823} INFO - Setting next_dagrun for tutorial_dag to None, run_after=None
[2026-06-18T16:53:15.025+0000] {processor.py:183} INFO - Processing /home/airflow/.local/lib/python3.8/site-packages/airflow/example_dags/tutorial_dag.py took 0.123 seconds
[2026-06-18T16:53:45.236+0000] {processor.py:161} INFO - Started process (PID=513) to work on /home/airflow/.local/lib/python3.8/site-packages/airflow/example_dags/tutorial_dag.py
[2026-06-18T16:53:45.238+0000] {processor.py:830} INFO - Processing file /home/airflow/.local/lib/python3.8/site-packages/airflow/example_dags/tutorial_dag.py for tasks to queue
[2026-06-18T16:53:45.240+0000] {logging_mixin.py:188} INFO - [2026-06-18T16:53:45.239+0000] {dagbag.py:538} INFO - Filling up the DagBag from /home/airflow/.local/lib/python3.8/site-packages/airflow/example_dags/tutorial_dag.py
[2026-06-18T16:53:45.248+0000] {processor.py:840} INFO - DAG(s) 'tutorial_dag' retrieved from /home/airflow/.local/lib/python3.8/site-packages/airflow/example_dags/tutorial_dag.py
[2026-06-18T16:53:45.281+0000] {logging_mixin.py:188} INFO - [2026-06-18T16:53:45.281+0000] {dag.py:3036} INFO - Sync 1 DAGs
[2026-06-18T16:53:45.302+0000] {logging_mixin.py:188} INFO - [2026-06-18T16:53:45.301+0000] {dag.py:3823} INFO - Setting next_dagrun for tutorial_dag to None, run_after=None
[2026-06-18T16:53:45.334+0000] {processor.py:183} INFO - Processing /home/airflow/.local/lib/python3.8/site-packages/airflow/example_dags/tutorial_dag.py took 0.102 seconds
[2026-06-18T16:54:15.847+0000] {processor.py:161} INFO - Started process (PID=580) to work on /home/airflow/.local/lib/python3.8/site-packages/airflow/example_dags/tutorial_dag.py
[2026-06-18T16:54:15.849+0000] {processor.py:830} INFO - Processing file /home/airflow/.local/lib/python3.8/site-packages/airflow/example_dags/tutorial_dag.py for tasks to queue
[2026-06-18T16:54:15.852+0000] {logging_mixin.py:188} INFO - [2026-06-18T16:54:15.851+0000] {dagbag.py:538} INFO - Filling up the DagBag from /home/airflow/.local/lib/python3.8/site-packages/airflow/example_dags/tutorial_dag.py
[2026-06-18T16:54:15.860+0000] {processor.py:840} INFO - DAG(s) 'tutorial_dag' retrieved from /home/airflow/.local/lib/python3.8/site-packages/airflow/example_dags/tutorial_dag.py
[2026-06-18T16:54:15.897+0000] {logging_mixin.py:188} INFO - [2026-06-18T16:54:15.896+0000] {dag.py:3036} INFO - Sync 1 DAGs
[2026-06-18T16:54:15.919+0000] {logging_mixin.py:188} INFO - [2026-06-18T16:54:15.918+0000] {dag.py:3823} INFO - Setting next_dagrun for tutorial_dag to None, run_after=None
[2026-06-18T16:54:15.954+0000] {processor.py:183} INFO - Processing /home/airflow/.local/lib/python3.8/site-packages/airflow/example_dags/tutorial_dag.py took 0.112 seconds
[2026-06-18T16:54:46.236+0000] {processor.py:161} INFO - Started process (PID=645) to work on /home/airflow/.local/lib/python3.8/site-packages/airflow/example_dags/tutorial_dag.py
[2026-06-18T16:54:46.237+0000] {processor.py:830} INFO - Processing file /home/airflow/.local/lib/python3.8/site-packages/airflow/example_dags/tutorial_dag.py for tasks to queue
[2026-06-18T16:54:46.239+0000] {logging_mixin.py:188} INFO - [2026-06-18T16:54:46.239+0000] {dagbag.py:538} INFO - Filling up the DagBag from /home/airflow/.local/lib/python3.8/site-packages/airflow/example_dags/tutorial_dag.py
[2026-06-18T16:54:46.248+0000] {processor.py:840} INFO - DAG(s) 'tutorial_dag' retrieved from /home/airflow/.local/lib/python3.8/site-packages/airflow/example_dags/tutorial_dag.py
[2026-06-18T16:54:46.284+0000] {logging_mixin.py:188} INFO - [2026-06-18T16:54:46.283+0000] {dag.py:3036} INFO - Sync 1 DAGs
[2026-06-18T16:54:46.307+0000] {logging_mixin.py:188} INFO - [2026-06-18T16:54:46.306+0000] {dag.py:3823} INFO - Setting next_dagrun for tutorial_dag to None, run_after=None
[2026-06-18T16:54:46.348+0000] {processor.py:183} INFO - Processing /home/airflow/.local/lib/python3.8/site-packages/airflow/example_dags/tutorial_dag.py took 0.117 seconds
[2026-06-18T16:55:16.750+0000] {processor.py:161} INFO - Started process (PID=712) to work on /home/airflow/.local/lib/python3.8/site-packages/airflow/example_dags/tutorial_dag.py
[2026-06-18T16:55:16.753+0000] {processor.py:830} INFO - Processing file /home/airflow/.local/lib/python3.8/site-packages/airflow/example_dags/tutorial_dag.py for tasks to queue
[2026-06-18T16:55:16.756+0000] {logging_mixin.py:188} INFO - [2026-06-18T16:55:16.755+0000] {dagbag.py:538} INFO - Filling up the DagBag from /home/airflow/.local/lib/python3.8/site-packages/airflow/example_dags/tutorial_dag.py
[2026-06-18T16:55:16.765+0000] {processor.py:840} INFO - DAG(s) 'tutorial_dag' retrieved from /home/airflow/.local/lib/python3.8/site-packages/airflow/example_dags/tutorial_dag.py
[2026-06-18T16:55:16.804+0000] {logging_mixin.py:188} INFO - [2026-06-18T16:55:16.803+0000] {dag.py:3036} INFO - Sync 1 DAGs
[2026-06-18T16:55:16.823+0000] {logging_mixin.py:188} INFO - [2026-06-18T16:55:16.823+0000] {dag.py:3823} INFO - Setting next_dagrun for tutorial_dag to None, run_after=None
[2026-06-18T16:55:16.855+0000] {processor.py:183} INFO - Processing /home/airflow/.local/lib/python3.8/site-packages/airflow/example_dags/tutorial_dag.py took 0.110 seconds
[2026-06-18T16:55:46.983+0000] {processor.py:161} INFO - Started process (PID=778) to work on /home/airflow/.local/lib/python3.8/site-packages/airflow/example_dags/tutorial_dag.py
[2026-06-18T16:55:46.985+0000] {processor.py:830} INFO - Processing file /home/airflow/.local/lib/python3.8/site-packages/airflow/example_dags/tutorial_dag.py for tasks to queue
[2026-06-18T16:55:46.988+0000] {logging_mixin.py:188} INFO - [2026-06-18T16:55:46.987+0000] {dagbag.py:538} INFO - Filling up the DagBag from /home/airflow/.local/lib/python3.8/site-packages/airflow/example_dags/tutorial_dag.py
[2026-06-18T16:55:46.997+0000] {processor.py:840} INFO - DAG(s) 'tutorial_dag' retrieved from /home/airflow/.local/lib/python3.8/site-packages/airflow/example_dags/tutorial_dag.py
[2026-06-18T16:55:47.039+0000] {logging_mixin.py:188} INFO - [2026-06-18T16:55:47.039+0000] {dag.py:3036} INFO - Sync 1 DAGs
[2026-06-18T16:55:47.064+0000] {logging_mixin.py:188} INFO - [2026-06-18T16:55:47.064+0000] {dag.py:3823} INFO - Setting next_dagrun for tutorial_dag to None, run_after=None
[2026-06-18T16:55:47.100+0000] {processor.py:183} INFO - Processing /home/airflow/.local/lib/python3.8/site-packages/airflow/example_dags/tutorial_dag.py took 0.123 seconds
[2026-06-18T16:56:17.547+0000] {processor.py:161} INFO - Started process (PID=845) to work on /home/airflow/.local/lib/python3.8/site-packages/airflow/example_dags/tutorial_dag.py
[2026-06-18T16:56:17.549+0000] {processor.py:830} INFO - Processing file /home/airflow/.local/lib/python3.8/site-packages/airflow/example_dags/tutorial_dag.py for tasks to queue
[2026-06-18T16:56:17.551+0000] {logging_mixin.py:188} INFO - [2026-06-18T16:56:17.551+0000] {dagbag.py:538} INFO - Filling up the DagBag from /home/airflow/.local/lib/python3.8/site-packages/airflow/example_dags/tutorial_dag.py
[2026-06-18T16:56:17.560+0000] {processor.py:840} INFO - DAG(s) 'tutorial_dag' retrieved from /home/airflow/.local/lib/python3.8/site-packages/airflow/example_dags/tutorial_dag.py
[2026-06-18T16:56:17.599+0000] {logging_mixin.py:188} INFO - [2026-06-18T16:56:17.599+0000] {dag.py:3036} INFO - Sync 1 DAGs
[2026-06-18T16:56:17.622+0000] {logging_mixin.py:188} INFO - [2026-06-18T16:56:17.622+0000] {dag.py:3823} INFO - Setting next_dagrun for tutorial_dag to None, run_after=None
[2026-06-18T16:56:17.652+0000] {processor.py:183} INFO - Processing /home/airflow/.local/lib/python3.8/site-packages/airflow/example_dags/tutorial_dag.py took 0.110 seconds
[2026-06-18T16:56:48.460+0000] {processor.py:161} INFO - Started process (PID=917) to work on /home/airflow/.local/lib/python3.8/site-packages/airflow/example_dags/tutorial_dag.py
[2026-06-18T16:56:48.462+0000] {processor.py:830} INFO - Processing file /home/airflow/.local/lib/python3.8/site-packages/airflow/example_dags/tutorial_dag.py for tasks to queue
[2026-06-18T16:56:48.466+0000] {logging_mixin.py:188} INFO - [2026-06-18T16:56:48.465+0000] {dagbag.py:538} INFO - Filling up the DagBag from /home/airflow/.local/lib/python3.8/site-packages/airflow/example_dags/tutorial_dag.py
[2026-06-18T16:56:48.475+0000] {processor.py:840} INFO - DAG(s) 'tutorial_dag' retrieved from /home/airflow/.local/lib/python3.8/site-packages/airflow/example_dags/tutorial_dag.py
[2026-06-18T16:56:48.511+0000] {logging_mixin.py:188} INFO - [2026-06-18T16:56:48.511+0000] {dag.py:3036} INFO - Sync 1 DAGs
[2026-06-18T16:56:48.531+0000] {logging_mixin.py:188} INFO - [2026-06-18T16:56:48.531+0000] {dag.py:3823} INFO - Setting next_dagrun for tutorial_dag to None, run_after=None
[2026-06-18T16:56:48.562+0000] {processor.py:183} INFO - Processing /home/airflow/.local/lib/python3.8/site-packages/airflow/example_dags/tutorial_dag.py took 0.107 seconds
[2026-06-18T16:57:19.190+0000] {processor.py:161} INFO - Started process (PID=984) to work on /home/airflow/.local/lib/python3.8/site-packages/airflow/example_dags/tutorial_dag.py
[2026-06-18T16:57:19.192+0000] {processor.py:830} INFO - Processing file /home/airflow/.local/lib/python3.8/site-packages/airflow/example_dags/tutorial_dag.py for tasks to queue
[2026-06-18T16:57:19.194+0000] {logging_mixin.py:188} INFO - [2026-06-18T16:57:19.194+0000] {dagbag.py:538} INFO - Filling up the DagBag from /home/airflow/.local/lib/python3.8/site-packages/airflow/example_dags/tutorial_dag.py
[2026-06-18T16:57:19.202+0000] {processor.py:840} INFO - DAG(s) 'tutorial_dag' retrieved from /home/airflow/.local/lib/python3.8/site-packages/airflow/example_dags/tutorial_dag.py
[2026-06-18T16:57:19.243+0000] {logging_mixin.py:188} INFO - [2026-06-18T16:57:19.242+0000] {dag.py:3036} INFO - Sync 1 DAGs
[2026-06-18T16:57:19.265+0000] {logging_mixin.py:188} INFO - [2026-06-18T16:57:19.265+0000] {dag.py:3823} INFO - Setting next_dagrun for tutorial_dag to None, run_after=None
[2026-06-18T16:57:19.301+0000] {processor.py:183} INFO - Processing /home/airflow/.local/lib/python3.8/site-packages/airflow/example_dags/tutorial_dag.py took 0.118 seconds
[2026-06-18T16:57:50.003+0000] {processor.py:161} INFO - Started process (PID=1049) to work on /home/airflow/.local/lib/python3.8/site-packages/airflow/example_dags/tutorial_dag.py
[2026-06-18T16:57:50.005+0000] {processor.py:830} INFO - Processing file /home/airflow/.local/lib/python3.8/site-packages/airflow/example_dags/tutorial_dag.py for tasks to queue
[2026-06-18T16:57:50.009+0000] {logging_mixin.py:188} INFO - [2026-06-18T16:57:50.008+0000] {dagbag.py:538} INFO - Filling up the DagBag from /home/airflow/.local/lib/python3.8/site-packages/airflow/example_dags/tutorial_dag.py
[2026-06-18T16:57:50.018+0000] {processor.py:840} INFO - DAG(s) 'tutorial_dag' retrieved from /home/airflow/.local/lib/python3.8/site-packages/airflow/example_dags/tutorial_dag.py
[2026-06-18T16:57:50.060+0000] {logging_mixin.py:188} INFO - [2026-06-18T16:57:50.060+0000] {dag.py:3036} INFO - Sync 1 DAGs
[2026-06-18T16:57:50.085+0000] {logging_mixin.py:188} INFO - [2026-06-18T16:57:50.085+0000] {dag.py:3823} INFO - Setting next_dagrun for tutorial_dag to None, run_after=None
[2026-06-18T16:57:50.119+0000] {processor.py:183} INFO - Processing /home/airflow/.local/lib/python3.8/site-packages/airflow/example_dags/tutorial_dag.py took 0.121 seconds
[2026-06-18T16:58:20.399+0000] {processor.py:161} INFO - Started process (PID=1114) to work on /home/airflow/.local/lib/python3.8/site-packages/airflow/example_dags/tutorial_dag.py
[2026-06-18T16:58:20.401+0000] {processor.py:830} INFO - Processing file /home/airflow/.local/lib/python3.8/site-packages/airflow/example_dags/tutorial_dag.py for tasks to queue
[2026-06-18T16:58:20.404+0000] {logging_mixin.py:188} INFO - [2026-06-18T16:58:20.403+0000] {dagbag.py:538} INFO - Filling up the DagBag from /home/airflow/.local/lib/python3.8/site-packages/airflow/example_dags/tutorial_dag.py
[2026-06-18T16:58:20.411+0000] {processor.py:840} INFO - DAG(s) 'tutorial_dag' retrieved from /home/airflow/.local/lib/python3.8/site-packages/airflow/example_dags/tutorial_dag.py
[2026-06-18T16:58:20.449+0000] {logging_mixin.py:188} INFO - [2026-06-18T16:58:20.449+0000] {dag.py:3036} INFO - Sync 1 DAGs
[2026-06-18T16:58:20.471+0000] {logging_mixin.py:188} INFO - [2026-06-18T16:58:20.470+0000] {dag.py:3823} INFO - Setting next_dagrun for tutorial_dag to None, run_after=None
[2026-06-18T16:58:20.507+0000] {processor.py:183} INFO - Processing /home/airflow/.local/lib/python3.8/site-packages/airflow/example_dags/tutorial_dag.py took 0.113 seconds
[2026-06-18T16:58:50.611+0000] {processor.py:161} INFO - Started process (PID=1180) to work on /home/airflow/.local/lib/python3.8/site-packages/airflow/example_dags/tutorial_dag.py
[2026-06-18T16:58:50.613+0000] {processor.py:830} INFO - Processing file /home/airflow/.local/lib/python3.8/site-packages/airflow/example_dags/tutorial_dag.py for tasks to queue
[2026-06-18T16:58:50.616+0000] {logging_mixin.py:188} INFO - [2026-06-18T16:58:50.616+0000] {dagbag.py:538} INFO - Filling up the DagBag from /home/airflow/.local/lib/python3.8/site-packages/airflow/example_dags/tutorial_dag.py
[2026-06-18T16:58:50.625+0000] {processor.py:840} INFO - DAG(s) 'tutorial_dag' retrieved from /home/airflow/.local/lib/python3.8/site-packages/airflow/example_dags/tutorial_dag.py
[2026-06-18T16:58:50.650+0000] {logging_mixin.py:188} INFO - [2026-06-18T16:58:50.650+0000] {dag.py:3036} INFO - Sync 1 DAGs
[2026-06-18T16:58:50.676+0000] {logging_mixin.py:188} INFO - [2026-06-18T16:58:50.676+0000] {dag.py:3823} INFO - Setting next_dagrun for tutorial_dag to None, run_after=None
[2026-06-18T16:58:50.713+0000] {processor.py:183} INFO - Processing /home/airflow/.local/lib/python3.8/site-packages/airflow/example_dags/tutorial_dag.py took 0.107 seconds
[2026-06-18T16:59:21.481+0000] {processor.py:161} INFO - Started process (PID=1246) to work on /home/airflow/.local/lib/python3.8/site-packages/airflow/example_dags/tutorial_dag.py
[2026-06-18T16:59:21.483+0000] {processor.py:830} INFO - Processing file /home/airflow/.local/lib/python3.8/site-packages/airflow/example_dags/tutorial_dag.py for tasks to queue
[2026-06-18T16:59:21.486+0000] {logging_mixin.py:188} INFO - [2026-06-18T16:59:21.486+0000] {dagbag.py:538} INFO - Filling up the DagBag from /home/airflow/.local/lib/python3.8/site-packages/airflow/example_dags/tutorial_dag.py
[2026-06-18T16:59:21.496+0000] {processor.py:840} INFO - DAG(s) 'tutorial_dag' retrieved from /home/airflow/.local/lib/python3.8/site-packages/airflow/example_dags/tutorial_dag.py
[2026-06-18T16:59:21.689+0000] {logging_mixin.py:188} INFO - [2026-06-18T16:59:21.689+0000] {dag.py:3036} INFO - Sync 1 DAGs
[2026-06-18T16:59:21.707+0000] {logging_mixin.py:188} INFO - [2026-06-18T16:59:21.707+0000] {dag.py:3823} INFO - Setting next_dagrun for tutorial_dag to None, run_after=None
[2026-06-18T16:59:21.750+0000] {processor.py:183} INFO - Processing /home/airflow/.local/lib/python3.8/site-packages/airflow/example_dags/tutorial_dag.py took 0.274 seconds
[2026-06-18T16:59:52.176+0000] {processor.py:161} INFO - Started process (PID=1312) to work on /home/airflow/.local/lib/python3.8/site-packages/airflow/example_dags/tutorial_dag.py
[2026-06-18T16:59:52.185+0000] {processor.py:830} INFO - Processing file /home/airflow/.local/lib/python3.8/site-packages/airflow/example_dags/tutorial_dag.py for tasks to queue
[2026-06-18T16:59:52.196+0000] {logging_mixin.py:188} INFO - [2026-06-18T16:59:52.195+0000] {dagbag.py:538} INFO - Filling up the DagBag from /home/airflow/.local/lib/python3.8/site-packages/airflow/example_dags/tutorial_dag.py
[2026-06-18T16:59:52.213+0000] {processor.py:840} INFO - DAG(s) 'tutorial_dag' retrieved from /home/airflow/.local/lib/python3.8/site-packages/airflow/example_dags/tutorial_dag.py
[2026-06-18T16:59:52.260+0000] {logging_mixin.py:188} INFO - [2026-06-18T16:59:52.260+0000] {dag.py:3036} INFO - Sync 1 DAGs
[2026-06-18T16:59:52.318+0000] {logging_mixin.py:188} INFO - [2026-06-18T16:59:52.318+0000] {dag.py:3823} INFO - Setting next_dagrun for tutorial_dag to None, run_after=None
[2026-06-18T16:59:52.471+0000] {processor.py:183} INFO - Processing /home/airflow/.local/lib/python3.8/site-packages/airflow/example_dags/tutorial_dag.py took 0.312 seconds
[2026-06-18T17:00:23.438+0000] {processor.py:161} INFO - Started process (PID=1378) to work on /home/airflow/.local/lib/python3.8/site-packages/airflow/example_dags/tutorial_dag.py
[2026-06-18T17:00:23.440+0000] {processor.py:830} INFO - Processing file /home/airflow/.local/lib/python3.8/site-packages/airflow/example_dags/tutorial_dag.py for tasks to queue
[2026-06-18T17:00:23.443+0000] {logging_mixin.py:188} INFO - [2026-06-18T17:00:23.442+0000] {dagbag.py:538} INFO - Filling up the DagBag from /home/airflow/.local/lib/python3.8/site-packages/airflow/example_dags/tutorial_dag.py
[2026-06-18T17:00:23.451+0000] {processor.py:840} INFO - DAG(s) 'tutorial_dag' retrieved from /home/airflow/.local/lib/python3.8/site-packages/airflow/example_dags/tutorial_dag.py
[2026-06-18T17:00:23.476+0000] {logging_mixin.py:188} INFO - [2026-06-18T17:00:23.476+0000] {dag.py:3036} INFO - Sync 1 DAGs
[2026-06-18T17:00:23.497+0000] {logging_mixin.py:188} INFO - [2026-06-18T17:00:23.497+0000] {dag.py:3823} INFO - Setting next_dagrun for tutorial_dag to None, run_after=None
[2026-06-18T17:00:23.530+0000] {processor.py:183} INFO - Processing /home/airflow/.local/lib/python3.8/site-packages/airflow/example_dags/tutorial_dag.py took 0.097 seconds
[2026-06-18T17:00:54.062+0000] {processor.py:161} INFO - Started process (PID=1443) to work on /home/airflow/.local/lib/python3.8/site-packages/airflow/example_dags/tutorial_dag.py
[2026-06-18T17:00:54.063+0000] {processor.py:830} INFO - Processing file /home/airflow/.local/lib/python3.8/site-packages/airflow/example_dags/tutorial_dag.py for tasks to queue
[2026-06-18T17:00:54.066+0000] {logging_mixin.py:188} INFO - [2026-06-18T17:00:54.065+0000] {dagbag.py:538} INFO - Filling up the DagBag from /home/airflow/.local/lib/python3.8/site-packages/airflow/example_dags/tutorial_dag.py
[2026-06-18T17:00:54.077+0000] {processor.py:840} INFO - DAG(s) 'tutorial_dag' retrieved from /home/airflow/.local/lib/python3.8/site-packages/airflow/example_dags/tutorial_dag.py
[2026-06-18T17:00:54.267+0000] {logging_mixin.py:188} INFO - [2026-06-18T17:00:54.266+0000] {dag.py:3036} INFO - Sync 1 DAGs
[2026-06-18T17:00:54.290+0000] {logging_mixin.py:188} INFO - [2026-06-18T17:00:54.290+0000] {dag.py:3823} INFO - Setting next_dagrun for tutorial_dag to None, run_after=None
[2026-06-18T17:00:54.326+0000] {processor.py:183} INFO - Processing /home/airflow/.local/lib/python3.8/site-packages/airflow/example_dags/tutorial_dag.py took 0.269 seconds
[2026-06-18T17:01:25.304+0000] {processor.py:161} INFO - Started process (PID=1509) to work on /home/airflow/.local/lib/python3.8/site-packages/airflow/example_dags/tutorial_dag.py
[2026-06-18T17:01:25.306+0000] {processor.py:830} INFO - Processing file /home/airflow/.local/lib/python3.8/site-packages/airflow/example_dags/tutorial_dag.py for tasks to queue
[2026-06-18T17:01:25.308+0000] {logging_mixin.py:188} INFO - [2026-06-18T17:01:25.308+0000] {dagbag.py:538} INFO - Filling up the DagBag from /home/airflow/.local/lib/python3.8/site-packages/airflow/example_dags/tutorial_dag.py
[2026-06-18T17:01:25.318+0000] {processor.py:840} INFO - DAG(s) 'tutorial_dag' retrieved from /home/airflow/.local/lib/python3.8/site-packages/airflow/example_dags/tutorial_dag.py
[2026-06-18T17:01:25.355+0000] {logging_mixin.py:188} INFO - [2026-06-18T17:01:25.355+0000] {dag.py:3036} INFO - Sync 1 DAGs
[2026-06-18T17:01:25.379+0000] {logging_mixin.py:188} INFO - [2026-06-18T17:01:25.378+0000] {dag.py:3823} INFO - Setting next_dagrun for tutorial_dag to None, run_after=None
[2026-06-18T17:01:25.412+0000] {processor.py:183} INFO - Processing /home/airflow/.local/lib/python3.8/site-packages/airflow/example_dags/tutorial_dag.py took 0.114 seconds
[2026-06-18T17:01:56.004+0000] {processor.py:161} INFO - Started process (PID=1575) to work on /home/airflow/.local/lib/python3.8/site-packages/airflow/example_dags/tutorial_dag.py
[2026-06-18T17:01:56.005+0000] {processor.py:830} INFO - Processing file /home/airflow/.local/lib/python3.8/site-packages/airflow/example_dags/tutorial_dag.py for tasks to queue
[2026-06-18T17:01:56.008+0000] {logging_mixin.py:188} INFO - [2026-06-18T17:01:56.007+0000] {dagbag.py:538} INFO - Filling up the DagBag from /home/airflow/.local/lib/python3.8/site-packages/airflow/example_dags/tutorial_dag.py
[2026-06-18T17:01:56.017+0000] {processor.py:840} INFO - DAG(s) 'tutorial_dag' retrieved from /home/airflow/.local/lib/python3.8/site-packages/airflow/example_dags/tutorial_dag.py
[2026-06-18T17:01:56.057+0000] {logging_mixin.py:188} INFO - [2026-06-18T17:01:56.056+0000] {dag.py:3036} INFO - Sync 1 DAGs
[2026-06-18T17:01:56.083+0000] {logging_mixin.py:188} INFO - [2026-06-18T17:01:56.082+0000] {dag.py:3823} INFO - Setting next_dagrun for tutorial_dag to None, run_after=None
[2026-06-18T17:01:56.117+0000] {processor.py:183} INFO - Processing /home/airflow/.local/lib/python3.8/site-packages/airflow/example_dags/tutorial_dag.py took 0.118 seconds
[2026-06-18T17:02:26.562+0000] {processor.py:161} INFO - Started process (PID=1641) to work on /home/airflow/.local/lib/python3.8/site-packages/airflow/example_dags/tutorial_dag.py
[2026-06-18T17:02:26.564+0000] {processor.py:830} INFO - Processing file /home/airflow/.local/lib/python3.8/site-packages/airflow/example_dags/tutorial_dag.py for tasks to queue
[2026-06-18T17:02:26.567+0000] {logging_mixin.py:188} INFO - [2026-06-18T17:02:26.566+0000] {dagbag.py:538} INFO - Filling up the DagBag from /home/airflow/.local/lib/python3.8/site-packages/airflow/example_dags/tutorial_dag.py
[2026-06-18T17:02:26.576+0000] {processor.py:840} INFO - DAG(s) 'tutorial_dag' retrieved from /home/airflow/.local/lib/python3.8/site-packages/airflow/example_dags/tutorial_dag.py
[2026-06-18T17:02:26.613+0000] {logging_mixin.py:188} INFO - [2026-06-18T17:02:26.612+0000] {dag.py:3036} INFO - Sync 1 DAGs
[2026-06-18T17:02:26.633+0000] {logging_mixin.py:188} INFO - [2026-06-18T17:02:26.633+0000] {dag.py:3823} INFO - Setting next_dagrun for tutorial_dag to None, run_after=None
[2026-06-18T17:02:26.664+0000] {processor.py:183} INFO - Processing /home/airflow/.local/lib/python3.8/site-packages/airflow/example_dags/tutorial_dag.py took 0.107 seconds
[2026-06-18T17:02:57.102+0000] {processor.py:161} INFO - Started process (PID=1706) to work on /home/airflow/.local/lib/python3.8/site-packages/airflow/example_dags/tutorial_dag.py
[2026-06-18T17:02:57.103+0000] {processor.py:830} INFO - Processing file /home/airflow/.local/lib/python3.8/site-packages/airflow/example_dags/tutorial_dag.py for tasks to queue
[2026-06-18T17:02:57.105+0000] {logging_mixin.py:188} INFO - [2026-06-18T17:02:57.105+0000] {dagbag.py:538} INFO - Filling up the DagBag from /home/airflow/.local/lib/python3.8/site-packages/airflow/example_dags/tutorial_dag.py
[2026-06-18T17:02:57.113+0000] {processor.py:840} INFO - DAG(s) 'tutorial_dag' retrieved from /home/airflow/.local/lib/python3.8/site-packages/airflow/example_dags/tutorial_dag.py
[2026-06-18T17:02:57.154+0000] {logging_mixin.py:188} INFO - [2026-06-18T17:02:57.154+0000] {dag.py:3036} INFO - Sync 1 DAGs
[2026-06-18T17:02:57.176+0000] {logging_mixin.py:188} INFO - [2026-06-18T17:02:57.175+0000] {dag.py:3823} INFO - Setting next_dagrun for tutorial_dag to None, run_after=None
[2026-06-18T17:02:57.207+0000] {processor.py:183} INFO - Processing /home/airflow/.local/lib/python3.8/site-packages/airflow/example_dags/tutorial_dag.py took 0.110 seconds
[2026-06-18T17:03:27.764+0000] {processor.py:161} INFO - Started process (PID=1772) to work on /home/airflow/.local/lib/python3.8/site-packages/airflow/example_dags/tutorial_dag.py
[2026-06-18T17:03:27.766+0000] {processor.py:830} INFO - Processing file /home/airflow/.local/lib/python3.8/site-packages/airflow/example_dags/tutorial_dag.py for tasks to queue
[2026-06-18T17:03:27.769+0000] {logging_mixin.py:188} INFO - [2026-06-18T17:03:27.769+0000] {dagbag.py:538} INFO - Filling up the DagBag from /home/airflow/.local/lib/python3.8/site-packages/airflow/example_dags/tutorial_dag.py
[2026-06-18T17:03:27.778+0000] {processor.py:840} INFO - DAG(s) 'tutorial_dag' retrieved from /home/airflow/.local/lib/python3.8/site-packages/airflow/example_dags/tutorial_dag.py
[2026-06-18T17:03:27.820+0000] {logging_mixin.py:188} INFO - [2026-06-18T17:03:27.820+0000] {dag.py:3036} INFO - Sync 1 DAGs
[2026-06-18T17:03:27.846+0000] {logging_mixin.py:188} INFO - [2026-06-18T17:03:27.845+0000] {dag.py:3823} INFO - Setting next_dagrun for tutorial_dag to None, run_after=None
[2026-06-18T17:03:27.918+0000] {processor.py:183} INFO - Processing /home/airflow/.local/lib/python3.8/site-packages/airflow/example_dags/tutorial_dag.py took 0.159 seconds
[2026-06-18T17:03:57.957+0000] {processor.py:161} INFO - Started process (PID=1838) to work on /home/airflow/.local/lib/python3.8/site-packages/airflow/example_dags/tutorial_dag.py
[2026-06-18T17:03:57.958+0000] {processor.py:830} INFO - Processing file /home/airflow/.local/lib/python3.8/site-packages/airflow/example_dags/tutorial_dag.py for tasks to queue
[2026-06-18T17:03:57.961+0000] {logging_mixin.py:188} INFO - [2026-06-18T17:03:57.960+0000] {dagbag.py:538} INFO - Filling up the DagBag from /home/airflow/.local/lib/python3.8/site-packages/airflow/example_dags/tutorial_dag.py
[2026-06-18T17:03:57.968+0000] {processor.py:840} INFO - DAG(s) 'tutorial_dag' retrieved from /home/airflow/.local/lib/python3.8/site-packages/airflow/example_dags/tutorial_dag.py
[2026-06-18T17:03:58.004+0000] {logging_mixin.py:188} INFO - [2026-06-18T17:03:58.003+0000] {dag.py:3036} INFO - Sync 1 DAGs
[2026-06-18T17:03:58.025+0000] {logging_mixin.py:188} INFO - [2026-06-18T17:03:58.025+0000] {dag.py:3823} INFO - Setting next_dagrun for tutorial_dag to None, run_after=None
[2026-06-18T17:03:58.062+0000] {processor.py:183} INFO - Processing /home/airflow/.local/lib/python3.8/site-packages/airflow/example_dags/tutorial_dag.py took 0.110 seconds
[2026-06-18T17:04:28.232+0000] {processor.py:161} INFO - Started process (PID=1911) to work on /home/airflow/.local/lib/python3.8/site-packages/airflow/example_dags/tutorial_dag.py
[2026-06-18T17:04:28.235+0000] {processor.py:830} INFO - Processing file /home/airflow/.local/lib/python3.8/site-packages/airflow/example_dags/tutorial_dag.py for tasks to queue
[2026-06-18T17:04:28.237+0000] {logging_mixin.py:188} INFO - [2026-06-18T17:04:28.236+0000] {dagbag.py:538} INFO - Filling up the DagBag from /home/airflow/.local/lib/python3.8/site-packages/airflow/example_dags/tutorial_dag.py
[2026-06-18T17:04:28.246+0000] {processor.py:840} INFO - DAG(s) 'tutorial_dag' retrieved from /home/airflow/.local/lib/python3.8/site-packages/airflow/example_dags/tutorial_dag.py
[2026-06-18T17:04:28.283+0000] {logging_mixin.py:188} INFO - [2026-06-18T17:04:28.283+0000] {dag.py:3036} INFO - Sync 1 DAGs
[2026-06-18T17:04:28.305+0000] {logging_mixin.py:188} INFO - [2026-06-18T17:04:28.304+0000] {dag.py:3823} INFO - Setting next_dagrun for tutorial_dag to None, run_after=None
[2026-06-18T17:04:28.336+0000] {processor.py:183} INFO - Processing /home/airflow/.local/lib/python3.8/site-packages/airflow/example_dags/tutorial_dag.py took 0.110 seconds
[2026-06-18T17:04:58.856+0000] {processor.py:161} INFO - Started process (PID=1978) to work on /home/airflow/.local/lib/python3.8/site-packages/airflow/example_dags/tutorial_dag.py
[2026-06-18T17:04:58.858+0000] {processor.py:830} INFO - Processing file /home/airflow/.local/lib/python3.8/site-packages/airflow/example_dags/tutorial_dag.py for tasks to queue
[2026-06-18T17:04:58.860+0000] {logging_mixin.py:188} INFO - [2026-06-18T17:04:58.860+0000] {dagbag.py:538} INFO - Filling up the DagBag from /home/airflow/.local/lib/python3.8/site-packages/airflow/example_dags/tutorial_dag.py
[2026-06-18T17:04:58.868+0000] {processor.py:840} INFO - DAG(s) 'tutorial_dag' retrieved from /home/airflow/.local/lib/python3.8/site-packages/airflow/example_dags/tutorial_dag.py
[2026-06-18T17:04:58.907+0000] {logging_mixin.py:188} INFO - [2026-06-18T17:04:58.907+0000] {dag.py:3036} INFO - Sync 1 DAGs
[2026-06-18T17:04:58.932+0000] {logging_mixin.py:188} INFO - [2026-06-18T17:04:58.932+0000] {dag.py:3823} INFO - Setting next_dagrun for tutorial_dag to None, run_after=None
[2026-06-18T17:04:58.966+0000] {processor.py:183} INFO - Processing /home/airflow/.local/lib/python3.8/site-packages/airflow/example_dags/tutorial_dag.py took 0.115 seconds
[2026-06-18T17:05:29.610+0000] {processor.py:161} INFO - Started process (PID=2044) to work on /home/airflow/.local/lib/python3.8/site-packages/airflow/example_dags/tutorial_dag.py
[2026-06-18T17:05:29.612+0000] {processor.py:830} INFO - Processing file /home/airflow/.local/lib/python3.8/site-packages/airflow/example_dags/tutorial_dag.py for tasks to queue
[2026-06-18T17:05:29.616+0000] {logging_mixin.py:188} INFO - [2026-06-18T17:05:29.615+0000] {dagbag.py:538} INFO - Filling up the DagBag from /home/airflow/.local/lib/python3.8/site-packages/airflow/example_dags/tutorial_dag.py
[2026-06-18T17:05:29.626+0000] {processor.py:840} INFO - DAG(s) 'tutorial_dag' retrieved from /home/airflow/.local/lib/python3.8/site-packages/airflow/example_dags/tutorial_dag.py
[2026-06-18T17:05:29.670+0000] {logging_mixin.py:188} INFO - [2026-06-18T17:05:29.670+0000] {dag.py:3036} INFO - Sync 1 DAGs
[2026-06-18T17:05:29.698+0000] {logging_mixin.py:188} INFO - [2026-06-18T17:05:29.698+0000] {dag.py:3823} INFO - Setting next_dagrun for tutorial_dag to None, run_after=None
[2026-06-18T17:05:29.749+0000] {processor.py:183} INFO - Processing /home/airflow/.local/lib/python3.8/site-packages/airflow/example_dags/tutorial_dag.py took 0.145 seconds
[2026-06-18T17:05:59.940+0000] {processor.py:161} INFO - Started process (PID=2109) to work on /home/airflow/.local/lib/python3.8/site-packages/airflow/example_dags/tutorial_dag.py
[2026-06-18T17:05:59.942+0000] {processor.py:830} INFO - Processing file /home/airflow/.local/lib/python3.8/site-packages/airflow/example_dags/tutorial_dag.py for tasks to queue
[2026-06-18T17:05:59.945+0000] {logging_mixin.py:188} INFO - [2026-06-18T17:05:59.944+0000] {dagbag.py:538} INFO - Filling up the DagBag from /home/airflow/.local/lib/python3.8/site-packages/airflow/example_dags/tutorial_dag.py
[2026-06-18T17:05:59.953+0000] {processor.py:840} INFO - DAG(s) 'tutorial_dag' retrieved from /home/airflow/.local/lib/python3.8/site-packages/airflow/example_dags/tutorial_dag.py
[2026-06-18T17:05:59.989+0000] {logging_mixin.py:188} INFO - [2026-06-18T17:05:59.989+0000] {dag.py:3036} INFO - Sync 1 DAGs
[2026-06-18T17:06:00.011+0000] {logging_mixin.py:188} INFO - [2026-06-18T17:06:00.011+0000] {dag.py:3823} INFO - Setting next_dagrun for tutorial_dag to None, run_after=None
[2026-06-18T17:06:00.047+0000] {processor.py:183} INFO - Processing /home/airflow/.local/lib/python3.8/site-packages/airflow/example_dags/tutorial_dag.py took 0.112 seconds
[2026-06-18T17:06:30.378+0000] {processor.py:161} INFO - Started process (PID=2175) to work on /home/airflow/.local/lib/python3.8/site-packages/airflow/example_dags/tutorial_dag.py
[2026-06-18T17:06:30.381+0000] {processor.py:830} INFO - Processing file /home/airflow/.local/lib/python3.8/site-packages/airflow/example_dags/tutorial_dag.py for tasks to queue
[2026-06-18T17:06:30.384+0000] {logging_mixin.py:188} INFO - [2026-06-18T17:06:30.383+0000] {dagbag.py:538} INFO - Filling up the DagBag from /home/airflow/.local/lib/python3.8/site-packages/airflow/example_dags/tutorial_dag.py
[2026-06-18T17:06:30.392+0000] {processor.py:840} INFO - DAG(s) 'tutorial_dag' retrieved from /home/airflow/.local/lib/python3.8/site-packages/airflow/example_dags/tutorial_dag.py
[2026-06-18T17:06:30.431+0000] {logging_mixin.py:188} INFO - [2026-06-18T17:06:30.430+0000] {dag.py:3036} INFO - Sync 1 DAGs
[2026-06-18T17:06:30.454+0000] {logging_mixin.py:188} INFO - [2026-06-18T17:06:30.454+0000] {dag.py:3823} INFO - Setting next_dagrun for tutorial_dag to None, run_after=None
[2026-06-18T17:06:30.492+0000] {processor.py:183} INFO - Processing /home/airflow/.local/lib/python3.8/site-packages/airflow/example_dags/tutorial_dag.py took 0.119 seconds
[2026-06-18T17:07:00.620+0000] {processor.py:161} INFO - Started process (PID=2241) to work on /home/airflow/.local/lib/python3.8/site-packages/airflow/example_dags/tutorial_dag.py
[2026-06-18T17:07:00.622+0000] {processor.py:830} INFO - Processing file /home/airflow/.local/lib/python3.8/site-packages/airflow/example_dags/tutorial_dag.py for tasks to queue
[2026-06-18T17:07:00.625+0000] {logging_mixin.py:188} INFO - [2026-06-18T17:07:00.624+0000] {dagbag.py:538} INFO - Filling up the DagBag from /home/airflow/.local/lib/python3.8/site-packages/airflow/example_dags/tutorial_dag.py
[2026-06-18T17:07:00.633+0000] {processor.py:840} INFO - DAG(s) 'tutorial_dag' retrieved from /home/airflow/.local/lib/python3.8/site-packages/airflow/example_dags/tutorial_dag.py
[2026-06-18T17:07:00.685+0000] {logging_mixin.py:188} INFO - [2026-06-18T17:07:00.682+0000] {dag.py:3036} INFO - Sync 1 DAGs
[2026-06-18T17:07:00.711+0000] {logging_mixin.py:188} INFO - [2026-06-18T17:07:00.710+0000] {dag.py:3823} INFO - Setting next_dagrun for tutorial_dag to None, run_after=None
[2026-06-18T17:07:00.744+0000] {processor.py:183} INFO - Processing /home/airflow/.local/lib/python3.8/site-packages/airflow/example_dags/tutorial_dag.py took 0.129 seconds
[2026-06-18T17:07:31.534+0000] {processor.py:161} INFO - Started process (PID=2306) to work on /home/airflow/.local/lib/python3.8/site-packages/airflow/example_dags/tutorial_dag.py
[2026-06-18T17:07:31.537+0000] {processor.py:830} INFO - Processing file /home/airflow/.local/lib/python3.8/site-packages/airflow/example_dags/tutorial_dag.py for tasks to queue
[2026-06-18T17:07:31.540+0000] {logging_mixin.py:188} INFO - [2026-06-18T17:07:31.539+0000] {dagbag.py:538} INFO - Filling up the DagBag from /home/airflow/.local/lib/python3.8/site-packages/airflow/example_dags/tutorial_dag.py
[2026-06-18T17:07:31.550+0000] {processor.py:840} INFO - DAG(s) 'tutorial_dag' retrieved from /home/airflow/.local/lib/python3.8/site-packages/airflow/example_dags/tutorial_dag.py
[2026-06-18T17:07:31.593+0000] {logging_mixin.py:188} INFO - [2026-06-18T17:07:31.593+0000] {dag.py:3036} INFO - Sync 1 DAGs
[2026-06-18T17:07:31.619+0000] {logging_mixin.py:188} INFO - [2026-06-18T17:07:31.619+0000] {dag.py:3823} INFO - Setting next_dagrun for tutorial_dag to None, run_after=None
[2026-06-18T17:07:31.649+0000] {processor.py:183} INFO - Processing /home/airflow/.local/lib/python3.8/site-packages/airflow/example_dags/tutorial_dag.py took 0.120 seconds
[2026-06-18T17:08:01.927+0000] {processor.py:161} INFO - Started process (PID=2373) to work on /home/airflow/.local/lib/python3.8/site-packages/airflow/example_dags/tutorial_dag.py
[2026-06-18T17:08:01.929+0000] {processor.py:830} INFO - Processing file /home/airflow/.local/lib/python3.8/site-packages/airflow/example_dags/tutorial_dag.py for tasks to queue
[2026-06-18T17:08:01.931+0000] {logging_mixin.py:188} INFO - [2026-06-18T17:08:01.931+0000] {dagbag.py:538} INFO - Filling up the DagBag from /home/airflow/.local/lib/python3.8/site-packages/airflow/example_dags/tutorial_dag.py
[2026-06-18T17:08:01.939+0000] {processor.py:840} INFO - DAG(s) 'tutorial_dag' retrieved from /home/airflow/.local/lib/python3.8/site-packages/airflow/example_dags/tutorial_dag.py
[2026-06-18T17:08:01.977+0000] {logging_mixin.py:188} INFO - [2026-06-18T17:08:01.977+0000] {dag.py:3036} INFO - Sync 1 DAGs
[2026-06-18T17:08:02.000+0000] {logging_mixin.py:188} INFO - [2026-06-18T17:08:01.999+0000] {dag.py:3823} INFO - Setting next_dagrun for tutorial_dag to None, run_after=None
[2026-06-18T17:08:02.034+0000] {processor.py:183} INFO - Processing /home/airflow/.local/lib/python3.8/site-packages/airflow/example_dags/tutorial_dag.py took 0.112 seconds
[2026-06-18T17:08:32.273+0000] {processor.py:161} INFO - Started process (PID=2440) to work on /home/airflow/.local/lib/python3.8/site-packages/airflow/example_dags/tutorial_dag.py
[2026-06-18T17:08:32.275+0000] {processor.py:830} INFO - Processing file /home/airflow/.local/lib/python3.8/site-packages/airflow/example_dags/tutorial_dag.py for tasks to queue
[2026-06-18T17:08:32.278+0000] {logging_mixin.py:188} INFO - [2026-06-18T17:08:32.277+0000] {dagbag.py:538} INFO - Filling up the DagBag from /home/airflow/.local/lib/python3.8/site-packages/airflow/example_dags/tutorial_dag.py
[2026-06-18T17:08:32.286+0000] {processor.py:840} INFO - DAG(s) 'tutorial_dag' retrieved from /home/airflow/.local/lib/python3.8/site-packages/airflow/example_dags/tutorial_dag.py
[2026-06-18T17:08:32.329+0000] {logging_mixin.py:188} INFO - [2026-06-18T17:08:32.328+0000] {dag.py:3036} INFO - Sync 1 DAGs
[2026-06-18T17:08:32.354+0000] {logging_mixin.py:188} INFO - [2026-06-18T17:08:32.354+0000] {dag.py:3823} INFO - Setting next_dagrun for tutorial_dag to None, run_after=None
[2026-06-18T17:08:32.389+0000] {processor.py:183} INFO - Processing /home/airflow/.local/lib/python3.8/site-packages/airflow/example_dags/tutorial_dag.py took 0.121 seconds
[2026-06-18T17:09:03.038+0000] {processor.py:161} INFO - Started process (PID=2503) to work on /home/airflow/.local/lib/python3.8/site-packages/airflow/example_dags/tutorial_dag.py
[2026-06-18T17:09:03.040+0000] {processor.py:830} INFO - Processing file /home/airflow/.local/lib/python3.8/site-packages/airflow/example_dags/tutorial_dag.py for tasks to queue
[2026-06-18T17:09:03.043+0000] {logging_mixin.py:188} INFO - [2026-06-18T17:09:03.042+0000] {dagbag.py:538} INFO - Filling up the DagBag from /home/airflow/.local/lib/python3.8/site-packages/airflow/example_dags/tutorial_dag.py
[2026-06-18T17:09:03.054+0000] {processor.py:840} INFO - DAG(s) 'tutorial_dag' retrieved from /home/airflow/.local/lib/python3.8/site-packages/airflow/example_dags/tutorial_dag.py
[2026-06-18T17:09:03.092+0000] {logging_mixin.py:188} INFO - [2026-06-18T17:09:03.092+0000] {dag.py:3036} INFO - Sync 1 DAGs
[2026-06-18T17:09:03.114+0000] {logging_mixin.py:188} INFO - [2026-06-18T17:09:03.113+0000] {dag.py:3823} INFO - Setting next_dagrun for tutorial_dag to None, run_after=None
[2026-06-18T17:09:03.147+0000] {processor.py:183} INFO - Processing /home/airflow/.local/lib/python3.8/site-packages/airflow/example_dags/tutorial_dag.py took 0.113 seconds
[2026-06-18T17:09:33.762+0000] {processor.py:161} INFO - Started process (PID=2569) to work on /home/airflow/.local/lib/python3.8/site-packages/airflow/example_dags/tutorial_dag.py
[2026-06-18T17:09:33.764+0000] {processor.py:830} INFO - Processing file /home/airflow/.local/lib/python3.8/site-packages/airflow/example_dags/tutorial_dag.py for tasks to queue
[2026-06-18T17:09:33.767+0000] {logging_mixin.py:188} INFO - [2026-06-18T17:09:33.766+0000] {dagbag.py:538} INFO - Filling up the DagBag from /home/airflow/.local/lib/python3.8/site-packages/airflow/example_dags/tutorial_dag.py
[2026-06-18T17:09:33.777+0000] {processor.py:840} INFO - DAG(s) 'tutorial_dag' retrieved from /home/airflow/.local/lib/python3.8/site-packages/airflow/example_dags/tutorial_dag.py
[2026-06-18T17:09:33.816+0000] {logging_mixin.py:188} INFO - [2026-06-18T17:09:33.815+0000] {dag.py:3036} INFO - Sync 1 DAGs
[2026-06-18T17:09:33.840+0000] {logging_mixin.py:188} INFO - [2026-06-18T17:09:33.839+0000] {dag.py:3823} INFO - Setting next_dagrun for tutorial_dag to None, run_after=None
[2026-06-18T17:09:33.877+0000] {processor.py:183} INFO - Processing /home/airflow/.local/lib/python3.8/site-packages/airflow/example_dags/tutorial_dag.py took 0.120 seconds
[2026-06-18T17:10:04.368+0000] {processor.py:161} INFO - Started process (PID=2636) to work on /home/airflow/.local/lib/python3.8/site-packages/airflow/example_dags/tutorial_dag.py
[2026-06-18T17:10:04.369+0000] {processor.py:830} INFO - Processing file /home/airflow/.local/lib/python3.8/site-packages/airflow/example_dags/tutorial_dag.py for tasks to queue
[2026-06-18T17:10:04.372+0000] {logging_mixin.py:188} INFO - [2026-06-18T17:10:04.372+0000] {dagbag.py:538} INFO - Filling up the DagBag from /home/airflow/.local/lib/python3.8/site-packages/airflow/example_dags/tutorial_dag.py
[2026-06-18T17:10:04.381+0000] {processor.py:840} INFO - DAG(s) 'tutorial_dag' retrieved from /home/airflow/.local/lib/python3.8/site-packages/airflow/example_dags/tutorial_dag.py
[2026-06-18T17:10:04.421+0000] {logging_mixin.py:188} INFO - [2026-06-18T17:10:04.420+0000] {dag.py:3036} INFO - Sync 1 DAGs
[2026-06-18T17:10:04.445+0000] {logging_mixin.py:188} INFO - [2026-06-18T17:10:04.445+0000] {dag.py:3823} INFO - Setting next_dagrun for tutorial_dag to None, run_after=None
[2026-06-18T17:10:04.479+0000] {processor.py:183} INFO - Processing /home/airflow/.local/lib/python3.8/site-packages/airflow/example_dags/tutorial_dag.py took 0.117 seconds
[2026-06-18T17:10:35.058+0000] {processor.py:161} INFO - Started process (PID=2709) to work on /home/airflow/.local/lib/python3.8/site-packages/airflow/example_dags/tutorial_dag.py
[2026-06-18T17:10:35.061+0000] {processor.py:830} INFO - Processing file /home/airflow/.local/lib/python3.8/site-packages/airflow/example_dags/tutorial_dag.py for tasks to queue
[2026-06-18T17:10:35.064+0000] {logging_mixin.py:188} INFO - [2026-06-18T17:10:35.063+0000] {dagbag.py:538} INFO - Filling up the DagBag from /home/airflow/.local/lib/python3.8/site-packages/airflow/example_dags/tutorial_dag.py
[2026-06-18T17:10:35.073+0000] {processor.py:840} INFO - DAG(s) 'tutorial_dag' retrieved from /home/airflow/.local/lib/python3.8/site-packages/airflow/example_dags/tutorial_dag.py
[2026-06-18T17:10:35.118+0000] {logging_mixin.py:188} INFO - [2026-06-18T17:10:35.118+0000] {dag.py:3036} INFO - Sync 1 DAGs
[2026-06-18T17:10:35.145+0000] {logging_mixin.py:188} INFO - [2026-06-18T17:10:35.145+0000] {dag.py:3823} INFO - Setting next_dagrun for tutorial_dag to None, run_after=None
[2026-06-18T17:10:35.183+0000] {processor.py:183} INFO - Processing /home/airflow/.local/lib/python3.8/site-packages/airflow/example_dags/tutorial_dag.py took 0.131 seconds
[2026-06-18T17:11:05.464+0000] {processor.py:161} INFO - Started process (PID=2776) to work on /home/airflow/.local/lib/python3.8/site-packages/airflow/example_dags/tutorial_dag.py
[2026-06-18T17:11:05.466+0000] {processor.py:830} INFO - Processing file /home/airflow/.local/lib/python3.8/site-packages/airflow/example_dags/tutorial_dag.py for tasks to queue
[2026-06-18T17:11:05.469+0000] {logging_mixin.py:188} INFO - [2026-06-18T17:11:05.469+0000] {dagbag.py:538} INFO - Filling up the DagBag from /home/airflow/.local/lib/python3.8/site-packages/airflow/example_dags/tutorial_dag.py
[2026-06-18T17:11:05.479+0000] {processor.py:840} INFO - DAG(s) 'tutorial_dag' retrieved from /home/airflow/.local/lib/python3.8/site-packages/airflow/example_dags/tutorial_dag.py
[2026-06-18T17:11:05.523+0000] {logging_mixin.py:188} INFO - [2026-06-18T17:11:05.522+0000] {dag.py:3036} INFO - Sync 1 DAGs
[2026-06-18T17:11:05.552+0000] {logging_mixin.py:188} INFO - [2026-06-18T17:11:05.551+0000] {dag.py:3823} INFO - Setting next_dagrun for tutorial_dag to None, run_after=None
[2026-06-18T17:11:05.590+0000] {processor.py:183} INFO - Processing /home/airflow/.local/lib/python3.8/site-packages/airflow/example_dags/tutorial_dag.py took 0.132 seconds
[2026-06-18T17:11:35.688+0000] {processor.py:161} INFO - Started process (PID=2841) to work on /home/airflow/.local/lib/python3.8/site-packages/airflow/example_dags/tutorial_dag.py
[2026-06-18T17:11:35.690+0000] {processor.py:830} INFO - Processing file /home/airflow/.local/lib/python3.8/site-packages/airflow/example_dags/tutorial_dag.py for tasks to queue
[2026-06-18T17:11:35.694+0000] {logging_mixin.py:188} INFO - [2026-06-18T17:11:35.693+0000] {dagbag.py:538} INFO - Filling up the DagBag from /home/airflow/.local/lib/python3.8/site-packages/airflow/example_dags/tutorial_dag.py
[2026-06-18T17:11:35.704+0000] {processor.py:840} INFO - DAG(s) 'tutorial_dag' retrieved from /home/airflow/.local/lib/python3.8/site-packages/airflow/example_dags/tutorial_dag.py
[2026-06-18T17:11:35.748+0000] {logging_mixin.py:188} INFO - [2026-06-18T17:11:35.747+0000] {dag.py:3036} INFO - Sync 1 DAGs
[2026-06-18T17:11:35.776+0000] {logging_mixin.py:188} INFO - [2026-06-18T17:11:35.776+0000] {dag.py:3823} INFO - Setting next_dagrun for tutorial_dag to None, run_after=None
[2026-06-18T17:11:35.817+0000] {processor.py:183} INFO - Processing /home/airflow/.local/lib/python3.8/site-packages/airflow/example_dags/tutorial_dag.py took 0.135 seconds
[2026-06-18T17:12:06.106+0000] {processor.py:161} INFO - Started process (PID=2907) to work on /home/airflow/.local/lib/python3.8/site-packages/airflow/example_dags/tutorial_dag.py
[2026-06-18T17:12:06.109+0000] {processor.py:830} INFO - Processing file /home/airflow/.local/lib/python3.8/site-packages/airflow/example_dags/tutorial_dag.py for tasks to queue
[2026-06-18T17:12:06.112+0000] {logging_mixin.py:188} INFO - [2026-06-18T17:12:06.112+0000] {dagbag.py:538} INFO - Filling up the DagBag from /home/airflow/.local/lib/python3.8/site-packages/airflow/example_dags/tutorial_dag.py
[2026-06-18T17:12:06.122+0000] {processor.py:840} INFO - DAG(s) 'tutorial_dag' retrieved from /home/airflow/.local/lib/python3.8/site-packages/airflow/example_dags/tutorial_dag.py
[2026-06-18T17:12:06.172+0000] {logging_mixin.py:188} INFO - [2026-06-18T17:12:06.171+0000] {dag.py:3036} INFO - Sync 1 DAGs
[2026-06-18T17:12:06.411+0000] {logging_mixin.py:188} INFO - [2026-06-18T17:12:06.410+0000] {dag.py:3823} INFO - Setting next_dagrun for tutorial_dag to None, run_after=None
[2026-06-18T17:12:06.447+0000] {processor.py:183} INFO - Processing /home/airflow/.local/lib/python3.8/site-packages/airflow/example_dags/tutorial_dag.py took 0.349 seconds
[2026-06-18T17:12:36.815+0000] {processor.py:161} INFO - Started process (PID=2974) to work on /home/airflow/.local/lib/python3.8/site-packages/airflow/example_dags/tutorial_dag.py
[2026-06-18T17:12:36.817+0000] {processor.py:830} INFO - Processing file /home/airflow/.local/lib/python3.8/site-packages/airflow/example_dags/tutorial_dag.py for tasks to queue
[2026-06-18T17:12:36.820+0000] {logging_mixin.py:188} INFO - [2026-06-18T17:12:36.819+0000] {dagbag.py:538} INFO - Filling up the DagBag from /home/airflow/.local/lib/python3.8/site-packages/airflow/example_dags/tutorial_dag.py
[2026-06-18T17:12:36.829+0000] {processor.py:840} INFO - DAG(s) 'tutorial_dag' retrieved from /home/airflow/.local/lib/python3.8/site-packages/airflow/example_dags/tutorial_dag.py
[2026-06-18T17:12:36.874+0000] {logging_mixin.py:188} INFO - [2026-06-18T17:12:36.874+0000] {dag.py:3036} INFO - Sync 1 DAGs
[2026-06-18T17:12:36.900+0000] {logging_mixin.py:188} INFO - [2026-06-18T17:12:36.900+0000] {dag.py:3823} INFO - Setting next_dagrun for tutorial_dag to None, run_after=None
[2026-06-18T17:12:36.943+0000] {processor.py:183} INFO - Processing /home/airflow/.local/lib/python3.8/site-packages/airflow/example_dags/tutorial_dag.py took 0.133 seconds
[2026-06-18T17:13:07.589+0000] {processor.py:161} INFO - Started process (PID=3039) to work on /home/airflow/.local/lib/python3.8/site-packages/airflow/example_dags/tutorial_dag.py
[2026-06-18T17:13:07.598+0000] {processor.py:830} INFO - Processing file /home/airflow/.local/lib/python3.8/site-packages/airflow/example_dags/tutorial_dag.py for tasks to queue
[2026-06-18T17:13:07.605+0000] {logging_mixin.py:188} INFO - [2026-06-18T17:13:07.604+0000] {dagbag.py:538} INFO - Filling up the DagBag from /home/airflow/.local/lib/python3.8/site-packages/airflow/example_dags/tutorial_dag.py
[2026-06-18T17:13:07.644+0000] {processor.py:840} INFO - DAG(s) 'tutorial_dag' retrieved from /home/airflow/.local/lib/python3.8/site-packages/airflow/example_dags/tutorial_dag.py
[2026-06-18T17:13:07.728+0000] {logging_mixin.py:188} INFO - [2026-06-18T17:13:07.727+0000] {dag.py:3036} INFO - Sync 1 DAGs
[2026-06-18T17:13:07.774+0000] {logging_mixin.py:188} INFO - [2026-06-18T17:13:07.774+0000] {dag.py:3823} INFO - Setting next_dagrun for tutorial_dag to None, run_after=None
[2026-06-18T17:13:07.860+0000] {processor.py:183} INFO - Processing /home/airflow/.local/lib/python3.8/site-packages/airflow/example_dags/tutorial_dag.py took 0.277 seconds
[2026-06-18T17:13:38.399+0000] {processor.py:161} INFO - Started process (PID=3104) to work on /home/airflow/.local/lib/python3.8/site-packages/airflow/example_dags/tutorial_dag.py
[2026-06-18T17:13:38.401+0000] {processor.py:830} INFO - Processing file /home/airflow/.local/lib/python3.8/site-packages/airflow/example_dags/tutorial_dag.py for tasks to queue
[2026-06-18T17:13:38.404+0000] {logging_mixin.py:188} INFO - [2026-06-18T17:13:38.403+0000] {dagbag.py:538} INFO - Filling up the DagBag from /home/airflow/.local/lib/python3.8/site-packages/airflow/example_dags/tutorial_dag.py
[2026-06-18T17:13:38.415+0000] {processor.py:840} INFO - DAG(s) 'tutorial_dag' retrieved from /home/airflow/.local/lib/python3.8/site-packages/airflow/example_dags/tutorial_dag.py
[2026-06-18T17:13:38.454+0000] {logging_mixin.py:188} INFO - [2026-06-18T17:13:38.453+0000] {dag.py:3036} INFO - Sync 1 DAGs
[2026-06-18T17:13:38.488+0000] {logging_mixin.py:188} INFO - [2026-06-18T17:13:38.488+0000] {dag.py:3823} INFO - Setting next_dagrun for tutorial_dag to None, run_after=None
[2026-06-18T17:13:38.528+0000] {processor.py:183} INFO - Processing /home/airflow/.local/lib/python3.8/site-packages/airflow/example_dags/tutorial_dag.py took 0.133 seconds
[2026-06-18T17:14:09.175+0000] {processor.py:161} INFO - Started process (PID=3169) to work on /home/airflow/.local/lib/python3.8/site-packages/airflow/example_dags/tutorial_dag.py
[2026-06-18T17:14:09.177+0000] {processor.py:830} INFO - Processing file /home/airflow/.local/lib/python3.8/site-packages/airflow/example_dags/tutorial_dag.py for tasks to queue
[2026-06-18T17:14:09.180+0000] {logging_mixin.py:188} INFO - [2026-06-18T17:14:09.179+0000] {dagbag.py:538} INFO - Filling up the DagBag from /home/airflow/.local/lib/python3.8/site-packages/airflow/example_dags/tutorial_dag.py
[2026-06-18T17:14:09.189+0000] {processor.py:840} INFO - DAG(s) 'tutorial_dag' retrieved from /home/airflow/.local/lib/python3.8/site-packages/airflow/example_dags/tutorial_dag.py
[2026-06-18T17:14:09.430+0000] {logging_mixin.py:188} INFO - [2026-06-18T17:14:09.430+0000] {dag.py:3036} INFO - Sync 1 DAGs
[2026-06-18T17:14:09.449+0000] {logging_mixin.py:188} INFO - [2026-06-18T17:14:09.448+0000] {dag.py:3823} INFO - Setting next_dagrun for tutorial_dag to None, run_after=None
[2026-06-18T17:14:09.481+0000] {processor.py:183} INFO - Processing /home/airflow/.local/lib/python3.8/site-packages/airflow/example_dags/tutorial_dag.py took 0.312 seconds
[2026-06-18T17:14:39.650+0000] {processor.py:161} INFO - Started process (PID=3235) to work on /home/airflow/.local/lib/python3.8/site-packages/airflow/example_dags/tutorial_dag.py
[2026-06-18T17:14:39.652+0000] {processor.py:830} INFO - Processing file /home/airflow/.local/lib/python3.8/site-packages/airflow/example_dags/tutorial_dag.py for tasks to queue
[2026-06-18T17:14:39.655+0000] {logging_mixin.py:188} INFO - [2026-06-18T17:14:39.654+0000] {dagbag.py:538} INFO - Filling up the DagBag from /home/airflow/.local/lib/python3.8/site-packages/airflow/example_dags/tutorial_dag.py
[2026-06-18T17:14:39.664+0000] {processor.py:840} INFO - DAG(s) 'tutorial_dag' retrieved from /home/airflow/.local/lib/python3.8/site-packages/airflow/example_dags/tutorial_dag.py
[2026-06-18T17:14:39.706+0000] {logging_mixin.py:188} INFO - [2026-06-18T17:14:39.705+0000] {dag.py:3036} INFO - Sync 1 DAGs
[2026-06-18T17:14:39.728+0000] {logging_mixin.py:188} INFO - [2026-06-18T17:14:39.728+0000] {dag.py:3823} INFO - Setting next_dagrun for tutorial_dag to None, run_after=None
[2026-06-18T17:14:39.763+0000] {processor.py:183} INFO - Processing /home/airflow/.local/lib/python3.8/site-packages/airflow/example_dags/tutorial_dag.py took 0.121 seconds
[2026-06-18T17:15:10.079+0000] {processor.py:161} INFO - Started process (PID=3302) to work on /home/airflow/.local/lib/python3.8/site-packages/airflow/example_dags/tutorial_dag.py
[2026-06-18T17:15:10.082+0000] {processor.py:830} INFO - Processing file /home/airflow/.local/lib/python3.8/site-packages/airflow/example_dags/tutorial_dag.py for tasks to queue
[2026-06-18T17:15:10.085+0000] {logging_mixin.py:188} INFO - [2026-06-18T17:15:10.084+0000] {dagbag.py:538} INFO - Filling up the DagBag from /home/airflow/.local/lib/python3.8/site-packages/airflow/example_dags/tutorial_dag.py
[2026-06-18T17:15:10.096+0000] {processor.py:840} INFO - DAG(s) 'tutorial_dag' retrieved from /home/airflow/.local/lib/python3.8/site-packages/airflow/example_dags/tutorial_dag.py
[2026-06-18T17:15:10.137+0000] {logging_mixin.py:188} INFO - [2026-06-18T17:15:10.137+0000] {dag.py:3036} INFO - Sync 1 DAGs
[2026-06-18T17:15:10.158+0000] {logging_mixin.py:188} INFO - [2026-06-18T17:15:10.157+0000] {dag.py:3823} INFO - Setting next_dagrun for tutorial_dag to None, run_after=None
[2026-06-18T17:15:10.190+0000] {processor.py:183} INFO - Processing /home/airflow/.local/lib/python3.8/site-packages/airflow/example_dags/tutorial_dag.py took 0.117 seconds
[2026-06-18T17:15:40.342+0000] {processor.py:161} INFO - Started process (PID=3367) to work on /home/airflow/.local/lib/python3.8/site-packages/airflow/example_dags/tutorial_dag.py
[2026-06-18T17:15:40.343+0000] {processor.py:830} INFO - Processing file /home/airflow/.local/lib/python3.8/site-packages/airflow/example_dags/tutorial_dag.py for tasks to queue
[2026-06-18T17:15:40.346+0000] {logging_mixin.py:188} INFO - [2026-06-18T17:15:40.345+0000] {dagbag.py:538} INFO - Filling up the DagBag from /home/airflow/.local/lib/python3.8/site-packages/airflow/example_dags/tutorial_dag.py
[2026-06-18T17:15:40.354+0000] {processor.py:840} INFO - DAG(s) 'tutorial_dag' retrieved from /home/airflow/.local/lib/python3.8/site-packages/airflow/example_dags/tutorial_dag.py
[2026-06-18T17:15:40.394+0000] {logging_mixin.py:188} INFO - [2026-06-18T17:15:40.393+0000] {dag.py:3036} INFO - Sync 1 DAGs
[2026-06-18T17:15:40.414+0000] {logging_mixin.py:188} INFO - [2026-06-18T17:15:40.414+0000] {dag.py:3823} INFO - Setting next_dagrun for tutorial_dag to None, run_after=None
[2026-06-18T17:15:40.456+0000] {processor.py:183} INFO - Processing /home/airflow/.local/lib/python3.8/site-packages/airflow/example_dags/tutorial_dag.py took 0.119 seconds
[2026-06-18T17:16:10.862+0000] {processor.py:161} INFO - Started process (PID=3433) to work on /home/airflow/.local/lib/python3.8/site-packages/airflow/example_dags/tutorial_dag.py
[2026-06-18T17:16:10.866+0000] {processor.py:830} INFO - Processing file /home/airflow/.local/lib/python3.8/site-packages/airflow/example_dags/tutorial_dag.py for tasks to queue
[2026-06-18T17:16:10.870+0000] {logging_mixin.py:188} INFO - [2026-06-18T17:16:10.869+0000] {dagbag.py:538} INFO - Filling up the DagBag from /home/airflow/.local/lib/python3.8/site-packages/airflow/example_dags/tutorial_dag.py
[2026-06-18T17:16:10.881+0000] {processor.py:840} INFO - DAG(s) 'tutorial_dag' retrieved from /home/airflow/.local/lib/python3.8/site-packages/airflow/example_dags/tutorial_dag.py
[2026-06-18T17:16:10.941+0000] {logging_mixin.py:188} INFO - [2026-06-18T17:16:10.941+0000] {dag.py:3036} INFO - Sync 1 DAGs
[2026-06-18T17:16:10.967+0000] {logging_mixin.py:188} INFO - [2026-06-18T17:16:10.967+0000] {dag.py:3823} INFO - Setting next_dagrun for tutorial_dag to None, run_after=None
[2026-06-18T17:16:11.017+0000] {processor.py:183} INFO - Processing /home/airflow/.local/lib/python3.8/site-packages/airflow/example_dags/tutorial_dag.py took 0.161 seconds
[2026-06-18T17:16:41.110+0000] {processor.py:161} INFO - Started process (PID=3498) to work on /home/airflow/.local/lib/python3.8/site-packages/airflow/example_dags/tutorial_dag.py
[2026-06-18T17:16:41.112+0000] {processor.py:830} INFO - Processing file /home/airflow/.local/lib/python3.8/site-packages/airflow/example_dags/tutorial_dag.py for tasks to queue
[2026-06-18T17:16:41.115+0000] {logging_mixin.py:188} INFO - [2026-06-18T17:16:41.114+0000] {dagbag.py:538} INFO - Filling up the DagBag from /home/airflow/.local/lib/python3.8/site-packages/airflow/example_dags/tutorial_dag.py
[2026-06-18T17:16:41.124+0000] {processor.py:840} INFO - DAG(s) 'tutorial_dag' retrieved from /home/airflow/.local/lib/python3.8/site-packages/airflow/example_dags/tutorial_dag.py
[2026-06-18T17:16:41.168+0000] {logging_mixin.py:188} INFO - [2026-06-18T17:16:41.168+0000] {dag.py:3036} INFO - Sync 1 DAGs
[2026-06-18T17:16:41.189+0000] {logging_mixin.py:188} INFO - [2026-06-18T17:16:41.188+0000] {dag.py:3823} INFO - Setting next_dagrun for tutorial_dag to None, run_after=None
[2026-06-18T17:16:41.223+0000] {processor.py:183} INFO - Processing /home/airflow/.local/lib/python3.8/site-packages/airflow/example_dags/tutorial_dag.py took 0.118 seconds
[2026-06-18T17:17:11.495+0000] {processor.py:161} INFO - Started process (PID=3565) to work on /home/airflow/.local/lib/python3.8/site-packages/airflow/example_dags/tutorial_dag.py
[2026-06-18T17:17:11.497+0000] {processor.py:830} INFO - Processing file /home/airflow/.local/lib/python3.8/site-packages/airflow/example_dags/tutorial_dag.py for tasks to queue
[2026-06-18T17:17:11.499+0000] {logging_mixin.py:188} INFO - [2026-06-18T17:17:11.499+0000] {dagbag.py:538} INFO - Filling up the DagBag from /home/airflow/.local/lib/python3.8/site-packages/airflow/example_dags/tutorial_dag.py
[2026-06-18T17:17:11.508+0000] {processor.py:840} INFO - DAG(s) 'tutorial_dag' retrieved from /home/airflow/.local/lib/python3.8/site-packages/airflow/example_dags/tutorial_dag.py
[2026-06-18T17:17:11.546+0000] {logging_mixin.py:188} INFO - [2026-06-18T17:17:11.545+0000] {dag.py:3036} INFO - Sync 1 DAGs
[2026-06-18T17:17:11.567+0000] {logging_mixin.py:188} INFO - [2026-06-18T17:17:11.567+0000] {dag.py:3823} INFO - Setting next_dagrun for tutorial_dag to None, run_after=None
[2026-06-18T17:17:11.599+0000] {processor.py:183} INFO - Processing /home/airflow/.local/lib/python3.8/site-packages/airflow/example_dags/tutorial_dag.py took 0.109 seconds
[2026-06-18T17:17:41.891+0000] {processor.py:161} INFO - Started process (PID=3631) to work on /home/airflow/.local/lib/python3.8/site-packages/airflow/example_dags/tutorial_dag.py
[2026-06-18T17:17:41.893+0000] {processor.py:830} INFO - Processing file /home/airflow/.local/lib/python3.8/site-packages/airflow/example_dags/tutorial_dag.py for tasks to queue
[2026-06-18T17:17:41.896+0000] {logging_mixin.py:188} INFO - [2026-06-18T17:17:41.896+0000] {dagbag.py:538} INFO - Filling up the DagBag from /home/airflow/.local/lib/python3.8/site-packages/airflow/example_dags/tutorial_dag.py
[2026-06-18T17:17:41.905+0000] {processor.py:840} INFO - DAG(s) 'tutorial_dag' retrieved from /home/airflow/.local/lib/python3.8/site-packages/airflow/example_dags/tutorial_dag.py
[2026-06-18T17:17:41.945+0000] {logging_mixin.py:188} INFO - [2026-06-18T17:17:41.945+0000] {dag.py:3036} INFO - Sync 1 DAGs
[2026-06-18T17:17:41.974+0000] {logging_mixin.py:188} INFO - [2026-06-18T17:17:41.973+0000] {dag.py:3823} INFO - Setting next_dagrun for tutorial_dag to None, run_after=None
[2026-06-18T17:17:42.006+0000] {processor.py:183} INFO - Processing /home/airflow/.local/lib/python3.8/site-packages/airflow/example_dags/tutorial_dag.py took 0.120 seconds
[2026-06-18T17:18:12.659+0000] {processor.py:161} INFO - Started process (PID=3697) to work on /home/airflow/.local/lib/python3.8/site-packages/airflow/example_dags/tutorial_dag.py
[2026-06-18T17:18:12.661+0000] {processor.py:830} INFO - Processing file /home/airflow/.local/lib/python3.8/site-packages/airflow/example_dags/tutorial_dag.py for tasks to queue
[2026-06-18T17:18:12.664+0000] {logging_mixin.py:188} INFO - [2026-06-18T17:18:12.664+0000] {dagbag.py:538} INFO - Filling up the DagBag from /home/airflow/.local/lib/python3.8/site-packages/airflow/example_dags/tutorial_dag.py
[2026-06-18T17:18:12.673+0000] {processor.py:840} INFO - DAG(s) 'tutorial_dag' retrieved from /home/airflow/.local/lib/python3.8/site-packages/airflow/example_dags/tutorial_dag.py
[2026-06-18T17:18:12.711+0000] {logging_mixin.py:188} INFO - [2026-06-18T17:18:12.710+0000] {dag.py:3036} INFO - Sync 1 DAGs
[2026-06-18T17:18:12.737+0000] {logging_mixin.py:188} INFO - [2026-06-18T17:18:12.737+0000] {dag.py:3823} INFO - Setting next_dagrun for tutorial_dag to None, run_after=None
[2026-06-18T17:18:12.781+0000] {processor.py:183} INFO - Processing /home/airflow/.local/lib/python3.8/site-packages/airflow/example_dags/tutorial_dag.py took 0.126 seconds
[2026-06-18T17:18:43.241+0000] {processor.py:161} INFO - Started process (PID=3772) to work on /home/airflow/.local/lib/python3.8/site-packages/airflow/example_dags/tutorial_dag.py
[2026-06-18T17:18:43.243+0000] {processor.py:830} INFO - Processing file /home/airflow/.local/lib/python3.8/site-packages/airflow/example_dags/tutorial_dag.py for tasks to queue
[2026-06-18T17:18:43.246+0000] {logging_mixin.py:188} INFO - [2026-06-18T17:18:43.245+0000] {dagbag.py:538} INFO - Filling up the DagBag from /home/airflow/.local/lib/python3.8/site-packages/airflow/example_dags/tutorial_dag.py
[2026-06-18T17:18:43.254+0000] {processor.py:840} INFO - DAG(s) 'tutorial_dag' retrieved from /home/airflow/.local/lib/python3.8/site-packages/airflow/example_dags/tutorial_dag.py
[2026-06-18T17:18:43.292+0000] {logging_mixin.py:188} INFO - [2026-06-18T17:18:43.292+0000] {dag.py:3036} INFO - Sync 1 DAGs
[2026-06-18T17:18:43.317+0000] {logging_mixin.py:188} INFO - [2026-06-18T17:18:43.317+0000] {dag.py:3823} INFO - Setting next_dagrun for tutorial_dag to None, run_after=None
[2026-06-18T17:18:43.349+0000] {processor.py:183} INFO - Processing /home/airflow/.local/lib/python3.8/site-packages/airflow/example_dags/tutorial_dag.py took 0.113 seconds
[2026-06-18T17:19:13.541+0000] {processor.py:161} INFO - Started process (PID=3838) to work on /home/airflow/.local/lib/python3.8/site-packages/airflow/example_dags/tutorial_dag.py
[2026-06-18T17:19:13.542+0000] {processor.py:830} INFO - Processing file /home/airflow/.local/lib/python3.8/site-packages/airflow/example_dags/tutorial_dag.py for tasks to queue
[2026-06-18T17:19:13.545+0000] {logging_mixin.py:188} INFO - [2026-06-18T17:19:13.544+0000] {dagbag.py:538} INFO - Filling up the DagBag from /home/airflow/.local/lib/python3.8/site-packages/airflow/example_dags/tutorial_dag.py
[2026-06-18T17:19:13.554+0000] {processor.py:840} INFO - DAG(s) 'tutorial_dag' retrieved from /home/airflow/.local/lib/python3.8/site-packages/airflow/example_dags/tutorial_dag.py
[2026-06-18T17:19:13.595+0000] {logging_mixin.py:188} INFO - [2026-06-18T17:19:13.595+0000] {dag.py:3036} INFO - Sync 1 DAGs
[2026-06-18T17:19:13.615+0000] {logging_mixin.py:188} INFO - [2026-06-18T17:19:13.615+0000] {dag.py:3823} INFO - Setting next_dagrun for tutorial_dag to None, run_after=None
[2026-06-18T17:19:13.646+0000] {processor.py:183} INFO - Processing /home/airflow/.local/lib/python3.8/site-packages/airflow/example_dags/tutorial_dag.py took 0.110 seconds
[2026-06-18T17:19:43.874+0000] {processor.py:161} INFO - Started process (PID=3907) to work on /home/airflow/.local/lib/python3.8/site-packages/airflow/example_dags/tutorial_dag.py
[2026-06-18T17:19:43.876+0000] {processor.py:830} INFO - Processing file /home/airflow/.local/lib/python3.8/site-packages/airflow/example_dags/tutorial_dag.py for tasks to queue
[2026-06-18T17:19:43.879+0000] {logging_mixin.py:188} INFO - [2026-06-18T17:19:43.878+0000] {dagbag.py:538} INFO - Filling up the DagBag from /home/airflow/.local/lib/python3.8/site-packages/airflow/example_dags/tutorial_dag.py
[2026-06-18T17:19:43.887+0000] {processor.py:840} INFO - DAG(s) 'tutorial_dag' retrieved from /home/airflow/.local/lib/python3.8/site-packages/airflow/example_dags/tutorial_dag.py
[2026-06-18T17:19:43.925+0000] {logging_mixin.py:188} INFO - [2026-06-18T17:19:43.924+0000] {dag.py:3036} INFO - Sync 1 DAGs
[2026-06-18T17:19:43.947+0000] {logging_mixin.py:188} INFO - [2026-06-18T17:19:43.946+0000] {dag.py:3823} INFO - Setting next_dagrun for tutorial_dag to None, run_after=None
[2026-06-18T17:19:43.981+0000] {processor.py:183} INFO - Processing /home/airflow/.local/lib/python3.8/site-packages/airflow/example_dags/tutorial_dag.py took 0.113 seconds
[2026-06-18T17:20:14.293+0000] {processor.py:161} INFO - Started process (PID=3973) to work on /home/airflow/.local/lib/python3.8/site-packages/airflow/example_dags/tutorial_dag.py
[2026-06-18T17:20:14.297+0000] {processor.py:830} INFO - Processing file /home/airflow/.local/lib/python3.8/site-packages/airflow/example_dags/tutorial_dag.py for tasks to queue
[2026-06-18T17:20:14.300+0000] {logging_mixin.py:188} INFO - [2026-06-18T17:20:14.300+0000] {dagbag.py:538} INFO - Filling up the DagBag from /home/airflow/.local/lib/python3.8/site-packages/airflow/example_dags/tutorial_dag.py
[2026-06-18T17:20:14.322+0000] {processor.py:840} INFO - DAG(s) 'tutorial_dag' retrieved from /home/airflow/.local/lib/python3.8/site-packages/airflow/example_dags/tutorial_dag.py
[2026-06-18T17:20:14.364+0000] {logging_mixin.py:188} INFO - [2026-06-18T17:20:14.363+0000] {dag.py:3036} INFO - Sync 1 DAGs
[2026-06-18T17:20:14.391+0000] {logging_mixin.py:188} INFO - [2026-06-18T17:20:14.390+0000] {dag.py:3823} INFO - Setting next_dagrun for tutorial_dag to None, run_after=None
[2026-06-18T17:20:14.428+0000] {processor.py:183} INFO - Processing /home/airflow/.local/lib/python3.8/site-packages/airflow/example_dags/tutorial_dag.py took 0.141 seconds
[2026-06-18T17:20:44.744+0000] {processor.py:161} INFO - Started process (PID=4040) to work on /home/airflow/.local/lib/python3.8/site-packages/airflow/example_dags/tutorial_dag.py
[2026-06-18T17:20:44.745+0000] {processor.py:830} INFO - Processing file /home/airflow/.local/lib/python3.8/site-packages/airflow/example_dags/tutorial_dag.py for tasks to queue
[2026-06-18T17:20:44.748+0000] {logging_mixin.py:188} INFO - [2026-06-18T17:20:44.748+0000] {dagbag.py:538} INFO - Filling up the DagBag from /home/airflow/.local/lib/python3.8/site-packages/airflow/example_dags/tutorial_dag.py
[2026-06-18T17:20:44.757+0000] {processor.py:840} INFO - DAG(s) 'tutorial_dag' retrieved from /home/airflow/.local/lib/python3.8/site-packages/airflow/example_dags/tutorial_dag.py
[2026-06-18T17:20:44.796+0000] {logging_mixin.py:188} INFO - [2026-06-18T17:20:44.796+0000] {dag.py:3036} INFO - Sync 1 DAGs
[2026-06-18T17:20:44.815+0000] {logging_mixin.py:188} INFO - [2026-06-18T17:20:44.815+0000] {dag.py:3823} INFO - Setting next_dagrun for tutorial_dag to None, run_after=None
[2026-06-18T17:20:44.847+0000] {processor.py:183} INFO - Processing /home/airflow/.local/lib/python3.8/site-packages/airflow/example_dags/tutorial_dag.py took 0.107 seconds
[2026-06-18T17:21:15.383+0000] {processor.py:161} INFO - Started process (PID=4106) to work on /home/airflow/.local/lib/python3.8/site-packages/airflow/example_dags/tutorial_dag.py
[2026-06-18T17:21:15.385+0000] {processor.py:830} INFO - Processing file /home/airflow/.local/lib/python3.8/site-packages/airflow/example_dags/tutorial_dag.py for tasks to queue
[2026-06-18T17:21:15.388+0000] {logging_mixin.py:188} INFO - [2026-06-18T17:21:15.388+0000] {dagbag.py:538} INFO - Filling up the DagBag from /home/airflow/.local/lib/python3.8/site-packages/airflow/example_dags/tutorial_dag.py
[2026-06-18T17:21:15.398+0000] {processor.py:840} INFO - DAG(s) 'tutorial_dag' retrieved from /home/airflow/.local/lib/python3.8/site-packages/airflow/example_dags/tutorial_dag.py
[2026-06-18T17:21:15.436+0000] {logging_mixin.py:188} INFO - [2026-06-18T17:21:15.435+0000] {dag.py:3036} INFO - Sync 1 DAGs
[2026-06-18T17:21:15.463+0000] {logging_mixin.py:188} INFO - [2026-06-18T17:21:15.462+0000] {dag.py:3823} INFO - Setting next_dagrun for tutorial_dag to None, run_after=None
[2026-06-18T17:21:15.502+0000] {processor.py:183} INFO - Processing /home/airflow/.local/lib/python3.8/site-packages/airflow/example_dags/tutorial_dag.py took 0.125 seconds
[2026-06-18T17:21:45.722+0000] {processor.py:161} INFO - Started process (PID=4172) to work on /home/airflow/.local/lib/python3.8/site-packages/airflow/example_dags/tutorial_dag.py
[2026-06-18T17:21:45.724+0000] {processor.py:830} INFO - Processing file /home/airflow/.local/lib/python3.8/site-packages/airflow/example_dags/tutorial_dag.py for tasks to queue
[2026-06-18T17:21:45.727+0000] {logging_mixin.py:188} INFO - [2026-06-18T17:21:45.726+0000] {dagbag.py:538} INFO - Filling up the DagBag from /home/airflow/.local/lib/python3.8/site-packages/airflow/example_dags/tutorial_dag.py
[2026-06-18T17:21:45.735+0000] {processor.py:840} INFO - DAG(s) 'tutorial_dag' retrieved from /home/airflow/.local/lib/python3.8/site-packages/airflow/example_dags/tutorial_dag.py
[2026-06-18T17:21:45.776+0000] {logging_mixin.py:188} INFO - [2026-06-18T17:21:45.775+0000] {dag.py:3036} INFO - Sync 1 DAGs
[2026-06-18T17:21:45.799+0000] {logging_mixin.py:188} INFO - [2026-06-18T17:21:45.799+0000] {dag.py:3823} INFO - Setting next_dagrun for tutorial_dag to None, run_after=None
[2026-06-18T17:21:45.838+0000] {processor.py:183} INFO - Processing /home/airflow/.local/lib/python3.8/site-packages/airflow/example_dags/tutorial_dag.py took 0.122 seconds
[2026-06-18T17:22:15.910+0000] {processor.py:161} INFO - Started process (PID=4237) to work on /home/airflow/.local/lib/python3.8/site-packages/airflow/example_dags/tutorial_dag.py
[2026-06-18T17:22:15.912+0000] {processor.py:830} INFO - Processing file /home/airflow/.local/lib/python3.8/site-packages/airflow/example_dags/tutorial_dag.py for tasks to queue
[2026-06-18T17:22:15.915+0000] {logging_mixin.py:188} INFO - [2026-06-18T17:22:15.914+0000] {dagbag.py:538} INFO - Filling up the DagBag from /home/airflow/.local/lib/python3.8/site-packages/airflow/example_dags/tutorial_dag.py
[2026-06-18T17:22:15.924+0000] {processor.py:840} INFO - DAG(s) 'tutorial_dag' retrieved from /home/airflow/.local/lib/python3.8/site-packages/airflow/example_dags/tutorial_dag.py
[2026-06-18T17:22:15.963+0000] {logging_mixin.py:188} INFO - [2026-06-18T17:22:15.962+0000] {dag.py:3036} INFO - Sync 1 DAGs
[2026-06-18T17:22:15.988+0000] {logging_mixin.py:188} INFO - [2026-06-18T17:22:15.987+0000] {dag.py:3823} INFO - Setting next_dagrun for tutorial_dag to None, run_after=None
[2026-06-18T17:22:16.026+0000] {processor.py:183} INFO - Processing /home/airflow/.local/lib/python3.8/site-packages/airflow/example_dags/tutorial_dag.py took 0.121 seconds
[2026-06-18T17:22:46.163+0000] {processor.py:161} INFO - Started process (PID=4303) to work on /home/airflow/.local/lib/python3.8/site-packages/airflow/example_dags/tutorial_dag.py
[2026-06-18T17:22:46.165+0000] {processor.py:830} INFO - Processing file /home/airflow/.local/lib/python3.8/site-packages/airflow/example_dags/tutorial_dag.py for tasks to queue
[2026-06-18T17:22:46.168+0000] {logging_mixin.py:188} INFO - [2026-06-18T17:22:46.167+0000] {dagbag.py:538} INFO - Filling up the DagBag from /home/airflow/.local/lib/python3.8/site-packages/airflow/example_dags/tutorial_dag.py
[2026-06-18T17:22:46.176+0000] {processor.py:840} INFO - DAG(s) 'tutorial_dag' retrieved from /home/airflow/.local/lib/python3.8/site-packages/airflow/example_dags/tutorial_dag.py
[2026-06-18T17:22:46.212+0000] {logging_mixin.py:188} INFO - [2026-06-18T17:22:46.212+0000] {dag.py:3036} INFO - Sync 1 DAGs
[2026-06-18T17:22:46.233+0000] {logging_mixin.py:188} INFO - [2026-06-18T17:22:46.233+0000] {dag.py:3823} INFO - Setting next_dagrun for tutorial_dag to None, run_after=None
[2026-06-18T17:22:46.264+0000] {processor.py:183} INFO - Processing /home/airflow/.local/lib/python3.8/site-packages/airflow/example_dags/tutorial_dag.py took 0.107 seconds
[2026-06-18T17:23:16.737+0000] {processor.py:161} INFO - Started process (PID=4370) to work on /home/airflow/.local/lib/python3.8/site-packages/airflow/example_dags/tutorial_dag.py
[2026-06-18T17:23:16.739+0000] {processor.py:830} INFO - Processing file /home/airflow/.local/lib/python3.8/site-packages/airflow/example_dags/tutorial_dag.py for tasks to queue
[2026-06-18T17:23:16.742+0000] {logging_mixin.py:188} INFO - [2026-06-18T17:23:16.742+0000] {dagbag.py:538} INFO - Filling up the DagBag from /home/airflow/.local/lib/python3.8/site-packages/airflow/example_dags/tutorial_dag.py
[2026-06-18T17:23:16.751+0000] {processor.py:840} INFO - DAG(s) 'tutorial_dag' retrieved from /home/airflow/.local/lib/python3.8/site-packages/airflow/example_dags/tutorial_dag.py
[2026-06-18T17:23:16.788+0000] {logging_mixin.py:188} INFO - [2026-06-18T17:23:16.787+0000] {dag.py:3036} INFO - Sync 1 DAGs
[2026-06-18T17:23:16.812+0000] {logging_mixin.py:188} INFO - [2026-06-18T17:23:16.811+0000] {dag.py:3823} INFO - Setting next_dagrun for tutorial_dag to None, run_after=None
[2026-06-18T17:23:16.845+0000] {processor.py:183} INFO - Processing /home/airflow/.local/lib/python3.8/site-packages/airflow/example_dags/tutorial_dag.py took 0.113 seconds
[2026-06-18T17:23:47.415+0000] {processor.py:161} INFO - Started process (PID=4435) to work on /home/airflow/.local/lib/python3.8/site-packages/airflow/example_dags/tutorial_dag.py
[2026-06-18T17:23:47.417+0000] {processor.py:830} INFO - Processing file /home/airflow/.local/lib/python3.8/site-packages/airflow/example_dags/tutorial_dag.py for tasks to queue
[2026-06-18T17:23:47.420+0000] {logging_mixin.py:188} INFO - [2026-06-18T17:23:47.420+0000] {dagbag.py:538} INFO - Filling up the DagBag from /home/airflow/.local/lib/python3.8/site-packages/airflow/example_dags/tutorial_dag.py
[2026-06-18T17:23:47.429+0000] {processor.py:840} INFO - DAG(s) 'tutorial_dag' retrieved from /home/airflow/.local/lib/python3.8/site-packages/airflow/example_dags/tutorial_dag.py
[2026-06-18T17:23:47.467+0000] {logging_mixin.py:188} INFO - [2026-06-18T17:23:47.467+0000] {dag.py:3036} INFO - Sync 1 DAGs
[2026-06-18T17:23:47.488+0000] {logging_mixin.py:188} INFO - [2026-06-18T17:23:47.488+0000] {dag.py:3823} INFO - Setting next_dagrun for tutorial_dag to None, run_after=None
[2026-06-18T17:23:47.519+0000] {processor.py:183} INFO - Processing /home/airflow/.local/lib/python3.8/site-packages/airflow/example_dags/tutorial_dag.py took 0.110 seconds
[2026-06-18T17:24:17.877+0000] {processor.py:161} INFO - Started process (PID=4500) to work on /home/airflow/.local/lib/python3.8/site-packages/airflow/example_dags/tutorial_dag.py
[2026-06-18T17:24:17.879+0000] {processor.py:830} INFO - Processing file /home/airflow/.local/lib/python3.8/site-packages/airflow/example_dags/tutorial_dag.py for tasks to queue
[2026-06-18T17:24:17.881+0000] {logging_mixin.py:188} INFO - [2026-06-18T17:24:17.881+0000] {dagbag.py:538} INFO - Filling up the DagBag from /home/airflow/.local/lib/python3.8/site-packages/airflow/example_dags/tutorial_dag.py
[2026-06-18T17:24:17.891+0000] {processor.py:840} INFO - DAG(s) 'tutorial_dag' retrieved from /home/airflow/.local/lib/python3.8/site-packages/airflow/example_dags/tutorial_dag.py
[2026-06-18T17:24:17.930+0000] {logging_mixin.py:188} INFO - [2026-06-18T17:24:17.929+0000] {dag.py:3036} INFO - Sync 1 DAGs
[2026-06-18T17:24:17.954+0000] {logging_mixin.py:188} INFO - [2026-06-18T17:24:17.953+0000] {dag.py:3823} INFO - Setting next_dagrun for tutorial_dag to None, run_after=None
[2026-06-18T17:24:17.988+0000] {processor.py:183} INFO - Processing /home/airflow/.local/lib/python3.8/site-packages/airflow/example_dags/tutorial_dag.py took 0.116 seconds
[2026-06-18T17:24:48.507+0000] {processor.py:161} INFO - Started process (PID=4573) to work on /home/airflow/.local/lib/python3.8/site-packages/airflow/example_dags/tutorial_dag.py
[2026-06-18T17:24:48.511+0000] {processor.py:830} INFO - Processing file /home/airflow/.local/lib/python3.8/site-packages/airflow/example_dags/tutorial_dag.py for tasks to queue
[2026-06-18T17:24:48.514+0000] {logging_mixin.py:188} INFO - [2026-06-18T17:24:48.514+0000] {dagbag.py:538} INFO - Filling up the DagBag from /home/airflow/.local/lib/python3.8/site-packages/airflow/example_dags/tutorial_dag.py
[2026-06-18T17:24:48.528+0000] {processor.py:840} INFO - DAG(s) 'tutorial_dag' retrieved from /home/airflow/.local/lib/python3.8/site-packages/airflow/example_dags/tutorial_dag.py
[2026-06-18T17:24:48.570+0000] {logging_mixin.py:188} INFO - [2026-06-18T17:24:48.570+0000] {dag.py:3036} INFO - Sync 1 DAGs
[2026-06-18T17:24:48.597+0000] {logging_mixin.py:188} INFO - [2026-06-18T17:24:48.597+0000] {dag.py:3823} INFO - Setting next_dagrun for tutorial_dag to None, run_after=None
[2026-06-18T17:24:48.634+0000] {processor.py:183} INFO - Processing /home/airflow/.local/lib/python3.8/site-packages/airflow/example_dags/tutorial_dag.py took 0.135 seconds
[2026-06-18T17:25:18.724+0000] {processor.py:161} INFO - Started process (PID=4641) to work on /home/airflow/.local/lib/python3.8/site-packages/airflow/example_dags/tutorial_dag.py
[2026-06-18T17:25:18.726+0000] {processor.py:830} INFO - Processing file /home/airflow/.local/lib/python3.8/site-packages/airflow/example_dags/tutorial_dag.py for tasks to queue
[2026-06-18T17:25:18.731+0000] {logging_mixin.py:188} INFO - [2026-06-18T17:25:18.730+0000] {dagbag.py:538} INFO - Filling up the DagBag from /home/airflow/.local/lib/python3.8/site-packages/airflow/example_dags/tutorial_dag.py
[2026-06-18T17:25:18.742+0000] {processor.py:840} INFO - DAG(s) 'tutorial_dag' retrieved from /home/airflow/.local/lib/python3.8/site-packages/airflow/example_dags/tutorial_dag.py
[2026-06-18T17:25:18.786+0000] {logging_mixin.py:188} INFO - [2026-06-18T17:25:18.785+0000] {dag.py:3036} INFO - Sync 1 DAGs
[2026-06-18T17:25:18.812+0000] {logging_mixin.py:188} INFO - [2026-06-18T17:25:18.811+0000] {dag.py:3823} INFO - Setting next_dagrun for tutorial_dag to None, run_after=None
[2026-06-18T17:25:18.848+0000] {processor.py:183} INFO - Processing /home/airflow/.local/lib/python3.8/site-packages/airflow/example_dags/tutorial_dag.py took 0.132 seconds
[2026-06-18T17:25:49.233+0000] {processor.py:161} INFO - Started process (PID=4707) to work on /home/airflow/.local/lib/python3.8/site-packages/airflow/example_dags/tutorial_dag.py
[2026-06-18T17:25:49.234+0000] {processor.py:830} INFO - Processing file /home/airflow/.local/lib/python3.8/site-packages/airflow/example_dags/tutorial_dag.py for tasks to queue
[2026-06-18T17:25:49.237+0000] {logging_mixin.py:188} INFO - [2026-06-18T17:25:49.236+0000] {dagbag.py:538} INFO - Filling up the DagBag from /home/airflow/.local/lib/python3.8/site-packages/airflow/example_dags/tutorial_dag.py
[2026-06-18T17:25:49.247+0000] {processor.py:840} INFO - DAG(s) 'tutorial_dag' retrieved from /home/airflow/.local/lib/python3.8/site-packages/airflow/example_dags/tutorial_dag.py
[2026-06-18T17:25:49.287+0000] {logging_mixin.py:188} INFO - [2026-06-18T17:25:49.286+0000] {dag.py:3036} INFO - Sync 1 DAGs
[2026-06-18T17:25:49.311+0000] {logging_mixin.py:188} INFO - [2026-06-18T17:25:49.311+0000] {dag.py:3823} INFO - Setting next_dagrun for tutorial_dag to None, run_after=None
[2026-06-18T17:25:49.344+0000] {processor.py:183} INFO - Processing /home/airflow/.local/lib/python3.8/site-packages/airflow/example_dags/tutorial_dag.py took 0.117 seconds
[2026-06-18T17:26:19.571+0000] {processor.py:161} INFO - Started process (PID=4774) to work on /home/airflow/.local/lib/python3.8/site-packages/airflow/example_dags/tutorial_dag.py
[2026-06-18T17:26:19.573+0000] {processor.py:830} INFO - Processing file /home/airflow/.local/lib/python3.8/site-packages/airflow/example_dags/tutorial_dag.py for tasks to queue
[2026-06-18T17:26:19.577+0000] {logging_mixin.py:188} INFO - [2026-06-18T17:26:19.576+0000] {dagbag.py:538} INFO - Filling up the DagBag from /home/airflow/.local/lib/python3.8/site-packages/airflow/example_dags/tutorial_dag.py
[2026-06-18T17:26:19.586+0000] {processor.py:840} INFO - DAG(s) 'tutorial_dag' retrieved from /home/airflow/.local/lib/python3.8/site-packages/airflow/example_dags/tutorial_dag.py
[2026-06-18T17:26:19.624+0000] {logging_mixin.py:188} INFO - [2026-06-18T17:26:19.623+0000] {dag.py:3036} INFO - Sync 1 DAGs
[2026-06-18T17:26:19.649+0000] {logging_mixin.py:188} INFO - [2026-06-18T17:26:19.649+0000] {dag.py:3823} INFO - Setting next_dagrun for tutorial_dag to None, run_after=None
[2026-06-18T17:26:19.681+0000] {processor.py:183} INFO - Processing /home/airflow/.local/lib/python3.8/site-packages/airflow/example_dags/tutorial_dag.py took 0.115 seconds
[2026-06-18T17:26:49.845+0000] {processor.py:161} INFO - Started process (PID=4840) to work on /home/airflow/.local/lib/python3.8/site-packages/airflow/example_dags/tutorial_dag.py
[2026-06-18T17:26:49.848+0000] {processor.py:830} INFO - Processing file /home/airflow/.local/lib/python3.8/site-packages/airflow/example_dags/tutorial_dag.py for tasks to queue
[2026-06-18T17:26:49.851+0000] {logging_mixin.py:188} INFO - [2026-06-18T17:26:49.851+0000] {dagbag.py:538} INFO - Filling up the DagBag from /home/airflow/.local/lib/python3.8/site-packages/airflow/example_dags/tutorial_dag.py
[2026-06-18T17:26:49.861+0000] {processor.py:840} INFO - DAG(s) 'tutorial_dag' retrieved from /home/airflow/.local/lib/python3.8/site-packages/airflow/example_dags/tutorial_dag.py
[2026-06-18T17:26:49.898+0000] {logging_mixin.py:188} INFO - [2026-06-18T17:26:49.897+0000] {dag.py:3036} INFO - Sync 1 DAGs
[2026-06-18T17:26:49.918+0000] {logging_mixin.py:188} INFO - [2026-06-18T17:26:49.918+0000] {dag.py:3823} INFO - Setting next_dagrun for tutorial_dag to None, run_after=None
[2026-06-18T17:26:49.952+0000] {processor.py:183} INFO - Processing /home/airflow/.local/lib/python3.8/site-packages/airflow/example_dags/tutorial_dag.py took 0.112 seconds
[2026-06-18T17:27:20.697+0000] {processor.py:161} INFO - Started process (PID=4906) to work on /home/airflow/.local/lib/python3.8/site-packages/airflow/example_dags/tutorial_dag.py
[2026-06-18T17:27:20.699+0000] {processor.py:830} INFO - Processing file /home/airflow/.local/lib/python3.8/site-packages/airflow/example_dags/tutorial_dag.py for tasks to queue
[2026-06-18T17:27:20.702+0000] {logging_mixin.py:188} INFO - [2026-06-18T17:27:20.702+0000] {dagbag.py:538} INFO - Filling up the DagBag from /home/airflow/.local/lib/python3.8/site-packages/airflow/example_dags/tutorial_dag.py
[2026-06-18T17:27:20.710+0000] {processor.py:840} INFO - DAG(s) 'tutorial_dag' retrieved from /home/airflow/.local/lib/python3.8/site-packages/airflow/example_dags/tutorial_dag.py
[2026-06-18T17:27:20.749+0000] {logging_mixin.py:188} INFO - [2026-06-18T17:27:20.748+0000] {dag.py:3036} INFO - Sync 1 DAGs
[2026-06-18T17:27:20.769+0000] {logging_mixin.py:188} INFO - [2026-06-18T17:27:20.769+0000] {dag.py:3823} INFO - Setting next_dagrun for tutorial_dag to None, run_after=None
[2026-06-18T17:27:20.801+0000] {processor.py:183} INFO - Processing /home/airflow/.local/lib/python3.8/site-packages/airflow/example_dags/tutorial_dag.py took 0.108 seconds
[2026-06-18T17:27:51.033+0000] {processor.py:161} INFO - Started process (PID=4973) to work on /home/airflow/.local/lib/python3.8/site-packages/airflow/example_dags/tutorial_dag.py
[2026-06-18T17:27:51.034+0000] {processor.py:830} INFO - Processing file /home/airflow/.local/lib/python3.8/site-packages/airflow/example_dags/tutorial_dag.py for tasks to queue
[2026-06-18T17:27:51.037+0000] {logging_mixin.py:188} INFO - [2026-06-18T17:27:51.036+0000] {dagbag.py:538} INFO - Filling up the DagBag from /home/airflow/.local/lib/python3.8/site-packages/airflow/example_dags/tutorial_dag.py
[2026-06-18T17:27:51.048+0000] {processor.py:840} INFO - DAG(s) 'tutorial_dag' retrieved from /home/airflow/.local/lib/python3.8/site-packages/airflow/example_dags/tutorial_dag.py
[2026-06-18T17:27:51.088+0000] {logging_mixin.py:188} INFO - [2026-06-18T17:27:51.087+0000] {dag.py:3036} INFO - Sync 1 DAGs
[2026-06-18T17:27:51.111+0000] {logging_mixin.py:188} INFO - [2026-06-18T17:27:51.111+0000] {dag.py:3823} INFO - Setting next_dagrun for tutorial_dag to None, run_after=None
[2026-06-18T17:27:51.146+0000] {processor.py:183} INFO - Processing /home/airflow/.local/lib/python3.8/site-packages/airflow/example_dags/tutorial_dag.py took 0.119 seconds
[2026-06-18T17:28:21.317+0000] {processor.py:161} INFO - Started process (PID=5039) to work on /home/airflow/.local/lib/python3.8/site-packages/airflow/example_dags/tutorial_dag.py
[2026-06-18T17:28:21.318+0000] {processor.py:830} INFO - Processing file /home/airflow/.local/lib/python3.8/site-packages/airflow/example_dags/tutorial_dag.py for tasks to queue
[2026-06-18T17:28:21.321+0000] {logging_mixin.py:188} INFO - [2026-06-18T17:28:21.320+0000] {dagbag.py:538} INFO - Filling up the DagBag from /home/airflow/.local/lib/python3.8/site-packages/airflow/example_dags/tutorial_dag.py
[2026-06-18T17:28:21.329+0000] {processor.py:840} INFO - DAG(s) 'tutorial_dag' retrieved from /home/airflow/.local/lib/python3.8/site-packages/airflow/example_dags/tutorial_dag.py
[2026-06-18T17:28:21.369+0000] {logging_mixin.py:188} INFO - [2026-06-18T17:28:21.369+0000] {dag.py:3036} INFO - Sync 1 DAGs
[2026-06-18T17:28:21.394+0000] {logging_mixin.py:188} INFO - [2026-06-18T17:28:21.394+0000] {dag.py:3823} INFO - Setting next_dagrun for tutorial_dag to None, run_after=None
[2026-06-18T17:28:21.427+0000] {processor.py:183} INFO - Processing /home/airflow/.local/lib/python3.8/site-packages/airflow/example_dags/tutorial_dag.py took 0.115 seconds
[2026-06-18T17:28:51.850+0000] {processor.py:161} INFO - Started process (PID=5105) to work on /home/airflow/.local/lib/python3.8/site-packages/airflow/example_dags/tutorial_dag.py
[2026-06-18T17:28:51.852+0000] {processor.py:830} INFO - Processing file /home/airflow/.local/lib/python3.8/site-packages/airflow/example_dags/tutorial_dag.py for tasks to queue
[2026-06-18T17:28:51.856+0000] {logging_mixin.py:188} INFO - [2026-06-18T17:28:51.855+0000] {dagbag.py:538} INFO - Filling up the DagBag from /home/airflow/.local/lib/python3.8/site-packages/airflow/example_dags/tutorial_dag.py
[2026-06-18T17:28:51.865+0000] {processor.py:840} INFO - DAG(s) 'tutorial_dag' retrieved from /home/airflow/.local/lib/python3.8/site-packages/airflow/example_dags/tutorial_dag.py
[2026-06-18T17:28:51.909+0000] {logging_mixin.py:188} INFO - [2026-06-18T17:28:51.909+0000] {dag.py:3036} INFO - Sync 1 DAGs
[2026-06-18T17:28:51.935+0000] {logging_mixin.py:188} INFO - [2026-06-18T17:28:51.935+0000] {dag.py:3823} INFO - Setting next_dagrun for tutorial_dag to None, run_after=None
[2026-06-18T17:28:51.972+0000] {processor.py:183} INFO - Processing /home/airflow/.local/lib/python3.8/site-packages/airflow/example_dags/tutorial_dag.py took 0.126 seconds
[2026-06-18T17:29:22.171+0000] {processor.py:161} INFO - Started process (PID=5170) to work on /home/airflow/.local/lib/python3.8/site-packages/airflow/example_dags/tutorial_dag.py
[2026-06-18T17:29:22.173+0000] {processor.py:830} INFO - Processing file /home/airflow/.local/lib/python3.8/site-packages/airflow/example_dags/tutorial_dag.py for tasks to queue
[2026-06-18T17:29:22.175+0000] {logging_mixin.py:188} INFO - [2026-06-18T17:29:22.174+0000] {dagbag.py:538} INFO - Filling up the DagBag from /home/airflow/.local/lib/python3.8/site-packages/airflow/example_dags/tutorial_dag.py
[2026-06-18T17:29:22.183+0000] {processor.py:840} INFO - DAG(s) 'tutorial_dag' retrieved from /home/airflow/.local/lib/python3.8/site-packages/airflow/example_dags/tutorial_dag.py
[2026-06-18T17:29:22.217+0000] {logging_mixin.py:188} INFO - [2026-06-18T17:29:22.217+0000] {dag.py:3036} INFO - Sync 1 DAGs
[2026-06-18T17:29:22.239+0000] {logging_mixin.py:188} INFO - [2026-06-18T17:29:22.239+0000] {dag.py:3823} INFO - Setting next_dagrun for tutorial_dag to None, run_after=None
[2026-06-18T17:29:22.272+0000] {processor.py:183} INFO - Processing /home/airflow/.local/lib/python3.8/site-packages/airflow/example_dags/tutorial_dag.py took 0.106 seconds
[2026-06-18T17:29:52.859+0000] {processor.py:161} INFO - Started process (PID=5234) to work on /home/airflow/.local/lib/python3.8/site-packages/airflow/example_dags/tutorial_dag.py
[2026-06-18T17:29:52.861+0000] {processor.py:830} INFO - Processing file /home/airflow/.local/lib/python3.8/site-packages/airflow/example_dags/tutorial_dag.py for tasks to queue
[2026-06-18T17:29:52.864+0000] {logging_mixin.py:188} INFO - [2026-06-18T17:29:52.864+0000] {dagbag.py:538} INFO - Filling up the DagBag from /home/airflow/.local/lib/python3.8/site-packages/airflow/example_dags/tutorial_dag.py
[2026-06-18T17:29:52.872+0000] {processor.py:840} INFO - DAG(s) 'tutorial_dag' retrieved from /home/airflow/.local/lib/python3.8/site-packages/airflow/example_dags/tutorial_dag.py
[2026-06-18T17:29:52.908+0000] {logging_mixin.py:188} INFO - [2026-06-18T17:29:52.908+0000] {dag.py:3036} INFO - Sync 1 DAGs
[2026-06-18T17:29:52.931+0000] {logging_mixin.py:188} INFO - [2026-06-18T17:29:52.931+0000] {dag.py:3823} INFO - Setting next_dagrun for tutorial_dag to None, run_after=None
[2026-06-18T17:29:52.963+0000] {processor.py:183} INFO - Processing /home/airflow/.local/lib/python3.8/site-packages/airflow/example_dags/tutorial_dag.py took 0.109 seconds
[2026-06-18T17:30:23.356+0000] {processor.py:161} INFO - Started process (PID=5299) to work on /home/airflow/.local/lib/python3.8/site-packages/airflow/example_dags/tutorial_dag.py
[2026-06-18T17:30:23.357+0000] {processor.py:830} INFO - Processing file /home/airflow/.local/lib/python3.8/site-packages/airflow/example_dags/tutorial_dag.py for tasks to queue
[2026-06-18T17:30:23.360+0000] {logging_mixin.py:188} INFO - [2026-06-18T17:30:23.360+0000] {dagbag.py:538} INFO - Filling up the DagBag from /home/airflow/.local/lib/python3.8/site-packages/airflow/example_dags/tutorial_dag.py
[2026-06-18T17:30:23.370+0000] {processor.py:840} INFO - DAG(s) 'tutorial_dag' retrieved from /home/airflow/.local/lib/python3.8/site-packages/airflow/example_dags/tutorial_dag.py
[2026-06-18T17:30:23.407+0000] {logging_mixin.py:188} INFO - [2026-06-18T17:30:23.407+0000] {dag.py:3036} INFO - Sync 1 DAGs
[2026-06-18T17:30:23.431+0000] {logging_mixin.py:188} INFO - [2026-06-18T17:30:23.431+0000] {dag.py:3823} INFO - Setting next_dagrun for tutorial_dag to None, run_after=None
[2026-06-18T17:30:23.465+0000] {processor.py:183} INFO - Processing /home/airflow/.local/lib/python3.8/site-packages/airflow/example_dags/tutorial_dag.py took 0.114 seconds
[2026-06-18T17:30:53.896+0000] {processor.py:161} INFO - Started process (PID=5372) to work on /home/airflow/.local/lib/python3.8/site-packages/airflow/example_dags/tutorial_dag.py
[2026-06-18T17:30:53.898+0000] {processor.py:830} INFO - Processing file /home/airflow/.local/lib/python3.8/site-packages/airflow/example_dags/tutorial_dag.py for tasks to queue
[2026-06-18T17:30:53.901+0000] {logging_mixin.py:188} INFO - [2026-06-18T17:30:53.901+0000] {dagbag.py:538} INFO - Filling up the DagBag from /home/airflow/.local/lib/python3.8/site-packages/airflow/example_dags/tutorial_dag.py
[2026-06-18T17:30:53.911+0000] {processor.py:840} INFO - DAG(s) 'tutorial_dag' retrieved from /home/airflow/.local/lib/python3.8/site-packages/airflow/example_dags/tutorial_dag.py
[2026-06-18T17:30:53.949+0000] {logging_mixin.py:188} INFO - [2026-06-18T17:30:53.949+0000] {dag.py:3036} INFO - Sync 1 DAGs
[2026-06-18T17:30:53.970+0000] {logging_mixin.py:188} INFO - [2026-06-18T17:30:53.970+0000] {dag.py:3823} INFO - Setting next_dagrun for tutorial_dag to None, run_after=None
[2026-06-18T17:30:54.001+0000] {processor.py:183} INFO - Processing /home/airflow/.local/lib/python3.8/site-packages/airflow/example_dags/tutorial_dag.py took 0.109 seconds
[2026-06-18T17:31:24.527+0000] {processor.py:161} INFO - Started process (PID=5438) to work on /home/airflow/.local/lib/python3.8/site-packages/airflow/example_dags/tutorial_dag.py
[2026-06-18T17:31:24.528+0000] {processor.py:830} INFO - Processing file /home/airflow/.local/lib/python3.8/site-packages/airflow/example_dags/tutorial_dag.py for tasks to queue
[2026-06-18T17:31:24.530+0000] {logging_mixin.py:188} INFO - [2026-06-18T17:31:24.530+0000] {dagbag.py:538} INFO - Filling up the DagBag from /home/airflow/.local/lib/python3.8/site-packages/airflow/example_dags/tutorial_dag.py
[2026-06-18T17:31:24.540+0000] {processor.py:840} INFO - DAG(s) 'tutorial_dag' retrieved from /home/airflow/.local/lib/python3.8/site-packages/airflow/example_dags/tutorial_dag.py
[2026-06-18T17:31:24.582+0000] {logging_mixin.py:188} INFO - [2026-06-18T17:31:24.582+0000] {dag.py:3036} INFO - Sync 1 DAGs
[2026-06-18T17:31:24.607+0000] {logging_mixin.py:188} INFO - [2026-06-18T17:31:24.606+0000] {dag.py:3823} INFO - Setting next_dagrun for tutorial_dag to None, run_after=None
[2026-06-18T17:31:24.641+0000] {processor.py:183} INFO - Processing /home/airflow/.local/lib/python3.8/site-packages/airflow/example_dags/tutorial_dag.py took 0.120 seconds
[2026-06-18T17:31:54.804+0000] {processor.py:161} INFO - Started process (PID=5504) to work on /home/airflow/.local/lib/python3.8/site-packages/airflow/example_dags/tutorial_dag.py
[2026-06-18T17:31:54.806+0000] {processor.py:830} INFO - Processing file /home/airflow/.local/lib/python3.8/site-packages/airflow/example_dags/tutorial_dag.py for tasks to queue
[2026-06-18T17:31:54.809+0000] {logging_mixin.py:188} INFO - [2026-06-18T17:31:54.808+0000] {dagbag.py:538} INFO - Filling up the DagBag from /home/airflow/.local/lib/python3.8/site-packages/airflow/example_dags/tutorial_dag.py
[2026-06-18T17:31:54.817+0000] {processor.py:840} INFO - DAG(s) 'tutorial_dag' retrieved from /home/airflow/.local/lib/python3.8/site-packages/airflow/example_dags/tutorial_dag.py
[2026-06-18T17:31:54.853+0000] {logging_mixin.py:188} INFO - [2026-06-18T17:31:54.853+0000] {dag.py:3036} INFO - Sync 1 DAGs
[2026-06-18T17:31:54.873+0000] {logging_mixin.py:188} INFO - [2026-06-18T17:31:54.873+0000] {dag.py:3823} INFO - Setting next_dagrun for tutorial_dag to None, run_after=None
[2026-06-18T17:31:54.908+0000] {processor.py:183} INFO - Processing /home/airflow/.local/lib/python3.8/site-packages/airflow/example_dags/tutorial_dag.py took 0.109 seconds
[2026-06-18T17:32:25.275+0000] {processor.py:161} INFO - Started process (PID=5570) to work on /home/airflow/.local/lib/python3.8/site-packages/airflow/example_dags/tutorial_dag.py
[2026-06-18T17:32:25.276+0000] {processor.py:830} INFO - Processing file /home/airflow/.local/lib/python3.8/site-packages/airflow/example_dags/tutorial_dag.py for tasks to queue
[2026-06-18T17:32:25.280+0000] {logging_mixin.py:188} INFO - [2026-06-18T17:32:25.279+0000] {dagbag.py:538} INFO - Filling up the DagBag from /home/airflow/.local/lib/python3.8/site-packages/airflow/example_dags/tutorial_dag.py
[2026-06-18T17:32:25.289+0000] {processor.py:840} INFO - DAG(s) 'tutorial_dag' retrieved from /home/airflow/.local/lib/python3.8/site-packages/airflow/example_dags/tutorial_dag.py
[2026-06-18T17:32:25.331+0000] {logging_mixin.py:188} INFO - [2026-06-18T17:32:25.331+0000] {dag.py:3036} INFO - Sync 1 DAGs
[2026-06-18T17:32:25.358+0000] {logging_mixin.py:188} INFO - [2026-06-18T17:32:25.358+0000] {dag.py:3823} INFO - Setting next_dagrun for tutorial_dag to None, run_after=None
[2026-06-18T17:32:25.395+0000] {processor.py:183} INFO - Processing /home/airflow/.local/lib/python3.8/site-packages/airflow/example_dags/tutorial_dag.py took 0.126 seconds
[2026-06-18T17:32:55.459+0000] {processor.py:161} INFO - Started process (PID=5636) to work on /home/airflow/.local/lib/python3.8/site-packages/airflow/example_dags/tutorial_dag.py
[2026-06-18T17:32:55.461+0000] {processor.py:830} INFO - Processing file /home/airflow/.local/lib/python3.8/site-packages/airflow/example_dags/tutorial_dag.py for tasks to queue
[2026-06-18T17:32:55.464+0000] {logging_mixin.py:188} INFO - [2026-06-18T17:32:55.463+0000] {dagbag.py:538} INFO - Filling up the DagBag from /home/airflow/.local/lib/python3.8/site-packages/airflow/example_dags/tutorial_dag.py
[2026-06-18T17:32:55.473+0000] {processor.py:840} INFO - DAG(s) 'tutorial_dag' retrieved from /home/airflow/.local/lib/python3.8/site-packages/airflow/example_dags/tutorial_dag.py
[2026-06-18T17:32:55.525+0000] {logging_mixin.py:188} INFO - [2026-06-18T17:32:55.524+0000] {dag.py:3036} INFO - Sync 1 DAGs
[2026-06-18T17:32:55.553+0000] {logging_mixin.py:188} INFO - [2026-06-18T17:32:55.552+0000] {dag.py:3823} INFO - Setting next_dagrun for tutorial_dag to None, run_after=None
[2026-06-18T17:32:55.594+0000] {processor.py:183} INFO - Processing /home/airflow/.local/lib/python3.8/site-packages/airflow/example_dags/tutorial_dag.py took 0.142 seconds
[2026-06-18T17:33:26.480+0000] {processor.py:161} INFO - Started process (PID=5702) to work on /home/airflow/.local/lib/python3.8/site-packages/airflow/example_dags/tutorial_dag.py
[2026-06-18T17:33:26.482+0000] {processor.py:830} INFO - Processing file /home/airflow/.local/lib/python3.8/site-packages/airflow/example_dags/tutorial_dag.py for tasks to queue
[2026-06-18T17:33:26.485+0000] {logging_mixin.py:188} INFO - [2026-06-18T17:33:26.485+0000] {dagbag.py:538} INFO - Filling up the DagBag from /home/airflow/.local/lib/python3.8/site-packages/airflow/example_dags/tutorial_dag.py
[2026-06-18T17:33:26.495+0000] {processor.py:840} INFO - DAG(s) 'tutorial_dag' retrieved from /home/airflow/.local/lib/python3.8/site-packages/airflow/example_dags/tutorial_dag.py
[2026-06-18T17:33:26.530+0000] {logging_mixin.py:188} INFO - [2026-06-18T17:33:26.530+0000] {dag.py:3036} INFO - Sync 1 DAGs
[2026-06-18T17:33:26.554+0000] {logging_mixin.py:188} INFO - [2026-06-18T17:33:26.554+0000] {dag.py:3823} INFO - Setting next_dagrun for tutorial_dag to None, run_after=None
[2026-06-18T17:33:26.586+0000] {processor.py:183} INFO - Processing /home/airflow/.local/lib/python3.8/site-packages/airflow/example_dags/tutorial_dag.py took 0.110 seconds
[2026-06-18T17:33:56.847+0000] {processor.py:161} INFO - Started process (PID=5768) to work on /home/airflow/.local/lib/python3.8/site-packages/airflow/example_dags/tutorial_dag.py
[2026-06-18T17:33:56.848+0000] {processor.py:830} INFO - Processing file /home/airflow/.local/lib/python3.8/site-packages/airflow/example_dags/tutorial_dag.py for tasks to queue
[2026-06-18T17:33:56.851+0000] {logging_mixin.py:188} INFO - [2026-06-18T17:33:56.850+0000] {dagbag.py:538} INFO - Filling up the DagBag from /home/airflow/.local/lib/python3.8/site-packages/airflow/example_dags/tutorial_dag.py
[2026-06-18T17:33:56.859+0000] {processor.py:840} INFO - DAG(s) 'tutorial_dag' retrieved from /home/airflow/.local/lib/python3.8/site-packages/airflow/example_dags/tutorial_dag.py
[2026-06-18T17:33:56.900+0000] {logging_mixin.py:188} INFO - [2026-06-18T17:33:56.899+0000] {dag.py:3036} INFO - Sync 1 DAGs
[2026-06-18T17:33:56.920+0000] {logging_mixin.py:188} INFO - [2026-06-18T17:33:56.920+0000] {dag.py:3823} INFO - Setting next_dagrun for tutorial_dag to None, run_after=None
[2026-06-18T17:33:56.951+0000] {processor.py:183} INFO - Processing /home/airflow/.local/lib/python3.8/site-packages/airflow/example_dags/tutorial_dag.py took 0.110 seconds
[2026-06-18T17:34:27.543+0000] {processor.py:161} INFO - Started process (PID=5833) to work on /home/airflow/.local/lib/python3.8/site-packages/airflow/example_dags/tutorial_dag.py
[2026-06-18T17:34:27.546+0000] {processor.py:830} INFO - Processing file /home/airflow/.local/lib/python3.8/site-packages/airflow/example_dags/tutorial_dag.py for tasks to queue
[2026-06-18T17:34:27.549+0000] {logging_mixin.py:188} INFO - [2026-06-18T17:34:27.548+0000] {dagbag.py:538} INFO - Filling up the DagBag from /home/airflow/.local/lib/python3.8/site-packages/airflow/example_dags/tutorial_dag.py
[2026-06-18T17:34:27.557+0000] {processor.py:840} INFO - DAG(s) 'tutorial_dag' retrieved from /home/airflow/.local/lib/python3.8/site-packages/airflow/example_dags/tutorial_dag.py
[2026-06-18T17:34:27.594+0000] {logging_mixin.py:188} INFO - [2026-06-18T17:34:27.593+0000] {dag.py:3036} INFO - Sync 1 DAGs
[2026-06-18T17:34:27.615+0000] {logging_mixin.py:188} INFO - [2026-06-18T17:34:27.615+0000] {dag.py:3823} INFO - Setting next_dagrun for tutorial_dag to None, run_after=None
[2026-06-18T17:34:27.649+0000] {processor.py:183} INFO - Processing /home/airflow/.local/lib/python3.8/site-packages/airflow/example_dags/tutorial_dag.py took 0.111 seconds
[2026-06-18T17:34:57.981+0000] {processor.py:161} INFO - Started process (PID=5899) to work on /home/airflow/.local/lib/python3.8/site-packages/airflow/example_dags/tutorial_dag.py
[2026-06-18T17:34:57.983+0000] {processor.py:830} INFO - Processing file /home/airflow/.local/lib/python3.8/site-packages/airflow/example_dags/tutorial_dag.py for tasks to queue
[2026-06-18T17:34:57.985+0000] {logging_mixin.py:188} INFO - [2026-06-18T17:34:57.985+0000] {dagbag.py:538} INFO - Filling up the DagBag from /home/airflow/.local/lib/python3.8/site-packages/airflow/example_dags/tutorial_dag.py
[2026-06-18T17:34:57.994+0000] {processor.py:840} INFO - DAG(s) 'tutorial_dag' retrieved from /home/airflow/.local/lib/python3.8/site-packages/airflow/example_dags/tutorial_dag.py
[2026-06-18T17:34:58.035+0000] {logging_mixin.py:188} INFO - [2026-06-18T17:34:58.034+0000] {dag.py:3036} INFO - Sync 1 DAGs
[2026-06-18T17:34:58.056+0000] {logging_mixin.py:188} INFO - [2026-06-18T17:34:58.056+0000] {dag.py:3823} INFO - Setting next_dagrun for tutorial_dag to None, run_after=None
[2026-06-18T17:34:58.105+0000] {processor.py:183} INFO - Processing /home/airflow/.local/lib/python3.8/site-packages/airflow/example_dags/tutorial_dag.py took 0.129 seconds
[2026-06-18T17:35:28.412+0000] {processor.py:161} INFO - Started process (PID=5963) to work on /home/airflow/.local/lib/python3.8/site-packages/airflow/example_dags/tutorial_dag.py
[2026-06-18T17:35:28.415+0000] {processor.py:830} INFO - Processing file /home/airflow/.local/lib/python3.8/site-packages/airflow/example_dags/tutorial_dag.py for tasks to queue
[2026-06-18T17:35:28.420+0000] {logging_mixin.py:188} INFO - [2026-06-18T17:35:28.419+0000] {dagbag.py:538} INFO - Filling up the DagBag from /home/airflow/.local/lib/python3.8/site-packages/airflow/example_dags/tutorial_dag.py
[2026-06-18T17:35:28.436+0000] {processor.py:840} INFO - DAG(s) 'tutorial_dag' retrieved from /home/airflow/.local/lib/python3.8/site-packages/airflow/example_dags/tutorial_dag.py
[2026-06-18T17:35:28.479+0000] {logging_mixin.py:188} INFO - [2026-06-18T17:35:28.479+0000] {dag.py:3036} INFO - Sync 1 DAGs
[2026-06-18T17:35:28.503+0000] {logging_mixin.py:188} INFO - [2026-06-18T17:35:28.502+0000] {dag.py:3823} INFO - Setting next_dagrun for tutorial_dag to None, run_after=None
[2026-06-18T17:35:28.546+0000] {processor.py:183} INFO - Processing /home/airflow/.local/lib/python3.8/site-packages/airflow/example_dags/tutorial_dag.py took 0.140 seconds
[2026-06-18T17:35:58.780+0000] {processor.py:161} INFO - Started process (PID=6028) to work on /home/airflow/.local/lib/python3.8/site-packages/airflow/example_dags/tutorial_dag.py
[2026-06-18T17:35:58.782+0000] {processor.py:830} INFO - Processing file /home/airflow/.local/lib/python3.8/site-packages/airflow/example_dags/tutorial_dag.py for tasks to queue
[2026-06-18T17:35:58.785+0000] {logging_mixin.py:188} INFO - [2026-06-18T17:35:58.784+0000] {dagbag.py:538} INFO - Filling up the DagBag from /home/airflow/.local/lib/python3.8/site-packages/airflow/example_dags/tutorial_dag.py
[2026-06-18T17:35:58.795+0000] {processor.py:840} INFO - DAG(s) 'tutorial_dag' retrieved from /home/airflow/.local/lib/python3.8/site-packages/airflow/example_dags/tutorial_dag.py
[2026-06-18T17:35:58.831+0000] {logging_mixin.py:188} INFO - [2026-06-18T17:35:58.831+0000] {dag.py:3036} INFO - Sync 1 DAGs
[2026-06-18T17:35:58.851+0000] {logging_mixin.py:188} INFO - [2026-06-18T17:35:58.850+0000] {dag.py:3823} INFO - Setting next_dagrun for tutorial_dag to None, run_after=None
[2026-06-18T17:35:58.880+0000] {processor.py:183} INFO - Processing /home/airflow/.local/lib/python3.8/site-packages/airflow/example_dags/tutorial_dag.py took 0.104 seconds
[2026-06-18T17:36:29.038+0000] {processor.py:161} INFO - Started process (PID=6094) to work on /home/airflow/.local/lib/python3.8/site-packages/airflow/example_dags/tutorial_dag.py
[2026-06-18T17:36:29.040+0000] {processor.py:830} INFO - Processing file /home/airflow/.local/lib/python3.8/site-packages/airflow/example_dags/tutorial_dag.py for tasks to queue
[2026-06-18T17:36:29.043+0000] {logging_mixin.py:188} INFO - [2026-06-18T17:36:29.042+0000] {dagbag.py:538} INFO - Filling up the DagBag from /home/airflow/.local/lib/python3.8/site-packages/airflow/example_dags/tutorial_dag.py
[2026-06-18T17:36:29.051+0000] {processor.py:840} INFO - DAG(s) 'tutorial_dag' retrieved from /home/airflow/.local/lib/python3.8/site-packages/airflow/example_dags/tutorial_dag.py
[2026-06-18T17:36:29.092+0000] {logging_mixin.py:188} INFO - [2026-06-18T17:36:29.091+0000] {dag.py:3036} INFO - Sync 1 DAGs
[2026-06-18T17:36:29.115+0000] {logging_mixin.py:188} INFO - [2026-06-18T17:36:29.115+0000] {dag.py:3823} INFO - Setting next_dagrun for tutorial_dag to None, run_after=None
[2026-06-18T17:36:29.152+0000] {processor.py:183} INFO - Processing /home/airflow/.local/lib/python3.8/site-packages/airflow/example_dags/tutorial_dag.py took 0.120 seconds
[2026-06-18T17:36:59.401+0000] {processor.py:161} INFO - Started process (PID=6160) to work on /home/airflow/.local/lib/python3.8/site-packages/airflow/example_dags/tutorial_dag.py
[2026-06-18T17:36:59.404+0000] {processor.py:830} INFO - Processing file /home/airflow/.local/lib/python3.8/site-packages/airflow/example_dags/tutorial_dag.py for tasks to queue
[2026-06-18T17:36:59.407+0000] {logging_mixin.py:188} INFO - [2026-06-18T17:36:59.406+0000] {dagbag.py:538} INFO - Filling up the DagBag from /home/airflow/.local/lib/python3.8/site-packages/airflow/example_dags/tutorial_dag.py
[2026-06-18T17:36:59.416+0000] {processor.py:840} INFO - DAG(s) 'tutorial_dag' retrieved from /home/airflow/.local/lib/python3.8/site-packages/airflow/example_dags/tutorial_dag.py
[2026-06-18T17:36:59.452+0000] {logging_mixin.py:188} INFO - [2026-06-18T17:36:59.452+0000] {dag.py:3036} INFO - Sync 1 DAGs
[2026-06-18T17:36:59.475+0000] {logging_mixin.py:188} INFO - [2026-06-18T17:36:59.474+0000] {dag.py:3823} INFO - Setting next_dagrun for tutorial_dag to None, run_after=None
[2026-06-18T17:36:59.519+0000] {processor.py:183} INFO - Processing /home/airflow/.local/lib/python3.8/site-packages/airflow/example_dags/tutorial_dag.py took 0.124 seconds
[2026-06-18T17:37:29.735+0000] {processor.py:161} INFO - Started process (PID=6225) to work on /home/airflow/.local/lib/python3.8/site-packages/airflow/example_dags/tutorial_dag.py
[2026-06-18T17:37:29.737+0000] {processor.py:830} INFO - Processing file /home/airflow/.local/lib/python3.8/site-packages/airflow/example_dags/tutorial_dag.py for tasks to queue
[2026-06-18T17:37:29.741+0000] {logging_mixin.py:188} INFO - [2026-06-18T17:37:29.740+0000] {dagbag.py:538} INFO - Filling up the DagBag from /home/airflow/.local/lib/python3.8/site-packages/airflow/example_dags/tutorial_dag.py
[2026-06-18T17:37:29.750+0000] {processor.py:840} INFO - DAG(s) 'tutorial_dag' retrieved from /home/airflow/.local/lib/python3.8/site-packages/airflow/example_dags/tutorial_dag.py
[2026-06-18T17:37:29.788+0000] {logging_mixin.py:188} INFO - [2026-06-18T17:37:29.788+0000] {dag.py:3036} INFO - Sync 1 DAGs
[2026-06-18T17:37:29.810+0000] {logging_mixin.py:188} INFO - [2026-06-18T17:37:29.809+0000] {dag.py:3823} INFO - Setting next_dagrun for tutorial_dag to None, run_after=None
[2026-06-18T17:37:29.844+0000] {processor.py:183} INFO - Processing /home/airflow/.local/lib/python3.8/site-packages/airflow/example_dags/tutorial_dag.py took 0.115 seconds
[2026-06-18T17:38:00.249+0000] {processor.py:161} INFO - Started process (PID=6290) to work on /home/airflow/.local/lib/python3.8/site-packages/airflow/example_dags/tutorial_dag.py
[2026-06-18T17:38:00.250+0000] {processor.py:830} INFO - Processing file /home/airflow/.local/lib/python3.8/site-packages/airflow/example_dags/tutorial_dag.py for tasks to queue
[2026-06-18T17:38:00.253+0000] {logging_mixin.py:188} INFO - [2026-06-18T17:38:00.253+0000] {dagbag.py:538} INFO - Filling up the DagBag from /home/airflow/.local/lib/python3.8/site-packages/airflow/example_dags/tutorial_dag.py
[2026-06-18T17:38:00.262+0000] {processor.py:840} INFO - DAG(s) 'tutorial_dag' retrieved from /home/airflow/.local/lib/python3.8/site-packages/airflow/example_dags/tutorial_dag.py
[2026-06-18T17:38:00.307+0000] {logging_mixin.py:188} INFO - [2026-06-18T17:38:00.307+0000] {dag.py:3036} INFO - Sync 1 DAGs
[2026-06-18T17:38:00.333+0000] {logging_mixin.py:188} INFO - [2026-06-18T17:38:00.333+0000] {dag.py:3823} INFO - Setting next_dagrun for tutorial_dag to None, run_after=None
[2026-06-18T17:38:00.371+0000] {processor.py:183} INFO - Processing /home/airflow/.local/lib/python3.8/site-packages/airflow/example_dags/tutorial_dag.py took 0.127 seconds
[2026-06-18T17:38:30.515+0000] {processor.py:161} INFO - Started process (PID=6364) to work on /home/airflow/.local/lib/python3.8/site-packages/airflow/example_dags/tutorial_dag.py
[2026-06-18T17:38:30.517+0000] {processor.py:830} INFO - Processing file /home/airflow/.local/lib/python3.8/site-packages/airflow/example_dags/tutorial_dag.py for tasks to queue
[2026-06-18T17:38:30.521+0000] {logging_mixin.py:188} INFO - [2026-06-18T17:38:30.520+0000] {dagbag.py:538} INFO - Filling up the DagBag from /home/airflow/.local/lib/python3.8/site-packages/airflow/example_dags/tutorial_dag.py
[2026-06-18T17:38:30.529+0000] {processor.py:840} INFO - DAG(s) 'tutorial_dag' retrieved from /home/airflow/.local/lib/python3.8/site-packages/airflow/example_dags/tutorial_dag.py
[2026-06-18T17:38:30.574+0000] {logging_mixin.py:188} INFO - [2026-06-18T17:38:30.574+0000] {dag.py:3036} INFO - Sync 1 DAGs
[2026-06-18T17:38:30.601+0000] {logging_mixin.py:188} INFO - [2026-06-18T17:38:30.601+0000] {dag.py:3823} INFO - Setting next_dagrun for tutorial_dag to None, run_after=None
[2026-06-18T17:38:30.640+0000] {processor.py:183} INFO - Processing /home/airflow/.local/lib/python3.8/site-packages/airflow/example_dags/tutorial_dag.py took 0.130 seconds
[2026-06-18T17:39:00.812+0000] {processor.py:161} INFO - Started process (PID=6430) to work on /home/airflow/.local/lib/python3.8/site-packages/airflow/example_dags/tutorial_dag.py
[2026-06-18T17:39:00.814+0000] {processor.py:830} INFO - Processing file /home/airflow/.local/lib/python3.8/site-packages/airflow/example_dags/tutorial_dag.py for tasks to queue
[2026-06-18T17:39:00.817+0000] {logging_mixin.py:188} INFO - [2026-06-18T17:39:00.816+0000] {dagbag.py:538} INFO - Filling up the DagBag from /home/airflow/.local/lib/python3.8/site-packages/airflow/example_dags/tutorial_dag.py
[2026-06-18T17:39:00.826+0000] {processor.py:840} INFO - DAG(s) 'tutorial_dag' retrieved from /home/airflow/.local/lib/python3.8/site-packages/airflow/example_dags/tutorial_dag.py
[2026-06-18T17:39:00.885+0000] {logging_mixin.py:188} INFO - [2026-06-18T17:39:00.885+0000] {dag.py:3036} INFO - Sync 1 DAGs
[2026-06-18T17:39:00.915+0000] {logging_mixin.py:188} INFO - [2026-06-18T17:39:00.915+0000] {dag.py:3823} INFO - Setting next_dagrun for tutorial_dag to None, run_after=None
[2026-06-18T17:39:00.954+0000] {processor.py:183} INFO - Processing /home/airflow/.local/lib/python3.8/site-packages/airflow/example_dags/tutorial_dag.py took 0.147 seconds
[2026-06-18T17:39:31.059+0000] {processor.py:161} INFO - Started process (PID=6496) to work on /home/airflow/.local/lib/python3.8/site-packages/airflow/example_dags/tutorial_dag.py
[2026-06-18T17:39:31.062+0000] {processor.py:830} INFO - Processing file /home/airflow/.local/lib/python3.8/site-packages/airflow/example_dags/tutorial_dag.py for tasks to queue
[2026-06-18T17:39:31.065+0000] {logging_mixin.py:188} INFO - [2026-06-18T17:39:31.064+0000] {dagbag.py:538} INFO - Filling up the DagBag from /home/airflow/.local/lib/python3.8/site-packages/airflow/example_dags/tutorial_dag.py
[2026-06-18T17:39:31.077+0000] {processor.py:840} INFO - DAG(s) 'tutorial_dag' retrieved from /home/airflow/.local/lib/python3.8/site-packages/airflow/example_dags/tutorial_dag.py
[2026-06-18T17:39:31.131+0000] {logging_mixin.py:188} INFO - [2026-06-18T17:39:31.131+0000] {dag.py:3036} INFO - Sync 1 DAGs
[2026-06-18T17:39:31.165+0000] {logging_mixin.py:188} INFO - [2026-06-18T17:39:31.165+0000] {dag.py:3823} INFO - Setting next_dagrun for tutorial_dag to None, run_after=None
[2026-06-18T17:39:31.204+0000] {processor.py:183} INFO - Processing /home/airflow/.local/lib/python3.8/site-packages/airflow/example_dags/tutorial_dag.py took 0.153 seconds
[2026-06-18T17:40:01.964+0000] {processor.py:161} INFO - Started process (PID=6562) to work on /home/airflow/.local/lib/python3.8/site-packages/airflow/example_dags/tutorial_dag.py
[2026-06-18T17:40:01.965+0000] {processor.py:830} INFO - Processing file /home/airflow/.local/lib/python3.8/site-packages/airflow/example_dags/tutorial_dag.py for tasks to queue
[2026-06-18T17:40:01.969+0000] {logging_mixin.py:188} INFO - [2026-06-18T17:40:01.968+0000] {dagbag.py:538} INFO - Filling up the DagBag from /home/airflow/.local/lib/python3.8/site-packages/airflow/example_dags/tutorial_dag.py
[2026-06-18T17:40:01.980+0000] {processor.py:840} INFO - DAG(s) 'tutorial_dag' retrieved from /home/airflow/.local/lib/python3.8/site-packages/airflow/example_dags/tutorial_dag.py
[2026-06-18T17:40:02.023+0000] {logging_mixin.py:188} INFO - [2026-06-18T17:40:02.023+0000] {dag.py:3036} INFO - Sync 1 DAGs
[2026-06-18T17:40:02.045+0000] {logging_mixin.py:188} INFO - [2026-06-18T17:40:02.045+0000] {dag.py:3823} INFO - Setting next_dagrun for tutorial_dag to None, run_after=None
[2026-06-18T17:40:02.081+0000] {processor.py:183} INFO - Processing /home/airflow/.local/lib/python3.8/site-packages/airflow/example_dags/tutorial_dag.py took 0.124 seconds
[2026-06-18T17:40:33.023+0000] {processor.py:161} INFO - Started process (PID=6628) to work on /home/airflow/.local/lib/python3.8/site-packages/airflow/example_dags/tutorial_dag.py
[2026-06-18T17:40:33.025+0000] {processor.py:830} INFO - Processing file /home/airflow/.local/lib/python3.8/site-packages/airflow/example_dags/tutorial_dag.py for tasks to queue
[2026-06-18T17:40:33.028+0000] {logging_mixin.py:188} INFO - [2026-06-18T17:40:33.028+0000] {dagbag.py:538} INFO - Filling up the DagBag from /home/airflow/.local/lib/python3.8/site-packages/airflow/example_dags/tutorial_dag.py
[2026-06-18T17:40:33.039+0000] {processor.py:840} INFO - DAG(s) 'tutorial_dag' retrieved from /home/airflow/.local/lib/python3.8/site-packages/airflow/example_dags/tutorial_dag.py
[2026-06-18T17:40:33.085+0000] {logging_mixin.py:188} INFO - [2026-06-18T17:40:33.084+0000] {dag.py:3036} INFO - Sync 1 DAGs
[2026-06-18T17:40:33.116+0000] {logging_mixin.py:188} INFO - [2026-06-18T17:40:33.116+0000] {dag.py:3823} INFO - Setting next_dagrun for tutorial_dag to None, run_after=None
[2026-06-18T17:40:33.185+0000] {processor.py:183} INFO - Processing /home/airflow/.local/lib/python3.8/site-packages/airflow/example_dags/tutorial_dag.py took 0.167 seconds
[2026-06-18T17:41:03.606+0000] {processor.py:161} INFO - Started process (PID=6694) to work on /home/airflow/.local/lib/python3.8/site-packages/airflow/example_dags/tutorial_dag.py
[2026-06-18T17:41:03.608+0000] {processor.py:830} INFO - Processing file /home/airflow/.local/lib/python3.8/site-packages/airflow/example_dags/tutorial_dag.py for tasks to queue
[2026-06-18T17:41:03.612+0000] {logging_mixin.py:188} INFO - [2026-06-18T17:41:03.611+0000] {dagbag.py:538} INFO - Filling up the DagBag from /home/airflow/.local/lib/python3.8/site-packages/airflow/example_dags/tutorial_dag.py
[2026-06-18T17:41:03.623+0000] {processor.py:840} INFO - DAG(s) 'tutorial_dag' retrieved from /home/airflow/.local/lib/python3.8/site-packages/airflow/example_dags/tutorial_dag.py
[2026-06-18T17:41:03.670+0000] {logging_mixin.py:188} INFO - [2026-06-18T17:41:03.669+0000] {dag.py:3036} INFO - Sync 1 DAGs
[2026-06-18T17:41:03.695+0000] {logging_mixin.py:188} INFO - [2026-06-18T17:41:03.694+0000] {dag.py:3823} INFO - Setting next_dagrun for tutorial_dag to None, run_after=None
[2026-06-18T17:41:03.728+0000] {processor.py:183} INFO - Processing /home/airflow/.local/lib/python3.8/site-packages/airflow/example_dags/tutorial_dag.py took 0.127 seconds
[2026-06-18T17:41:33.981+0000] {processor.py:161} INFO - Started process (PID=6758) to work on /home/airflow/.local/lib/python3.8/site-packages/airflow/example_dags/tutorial_dag.py
[2026-06-18T17:41:33.982+0000] {processor.py:830} INFO - Processing file /home/airflow/.local/lib/python3.8/site-packages/airflow/example_dags/tutorial_dag.py for tasks to queue
[2026-06-18T17:41:33.985+0000] {logging_mixin.py:188} INFO - [2026-06-18T17:41:33.985+0000] {dagbag.py:538} INFO - Filling up the DagBag from /home/airflow/.local/lib/python3.8/site-packages/airflow/example_dags/tutorial_dag.py
[2026-06-18T17:41:33.996+0000] {processor.py:840} INFO - DAG(s) 'tutorial_dag' retrieved from /home/airflow/.local/lib/python3.8/site-packages/airflow/example_dags/tutorial_dag.py
[2026-06-18T17:41:34.060+0000] {logging_mixin.py:188} INFO - [2026-06-18T17:41:34.060+0000] {dag.py:3036} INFO - Sync 1 DAGs
[2026-06-18T17:41:34.083+0000] {logging_mixin.py:188} INFO - [2026-06-18T17:41:34.083+0000] {dag.py:3823} INFO - Setting next_dagrun for tutorial_dag to None, run_after=None
[2026-06-18T17:41:34.115+0000] {processor.py:183} INFO - Processing /home/airflow/.local/lib/python3.8/site-packages/airflow/example_dags/tutorial_dag.py took 0.140 seconds
[2026-06-18T17:42:04.901+0000] {processor.py:161} INFO - Started process (PID=6824) to work on /home/airflow/.local/lib/python3.8/site-packages/airflow/example_dags/tutorial_dag.py
[2026-06-18T17:42:04.903+0000] {processor.py:830} INFO - Processing file /home/airflow/.local/lib/python3.8/site-packages/airflow/example_dags/tutorial_dag.py for tasks to queue
[2026-06-18T17:42:04.905+0000] {logging_mixin.py:188} INFO - [2026-06-18T17:42:04.905+0000] {dagbag.py:538} INFO - Filling up the DagBag from /home/airflow/.local/lib/python3.8/site-packages/airflow/example_dags/tutorial_dag.py
[2026-06-18T17:42:04.914+0000] {processor.py:840} INFO - DAG(s) 'tutorial_dag' retrieved from /home/airflow/.local/lib/python3.8/site-packages/airflow/example_dags/tutorial_dag.py
[2026-06-18T17:42:04.949+0000] {logging_mixin.py:188} INFO - [2026-06-18T17:42:04.949+0000] {dag.py:3036} INFO - Sync 1 DAGs
[2026-06-18T17:42:04.971+0000] {logging_mixin.py:188} INFO - [2026-06-18T17:42:04.971+0000] {dag.py:3823} INFO - Setting next_dagrun for tutorial_dag to None, run_after=None
[2026-06-18T17:42:05.005+0000] {processor.py:183} INFO - Processing /home/airflow/.local/lib/python3.8/site-packages/airflow/example_dags/tutorial_dag.py took 0.110 seconds
[2026-06-18T17:42:35.423+0000] {processor.py:161} INFO - Started process (PID=6890) to work on /home/airflow/.local/lib/python3.8/site-packages/airflow/example_dags/tutorial_dag.py
[2026-06-18T17:42:35.424+0000] {processor.py:830} INFO - Processing file /home/airflow/.local/lib/python3.8/site-packages/airflow/example_dags/tutorial_dag.py for tasks to queue
[2026-06-18T17:42:35.427+0000] {logging_mixin.py:188} INFO - [2026-06-18T17:42:35.426+0000] {dagbag.py:538} INFO - Filling up the DagBag from /home/airflow/.local/lib/python3.8/site-packages/airflow/example_dags/tutorial_dag.py
[2026-06-18T17:42:35.436+0000] {processor.py:840} INFO - DAG(s) 'tutorial_dag' retrieved from /home/airflow/.local/lib/python3.8/site-packages/airflow/example_dags/tutorial_dag.py
[2026-06-18T17:42:35.482+0000] {logging_mixin.py:188} INFO - [2026-06-18T17:42:35.482+0000] {dag.py:3036} INFO - Sync 1 DAGs
[2026-06-18T17:42:35.506+0000] {logging_mixin.py:188} INFO - [2026-06-18T17:42:35.506+0000] {dag.py:3823} INFO - Setting next_dagrun for tutorial_dag to None, run_after=None
[2026-06-18T17:42:35.539+0000] {processor.py:183} INFO - Processing /home/airflow/.local/lib/python3.8/site-packages/airflow/example_dags/tutorial_dag.py took 0.121 seconds
[2026-06-18T17:43:06.051+0000] {processor.py:161} INFO - Started process (PID=6956) to work on /home/airflow/.local/lib/python3.8/site-packages/airflow/example_dags/tutorial_dag.py
[2026-06-18T17:43:06.053+0000] {processor.py:830} INFO - Processing file /home/airflow/.local/lib/python3.8/site-packages/airflow/example_dags/tutorial_dag.py for tasks to queue
[2026-06-18T17:43:06.056+0000] {logging_mixin.py:188} INFO - [2026-06-18T17:43:06.055+0000] {dagbag.py:538} INFO - Filling up the DagBag from /home/airflow/.local/lib/python3.8/site-packages/airflow/example_dags/tutorial_dag.py
[2026-06-18T17:43:06.064+0000] {processor.py:840} INFO - DAG(s) 'tutorial_dag' retrieved from /home/airflow/.local/lib/python3.8/site-packages/airflow/example_dags/tutorial_dag.py
[2026-06-18T17:43:06.109+0000] {logging_mixin.py:188} INFO - [2026-06-18T17:43:06.108+0000] {dag.py:3036} INFO - Sync 1 DAGs
[2026-06-18T17:43:06.133+0000] {logging_mixin.py:188} INFO - [2026-06-18T17:43:06.133+0000] {dag.py:3823} INFO - Setting next_dagrun for tutorial_dag to None, run_after=None
[2026-06-18T17:43:06.169+0000] {processor.py:183} INFO - Processing /home/airflow/.local/lib/python3.8/site-packages/airflow/example_dags/tutorial_dag.py took 0.123 seconds
[2026-06-18T17:43:36.316+0000] {processor.py:161} INFO - Started process (PID=7022) to work on /home/airflow/.local/lib/python3.8/site-packages/airflow/example_dags/tutorial_dag.py
[2026-06-18T17:43:36.317+0000] {processor.py:830} INFO - Processing file /home/airflow/.local/lib/python3.8/site-packages/airflow/example_dags/tutorial_dag.py for tasks to queue
[2026-06-18T17:43:36.320+0000] {logging_mixin.py:188} INFO - [2026-06-18T17:43:36.320+0000] {dagbag.py:538} INFO - Filling up the DagBag from /home/airflow/.local/lib/python3.8/site-packages/airflow/example_dags/tutorial_dag.py
[2026-06-18T17:43:36.331+0000] {processor.py:840} INFO - DAG(s) 'tutorial_dag' retrieved from /home/airflow/.local/lib/python3.8/site-packages/airflow/example_dags/tutorial_dag.py
[2026-06-18T17:43:36.369+0000] {logging_mixin.py:188} INFO - [2026-06-18T17:43:36.369+0000] {dag.py:3036} INFO - Sync 1 DAGs
[2026-06-18T17:43:36.391+0000] {logging_mixin.py:188} INFO - [2026-06-18T17:43:36.391+0000] {dag.py:3823} INFO - Setting next_dagrun for tutorial_dag to None, run_after=None
[2026-06-18T17:43:36.423+0000] {processor.py:183} INFO - Processing /home/airflow/.local/lib/python3.8/site-packages/airflow/example_dags/tutorial_dag.py took 0.113 seconds
[2026-06-18T17:44:06.465+0000] {processor.py:161} INFO - Started process (PID=7087) to work on /home/airflow/.local/lib/python3.8/site-packages/airflow/example_dags/tutorial_dag.py
[2026-06-18T17:44:06.467+0000] {processor.py:830} INFO - Processing file /home/airflow/.local/lib/python3.8/site-packages/airflow/example_dags/tutorial_dag.py for tasks to queue
[2026-06-18T17:44:06.470+0000] {logging_mixin.py:188} INFO - [2026-06-18T17:44:06.469+0000] {dagbag.py:538} INFO - Filling up the DagBag from /home/airflow/.local/lib/python3.8/site-packages/airflow/example_dags/tutorial_dag.py
[2026-06-18T17:44:06.479+0000] {processor.py:840} INFO - DAG(s) 'tutorial_dag' retrieved from /home/airflow/.local/lib/python3.8/site-packages/airflow/example_dags/tutorial_dag.py
[2026-06-18T17:44:06.514+0000] {logging_mixin.py:188} INFO - [2026-06-18T17:44:06.514+0000] {dag.py:3036} INFO - Sync 1 DAGs
[2026-06-18T17:44:06.534+0000] {logging_mixin.py:188} INFO - [2026-06-18T17:44:06.534+0000] {dag.py:3823} INFO - Setting next_dagrun for tutorial_dag to None, run_after=None
[2026-06-18T17:44:06.563+0000] {processor.py:183} INFO - Processing /home/airflow/.local/lib/python3.8/site-packages/airflow/example_dags/tutorial_dag.py took 0.104 seconds
[2026-06-18T17:44:37.244+0000] {processor.py:161} INFO - Started process (PID=7154) to work on /home/airflow/.local/lib/python3.8/site-packages/airflow/example_dags/tutorial_dag.py
[2026-06-18T17:44:37.246+0000] {processor.py:830} INFO - Processing file /home/airflow/.local/lib/python3.8/site-packages/airflow/example_dags/tutorial_dag.py for tasks to queue
[2026-06-18T17:44:37.249+0000] {logging_mixin.py:188} INFO - [2026-06-18T17:44:37.248+0000] {dagbag.py:538} INFO - Filling up the DagBag from /home/airflow/.local/lib/python3.8/site-packages/airflow/example_dags/tutorial_dag.py
[2026-06-18T17:44:37.258+0000] {processor.py:840} INFO - DAG(s) 'tutorial_dag' retrieved from /home/airflow/.local/lib/python3.8/site-packages/airflow/example_dags/tutorial_dag.py
[2026-06-18T17:44:37.299+0000] {logging_mixin.py:188} INFO - [2026-06-18T17:44:37.298+0000] {dag.py:3036} INFO - Sync 1 DAGs
[2026-06-18T17:44:37.324+0000] {logging_mixin.py:188} INFO - [2026-06-18T17:44:37.323+0000] {dag.py:3823} INFO - Setting next_dagrun for tutorial_dag to None, run_after=None
[2026-06-18T17:44:37.361+0000] {processor.py:183} INFO - Processing /home/airflow/.local/lib/python3.8/site-packages/airflow/example_dags/tutorial_dag.py took 0.122 seconds
[2026-06-18T17:45:08.001+0000] {processor.py:161} INFO - Started process (PID=7227) to work on /home/airflow/.local/lib/python3.8/site-packages/airflow/example_dags/tutorial_dag.py
[2026-06-18T17:45:08.003+0000] {processor.py:830} INFO - Processing file /home/airflow/.local/lib/python3.8/site-packages/airflow/example_dags/tutorial_dag.py for tasks to queue
[2026-06-18T17:45:08.006+0000] {logging_mixin.py:188} INFO - [2026-06-18T17:45:08.005+0000] {dagbag.py:538} INFO - Filling up the DagBag from /home/airflow/.local/lib/python3.8/site-packages/airflow/example_dags/tutorial_dag.py
[2026-06-18T17:45:08.016+0000] {processor.py:840} INFO - DAG(s) 'tutorial_dag' retrieved from /home/airflow/.local/lib/python3.8/site-packages/airflow/example_dags/tutorial_dag.py
[2026-06-18T17:45:08.059+0000] {logging_mixin.py:188} INFO - [2026-06-18T17:45:08.059+0000] {dag.py:3036} INFO - Sync 1 DAGs
[2026-06-18T17:45:08.087+0000] {logging_mixin.py:188} INFO - [2026-06-18T17:45:08.086+0000] {dag.py:3823} INFO - Setting next_dagrun for tutorial_dag to None, run_after=None
[2026-06-18T17:45:08.123+0000] {processor.py:183} INFO - Processing /home/airflow/.local/lib/python3.8/site-packages/airflow/example_dags/tutorial_dag.py took 0.129 seconds
[2026-06-18T17:45:38.980+0000] {processor.py:161} INFO - Started process (PID=7294) to work on /home/airflow/.local/lib/python3.8/site-packages/airflow/example_dags/tutorial_dag.py
[2026-06-18T17:45:38.982+0000] {processor.py:830} INFO - Processing file /home/airflow/.local/lib/python3.8/site-packages/airflow/example_dags/tutorial_dag.py for tasks to queue
[2026-06-18T17:45:38.985+0000] {logging_mixin.py:188} INFO - [2026-06-18T17:45:38.985+0000] {dagbag.py:538} INFO - Filling up the DagBag from /home/airflow/.local/lib/python3.8/site-packages/airflow/example_dags/tutorial_dag.py
[2026-06-18T17:45:38.996+0000] {processor.py:840} INFO - DAG(s) 'tutorial_dag' retrieved from /home/airflow/.local/lib/python3.8/site-packages/airflow/example_dags/tutorial_dag.py
[2026-06-18T17:45:39.046+0000] {logging_mixin.py:188} INFO - [2026-06-18T17:45:39.045+0000] {dag.py:3036} INFO - Sync 1 DAGs
[2026-06-18T17:45:39.072+0000] {logging_mixin.py:188} INFO - [2026-06-18T17:45:39.072+0000] {dag.py:3823} INFO - Setting next_dagrun for tutorial_dag to None, run_after=None
[2026-06-18T17:45:39.111+0000] {processor.py:183} INFO - Processing /home/airflow/.local/lib/python3.8/site-packages/airflow/example_dags/tutorial_dag.py took 0.138 seconds
[2026-06-18T17:46:09.624+0000] {processor.py:161} INFO - Started process (PID=7360) to work on /home/airflow/.local/lib/python3.8/site-packages/airflow/example_dags/tutorial_dag.py
[2026-06-18T17:46:09.627+0000] {processor.py:830} INFO - Processing file /home/airflow/.local/lib/python3.8/site-packages/airflow/example_dags/tutorial_dag.py for tasks to queue
[2026-06-18T17:46:09.630+0000] {logging_mixin.py:188} INFO - [2026-06-18T17:46:09.629+0000] {dagbag.py:538} INFO - Filling up the DagBag from /home/airflow/.local/lib/python3.8/site-packages/airflow/example_dags/tutorial_dag.py
[2026-06-18T17:46:09.641+0000] {processor.py:840} INFO - DAG(s) 'tutorial_dag' retrieved from /home/airflow/.local/lib/python3.8/site-packages/airflow/example_dags/tutorial_dag.py
[2026-06-18T17:46:09.685+0000] {logging_mixin.py:188} INFO - [2026-06-18T17:46:09.684+0000] {dag.py:3036} INFO - Sync 1 DAGs
[2026-06-18T17:46:09.716+0000] {logging_mixin.py:188} INFO - [2026-06-18T17:46:09.715+0000] {dag.py:3823} INFO - Setting next_dagrun for tutorial_dag to None, run_after=None
[2026-06-18T17:46:09.755+0000] {processor.py:183} INFO - Processing /home/airflow/.local/lib/python3.8/site-packages/airflow/example_dags/tutorial_dag.py took 0.141 seconds
[2026-06-18T17:46:40.427+0000] {processor.py:161} INFO - Started process (PID=7427) to work on /home/airflow/.local/lib/python3.8/site-packages/airflow/example_dags/tutorial_dag.py
[2026-06-18T17:46:40.428+0000] {processor.py:830} INFO - Processing file /home/airflow/.local/lib/python3.8/site-packages/airflow/example_dags/tutorial_dag.py for tasks to queue
[2026-06-18T17:46:40.431+0000] {logging_mixin.py:188} INFO - [2026-06-18T17:46:40.431+0000] {dagbag.py:538} INFO - Filling up the DagBag from /home/airflow/.local/lib/python3.8/site-packages/airflow/example_dags/tutorial_dag.py
[2026-06-18T17:46:40.441+0000] {processor.py:840} INFO - DAG(s) 'tutorial_dag' retrieved from /home/airflow/.local/lib/python3.8/site-packages/airflow/example_dags/tutorial_dag.py
[2026-06-18T17:46:40.493+0000] {logging_mixin.py:188} INFO - [2026-06-18T17:46:40.493+0000] {dag.py:3036} INFO - Sync 1 DAGs
[2026-06-18T17:46:40.522+0000] {logging_mixin.py:188} INFO - [2026-06-18T17:46:40.521+0000] {dag.py:3823} INFO - Setting next_dagrun for tutorial_dag to None, run_after=None
[2026-06-18T17:46:40.561+0000] {processor.py:183} INFO - Processing /home/airflow/.local/lib/python3.8/site-packages/airflow/example_dags/tutorial_dag.py took 0.140 seconds
[2026-06-18T17:47:11.200+0000] {processor.py:161} INFO - Started process (PID=7493) to work on /home/airflow/.local/lib/python3.8/site-packages/airflow/example_dags/tutorial_dag.py
[2026-06-18T17:47:11.202+0000] {processor.py:830} INFO - Processing file /home/airflow/.local/lib/python3.8/site-packages/airflow/example_dags/tutorial_dag.py for tasks to queue
[2026-06-18T17:47:11.206+0000] {logging_mixin.py:188} INFO - [2026-06-18T17:47:11.205+0000] {dagbag.py:538} INFO - Filling up the DagBag from /home/airflow/.local/lib/python3.8/site-packages/airflow/example_dags/tutorial_dag.py
[2026-06-18T17:47:11.217+0000] {processor.py:840} INFO - DAG(s) 'tutorial_dag' retrieved from /home/airflow/.local/lib/python3.8/site-packages/airflow/example_dags/tutorial_dag.py
[2026-06-18T17:47:11.258+0000] {logging_mixin.py:188} INFO - [2026-06-18T17:47:11.257+0000] {dag.py:3036} INFO - Sync 1 DAGs
[2026-06-18T17:47:11.283+0000] {logging_mixin.py:188} INFO - [2026-06-18T17:47:11.283+0000] {dag.py:3823} INFO - Setting next_dagrun for tutorial_dag to None, run_after=None
[2026-06-18T17:47:11.317+0000] {processor.py:183} INFO - Processing /home/airflow/.local/lib/python3.8/site-packages/airflow/example_dags/tutorial_dag.py took 0.123 seconds
[2026-06-18T17:47:41.718+0000] {processor.py:161} INFO - Started process (PID=7560) to work on /home/airflow/.local/lib/python3.8/site-packages/airflow/example_dags/tutorial_dag.py
[2026-06-18T17:47:41.719+0000] {processor.py:830} INFO - Processing file /home/airflow/.local/lib/python3.8/site-packages/airflow/example_dags/tutorial_dag.py for tasks to queue
[2026-06-18T17:47:41.722+0000] {logging_mixin.py:188} INFO - [2026-06-18T17:47:41.721+0000] {dagbag.py:538} INFO - Filling up the DagBag from /home/airflow/.local/lib/python3.8/site-packages/airflow/example_dags/tutorial_dag.py
[2026-06-18T17:47:41.732+0000] {processor.py:840} INFO - DAG(s) 'tutorial_dag' retrieved from /home/airflow/.local/lib/python3.8/site-packages/airflow/example_dags/tutorial_dag.py
[2026-06-18T17:47:41.774+0000] {logging_mixin.py:188} INFO - [2026-06-18T17:47:41.774+0000] {dag.py:3036} INFO - Sync 1 DAGs
[2026-06-18T17:47:41.801+0000] {logging_mixin.py:188} INFO - [2026-06-18T17:47:41.801+0000] {dag.py:3823} INFO - Setting next_dagrun for tutorial_dag to None, run_after=None
[2026-06-18T17:47:41.837+0000] {processor.py:183} INFO - Processing /home/airflow/.local/lib/python3.8/site-packages/airflow/example_dags/tutorial_dag.py took 0.126 seconds
[2026-06-18T17:48:12.281+0000] {processor.py:161} INFO - Started process (PID=7625) to work on /home/airflow/.local/lib/python3.8/site-packages/airflow/example_dags/tutorial_dag.py
[2026-06-18T17:48:12.283+0000] {processor.py:830} INFO - Processing file /home/airflow/.local/lib/python3.8/site-packages/airflow/example_dags/tutorial_dag.py for tasks to queue
[2026-06-18T17:48:12.286+0000] {logging_mixin.py:188} INFO - [2026-06-18T17:48:12.286+0000] {dagbag.py:538} INFO - Filling up the DagBag from /home/airflow/.local/lib/python3.8/site-packages/airflow/example_dags/tutorial_dag.py
[2026-06-18T17:48:12.295+0000] {processor.py:840} INFO - DAG(s) 'tutorial_dag' retrieved from /home/airflow/.local/lib/python3.8/site-packages/airflow/example_dags/tutorial_dag.py
[2026-06-18T17:48:12.350+0000] {logging_mixin.py:188} INFO - [2026-06-18T17:48:12.349+0000] {dag.py:3036} INFO - Sync 1 DAGs
[2026-06-18T17:48:12.373+0000] {logging_mixin.py:188} INFO - [2026-06-18T17:48:12.373+0000] {dag.py:3823} INFO - Setting next_dagrun for tutorial_dag to None, run_after=None
[2026-06-18T17:48:12.407+0000] {processor.py:183} INFO - Processing /home/airflow/.local/lib/python3.8/site-packages/airflow/example_dags/tutorial_dag.py took 0.131 seconds
[2026-06-18T17:48:42.830+0000] {processor.py:161} INFO - Started process (PID=7691) to work on /home/airflow/.local/lib/python3.8/site-packages/airflow/example_dags/tutorial_dag.py
[2026-06-18T17:48:42.832+0000] {processor.py:830} INFO - Processing file /home/airflow/.local/lib/python3.8/site-packages/airflow/example_dags/tutorial_dag.py for tasks to queue
[2026-06-18T17:48:42.834+0000] {logging_mixin.py:188} INFO - [2026-06-18T17:48:42.834+0000] {dagbag.py:538} INFO - Filling up the DagBag from /home/airflow/.local/lib/python3.8/site-packages/airflow/example_dags/tutorial_dag.py
[2026-06-18T17:48:42.842+0000] {processor.py:840} INFO - DAG(s) 'tutorial_dag' retrieved from /home/airflow/.local/lib/python3.8/site-packages/airflow/example_dags/tutorial_dag.py
[2026-06-18T17:48:42.879+0000] {logging_mixin.py:188} INFO - [2026-06-18T17:48:42.879+0000] {dag.py:3036} INFO - Sync 1 DAGs
[2026-06-18T17:48:42.899+0000] {logging_mixin.py:188} INFO - [2026-06-18T17:48:42.899+0000] {dag.py:3823} INFO - Setting next_dagrun for tutorial_dag to None, run_after=None
[2026-06-18T17:48:42.930+0000] {processor.py:183} INFO - Processing /home/airflow/.local/lib/python3.8/site-packages/airflow/example_dags/tutorial_dag.py took 0.105 seconds
[2026-06-18T17:49:13.117+0000] {processor.py:161} INFO - Started process (PID=7758) to work on /home/airflow/.local/lib/python3.8/site-packages/airflow/example_dags/tutorial_dag.py
[2026-06-18T17:49:13.119+0000] {processor.py:830} INFO - Processing file /home/airflow/.local/lib/python3.8/site-packages/airflow/example_dags/tutorial_dag.py for tasks to queue
[2026-06-18T17:49:13.121+0000] {logging_mixin.py:188} INFO - [2026-06-18T17:49:13.121+0000] {dagbag.py:538} INFO - Filling up the DagBag from /home/airflow/.local/lib/python3.8/site-packages/airflow/example_dags/tutorial_dag.py
[2026-06-18T17:49:13.130+0000] {processor.py:840} INFO - DAG(s) 'tutorial_dag' retrieved from /home/airflow/.local/lib/python3.8/site-packages/airflow/example_dags/tutorial_dag.py
[2026-06-18T17:49:13.171+0000] {logging_mixin.py:188} INFO - [2026-06-18T17:49:13.171+0000] {dag.py:3036} INFO - Sync 1 DAGs
[2026-06-18T17:49:13.194+0000] {logging_mixin.py:188} INFO - [2026-06-18T17:49:13.194+0000] {dag.py:3823} INFO - Setting next_dagrun for tutorial_dag to None, run_after=None
[2026-06-18T17:49:13.228+0000] {processor.py:183} INFO - Processing /home/airflow/.local/lib/python3.8/site-packages/airflow/example_dags/tutorial_dag.py took 0.117 seconds
