[2026-06-12T11:03:01.947+0000] {processor.py:161} INFO - Started process (PID=76) to work on /home/airflow/.local/lib/python3.8/site-packages/airflow/example_dags/example_branch_datetime_operator.py
[2026-06-12T11:03:01.951+0000] {processor.py:830} INFO - Processing file /home/airflow/.local/lib/python3.8/site-packages/airflow/example_dags/example_branch_datetime_operator.py for tasks to queue
[2026-06-12T11:03:01.954+0000] {logging_mixin.py:188} INFO - [2026-06-12T11:03:01.953+0000] {dagbag.py:538} INFO - Filling up the DagBag from /home/airflow/.local/lib/python3.8/site-packages/airflow/example_dags/example_branch_datetime_operator.py
[2026-06-12T11:03:01.989+0000] {processor.py:840} INFO - DAG(s) 'example_branch_datetime_operator', 'example_branch_datetime_operator_3', 'example_branch_datetime_operator_2' retrieved from /home/airflow/.local/lib/python3.8/site-packages/airflow/example_dags/example_branch_datetime_operator.py
[2026-06-12T11:03:02.021+0000] {logging_mixin.py:188} INFO - [2026-06-12T11:03:02.021+0000] {dag.py:3036} INFO - Sync 3 DAGs
[2026-06-12T11:03:02.072+0000] {logging_mixin.py:188} INFO - [2026-06-12T11:03:02.072+0000] {dag.py:3823} INFO - Setting next_dagrun for example_branch_datetime_operator to 2026-06-11 00:00:00+00:00, run_after=2026-06-12 00:00:00+00:00
[2026-06-12T11:03:02.082+0000] {logging_mixin.py:188} INFO - [2026-06-12T11:03:02.082+0000] {dag.py:3823} INFO - Setting next_dagrun for example_branch_datetime_operator_2 to 2026-06-11 00:00:00+00:00, run_after=2026-06-12 00:00:00+00:00
[2026-06-12T11:03:02.088+0000] {logging_mixin.py:188} INFO - [2026-06-12T11:03:02.088+0000] {dag.py:3823} INFO - Setting next_dagrun for example_branch_datetime_operator_3 to 2026-06-11 00:00:00+00:00, run_after=2026-06-12 00:00:00+00:00
[2026-06-12T11:03:02.126+0000] {processor.py:183} INFO - Processing /home/airflow/.local/lib/python3.8/site-packages/airflow/example_dags/example_branch_datetime_operator.py took 0.185 seconds
[2026-06-12T11:03:33.123+0000] {processor.py:161} INFO - Started process (PID=142) to work on /home/airflow/.local/lib/python3.8/site-packages/airflow/example_dags/example_branch_datetime_operator.py
[2026-06-12T11:03:33.124+0000] {processor.py:830} INFO - Processing file /home/airflow/.local/lib/python3.8/site-packages/airflow/example_dags/example_branch_datetime_operator.py for tasks to queue
[2026-06-12T11:03:33.127+0000] {logging_mixin.py:188} INFO - [2026-06-12T11:03:33.126+0000] {dagbag.py:538} INFO - Filling up the DagBag from /home/airflow/.local/lib/python3.8/site-packages/airflow/example_dags/example_branch_datetime_operator.py
[2026-06-12T11:03:33.143+0000] {processor.py:840} INFO - DAG(s) 'example_branch_datetime_operator_2', 'example_branch_datetime_operator', 'example_branch_datetime_operator_3' retrieved from /home/airflow/.local/lib/python3.8/site-packages/airflow/example_dags/example_branch_datetime_operator.py
[2026-06-12T11:03:33.388+0000] {logging_mixin.py:188} INFO - [2026-06-12T11:03:33.387+0000] {dag.py:3036} INFO - Sync 3 DAGs
[2026-06-12T11:03:33.423+0000] {logging_mixin.py:188} INFO - [2026-06-12T11:03:33.423+0000] {dag.py:3823} INFO - Setting next_dagrun for example_branch_datetime_operator to 2026-06-11 00:00:00+00:00, run_after=2026-06-12 00:00:00+00:00
[2026-06-12T11:03:33.430+0000] {logging_mixin.py:188} INFO - [2026-06-12T11:03:33.430+0000] {dag.py:3823} INFO - Setting next_dagrun for example_branch_datetime_operator_2 to 2026-06-11 00:00:00+00:00, run_after=2026-06-12 00:00:00+00:00
[2026-06-12T11:03:33.435+0000] {logging_mixin.py:188} INFO - [2026-06-12T11:03:33.434+0000] {dag.py:3823} INFO - Setting next_dagrun for example_branch_datetime_operator_3 to 2026-06-11 00:00:00+00:00, run_after=2026-06-12 00:00:00+00:00
[2026-06-12T11:03:33.465+0000] {processor.py:183} INFO - Processing /home/airflow/.local/lib/python3.8/site-packages/airflow/example_dags/example_branch_datetime_operator.py took 0.346 seconds
[2026-06-12T11:04:03.506+0000] {processor.py:161} INFO - Started process (PID=208) to work on /home/airflow/.local/lib/python3.8/site-packages/airflow/example_dags/example_branch_datetime_operator.py
[2026-06-12T11:04:03.508+0000] {processor.py:830} INFO - Processing file /home/airflow/.local/lib/python3.8/site-packages/airflow/example_dags/example_branch_datetime_operator.py for tasks to queue
[2026-06-12T11:04:03.511+0000] {logging_mixin.py:188} INFO - [2026-06-12T11:04:03.510+0000] {dagbag.py:538} INFO - Filling up the DagBag from /home/airflow/.local/lib/python3.8/site-packages/airflow/example_dags/example_branch_datetime_operator.py
[2026-06-12T11:04:03.527+0000] {processor.py:840} INFO - DAG(s) 'example_branch_datetime_operator_3', 'example_branch_datetime_operator', 'example_branch_datetime_operator_2' retrieved from /home/airflow/.local/lib/python3.8/site-packages/airflow/example_dags/example_branch_datetime_operator.py
[2026-06-12T11:04:03.575+0000] {logging_mixin.py:188} INFO - [2026-06-12T11:04:03.574+0000] {dag.py:3036} INFO - Sync 3 DAGs
[2026-06-12T11:04:03.619+0000] {logging_mixin.py:188} INFO - [2026-06-12T11:04:03.618+0000] {dag.py:3823} INFO - Setting next_dagrun for example_branch_datetime_operator to 2026-06-11 00:00:00+00:00, run_after=2026-06-12 00:00:00+00:00
[2026-06-12T11:04:03.627+0000] {logging_mixin.py:188} INFO - [2026-06-12T11:04:03.627+0000] {dag.py:3823} INFO - Setting next_dagrun for example_branch_datetime_operator_2 to 2026-06-11 00:00:00+00:00, run_after=2026-06-12 00:00:00+00:00
[2026-06-12T11:04:03.632+0000] {logging_mixin.py:188} INFO - [2026-06-12T11:04:03.631+0000] {dag.py:3823} INFO - Setting next_dagrun for example_branch_datetime_operator_3 to 2026-06-11 00:00:00+00:00, run_after=2026-06-12 00:00:00+00:00
[2026-06-12T11:04:03.658+0000] {processor.py:183} INFO - Processing /home/airflow/.local/lib/python3.8/site-packages/airflow/example_dags/example_branch_datetime_operator.py took 0.158 seconds
[2026-06-12T11:04:34.361+0000] {processor.py:161} INFO - Started process (PID=275) to work on /home/airflow/.local/lib/python3.8/site-packages/airflow/example_dags/example_branch_datetime_operator.py
[2026-06-12T11:04:34.362+0000] {processor.py:830} INFO - Processing file /home/airflow/.local/lib/python3.8/site-packages/airflow/example_dags/example_branch_datetime_operator.py for tasks to queue
[2026-06-12T11:04:34.364+0000] {logging_mixin.py:188} INFO - [2026-06-12T11:04:34.364+0000] {dagbag.py:538} INFO - Filling up the DagBag from /home/airflow/.local/lib/python3.8/site-packages/airflow/example_dags/example_branch_datetime_operator.py
[2026-06-12T11:04:34.380+0000] {processor.py:840} INFO - DAG(s) 'example_branch_datetime_operator_2', 'example_branch_datetime_operator', 'example_branch_datetime_operator_3' retrieved from /home/airflow/.local/lib/python3.8/site-packages/airflow/example_dags/example_branch_datetime_operator.py
[2026-06-12T11:04:34.430+0000] {logging_mixin.py:188} INFO - [2026-06-12T11:04:34.429+0000] {dag.py:3036} INFO - Sync 3 DAGs
[2026-06-12T11:04:34.466+0000] {logging_mixin.py:188} INFO - [2026-06-12T11:04:34.465+0000] {dag.py:3823} INFO - Setting next_dagrun for example_branch_datetime_operator to 2026-06-11 00:00:00+00:00, run_after=2026-06-12 00:00:00+00:00
[2026-06-12T11:04:34.475+0000] {logging_mixin.py:188} INFO - [2026-06-12T11:04:34.474+0000] {dag.py:3823} INFO - Setting next_dagrun for example_branch_datetime_operator_2 to 2026-06-11 00:00:00+00:00, run_after=2026-06-12 00:00:00+00:00
[2026-06-12T11:04:34.479+0000] {logging_mixin.py:188} INFO - [2026-06-12T11:04:34.479+0000] {dag.py:3823} INFO - Setting next_dagrun for example_branch_datetime_operator_3 to 2026-06-11 00:00:00+00:00, run_after=2026-06-12 00:00:00+00:00
[2026-06-12T11:04:34.502+0000] {processor.py:183} INFO - Processing /home/airflow/.local/lib/python3.8/site-packages/airflow/example_dags/example_branch_datetime_operator.py took 0.146 seconds
[2026-06-12T11:05:04.855+0000] {processor.py:161} INFO - Started process (PID=341) to work on /home/airflow/.local/lib/python3.8/site-packages/airflow/example_dags/example_branch_datetime_operator.py
[2026-06-12T11:05:04.857+0000] {processor.py:830} INFO - Processing file /home/airflow/.local/lib/python3.8/site-packages/airflow/example_dags/example_branch_datetime_operator.py for tasks to queue
[2026-06-12T11:05:04.859+0000] {logging_mixin.py:188} INFO - [2026-06-12T11:05:04.858+0000] {dagbag.py:538} INFO - Filling up the DagBag from /home/airflow/.local/lib/python3.8/site-packages/airflow/example_dags/example_branch_datetime_operator.py
[2026-06-12T11:05:04.878+0000] {processor.py:840} INFO - DAG(s) 'example_branch_datetime_operator', 'example_branch_datetime_operator_3', 'example_branch_datetime_operator_2' retrieved from /home/airflow/.local/lib/python3.8/site-packages/airflow/example_dags/example_branch_datetime_operator.py
[2026-06-12T11:05:04.934+0000] {logging_mixin.py:188} INFO - [2026-06-12T11:05:04.933+0000] {dag.py:3036} INFO - Sync 3 DAGs
[2026-06-12T11:05:04.972+0000] {logging_mixin.py:188} INFO - [2026-06-12T11:05:04.972+0000] {dag.py:3823} INFO - Setting next_dagrun for example_branch_datetime_operator to 2026-06-11 00:00:00+00:00, run_after=2026-06-12 00:00:00+00:00
[2026-06-12T11:05:04.981+0000] {logging_mixin.py:188} INFO - [2026-06-12T11:05:04.980+0000] {dag.py:3823} INFO - Setting next_dagrun for example_branch_datetime_operator_2 to 2026-06-11 00:00:00+00:00, run_after=2026-06-12 00:00:00+00:00
[2026-06-12T11:05:04.986+0000] {logging_mixin.py:188} INFO - [2026-06-12T11:05:04.985+0000] {dag.py:3823} INFO - Setting next_dagrun for example_branch_datetime_operator_3 to 2026-06-11 00:00:00+00:00, run_after=2026-06-12 00:00:00+00:00
[2026-06-12T11:05:05.012+0000] {processor.py:183} INFO - Processing /home/airflow/.local/lib/python3.8/site-packages/airflow/example_dags/example_branch_datetime_operator.py took 0.163 seconds
[2026-06-12T11:05:35.282+0000] {processor.py:161} INFO - Started process (PID=407) to work on /home/airflow/.local/lib/python3.8/site-packages/airflow/example_dags/example_branch_datetime_operator.py
[2026-06-12T11:05:35.284+0000] {processor.py:830} INFO - Processing file /home/airflow/.local/lib/python3.8/site-packages/airflow/example_dags/example_branch_datetime_operator.py for tasks to queue
[2026-06-12T11:05:35.286+0000] {logging_mixin.py:188} INFO - [2026-06-12T11:05:35.286+0000] {dagbag.py:538} INFO - Filling up the DagBag from /home/airflow/.local/lib/python3.8/site-packages/airflow/example_dags/example_branch_datetime_operator.py
[2026-06-12T11:05:35.302+0000] {processor.py:840} INFO - DAG(s) 'example_branch_datetime_operator', 'example_branch_datetime_operator_2', 'example_branch_datetime_operator_3' retrieved from /home/airflow/.local/lib/python3.8/site-packages/airflow/example_dags/example_branch_datetime_operator.py
[2026-06-12T11:05:35.348+0000] {logging_mixin.py:188} INFO - [2026-06-12T11:05:35.348+0000] {dag.py:3036} INFO - Sync 3 DAGs
[2026-06-12T11:05:35.386+0000] {logging_mixin.py:188} INFO - [2026-06-12T11:05:35.386+0000] {dag.py:3823} INFO - Setting next_dagrun for example_branch_datetime_operator to 2026-06-11 00:00:00+00:00, run_after=2026-06-12 00:00:00+00:00
[2026-06-12T11:05:35.394+0000] {logging_mixin.py:188} INFO - [2026-06-12T11:05:35.394+0000] {dag.py:3823} INFO - Setting next_dagrun for example_branch_datetime_operator_2 to 2026-06-11 00:00:00+00:00, run_after=2026-06-12 00:00:00+00:00
[2026-06-12T11:05:35.398+0000] {logging_mixin.py:188} INFO - [2026-06-12T11:05:35.398+0000] {dag.py:3823} INFO - Setting next_dagrun for example_branch_datetime_operator_3 to 2026-06-11 00:00:00+00:00, run_after=2026-06-12 00:00:00+00:00
[2026-06-12T11:05:35.422+0000] {processor.py:183} INFO - Processing /home/airflow/.local/lib/python3.8/site-packages/airflow/example_dags/example_branch_datetime_operator.py took 0.145 seconds
[2026-06-12T11:06:05.817+0000] {processor.py:161} INFO - Started process (PID=473) to work on /home/airflow/.local/lib/python3.8/site-packages/airflow/example_dags/example_branch_datetime_operator.py
[2026-06-12T11:06:05.819+0000] {processor.py:830} INFO - Processing file /home/airflow/.local/lib/python3.8/site-packages/airflow/example_dags/example_branch_datetime_operator.py for tasks to queue
[2026-06-12T11:06:05.822+0000] {logging_mixin.py:188} INFO - [2026-06-12T11:06:05.821+0000] {dagbag.py:538} INFO - Filling up the DagBag from /home/airflow/.local/lib/python3.8/site-packages/airflow/example_dags/example_branch_datetime_operator.py
[2026-06-12T11:06:05.838+0000] {processor.py:840} INFO - DAG(s) 'example_branch_datetime_operator', 'example_branch_datetime_operator_2', 'example_branch_datetime_operator_3' retrieved from /home/airflow/.local/lib/python3.8/site-packages/airflow/example_dags/example_branch_datetime_operator.py
[2026-06-12T11:06:05.891+0000] {logging_mixin.py:188} INFO - [2026-06-12T11:06:05.890+0000] {dag.py:3036} INFO - Sync 3 DAGs
[2026-06-12T11:06:05.935+0000] {logging_mixin.py:188} INFO - [2026-06-12T11:06:05.935+0000] {dag.py:3823} INFO - Setting next_dagrun for example_branch_datetime_operator to 2026-06-11 00:00:00+00:00, run_after=2026-06-12 00:00:00+00:00
[2026-06-12T11:06:05.945+0000] {logging_mixin.py:188} INFO - [2026-06-12T11:06:05.945+0000] {dag.py:3823} INFO - Setting next_dagrun for example_branch_datetime_operator_2 to 2026-06-11 00:00:00+00:00, run_after=2026-06-12 00:00:00+00:00
[2026-06-12T11:06:05.950+0000] {logging_mixin.py:188} INFO - [2026-06-12T11:06:05.950+0000] {dag.py:3823} INFO - Setting next_dagrun for example_branch_datetime_operator_3 to 2026-06-11 00:00:00+00:00, run_after=2026-06-12 00:00:00+00:00
[2026-06-12T11:06:05.981+0000] {processor.py:183} INFO - Processing /home/airflow/.local/lib/python3.8/site-packages/airflow/example_dags/example_branch_datetime_operator.py took 0.169 seconds
[2026-06-12T11:06:36.100+0000] {processor.py:161} INFO - Started process (PID=544) to work on /home/airflow/.local/lib/python3.8/site-packages/airflow/example_dags/example_branch_datetime_operator.py
[2026-06-12T11:06:36.101+0000] {processor.py:830} INFO - Processing file /home/airflow/.local/lib/python3.8/site-packages/airflow/example_dags/example_branch_datetime_operator.py for tasks to queue
[2026-06-12T11:06:36.104+0000] {logging_mixin.py:188} INFO - [2026-06-12T11:06:36.104+0000] {dagbag.py:538} INFO - Filling up the DagBag from /home/airflow/.local/lib/python3.8/site-packages/airflow/example_dags/example_branch_datetime_operator.py
[2026-06-12T11:06:36.125+0000] {processor.py:840} INFO - DAG(s) 'example_branch_datetime_operator', 'example_branch_datetime_operator_3', 'example_branch_datetime_operator_2' retrieved from /home/airflow/.local/lib/python3.8/site-packages/airflow/example_dags/example_branch_datetime_operator.py
[2026-06-12T11:06:36.184+0000] {logging_mixin.py:188} INFO - [2026-06-12T11:06:36.183+0000] {dag.py:3036} INFO - Sync 3 DAGs
[2026-06-12T11:06:36.239+0000] {logging_mixin.py:188} INFO - [2026-06-12T11:06:36.239+0000] {dag.py:3823} INFO - Setting next_dagrun for example_branch_datetime_operator to 2026-06-11 00:00:00+00:00, run_after=2026-06-12 00:00:00+00:00
[2026-06-12T11:06:36.252+0000] {logging_mixin.py:188} INFO - [2026-06-12T11:06:36.251+0000] {dag.py:3823} INFO - Setting next_dagrun for example_branch_datetime_operator_2 to 2026-06-11 00:00:00+00:00, run_after=2026-06-12 00:00:00+00:00
[2026-06-12T11:06:36.258+0000] {logging_mixin.py:188} INFO - [2026-06-12T11:06:36.257+0000] {dag.py:3823} INFO - Setting next_dagrun for example_branch_datetime_operator_3 to 2026-06-11 00:00:00+00:00, run_after=2026-06-12 00:00:00+00:00
[2026-06-12T11:06:36.287+0000] {processor.py:183} INFO - Processing /home/airflow/.local/lib/python3.8/site-packages/airflow/example_dags/example_branch_datetime_operator.py took 0.193 seconds
[2026-06-12T11:07:06.693+0000] {processor.py:161} INFO - Started process (PID=610) to work on /home/airflow/.local/lib/python3.8/site-packages/airflow/example_dags/example_branch_datetime_operator.py
[2026-06-12T11:07:06.696+0000] {processor.py:830} INFO - Processing file /home/airflow/.local/lib/python3.8/site-packages/airflow/example_dags/example_branch_datetime_operator.py for tasks to queue
[2026-06-12T11:07:06.699+0000] {logging_mixin.py:188} INFO - [2026-06-12T11:07:06.698+0000] {dagbag.py:538} INFO - Filling up the DagBag from /home/airflow/.local/lib/python3.8/site-packages/airflow/example_dags/example_branch_datetime_operator.py
[2026-06-12T11:07:06.721+0000] {processor.py:840} INFO - DAG(s) 'example_branch_datetime_operator', 'example_branch_datetime_operator_2', 'example_branch_datetime_operator_3' retrieved from /home/airflow/.local/lib/python3.8/site-packages/airflow/example_dags/example_branch_datetime_operator.py
[2026-06-12T11:07:06.782+0000] {logging_mixin.py:188} INFO - [2026-06-12T11:07:06.782+0000] {dag.py:3036} INFO - Sync 3 DAGs
[2026-06-12T11:07:06.841+0000] {logging_mixin.py:188} INFO - [2026-06-12T11:07:06.841+0000] {dag.py:3823} INFO - Setting next_dagrun for example_branch_datetime_operator to 2026-06-11 00:00:00+00:00, run_after=2026-06-12 00:00:00+00:00
[2026-06-12T11:07:06.853+0000] {logging_mixin.py:188} INFO - [2026-06-12T11:07:06.852+0000] {dag.py:3823} INFO - Setting next_dagrun for example_branch_datetime_operator_2 to 2026-06-11 00:00:00+00:00, run_after=2026-06-12 00:00:00+00:00
[2026-06-12T11:07:06.859+0000] {logging_mixin.py:188} INFO - [2026-06-12T11:07:06.858+0000] {dag.py:3823} INFO - Setting next_dagrun for example_branch_datetime_operator_3 to 2026-06-11 00:00:00+00:00, run_after=2026-06-12 00:00:00+00:00
[2026-06-12T11:07:06.898+0000] {processor.py:183} INFO - Processing /home/airflow/.local/lib/python3.8/site-packages/airflow/example_dags/example_branch_datetime_operator.py took 0.211 seconds
[2026-06-12T11:07:37.017+0000] {processor.py:161} INFO - Started process (PID=676) to work on /home/airflow/.local/lib/python3.8/site-packages/airflow/example_dags/example_branch_datetime_operator.py
[2026-06-12T11:07:37.019+0000] {processor.py:830} INFO - Processing file /home/airflow/.local/lib/python3.8/site-packages/airflow/example_dags/example_branch_datetime_operator.py for tasks to queue
[2026-06-12T11:07:37.022+0000] {logging_mixin.py:188} INFO - [2026-06-12T11:07:37.022+0000] {dagbag.py:538} INFO - Filling up the DagBag from /home/airflow/.local/lib/python3.8/site-packages/airflow/example_dags/example_branch_datetime_operator.py
[2026-06-12T11:07:37.043+0000] {processor.py:840} INFO - DAG(s) 'example_branch_datetime_operator', 'example_branch_datetime_operator_2', 'example_branch_datetime_operator_3' retrieved from /home/airflow/.local/lib/python3.8/site-packages/airflow/example_dags/example_branch_datetime_operator.py
[2026-06-12T11:07:37.098+0000] {logging_mixin.py:188} INFO - [2026-06-12T11:07:37.098+0000] {dag.py:3036} INFO - Sync 3 DAGs
[2026-06-12T11:07:37.143+0000] {logging_mixin.py:188} INFO - [2026-06-12T11:07:37.142+0000] {dag.py:3823} INFO - Setting next_dagrun for example_branch_datetime_operator to 2026-06-11 00:00:00+00:00, run_after=2026-06-12 00:00:00+00:00
[2026-06-12T11:07:37.156+0000] {logging_mixin.py:188} INFO - [2026-06-12T11:07:37.156+0000] {dag.py:3823} INFO - Setting next_dagrun for example_branch_datetime_operator_2 to 2026-06-11 00:00:00+00:00, run_after=2026-06-12 00:00:00+00:00
[2026-06-12T11:07:37.162+0000] {logging_mixin.py:188} INFO - [2026-06-12T11:07:37.162+0000] {dag.py:3823} INFO - Setting next_dagrun for example_branch_datetime_operator_3 to 2026-06-11 00:00:00+00:00, run_after=2026-06-12 00:00:00+00:00
[2026-06-12T11:07:37.201+0000] {processor.py:183} INFO - Processing /home/airflow/.local/lib/python3.8/site-packages/airflow/example_dags/example_branch_datetime_operator.py took 0.190 seconds
[2026-06-12T11:08:07.320+0000] {processor.py:161} INFO - Started process (PID=742) to work on /home/airflow/.local/lib/python3.8/site-packages/airflow/example_dags/example_branch_datetime_operator.py
[2026-06-12T11:08:07.322+0000] {processor.py:830} INFO - Processing file /home/airflow/.local/lib/python3.8/site-packages/airflow/example_dags/example_branch_datetime_operator.py for tasks to queue
[2026-06-12T11:08:07.325+0000] {logging_mixin.py:188} INFO - [2026-06-12T11:08:07.324+0000] {dagbag.py:538} INFO - Filling up the DagBag from /home/airflow/.local/lib/python3.8/site-packages/airflow/example_dags/example_branch_datetime_operator.py
[2026-06-12T11:08:07.340+0000] {processor.py:840} INFO - DAG(s) 'example_branch_datetime_operator_3', 'example_branch_datetime_operator', 'example_branch_datetime_operator_2' retrieved from /home/airflow/.local/lib/python3.8/site-packages/airflow/example_dags/example_branch_datetime_operator.py
[2026-06-12T11:08:07.387+0000] {logging_mixin.py:188} INFO - [2026-06-12T11:08:07.387+0000] {dag.py:3036} INFO - Sync 3 DAGs
[2026-06-12T11:08:07.427+0000] {logging_mixin.py:188} INFO - [2026-06-12T11:08:07.427+0000] {dag.py:3823} INFO - Setting next_dagrun for example_branch_datetime_operator to 2026-06-11 00:00:00+00:00, run_after=2026-06-12 00:00:00+00:00
[2026-06-12T11:08:07.435+0000] {logging_mixin.py:188} INFO - [2026-06-12T11:08:07.435+0000] {dag.py:3823} INFO - Setting next_dagrun for example_branch_datetime_operator_2 to 2026-06-11 00:00:00+00:00, run_after=2026-06-12 00:00:00+00:00
[2026-06-12T11:08:07.440+0000] {logging_mixin.py:188} INFO - [2026-06-12T11:08:07.440+0000] {dag.py:3823} INFO - Setting next_dagrun for example_branch_datetime_operator_3 to 2026-06-11 00:00:00+00:00, run_after=2026-06-12 00:00:00+00:00
[2026-06-12T11:08:07.469+0000] {processor.py:183} INFO - Processing /home/airflow/.local/lib/python3.8/site-packages/airflow/example_dags/example_branch_datetime_operator.py took 0.154 seconds
[2026-06-12T11:08:38.446+0000] {processor.py:161} INFO - Started process (PID=809) to work on /home/airflow/.local/lib/python3.8/site-packages/airflow/example_dags/example_branch_datetime_operator.py
[2026-06-12T11:08:38.448+0000] {processor.py:830} INFO - Processing file /home/airflow/.local/lib/python3.8/site-packages/airflow/example_dags/example_branch_datetime_operator.py for tasks to queue
[2026-06-12T11:08:38.450+0000] {logging_mixin.py:188} INFO - [2026-06-12T11:08:38.450+0000] {dagbag.py:538} INFO - Filling up the DagBag from /home/airflow/.local/lib/python3.8/site-packages/airflow/example_dags/example_branch_datetime_operator.py
[2026-06-12T11:08:38.467+0000] {processor.py:840} INFO - DAG(s) 'example_branch_datetime_operator_2', 'example_branch_datetime_operator', 'example_branch_datetime_operator_3' retrieved from /home/airflow/.local/lib/python3.8/site-packages/airflow/example_dags/example_branch_datetime_operator.py
[2026-06-12T11:08:38.513+0000] {logging_mixin.py:188} INFO - [2026-06-12T11:08:38.513+0000] {dag.py:3036} INFO - Sync 3 DAGs
[2026-06-12T11:08:38.551+0000] {logging_mixin.py:188} INFO - [2026-06-12T11:08:38.551+0000] {dag.py:3823} INFO - Setting next_dagrun for example_branch_datetime_operator to 2026-06-11 00:00:00+00:00, run_after=2026-06-12 00:00:00+00:00
[2026-06-12T11:08:38.561+0000] {logging_mixin.py:188} INFO - [2026-06-12T11:08:38.560+0000] {dag.py:3823} INFO - Setting next_dagrun for example_branch_datetime_operator_2 to 2026-06-11 00:00:00+00:00, run_after=2026-06-12 00:00:00+00:00
[2026-06-12T11:08:38.565+0000] {logging_mixin.py:188} INFO - [2026-06-12T11:08:38.565+0000] {dag.py:3823} INFO - Setting next_dagrun for example_branch_datetime_operator_3 to 2026-06-11 00:00:00+00:00, run_after=2026-06-12 00:00:00+00:00
[2026-06-12T11:08:38.592+0000] {processor.py:183} INFO - Processing /home/airflow/.local/lib/python3.8/site-packages/airflow/example_dags/example_branch_datetime_operator.py took 0.151 seconds
[2026-06-12T11:09:09.020+0000] {processor.py:161} INFO - Started process (PID=874) to work on /home/airflow/.local/lib/python3.8/site-packages/airflow/example_dags/example_branch_datetime_operator.py
[2026-06-12T11:09:09.021+0000] {processor.py:830} INFO - Processing file /home/airflow/.local/lib/python3.8/site-packages/airflow/example_dags/example_branch_datetime_operator.py for tasks to queue
[2026-06-12T11:09:09.024+0000] {logging_mixin.py:188} INFO - [2026-06-12T11:09:09.023+0000] {dagbag.py:538} INFO - Filling up the DagBag from /home/airflow/.local/lib/python3.8/site-packages/airflow/example_dags/example_branch_datetime_operator.py
[2026-06-12T11:09:09.040+0000] {processor.py:840} INFO - DAG(s) 'example_branch_datetime_operator', 'example_branch_datetime_operator_2', 'example_branch_datetime_operator_3' retrieved from /home/airflow/.local/lib/python3.8/site-packages/airflow/example_dags/example_branch_datetime_operator.py
[2026-06-12T11:09:09.090+0000] {logging_mixin.py:188} INFO - [2026-06-12T11:09:09.090+0000] {dag.py:3036} INFO - Sync 3 DAGs
[2026-06-12T11:09:09.139+0000] {logging_mixin.py:188} INFO - [2026-06-12T11:09:09.138+0000] {dag.py:3823} INFO - Setting next_dagrun for example_branch_datetime_operator to 2026-06-11 00:00:00+00:00, run_after=2026-06-12 00:00:00+00:00
[2026-06-12T11:09:09.150+0000] {logging_mixin.py:188} INFO - [2026-06-12T11:09:09.149+0000] {dag.py:3823} INFO - Setting next_dagrun for example_branch_datetime_operator_2 to 2026-06-11 00:00:00+00:00, run_after=2026-06-12 00:00:00+00:00
[2026-06-12T11:09:09.156+0000] {logging_mixin.py:188} INFO - [2026-06-12T11:09:09.156+0000] {dag.py:3823} INFO - Setting next_dagrun for example_branch_datetime_operator_3 to 2026-06-11 00:00:00+00:00, run_after=2026-06-12 00:00:00+00:00
[2026-06-12T11:09:09.188+0000] {processor.py:183} INFO - Processing /home/airflow/.local/lib/python3.8/site-packages/airflow/example_dags/example_branch_datetime_operator.py took 0.174 seconds
[2026-06-12T11:09:39.709+0000] {processor.py:161} INFO - Started process (PID=941) to work on /home/airflow/.local/lib/python3.8/site-packages/airflow/example_dags/example_branch_datetime_operator.py
[2026-06-12T11:09:39.710+0000] {processor.py:830} INFO - Processing file /home/airflow/.local/lib/python3.8/site-packages/airflow/example_dags/example_branch_datetime_operator.py for tasks to queue
[2026-06-12T11:09:39.713+0000] {logging_mixin.py:188} INFO - [2026-06-12T11:09:39.712+0000] {dagbag.py:538} INFO - Filling up the DagBag from /home/airflow/.local/lib/python3.8/site-packages/airflow/example_dags/example_branch_datetime_operator.py
[2026-06-12T11:09:39.730+0000] {processor.py:840} INFO - DAG(s) 'example_branch_datetime_operator_2', 'example_branch_datetime_operator', 'example_branch_datetime_operator_3' retrieved from /home/airflow/.local/lib/python3.8/site-packages/airflow/example_dags/example_branch_datetime_operator.py
[2026-06-12T11:09:39.781+0000] {logging_mixin.py:188} INFO - [2026-06-12T11:09:39.781+0000] {dag.py:3036} INFO - Sync 3 DAGs
[2026-06-12T11:09:39.819+0000] {logging_mixin.py:188} INFO - [2026-06-12T11:09:39.819+0000] {dag.py:3823} INFO - Setting next_dagrun for example_branch_datetime_operator to 2026-06-11 00:00:00+00:00, run_after=2026-06-12 00:00:00+00:00
[2026-06-12T11:09:39.827+0000] {logging_mixin.py:188} INFO - [2026-06-12T11:09:39.827+0000] {dag.py:3823} INFO - Setting next_dagrun for example_branch_datetime_operator_2 to 2026-06-11 00:00:00+00:00, run_after=2026-06-12 00:00:00+00:00
[2026-06-12T11:09:39.832+0000] {logging_mixin.py:188} INFO - [2026-06-12T11:09:39.832+0000] {dag.py:3823} INFO - Setting next_dagrun for example_branch_datetime_operator_3 to 2026-06-11 00:00:00+00:00, run_after=2026-06-12 00:00:00+00:00
[2026-06-12T11:09:39.860+0000] {processor.py:183} INFO - Processing /home/airflow/.local/lib/python3.8/site-packages/airflow/example_dags/example_branch_datetime_operator.py took 0.156 seconds
[2026-06-12T11:10:09.926+0000] {processor.py:161} INFO - Started process (PID=1006) to work on /home/airflow/.local/lib/python3.8/site-packages/airflow/example_dags/example_branch_datetime_operator.py
[2026-06-12T11:10:09.928+0000] {processor.py:830} INFO - Processing file /home/airflow/.local/lib/python3.8/site-packages/airflow/example_dags/example_branch_datetime_operator.py for tasks to queue
[2026-06-12T11:10:09.930+0000] {logging_mixin.py:188} INFO - [2026-06-12T11:10:09.930+0000] {dagbag.py:538} INFO - Filling up the DagBag from /home/airflow/.local/lib/python3.8/site-packages/airflow/example_dags/example_branch_datetime_operator.py
[2026-06-12T11:10:09.948+0000] {processor.py:840} INFO - DAG(s) 'example_branch_datetime_operator_3', 'example_branch_datetime_operator', 'example_branch_datetime_operator_2' retrieved from /home/airflow/.local/lib/python3.8/site-packages/airflow/example_dags/example_branch_datetime_operator.py
[2026-06-12T11:10:09.999+0000] {logging_mixin.py:188} INFO - [2026-06-12T11:10:09.998+0000] {dag.py:3036} INFO - Sync 3 DAGs
[2026-06-12T11:10:10.040+0000] {logging_mixin.py:188} INFO - [2026-06-12T11:10:10.040+0000] {dag.py:3823} INFO - Setting next_dagrun for example_branch_datetime_operator to 2026-06-11 00:00:00+00:00, run_after=2026-06-12 00:00:00+00:00
[2026-06-12T11:10:10.049+0000] {logging_mixin.py:188} INFO - [2026-06-12T11:10:10.048+0000] {dag.py:3823} INFO - Setting next_dagrun for example_branch_datetime_operator_2 to 2026-06-11 00:00:00+00:00, run_after=2026-06-12 00:00:00+00:00
[2026-06-12T11:10:10.055+0000] {logging_mixin.py:188} INFO - [2026-06-12T11:10:10.054+0000] {dag.py:3823} INFO - Setting next_dagrun for example_branch_datetime_operator_3 to 2026-06-11 00:00:00+00:00, run_after=2026-06-12 00:00:00+00:00
[2026-06-12T11:10:10.086+0000] {processor.py:183} INFO - Processing /home/airflow/.local/lib/python3.8/site-packages/airflow/example_dags/example_branch_datetime_operator.py took 0.165 seconds
[2026-06-12T11:10:40.362+0000] {processor.py:161} INFO - Started process (PID=1079) to work on /home/airflow/.local/lib/python3.8/site-packages/airflow/example_dags/example_branch_datetime_operator.py
[2026-06-12T11:10:40.364+0000] {processor.py:830} INFO - Processing file /home/airflow/.local/lib/python3.8/site-packages/airflow/example_dags/example_branch_datetime_operator.py for tasks to queue
[2026-06-12T11:10:40.366+0000] {logging_mixin.py:188} INFO - [2026-06-12T11:10:40.366+0000] {dagbag.py:538} INFO - Filling up the DagBag from /home/airflow/.local/lib/python3.8/site-packages/airflow/example_dags/example_branch_datetime_operator.py
[2026-06-12T11:10:40.383+0000] {processor.py:840} INFO - DAG(s) 'example_branch_datetime_operator_2', 'example_branch_datetime_operator_3', 'example_branch_datetime_operator' retrieved from /home/airflow/.local/lib/python3.8/site-packages/airflow/example_dags/example_branch_datetime_operator.py
[2026-06-12T11:10:40.435+0000] {logging_mixin.py:188} INFO - [2026-06-12T11:10:40.435+0000] {dag.py:3036} INFO - Sync 3 DAGs
[2026-06-12T11:10:40.483+0000] {logging_mixin.py:188} INFO - [2026-06-12T11:10:40.482+0000] {dag.py:3823} INFO - Setting next_dagrun for example_branch_datetime_operator to 2026-06-11 00:00:00+00:00, run_after=2026-06-12 00:00:00+00:00
[2026-06-12T11:10:40.493+0000] {logging_mixin.py:188} INFO - [2026-06-12T11:10:40.493+0000] {dag.py:3823} INFO - Setting next_dagrun for example_branch_datetime_operator_2 to 2026-06-11 00:00:00+00:00, run_after=2026-06-12 00:00:00+00:00
[2026-06-12T11:10:40.499+0000] {logging_mixin.py:188} INFO - [2026-06-12T11:10:40.499+0000] {dag.py:3823} INFO - Setting next_dagrun for example_branch_datetime_operator_3 to 2026-06-11 00:00:00+00:00, run_after=2026-06-12 00:00:00+00:00
[2026-06-12T11:10:40.532+0000] {processor.py:183} INFO - Processing /home/airflow/.local/lib/python3.8/site-packages/airflow/example_dags/example_branch_datetime_operator.py took 0.175 seconds
[2026-06-12T11:11:10.727+0000] {processor.py:161} INFO - Started process (PID=1145) to work on /home/airflow/.local/lib/python3.8/site-packages/airflow/example_dags/example_branch_datetime_operator.py
[2026-06-12T11:11:10.729+0000] {processor.py:830} INFO - Processing file /home/airflow/.local/lib/python3.8/site-packages/airflow/example_dags/example_branch_datetime_operator.py for tasks to queue
[2026-06-12T11:11:10.732+0000] {logging_mixin.py:188} INFO - [2026-06-12T11:11:10.731+0000] {dagbag.py:538} INFO - Filling up the DagBag from /home/airflow/.local/lib/python3.8/site-packages/airflow/example_dags/example_branch_datetime_operator.py
[2026-06-12T11:11:10.748+0000] {processor.py:840} INFO - DAG(s) 'example_branch_datetime_operator_3', 'example_branch_datetime_operator_2', 'example_branch_datetime_operator' retrieved from /home/airflow/.local/lib/python3.8/site-packages/airflow/example_dags/example_branch_datetime_operator.py
[2026-06-12T11:11:10.798+0000] {logging_mixin.py:188} INFO - [2026-06-12T11:11:10.798+0000] {dag.py:3036} INFO - Sync 3 DAGs
[2026-06-12T11:11:10.839+0000] {logging_mixin.py:188} INFO - [2026-06-12T11:11:10.839+0000] {dag.py:3823} INFO - Setting next_dagrun for example_branch_datetime_operator to 2026-06-11 00:00:00+00:00, run_after=2026-06-12 00:00:00+00:00
[2026-06-12T11:11:10.848+0000] {logging_mixin.py:188} INFO - [2026-06-12T11:11:10.848+0000] {dag.py:3823} INFO - Setting next_dagrun for example_branch_datetime_operator_2 to 2026-06-11 00:00:00+00:00, run_after=2026-06-12 00:00:00+00:00
[2026-06-12T11:11:10.853+0000] {logging_mixin.py:188} INFO - [2026-06-12T11:11:10.852+0000] {dag.py:3823} INFO - Setting next_dagrun for example_branch_datetime_operator_3 to 2026-06-11 00:00:00+00:00, run_after=2026-06-12 00:00:00+00:00
[2026-06-12T11:11:10.882+0000] {processor.py:183} INFO - Processing /home/airflow/.local/lib/python3.8/site-packages/airflow/example_dags/example_branch_datetime_operator.py took 0.160 seconds
[2026-06-12T11:11:41.310+0000] {processor.py:161} INFO - Started process (PID=1212) to work on /home/airflow/.local/lib/python3.8/site-packages/airflow/example_dags/example_branch_datetime_operator.py
[2026-06-12T11:11:41.312+0000] {processor.py:830} INFO - Processing file /home/airflow/.local/lib/python3.8/site-packages/airflow/example_dags/example_branch_datetime_operator.py for tasks to queue
[2026-06-12T11:11:41.315+0000] {logging_mixin.py:188} INFO - [2026-06-12T11:11:41.314+0000] {dagbag.py:538} INFO - Filling up the DagBag from /home/airflow/.local/lib/python3.8/site-packages/airflow/example_dags/example_branch_datetime_operator.py
[2026-06-12T11:11:41.334+0000] {processor.py:840} INFO - DAG(s) 'example_branch_datetime_operator', 'example_branch_datetime_operator_3', 'example_branch_datetime_operator_2' retrieved from /home/airflow/.local/lib/python3.8/site-packages/airflow/example_dags/example_branch_datetime_operator.py
[2026-06-12T11:11:41.387+0000] {logging_mixin.py:188} INFO - [2026-06-12T11:11:41.387+0000] {dag.py:3036} INFO - Sync 3 DAGs
[2026-06-12T11:11:41.426+0000] {logging_mixin.py:188} INFO - [2026-06-12T11:11:41.426+0000] {dag.py:3823} INFO - Setting next_dagrun for example_branch_datetime_operator to 2026-06-11 00:00:00+00:00, run_after=2026-06-12 00:00:00+00:00
[2026-06-12T11:11:41.435+0000] {logging_mixin.py:188} INFO - [2026-06-12T11:11:41.434+0000] {dag.py:3823} INFO - Setting next_dagrun for example_branch_datetime_operator_2 to 2026-06-11 00:00:00+00:00, run_after=2026-06-12 00:00:00+00:00
[2026-06-12T11:11:41.440+0000] {logging_mixin.py:188} INFO - [2026-06-12T11:11:41.439+0000] {dag.py:3823} INFO - Setting next_dagrun for example_branch_datetime_operator_3 to 2026-06-11 00:00:00+00:00, run_after=2026-06-12 00:00:00+00:00
[2026-06-12T11:11:41.471+0000] {processor.py:183} INFO - Processing /home/airflow/.local/lib/python3.8/site-packages/airflow/example_dags/example_branch_datetime_operator.py took 0.166 seconds
[2026-06-12T11:12:11.558+0000] {processor.py:161} INFO - Started process (PID=1278) to work on /home/airflow/.local/lib/python3.8/site-packages/airflow/example_dags/example_branch_datetime_operator.py
[2026-06-12T11:12:11.559+0000] {processor.py:830} INFO - Processing file /home/airflow/.local/lib/python3.8/site-packages/airflow/example_dags/example_branch_datetime_operator.py for tasks to queue
[2026-06-12T11:12:11.562+0000] {logging_mixin.py:188} INFO - [2026-06-12T11:12:11.561+0000] {dagbag.py:538} INFO - Filling up the DagBag from /home/airflow/.local/lib/python3.8/site-packages/airflow/example_dags/example_branch_datetime_operator.py
[2026-06-12T11:12:11.577+0000] {processor.py:840} INFO - DAG(s) 'example_branch_datetime_operator', 'example_branch_datetime_operator_2', 'example_branch_datetime_operator_3' retrieved from /home/airflow/.local/lib/python3.8/site-packages/airflow/example_dags/example_branch_datetime_operator.py
[2026-06-12T11:12:11.624+0000] {logging_mixin.py:188} INFO - [2026-06-12T11:12:11.624+0000] {dag.py:3036} INFO - Sync 3 DAGs
[2026-06-12T11:12:11.660+0000] {logging_mixin.py:188} INFO - [2026-06-12T11:12:11.660+0000] {dag.py:3823} INFO - Setting next_dagrun for example_branch_datetime_operator to 2026-06-11 00:00:00+00:00, run_after=2026-06-12 00:00:00+00:00
[2026-06-12T11:12:11.668+0000] {logging_mixin.py:188} INFO - [2026-06-12T11:12:11.667+0000] {dag.py:3823} INFO - Setting next_dagrun for example_branch_datetime_operator_2 to 2026-06-11 00:00:00+00:00, run_after=2026-06-12 00:00:00+00:00
[2026-06-12T11:12:11.672+0000] {logging_mixin.py:188} INFO - [2026-06-12T11:12:11.672+0000] {dag.py:3823} INFO - Setting next_dagrun for example_branch_datetime_operator_3 to 2026-06-11 00:00:00+00:00, run_after=2026-06-12 00:00:00+00:00
[2026-06-12T11:12:11.701+0000] {processor.py:183} INFO - Processing /home/airflow/.local/lib/python3.8/site-packages/airflow/example_dags/example_branch_datetime_operator.py took 0.147 seconds
[2026-06-12T11:12:41.877+0000] {processor.py:161} INFO - Started process (PID=1345) to work on /home/airflow/.local/lib/python3.8/site-packages/airflow/example_dags/example_branch_datetime_operator.py
[2026-06-12T11:12:41.878+0000] {processor.py:830} INFO - Processing file /home/airflow/.local/lib/python3.8/site-packages/airflow/example_dags/example_branch_datetime_operator.py for tasks to queue
[2026-06-12T11:12:41.881+0000] {logging_mixin.py:188} INFO - [2026-06-12T11:12:41.881+0000] {dagbag.py:538} INFO - Filling up the DagBag from /home/airflow/.local/lib/python3.8/site-packages/airflow/example_dags/example_branch_datetime_operator.py
[2026-06-12T11:12:41.897+0000] {processor.py:840} INFO - DAG(s) 'example_branch_datetime_operator', 'example_branch_datetime_operator_3', 'example_branch_datetime_operator_2' retrieved from /home/airflow/.local/lib/python3.8/site-packages/airflow/example_dags/example_branch_datetime_operator.py
[2026-06-12T11:12:41.944+0000] {logging_mixin.py:188} INFO - [2026-06-12T11:12:41.943+0000] {dag.py:3036} INFO - Sync 3 DAGs
[2026-06-12T11:12:41.981+0000] {logging_mixin.py:188} INFO - [2026-06-12T11:12:41.981+0000] {dag.py:3823} INFO - Setting next_dagrun for example_branch_datetime_operator to 2026-06-11 00:00:00+00:00, run_after=2026-06-12 00:00:00+00:00
[2026-06-12T11:12:41.992+0000] {logging_mixin.py:188} INFO - [2026-06-12T11:12:41.992+0000] {dag.py:3823} INFO - Setting next_dagrun for example_branch_datetime_operator_2 to 2026-06-11 00:00:00+00:00, run_after=2026-06-12 00:00:00+00:00
[2026-06-12T11:12:41.997+0000] {logging_mixin.py:188} INFO - [2026-06-12T11:12:41.997+0000] {dag.py:3823} INFO - Setting next_dagrun for example_branch_datetime_operator_3 to 2026-06-11 00:00:00+00:00, run_after=2026-06-12 00:00:00+00:00
[2026-06-12T11:12:42.027+0000] {processor.py:183} INFO - Processing /home/airflow/.local/lib/python3.8/site-packages/airflow/example_dags/example_branch_datetime_operator.py took 0.155 seconds
[2026-06-12T11:13:12.387+0000] {processor.py:161} INFO - Started process (PID=1411) to work on /home/airflow/.local/lib/python3.8/site-packages/airflow/example_dags/example_branch_datetime_operator.py
[2026-06-12T11:13:12.389+0000] {processor.py:830} INFO - Processing file /home/airflow/.local/lib/python3.8/site-packages/airflow/example_dags/example_branch_datetime_operator.py for tasks to queue
[2026-06-12T11:13:12.392+0000] {logging_mixin.py:188} INFO - [2026-06-12T11:13:12.391+0000] {dagbag.py:538} INFO - Filling up the DagBag from /home/airflow/.local/lib/python3.8/site-packages/airflow/example_dags/example_branch_datetime_operator.py
[2026-06-12T11:13:12.410+0000] {processor.py:840} INFO - DAG(s) 'example_branch_datetime_operator_2', 'example_branch_datetime_operator_3', 'example_branch_datetime_operator' retrieved from /home/airflow/.local/lib/python3.8/site-packages/airflow/example_dags/example_branch_datetime_operator.py
[2026-06-12T11:13:12.461+0000] {logging_mixin.py:188} INFO - [2026-06-12T11:13:12.461+0000] {dag.py:3036} INFO - Sync 3 DAGs
[2026-06-12T11:13:12.505+0000] {logging_mixin.py:188} INFO - [2026-06-12T11:13:12.504+0000] {dag.py:3823} INFO - Setting next_dagrun for example_branch_datetime_operator to 2026-06-11 00:00:00+00:00, run_after=2026-06-12 00:00:00+00:00
[2026-06-12T11:13:12.514+0000] {logging_mixin.py:188} INFO - [2026-06-12T11:13:12.514+0000] {dag.py:3823} INFO - Setting next_dagrun for example_branch_datetime_operator_2 to 2026-06-11 00:00:00+00:00, run_after=2026-06-12 00:00:00+00:00
[2026-06-12T11:13:12.519+0000] {logging_mixin.py:188} INFO - [2026-06-12T11:13:12.518+0000] {dag.py:3823} INFO - Setting next_dagrun for example_branch_datetime_operator_3 to 2026-06-11 00:00:00+00:00, run_after=2026-06-12 00:00:00+00:00
[2026-06-12T11:13:12.547+0000] {processor.py:183} INFO - Processing /home/airflow/.local/lib/python3.8/site-packages/airflow/example_dags/example_branch_datetime_operator.py took 0.167 seconds
[2026-06-12T11:13:43.019+0000] {processor.py:161} INFO - Started process (PID=1477) to work on /home/airflow/.local/lib/python3.8/site-packages/airflow/example_dags/example_branch_datetime_operator.py
[2026-06-12T11:13:43.020+0000] {processor.py:830} INFO - Processing file /home/airflow/.local/lib/python3.8/site-packages/airflow/example_dags/example_branch_datetime_operator.py for tasks to queue
[2026-06-12T11:13:43.023+0000] {logging_mixin.py:188} INFO - [2026-06-12T11:13:43.022+0000] {dagbag.py:538} INFO - Filling up the DagBag from /home/airflow/.local/lib/python3.8/site-packages/airflow/example_dags/example_branch_datetime_operator.py
[2026-06-12T11:13:43.039+0000] {processor.py:840} INFO - DAG(s) 'example_branch_datetime_operator_2', 'example_branch_datetime_operator_3', 'example_branch_datetime_operator' retrieved from /home/airflow/.local/lib/python3.8/site-packages/airflow/example_dags/example_branch_datetime_operator.py
[2026-06-12T11:13:43.091+0000] {logging_mixin.py:188} INFO - [2026-06-12T11:13:43.091+0000] {dag.py:3036} INFO - Sync 3 DAGs
[2026-06-12T11:13:43.130+0000] {logging_mixin.py:188} INFO - [2026-06-12T11:13:43.129+0000] {dag.py:3823} INFO - Setting next_dagrun for example_branch_datetime_operator to 2026-06-11 00:00:00+00:00, run_after=2026-06-12 00:00:00+00:00
[2026-06-12T11:13:43.141+0000] {logging_mixin.py:188} INFO - [2026-06-12T11:13:43.140+0000] {dag.py:3823} INFO - Setting next_dagrun for example_branch_datetime_operator_2 to 2026-06-11 00:00:00+00:00, run_after=2026-06-12 00:00:00+00:00
[2026-06-12T11:13:43.147+0000] {logging_mixin.py:188} INFO - [2026-06-12T11:13:43.147+0000] {dag.py:3823} INFO - Setting next_dagrun for example_branch_datetime_operator_3 to 2026-06-11 00:00:00+00:00, run_after=2026-06-12 00:00:00+00:00
[2026-06-12T11:13:43.179+0000] {processor.py:183} INFO - Processing /home/airflow/.local/lib/python3.8/site-packages/airflow/example_dags/example_branch_datetime_operator.py took 0.166 seconds
[2026-06-12T11:14:14.136+0000] {processor.py:161} INFO - Started process (PID=1544) to work on /home/airflow/.local/lib/python3.8/site-packages/airflow/example_dags/example_branch_datetime_operator.py
[2026-06-12T11:14:14.138+0000] {processor.py:830} INFO - Processing file /home/airflow/.local/lib/python3.8/site-packages/airflow/example_dags/example_branch_datetime_operator.py for tasks to queue
[2026-06-12T11:14:14.140+0000] {logging_mixin.py:188} INFO - [2026-06-12T11:14:14.140+0000] {dagbag.py:538} INFO - Filling up the DagBag from /home/airflow/.local/lib/python3.8/site-packages/airflow/example_dags/example_branch_datetime_operator.py
[2026-06-12T11:14:14.158+0000] {processor.py:840} INFO - DAG(s) 'example_branch_datetime_operator_3', 'example_branch_datetime_operator', 'example_branch_datetime_operator_2' retrieved from /home/airflow/.local/lib/python3.8/site-packages/airflow/example_dags/example_branch_datetime_operator.py
[2026-06-12T11:14:14.214+0000] {logging_mixin.py:188} INFO - [2026-06-12T11:14:14.213+0000] {dag.py:3036} INFO - Sync 3 DAGs
[2026-06-12T11:14:14.264+0000] {logging_mixin.py:188} INFO - [2026-06-12T11:14:14.264+0000] {dag.py:3823} INFO - Setting next_dagrun for example_branch_datetime_operator to 2026-06-11 00:00:00+00:00, run_after=2026-06-12 00:00:00+00:00
[2026-06-12T11:14:14.274+0000] {logging_mixin.py:188} INFO - [2026-06-12T11:14:14.274+0000] {dag.py:3823} INFO - Setting next_dagrun for example_branch_datetime_operator_2 to 2026-06-11 00:00:00+00:00, run_after=2026-06-12 00:00:00+00:00
[2026-06-12T11:14:14.281+0000] {logging_mixin.py:188} INFO - [2026-06-12T11:14:14.280+0000] {dag.py:3823} INFO - Setting next_dagrun for example_branch_datetime_operator_3 to 2026-06-11 00:00:00+00:00, run_after=2026-06-12 00:00:00+00:00
[2026-06-12T11:14:14.314+0000] {processor.py:183} INFO - Processing /home/airflow/.local/lib/python3.8/site-packages/airflow/example_dags/example_branch_datetime_operator.py took 0.183 seconds
[2026-06-12T11:14:44.765+0000] {processor.py:161} INFO - Started process (PID=1617) to work on /home/airflow/.local/lib/python3.8/site-packages/airflow/example_dags/example_branch_datetime_operator.py
[2026-06-12T11:14:44.766+0000] {processor.py:830} INFO - Processing file /home/airflow/.local/lib/python3.8/site-packages/airflow/example_dags/example_branch_datetime_operator.py for tasks to queue
[2026-06-12T11:14:44.769+0000] {logging_mixin.py:188} INFO - [2026-06-12T11:14:44.769+0000] {dagbag.py:538} INFO - Filling up the DagBag from /home/airflow/.local/lib/python3.8/site-packages/airflow/example_dags/example_branch_datetime_operator.py
[2026-06-12T11:14:44.790+0000] {processor.py:840} INFO - DAG(s) 'example_branch_datetime_operator_2', 'example_branch_datetime_operator_3', 'example_branch_datetime_operator' retrieved from /home/airflow/.local/lib/python3.8/site-packages/airflow/example_dags/example_branch_datetime_operator.py
[2026-06-12T11:14:44.845+0000] {logging_mixin.py:188} INFO - [2026-06-12T11:14:44.845+0000] {dag.py:3036} INFO - Sync 3 DAGs
[2026-06-12T11:14:44.888+0000] {logging_mixin.py:188} INFO - [2026-06-12T11:14:44.888+0000] {dag.py:3823} INFO - Setting next_dagrun for example_branch_datetime_operator to 2026-06-11 00:00:00+00:00, run_after=2026-06-12 00:00:00+00:00
[2026-06-12T11:14:44.896+0000] {logging_mixin.py:188} INFO - [2026-06-12T11:14:44.896+0000] {dag.py:3823} INFO - Setting next_dagrun for example_branch_datetime_operator_2 to 2026-06-11 00:00:00+00:00, run_after=2026-06-12 00:00:00+00:00
[2026-06-12T11:14:44.903+0000] {logging_mixin.py:188} INFO - [2026-06-12T11:14:44.902+0000] {dag.py:3823} INFO - Setting next_dagrun for example_branch_datetime_operator_3 to 2026-06-11 00:00:00+00:00, run_after=2026-06-12 00:00:00+00:00
[2026-06-12T11:14:44.946+0000] {processor.py:183} INFO - Processing /home/airflow/.local/lib/python3.8/site-packages/airflow/example_dags/example_branch_datetime_operator.py took 0.186 seconds
[2026-06-12T11:15:15.047+0000] {processor.py:161} INFO - Started process (PID=1684) to work on /home/airflow/.local/lib/python3.8/site-packages/airflow/example_dags/example_branch_datetime_operator.py
[2026-06-12T11:15:15.049+0000] {processor.py:830} INFO - Processing file /home/airflow/.local/lib/python3.8/site-packages/airflow/example_dags/example_branch_datetime_operator.py for tasks to queue
[2026-06-12T11:15:15.052+0000] {logging_mixin.py:188} INFO - [2026-06-12T11:15:15.051+0000] {dagbag.py:538} INFO - Filling up the DagBag from /home/airflow/.local/lib/python3.8/site-packages/airflow/example_dags/example_branch_datetime_operator.py
[2026-06-12T11:15:15.072+0000] {processor.py:840} INFO - DAG(s) 'example_branch_datetime_operator', 'example_branch_datetime_operator_3', 'example_branch_datetime_operator_2' retrieved from /home/airflow/.local/lib/python3.8/site-packages/airflow/example_dags/example_branch_datetime_operator.py
[2026-06-12T11:15:15.130+0000] {logging_mixin.py:188} INFO - [2026-06-12T11:15:15.129+0000] {dag.py:3036} INFO - Sync 3 DAGs
[2026-06-12T11:15:15.180+0000] {logging_mixin.py:188} INFO - [2026-06-12T11:15:15.179+0000] {dag.py:3823} INFO - Setting next_dagrun for example_branch_datetime_operator to 2026-06-11 00:00:00+00:00, run_after=2026-06-12 00:00:00+00:00
[2026-06-12T11:15:15.190+0000] {logging_mixin.py:188} INFO - [2026-06-12T11:15:15.190+0000] {dag.py:3823} INFO - Setting next_dagrun for example_branch_datetime_operator_2 to 2026-06-11 00:00:00+00:00, run_after=2026-06-12 00:00:00+00:00
[2026-06-12T11:15:15.197+0000] {logging_mixin.py:188} INFO - [2026-06-12T11:15:15.197+0000] {dag.py:3823} INFO - Setting next_dagrun for example_branch_datetime_operator_3 to 2026-06-11 00:00:00+00:00, run_after=2026-06-12 00:00:00+00:00
[2026-06-12T11:15:15.229+0000] {processor.py:183} INFO - Processing /home/airflow/.local/lib/python3.8/site-packages/airflow/example_dags/example_branch_datetime_operator.py took 0.188 seconds
[2026-06-12T11:15:45.527+0000] {processor.py:161} INFO - Started process (PID=1750) to work on /home/airflow/.local/lib/python3.8/site-packages/airflow/example_dags/example_branch_datetime_operator.py
[2026-06-12T11:15:45.528+0000] {processor.py:830} INFO - Processing file /home/airflow/.local/lib/python3.8/site-packages/airflow/example_dags/example_branch_datetime_operator.py for tasks to queue
[2026-06-12T11:15:45.531+0000] {logging_mixin.py:188} INFO - [2026-06-12T11:15:45.530+0000] {dagbag.py:538} INFO - Filling up the DagBag from /home/airflow/.local/lib/python3.8/site-packages/airflow/example_dags/example_branch_datetime_operator.py
[2026-06-12T11:15:45.552+0000] {processor.py:840} INFO - DAG(s) 'example_branch_datetime_operator_2', 'example_branch_datetime_operator', 'example_branch_datetime_operator_3' retrieved from /home/airflow/.local/lib/python3.8/site-packages/airflow/example_dags/example_branch_datetime_operator.py
[2026-06-12T11:15:45.609+0000] {logging_mixin.py:188} INFO - [2026-06-12T11:15:45.609+0000] {dag.py:3036} INFO - Sync 3 DAGs
[2026-06-12T11:15:45.658+0000] {logging_mixin.py:188} INFO - [2026-06-12T11:15:45.658+0000] {dag.py:3823} INFO - Setting next_dagrun for example_branch_datetime_operator to 2026-06-11 00:00:00+00:00, run_after=2026-06-12 00:00:00+00:00
[2026-06-12T11:15:45.669+0000] {logging_mixin.py:188} INFO - [2026-06-12T11:15:45.668+0000] {dag.py:3823} INFO - Setting next_dagrun for example_branch_datetime_operator_2 to 2026-06-11 00:00:00+00:00, run_after=2026-06-12 00:00:00+00:00
[2026-06-12T11:15:45.675+0000] {logging_mixin.py:188} INFO - [2026-06-12T11:15:45.675+0000] {dag.py:3823} INFO - Setting next_dagrun for example_branch_datetime_operator_3 to 2026-06-11 00:00:00+00:00, run_after=2026-06-12 00:00:00+00:00
[2026-06-12T11:15:45.706+0000] {processor.py:183} INFO - Processing /home/airflow/.local/lib/python3.8/site-packages/airflow/example_dags/example_branch_datetime_operator.py took 0.188 seconds
[2026-06-12T11:16:16.198+0000] {processor.py:161} INFO - Started process (PID=1815) to work on /home/airflow/.local/lib/python3.8/site-packages/airflow/example_dags/example_branch_datetime_operator.py
[2026-06-12T11:16:16.200+0000] {processor.py:830} INFO - Processing file /home/airflow/.local/lib/python3.8/site-packages/airflow/example_dags/example_branch_datetime_operator.py for tasks to queue
[2026-06-12T11:16:16.203+0000] {logging_mixin.py:188} INFO - [2026-06-12T11:16:16.202+0000] {dagbag.py:538} INFO - Filling up the DagBag from /home/airflow/.local/lib/python3.8/site-packages/airflow/example_dags/example_branch_datetime_operator.py
[2026-06-12T11:16:16.224+0000] {processor.py:840} INFO - DAG(s) 'example_branch_datetime_operator', 'example_branch_datetime_operator_3', 'example_branch_datetime_operator_2' retrieved from /home/airflow/.local/lib/python3.8/site-packages/airflow/example_dags/example_branch_datetime_operator.py
[2026-06-12T11:16:16.289+0000] {logging_mixin.py:188} INFO - [2026-06-12T11:16:16.289+0000] {dag.py:3036} INFO - Sync 3 DAGs
[2026-06-12T11:16:16.342+0000] {logging_mixin.py:188} INFO - [2026-06-12T11:16:16.342+0000] {dag.py:3823} INFO - Setting next_dagrun for example_branch_datetime_operator to 2026-06-11 00:00:00+00:00, run_after=2026-06-12 00:00:00+00:00
[2026-06-12T11:16:16.353+0000] {logging_mixin.py:188} INFO - [2026-06-12T11:16:16.352+0000] {dag.py:3823} INFO - Setting next_dagrun for example_branch_datetime_operator_2 to 2026-06-11 00:00:00+00:00, run_after=2026-06-12 00:00:00+00:00
[2026-06-12T11:16:16.358+0000] {logging_mixin.py:188} INFO - [2026-06-12T11:16:16.358+0000] {dag.py:3823} INFO - Setting next_dagrun for example_branch_datetime_operator_3 to 2026-06-11 00:00:00+00:00, run_after=2026-06-12 00:00:00+00:00
[2026-06-12T11:16:16.429+0000] {processor.py:183} INFO - Processing /home/airflow/.local/lib/python3.8/site-packages/airflow/example_dags/example_branch_datetime_operator.py took 0.237 seconds
[2026-06-12T11:16:46.810+0000] {processor.py:161} INFO - Started process (PID=1881) to work on /home/airflow/.local/lib/python3.8/site-packages/airflow/example_dags/example_branch_datetime_operator.py
[2026-06-12T11:16:46.816+0000] {processor.py:830} INFO - Processing file /home/airflow/.local/lib/python3.8/site-packages/airflow/example_dags/example_branch_datetime_operator.py for tasks to queue
[2026-06-12T11:16:46.819+0000] {logging_mixin.py:188} INFO - [2026-06-12T11:16:46.819+0000] {dagbag.py:538} INFO - Filling up the DagBag from /home/airflow/.local/lib/python3.8/site-packages/airflow/example_dags/example_branch_datetime_operator.py
[2026-06-12T11:16:46.849+0000] {processor.py:840} INFO - DAG(s) 'example_branch_datetime_operator', 'example_branch_datetime_operator_2', 'example_branch_datetime_operator_3' retrieved from /home/airflow/.local/lib/python3.8/site-packages/airflow/example_dags/example_branch_datetime_operator.py
[2026-06-12T11:16:46.911+0000] {logging_mixin.py:188} INFO - [2026-06-12T11:16:46.910+0000] {dag.py:3036} INFO - Sync 3 DAGs
[2026-06-12T11:16:46.951+0000] {logging_mixin.py:188} INFO - [2026-06-12T11:16:46.950+0000] {dag.py:3823} INFO - Setting next_dagrun for example_branch_datetime_operator to 2026-06-11 00:00:00+00:00, run_after=2026-06-12 00:00:00+00:00
[2026-06-12T11:16:46.961+0000] {logging_mixin.py:188} INFO - [2026-06-12T11:16:46.960+0000] {dag.py:3823} INFO - Setting next_dagrun for example_branch_datetime_operator_2 to 2026-06-11 00:00:00+00:00, run_after=2026-06-12 00:00:00+00:00
[2026-06-12T11:16:46.965+0000] {logging_mixin.py:188} INFO - [2026-06-12T11:16:46.965+0000] {dag.py:3823} INFO - Setting next_dagrun for example_branch_datetime_operator_3 to 2026-06-11 00:00:00+00:00, run_after=2026-06-12 00:00:00+00:00
[2026-06-12T11:16:46.990+0000] {processor.py:183} INFO - Processing /home/airflow/.local/lib/python3.8/site-packages/airflow/example_dags/example_branch_datetime_operator.py took 0.187 seconds
[2026-06-12T11:17:17.322+0000] {processor.py:161} INFO - Started process (PID=1946) to work on /home/airflow/.local/lib/python3.8/site-packages/airflow/example_dags/example_branch_datetime_operator.py
[2026-06-12T11:17:17.323+0000] {processor.py:830} INFO - Processing file /home/airflow/.local/lib/python3.8/site-packages/airflow/example_dags/example_branch_datetime_operator.py for tasks to queue
[2026-06-12T11:17:17.325+0000] {logging_mixin.py:188} INFO - [2026-06-12T11:17:17.325+0000] {dagbag.py:538} INFO - Filling up the DagBag from /home/airflow/.local/lib/python3.8/site-packages/airflow/example_dags/example_branch_datetime_operator.py
[2026-06-12T11:17:17.341+0000] {processor.py:840} INFO - DAG(s) 'example_branch_datetime_operator', 'example_branch_datetime_operator_2', 'example_branch_datetime_operator_3' retrieved from /home/airflow/.local/lib/python3.8/site-packages/airflow/example_dags/example_branch_datetime_operator.py
[2026-06-12T11:17:17.396+0000] {logging_mixin.py:188} INFO - [2026-06-12T11:17:17.395+0000] {dag.py:3036} INFO - Sync 3 DAGs
[2026-06-12T11:17:17.440+0000] {logging_mixin.py:188} INFO - [2026-06-12T11:17:17.440+0000] {dag.py:3823} INFO - Setting next_dagrun for example_branch_datetime_operator to 2026-06-11 00:00:00+00:00, run_after=2026-06-12 00:00:00+00:00
[2026-06-12T11:17:17.449+0000] {logging_mixin.py:188} INFO - [2026-06-12T11:17:17.449+0000] {dag.py:3823} INFO - Setting next_dagrun for example_branch_datetime_operator_2 to 2026-06-11 00:00:00+00:00, run_after=2026-06-12 00:00:00+00:00
[2026-06-12T11:17:17.454+0000] {logging_mixin.py:188} INFO - [2026-06-12T11:17:17.453+0000] {dag.py:3823} INFO - Setting next_dagrun for example_branch_datetime_operator_3 to 2026-06-11 00:00:00+00:00, run_after=2026-06-12 00:00:00+00:00
[2026-06-12T11:17:17.481+0000] {processor.py:183} INFO - Processing /home/airflow/.local/lib/python3.8/site-packages/airflow/example_dags/example_branch_datetime_operator.py took 0.164 seconds
[2026-06-12T11:17:47.705+0000] {processor.py:161} INFO - Started process (PID=2012) to work on /home/airflow/.local/lib/python3.8/site-packages/airflow/example_dags/example_branch_datetime_operator.py
[2026-06-12T11:17:47.707+0000] {processor.py:830} INFO - Processing file /home/airflow/.local/lib/python3.8/site-packages/airflow/example_dags/example_branch_datetime_operator.py for tasks to queue
[2026-06-12T11:17:47.710+0000] {logging_mixin.py:188} INFO - [2026-06-12T11:17:47.709+0000] {dagbag.py:538} INFO - Filling up the DagBag from /home/airflow/.local/lib/python3.8/site-packages/airflow/example_dags/example_branch_datetime_operator.py
[2026-06-12T11:17:47.726+0000] {processor.py:840} INFO - DAG(s) 'example_branch_datetime_operator_3', 'example_branch_datetime_operator_2', 'example_branch_datetime_operator' retrieved from /home/airflow/.local/lib/python3.8/site-packages/airflow/example_dags/example_branch_datetime_operator.py
[2026-06-12T11:17:47.775+0000] {logging_mixin.py:188} INFO - [2026-06-12T11:17:47.775+0000] {dag.py:3036} INFO - Sync 3 DAGs
[2026-06-12T11:17:47.811+0000] {logging_mixin.py:188} INFO - [2026-06-12T11:17:47.811+0000] {dag.py:3823} INFO - Setting next_dagrun for example_branch_datetime_operator to 2026-06-11 00:00:00+00:00, run_after=2026-06-12 00:00:00+00:00
[2026-06-12T11:17:47.819+0000] {logging_mixin.py:188} INFO - [2026-06-12T11:17:47.819+0000] {dag.py:3823} INFO - Setting next_dagrun for example_branch_datetime_operator_2 to 2026-06-11 00:00:00+00:00, run_after=2026-06-12 00:00:00+00:00
[2026-06-12T11:17:47.824+0000] {logging_mixin.py:188} INFO - [2026-06-12T11:17:47.823+0000] {dag.py:3823} INFO - Setting next_dagrun for example_branch_datetime_operator_3 to 2026-06-11 00:00:00+00:00, run_after=2026-06-12 00:00:00+00:00
[2026-06-12T11:17:47.850+0000] {processor.py:183} INFO - Processing /home/airflow/.local/lib/python3.8/site-packages/airflow/example_dags/example_branch_datetime_operator.py took 0.152 seconds
[2026-06-12T11:18:17.938+0000] {processor.py:161} INFO - Started process (PID=2078) to work on /home/airflow/.local/lib/python3.8/site-packages/airflow/example_dags/example_branch_datetime_operator.py
[2026-06-12T11:18:17.940+0000] {processor.py:830} INFO - Processing file /home/airflow/.local/lib/python3.8/site-packages/airflow/example_dags/example_branch_datetime_operator.py for tasks to queue
[2026-06-12T11:18:17.943+0000] {logging_mixin.py:188} INFO - [2026-06-12T11:18:17.942+0000] {dagbag.py:538} INFO - Filling up the DagBag from /home/airflow/.local/lib/python3.8/site-packages/airflow/example_dags/example_branch_datetime_operator.py
[2026-06-12T11:18:17.959+0000] {processor.py:840} INFO - DAG(s) 'example_branch_datetime_operator', 'example_branch_datetime_operator_3', 'example_branch_datetime_operator_2' retrieved from /home/airflow/.local/lib/python3.8/site-packages/airflow/example_dags/example_branch_datetime_operator.py
[2026-06-12T11:18:18.009+0000] {logging_mixin.py:188} INFO - [2026-06-12T11:18:18.009+0000] {dag.py:3036} INFO - Sync 3 DAGs
[2026-06-12T11:18:18.048+0000] {logging_mixin.py:188} INFO - [2026-06-12T11:18:18.048+0000] {dag.py:3823} INFO - Setting next_dagrun for example_branch_datetime_operator to 2026-06-11 00:00:00+00:00, run_after=2026-06-12 00:00:00+00:00
[2026-06-12T11:18:18.057+0000] {logging_mixin.py:188} INFO - [2026-06-12T11:18:18.056+0000] {dag.py:3823} INFO - Setting next_dagrun for example_branch_datetime_operator_2 to 2026-06-11 00:00:00+00:00, run_after=2026-06-12 00:00:00+00:00
[2026-06-12T11:18:18.061+0000] {logging_mixin.py:188} INFO - [2026-06-12T11:18:18.061+0000] {dag.py:3823} INFO - Setting next_dagrun for example_branch_datetime_operator_3 to 2026-06-11 00:00:00+00:00, run_after=2026-06-12 00:00:00+00:00
[2026-06-12T11:18:18.093+0000] {processor.py:183} INFO - Processing /home/airflow/.local/lib/python3.8/site-packages/airflow/example_dags/example_branch_datetime_operator.py took 0.159 seconds
[2026-06-12T11:18:48.190+0000] {processor.py:161} INFO - Started process (PID=2144) to work on /home/airflow/.local/lib/python3.8/site-packages/airflow/example_dags/example_branch_datetime_operator.py
[2026-06-12T11:18:48.193+0000] {processor.py:830} INFO - Processing file /home/airflow/.local/lib/python3.8/site-packages/airflow/example_dags/example_branch_datetime_operator.py for tasks to queue
[2026-06-12T11:18:48.195+0000] {logging_mixin.py:188} INFO - [2026-06-12T11:18:48.195+0000] {dagbag.py:538} INFO - Filling up the DagBag from /home/airflow/.local/lib/python3.8/site-packages/airflow/example_dags/example_branch_datetime_operator.py
[2026-06-12T11:18:48.213+0000] {processor.py:840} INFO - DAG(s) 'example_branch_datetime_operator_3', 'example_branch_datetime_operator', 'example_branch_datetime_operator_2' retrieved from /home/airflow/.local/lib/python3.8/site-packages/airflow/example_dags/example_branch_datetime_operator.py
[2026-06-12T11:18:48.266+0000] {logging_mixin.py:188} INFO - [2026-06-12T11:18:48.265+0000] {dag.py:3036} INFO - Sync 3 DAGs
[2026-06-12T11:18:48.307+0000] {logging_mixin.py:188} INFO - [2026-06-12T11:18:48.307+0000] {dag.py:3823} INFO - Setting next_dagrun for example_branch_datetime_operator to 2026-06-11 00:00:00+00:00, run_after=2026-06-12 00:00:00+00:00
[2026-06-12T11:18:48.317+0000] {logging_mixin.py:188} INFO - [2026-06-12T11:18:48.317+0000] {dag.py:3823} INFO - Setting next_dagrun for example_branch_datetime_operator_2 to 2026-06-11 00:00:00+00:00, run_after=2026-06-12 00:00:00+00:00
[2026-06-12T11:18:48.323+0000] {logging_mixin.py:188} INFO - [2026-06-12T11:18:48.322+0000] {dag.py:3823} INFO - Setting next_dagrun for example_branch_datetime_operator_3 to 2026-06-11 00:00:00+00:00, run_after=2026-06-12 00:00:00+00:00
[2026-06-12T11:18:48.355+0000] {processor.py:183} INFO - Processing /home/airflow/.local/lib/python3.8/site-packages/airflow/example_dags/example_branch_datetime_operator.py took 0.169 seconds
[2026-06-12T11:19:18.485+0000] {processor.py:161} INFO - Started process (PID=2210) to work on /home/airflow/.local/lib/python3.8/site-packages/airflow/example_dags/example_branch_datetime_operator.py
[2026-06-12T11:19:18.486+0000] {processor.py:830} INFO - Processing file /home/airflow/.local/lib/python3.8/site-packages/airflow/example_dags/example_branch_datetime_operator.py for tasks to queue
[2026-06-12T11:19:18.489+0000] {logging_mixin.py:188} INFO - [2026-06-12T11:19:18.488+0000] {dagbag.py:538} INFO - Filling up the DagBag from /home/airflow/.local/lib/python3.8/site-packages/airflow/example_dags/example_branch_datetime_operator.py
[2026-06-12T11:19:18.504+0000] {processor.py:840} INFO - DAG(s) 'example_branch_datetime_operator_2', 'example_branch_datetime_operator', 'example_branch_datetime_operator_3' retrieved from /home/airflow/.local/lib/python3.8/site-packages/airflow/example_dags/example_branch_datetime_operator.py
[2026-06-12T11:19:18.553+0000] {logging_mixin.py:188} INFO - [2026-06-12T11:19:18.552+0000] {dag.py:3036} INFO - Sync 3 DAGs
[2026-06-12T11:19:18.592+0000] {logging_mixin.py:188} INFO - [2026-06-12T11:19:18.592+0000] {dag.py:3823} INFO - Setting next_dagrun for example_branch_datetime_operator to 2026-06-11 00:00:00+00:00, run_after=2026-06-12 00:00:00+00:00
[2026-06-12T11:19:18.604+0000] {logging_mixin.py:188} INFO - [2026-06-12T11:19:18.604+0000] {dag.py:3823} INFO - Setting next_dagrun for example_branch_datetime_operator_2 to 2026-06-11 00:00:00+00:00, run_after=2026-06-12 00:00:00+00:00
[2026-06-12T11:19:18.610+0000] {logging_mixin.py:188} INFO - [2026-06-12T11:19:18.610+0000] {dag.py:3823} INFO - Setting next_dagrun for example_branch_datetime_operator_3 to 2026-06-11 00:00:00+00:00, run_after=2026-06-12 00:00:00+00:00
[2026-06-12T11:19:18.636+0000] {processor.py:183} INFO - Processing /home/airflow/.local/lib/python3.8/site-packages/airflow/example_dags/example_branch_datetime_operator.py took 0.155 seconds
[2026-06-12T11:19:48.733+0000] {processor.py:161} INFO - Started process (PID=2276) to work on /home/airflow/.local/lib/python3.8/site-packages/airflow/example_dags/example_branch_datetime_operator.py
[2026-06-12T11:19:48.735+0000] {processor.py:830} INFO - Processing file /home/airflow/.local/lib/python3.8/site-packages/airflow/example_dags/example_branch_datetime_operator.py for tasks to queue
[2026-06-12T11:19:48.738+0000] {logging_mixin.py:188} INFO - [2026-06-12T11:19:48.738+0000] {dagbag.py:538} INFO - Filling up the DagBag from /home/airflow/.local/lib/python3.8/site-packages/airflow/example_dags/example_branch_datetime_operator.py
[2026-06-12T11:19:48.755+0000] {processor.py:840} INFO - DAG(s) 'example_branch_datetime_operator', 'example_branch_datetime_operator_2', 'example_branch_datetime_operator_3' retrieved from /home/airflow/.local/lib/python3.8/site-packages/airflow/example_dags/example_branch_datetime_operator.py
[2026-06-12T11:19:48.810+0000] {logging_mixin.py:188} INFO - [2026-06-12T11:19:48.809+0000] {dag.py:3036} INFO - Sync 3 DAGs
[2026-06-12T11:19:48.848+0000] {logging_mixin.py:188} INFO - [2026-06-12T11:19:48.847+0000] {dag.py:3823} INFO - Setting next_dagrun for example_branch_datetime_operator to 2026-06-11 00:00:00+00:00, run_after=2026-06-12 00:00:00+00:00
[2026-06-12T11:19:48.856+0000] {logging_mixin.py:188} INFO - [2026-06-12T11:19:48.856+0000] {dag.py:3823} INFO - Setting next_dagrun for example_branch_datetime_operator_2 to 2026-06-11 00:00:00+00:00, run_after=2026-06-12 00:00:00+00:00
[2026-06-12T11:19:48.861+0000] {logging_mixin.py:188} INFO - [2026-06-12T11:19:48.860+0000] {dag.py:3823} INFO - Setting next_dagrun for example_branch_datetime_operator_3 to 2026-06-11 00:00:00+00:00, run_after=2026-06-12 00:00:00+00:00
[2026-06-12T11:19:48.885+0000] {processor.py:183} INFO - Processing /home/airflow/.local/lib/python3.8/site-packages/airflow/example_dags/example_branch_datetime_operator.py took 0.157 seconds
[2026-06-12T11:20:19.016+0000] {processor.py:161} INFO - Started process (PID=2350) to work on /home/airflow/.local/lib/python3.8/site-packages/airflow/example_dags/example_branch_datetime_operator.py
[2026-06-12T11:20:19.018+0000] {processor.py:830} INFO - Processing file /home/airflow/.local/lib/python3.8/site-packages/airflow/example_dags/example_branch_datetime_operator.py for tasks to queue
[2026-06-12T11:20:19.020+0000] {logging_mixin.py:188} INFO - [2026-06-12T11:20:19.020+0000] {dagbag.py:538} INFO - Filling up the DagBag from /home/airflow/.local/lib/python3.8/site-packages/airflow/example_dags/example_branch_datetime_operator.py
[2026-06-12T11:20:19.037+0000] {processor.py:840} INFO - DAG(s) 'example_branch_datetime_operator_2', 'example_branch_datetime_operator', 'example_branch_datetime_operator_3' retrieved from /home/airflow/.local/lib/python3.8/site-packages/airflow/example_dags/example_branch_datetime_operator.py
[2026-06-12T11:20:19.097+0000] {logging_mixin.py:188} INFO - [2026-06-12T11:20:19.097+0000] {dag.py:3036} INFO - Sync 3 DAGs
[2026-06-12T11:20:19.145+0000] {logging_mixin.py:188} INFO - [2026-06-12T11:20:19.144+0000] {dag.py:3823} INFO - Setting next_dagrun for example_branch_datetime_operator to 2026-06-11 00:00:00+00:00, run_after=2026-06-12 00:00:00+00:00
[2026-06-12T11:20:19.156+0000] {logging_mixin.py:188} INFO - [2026-06-12T11:20:19.155+0000] {dag.py:3823} INFO - Setting next_dagrun for example_branch_datetime_operator_2 to 2026-06-11 00:00:00+00:00, run_after=2026-06-12 00:00:00+00:00
[2026-06-12T11:20:19.162+0000] {logging_mixin.py:188} INFO - [2026-06-12T11:20:19.161+0000] {dag.py:3823} INFO - Setting next_dagrun for example_branch_datetime_operator_3 to 2026-06-11 00:00:00+00:00, run_after=2026-06-12 00:00:00+00:00
[2026-06-12T11:20:19.197+0000] {processor.py:183} INFO - Processing /home/airflow/.local/lib/python3.8/site-packages/airflow/example_dags/example_branch_datetime_operator.py took 0.186 seconds
[2026-06-12T11:20:49.600+0000] {processor.py:161} INFO - Started process (PID=2416) to work on /home/airflow/.local/lib/python3.8/site-packages/airflow/example_dags/example_branch_datetime_operator.py
[2026-06-12T11:20:49.602+0000] {processor.py:830} INFO - Processing file /home/airflow/.local/lib/python3.8/site-packages/airflow/example_dags/example_branch_datetime_operator.py for tasks to queue
[2026-06-12T11:20:49.604+0000] {logging_mixin.py:188} INFO - [2026-06-12T11:20:49.604+0000] {dagbag.py:538} INFO - Filling up the DagBag from /home/airflow/.local/lib/python3.8/site-packages/airflow/example_dags/example_branch_datetime_operator.py
[2026-06-12T11:20:49.624+0000] {processor.py:840} INFO - DAG(s) 'example_branch_datetime_operator_2', 'example_branch_datetime_operator_3', 'example_branch_datetime_operator' retrieved from /home/airflow/.local/lib/python3.8/site-packages/airflow/example_dags/example_branch_datetime_operator.py
[2026-06-12T11:20:49.676+0000] {logging_mixin.py:188} INFO - [2026-06-12T11:20:49.675+0000] {dag.py:3036} INFO - Sync 3 DAGs
[2026-06-12T11:20:49.713+0000] {logging_mixin.py:188} INFO - [2026-06-12T11:20:49.712+0000] {dag.py:3823} INFO - Setting next_dagrun for example_branch_datetime_operator to 2026-06-11 00:00:00+00:00, run_after=2026-06-12 00:00:00+00:00
[2026-06-12T11:20:49.721+0000] {logging_mixin.py:188} INFO - [2026-06-12T11:20:49.720+0000] {dag.py:3823} INFO - Setting next_dagrun for example_branch_datetime_operator_2 to 2026-06-11 00:00:00+00:00, run_after=2026-06-12 00:00:00+00:00
[2026-06-12T11:20:49.725+0000] {logging_mixin.py:188} INFO - [2026-06-12T11:20:49.725+0000] {dag.py:3823} INFO - Setting next_dagrun for example_branch_datetime_operator_3 to 2026-06-11 00:00:00+00:00, run_after=2026-06-12 00:00:00+00:00
[2026-06-12T11:20:49.751+0000] {processor.py:183} INFO - Processing /home/airflow/.local/lib/python3.8/site-packages/airflow/example_dags/example_branch_datetime_operator.py took 0.156 seconds
[2026-06-12T11:21:20.317+0000] {processor.py:161} INFO - Started process (PID=2482) to work on /home/airflow/.local/lib/python3.8/site-packages/airflow/example_dags/example_branch_datetime_operator.py
[2026-06-12T11:21:20.318+0000] {processor.py:830} INFO - Processing file /home/airflow/.local/lib/python3.8/site-packages/airflow/example_dags/example_branch_datetime_operator.py for tasks to queue
[2026-06-12T11:21:20.321+0000] {logging_mixin.py:188} INFO - [2026-06-12T11:21:20.320+0000] {dagbag.py:538} INFO - Filling up the DagBag from /home/airflow/.local/lib/python3.8/site-packages/airflow/example_dags/example_branch_datetime_operator.py
[2026-06-12T11:21:20.337+0000] {processor.py:840} INFO - DAG(s) 'example_branch_datetime_operator', 'example_branch_datetime_operator_2', 'example_branch_datetime_operator_3' retrieved from /home/airflow/.local/lib/python3.8/site-packages/airflow/example_dags/example_branch_datetime_operator.py
[2026-06-12T11:21:20.386+0000] {logging_mixin.py:188} INFO - [2026-06-12T11:21:20.385+0000] {dag.py:3036} INFO - Sync 3 DAGs
[2026-06-12T11:21:20.427+0000] {logging_mixin.py:188} INFO - [2026-06-12T11:21:20.426+0000] {dag.py:3823} INFO - Setting next_dagrun for example_branch_datetime_operator to 2026-06-11 00:00:00+00:00, run_after=2026-06-12 00:00:00+00:00
[2026-06-12T11:21:20.435+0000] {logging_mixin.py:188} INFO - [2026-06-12T11:21:20.435+0000] {dag.py:3823} INFO - Setting next_dagrun for example_branch_datetime_operator_2 to 2026-06-11 00:00:00+00:00, run_after=2026-06-12 00:00:00+00:00
[2026-06-12T11:21:20.440+0000] {logging_mixin.py:188} INFO - [2026-06-12T11:21:20.440+0000] {dag.py:3823} INFO - Setting next_dagrun for example_branch_datetime_operator_3 to 2026-06-11 00:00:00+00:00, run_after=2026-06-12 00:00:00+00:00
[2026-06-12T11:21:20.469+0000] {processor.py:183} INFO - Processing /home/airflow/.local/lib/python3.8/site-packages/airflow/example_dags/example_branch_datetime_operator.py took 0.158 seconds
[2026-06-12T11:21:50.885+0000] {processor.py:161} INFO - Started process (PID=2548) to work on /home/airflow/.local/lib/python3.8/site-packages/airflow/example_dags/example_branch_datetime_operator.py
[2026-06-12T11:21:50.887+0000] {processor.py:830} INFO - Processing file /home/airflow/.local/lib/python3.8/site-packages/airflow/example_dags/example_branch_datetime_operator.py for tasks to queue
[2026-06-12T11:21:50.890+0000] {logging_mixin.py:188} INFO - [2026-06-12T11:21:50.889+0000] {dagbag.py:538} INFO - Filling up the DagBag from /home/airflow/.local/lib/python3.8/site-packages/airflow/example_dags/example_branch_datetime_operator.py
[2026-06-12T11:21:50.911+0000] {processor.py:840} INFO - DAG(s) 'example_branch_datetime_operator_2', 'example_branch_datetime_operator', 'example_branch_datetime_operator_3' retrieved from /home/airflow/.local/lib/python3.8/site-packages/airflow/example_dags/example_branch_datetime_operator.py
[2026-06-12T11:21:50.968+0000] {logging_mixin.py:188} INFO - [2026-06-12T11:21:50.968+0000] {dag.py:3036} INFO - Sync 3 DAGs
[2026-06-12T11:21:51.015+0000] {logging_mixin.py:188} INFO - [2026-06-12T11:21:51.014+0000] {dag.py:3823} INFO - Setting next_dagrun for example_branch_datetime_operator to 2026-06-11 00:00:00+00:00, run_after=2026-06-12 00:00:00+00:00
[2026-06-12T11:21:51.023+0000] {logging_mixin.py:188} INFO - [2026-06-12T11:21:51.022+0000] {dag.py:3823} INFO - Setting next_dagrun for example_branch_datetime_operator_2 to 2026-06-11 00:00:00+00:00, run_after=2026-06-12 00:00:00+00:00
[2026-06-12T11:21:51.028+0000] {logging_mixin.py:188} INFO - [2026-06-12T11:21:51.027+0000] {dag.py:3823} INFO - Setting next_dagrun for example_branch_datetime_operator_3 to 2026-06-11 00:00:00+00:00, run_after=2026-06-12 00:00:00+00:00
[2026-06-12T11:21:51.055+0000] {processor.py:183} INFO - Processing /home/airflow/.local/lib/python3.8/site-packages/airflow/example_dags/example_branch_datetime_operator.py took 0.175 seconds
[2026-06-12T11:22:21.698+0000] {processor.py:161} INFO - Started process (PID=2614) to work on /home/airflow/.local/lib/python3.8/site-packages/airflow/example_dags/example_branch_datetime_operator.py
[2026-06-12T11:22:21.699+0000] {processor.py:830} INFO - Processing file /home/airflow/.local/lib/python3.8/site-packages/airflow/example_dags/example_branch_datetime_operator.py for tasks to queue
[2026-06-12T11:22:21.702+0000] {logging_mixin.py:188} INFO - [2026-06-12T11:22:21.701+0000] {dagbag.py:538} INFO - Filling up the DagBag from /home/airflow/.local/lib/python3.8/site-packages/airflow/example_dags/example_branch_datetime_operator.py
[2026-06-12T11:22:21.718+0000] {processor.py:840} INFO - DAG(s) 'example_branch_datetime_operator_3', 'example_branch_datetime_operator_2', 'example_branch_datetime_operator' retrieved from /home/airflow/.local/lib/python3.8/site-packages/airflow/example_dags/example_branch_datetime_operator.py
[2026-06-12T11:22:21.772+0000] {logging_mixin.py:188} INFO - [2026-06-12T11:22:21.771+0000] {dag.py:3036} INFO - Sync 3 DAGs
[2026-06-12T11:22:21.815+0000] {logging_mixin.py:188} INFO - [2026-06-12T11:22:21.814+0000] {dag.py:3823} INFO - Setting next_dagrun for example_branch_datetime_operator to 2026-06-11 00:00:00+00:00, run_after=2026-06-12 00:00:00+00:00
[2026-06-12T11:22:21.823+0000] {logging_mixin.py:188} INFO - [2026-06-12T11:22:21.823+0000] {dag.py:3823} INFO - Setting next_dagrun for example_branch_datetime_operator_2 to 2026-06-11 00:00:00+00:00, run_after=2026-06-12 00:00:00+00:00
[2026-06-12T11:22:21.828+0000] {logging_mixin.py:188} INFO - [2026-06-12T11:22:21.828+0000] {dag.py:3823} INFO - Setting next_dagrun for example_branch_datetime_operator_3 to 2026-06-11 00:00:00+00:00, run_after=2026-06-12 00:00:00+00:00
[2026-06-12T11:22:21.858+0000] {processor.py:183} INFO - Processing /home/airflow/.local/lib/python3.8/site-packages/airflow/example_dags/example_branch_datetime_operator.py took 0.166 seconds
[2026-06-12T11:22:52.416+0000] {processor.py:161} INFO - Started process (PID=2680) to work on /home/airflow/.local/lib/python3.8/site-packages/airflow/example_dags/example_branch_datetime_operator.py
[2026-06-12T11:22:52.418+0000] {processor.py:830} INFO - Processing file /home/airflow/.local/lib/python3.8/site-packages/airflow/example_dags/example_branch_datetime_operator.py for tasks to queue
[2026-06-12T11:22:52.421+0000] {logging_mixin.py:188} INFO - [2026-06-12T11:22:52.421+0000] {dagbag.py:538} INFO - Filling up the DagBag from /home/airflow/.local/lib/python3.8/site-packages/airflow/example_dags/example_branch_datetime_operator.py
[2026-06-12T11:22:52.438+0000] {processor.py:840} INFO - DAG(s) 'example_branch_datetime_operator', 'example_branch_datetime_operator_3', 'example_branch_datetime_operator_2' retrieved from /home/airflow/.local/lib/python3.8/site-packages/airflow/example_dags/example_branch_datetime_operator.py
[2026-06-12T11:22:52.490+0000] {logging_mixin.py:188} INFO - [2026-06-12T11:22:52.490+0000] {dag.py:3036} INFO - Sync 3 DAGs
[2026-06-12T11:22:52.536+0000] {logging_mixin.py:188} INFO - [2026-06-12T11:22:52.535+0000] {dag.py:3823} INFO - Setting next_dagrun for example_branch_datetime_operator to 2026-06-11 00:00:00+00:00, run_after=2026-06-12 00:00:00+00:00
[2026-06-12T11:22:52.545+0000] {logging_mixin.py:188} INFO - [2026-06-12T11:22:52.545+0000] {dag.py:3823} INFO - Setting next_dagrun for example_branch_datetime_operator_2 to 2026-06-11 00:00:00+00:00, run_after=2026-06-12 00:00:00+00:00
[2026-06-12T11:22:52.552+0000] {logging_mixin.py:188} INFO - [2026-06-12T11:22:52.551+0000] {dag.py:3823} INFO - Setting next_dagrun for example_branch_datetime_operator_3 to 2026-06-11 00:00:00+00:00, run_after=2026-06-12 00:00:00+00:00
[2026-06-12T11:22:52.582+0000] {processor.py:183} INFO - Processing /home/airflow/.local/lib/python3.8/site-packages/airflow/example_dags/example_branch_datetime_operator.py took 0.170 seconds
[2026-06-12T11:23:22.657+0000] {processor.py:161} INFO - Started process (PID=2746) to work on /home/airflow/.local/lib/python3.8/site-packages/airflow/example_dags/example_branch_datetime_operator.py
[2026-06-12T11:23:22.658+0000] {processor.py:830} INFO - Processing file /home/airflow/.local/lib/python3.8/site-packages/airflow/example_dags/example_branch_datetime_operator.py for tasks to queue
[2026-06-12T11:23:22.661+0000] {logging_mixin.py:188} INFO - [2026-06-12T11:23:22.660+0000] {dagbag.py:538} INFO - Filling up the DagBag from /home/airflow/.local/lib/python3.8/site-packages/airflow/example_dags/example_branch_datetime_operator.py
[2026-06-12T11:23:22.676+0000] {processor.py:840} INFO - DAG(s) 'example_branch_datetime_operator_3', 'example_branch_datetime_operator', 'example_branch_datetime_operator_2' retrieved from /home/airflow/.local/lib/python3.8/site-packages/airflow/example_dags/example_branch_datetime_operator.py
[2026-06-12T11:23:22.723+0000] {logging_mixin.py:188} INFO - [2026-06-12T11:23:22.723+0000] {dag.py:3036} INFO - Sync 3 DAGs
[2026-06-12T11:23:22.760+0000] {logging_mixin.py:188} INFO - [2026-06-12T11:23:22.760+0000] {dag.py:3823} INFO - Setting next_dagrun for example_branch_datetime_operator to 2026-06-11 00:00:00+00:00, run_after=2026-06-12 00:00:00+00:00
[2026-06-12T11:23:22.769+0000] {logging_mixin.py:188} INFO - [2026-06-12T11:23:22.769+0000] {dag.py:3823} INFO - Setting next_dagrun for example_branch_datetime_operator_2 to 2026-06-11 00:00:00+00:00, run_after=2026-06-12 00:00:00+00:00
[2026-06-12T11:23:22.774+0000] {logging_mixin.py:188} INFO - [2026-06-12T11:23:22.774+0000] {dag.py:3823} INFO - Setting next_dagrun for example_branch_datetime_operator_3 to 2026-06-11 00:00:00+00:00, run_after=2026-06-12 00:00:00+00:00
[2026-06-12T11:23:22.974+0000] {processor.py:183} INFO - Processing /home/airflow/.local/lib/python3.8/site-packages/airflow/example_dags/example_branch_datetime_operator.py took 0.322 seconds
[2026-06-12T11:23:53.922+0000] {processor.py:161} INFO - Started process (PID=2818) to work on /home/airflow/.local/lib/python3.8/site-packages/airflow/example_dags/example_branch_datetime_operator.py
[2026-06-12T11:23:53.923+0000] {processor.py:830} INFO - Processing file /home/airflow/.local/lib/python3.8/site-packages/airflow/example_dags/example_branch_datetime_operator.py for tasks to queue
[2026-06-12T11:23:53.926+0000] {logging_mixin.py:188} INFO - [2026-06-12T11:23:53.926+0000] {dagbag.py:538} INFO - Filling up the DagBag from /home/airflow/.local/lib/python3.8/site-packages/airflow/example_dags/example_branch_datetime_operator.py
[2026-06-12T11:23:53.946+0000] {processor.py:840} INFO - DAG(s) 'example_branch_datetime_operator_3', 'example_branch_datetime_operator_2', 'example_branch_datetime_operator' retrieved from /home/airflow/.local/lib/python3.8/site-packages/airflow/example_dags/example_branch_datetime_operator.py
[2026-06-12T11:23:54.006+0000] {logging_mixin.py:188} INFO - [2026-06-12T11:23:54.006+0000] {dag.py:3036} INFO - Sync 3 DAGs
[2026-06-12T11:23:54.061+0000] {logging_mixin.py:188} INFO - [2026-06-12T11:23:54.061+0000] {dag.py:3823} INFO - Setting next_dagrun for example_branch_datetime_operator to 2026-06-11 00:00:00+00:00, run_after=2026-06-12 00:00:00+00:00
[2026-06-12T11:23:54.072+0000] {logging_mixin.py:188} INFO - [2026-06-12T11:23:54.071+0000] {dag.py:3823} INFO - Setting next_dagrun for example_branch_datetime_operator_2 to 2026-06-11 00:00:00+00:00, run_after=2026-06-12 00:00:00+00:00
[2026-06-12T11:23:54.078+0000] {logging_mixin.py:188} INFO - [2026-06-12T11:23:54.077+0000] {dag.py:3823} INFO - Setting next_dagrun for example_branch_datetime_operator_3 to 2026-06-11 00:00:00+00:00, run_after=2026-06-12 00:00:00+00:00
[2026-06-12T11:23:54.114+0000] {processor.py:183} INFO - Processing /home/airflow/.local/lib/python3.8/site-packages/airflow/example_dags/example_branch_datetime_operator.py took 0.197 seconds
[2026-06-12T11:24:24.589+0000] {processor.py:161} INFO - Started process (PID=2885) to work on /home/airflow/.local/lib/python3.8/site-packages/airflow/example_dags/example_branch_datetime_operator.py
[2026-06-12T11:24:24.591+0000] {processor.py:830} INFO - Processing file /home/airflow/.local/lib/python3.8/site-packages/airflow/example_dags/example_branch_datetime_operator.py for tasks to queue
[2026-06-12T11:24:24.594+0000] {logging_mixin.py:188} INFO - [2026-06-12T11:24:24.593+0000] {dagbag.py:538} INFO - Filling up the DagBag from /home/airflow/.local/lib/python3.8/site-packages/airflow/example_dags/example_branch_datetime_operator.py
[2026-06-12T11:24:24.615+0000] {processor.py:840} INFO - DAG(s) 'example_branch_datetime_operator_2', 'example_branch_datetime_operator_3', 'example_branch_datetime_operator' retrieved from /home/airflow/.local/lib/python3.8/site-packages/airflow/example_dags/example_branch_datetime_operator.py
[2026-06-12T11:24:24.670+0000] {logging_mixin.py:188} INFO - [2026-06-12T11:24:24.670+0000] {dag.py:3036} INFO - Sync 3 DAGs
[2026-06-12T11:24:24.717+0000] {logging_mixin.py:188} INFO - [2026-06-12T11:24:24.716+0000] {dag.py:3823} INFO - Setting next_dagrun for example_branch_datetime_operator to 2026-06-11 00:00:00+00:00, run_after=2026-06-12 00:00:00+00:00
[2026-06-12T11:24:24.727+0000] {logging_mixin.py:188} INFO - [2026-06-12T11:24:24.726+0000] {dag.py:3823} INFO - Setting next_dagrun for example_branch_datetime_operator_2 to 2026-06-11 00:00:00+00:00, run_after=2026-06-12 00:00:00+00:00
[2026-06-12T11:24:24.733+0000] {logging_mixin.py:188} INFO - [2026-06-12T11:24:24.732+0000] {dag.py:3823} INFO - Setting next_dagrun for example_branch_datetime_operator_3 to 2026-06-11 00:00:00+00:00, run_after=2026-06-12 00:00:00+00:00
[2026-06-12T11:24:24.761+0000] {processor.py:183} INFO - Processing /home/airflow/.local/lib/python3.8/site-packages/airflow/example_dags/example_branch_datetime_operator.py took 0.177 seconds
[2026-06-12T11:24:55.085+0000] {processor.py:161} INFO - Started process (PID=2951) to work on /home/airflow/.local/lib/python3.8/site-packages/airflow/example_dags/example_branch_datetime_operator.py
[2026-06-12T11:24:55.086+0000] {processor.py:830} INFO - Processing file /home/airflow/.local/lib/python3.8/site-packages/airflow/example_dags/example_branch_datetime_operator.py for tasks to queue
[2026-06-12T11:24:55.090+0000] {logging_mixin.py:188} INFO - [2026-06-12T11:24:55.089+0000] {dagbag.py:538} INFO - Filling up the DagBag from /home/airflow/.local/lib/python3.8/site-packages/airflow/example_dags/example_branch_datetime_operator.py
[2026-06-12T11:24:55.112+0000] {processor.py:840} INFO - DAG(s) 'example_branch_datetime_operator', 'example_branch_datetime_operator_2', 'example_branch_datetime_operator_3' retrieved from /home/airflow/.local/lib/python3.8/site-packages/airflow/example_dags/example_branch_datetime_operator.py
[2026-06-12T11:24:55.176+0000] {logging_mixin.py:188} INFO - [2026-06-12T11:24:55.176+0000] {dag.py:3036} INFO - Sync 3 DAGs
[2026-06-12T11:24:55.227+0000] {logging_mixin.py:188} INFO - [2026-06-12T11:24:55.226+0000] {dag.py:3823} INFO - Setting next_dagrun for example_branch_datetime_operator to 2026-06-11 00:00:00+00:00, run_after=2026-06-12 00:00:00+00:00
[2026-06-12T11:24:55.238+0000] {logging_mixin.py:188} INFO - [2026-06-12T11:24:55.237+0000] {dag.py:3823} INFO - Setting next_dagrun for example_branch_datetime_operator_2 to 2026-06-11 00:00:00+00:00, run_after=2026-06-12 00:00:00+00:00
[2026-06-12T11:24:55.244+0000] {logging_mixin.py:188} INFO - [2026-06-12T11:24:55.244+0000] {dag.py:3823} INFO - Setting next_dagrun for example_branch_datetime_operator_3 to 2026-06-11 00:00:00+00:00, run_after=2026-06-12 00:00:00+00:00
[2026-06-12T11:24:55.276+0000] {processor.py:183} INFO - Processing /home/airflow/.local/lib/python3.8/site-packages/airflow/example_dags/example_branch_datetime_operator.py took 0.198 seconds
[2026-06-12T11:25:26.270+0000] {processor.py:161} INFO - Started process (PID=3016) to work on /home/airflow/.local/lib/python3.8/site-packages/airflow/example_dags/example_branch_datetime_operator.py
[2026-06-12T11:25:26.272+0000] {processor.py:830} INFO - Processing file /home/airflow/.local/lib/python3.8/site-packages/airflow/example_dags/example_branch_datetime_operator.py for tasks to queue
[2026-06-12T11:25:26.275+0000] {logging_mixin.py:188} INFO - [2026-06-12T11:25:26.275+0000] {dagbag.py:538} INFO - Filling up the DagBag from /home/airflow/.local/lib/python3.8/site-packages/airflow/example_dags/example_branch_datetime_operator.py
[2026-06-12T11:25:26.296+0000] {processor.py:840} INFO - DAG(s) 'example_branch_datetime_operator_3', 'example_branch_datetime_operator_2', 'example_branch_datetime_operator' retrieved from /home/airflow/.local/lib/python3.8/site-packages/airflow/example_dags/example_branch_datetime_operator.py
[2026-06-12T11:25:26.355+0000] {logging_mixin.py:188} INFO - [2026-06-12T11:25:26.355+0000] {dag.py:3036} INFO - Sync 3 DAGs
[2026-06-12T11:25:26.597+0000] {logging_mixin.py:188} INFO - [2026-06-12T11:25:26.596+0000] {dag.py:3823} INFO - Setting next_dagrun for example_branch_datetime_operator to 2026-06-11 00:00:00+00:00, run_after=2026-06-12 00:00:00+00:00
[2026-06-12T11:25:26.607+0000] {logging_mixin.py:188} INFO - [2026-06-12T11:25:26.606+0000] {dag.py:3823} INFO - Setting next_dagrun for example_branch_datetime_operator_2 to 2026-06-11 00:00:00+00:00, run_after=2026-06-12 00:00:00+00:00
[2026-06-12T11:25:26.612+0000] {logging_mixin.py:188} INFO - [2026-06-12T11:25:26.612+0000] {dag.py:3823} INFO - Setting next_dagrun for example_branch_datetime_operator_3 to 2026-06-11 00:00:00+00:00, run_after=2026-06-12 00:00:00+00:00
[2026-06-12T11:25:26.640+0000] {processor.py:183} INFO - Processing /home/airflow/.local/lib/python3.8/site-packages/airflow/example_dags/example_branch_datetime_operator.py took 0.376 seconds
[2026-06-12T11:25:57.008+0000] {processor.py:161} INFO - Started process (PID=3081) to work on /home/airflow/.local/lib/python3.8/site-packages/airflow/example_dags/example_branch_datetime_operator.py
[2026-06-12T11:25:57.009+0000] {processor.py:830} INFO - Processing file /home/airflow/.local/lib/python3.8/site-packages/airflow/example_dags/example_branch_datetime_operator.py for tasks to queue
[2026-06-12T11:25:57.011+0000] {logging_mixin.py:188} INFO - [2026-06-12T11:25:57.011+0000] {dagbag.py:538} INFO - Filling up the DagBag from /home/airflow/.local/lib/python3.8/site-packages/airflow/example_dags/example_branch_datetime_operator.py
[2026-06-12T11:25:57.029+0000] {processor.py:840} INFO - DAG(s) 'example_branch_datetime_operator', 'example_branch_datetime_operator_3', 'example_branch_datetime_operator_2' retrieved from /home/airflow/.local/lib/python3.8/site-packages/airflow/example_dags/example_branch_datetime_operator.py
[2026-06-12T11:25:57.078+0000] {logging_mixin.py:188} INFO - [2026-06-12T11:25:57.077+0000] {dag.py:3036} INFO - Sync 3 DAGs
[2026-06-12T11:25:57.114+0000] {logging_mixin.py:188} INFO - [2026-06-12T11:25:57.114+0000] {dag.py:3823} INFO - Setting next_dagrun for example_branch_datetime_operator to 2026-06-11 00:00:00+00:00, run_after=2026-06-12 00:00:00+00:00
[2026-06-12T11:25:57.296+0000] {logging_mixin.py:188} INFO - [2026-06-12T11:25:57.296+0000] {dag.py:3823} INFO - Setting next_dagrun for example_branch_datetime_operator_2 to 2026-06-11 00:00:00+00:00, run_after=2026-06-12 00:00:00+00:00
[2026-06-12T11:25:57.302+0000] {logging_mixin.py:188} INFO - [2026-06-12T11:25:57.302+0000] {dag.py:3823} INFO - Setting next_dagrun for example_branch_datetime_operator_3 to 2026-06-11 00:00:00+00:00, run_after=2026-06-12 00:00:00+00:00
[2026-06-12T11:25:57.334+0000] {processor.py:183} INFO - Processing /home/airflow/.local/lib/python3.8/site-packages/airflow/example_dags/example_branch_datetime_operator.py took 0.330 seconds
[2026-06-12T11:26:28.294+0000] {processor.py:161} INFO - Started process (PID=3148) to work on /home/airflow/.local/lib/python3.8/site-packages/airflow/example_dags/example_branch_datetime_operator.py
[2026-06-12T11:26:28.296+0000] {processor.py:830} INFO - Processing file /home/airflow/.local/lib/python3.8/site-packages/airflow/example_dags/example_branch_datetime_operator.py for tasks to queue
[2026-06-12T11:26:28.299+0000] {logging_mixin.py:188} INFO - [2026-06-12T11:26:28.298+0000] {dagbag.py:538} INFO - Filling up the DagBag from /home/airflow/.local/lib/python3.8/site-packages/airflow/example_dags/example_branch_datetime_operator.py
[2026-06-12T11:26:28.315+0000] {processor.py:840} INFO - DAG(s) 'example_branch_datetime_operator', 'example_branch_datetime_operator_2', 'example_branch_datetime_operator_3' retrieved from /home/airflow/.local/lib/python3.8/site-packages/airflow/example_dags/example_branch_datetime_operator.py
[2026-06-12T11:26:28.368+0000] {logging_mixin.py:188} INFO - [2026-06-12T11:26:28.368+0000] {dag.py:3036} INFO - Sync 3 DAGs
[2026-06-12T11:26:28.418+0000] {logging_mixin.py:188} INFO - [2026-06-12T11:26:28.417+0000] {dag.py:3823} INFO - Setting next_dagrun for example_branch_datetime_operator to 2026-06-11 00:00:00+00:00, run_after=2026-06-12 00:00:00+00:00
[2026-06-12T11:26:28.427+0000] {logging_mixin.py:188} INFO - [2026-06-12T11:26:28.427+0000] {dag.py:3823} INFO - Setting next_dagrun for example_branch_datetime_operator_2 to 2026-06-11 00:00:00+00:00, run_after=2026-06-12 00:00:00+00:00
[2026-06-12T11:26:28.433+0000] {logging_mixin.py:188} INFO - [2026-06-12T11:26:28.432+0000] {dag.py:3823} INFO - Setting next_dagrun for example_branch_datetime_operator_3 to 2026-06-11 00:00:00+00:00, run_after=2026-06-12 00:00:00+00:00
[2026-06-12T11:26:28.460+0000] {processor.py:183} INFO - Processing /home/airflow/.local/lib/python3.8/site-packages/airflow/example_dags/example_branch_datetime_operator.py took 0.170 seconds
[2026-06-12T11:26:58.594+0000] {processor.py:161} INFO - Started process (PID=3215) to work on /home/airflow/.local/lib/python3.8/site-packages/airflow/example_dags/example_branch_datetime_operator.py
[2026-06-12T11:26:58.595+0000] {processor.py:830} INFO - Processing file /home/airflow/.local/lib/python3.8/site-packages/airflow/example_dags/example_branch_datetime_operator.py for tasks to queue
[2026-06-12T11:26:58.598+0000] {logging_mixin.py:188} INFO - [2026-06-12T11:26:58.597+0000] {dagbag.py:538} INFO - Filling up the DagBag from /home/airflow/.local/lib/python3.8/site-packages/airflow/example_dags/example_branch_datetime_operator.py
[2026-06-12T11:26:58.615+0000] {processor.py:840} INFO - DAG(s) 'example_branch_datetime_operator_2', 'example_branch_datetime_operator_3', 'example_branch_datetime_operator' retrieved from /home/airflow/.local/lib/python3.8/site-packages/airflow/example_dags/example_branch_datetime_operator.py
[2026-06-12T11:26:58.662+0000] {logging_mixin.py:188} INFO - [2026-06-12T11:26:58.662+0000] {dag.py:3036} INFO - Sync 3 DAGs
[2026-06-12T11:26:58.699+0000] {logging_mixin.py:188} INFO - [2026-06-12T11:26:58.698+0000] {dag.py:3823} INFO - Setting next_dagrun for example_branch_datetime_operator to 2026-06-11 00:00:00+00:00, run_after=2026-06-12 00:00:00+00:00
[2026-06-12T11:26:58.706+0000] {logging_mixin.py:188} INFO - [2026-06-12T11:26:58.706+0000] {dag.py:3823} INFO - Setting next_dagrun for example_branch_datetime_operator_2 to 2026-06-11 00:00:00+00:00, run_after=2026-06-12 00:00:00+00:00
[2026-06-12T11:26:58.711+0000] {logging_mixin.py:188} INFO - [2026-06-12T11:26:58.711+0000] {dag.py:3823} INFO - Setting next_dagrun for example_branch_datetime_operator_3 to 2026-06-11 00:00:00+00:00, run_after=2026-06-12 00:00:00+00:00
[2026-06-12T11:26:58.734+0000] {processor.py:183} INFO - Processing /home/airflow/.local/lib/python3.8/site-packages/airflow/example_dags/example_branch_datetime_operator.py took 0.146 seconds
[2026-06-12T11:27:29.422+0000] {processor.py:161} INFO - Started process (PID=3281) to work on /home/airflow/.local/lib/python3.8/site-packages/airflow/example_dags/example_branch_datetime_operator.py
[2026-06-12T11:27:29.424+0000] {processor.py:830} INFO - Processing file /home/airflow/.local/lib/python3.8/site-packages/airflow/example_dags/example_branch_datetime_operator.py for tasks to queue
[2026-06-12T11:27:29.428+0000] {logging_mixin.py:188} INFO - [2026-06-12T11:27:29.427+0000] {dagbag.py:538} INFO - Filling up the DagBag from /home/airflow/.local/lib/python3.8/site-packages/airflow/example_dags/example_branch_datetime_operator.py
[2026-06-12T11:27:29.447+0000] {processor.py:840} INFO - DAG(s) 'example_branch_datetime_operator', 'example_branch_datetime_operator_2', 'example_branch_datetime_operator_3' retrieved from /home/airflow/.local/lib/python3.8/site-packages/airflow/example_dags/example_branch_datetime_operator.py
[2026-06-12T11:27:29.499+0000] {logging_mixin.py:188} INFO - [2026-06-12T11:27:29.498+0000] {dag.py:3036} INFO - Sync 3 DAGs
[2026-06-12T11:27:29.541+0000] {logging_mixin.py:188} INFO - [2026-06-12T11:27:29.541+0000] {dag.py:3823} INFO - Setting next_dagrun for example_branch_datetime_operator to 2026-06-11 00:00:00+00:00, run_after=2026-06-12 00:00:00+00:00
[2026-06-12T11:27:29.551+0000] {logging_mixin.py:188} INFO - [2026-06-12T11:27:29.551+0000] {dag.py:3823} INFO - Setting next_dagrun for example_branch_datetime_operator_2 to 2026-06-11 00:00:00+00:00, run_after=2026-06-12 00:00:00+00:00
[2026-06-12T11:27:29.557+0000] {logging_mixin.py:188} INFO - [2026-06-12T11:27:29.556+0000] {dag.py:3823} INFO - Setting next_dagrun for example_branch_datetime_operator_3 to 2026-06-11 00:00:00+00:00, run_after=2026-06-12 00:00:00+00:00
[2026-06-12T11:27:29.583+0000] {processor.py:183} INFO - Processing /home/airflow/.local/lib/python3.8/site-packages/airflow/example_dags/example_branch_datetime_operator.py took 0.166 seconds
[2026-06-12T11:27:59.851+0000] {processor.py:161} INFO - Started process (PID=3346) to work on /home/airflow/.local/lib/python3.8/site-packages/airflow/example_dags/example_branch_datetime_operator.py
[2026-06-12T11:27:59.853+0000] {processor.py:830} INFO - Processing file /home/airflow/.local/lib/python3.8/site-packages/airflow/example_dags/example_branch_datetime_operator.py for tasks to queue
[2026-06-12T11:27:59.855+0000] {logging_mixin.py:188} INFO - [2026-06-12T11:27:59.855+0000] {dagbag.py:538} INFO - Filling up the DagBag from /home/airflow/.local/lib/python3.8/site-packages/airflow/example_dags/example_branch_datetime_operator.py
[2026-06-12T11:27:59.874+0000] {processor.py:840} INFO - DAG(s) 'example_branch_datetime_operator_3', 'example_branch_datetime_operator', 'example_branch_datetime_operator_2' retrieved from /home/airflow/.local/lib/python3.8/site-packages/airflow/example_dags/example_branch_datetime_operator.py
[2026-06-12T11:27:59.923+0000] {logging_mixin.py:188} INFO - [2026-06-12T11:27:59.923+0000] {dag.py:3036} INFO - Sync 3 DAGs
[2026-06-12T11:27:59.970+0000] {logging_mixin.py:188} INFO - [2026-06-12T11:27:59.970+0000] {dag.py:3823} INFO - Setting next_dagrun for example_branch_datetime_operator to 2026-06-11 00:00:00+00:00, run_after=2026-06-12 00:00:00+00:00
[2026-06-12T11:27:59.980+0000] {logging_mixin.py:188} INFO - [2026-06-12T11:27:59.980+0000] {dag.py:3823} INFO - Setting next_dagrun for example_branch_datetime_operator_2 to 2026-06-11 00:00:00+00:00, run_after=2026-06-12 00:00:00+00:00
[2026-06-12T11:27:59.985+0000] {logging_mixin.py:188} INFO - [2026-06-12T11:27:59.985+0000] {dag.py:3823} INFO - Setting next_dagrun for example_branch_datetime_operator_3 to 2026-06-11 00:00:00+00:00, run_after=2026-06-12 00:00:00+00:00
[2026-06-12T11:28:00.017+0000] {processor.py:183} INFO - Processing /home/airflow/.local/lib/python3.8/site-packages/airflow/example_dags/example_branch_datetime_operator.py took 0.170 seconds
[2026-06-12T11:28:30.253+0000] {processor.py:161} INFO - Started process (PID=3412) to work on /home/airflow/.local/lib/python3.8/site-packages/airflow/example_dags/example_branch_datetime_operator.py
[2026-06-12T11:28:30.255+0000] {processor.py:830} INFO - Processing file /home/airflow/.local/lib/python3.8/site-packages/airflow/example_dags/example_branch_datetime_operator.py for tasks to queue
[2026-06-12T11:28:30.259+0000] {logging_mixin.py:188} INFO - [2026-06-12T11:28:30.258+0000] {dagbag.py:538} INFO - Filling up the DagBag from /home/airflow/.local/lib/python3.8/site-packages/airflow/example_dags/example_branch_datetime_operator.py
[2026-06-12T11:28:30.280+0000] {processor.py:840} INFO - DAG(s) 'example_branch_datetime_operator_3', 'example_branch_datetime_operator_2', 'example_branch_datetime_operator' retrieved from /home/airflow/.local/lib/python3.8/site-packages/airflow/example_dags/example_branch_datetime_operator.py
[2026-06-12T11:28:30.338+0000] {logging_mixin.py:188} INFO - [2026-06-12T11:28:30.337+0000] {dag.py:3036} INFO - Sync 3 DAGs
[2026-06-12T11:28:30.399+0000] {logging_mixin.py:188} INFO - [2026-06-12T11:28:30.398+0000] {dag.py:3823} INFO - Setting next_dagrun for example_branch_datetime_operator to 2026-06-11 00:00:00+00:00, run_after=2026-06-12 00:00:00+00:00
[2026-06-12T11:28:30.409+0000] {logging_mixin.py:188} INFO - [2026-06-12T11:28:30.409+0000] {dag.py:3823} INFO - Setting next_dagrun for example_branch_datetime_operator_2 to 2026-06-11 00:00:00+00:00, run_after=2026-06-12 00:00:00+00:00
[2026-06-12T11:28:30.415+0000] {logging_mixin.py:188} INFO - [2026-06-12T11:28:30.415+0000] {dag.py:3823} INFO - Setting next_dagrun for example_branch_datetime_operator_3 to 2026-06-11 00:00:00+00:00, run_after=2026-06-12 00:00:00+00:00
[2026-06-12T11:28:30.449+0000] {processor.py:183} INFO - Processing /home/airflow/.local/lib/python3.8/site-packages/airflow/example_dags/example_branch_datetime_operator.py took 0.203 seconds
[2026-06-12T11:29:00.799+0000] {processor.py:161} INFO - Started process (PID=3485) to work on /home/airflow/.local/lib/python3.8/site-packages/airflow/example_dags/example_branch_datetime_operator.py
[2026-06-12T11:29:00.800+0000] {processor.py:830} INFO - Processing file /home/airflow/.local/lib/python3.8/site-packages/airflow/example_dags/example_branch_datetime_operator.py for tasks to queue
[2026-06-12T11:29:00.803+0000] {logging_mixin.py:188} INFO - [2026-06-12T11:29:00.803+0000] {dagbag.py:538} INFO - Filling up the DagBag from /home/airflow/.local/lib/python3.8/site-packages/airflow/example_dags/example_branch_datetime_operator.py
[2026-06-12T11:29:00.821+0000] {processor.py:840} INFO - DAG(s) 'example_branch_datetime_operator', 'example_branch_datetime_operator_3', 'example_branch_datetime_operator_2' retrieved from /home/airflow/.local/lib/python3.8/site-packages/airflow/example_dags/example_branch_datetime_operator.py
[2026-06-12T11:29:00.879+0000] {logging_mixin.py:188} INFO - [2026-06-12T11:29:00.878+0000] {dag.py:3036} INFO - Sync 3 DAGs
[2026-06-12T11:29:00.924+0000] {logging_mixin.py:188} INFO - [2026-06-12T11:29:00.924+0000] {dag.py:3823} INFO - Setting next_dagrun for example_branch_datetime_operator to 2026-06-11 00:00:00+00:00, run_after=2026-06-12 00:00:00+00:00
[2026-06-12T11:29:00.933+0000] {logging_mixin.py:188} INFO - [2026-06-12T11:29:00.933+0000] {dag.py:3823} INFO - Setting next_dagrun for example_branch_datetime_operator_2 to 2026-06-11 00:00:00+00:00, run_after=2026-06-12 00:00:00+00:00
[2026-06-12T11:29:00.939+0000] {logging_mixin.py:188} INFO - [2026-06-12T11:29:00.939+0000] {dag.py:3823} INFO - Setting next_dagrun for example_branch_datetime_operator_3 to 2026-06-11 00:00:00+00:00, run_after=2026-06-12 00:00:00+00:00
[2026-06-12T11:29:00.970+0000] {processor.py:183} INFO - Processing /home/airflow/.local/lib/python3.8/site-packages/airflow/example_dags/example_branch_datetime_operator.py took 0.177 seconds
[2026-06-12T11:29:31.624+0000] {processor.py:161} INFO - Started process (PID=3550) to work on /home/airflow/.local/lib/python3.8/site-packages/airflow/example_dags/example_branch_datetime_operator.py
[2026-06-12T11:29:31.626+0000] {processor.py:830} INFO - Processing file /home/airflow/.local/lib/python3.8/site-packages/airflow/example_dags/example_branch_datetime_operator.py for tasks to queue
[2026-06-12T11:29:31.629+0000] {logging_mixin.py:188} INFO - [2026-06-12T11:29:31.629+0000] {dagbag.py:538} INFO - Filling up the DagBag from /home/airflow/.local/lib/python3.8/site-packages/airflow/example_dags/example_branch_datetime_operator.py
[2026-06-12T11:29:31.651+0000] {processor.py:840} INFO - DAG(s) 'example_branch_datetime_operator_3', 'example_branch_datetime_operator_2', 'example_branch_datetime_operator' retrieved from /home/airflow/.local/lib/python3.8/site-packages/airflow/example_dags/example_branch_datetime_operator.py
[2026-06-12T11:29:31.708+0000] {logging_mixin.py:188} INFO - [2026-06-12T11:29:31.708+0000] {dag.py:3036} INFO - Sync 3 DAGs
[2026-06-12T11:29:31.760+0000] {logging_mixin.py:188} INFO - [2026-06-12T11:29:31.759+0000] {dag.py:3823} INFO - Setting next_dagrun for example_branch_datetime_operator to 2026-06-11 00:00:00+00:00, run_after=2026-06-12 00:00:00+00:00
[2026-06-12T11:29:31.770+0000] {logging_mixin.py:188} INFO - [2026-06-12T11:29:31.770+0000] {dag.py:3823} INFO - Setting next_dagrun for example_branch_datetime_operator_2 to 2026-06-11 00:00:00+00:00, run_after=2026-06-12 00:00:00+00:00
[2026-06-12T11:29:31.776+0000] {logging_mixin.py:188} INFO - [2026-06-12T11:29:31.776+0000] {dag.py:3823} INFO - Setting next_dagrun for example_branch_datetime_operator_3 to 2026-06-11 00:00:00+00:00, run_after=2026-06-12 00:00:00+00:00
[2026-06-12T11:29:31.805+0000] {processor.py:183} INFO - Processing /home/airflow/.local/lib/python3.8/site-packages/airflow/example_dags/example_branch_datetime_operator.py took 0.186 seconds
[2026-06-12T11:30:01.993+0000] {processor.py:161} INFO - Started process (PID=3615) to work on /home/airflow/.local/lib/python3.8/site-packages/airflow/example_dags/example_branch_datetime_operator.py
[2026-06-12T11:30:01.994+0000] {processor.py:830} INFO - Processing file /home/airflow/.local/lib/python3.8/site-packages/airflow/example_dags/example_branch_datetime_operator.py for tasks to queue
[2026-06-12T11:30:01.997+0000] {logging_mixin.py:188} INFO - [2026-06-12T11:30:01.996+0000] {dagbag.py:538} INFO - Filling up the DagBag from /home/airflow/.local/lib/python3.8/site-packages/airflow/example_dags/example_branch_datetime_operator.py
[2026-06-12T11:30:02.017+0000] {processor.py:840} INFO - DAG(s) 'example_branch_datetime_operator', 'example_branch_datetime_operator_3', 'example_branch_datetime_operator_2' retrieved from /home/airflow/.local/lib/python3.8/site-packages/airflow/example_dags/example_branch_datetime_operator.py
[2026-06-12T11:30:02.075+0000] {logging_mixin.py:188} INFO - [2026-06-12T11:30:02.074+0000] {dag.py:3036} INFO - Sync 3 DAGs
[2026-06-12T11:30:02.119+0000] {logging_mixin.py:188} INFO - [2026-06-12T11:30:02.119+0000] {dag.py:3823} INFO - Setting next_dagrun for example_branch_datetime_operator to 2026-06-11 00:00:00+00:00, run_after=2026-06-12 00:00:00+00:00
[2026-06-12T11:30:02.129+0000] {logging_mixin.py:188} INFO - [2026-06-12T11:30:02.128+0000] {dag.py:3823} INFO - Setting next_dagrun for example_branch_datetime_operator_2 to 2026-06-11 00:00:00+00:00, run_after=2026-06-12 00:00:00+00:00
[2026-06-12T11:30:02.134+0000] {logging_mixin.py:188} INFO - [2026-06-12T11:30:02.133+0000] {dag.py:3823} INFO - Setting next_dagrun for example_branch_datetime_operator_3 to 2026-06-11 00:00:00+00:00, run_after=2026-06-12 00:00:00+00:00
[2026-06-12T11:30:02.164+0000] {processor.py:183} INFO - Processing /home/airflow/.local/lib/python3.8/site-packages/airflow/example_dags/example_branch_datetime_operator.py took 0.176 seconds
[2026-06-12T11:30:32.315+0000] {processor.py:161} INFO - Started process (PID=3681) to work on /home/airflow/.local/lib/python3.8/site-packages/airflow/example_dags/example_branch_datetime_operator.py
[2026-06-12T11:30:32.317+0000] {processor.py:830} INFO - Processing file /home/airflow/.local/lib/python3.8/site-packages/airflow/example_dags/example_branch_datetime_operator.py for tasks to queue
[2026-06-12T11:30:32.319+0000] {logging_mixin.py:188} INFO - [2026-06-12T11:30:32.319+0000] {dagbag.py:538} INFO - Filling up the DagBag from /home/airflow/.local/lib/python3.8/site-packages/airflow/example_dags/example_branch_datetime_operator.py
[2026-06-12T11:30:32.335+0000] {processor.py:840} INFO - DAG(s) 'example_branch_datetime_operator', 'example_branch_datetime_operator_2', 'example_branch_datetime_operator_3' retrieved from /home/airflow/.local/lib/python3.8/site-packages/airflow/example_dags/example_branch_datetime_operator.py
[2026-06-12T11:30:32.382+0000] {logging_mixin.py:188} INFO - [2026-06-12T11:30:32.382+0000] {dag.py:3036} INFO - Sync 3 DAGs
[2026-06-12T11:30:32.418+0000] {logging_mixin.py:188} INFO - [2026-06-12T11:30:32.418+0000] {dag.py:3823} INFO - Setting next_dagrun for example_branch_datetime_operator to 2026-06-11 00:00:00+00:00, run_after=2026-06-12 00:00:00+00:00
[2026-06-12T11:30:32.426+0000] {logging_mixin.py:188} INFO - [2026-06-12T11:30:32.425+0000] {dag.py:3823} INFO - Setting next_dagrun for example_branch_datetime_operator_2 to 2026-06-11 00:00:00+00:00, run_after=2026-06-12 00:00:00+00:00
[2026-06-12T11:30:32.430+0000] {logging_mixin.py:188} INFO - [2026-06-12T11:30:32.429+0000] {dag.py:3823} INFO - Setting next_dagrun for example_branch_datetime_operator_3 to 2026-06-11 00:00:00+00:00, run_after=2026-06-12 00:00:00+00:00
[2026-06-12T11:30:32.452+0000] {processor.py:183} INFO - Processing /home/airflow/.local/lib/python3.8/site-packages/airflow/example_dags/example_branch_datetime_operator.py took 0.142 seconds
[2026-06-12T11:31:03.015+0000] {processor.py:161} INFO - Started process (PID=3748) to work on /home/airflow/.local/lib/python3.8/site-packages/airflow/example_dags/example_branch_datetime_operator.py
[2026-06-12T11:31:03.017+0000] {processor.py:830} INFO - Processing file /home/airflow/.local/lib/python3.8/site-packages/airflow/example_dags/example_branch_datetime_operator.py for tasks to queue
[2026-06-12T11:31:03.020+0000] {logging_mixin.py:188} INFO - [2026-06-12T11:31:03.019+0000] {dagbag.py:538} INFO - Filling up the DagBag from /home/airflow/.local/lib/python3.8/site-packages/airflow/example_dags/example_branch_datetime_operator.py
[2026-06-12T11:31:03.042+0000] {processor.py:840} INFO - DAG(s) 'example_branch_datetime_operator_2', 'example_branch_datetime_operator', 'example_branch_datetime_operator_3' retrieved from /home/airflow/.local/lib/python3.8/site-packages/airflow/example_dags/example_branch_datetime_operator.py
[2026-06-12T11:31:03.110+0000] {logging_mixin.py:188} INFO - [2026-06-12T11:31:03.109+0000] {dag.py:3036} INFO - Sync 3 DAGs
[2026-06-12T11:31:03.161+0000] {logging_mixin.py:188} INFO - [2026-06-12T11:31:03.161+0000] {dag.py:3823} INFO - Setting next_dagrun for example_branch_datetime_operator to 2026-06-11 00:00:00+00:00, run_after=2026-06-12 00:00:00+00:00
[2026-06-12T11:31:03.172+0000] {logging_mixin.py:188} INFO - [2026-06-12T11:31:03.171+0000] {dag.py:3823} INFO - Setting next_dagrun for example_branch_datetime_operator_2 to 2026-06-11 00:00:00+00:00, run_after=2026-06-12 00:00:00+00:00
[2026-06-12T11:31:03.178+0000] {logging_mixin.py:188} INFO - [2026-06-12T11:31:03.178+0000] {dag.py:3823} INFO - Setting next_dagrun for example_branch_datetime_operator_3 to 2026-06-11 00:00:00+00:00, run_after=2026-06-12 00:00:00+00:00
[2026-06-12T11:31:03.208+0000] {processor.py:183} INFO - Processing /home/airflow/.local/lib/python3.8/site-packages/airflow/example_dags/example_branch_datetime_operator.py took 0.200 seconds
[2026-06-12T11:31:33.329+0000] {processor.py:161} INFO - Started process (PID=3815) to work on /home/airflow/.local/lib/python3.8/site-packages/airflow/example_dags/example_branch_datetime_operator.py
[2026-06-12T11:31:33.331+0000] {processor.py:830} INFO - Processing file /home/airflow/.local/lib/python3.8/site-packages/airflow/example_dags/example_branch_datetime_operator.py for tasks to queue
[2026-06-12T11:31:33.334+0000] {logging_mixin.py:188} INFO - [2026-06-12T11:31:33.333+0000] {dagbag.py:538} INFO - Filling up the DagBag from /home/airflow/.local/lib/python3.8/site-packages/airflow/example_dags/example_branch_datetime_operator.py
[2026-06-12T11:31:33.361+0000] {processor.py:840} INFO - DAG(s) 'example_branch_datetime_operator', 'example_branch_datetime_operator_3', 'example_branch_datetime_operator_2' retrieved from /home/airflow/.local/lib/python3.8/site-packages/airflow/example_dags/example_branch_datetime_operator.py
[2026-06-12T11:31:33.425+0000] {logging_mixin.py:188} INFO - [2026-06-12T11:31:33.424+0000] {dag.py:3036} INFO - Sync 3 DAGs
[2026-06-12T11:31:33.470+0000] {logging_mixin.py:188} INFO - [2026-06-12T11:31:33.469+0000] {dag.py:3823} INFO - Setting next_dagrun for example_branch_datetime_operator to 2026-06-11 00:00:00+00:00, run_after=2026-06-12 00:00:00+00:00
[2026-06-12T11:31:33.480+0000] {logging_mixin.py:188} INFO - [2026-06-12T11:31:33.480+0000] {dag.py:3823} INFO - Setting next_dagrun for example_branch_datetime_operator_2 to 2026-06-11 00:00:00+00:00, run_after=2026-06-12 00:00:00+00:00
[2026-06-12T11:31:33.486+0000] {logging_mixin.py:188} INFO - [2026-06-12T11:31:33.485+0000] {dag.py:3823} INFO - Setting next_dagrun for example_branch_datetime_operator_3 to 2026-06-11 00:00:00+00:00, run_after=2026-06-12 00:00:00+00:00
[2026-06-12T11:31:33.520+0000] {processor.py:183} INFO - Processing /home/airflow/.local/lib/python3.8/site-packages/airflow/example_dags/example_branch_datetime_operator.py took 0.198 seconds
[2026-06-12T11:32:03.880+0000] {processor.py:161} INFO - Started process (PID=3882) to work on /home/airflow/.local/lib/python3.8/site-packages/airflow/example_dags/example_branch_datetime_operator.py
[2026-06-12T11:32:03.882+0000] {processor.py:830} INFO - Processing file /home/airflow/.local/lib/python3.8/site-packages/airflow/example_dags/example_branch_datetime_operator.py for tasks to queue
[2026-06-12T11:32:03.885+0000] {logging_mixin.py:188} INFO - [2026-06-12T11:32:03.884+0000] {dagbag.py:538} INFO - Filling up the DagBag from /home/airflow/.local/lib/python3.8/site-packages/airflow/example_dags/example_branch_datetime_operator.py
[2026-06-12T11:32:03.902+0000] {processor.py:840} INFO - DAG(s) 'example_branch_datetime_operator_3', 'example_branch_datetime_operator_2', 'example_branch_datetime_operator' retrieved from /home/airflow/.local/lib/python3.8/site-packages/airflow/example_dags/example_branch_datetime_operator.py
[2026-06-12T11:32:03.952+0000] {logging_mixin.py:188} INFO - [2026-06-12T11:32:03.951+0000] {dag.py:3036} INFO - Sync 3 DAGs
[2026-06-12T11:32:03.990+0000] {logging_mixin.py:188} INFO - [2026-06-12T11:32:03.989+0000] {dag.py:3823} INFO - Setting next_dagrun for example_branch_datetime_operator to 2026-06-11 00:00:00+00:00, run_after=2026-06-12 00:00:00+00:00
[2026-06-12T11:32:03.997+0000] {logging_mixin.py:188} INFO - [2026-06-12T11:32:03.997+0000] {dag.py:3823} INFO - Setting next_dagrun for example_branch_datetime_operator_2 to 2026-06-11 00:00:00+00:00, run_after=2026-06-12 00:00:00+00:00
[2026-06-12T11:32:04.002+0000] {logging_mixin.py:188} INFO - [2026-06-12T11:32:04.002+0000] {dag.py:3823} INFO - Setting next_dagrun for example_branch_datetime_operator_3 to 2026-06-11 00:00:00+00:00, run_after=2026-06-12 00:00:00+00:00
[2026-06-12T11:32:04.030+0000] {processor.py:183} INFO - Processing /home/airflow/.local/lib/python3.8/site-packages/airflow/example_dags/example_branch_datetime_operator.py took 0.155 seconds
[2026-06-12T11:32:34.276+0000] {processor.py:161} INFO - Started process (PID=3948) to work on /home/airflow/.local/lib/python3.8/site-packages/airflow/example_dags/example_branch_datetime_operator.py
[2026-06-12T11:32:34.277+0000] {processor.py:830} INFO - Processing file /home/airflow/.local/lib/python3.8/site-packages/airflow/example_dags/example_branch_datetime_operator.py for tasks to queue
[2026-06-12T11:32:34.280+0000] {logging_mixin.py:188} INFO - [2026-06-12T11:32:34.280+0000] {dagbag.py:538} INFO - Filling up the DagBag from /home/airflow/.local/lib/python3.8/site-packages/airflow/example_dags/example_branch_datetime_operator.py
[2026-06-12T11:32:34.305+0000] {processor.py:840} INFO - DAG(s) 'example_branch_datetime_operator', 'example_branch_datetime_operator_3', 'example_branch_datetime_operator_2' retrieved from /home/airflow/.local/lib/python3.8/site-packages/airflow/example_dags/example_branch_datetime_operator.py
[2026-06-12T11:32:34.356+0000] {logging_mixin.py:188} INFO - [2026-06-12T11:32:34.356+0000] {dag.py:3036} INFO - Sync 3 DAGs
[2026-06-12T11:32:34.403+0000] {logging_mixin.py:188} INFO - [2026-06-12T11:32:34.402+0000] {dag.py:3823} INFO - Setting next_dagrun for example_branch_datetime_operator to 2026-06-11 00:00:00+00:00, run_after=2026-06-12 00:00:00+00:00
[2026-06-12T11:32:34.411+0000] {logging_mixin.py:188} INFO - [2026-06-12T11:32:34.411+0000] {dag.py:3823} INFO - Setting next_dagrun for example_branch_datetime_operator_2 to 2026-06-11 00:00:00+00:00, run_after=2026-06-12 00:00:00+00:00
[2026-06-12T11:32:34.416+0000] {logging_mixin.py:188} INFO - [2026-06-12T11:32:34.416+0000] {dag.py:3823} INFO - Setting next_dagrun for example_branch_datetime_operator_3 to 2026-06-11 00:00:00+00:00, run_after=2026-06-12 00:00:00+00:00
[2026-06-12T11:32:34.443+0000] {processor.py:183} INFO - Processing /home/airflow/.local/lib/python3.8/site-packages/airflow/example_dags/example_branch_datetime_operator.py took 0.173 seconds
[2026-06-12T11:33:04.946+0000] {processor.py:161} INFO - Started process (PID=4020) to work on /home/airflow/.local/lib/python3.8/site-packages/airflow/example_dags/example_branch_datetime_operator.py
[2026-06-12T11:33:04.947+0000] {processor.py:830} INFO - Processing file /home/airflow/.local/lib/python3.8/site-packages/airflow/example_dags/example_branch_datetime_operator.py for tasks to queue
[2026-06-12T11:33:04.950+0000] {logging_mixin.py:188} INFO - [2026-06-12T11:33:04.949+0000] {dagbag.py:538} INFO - Filling up the DagBag from /home/airflow/.local/lib/python3.8/site-packages/airflow/example_dags/example_branch_datetime_operator.py
[2026-06-12T11:33:04.968+0000] {processor.py:840} INFO - DAG(s) 'example_branch_datetime_operator', 'example_branch_datetime_operator_3', 'example_branch_datetime_operator_2' retrieved from /home/airflow/.local/lib/python3.8/site-packages/airflow/example_dags/example_branch_datetime_operator.py
[2026-06-12T11:33:05.019+0000] {logging_mixin.py:188} INFO - [2026-06-12T11:33:05.019+0000] {dag.py:3036} INFO - Sync 3 DAGs
[2026-06-12T11:33:05.059+0000] {logging_mixin.py:188} INFO - [2026-06-12T11:33:05.059+0000] {dag.py:3823} INFO - Setting next_dagrun for example_branch_datetime_operator to 2026-06-11 00:00:00+00:00, run_after=2026-06-12 00:00:00+00:00
[2026-06-12T11:33:05.067+0000] {logging_mixin.py:188} INFO - [2026-06-12T11:33:05.066+0000] {dag.py:3823} INFO - Setting next_dagrun for example_branch_datetime_operator_2 to 2026-06-11 00:00:00+00:00, run_after=2026-06-12 00:00:00+00:00
[2026-06-12T11:33:05.071+0000] {logging_mixin.py:188} INFO - [2026-06-12T11:33:05.071+0000] {dag.py:3823} INFO - Setting next_dagrun for example_branch_datetime_operator_3 to 2026-06-11 00:00:00+00:00, run_after=2026-06-12 00:00:00+00:00
[2026-06-12T11:33:05.098+0000] {processor.py:183} INFO - Processing /home/airflow/.local/lib/python3.8/site-packages/airflow/example_dags/example_branch_datetime_operator.py took 0.157 seconds
[2026-06-12T11:33:35.531+0000] {processor.py:161} INFO - Started process (PID=4086) to work on /home/airflow/.local/lib/python3.8/site-packages/airflow/example_dags/example_branch_datetime_operator.py
[2026-06-12T11:33:35.533+0000] {processor.py:830} INFO - Processing file /home/airflow/.local/lib/python3.8/site-packages/airflow/example_dags/example_branch_datetime_operator.py for tasks to queue
[2026-06-12T11:33:35.536+0000] {logging_mixin.py:188} INFO - [2026-06-12T11:33:35.535+0000] {dagbag.py:538} INFO - Filling up the DagBag from /home/airflow/.local/lib/python3.8/site-packages/airflow/example_dags/example_branch_datetime_operator.py
[2026-06-12T11:33:35.559+0000] {processor.py:840} INFO - DAG(s) 'example_branch_datetime_operator_3', 'example_branch_datetime_operator_2', 'example_branch_datetime_operator' retrieved from /home/airflow/.local/lib/python3.8/site-packages/airflow/example_dags/example_branch_datetime_operator.py
[2026-06-12T11:33:35.619+0000] {logging_mixin.py:188} INFO - [2026-06-12T11:33:35.619+0000] {dag.py:3036} INFO - Sync 3 DAGs
[2026-06-12T11:33:35.662+0000] {logging_mixin.py:188} INFO - [2026-06-12T11:33:35.662+0000] {dag.py:3823} INFO - Setting next_dagrun for example_branch_datetime_operator to 2026-06-11 00:00:00+00:00, run_after=2026-06-12 00:00:00+00:00
[2026-06-12T11:33:35.672+0000] {logging_mixin.py:188} INFO - [2026-06-12T11:33:35.672+0000] {dag.py:3823} INFO - Setting next_dagrun for example_branch_datetime_operator_2 to 2026-06-11 00:00:00+00:00, run_after=2026-06-12 00:00:00+00:00
[2026-06-12T11:33:35.678+0000] {logging_mixin.py:188} INFO - [2026-06-12T11:33:35.678+0000] {dag.py:3823} INFO - Setting next_dagrun for example_branch_datetime_operator_3 to 2026-06-11 00:00:00+00:00, run_after=2026-06-12 00:00:00+00:00
[2026-06-12T11:33:35.708+0000] {processor.py:183} INFO - Processing /home/airflow/.local/lib/python3.8/site-packages/airflow/example_dags/example_branch_datetime_operator.py took 0.183 seconds
[2026-06-12T11:34:06.254+0000] {processor.py:161} INFO - Started process (PID=4152) to work on /home/airflow/.local/lib/python3.8/site-packages/airflow/example_dags/example_branch_datetime_operator.py
[2026-06-12T11:34:06.256+0000] {processor.py:830} INFO - Processing file /home/airflow/.local/lib/python3.8/site-packages/airflow/example_dags/example_branch_datetime_operator.py for tasks to queue
[2026-06-12T11:34:06.259+0000] {logging_mixin.py:188} INFO - [2026-06-12T11:34:06.258+0000] {dagbag.py:538} INFO - Filling up the DagBag from /home/airflow/.local/lib/python3.8/site-packages/airflow/example_dags/example_branch_datetime_operator.py
[2026-06-12T11:34:06.276+0000] {processor.py:840} INFO - DAG(s) 'example_branch_datetime_operator', 'example_branch_datetime_operator_2', 'example_branch_datetime_operator_3' retrieved from /home/airflow/.local/lib/python3.8/site-packages/airflow/example_dags/example_branch_datetime_operator.py
[2026-06-12T11:34:06.329+0000] {logging_mixin.py:188} INFO - [2026-06-12T11:34:06.329+0000] {dag.py:3036} INFO - Sync 3 DAGs
[2026-06-12T11:34:06.378+0000] {logging_mixin.py:188} INFO - [2026-06-12T11:34:06.378+0000] {dag.py:3823} INFO - Setting next_dagrun for example_branch_datetime_operator to 2026-06-11 00:00:00+00:00, run_after=2026-06-12 00:00:00+00:00
[2026-06-12T11:34:06.388+0000] {logging_mixin.py:188} INFO - [2026-06-12T11:34:06.388+0000] {dag.py:3823} INFO - Setting next_dagrun for example_branch_datetime_operator_2 to 2026-06-11 00:00:00+00:00, run_after=2026-06-12 00:00:00+00:00
[2026-06-12T11:34:06.394+0000] {logging_mixin.py:188} INFO - [2026-06-12T11:34:06.393+0000] {dag.py:3823} INFO - Setting next_dagrun for example_branch_datetime_operator_3 to 2026-06-11 00:00:00+00:00, run_after=2026-06-12 00:00:00+00:00
[2026-06-12T11:34:06.421+0000] {processor.py:183} INFO - Processing /home/airflow/.local/lib/python3.8/site-packages/airflow/example_dags/example_branch_datetime_operator.py took 0.172 seconds
[2026-06-12T11:34:37.165+0000] {processor.py:161} INFO - Started process (PID=4218) to work on /home/airflow/.local/lib/python3.8/site-packages/airflow/example_dags/example_branch_datetime_operator.py
[2026-06-12T11:34:37.166+0000] {processor.py:830} INFO - Processing file /home/airflow/.local/lib/python3.8/site-packages/airflow/example_dags/example_branch_datetime_operator.py for tasks to queue
[2026-06-12T11:34:37.169+0000] {logging_mixin.py:188} INFO - [2026-06-12T11:34:37.169+0000] {dagbag.py:538} INFO - Filling up the DagBag from /home/airflow/.local/lib/python3.8/site-packages/airflow/example_dags/example_branch_datetime_operator.py
[2026-06-12T11:34:37.192+0000] {processor.py:840} INFO - DAG(s) 'example_branch_datetime_operator', 'example_branch_datetime_operator_3', 'example_branch_datetime_operator_2' retrieved from /home/airflow/.local/lib/python3.8/site-packages/airflow/example_dags/example_branch_datetime_operator.py
[2026-06-12T11:34:37.248+0000] {logging_mixin.py:188} INFO - [2026-06-12T11:34:37.248+0000] {dag.py:3036} INFO - Sync 3 DAGs
[2026-06-12T11:34:37.291+0000] {logging_mixin.py:188} INFO - [2026-06-12T11:34:37.290+0000] {dag.py:3823} INFO - Setting next_dagrun for example_branch_datetime_operator to 2026-06-11 00:00:00+00:00, run_after=2026-06-12 00:00:00+00:00
[2026-06-12T11:34:37.299+0000] {logging_mixin.py:188} INFO - [2026-06-12T11:34:37.299+0000] {dag.py:3823} INFO - Setting next_dagrun for example_branch_datetime_operator_2 to 2026-06-11 00:00:00+00:00, run_after=2026-06-12 00:00:00+00:00
[2026-06-12T11:34:37.305+0000] {logging_mixin.py:188} INFO - [2026-06-12T11:34:37.305+0000] {dag.py:3823} INFO - Setting next_dagrun for example_branch_datetime_operator_3 to 2026-06-11 00:00:00+00:00, run_after=2026-06-12 00:00:00+00:00
[2026-06-12T11:34:37.334+0000] {processor.py:183} INFO - Processing /home/airflow/.local/lib/python3.8/site-packages/airflow/example_dags/example_branch_datetime_operator.py took 0.175 seconds
[2026-06-12T11:35:07.540+0000] {processor.py:161} INFO - Started process (PID=4284) to work on /home/airflow/.local/lib/python3.8/site-packages/airflow/example_dags/example_branch_datetime_operator.py
[2026-06-12T11:35:07.541+0000] {processor.py:830} INFO - Processing file /home/airflow/.local/lib/python3.8/site-packages/airflow/example_dags/example_branch_datetime_operator.py for tasks to queue
[2026-06-12T11:35:07.544+0000] {logging_mixin.py:188} INFO - [2026-06-12T11:35:07.544+0000] {dagbag.py:538} INFO - Filling up the DagBag from /home/airflow/.local/lib/python3.8/site-packages/airflow/example_dags/example_branch_datetime_operator.py
[2026-06-12T11:35:07.561+0000] {processor.py:840} INFO - DAG(s) 'example_branch_datetime_operator', 'example_branch_datetime_operator_2', 'example_branch_datetime_operator_3' retrieved from /home/airflow/.local/lib/python3.8/site-packages/airflow/example_dags/example_branch_datetime_operator.py
[2026-06-12T11:35:07.610+0000] {logging_mixin.py:188} INFO - [2026-06-12T11:35:07.610+0000] {dag.py:3036} INFO - Sync 3 DAGs
[2026-06-12T11:35:07.650+0000] {logging_mixin.py:188} INFO - [2026-06-12T11:35:07.649+0000] {dag.py:3823} INFO - Setting next_dagrun for example_branch_datetime_operator to 2026-06-11 00:00:00+00:00, run_after=2026-06-12 00:00:00+00:00
[2026-06-12T11:35:07.658+0000] {logging_mixin.py:188} INFO - [2026-06-12T11:35:07.658+0000] {dag.py:3823} INFO - Setting next_dagrun for example_branch_datetime_operator_2 to 2026-06-11 00:00:00+00:00, run_after=2026-06-12 00:00:00+00:00
[2026-06-12T11:35:07.663+0000] {logging_mixin.py:188} INFO - [2026-06-12T11:35:07.662+0000] {dag.py:3823} INFO - Setting next_dagrun for example_branch_datetime_operator_3 to 2026-06-11 00:00:00+00:00, run_after=2026-06-12 00:00:00+00:00
[2026-06-12T11:35:07.693+0000] {processor.py:183} INFO - Processing /home/airflow/.local/lib/python3.8/site-packages/airflow/example_dags/example_branch_datetime_operator.py took 0.158 seconds
[2026-06-12T11:35:38.045+0000] {processor.py:161} INFO - Started process (PID=4349) to work on /home/airflow/.local/lib/python3.8/site-packages/airflow/example_dags/example_branch_datetime_operator.py
[2026-06-12T11:35:38.046+0000] {processor.py:830} INFO - Processing file /home/airflow/.local/lib/python3.8/site-packages/airflow/example_dags/example_branch_datetime_operator.py for tasks to queue
[2026-06-12T11:35:38.049+0000] {logging_mixin.py:188} INFO - [2026-06-12T11:35:38.049+0000] {dagbag.py:538} INFO - Filling up the DagBag from /home/airflow/.local/lib/python3.8/site-packages/airflow/example_dags/example_branch_datetime_operator.py
[2026-06-12T11:35:38.069+0000] {processor.py:840} INFO - DAG(s) 'example_branch_datetime_operator_2', 'example_branch_datetime_operator_3', 'example_branch_datetime_operator' retrieved from /home/airflow/.local/lib/python3.8/site-packages/airflow/example_dags/example_branch_datetime_operator.py
[2026-06-12T11:35:38.119+0000] {logging_mixin.py:188} INFO - [2026-06-12T11:35:38.118+0000] {dag.py:3036} INFO - Sync 3 DAGs
[2026-06-12T11:35:38.159+0000] {logging_mixin.py:188} INFO - [2026-06-12T11:35:38.159+0000] {dag.py:3823} INFO - Setting next_dagrun for example_branch_datetime_operator to 2026-06-11 00:00:00+00:00, run_after=2026-06-12 00:00:00+00:00
[2026-06-12T11:35:38.167+0000] {logging_mixin.py:188} INFO - [2026-06-12T11:35:38.167+0000] {dag.py:3823} INFO - Setting next_dagrun for example_branch_datetime_operator_2 to 2026-06-11 00:00:00+00:00, run_after=2026-06-12 00:00:00+00:00
[2026-06-12T11:35:38.172+0000] {logging_mixin.py:188} INFO - [2026-06-12T11:35:38.172+0000] {dag.py:3823} INFO - Setting next_dagrun for example_branch_datetime_operator_3 to 2026-06-11 00:00:00+00:00, run_after=2026-06-12 00:00:00+00:00
[2026-06-12T11:35:38.197+0000] {processor.py:183} INFO - Processing /home/airflow/.local/lib/python3.8/site-packages/airflow/example_dags/example_branch_datetime_operator.py took 0.158 seconds
[2026-06-12T11:36:08.447+0000] {processor.py:161} INFO - Started process (PID=4413) to work on /home/airflow/.local/lib/python3.8/site-packages/airflow/example_dags/example_branch_datetime_operator.py
[2026-06-12T11:36:08.449+0000] {processor.py:830} INFO - Processing file /home/airflow/.local/lib/python3.8/site-packages/airflow/example_dags/example_branch_datetime_operator.py for tasks to queue
[2026-06-12T11:36:08.451+0000] {logging_mixin.py:188} INFO - [2026-06-12T11:36:08.451+0000] {dagbag.py:538} INFO - Filling up the DagBag from /home/airflow/.local/lib/python3.8/site-packages/airflow/example_dags/example_branch_datetime_operator.py
[2026-06-12T11:36:08.470+0000] {processor.py:840} INFO - DAG(s) 'example_branch_datetime_operator_2', 'example_branch_datetime_operator_3', 'example_branch_datetime_operator' retrieved from /home/airflow/.local/lib/python3.8/site-packages/airflow/example_dags/example_branch_datetime_operator.py
[2026-06-12T11:36:08.520+0000] {logging_mixin.py:188} INFO - [2026-06-12T11:36:08.520+0000] {dag.py:3036} INFO - Sync 3 DAGs
[2026-06-12T11:36:08.558+0000] {logging_mixin.py:188} INFO - [2026-06-12T11:36:08.558+0000] {dag.py:3823} INFO - Setting next_dagrun for example_branch_datetime_operator to 2026-06-11 00:00:00+00:00, run_after=2026-06-12 00:00:00+00:00
[2026-06-12T11:36:08.567+0000] {logging_mixin.py:188} INFO - [2026-06-12T11:36:08.566+0000] {dag.py:3823} INFO - Setting next_dagrun for example_branch_datetime_operator_2 to 2026-06-11 00:00:00+00:00, run_after=2026-06-12 00:00:00+00:00
[2026-06-12T11:36:08.572+0000] {logging_mixin.py:188} INFO - [2026-06-12T11:36:08.572+0000] {dag.py:3823} INFO - Setting next_dagrun for example_branch_datetime_operator_3 to 2026-06-11 00:00:00+00:00, run_after=2026-06-12 00:00:00+00:00
[2026-06-12T11:36:08.599+0000] {processor.py:183} INFO - Processing /home/airflow/.local/lib/python3.8/site-packages/airflow/example_dags/example_branch_datetime_operator.py took 0.156 seconds
[2026-06-12T11:36:38.969+0000] {processor.py:161} INFO - Started process (PID=4486) to work on /home/airflow/.local/lib/python3.8/site-packages/airflow/example_dags/example_branch_datetime_operator.py
[2026-06-12T11:36:38.971+0000] {processor.py:830} INFO - Processing file /home/airflow/.local/lib/python3.8/site-packages/airflow/example_dags/example_branch_datetime_operator.py for tasks to queue
[2026-06-12T11:36:38.974+0000] {logging_mixin.py:188} INFO - [2026-06-12T11:36:38.973+0000] {dagbag.py:538} INFO - Filling up the DagBag from /home/airflow/.local/lib/python3.8/site-packages/airflow/example_dags/example_branch_datetime_operator.py
[2026-06-12T11:36:38.995+0000] {processor.py:840} INFO - DAG(s) 'example_branch_datetime_operator_2', 'example_branch_datetime_operator_3', 'example_branch_datetime_operator' retrieved from /home/airflow/.local/lib/python3.8/site-packages/airflow/example_dags/example_branch_datetime_operator.py
[2026-06-12T11:36:39.053+0000] {logging_mixin.py:188} INFO - [2026-06-12T11:36:39.052+0000] {dag.py:3036} INFO - Sync 3 DAGs
[2026-06-12T11:36:39.108+0000] {logging_mixin.py:188} INFO - [2026-06-12T11:36:39.107+0000] {dag.py:3823} INFO - Setting next_dagrun for example_branch_datetime_operator to 2026-06-11 00:00:00+00:00, run_after=2026-06-12 00:00:00+00:00
[2026-06-12T11:36:39.117+0000] {logging_mixin.py:188} INFO - [2026-06-12T11:36:39.117+0000] {dag.py:3823} INFO - Setting next_dagrun for example_branch_datetime_operator_2 to 2026-06-11 00:00:00+00:00, run_after=2026-06-12 00:00:00+00:00
[2026-06-12T11:36:39.124+0000] {logging_mixin.py:188} INFO - [2026-06-12T11:36:39.123+0000] {dag.py:3823} INFO - Setting next_dagrun for example_branch_datetime_operator_3 to 2026-06-11 00:00:00+00:00, run_after=2026-06-12 00:00:00+00:00
[2026-06-12T11:36:39.155+0000] {processor.py:183} INFO - Processing /home/airflow/.local/lib/python3.8/site-packages/airflow/example_dags/example_branch_datetime_operator.py took 0.190 seconds
