[2026-06-12T11:03:00.518+0000] {processor.py:161} INFO - Started process (PID=67) to work on /home/airflow/.local/lib/python3.8/site-packages/airflow/example_dags/example_dynamic_task_mapping_with_no_taskflow_operators.py
[2026-06-12T11:03:00.520+0000] {processor.py:830} INFO - Processing file /home/airflow/.local/lib/python3.8/site-packages/airflow/example_dags/example_dynamic_task_mapping_with_no_taskflow_operators.py for tasks to queue
[2026-06-12T11:03:00.545+0000] {logging_mixin.py:188} INFO - [2026-06-12T11:03:00.545+0000] {dagbag.py:538} INFO - Filling up the DagBag from /home/airflow/.local/lib/python3.8/site-packages/airflow/example_dags/example_dynamic_task_mapping_with_no_taskflow_operators.py
[2026-06-12T11:03:00.589+0000] {processor.py:840} INFO - DAG(s) 'example_dynamic_task_mapping_with_no_taskflow_operators' retrieved from /home/airflow/.local/lib/python3.8/site-packages/airflow/example_dags/example_dynamic_task_mapping_with_no_taskflow_operators.py
[2026-06-12T11:03:00.671+0000] {logging_mixin.py:188} INFO - [2026-06-12T11:03:00.670+0000] {dag.py:3036} INFO - Sync 1 DAGs
[2026-06-12T11:03:00.789+0000] {logging_mixin.py:188} INFO - [2026-06-12T11:03:00.788+0000] {dag.py:3823} INFO - Setting next_dagrun for example_dynamic_task_mapping_with_no_taskflow_operators to 2026-06-11 00:00:00+00:00, run_after=2026-06-12 00:00:00+00:00
[2026-06-12T11:03:00.894+0000] {processor.py:183} INFO - Processing /home/airflow/.local/lib/python3.8/site-packages/airflow/example_dags/example_dynamic_task_mapping_with_no_taskflow_operators.py took 0.386 seconds
[2026-06-12T11:03:31.148+0000] {processor.py:161} INFO - Started process (PID=133) to work on /home/airflow/.local/lib/python3.8/site-packages/airflow/example_dags/example_dynamic_task_mapping_with_no_taskflow_operators.py
[2026-06-12T11:03:31.149+0000] {processor.py:830} INFO - Processing file /home/airflow/.local/lib/python3.8/site-packages/airflow/example_dags/example_dynamic_task_mapping_with_no_taskflow_operators.py for tasks to queue
[2026-06-12T11:03:31.152+0000] {logging_mixin.py:188} INFO - [2026-06-12T11:03:31.152+0000] {dagbag.py:538} INFO - Filling up the DagBag from /home/airflow/.local/lib/python3.8/site-packages/airflow/example_dags/example_dynamic_task_mapping_with_no_taskflow_operators.py
[2026-06-12T11:03:31.164+0000] {processor.py:840} INFO - DAG(s) 'example_dynamic_task_mapping_with_no_taskflow_operators' retrieved from /home/airflow/.local/lib/python3.8/site-packages/airflow/example_dags/example_dynamic_task_mapping_with_no_taskflow_operators.py
[2026-06-12T11:03:31.379+0000] {logging_mixin.py:188} INFO - [2026-06-12T11:03:31.379+0000] {dag.py:3036} INFO - Sync 1 DAGs
[2026-06-12T11:03:31.419+0000] {logging_mixin.py:188} INFO - [2026-06-12T11:03:31.419+0000] {dag.py:3823} INFO - Setting next_dagrun for example_dynamic_task_mapping_with_no_taskflow_operators to 2026-06-11 00:00:00+00:00, run_after=2026-06-12 00:00:00+00:00
[2026-06-12T11:03:31.470+0000] {processor.py:183} INFO - Processing /home/airflow/.local/lib/python3.8/site-packages/airflow/example_dags/example_dynamic_task_mapping_with_no_taskflow_operators.py took 0.328 seconds
[2026-06-12T11:04:01.607+0000] {processor.py:161} INFO - Started process (PID=199) to work on /home/airflow/.local/lib/python3.8/site-packages/airflow/example_dags/example_dynamic_task_mapping_with_no_taskflow_operators.py
[2026-06-12T11:04:01.608+0000] {processor.py:830} INFO - Processing file /home/airflow/.local/lib/python3.8/site-packages/airflow/example_dags/example_dynamic_task_mapping_with_no_taskflow_operators.py for tasks to queue
[2026-06-12T11:04:01.611+0000] {logging_mixin.py:188} INFO - [2026-06-12T11:04:01.610+0000] {dagbag.py:538} INFO - Filling up the DagBag from /home/airflow/.local/lib/python3.8/site-packages/airflow/example_dags/example_dynamic_task_mapping_with_no_taskflow_operators.py
[2026-06-12T11:04:01.620+0000] {processor.py:840} INFO - DAG(s) 'example_dynamic_task_mapping_with_no_taskflow_operators' retrieved from /home/airflow/.local/lib/python3.8/site-packages/airflow/example_dags/example_dynamic_task_mapping_with_no_taskflow_operators.py
[2026-06-12T11:04:01.654+0000] {logging_mixin.py:188} INFO - [2026-06-12T11:04:01.654+0000] {dag.py:3036} INFO - Sync 1 DAGs
[2026-06-12T11:04:01.691+0000] {logging_mixin.py:188} INFO - [2026-06-12T11:04:01.690+0000] {dag.py:3823} INFO - Setting next_dagrun for example_dynamic_task_mapping_with_no_taskflow_operators to 2026-06-11 00:00:00+00:00, run_after=2026-06-12 00:00:00+00:00
[2026-06-12T11:04:01.723+0000] {processor.py:183} INFO - Processing /home/airflow/.local/lib/python3.8/site-packages/airflow/example_dags/example_dynamic_task_mapping_with_no_taskflow_operators.py took 0.121 seconds
[2026-06-12T11:04:32.457+0000] {processor.py:161} INFO - Started process (PID=266) to work on /home/airflow/.local/lib/python3.8/site-packages/airflow/example_dags/example_dynamic_task_mapping_with_no_taskflow_operators.py
[2026-06-12T11:04:32.459+0000] {processor.py:830} INFO - Processing file /home/airflow/.local/lib/python3.8/site-packages/airflow/example_dags/example_dynamic_task_mapping_with_no_taskflow_operators.py for tasks to queue
[2026-06-12T11:04:32.461+0000] {logging_mixin.py:188} INFO - [2026-06-12T11:04:32.461+0000] {dagbag.py:538} INFO - Filling up the DagBag from /home/airflow/.local/lib/python3.8/site-packages/airflow/example_dags/example_dynamic_task_mapping_with_no_taskflow_operators.py
[2026-06-12T11:04:32.471+0000] {processor.py:840} INFO - DAG(s) 'example_dynamic_task_mapping_with_no_taskflow_operators' retrieved from /home/airflow/.local/lib/python3.8/site-packages/airflow/example_dags/example_dynamic_task_mapping_with_no_taskflow_operators.py
[2026-06-12T11:04:32.504+0000] {logging_mixin.py:188} INFO - [2026-06-12T11:04:32.504+0000] {dag.py:3036} INFO - Sync 1 DAGs
[2026-06-12T11:04:32.537+0000] {logging_mixin.py:188} INFO - [2026-06-12T11:04:32.537+0000] {dag.py:3823} INFO - Setting next_dagrun for example_dynamic_task_mapping_with_no_taskflow_operators to 2026-06-11 00:00:00+00:00, run_after=2026-06-12 00:00:00+00:00
[2026-06-12T11:04:32.565+0000] {processor.py:183} INFO - Processing /home/airflow/.local/lib/python3.8/site-packages/airflow/example_dags/example_dynamic_task_mapping_with_no_taskflow_operators.py took 0.113 seconds
[2026-06-12T11:05:02.866+0000] {processor.py:161} INFO - Started process (PID=332) to work on /home/airflow/.local/lib/python3.8/site-packages/airflow/example_dags/example_dynamic_task_mapping_with_no_taskflow_operators.py
[2026-06-12T11:05:02.868+0000] {processor.py:830} INFO - Processing file /home/airflow/.local/lib/python3.8/site-packages/airflow/example_dags/example_dynamic_task_mapping_with_no_taskflow_operators.py for tasks to queue
[2026-06-12T11:05:02.871+0000] {logging_mixin.py:188} INFO - [2026-06-12T11:05:02.871+0000] {dagbag.py:538} INFO - Filling up the DagBag from /home/airflow/.local/lib/python3.8/site-packages/airflow/example_dags/example_dynamic_task_mapping_with_no_taskflow_operators.py
[2026-06-12T11:05:02.883+0000] {processor.py:840} INFO - DAG(s) 'example_dynamic_task_mapping_with_no_taskflow_operators' retrieved from /home/airflow/.local/lib/python3.8/site-packages/airflow/example_dags/example_dynamic_task_mapping_with_no_taskflow_operators.py
[2026-06-12T11:05:02.924+0000] {logging_mixin.py:188} INFO - [2026-06-12T11:05:02.923+0000] {dag.py:3036} INFO - Sync 1 DAGs
[2026-06-12T11:05:02.964+0000] {logging_mixin.py:188} INFO - [2026-06-12T11:05:02.963+0000] {dag.py:3823} INFO - Setting next_dagrun for example_dynamic_task_mapping_with_no_taskflow_operators to 2026-06-11 00:00:00+00:00, run_after=2026-06-12 00:00:00+00:00
[2026-06-12T11:05:02.994+0000] {processor.py:183} INFO - Processing /home/airflow/.local/lib/python3.8/site-packages/airflow/example_dags/example_dynamic_task_mapping_with_no_taskflow_operators.py took 0.133 seconds
[2026-06-12T11:05:33.357+0000] {processor.py:161} INFO - Started process (PID=398) to work on /home/airflow/.local/lib/python3.8/site-packages/airflow/example_dags/example_dynamic_task_mapping_with_no_taskflow_operators.py
[2026-06-12T11:05:33.359+0000] {processor.py:830} INFO - Processing file /home/airflow/.local/lib/python3.8/site-packages/airflow/example_dags/example_dynamic_task_mapping_with_no_taskflow_operators.py for tasks to queue
[2026-06-12T11:05:33.361+0000] {logging_mixin.py:188} INFO - [2026-06-12T11:05:33.361+0000] {dagbag.py:538} INFO - Filling up the DagBag from /home/airflow/.local/lib/python3.8/site-packages/airflow/example_dags/example_dynamic_task_mapping_with_no_taskflow_operators.py
[2026-06-12T11:05:33.371+0000] {processor.py:840} INFO - DAG(s) 'example_dynamic_task_mapping_with_no_taskflow_operators' retrieved from /home/airflow/.local/lib/python3.8/site-packages/airflow/example_dags/example_dynamic_task_mapping_with_no_taskflow_operators.py
[2026-06-12T11:05:33.406+0000] {logging_mixin.py:188} INFO - [2026-06-12T11:05:33.406+0000] {dag.py:3036} INFO - Sync 1 DAGs
[2026-06-12T11:05:33.439+0000] {logging_mixin.py:188} INFO - [2026-06-12T11:05:33.439+0000] {dag.py:3823} INFO - Setting next_dagrun for example_dynamic_task_mapping_with_no_taskflow_operators to 2026-06-11 00:00:00+00:00, run_after=2026-06-12 00:00:00+00:00
[2026-06-12T11:05:33.468+0000] {processor.py:183} INFO - Processing /home/airflow/.local/lib/python3.8/site-packages/airflow/example_dags/example_dynamic_task_mapping_with_no_taskflow_operators.py took 0.116 seconds
[2026-06-12T11:06:03.783+0000] {processor.py:161} INFO - Started process (PID=464) to work on /home/airflow/.local/lib/python3.8/site-packages/airflow/example_dags/example_dynamic_task_mapping_with_no_taskflow_operators.py
[2026-06-12T11:06:03.786+0000] {processor.py:830} INFO - Processing file /home/airflow/.local/lib/python3.8/site-packages/airflow/example_dags/example_dynamic_task_mapping_with_no_taskflow_operators.py for tasks to queue
[2026-06-12T11:06:03.790+0000] {logging_mixin.py:188} INFO - [2026-06-12T11:06:03.789+0000] {dagbag.py:538} INFO - Filling up the DagBag from /home/airflow/.local/lib/python3.8/site-packages/airflow/example_dags/example_dynamic_task_mapping_with_no_taskflow_operators.py
[2026-06-12T11:06:03.801+0000] {processor.py:840} INFO - DAG(s) 'example_dynamic_task_mapping_with_no_taskflow_operators' retrieved from /home/airflow/.local/lib/python3.8/site-packages/airflow/example_dags/example_dynamic_task_mapping_with_no_taskflow_operators.py
[2026-06-12T11:06:03.842+0000] {logging_mixin.py:188} INFO - [2026-06-12T11:06:03.842+0000] {dag.py:3036} INFO - Sync 1 DAGs
[2026-06-12T11:06:03.881+0000] {logging_mixin.py:188} INFO - [2026-06-12T11:06:03.881+0000] {dag.py:3823} INFO - Setting next_dagrun for example_dynamic_task_mapping_with_no_taskflow_operators to 2026-06-11 00:00:00+00:00, run_after=2026-06-12 00:00:00+00:00
[2026-06-12T11:06:03.908+0000] {processor.py:183} INFO - Processing /home/airflow/.local/lib/python3.8/site-packages/airflow/example_dags/example_dynamic_task_mapping_with_no_taskflow_operators.py took 0.130 seconds
[2026-06-12T11:06:34.259+0000] {processor.py:161} INFO - Started process (PID=529) to work on /home/airflow/.local/lib/python3.8/site-packages/airflow/example_dags/example_dynamic_task_mapping_with_no_taskflow_operators.py
[2026-06-12T11:06:34.261+0000] {processor.py:830} INFO - Processing file /home/airflow/.local/lib/python3.8/site-packages/airflow/example_dags/example_dynamic_task_mapping_with_no_taskflow_operators.py for tasks to queue
[2026-06-12T11:06:34.264+0000] {logging_mixin.py:188} INFO - [2026-06-12T11:06:34.263+0000] {dagbag.py:538} INFO - Filling up the DagBag from /home/airflow/.local/lib/python3.8/site-packages/airflow/example_dags/example_dynamic_task_mapping_with_no_taskflow_operators.py
[2026-06-12T11:06:34.274+0000] {processor.py:840} INFO - DAG(s) 'example_dynamic_task_mapping_with_no_taskflow_operators' retrieved from /home/airflow/.local/lib/python3.8/site-packages/airflow/example_dags/example_dynamic_task_mapping_with_no_taskflow_operators.py
[2026-06-12T11:06:34.309+0000] {logging_mixin.py:188} INFO - [2026-06-12T11:06:34.308+0000] {dag.py:3036} INFO - Sync 1 DAGs
[2026-06-12T11:06:34.343+0000] {logging_mixin.py:188} INFO - [2026-06-12T11:06:34.342+0000] {dag.py:3823} INFO - Setting next_dagrun for example_dynamic_task_mapping_with_no_taskflow_operators to 2026-06-11 00:00:00+00:00, run_after=2026-06-12 00:00:00+00:00
[2026-06-12T11:06:34.369+0000] {processor.py:183} INFO - Processing /home/airflow/.local/lib/python3.8/site-packages/airflow/example_dags/example_dynamic_task_mapping_with_no_taskflow_operators.py took 0.116 seconds
[2026-06-12T11:07:04.743+0000] {processor.py:161} INFO - Started process (PID=594) to work on /home/airflow/.local/lib/python3.8/site-packages/airflow/example_dags/example_dynamic_task_mapping_with_no_taskflow_operators.py
[2026-06-12T11:07:04.746+0000] {processor.py:830} INFO - Processing file /home/airflow/.local/lib/python3.8/site-packages/airflow/example_dags/example_dynamic_task_mapping_with_no_taskflow_operators.py for tasks to queue
[2026-06-12T11:07:04.750+0000] {logging_mixin.py:188} INFO - [2026-06-12T11:07:04.749+0000] {dagbag.py:538} INFO - Filling up the DagBag from /home/airflow/.local/lib/python3.8/site-packages/airflow/example_dags/example_dynamic_task_mapping_with_no_taskflow_operators.py
[2026-06-12T11:07:04.766+0000] {processor.py:840} INFO - DAG(s) 'example_dynamic_task_mapping_with_no_taskflow_operators' retrieved from /home/airflow/.local/lib/python3.8/site-packages/airflow/example_dags/example_dynamic_task_mapping_with_no_taskflow_operators.py
[2026-06-12T11:07:04.829+0000] {logging_mixin.py:188} INFO - [2026-06-12T11:07:04.829+0000] {dag.py:3036} INFO - Sync 1 DAGs
[2026-06-12T11:07:04.875+0000] {logging_mixin.py:188} INFO - [2026-06-12T11:07:04.875+0000] {dag.py:3823} INFO - Setting next_dagrun for example_dynamic_task_mapping_with_no_taskflow_operators to 2026-06-11 00:00:00+00:00, run_after=2026-06-12 00:00:00+00:00
[2026-06-12T11:07:04.905+0000] {processor.py:183} INFO - Processing /home/airflow/.local/lib/python3.8/site-packages/airflow/example_dags/example_dynamic_task_mapping_with_no_taskflow_operators.py took 0.178 seconds
[2026-06-12T11:07:34.951+0000] {processor.py:161} INFO - Started process (PID=667) to work on /home/airflow/.local/lib/python3.8/site-packages/airflow/example_dags/example_dynamic_task_mapping_with_no_taskflow_operators.py
[2026-06-12T11:07:34.953+0000] {processor.py:830} INFO - Processing file /home/airflow/.local/lib/python3.8/site-packages/airflow/example_dags/example_dynamic_task_mapping_with_no_taskflow_operators.py for tasks to queue
[2026-06-12T11:07:34.956+0000] {logging_mixin.py:188} INFO - [2026-06-12T11:07:34.956+0000] {dagbag.py:538} INFO - Filling up the DagBag from /home/airflow/.local/lib/python3.8/site-packages/airflow/example_dags/example_dynamic_task_mapping_with_no_taskflow_operators.py
[2026-06-12T11:07:34.966+0000] {processor.py:840} INFO - DAG(s) 'example_dynamic_task_mapping_with_no_taskflow_operators' retrieved from /home/airflow/.local/lib/python3.8/site-packages/airflow/example_dags/example_dynamic_task_mapping_with_no_taskflow_operators.py
[2026-06-12T11:07:35.004+0000] {logging_mixin.py:188} INFO - [2026-06-12T11:07:35.004+0000] {dag.py:3036} INFO - Sync 1 DAGs
[2026-06-12T11:07:35.039+0000] {logging_mixin.py:188} INFO - [2026-06-12T11:07:35.039+0000] {dag.py:3823} INFO - Setting next_dagrun for example_dynamic_task_mapping_with_no_taskflow_operators to 2026-06-11 00:00:00+00:00, run_after=2026-06-12 00:00:00+00:00
[2026-06-12T11:07:35.066+0000] {processor.py:183} INFO - Processing /home/airflow/.local/lib/python3.8/site-packages/airflow/example_dags/example_dynamic_task_mapping_with_no_taskflow_operators.py took 0.121 seconds
[2026-06-12T11:08:05.235+0000] {processor.py:161} INFO - Started process (PID=733) to work on /home/airflow/.local/lib/python3.8/site-packages/airflow/example_dags/example_dynamic_task_mapping_with_no_taskflow_operators.py
[2026-06-12T11:08:05.237+0000] {processor.py:830} INFO - Processing file /home/airflow/.local/lib/python3.8/site-packages/airflow/example_dags/example_dynamic_task_mapping_with_no_taskflow_operators.py for tasks to queue
[2026-06-12T11:08:05.240+0000] {logging_mixin.py:188} INFO - [2026-06-12T11:08:05.239+0000] {dagbag.py:538} INFO - Filling up the DagBag from /home/airflow/.local/lib/python3.8/site-packages/airflow/example_dags/example_dynamic_task_mapping_with_no_taskflow_operators.py
[2026-06-12T11:08:05.251+0000] {processor.py:840} INFO - DAG(s) 'example_dynamic_task_mapping_with_no_taskflow_operators' retrieved from /home/airflow/.local/lib/python3.8/site-packages/airflow/example_dags/example_dynamic_task_mapping_with_no_taskflow_operators.py
[2026-06-12T11:08:05.290+0000] {logging_mixin.py:188} INFO - [2026-06-12T11:08:05.290+0000] {dag.py:3036} INFO - Sync 1 DAGs
[2026-06-12T11:08:05.332+0000] {logging_mixin.py:188} INFO - [2026-06-12T11:08:05.332+0000] {dag.py:3823} INFO - Setting next_dagrun for example_dynamic_task_mapping_with_no_taskflow_operators to 2026-06-11 00:00:00+00:00, run_after=2026-06-12 00:00:00+00:00
[2026-06-12T11:08:05.359+0000] {processor.py:183} INFO - Processing /home/airflow/.local/lib/python3.8/site-packages/airflow/example_dags/example_dynamic_task_mapping_with_no_taskflow_operators.py took 0.130 seconds
[2026-06-12T11:08:35.707+0000] {processor.py:161} INFO - Started process (PID=800) to work on /home/airflow/.local/lib/python3.8/site-packages/airflow/example_dags/example_dynamic_task_mapping_with_no_taskflow_operators.py
[2026-06-12T11:08:35.708+0000] {processor.py:830} INFO - Processing file /home/airflow/.local/lib/python3.8/site-packages/airflow/example_dags/example_dynamic_task_mapping_with_no_taskflow_operators.py for tasks to queue
[2026-06-12T11:08:35.710+0000] {logging_mixin.py:188} INFO - [2026-06-12T11:08:35.710+0000] {dagbag.py:538} INFO - Filling up the DagBag from /home/airflow/.local/lib/python3.8/site-packages/airflow/example_dags/example_dynamic_task_mapping_with_no_taskflow_operators.py
[2026-06-12T11:08:35.720+0000] {processor.py:840} INFO - DAG(s) 'example_dynamic_task_mapping_with_no_taskflow_operators' retrieved from /home/airflow/.local/lib/python3.8/site-packages/airflow/example_dags/example_dynamic_task_mapping_with_no_taskflow_operators.py
[2026-06-12T11:08:35.753+0000] {logging_mixin.py:188} INFO - [2026-06-12T11:08:35.753+0000] {dag.py:3036} INFO - Sync 1 DAGs
[2026-06-12T11:08:35.787+0000] {logging_mixin.py:188} INFO - [2026-06-12T11:08:35.787+0000] {dag.py:3823} INFO - Setting next_dagrun for example_dynamic_task_mapping_with_no_taskflow_operators to 2026-06-11 00:00:00+00:00, run_after=2026-06-12 00:00:00+00:00
[2026-06-12T11:08:35.813+0000] {processor.py:183} INFO - Processing /home/airflow/.local/lib/python3.8/site-packages/airflow/example_dags/example_dynamic_task_mapping_with_no_taskflow_operators.py took 0.111 seconds
[2026-06-12T11:09:06.066+0000] {processor.py:161} INFO - Started process (PID=865) to work on /home/airflow/.local/lib/python3.8/site-packages/airflow/example_dags/example_dynamic_task_mapping_with_no_taskflow_operators.py
[2026-06-12T11:09:06.071+0000] {processor.py:830} INFO - Processing file /home/airflow/.local/lib/python3.8/site-packages/airflow/example_dags/example_dynamic_task_mapping_with_no_taskflow_operators.py for tasks to queue
[2026-06-12T11:09:06.074+0000] {logging_mixin.py:188} INFO - [2026-06-12T11:09:06.073+0000] {dagbag.py:538} INFO - Filling up the DagBag from /home/airflow/.local/lib/python3.8/site-packages/airflow/example_dags/example_dynamic_task_mapping_with_no_taskflow_operators.py
[2026-06-12T11:09:06.083+0000] {processor.py:840} INFO - DAG(s) 'example_dynamic_task_mapping_with_no_taskflow_operators' retrieved from /home/airflow/.local/lib/python3.8/site-packages/airflow/example_dags/example_dynamic_task_mapping_with_no_taskflow_operators.py
[2026-06-12T11:09:06.119+0000] {logging_mixin.py:188} INFO - [2026-06-12T11:09:06.118+0000] {dag.py:3036} INFO - Sync 1 DAGs
[2026-06-12T11:09:06.153+0000] {logging_mixin.py:188} INFO - [2026-06-12T11:09:06.153+0000] {dag.py:3823} INFO - Setting next_dagrun for example_dynamic_task_mapping_with_no_taskflow_operators to 2026-06-11 00:00:00+00:00, run_after=2026-06-12 00:00:00+00:00
[2026-06-12T11:09:06.180+0000] {processor.py:183} INFO - Processing /home/airflow/.local/lib/python3.8/site-packages/airflow/example_dags/example_dynamic_task_mapping_with_no_taskflow_operators.py took 0.119 seconds
[2026-06-12T11:09:36.741+0000] {processor.py:161} INFO - Started process (PID=932) to work on /home/airflow/.local/lib/python3.8/site-packages/airflow/example_dags/example_dynamic_task_mapping_with_no_taskflow_operators.py
[2026-06-12T11:09:36.742+0000] {processor.py:830} INFO - Processing file /home/airflow/.local/lib/python3.8/site-packages/airflow/example_dags/example_dynamic_task_mapping_with_no_taskflow_operators.py for tasks to queue
[2026-06-12T11:09:36.745+0000] {logging_mixin.py:188} INFO - [2026-06-12T11:09:36.744+0000] {dagbag.py:538} INFO - Filling up the DagBag from /home/airflow/.local/lib/python3.8/site-packages/airflow/example_dags/example_dynamic_task_mapping_with_no_taskflow_operators.py
[2026-06-12T11:09:36.755+0000] {processor.py:840} INFO - DAG(s) 'example_dynamic_task_mapping_with_no_taskflow_operators' retrieved from /home/airflow/.local/lib/python3.8/site-packages/airflow/example_dags/example_dynamic_task_mapping_with_no_taskflow_operators.py
[2026-06-12T11:09:36.795+0000] {logging_mixin.py:188} INFO - [2026-06-12T11:09:36.794+0000] {dag.py:3036} INFO - Sync 1 DAGs
[2026-06-12T11:09:36.838+0000] {logging_mixin.py:188} INFO - [2026-06-12T11:09:36.837+0000] {dag.py:3823} INFO - Setting next_dagrun for example_dynamic_task_mapping_with_no_taskflow_operators to 2026-06-11 00:00:00+00:00, run_after=2026-06-12 00:00:00+00:00
[2026-06-12T11:09:36.869+0000] {processor.py:183} INFO - Processing /home/airflow/.local/lib/python3.8/site-packages/airflow/example_dags/example_dynamic_task_mapping_with_no_taskflow_operators.py took 0.134 seconds
[2026-06-12T11:10:07.073+0000] {processor.py:161} INFO - Started process (PID=997) to work on /home/airflow/.local/lib/python3.8/site-packages/airflow/example_dags/example_dynamic_task_mapping_with_no_taskflow_operators.py
[2026-06-12T11:10:07.075+0000] {processor.py:830} INFO - Processing file /home/airflow/.local/lib/python3.8/site-packages/airflow/example_dags/example_dynamic_task_mapping_with_no_taskflow_operators.py for tasks to queue
[2026-06-12T11:10:07.077+0000] {logging_mixin.py:188} INFO - [2026-06-12T11:10:07.077+0000] {dagbag.py:538} INFO - Filling up the DagBag from /home/airflow/.local/lib/python3.8/site-packages/airflow/example_dags/example_dynamic_task_mapping_with_no_taskflow_operators.py
[2026-06-12T11:10:07.087+0000] {processor.py:840} INFO - DAG(s) 'example_dynamic_task_mapping_with_no_taskflow_operators' retrieved from /home/airflow/.local/lib/python3.8/site-packages/airflow/example_dags/example_dynamic_task_mapping_with_no_taskflow_operators.py
[2026-06-12T11:10:07.122+0000] {logging_mixin.py:188} INFO - [2026-06-12T11:10:07.121+0000] {dag.py:3036} INFO - Sync 1 DAGs
[2026-06-12T11:10:07.158+0000] {logging_mixin.py:188} INFO - [2026-06-12T11:10:07.157+0000] {dag.py:3823} INFO - Setting next_dagrun for example_dynamic_task_mapping_with_no_taskflow_operators to 2026-06-11 00:00:00+00:00, run_after=2026-06-12 00:00:00+00:00
[2026-06-12T11:10:07.186+0000] {processor.py:183} INFO - Processing /home/airflow/.local/lib/python3.8/site-packages/airflow/example_dags/example_dynamic_task_mapping_with_no_taskflow_operators.py took 0.118 seconds
[2026-06-12T11:10:37.378+0000] {processor.py:161} INFO - Started process (PID=1062) to work on /home/airflow/.local/lib/python3.8/site-packages/airflow/example_dags/example_dynamic_task_mapping_with_no_taskflow_operators.py
[2026-06-12T11:10:37.379+0000] {processor.py:830} INFO - Processing file /home/airflow/.local/lib/python3.8/site-packages/airflow/example_dags/example_dynamic_task_mapping_with_no_taskflow_operators.py for tasks to queue
[2026-06-12T11:10:37.382+0000] {logging_mixin.py:188} INFO - [2026-06-12T11:10:37.381+0000] {dagbag.py:538} INFO - Filling up the DagBag from /home/airflow/.local/lib/python3.8/site-packages/airflow/example_dags/example_dynamic_task_mapping_with_no_taskflow_operators.py
[2026-06-12T11:10:37.391+0000] {processor.py:840} INFO - DAG(s) 'example_dynamic_task_mapping_with_no_taskflow_operators' retrieved from /home/airflow/.local/lib/python3.8/site-packages/airflow/example_dags/example_dynamic_task_mapping_with_no_taskflow_operators.py
[2026-06-12T11:10:37.426+0000] {logging_mixin.py:188} INFO - [2026-06-12T11:10:37.425+0000] {dag.py:3036} INFO - Sync 1 DAGs
[2026-06-12T11:10:37.460+0000] {logging_mixin.py:188} INFO - [2026-06-12T11:10:37.459+0000] {dag.py:3823} INFO - Setting next_dagrun for example_dynamic_task_mapping_with_no_taskflow_operators to 2026-06-11 00:00:00+00:00, run_after=2026-06-12 00:00:00+00:00
[2026-06-12T11:10:37.484+0000] {processor.py:183} INFO - Processing /home/airflow/.local/lib/python3.8/site-packages/airflow/example_dags/example_dynamic_task_mapping_with_no_taskflow_operators.py took 0.111 seconds
[2026-06-12T11:11:07.805+0000] {processor.py:161} INFO - Started process (PID=1128) to work on /home/airflow/.local/lib/python3.8/site-packages/airflow/example_dags/example_dynamic_task_mapping_with_no_taskflow_operators.py
[2026-06-12T11:11:07.807+0000] {processor.py:830} INFO - Processing file /home/airflow/.local/lib/python3.8/site-packages/airflow/example_dags/example_dynamic_task_mapping_with_no_taskflow_operators.py for tasks to queue
[2026-06-12T11:11:07.810+0000] {logging_mixin.py:188} INFO - [2026-06-12T11:11:07.810+0000] {dagbag.py:538} INFO - Filling up the DagBag from /home/airflow/.local/lib/python3.8/site-packages/airflow/example_dags/example_dynamic_task_mapping_with_no_taskflow_operators.py
[2026-06-12T11:11:07.823+0000] {processor.py:840} INFO - DAG(s) 'example_dynamic_task_mapping_with_no_taskflow_operators' retrieved from /home/airflow/.local/lib/python3.8/site-packages/airflow/example_dags/example_dynamic_task_mapping_with_no_taskflow_operators.py
[2026-06-12T11:11:07.864+0000] {logging_mixin.py:188} INFO - [2026-06-12T11:11:07.864+0000] {dag.py:3036} INFO - Sync 1 DAGs
[2026-06-12T11:11:07.899+0000] {logging_mixin.py:188} INFO - [2026-06-12T11:11:07.899+0000] {dag.py:3823} INFO - Setting next_dagrun for example_dynamic_task_mapping_with_no_taskflow_operators to 2026-06-11 00:00:00+00:00, run_after=2026-06-12 00:00:00+00:00
[2026-06-12T11:11:07.926+0000] {processor.py:183} INFO - Processing /home/airflow/.local/lib/python3.8/site-packages/airflow/example_dags/example_dynamic_task_mapping_with_no_taskflow_operators.py took 0.127 seconds
[2026-06-12T11:11:38.302+0000] {processor.py:161} INFO - Started process (PID=1203) to work on /home/airflow/.local/lib/python3.8/site-packages/airflow/example_dags/example_dynamic_task_mapping_with_no_taskflow_operators.py
[2026-06-12T11:11:38.304+0000] {processor.py:830} INFO - Processing file /home/airflow/.local/lib/python3.8/site-packages/airflow/example_dags/example_dynamic_task_mapping_with_no_taskflow_operators.py for tasks to queue
[2026-06-12T11:11:38.307+0000] {logging_mixin.py:188} INFO - [2026-06-12T11:11:38.307+0000] {dagbag.py:538} INFO - Filling up the DagBag from /home/airflow/.local/lib/python3.8/site-packages/airflow/example_dags/example_dynamic_task_mapping_with_no_taskflow_operators.py
[2026-06-12T11:11:38.318+0000] {processor.py:840} INFO - DAG(s) 'example_dynamic_task_mapping_with_no_taskflow_operators' retrieved from /home/airflow/.local/lib/python3.8/site-packages/airflow/example_dags/example_dynamic_task_mapping_with_no_taskflow_operators.py
[2026-06-12T11:11:38.358+0000] {logging_mixin.py:188} INFO - [2026-06-12T11:11:38.357+0000] {dag.py:3036} INFO - Sync 1 DAGs
[2026-06-12T11:11:38.400+0000] {logging_mixin.py:188} INFO - [2026-06-12T11:11:38.399+0000] {dag.py:3823} INFO - Setting next_dagrun for example_dynamic_task_mapping_with_no_taskflow_operators to 2026-06-11 00:00:00+00:00, run_after=2026-06-12 00:00:00+00:00
[2026-06-12T11:11:38.430+0000] {processor.py:183} INFO - Processing /home/airflow/.local/lib/python3.8/site-packages/airflow/example_dags/example_dynamic_task_mapping_with_no_taskflow_operators.py took 0.134 seconds
[2026-06-12T11:12:08.570+0000] {processor.py:161} INFO - Started process (PID=1269) to work on /home/airflow/.local/lib/python3.8/site-packages/airflow/example_dags/example_dynamic_task_mapping_with_no_taskflow_operators.py
[2026-06-12T11:12:08.571+0000] {processor.py:830} INFO - Processing file /home/airflow/.local/lib/python3.8/site-packages/airflow/example_dags/example_dynamic_task_mapping_with_no_taskflow_operators.py for tasks to queue
[2026-06-12T11:12:08.573+0000] {logging_mixin.py:188} INFO - [2026-06-12T11:12:08.573+0000] {dagbag.py:538} INFO - Filling up the DagBag from /home/airflow/.local/lib/python3.8/site-packages/airflow/example_dags/example_dynamic_task_mapping_with_no_taskflow_operators.py
[2026-06-12T11:12:08.582+0000] {processor.py:840} INFO - DAG(s) 'example_dynamic_task_mapping_with_no_taskflow_operators' retrieved from /home/airflow/.local/lib/python3.8/site-packages/airflow/example_dags/example_dynamic_task_mapping_with_no_taskflow_operators.py
[2026-06-12T11:12:08.618+0000] {logging_mixin.py:188} INFO - [2026-06-12T11:12:08.618+0000] {dag.py:3036} INFO - Sync 1 DAGs
[2026-06-12T11:12:08.652+0000] {logging_mixin.py:188} INFO - [2026-06-12T11:12:08.652+0000] {dag.py:3823} INFO - Setting next_dagrun for example_dynamic_task_mapping_with_no_taskflow_operators to 2026-06-11 00:00:00+00:00, run_after=2026-06-12 00:00:00+00:00
[2026-06-12T11:12:08.680+0000] {processor.py:183} INFO - Processing /home/airflow/.local/lib/python3.8/site-packages/airflow/example_dags/example_dynamic_task_mapping_with_no_taskflow_operators.py took 0.115 seconds
[2026-06-12T11:12:38.821+0000] {processor.py:161} INFO - Started process (PID=1336) to work on /home/airflow/.local/lib/python3.8/site-packages/airflow/example_dags/example_dynamic_task_mapping_with_no_taskflow_operators.py
[2026-06-12T11:12:38.823+0000] {processor.py:830} INFO - Processing file /home/airflow/.local/lib/python3.8/site-packages/airflow/example_dags/example_dynamic_task_mapping_with_no_taskflow_operators.py for tasks to queue
[2026-06-12T11:12:38.825+0000] {logging_mixin.py:188} INFO - [2026-06-12T11:12:38.825+0000] {dagbag.py:538} INFO - Filling up the DagBag from /home/airflow/.local/lib/python3.8/site-packages/airflow/example_dags/example_dynamic_task_mapping_with_no_taskflow_operators.py
[2026-06-12T11:12:38.834+0000] {processor.py:840} INFO - DAG(s) 'example_dynamic_task_mapping_with_no_taskflow_operators' retrieved from /home/airflow/.local/lib/python3.8/site-packages/airflow/example_dags/example_dynamic_task_mapping_with_no_taskflow_operators.py
[2026-06-12T11:12:38.872+0000] {logging_mixin.py:188} INFO - [2026-06-12T11:12:38.872+0000] {dag.py:3036} INFO - Sync 1 DAGs
[2026-06-12T11:12:38.913+0000] {logging_mixin.py:188} INFO - [2026-06-12T11:12:38.912+0000] {dag.py:3823} INFO - Setting next_dagrun for example_dynamic_task_mapping_with_no_taskflow_operators to 2026-06-11 00:00:00+00:00, run_after=2026-06-12 00:00:00+00:00
[2026-06-12T11:12:38.939+0000] {processor.py:183} INFO - Processing /home/airflow/.local/lib/python3.8/site-packages/airflow/example_dags/example_dynamic_task_mapping_with_no_taskflow_operators.py took 0.122 seconds
[2026-06-12T11:13:09.541+0000] {processor.py:161} INFO - Started process (PID=1402) to work on /home/airflow/.local/lib/python3.8/site-packages/airflow/example_dags/example_dynamic_task_mapping_with_no_taskflow_operators.py
[2026-06-12T11:13:09.543+0000] {processor.py:830} INFO - Processing file /home/airflow/.local/lib/python3.8/site-packages/airflow/example_dags/example_dynamic_task_mapping_with_no_taskflow_operators.py for tasks to queue
[2026-06-12T11:13:09.546+0000] {logging_mixin.py:188} INFO - [2026-06-12T11:13:09.545+0000] {dagbag.py:538} INFO - Filling up the DagBag from /home/airflow/.local/lib/python3.8/site-packages/airflow/example_dags/example_dynamic_task_mapping_with_no_taskflow_operators.py
[2026-06-12T11:13:09.557+0000] {processor.py:840} INFO - DAG(s) 'example_dynamic_task_mapping_with_no_taskflow_operators' retrieved from /home/airflow/.local/lib/python3.8/site-packages/airflow/example_dags/example_dynamic_task_mapping_with_no_taskflow_operators.py
[2026-06-12T11:13:09.594+0000] {logging_mixin.py:188} INFO - [2026-06-12T11:13:09.593+0000] {dag.py:3036} INFO - Sync 1 DAGs
[2026-06-12T11:13:09.630+0000] {logging_mixin.py:188} INFO - [2026-06-12T11:13:09.630+0000] {dag.py:3823} INFO - Setting next_dagrun for example_dynamic_task_mapping_with_no_taskflow_operators to 2026-06-11 00:00:00+00:00, run_after=2026-06-12 00:00:00+00:00
[2026-06-12T11:13:09.657+0000] {processor.py:183} INFO - Processing /home/airflow/.local/lib/python3.8/site-packages/airflow/example_dags/example_dynamic_task_mapping_with_no_taskflow_operators.py took 0.122 seconds
[2026-06-12T11:13:40.261+0000] {processor.py:161} INFO - Started process (PID=1468) to work on /home/airflow/.local/lib/python3.8/site-packages/airflow/example_dags/example_dynamic_task_mapping_with_no_taskflow_operators.py
[2026-06-12T11:13:40.262+0000] {processor.py:830} INFO - Processing file /home/airflow/.local/lib/python3.8/site-packages/airflow/example_dags/example_dynamic_task_mapping_with_no_taskflow_operators.py for tasks to queue
[2026-06-12T11:13:40.264+0000] {logging_mixin.py:188} INFO - [2026-06-12T11:13:40.264+0000] {dagbag.py:538} INFO - Filling up the DagBag from /home/airflow/.local/lib/python3.8/site-packages/airflow/example_dags/example_dynamic_task_mapping_with_no_taskflow_operators.py
[2026-06-12T11:13:40.273+0000] {processor.py:840} INFO - DAG(s) 'example_dynamic_task_mapping_with_no_taskflow_operators' retrieved from /home/airflow/.local/lib/python3.8/site-packages/airflow/example_dags/example_dynamic_task_mapping_with_no_taskflow_operators.py
[2026-06-12T11:13:40.307+0000] {logging_mixin.py:188} INFO - [2026-06-12T11:13:40.307+0000] {dag.py:3036} INFO - Sync 1 DAGs
[2026-06-12T11:13:40.341+0000] {logging_mixin.py:188} INFO - [2026-06-12T11:13:40.341+0000] {dag.py:3823} INFO - Setting next_dagrun for example_dynamic_task_mapping_with_no_taskflow_operators to 2026-06-11 00:00:00+00:00, run_after=2026-06-12 00:00:00+00:00
[2026-06-12T11:13:40.366+0000] {processor.py:183} INFO - Processing /home/airflow/.local/lib/python3.8/site-packages/airflow/example_dags/example_dynamic_task_mapping_with_no_taskflow_operators.py took 0.110 seconds
[2026-06-12T11:14:11.161+0000] {processor.py:161} INFO - Started process (PID=1535) to work on /home/airflow/.local/lib/python3.8/site-packages/airflow/example_dags/example_dynamic_task_mapping_with_no_taskflow_operators.py
[2026-06-12T11:14:11.170+0000] {processor.py:830} INFO - Processing file /home/airflow/.local/lib/python3.8/site-packages/airflow/example_dags/example_dynamic_task_mapping_with_no_taskflow_operators.py for tasks to queue
[2026-06-12T11:14:11.174+0000] {logging_mixin.py:188} INFO - [2026-06-12T11:14:11.173+0000] {dagbag.py:538} INFO - Filling up the DagBag from /home/airflow/.local/lib/python3.8/site-packages/airflow/example_dags/example_dynamic_task_mapping_with_no_taskflow_operators.py
[2026-06-12T11:14:11.183+0000] {processor.py:840} INFO - DAG(s) 'example_dynamic_task_mapping_with_no_taskflow_operators' retrieved from /home/airflow/.local/lib/python3.8/site-packages/airflow/example_dags/example_dynamic_task_mapping_with_no_taskflow_operators.py
[2026-06-12T11:14:11.217+0000] {logging_mixin.py:188} INFO - [2026-06-12T11:14:11.216+0000] {dag.py:3036} INFO - Sync 1 DAGs
[2026-06-12T11:14:11.254+0000] {logging_mixin.py:188} INFO - [2026-06-12T11:14:11.254+0000] {dag.py:3823} INFO - Setting next_dagrun for example_dynamic_task_mapping_with_no_taskflow_operators to 2026-06-11 00:00:00+00:00, run_after=2026-06-12 00:00:00+00:00
[2026-06-12T11:14:11.283+0000] {processor.py:183} INFO - Processing /home/airflow/.local/lib/python3.8/site-packages/airflow/example_dags/example_dynamic_task_mapping_with_no_taskflow_operators.py took 0.130 seconds
[2026-06-12T11:14:41.952+0000] {processor.py:161} INFO - Started process (PID=1601) to work on /home/airflow/.local/lib/python3.8/site-packages/airflow/example_dags/example_dynamic_task_mapping_with_no_taskflow_operators.py
[2026-06-12T11:14:41.954+0000] {processor.py:830} INFO - Processing file /home/airflow/.local/lib/python3.8/site-packages/airflow/example_dags/example_dynamic_task_mapping_with_no_taskflow_operators.py for tasks to queue
[2026-06-12T11:14:41.956+0000] {logging_mixin.py:188} INFO - [2026-06-12T11:14:41.956+0000] {dagbag.py:538} INFO - Filling up the DagBag from /home/airflow/.local/lib/python3.8/site-packages/airflow/example_dags/example_dynamic_task_mapping_with_no_taskflow_operators.py
[2026-06-12T11:14:41.967+0000] {processor.py:840} INFO - DAG(s) 'example_dynamic_task_mapping_with_no_taskflow_operators' retrieved from /home/airflow/.local/lib/python3.8/site-packages/airflow/example_dags/example_dynamic_task_mapping_with_no_taskflow_operators.py
[2026-06-12T11:14:42.001+0000] {logging_mixin.py:188} INFO - [2026-06-12T11:14:42.001+0000] {dag.py:3036} INFO - Sync 1 DAGs
[2026-06-12T11:14:42.036+0000] {logging_mixin.py:188} INFO - [2026-06-12T11:14:42.035+0000] {dag.py:3823} INFO - Setting next_dagrun for example_dynamic_task_mapping_with_no_taskflow_operators to 2026-06-11 00:00:00+00:00, run_after=2026-06-12 00:00:00+00:00
[2026-06-12T11:14:42.065+0000] {processor.py:183} INFO - Processing /home/airflow/.local/lib/python3.8/site-packages/airflow/example_dags/example_dynamic_task_mapping_with_no_taskflow_operators.py took 0.118 seconds
[2026-06-12T11:15:12.225+0000] {processor.py:161} INFO - Started process (PID=1667) to work on /home/airflow/.local/lib/python3.8/site-packages/airflow/example_dags/example_dynamic_task_mapping_with_no_taskflow_operators.py
[2026-06-12T11:15:12.226+0000] {processor.py:830} INFO - Processing file /home/airflow/.local/lib/python3.8/site-packages/airflow/example_dags/example_dynamic_task_mapping_with_no_taskflow_operators.py for tasks to queue
[2026-06-12T11:15:12.228+0000] {logging_mixin.py:188} INFO - [2026-06-12T11:15:12.228+0000] {dagbag.py:538} INFO - Filling up the DagBag from /home/airflow/.local/lib/python3.8/site-packages/airflow/example_dags/example_dynamic_task_mapping_with_no_taskflow_operators.py
[2026-06-12T11:15:12.237+0000] {processor.py:840} INFO - DAG(s) 'example_dynamic_task_mapping_with_no_taskflow_operators' retrieved from /home/airflow/.local/lib/python3.8/site-packages/airflow/example_dags/example_dynamic_task_mapping_with_no_taskflow_operators.py
[2026-06-12T11:15:12.271+0000] {logging_mixin.py:188} INFO - [2026-06-12T11:15:12.271+0000] {dag.py:3036} INFO - Sync 1 DAGs
[2026-06-12T11:15:12.305+0000] {logging_mixin.py:188} INFO - [2026-06-12T11:15:12.304+0000] {dag.py:3823} INFO - Setting next_dagrun for example_dynamic_task_mapping_with_no_taskflow_operators to 2026-06-11 00:00:00+00:00, run_after=2026-06-12 00:00:00+00:00
[2026-06-12T11:15:12.330+0000] {processor.py:183} INFO - Processing /home/airflow/.local/lib/python3.8/site-packages/airflow/example_dags/example_dynamic_task_mapping_with_no_taskflow_operators.py took 0.109 seconds
[2026-06-12T11:15:42.684+0000] {processor.py:161} INFO - Started process (PID=1734) to work on /home/airflow/.local/lib/python3.8/site-packages/airflow/example_dags/example_dynamic_task_mapping_with_no_taskflow_operators.py
[2026-06-12T11:15:42.686+0000] {processor.py:830} INFO - Processing file /home/airflow/.local/lib/python3.8/site-packages/airflow/example_dags/example_dynamic_task_mapping_with_no_taskflow_operators.py for tasks to queue
[2026-06-12T11:15:42.688+0000] {logging_mixin.py:188} INFO - [2026-06-12T11:15:42.688+0000] {dagbag.py:538} INFO - Filling up the DagBag from /home/airflow/.local/lib/python3.8/site-packages/airflow/example_dags/example_dynamic_task_mapping_with_no_taskflow_operators.py
[2026-06-12T11:15:42.698+0000] {processor.py:840} INFO - DAG(s) 'example_dynamic_task_mapping_with_no_taskflow_operators' retrieved from /home/airflow/.local/lib/python3.8/site-packages/airflow/example_dags/example_dynamic_task_mapping_with_no_taskflow_operators.py
[2026-06-12T11:15:42.734+0000] {logging_mixin.py:188} INFO - [2026-06-12T11:15:42.733+0000] {dag.py:3036} INFO - Sync 1 DAGs
[2026-06-12T11:15:42.773+0000] {logging_mixin.py:188} INFO - [2026-06-12T11:15:42.773+0000] {dag.py:3823} INFO - Setting next_dagrun for example_dynamic_task_mapping_with_no_taskflow_operators to 2026-06-11 00:00:00+00:00, run_after=2026-06-12 00:00:00+00:00
[2026-06-12T11:15:42.801+0000] {processor.py:183} INFO - Processing /home/airflow/.local/lib/python3.8/site-packages/airflow/example_dags/example_dynamic_task_mapping_with_no_taskflow_operators.py took 0.123 seconds
[2026-06-12T11:16:13.025+0000] {processor.py:161} INFO - Started process (PID=1798) to work on /home/airflow/.local/lib/python3.8/site-packages/airflow/example_dags/example_dynamic_task_mapping_with_no_taskflow_operators.py
[2026-06-12T11:16:13.026+0000] {processor.py:830} INFO - Processing file /home/airflow/.local/lib/python3.8/site-packages/airflow/example_dags/example_dynamic_task_mapping_with_no_taskflow_operators.py for tasks to queue
[2026-06-12T11:16:13.029+0000] {logging_mixin.py:188} INFO - [2026-06-12T11:16:13.029+0000] {dagbag.py:538} INFO - Filling up the DagBag from /home/airflow/.local/lib/python3.8/site-packages/airflow/example_dags/example_dynamic_task_mapping_with_no_taskflow_operators.py
[2026-06-12T11:16:13.038+0000] {processor.py:840} INFO - DAG(s) 'example_dynamic_task_mapping_with_no_taskflow_operators' retrieved from /home/airflow/.local/lib/python3.8/site-packages/airflow/example_dags/example_dynamic_task_mapping_with_no_taskflow_operators.py
[2026-06-12T11:16:13.072+0000] {logging_mixin.py:188} INFO - [2026-06-12T11:16:13.072+0000] {dag.py:3036} INFO - Sync 1 DAGs
[2026-06-12T11:16:13.107+0000] {logging_mixin.py:188} INFO - [2026-06-12T11:16:13.107+0000] {dag.py:3823} INFO - Setting next_dagrun for example_dynamic_task_mapping_with_no_taskflow_operators to 2026-06-11 00:00:00+00:00, run_after=2026-06-12 00:00:00+00:00
[2026-06-12T11:16:13.133+0000] {processor.py:183} INFO - Processing /home/airflow/.local/lib/python3.8/site-packages/airflow/example_dags/example_dynamic_task_mapping_with_no_taskflow_operators.py took 0.114 seconds
[2026-06-12T11:16:43.941+0000] {processor.py:161} INFO - Started process (PID=1872) to work on /home/airflow/.local/lib/python3.8/site-packages/airflow/example_dags/example_dynamic_task_mapping_with_no_taskflow_operators.py
[2026-06-12T11:16:43.944+0000] {processor.py:830} INFO - Processing file /home/airflow/.local/lib/python3.8/site-packages/airflow/example_dags/example_dynamic_task_mapping_with_no_taskflow_operators.py for tasks to queue
[2026-06-12T11:16:43.947+0000] {logging_mixin.py:188} INFO - [2026-06-12T11:16:43.946+0000] {dagbag.py:538} INFO - Filling up the DagBag from /home/airflow/.local/lib/python3.8/site-packages/airflow/example_dags/example_dynamic_task_mapping_with_no_taskflow_operators.py
[2026-06-12T11:16:43.957+0000] {processor.py:840} INFO - DAG(s) 'example_dynamic_task_mapping_with_no_taskflow_operators' retrieved from /home/airflow/.local/lib/python3.8/site-packages/airflow/example_dags/example_dynamic_task_mapping_with_no_taskflow_operators.py
[2026-06-12T11:16:43.996+0000] {logging_mixin.py:188} INFO - [2026-06-12T11:16:43.996+0000] {dag.py:3036} INFO - Sync 1 DAGs
[2026-06-12T11:16:44.044+0000] {logging_mixin.py:188} INFO - [2026-06-12T11:16:44.044+0000] {dag.py:3823} INFO - Setting next_dagrun for example_dynamic_task_mapping_with_no_taskflow_operators to 2026-06-11 00:00:00+00:00, run_after=2026-06-12 00:00:00+00:00
[2026-06-12T11:16:44.080+0000] {processor.py:183} INFO - Processing /home/airflow/.local/lib/python3.8/site-packages/airflow/example_dags/example_dynamic_task_mapping_with_no_taskflow_operators.py took 0.144 seconds
[2026-06-12T11:17:14.459+0000] {processor.py:161} INFO - Started process (PID=1937) to work on /home/airflow/.local/lib/python3.8/site-packages/airflow/example_dags/example_dynamic_task_mapping_with_no_taskflow_operators.py
[2026-06-12T11:17:14.460+0000] {processor.py:830} INFO - Processing file /home/airflow/.local/lib/python3.8/site-packages/airflow/example_dags/example_dynamic_task_mapping_with_no_taskflow_operators.py for tasks to queue
[2026-06-12T11:17:14.464+0000] {logging_mixin.py:188} INFO - [2026-06-12T11:17:14.463+0000] {dagbag.py:538} INFO - Filling up the DagBag from /home/airflow/.local/lib/python3.8/site-packages/airflow/example_dags/example_dynamic_task_mapping_with_no_taskflow_operators.py
[2026-06-12T11:17:14.475+0000] {processor.py:840} INFO - DAG(s) 'example_dynamic_task_mapping_with_no_taskflow_operators' retrieved from /home/airflow/.local/lib/python3.8/site-packages/airflow/example_dags/example_dynamic_task_mapping_with_no_taskflow_operators.py
[2026-06-12T11:17:14.514+0000] {logging_mixin.py:188} INFO - [2026-06-12T11:17:14.514+0000] {dag.py:3036} INFO - Sync 1 DAGs
[2026-06-12T11:17:14.557+0000] {logging_mixin.py:188} INFO - [2026-06-12T11:17:14.556+0000] {dag.py:3823} INFO - Setting next_dagrun for example_dynamic_task_mapping_with_no_taskflow_operators to 2026-06-11 00:00:00+00:00, run_after=2026-06-12 00:00:00+00:00
[2026-06-12T11:17:14.586+0000] {processor.py:183} INFO - Processing /home/airflow/.local/lib/python3.8/site-packages/airflow/example_dags/example_dynamic_task_mapping_with_no_taskflow_operators.py took 0.133 seconds
[2026-06-12T11:17:44.758+0000] {processor.py:161} INFO - Started process (PID=2003) to work on /home/airflow/.local/lib/python3.8/site-packages/airflow/example_dags/example_dynamic_task_mapping_with_no_taskflow_operators.py
[2026-06-12T11:17:44.760+0000] {processor.py:830} INFO - Processing file /home/airflow/.local/lib/python3.8/site-packages/airflow/example_dags/example_dynamic_task_mapping_with_no_taskflow_operators.py for tasks to queue
[2026-06-12T11:17:44.762+0000] {logging_mixin.py:188} INFO - [2026-06-12T11:17:44.762+0000] {dagbag.py:538} INFO - Filling up the DagBag from /home/airflow/.local/lib/python3.8/site-packages/airflow/example_dags/example_dynamic_task_mapping_with_no_taskflow_operators.py
[2026-06-12T11:17:44.771+0000] {processor.py:840} INFO - DAG(s) 'example_dynamic_task_mapping_with_no_taskflow_operators' retrieved from /home/airflow/.local/lib/python3.8/site-packages/airflow/example_dags/example_dynamic_task_mapping_with_no_taskflow_operators.py
[2026-06-12T11:17:44.806+0000] {logging_mixin.py:188} INFO - [2026-06-12T11:17:44.806+0000] {dag.py:3036} INFO - Sync 1 DAGs
[2026-06-12T11:17:44.839+0000] {logging_mixin.py:188} INFO - [2026-06-12T11:17:44.839+0000] {dag.py:3823} INFO - Setting next_dagrun for example_dynamic_task_mapping_with_no_taskflow_operators to 2026-06-11 00:00:00+00:00, run_after=2026-06-12 00:00:00+00:00
[2026-06-12T11:17:44.867+0000] {processor.py:183} INFO - Processing /home/airflow/.local/lib/python3.8/site-packages/airflow/example_dags/example_dynamic_task_mapping_with_no_taskflow_operators.py took 0.114 seconds
[2026-06-12T11:18:14.988+0000] {processor.py:161} INFO - Started process (PID=2069) to work on /home/airflow/.local/lib/python3.8/site-packages/airflow/example_dags/example_dynamic_task_mapping_with_no_taskflow_operators.py
[2026-06-12T11:18:14.990+0000] {processor.py:830} INFO - Processing file /home/airflow/.local/lib/python3.8/site-packages/airflow/example_dags/example_dynamic_task_mapping_with_no_taskflow_operators.py for tasks to queue
[2026-06-12T11:18:14.993+0000] {logging_mixin.py:188} INFO - [2026-06-12T11:18:14.993+0000] {dagbag.py:538} INFO - Filling up the DagBag from /home/airflow/.local/lib/python3.8/site-packages/airflow/example_dags/example_dynamic_task_mapping_with_no_taskflow_operators.py
[2026-06-12T11:18:15.004+0000] {processor.py:840} INFO - DAG(s) 'example_dynamic_task_mapping_with_no_taskflow_operators' retrieved from /home/airflow/.local/lib/python3.8/site-packages/airflow/example_dags/example_dynamic_task_mapping_with_no_taskflow_operators.py
[2026-06-12T11:18:15.036+0000] {logging_mixin.py:188} INFO - [2026-06-12T11:18:15.036+0000] {dag.py:3036} INFO - Sync 1 DAGs
[2026-06-12T11:18:15.069+0000] {logging_mixin.py:188} INFO - [2026-06-12T11:18:15.069+0000] {dag.py:3823} INFO - Setting next_dagrun for example_dynamic_task_mapping_with_no_taskflow_operators to 2026-06-11 00:00:00+00:00, run_after=2026-06-12 00:00:00+00:00
[2026-06-12T11:18:15.094+0000] {processor.py:183} INFO - Processing /home/airflow/.local/lib/python3.8/site-packages/airflow/example_dags/example_dynamic_task_mapping_with_no_taskflow_operators.py took 0.112 seconds
[2026-06-12T11:18:45.392+0000] {processor.py:161} INFO - Started process (PID=2135) to work on /home/airflow/.local/lib/python3.8/site-packages/airflow/example_dags/example_dynamic_task_mapping_with_no_taskflow_operators.py
[2026-06-12T11:18:45.394+0000] {processor.py:830} INFO - Processing file /home/airflow/.local/lib/python3.8/site-packages/airflow/example_dags/example_dynamic_task_mapping_with_no_taskflow_operators.py for tasks to queue
[2026-06-12T11:18:45.397+0000] {logging_mixin.py:188} INFO - [2026-06-12T11:18:45.396+0000] {dagbag.py:538} INFO - Filling up the DagBag from /home/airflow/.local/lib/python3.8/site-packages/airflow/example_dags/example_dynamic_task_mapping_with_no_taskflow_operators.py
[2026-06-12T11:18:45.405+0000] {processor.py:840} INFO - DAG(s) 'example_dynamic_task_mapping_with_no_taskflow_operators' retrieved from /home/airflow/.local/lib/python3.8/site-packages/airflow/example_dags/example_dynamic_task_mapping_with_no_taskflow_operators.py
[2026-06-12T11:18:45.438+0000] {logging_mixin.py:188} INFO - [2026-06-12T11:18:45.437+0000] {dag.py:3036} INFO - Sync 1 DAGs
[2026-06-12T11:18:45.470+0000] {logging_mixin.py:188} INFO - [2026-06-12T11:18:45.470+0000] {dag.py:3823} INFO - Setting next_dagrun for example_dynamic_task_mapping_with_no_taskflow_operators to 2026-06-11 00:00:00+00:00, run_after=2026-06-12 00:00:00+00:00
[2026-06-12T11:18:45.495+0000] {processor.py:183} INFO - Processing /home/airflow/.local/lib/python3.8/site-packages/airflow/example_dags/example_dynamic_task_mapping_with_no_taskflow_operators.py took 0.108 seconds
[2026-06-12T11:19:16.532+0000] {processor.py:161} INFO - Started process (PID=2201) to work on /home/airflow/.local/lib/python3.8/site-packages/airflow/example_dags/example_dynamic_task_mapping_with_no_taskflow_operators.py
[2026-06-12T11:19:16.533+0000] {processor.py:830} INFO - Processing file /home/airflow/.local/lib/python3.8/site-packages/airflow/example_dags/example_dynamic_task_mapping_with_no_taskflow_operators.py for tasks to queue
[2026-06-12T11:19:16.536+0000] {logging_mixin.py:188} INFO - [2026-06-12T11:19:16.535+0000] {dagbag.py:538} INFO - Filling up the DagBag from /home/airflow/.local/lib/python3.8/site-packages/airflow/example_dags/example_dynamic_task_mapping_with_no_taskflow_operators.py
[2026-06-12T11:19:16.545+0000] {processor.py:840} INFO - DAG(s) 'example_dynamic_task_mapping_with_no_taskflow_operators' retrieved from /home/airflow/.local/lib/python3.8/site-packages/airflow/example_dags/example_dynamic_task_mapping_with_no_taskflow_operators.py
[2026-06-12T11:19:16.577+0000] {logging_mixin.py:188} INFO - [2026-06-12T11:19:16.577+0000] {dag.py:3036} INFO - Sync 1 DAGs
[2026-06-12T11:19:16.612+0000] {logging_mixin.py:188} INFO - [2026-06-12T11:19:16.611+0000] {dag.py:3823} INFO - Setting next_dagrun for example_dynamic_task_mapping_with_no_taskflow_operators to 2026-06-11 00:00:00+00:00, run_after=2026-06-12 00:00:00+00:00
[2026-06-12T11:19:16.637+0000] {processor.py:183} INFO - Processing /home/airflow/.local/lib/python3.8/site-packages/airflow/example_dags/example_dynamic_task_mapping_with_no_taskflow_operators.py took 0.110 seconds
[2026-06-12T11:19:46.782+0000] {processor.py:161} INFO - Started process (PID=2267) to work on /home/airflow/.local/lib/python3.8/site-packages/airflow/example_dags/example_dynamic_task_mapping_with_no_taskflow_operators.py
[2026-06-12T11:19:46.784+0000] {processor.py:830} INFO - Processing file /home/airflow/.local/lib/python3.8/site-packages/airflow/example_dags/example_dynamic_task_mapping_with_no_taskflow_operators.py for tasks to queue
[2026-06-12T11:19:46.787+0000] {logging_mixin.py:188} INFO - [2026-06-12T11:19:46.786+0000] {dagbag.py:538} INFO - Filling up the DagBag from /home/airflow/.local/lib/python3.8/site-packages/airflow/example_dags/example_dynamic_task_mapping_with_no_taskflow_operators.py
[2026-06-12T11:19:46.796+0000] {processor.py:840} INFO - DAG(s) 'example_dynamic_task_mapping_with_no_taskflow_operators' retrieved from /home/airflow/.local/lib/python3.8/site-packages/airflow/example_dags/example_dynamic_task_mapping_with_no_taskflow_operators.py
[2026-06-12T11:19:46.831+0000] {logging_mixin.py:188} INFO - [2026-06-12T11:19:46.831+0000] {dag.py:3036} INFO - Sync 1 DAGs
[2026-06-12T11:19:46.868+0000] {logging_mixin.py:188} INFO - [2026-06-12T11:19:46.868+0000] {dag.py:3823} INFO - Setting next_dagrun for example_dynamic_task_mapping_with_no_taskflow_operators to 2026-06-11 00:00:00+00:00, run_after=2026-06-12 00:00:00+00:00
[2026-06-12T11:19:46.895+0000] {processor.py:183} INFO - Processing /home/airflow/.local/lib/python3.8/site-packages/airflow/example_dags/example_dynamic_task_mapping_with_no_taskflow_operators.py took 0.119 seconds
[2026-06-12T11:20:17.126+0000] {processor.py:161} INFO - Started process (PID=2333) to work on /home/airflow/.local/lib/python3.8/site-packages/airflow/example_dags/example_dynamic_task_mapping_with_no_taskflow_operators.py
[2026-06-12T11:20:17.127+0000] {processor.py:830} INFO - Processing file /home/airflow/.local/lib/python3.8/site-packages/airflow/example_dags/example_dynamic_task_mapping_with_no_taskflow_operators.py for tasks to queue
[2026-06-12T11:20:17.130+0000] {logging_mixin.py:188} INFO - [2026-06-12T11:20:17.129+0000] {dagbag.py:538} INFO - Filling up the DagBag from /home/airflow/.local/lib/python3.8/site-packages/airflow/example_dags/example_dynamic_task_mapping_with_no_taskflow_operators.py
[2026-06-12T11:20:17.139+0000] {processor.py:840} INFO - DAG(s) 'example_dynamic_task_mapping_with_no_taskflow_operators' retrieved from /home/airflow/.local/lib/python3.8/site-packages/airflow/example_dags/example_dynamic_task_mapping_with_no_taskflow_operators.py
[2026-06-12T11:20:17.175+0000] {logging_mixin.py:188} INFO - [2026-06-12T11:20:17.175+0000] {dag.py:3036} INFO - Sync 1 DAGs
[2026-06-12T11:20:17.210+0000] {logging_mixin.py:188} INFO - [2026-06-12T11:20:17.210+0000] {dag.py:3823} INFO - Setting next_dagrun for example_dynamic_task_mapping_with_no_taskflow_operators to 2026-06-11 00:00:00+00:00, run_after=2026-06-12 00:00:00+00:00
[2026-06-12T11:20:17.238+0000] {processor.py:183} INFO - Processing /home/airflow/.local/lib/python3.8/site-packages/airflow/example_dags/example_dynamic_task_mapping_with_no_taskflow_operators.py took 0.118 seconds
[2026-06-12T11:20:47.744+0000] {processor.py:161} INFO - Started process (PID=2406) to work on /home/airflow/.local/lib/python3.8/site-packages/airflow/example_dags/example_dynamic_task_mapping_with_no_taskflow_operators.py
[2026-06-12T11:20:47.746+0000] {processor.py:830} INFO - Processing file /home/airflow/.local/lib/python3.8/site-packages/airflow/example_dags/example_dynamic_task_mapping_with_no_taskflow_operators.py for tasks to queue
[2026-06-12T11:20:47.749+0000] {logging_mixin.py:188} INFO - [2026-06-12T11:20:47.749+0000] {dagbag.py:538} INFO - Filling up the DagBag from /home/airflow/.local/lib/python3.8/site-packages/airflow/example_dags/example_dynamic_task_mapping_with_no_taskflow_operators.py
[2026-06-12T11:20:47.760+0000] {processor.py:840} INFO - DAG(s) 'example_dynamic_task_mapping_with_no_taskflow_operators' retrieved from /home/airflow/.local/lib/python3.8/site-packages/airflow/example_dags/example_dynamic_task_mapping_with_no_taskflow_operators.py
[2026-06-12T11:20:47.803+0000] {logging_mixin.py:188} INFO - [2026-06-12T11:20:47.803+0000] {dag.py:3036} INFO - Sync 1 DAGs
[2026-06-12T11:20:47.845+0000] {logging_mixin.py:188} INFO - [2026-06-12T11:20:47.845+0000] {dag.py:3823} INFO - Setting next_dagrun for example_dynamic_task_mapping_with_no_taskflow_operators to 2026-06-11 00:00:00+00:00, run_after=2026-06-12 00:00:00+00:00
[2026-06-12T11:20:47.879+0000] {processor.py:183} INFO - Processing /home/airflow/.local/lib/python3.8/site-packages/airflow/example_dags/example_dynamic_task_mapping_with_no_taskflow_operators.py took 0.140 seconds
[2026-06-12T11:21:18.506+0000] {processor.py:161} INFO - Started process (PID=2473) to work on /home/airflow/.local/lib/python3.8/site-packages/airflow/example_dags/example_dynamic_task_mapping_with_no_taskflow_operators.py
[2026-06-12T11:21:18.508+0000] {processor.py:830} INFO - Processing file /home/airflow/.local/lib/python3.8/site-packages/airflow/example_dags/example_dynamic_task_mapping_with_no_taskflow_operators.py for tasks to queue
[2026-06-12T11:21:18.510+0000] {logging_mixin.py:188} INFO - [2026-06-12T11:21:18.510+0000] {dagbag.py:538} INFO - Filling up the DagBag from /home/airflow/.local/lib/python3.8/site-packages/airflow/example_dags/example_dynamic_task_mapping_with_no_taskflow_operators.py
[2026-06-12T11:21:18.520+0000] {processor.py:840} INFO - DAG(s) 'example_dynamic_task_mapping_with_no_taskflow_operators' retrieved from /home/airflow/.local/lib/python3.8/site-packages/airflow/example_dags/example_dynamic_task_mapping_with_no_taskflow_operators.py
[2026-06-12T11:21:18.555+0000] {logging_mixin.py:188} INFO - [2026-06-12T11:21:18.554+0000] {dag.py:3036} INFO - Sync 1 DAGs
[2026-06-12T11:21:18.598+0000] {logging_mixin.py:188} INFO - [2026-06-12T11:21:18.597+0000] {dag.py:3823} INFO - Setting next_dagrun for example_dynamic_task_mapping_with_no_taskflow_operators to 2026-06-11 00:00:00+00:00, run_after=2026-06-12 00:00:00+00:00
[2026-06-12T11:21:18.630+0000] {processor.py:183} INFO - Processing /home/airflow/.local/lib/python3.8/site-packages/airflow/example_dags/example_dynamic_task_mapping_with_no_taskflow_operators.py took 0.129 seconds
[2026-06-12T11:21:48.941+0000] {processor.py:161} INFO - Started process (PID=2539) to work on /home/airflow/.local/lib/python3.8/site-packages/airflow/example_dags/example_dynamic_task_mapping_with_no_taskflow_operators.py
[2026-06-12T11:21:48.943+0000] {processor.py:830} INFO - Processing file /home/airflow/.local/lib/python3.8/site-packages/airflow/example_dags/example_dynamic_task_mapping_with_no_taskflow_operators.py for tasks to queue
[2026-06-12T11:21:48.946+0000] {logging_mixin.py:188} INFO - [2026-06-12T11:21:48.946+0000] {dagbag.py:538} INFO - Filling up the DagBag from /home/airflow/.local/lib/python3.8/site-packages/airflow/example_dags/example_dynamic_task_mapping_with_no_taskflow_operators.py
[2026-06-12T11:21:48.955+0000] {processor.py:840} INFO - DAG(s) 'example_dynamic_task_mapping_with_no_taskflow_operators' retrieved from /home/airflow/.local/lib/python3.8/site-packages/airflow/example_dags/example_dynamic_task_mapping_with_no_taskflow_operators.py
[2026-06-12T11:21:48.997+0000] {logging_mixin.py:188} INFO - [2026-06-12T11:21:48.997+0000] {dag.py:3036} INFO - Sync 1 DAGs
[2026-06-12T11:21:49.039+0000] {logging_mixin.py:188} INFO - [2026-06-12T11:21:49.039+0000] {dag.py:3823} INFO - Setting next_dagrun for example_dynamic_task_mapping_with_no_taskflow_operators to 2026-06-11 00:00:00+00:00, run_after=2026-06-12 00:00:00+00:00
[2026-06-12T11:21:49.073+0000] {processor.py:183} INFO - Processing /home/airflow/.local/lib/python3.8/site-packages/airflow/example_dags/example_dynamic_task_mapping_with_no_taskflow_operators.py took 0.137 seconds
[2026-06-12T11:22:19.867+0000] {processor.py:161} INFO - Started process (PID=2605) to work on /home/airflow/.local/lib/python3.8/site-packages/airflow/example_dags/example_dynamic_task_mapping_with_no_taskflow_operators.py
[2026-06-12T11:22:19.869+0000] {processor.py:830} INFO - Processing file /home/airflow/.local/lib/python3.8/site-packages/airflow/example_dags/example_dynamic_task_mapping_with_no_taskflow_operators.py for tasks to queue
[2026-06-12T11:22:19.871+0000] {logging_mixin.py:188} INFO - [2026-06-12T11:22:19.871+0000] {dagbag.py:538} INFO - Filling up the DagBag from /home/airflow/.local/lib/python3.8/site-packages/airflow/example_dags/example_dynamic_task_mapping_with_no_taskflow_operators.py
[2026-06-12T11:22:19.882+0000] {processor.py:840} INFO - DAG(s) 'example_dynamic_task_mapping_with_no_taskflow_operators' retrieved from /home/airflow/.local/lib/python3.8/site-packages/airflow/example_dags/example_dynamic_task_mapping_with_no_taskflow_operators.py
[2026-06-12T11:22:19.917+0000] {logging_mixin.py:188} INFO - [2026-06-12T11:22:19.917+0000] {dag.py:3036} INFO - Sync 1 DAGs
[2026-06-12T11:22:19.961+0000] {logging_mixin.py:188} INFO - [2026-06-12T11:22:19.961+0000] {dag.py:3823} INFO - Setting next_dagrun for example_dynamic_task_mapping_with_no_taskflow_operators to 2026-06-11 00:00:00+00:00, run_after=2026-06-12 00:00:00+00:00
[2026-06-12T11:22:19.995+0000] {processor.py:183} INFO - Processing /home/airflow/.local/lib/python3.8/site-packages/airflow/example_dags/example_dynamic_task_mapping_with_no_taskflow_operators.py took 0.134 seconds
[2026-06-12T11:22:50.499+0000] {processor.py:161} INFO - Started process (PID=2671) to work on /home/airflow/.local/lib/python3.8/site-packages/airflow/example_dags/example_dynamic_task_mapping_with_no_taskflow_operators.py
[2026-06-12T11:22:50.501+0000] {processor.py:830} INFO - Processing file /home/airflow/.local/lib/python3.8/site-packages/airflow/example_dags/example_dynamic_task_mapping_with_no_taskflow_operators.py for tasks to queue
[2026-06-12T11:22:50.505+0000] {logging_mixin.py:188} INFO - [2026-06-12T11:22:50.504+0000] {dagbag.py:538} INFO - Filling up the DagBag from /home/airflow/.local/lib/python3.8/site-packages/airflow/example_dags/example_dynamic_task_mapping_with_no_taskflow_operators.py
[2026-06-12T11:22:50.515+0000] {processor.py:840} INFO - DAG(s) 'example_dynamic_task_mapping_with_no_taskflow_operators' retrieved from /home/airflow/.local/lib/python3.8/site-packages/airflow/example_dags/example_dynamic_task_mapping_with_no_taskflow_operators.py
[2026-06-12T11:22:50.552+0000] {logging_mixin.py:188} INFO - [2026-06-12T11:22:50.551+0000] {dag.py:3036} INFO - Sync 1 DAGs
[2026-06-12T11:22:50.588+0000] {logging_mixin.py:188} INFO - [2026-06-12T11:22:50.588+0000] {dag.py:3823} INFO - Setting next_dagrun for example_dynamic_task_mapping_with_no_taskflow_operators to 2026-06-11 00:00:00+00:00, run_after=2026-06-12 00:00:00+00:00
[2026-06-12T11:22:50.617+0000] {processor.py:183} INFO - Processing /home/airflow/.local/lib/python3.8/site-packages/airflow/example_dags/example_dynamic_task_mapping_with_no_taskflow_operators.py took 0.124 seconds
[2026-06-12T11:23:21.311+0000] {processor.py:161} INFO - Started process (PID=2736) to work on /home/airflow/.local/lib/python3.8/site-packages/airflow/example_dags/example_dynamic_task_mapping_with_no_taskflow_operators.py
[2026-06-12T11:23:21.313+0000] {processor.py:830} INFO - Processing file /home/airflow/.local/lib/python3.8/site-packages/airflow/example_dags/example_dynamic_task_mapping_with_no_taskflow_operators.py for tasks to queue
[2026-06-12T11:23:21.315+0000] {logging_mixin.py:188} INFO - [2026-06-12T11:23:21.315+0000] {dagbag.py:538} INFO - Filling up the DagBag from /home/airflow/.local/lib/python3.8/site-packages/airflow/example_dags/example_dynamic_task_mapping_with_no_taskflow_operators.py
[2026-06-12T11:23:21.324+0000] {processor.py:840} INFO - DAG(s) 'example_dynamic_task_mapping_with_no_taskflow_operators' retrieved from /home/airflow/.local/lib/python3.8/site-packages/airflow/example_dags/example_dynamic_task_mapping_with_no_taskflow_operators.py
[2026-06-12T11:23:21.358+0000] {logging_mixin.py:188} INFO - [2026-06-12T11:23:21.358+0000] {dag.py:3036} INFO - Sync 1 DAGs
[2026-06-12T11:23:21.394+0000] {logging_mixin.py:188} INFO - [2026-06-12T11:23:21.393+0000] {dag.py:3823} INFO - Setting next_dagrun for example_dynamic_task_mapping_with_no_taskflow_operators to 2026-06-11 00:00:00+00:00, run_after=2026-06-12 00:00:00+00:00
[2026-06-12T11:23:21.424+0000] {processor.py:183} INFO - Processing /home/airflow/.local/lib/python3.8/site-packages/airflow/example_dags/example_dynamic_task_mapping_with_no_taskflow_operators.py took 0.119 seconds
[2026-06-12T11:23:51.525+0000] {processor.py:161} INFO - Started process (PID=2800) to work on /home/airflow/.local/lib/python3.8/site-packages/airflow/example_dags/example_dynamic_task_mapping_with_no_taskflow_operators.py
[2026-06-12T11:23:51.527+0000] {processor.py:830} INFO - Processing file /home/airflow/.local/lib/python3.8/site-packages/airflow/example_dags/example_dynamic_task_mapping_with_no_taskflow_operators.py for tasks to queue
[2026-06-12T11:23:51.530+0000] {logging_mixin.py:188} INFO - [2026-06-12T11:23:51.529+0000] {dagbag.py:538} INFO - Filling up the DagBag from /home/airflow/.local/lib/python3.8/site-packages/airflow/example_dags/example_dynamic_task_mapping_with_no_taskflow_operators.py
[2026-06-12T11:23:51.541+0000] {processor.py:840} INFO - DAG(s) 'example_dynamic_task_mapping_with_no_taskflow_operators' retrieved from /home/airflow/.local/lib/python3.8/site-packages/airflow/example_dags/example_dynamic_task_mapping_with_no_taskflow_operators.py
[2026-06-12T11:23:51.581+0000] {logging_mixin.py:188} INFO - [2026-06-12T11:23:51.580+0000] {dag.py:3036} INFO - Sync 1 DAGs
[2026-06-12T11:23:51.616+0000] {logging_mixin.py:188} INFO - [2026-06-12T11:23:51.616+0000] {dag.py:3823} INFO - Setting next_dagrun for example_dynamic_task_mapping_with_no_taskflow_operators to 2026-06-11 00:00:00+00:00, run_after=2026-06-12 00:00:00+00:00
[2026-06-12T11:23:51.644+0000] {processor.py:183} INFO - Processing /home/airflow/.local/lib/python3.8/site-packages/airflow/example_dags/example_dynamic_task_mapping_with_no_taskflow_operators.py took 0.124 seconds
[2026-06-12T11:24:22.003+0000] {processor.py:161} INFO - Started process (PID=2866) to work on /home/airflow/.local/lib/python3.8/site-packages/airflow/example_dags/example_dynamic_task_mapping_with_no_taskflow_operators.py
[2026-06-12T11:24:22.005+0000] {processor.py:830} INFO - Processing file /home/airflow/.local/lib/python3.8/site-packages/airflow/example_dags/example_dynamic_task_mapping_with_no_taskflow_operators.py for tasks to queue
[2026-06-12T11:24:22.007+0000] {logging_mixin.py:188} INFO - [2026-06-12T11:24:22.007+0000] {dagbag.py:538} INFO - Filling up the DagBag from /home/airflow/.local/lib/python3.8/site-packages/airflow/example_dags/example_dynamic_task_mapping_with_no_taskflow_operators.py
[2026-06-12T11:24:22.017+0000] {processor.py:840} INFO - DAG(s) 'example_dynamic_task_mapping_with_no_taskflow_operators' retrieved from /home/airflow/.local/lib/python3.8/site-packages/airflow/example_dags/example_dynamic_task_mapping_with_no_taskflow_operators.py
[2026-06-12T11:24:22.050+0000] {logging_mixin.py:188} INFO - [2026-06-12T11:24:22.050+0000] {dag.py:3036} INFO - Sync 1 DAGs
[2026-06-12T11:24:22.086+0000] {logging_mixin.py:188} INFO - [2026-06-12T11:24:22.085+0000] {dag.py:3823} INFO - Setting next_dagrun for example_dynamic_task_mapping_with_no_taskflow_operators to 2026-06-11 00:00:00+00:00, run_after=2026-06-12 00:00:00+00:00
[2026-06-12T11:24:22.112+0000] {processor.py:183} INFO - Processing /home/airflow/.local/lib/python3.8/site-packages/airflow/example_dags/example_dynamic_task_mapping_with_no_taskflow_operators.py took 0.114 seconds
[2026-06-12T11:24:53.039+0000] {processor.py:161} INFO - Started process (PID=2940) to work on /home/airflow/.local/lib/python3.8/site-packages/airflow/example_dags/example_dynamic_task_mapping_with_no_taskflow_operators.py
[2026-06-12T11:24:53.041+0000] {processor.py:830} INFO - Processing file /home/airflow/.local/lib/python3.8/site-packages/airflow/example_dags/example_dynamic_task_mapping_with_no_taskflow_operators.py for tasks to queue
[2026-06-12T11:24:53.044+0000] {logging_mixin.py:188} INFO - [2026-06-12T11:24:53.044+0000] {dagbag.py:538} INFO - Filling up the DagBag from /home/airflow/.local/lib/python3.8/site-packages/airflow/example_dags/example_dynamic_task_mapping_with_no_taskflow_operators.py
[2026-06-12T11:24:53.054+0000] {processor.py:840} INFO - DAG(s) 'example_dynamic_task_mapping_with_no_taskflow_operators' retrieved from /home/airflow/.local/lib/python3.8/site-packages/airflow/example_dags/example_dynamic_task_mapping_with_no_taskflow_operators.py
[2026-06-12T11:24:53.091+0000] {logging_mixin.py:188} INFO - [2026-06-12T11:24:53.091+0000] {dag.py:3036} INFO - Sync 1 DAGs
[2026-06-12T11:24:53.138+0000] {logging_mixin.py:188} INFO - [2026-06-12T11:24:53.138+0000] {dag.py:3823} INFO - Setting next_dagrun for example_dynamic_task_mapping_with_no_taskflow_operators to 2026-06-11 00:00:00+00:00, run_after=2026-06-12 00:00:00+00:00
[2026-06-12T11:24:53.215+0000] {processor.py:183} INFO - Processing /home/airflow/.local/lib/python3.8/site-packages/airflow/example_dags/example_dynamic_task_mapping_with_no_taskflow_operators.py took 0.182 seconds
[2026-06-12T11:25:24.106+0000] {processor.py:161} INFO - Started process (PID=3007) to work on /home/airflow/.local/lib/python3.8/site-packages/airflow/example_dags/example_dynamic_task_mapping_with_no_taskflow_operators.py
[2026-06-12T11:25:24.117+0000] {processor.py:830} INFO - Processing file /home/airflow/.local/lib/python3.8/site-packages/airflow/example_dags/example_dynamic_task_mapping_with_no_taskflow_operators.py for tasks to queue
[2026-06-12T11:25:24.120+0000] {logging_mixin.py:188} INFO - [2026-06-12T11:25:24.119+0000] {dagbag.py:538} INFO - Filling up the DagBag from /home/airflow/.local/lib/python3.8/site-packages/airflow/example_dags/example_dynamic_task_mapping_with_no_taskflow_operators.py
[2026-06-12T11:25:24.135+0000] {processor.py:840} INFO - DAG(s) 'example_dynamic_task_mapping_with_no_taskflow_operators' retrieved from /home/airflow/.local/lib/python3.8/site-packages/airflow/example_dags/example_dynamic_task_mapping_with_no_taskflow_operators.py
[2026-06-12T11:25:24.172+0000] {logging_mixin.py:188} INFO - [2026-06-12T11:25:24.172+0000] {dag.py:3036} INFO - Sync 1 DAGs
[2026-06-12T11:25:24.452+0000] {logging_mixin.py:188} INFO - [2026-06-12T11:25:24.451+0000] {dag.py:3823} INFO - Setting next_dagrun for example_dynamic_task_mapping_with_no_taskflow_operators to 2026-06-11 00:00:00+00:00, run_after=2026-06-12 00:00:00+00:00
[2026-06-12T11:25:24.484+0000] {processor.py:183} INFO - Processing /home/airflow/.local/lib/python3.8/site-packages/airflow/example_dags/example_dynamic_task_mapping_with_no_taskflow_operators.py took 0.394 seconds
[2026-06-12T11:25:55.130+0000] {processor.py:161} INFO - Started process (PID=3072) to work on /home/airflow/.local/lib/python3.8/site-packages/airflow/example_dags/example_dynamic_task_mapping_with_no_taskflow_operators.py
[2026-06-12T11:25:55.132+0000] {processor.py:830} INFO - Processing file /home/airflow/.local/lib/python3.8/site-packages/airflow/example_dags/example_dynamic_task_mapping_with_no_taskflow_operators.py for tasks to queue
[2026-06-12T11:25:55.135+0000] {logging_mixin.py:188} INFO - [2026-06-12T11:25:55.135+0000] {dagbag.py:538} INFO - Filling up the DagBag from /home/airflow/.local/lib/python3.8/site-packages/airflow/example_dags/example_dynamic_task_mapping_with_no_taskflow_operators.py
[2026-06-12T11:25:55.146+0000] {processor.py:840} INFO - DAG(s) 'example_dynamic_task_mapping_with_no_taskflow_operators' retrieved from /home/airflow/.local/lib/python3.8/site-packages/airflow/example_dags/example_dynamic_task_mapping_with_no_taskflow_operators.py
[2026-06-12T11:25:55.190+0000] {logging_mixin.py:188} INFO - [2026-06-12T11:25:55.190+0000] {dag.py:3036} INFO - Sync 1 DAGs
[2026-06-12T11:25:55.235+0000] {logging_mixin.py:188} INFO - [2026-06-12T11:25:55.234+0000] {dag.py:3823} INFO - Setting next_dagrun for example_dynamic_task_mapping_with_no_taskflow_operators to 2026-06-11 00:00:00+00:00, run_after=2026-06-12 00:00:00+00:00
[2026-06-12T11:25:55.277+0000] {processor.py:183} INFO - Processing /home/airflow/.local/lib/python3.8/site-packages/airflow/example_dags/example_dynamic_task_mapping_with_no_taskflow_operators.py took 0.153 seconds
[2026-06-12T11:26:25.463+0000] {processor.py:161} INFO - Started process (PID=3139) to work on /home/airflow/.local/lib/python3.8/site-packages/airflow/example_dags/example_dynamic_task_mapping_with_no_taskflow_operators.py
[2026-06-12T11:26:25.464+0000] {processor.py:830} INFO - Processing file /home/airflow/.local/lib/python3.8/site-packages/airflow/example_dags/example_dynamic_task_mapping_with_no_taskflow_operators.py for tasks to queue
[2026-06-12T11:26:25.466+0000] {logging_mixin.py:188} INFO - [2026-06-12T11:26:25.466+0000] {dagbag.py:538} INFO - Filling up the DagBag from /home/airflow/.local/lib/python3.8/site-packages/airflow/example_dags/example_dynamic_task_mapping_with_no_taskflow_operators.py
[2026-06-12T11:26:25.474+0000] {processor.py:840} INFO - DAG(s) 'example_dynamic_task_mapping_with_no_taskflow_operators' retrieved from /home/airflow/.local/lib/python3.8/site-packages/airflow/example_dags/example_dynamic_task_mapping_with_no_taskflow_operators.py
[2026-06-12T11:26:25.506+0000] {logging_mixin.py:188} INFO - [2026-06-12T11:26:25.506+0000] {dag.py:3036} INFO - Sync 1 DAGs
[2026-06-12T11:26:25.538+0000] {logging_mixin.py:188} INFO - [2026-06-12T11:26:25.538+0000] {dag.py:3823} INFO - Setting next_dagrun for example_dynamic_task_mapping_with_no_taskflow_operators to 2026-06-11 00:00:00+00:00, run_after=2026-06-12 00:00:00+00:00
[2026-06-12T11:26:25.564+0000] {processor.py:183} INFO - Processing /home/airflow/.local/lib/python3.8/site-packages/airflow/example_dags/example_dynamic_task_mapping_with_no_taskflow_operators.py took 0.106 seconds
[2026-06-12T11:26:56.015+0000] {processor.py:161} INFO - Started process (PID=3206) to work on /home/airflow/.local/lib/python3.8/site-packages/airflow/example_dags/example_dynamic_task_mapping_with_no_taskflow_operators.py
[2026-06-12T11:26:56.017+0000] {processor.py:830} INFO - Processing file /home/airflow/.local/lib/python3.8/site-packages/airflow/example_dags/example_dynamic_task_mapping_with_no_taskflow_operators.py for tasks to queue
[2026-06-12T11:26:56.020+0000] {logging_mixin.py:188} INFO - [2026-06-12T11:26:56.019+0000] {dagbag.py:538} INFO - Filling up the DagBag from /home/airflow/.local/lib/python3.8/site-packages/airflow/example_dags/example_dynamic_task_mapping_with_no_taskflow_operators.py
[2026-06-12T11:26:56.208+0000] {processor.py:840} INFO - DAG(s) 'example_dynamic_task_mapping_with_no_taskflow_operators' retrieved from /home/airflow/.local/lib/python3.8/site-packages/airflow/example_dags/example_dynamic_task_mapping_with_no_taskflow_operators.py
[2026-06-12T11:26:56.236+0000] {logging_mixin.py:188} INFO - [2026-06-12T11:26:56.236+0000] {dag.py:3036} INFO - Sync 1 DAGs
[2026-06-12T11:26:56.268+0000] {logging_mixin.py:188} INFO - [2026-06-12T11:26:56.267+0000] {dag.py:3823} INFO - Setting next_dagrun for example_dynamic_task_mapping_with_no_taskflow_operators to 2026-06-11 00:00:00+00:00, run_after=2026-06-12 00:00:00+00:00
[2026-06-12T11:26:56.294+0000] {processor.py:183} INFO - Processing /home/airflow/.local/lib/python3.8/site-packages/airflow/example_dags/example_dynamic_task_mapping_with_no_taskflow_operators.py took 0.283 seconds
[2026-06-12T11:27:26.611+0000] {processor.py:161} INFO - Started process (PID=3272) to work on /home/airflow/.local/lib/python3.8/site-packages/airflow/example_dags/example_dynamic_task_mapping_with_no_taskflow_operators.py
[2026-06-12T11:27:26.613+0000] {processor.py:830} INFO - Processing file /home/airflow/.local/lib/python3.8/site-packages/airflow/example_dags/example_dynamic_task_mapping_with_no_taskflow_operators.py for tasks to queue
[2026-06-12T11:27:26.616+0000] {logging_mixin.py:188} INFO - [2026-06-12T11:27:26.615+0000] {dagbag.py:538} INFO - Filling up the DagBag from /home/airflow/.local/lib/python3.8/site-packages/airflow/example_dags/example_dynamic_task_mapping_with_no_taskflow_operators.py
[2026-06-12T11:27:26.627+0000] {processor.py:840} INFO - DAG(s) 'example_dynamic_task_mapping_with_no_taskflow_operators' retrieved from /home/airflow/.local/lib/python3.8/site-packages/airflow/example_dags/example_dynamic_task_mapping_with_no_taskflow_operators.py
[2026-06-12T11:27:26.663+0000] {logging_mixin.py:188} INFO - [2026-06-12T11:27:26.663+0000] {dag.py:3036} INFO - Sync 1 DAGs
[2026-06-12T11:27:26.703+0000] {logging_mixin.py:188} INFO - [2026-06-12T11:27:26.703+0000] {dag.py:3823} INFO - Setting next_dagrun for example_dynamic_task_mapping_with_no_taskflow_operators to 2026-06-11 00:00:00+00:00, run_after=2026-06-12 00:00:00+00:00
[2026-06-12T11:27:26.729+0000] {processor.py:183} INFO - Processing /home/airflow/.local/lib/python3.8/site-packages/airflow/example_dags/example_dynamic_task_mapping_with_no_taskflow_operators.py took 0.123 seconds
[2026-06-12T11:27:56.945+0000] {processor.py:161} INFO - Started process (PID=3337) to work on /home/airflow/.local/lib/python3.8/site-packages/airflow/example_dags/example_dynamic_task_mapping_with_no_taskflow_operators.py
[2026-06-12T11:27:56.946+0000] {processor.py:830} INFO - Processing file /home/airflow/.local/lib/python3.8/site-packages/airflow/example_dags/example_dynamic_task_mapping_with_no_taskflow_operators.py for tasks to queue
[2026-06-12T11:27:56.948+0000] {logging_mixin.py:188} INFO - [2026-06-12T11:27:56.948+0000] {dagbag.py:538} INFO - Filling up the DagBag from /home/airflow/.local/lib/python3.8/site-packages/airflow/example_dags/example_dynamic_task_mapping_with_no_taskflow_operators.py
[2026-06-12T11:27:56.957+0000] {processor.py:840} INFO - DAG(s) 'example_dynamic_task_mapping_with_no_taskflow_operators' retrieved from /home/airflow/.local/lib/python3.8/site-packages/airflow/example_dags/example_dynamic_task_mapping_with_no_taskflow_operators.py
[2026-06-12T11:27:56.994+0000] {logging_mixin.py:188} INFO - [2026-06-12T11:27:56.994+0000] {dag.py:3036} INFO - Sync 1 DAGs
[2026-06-12T11:27:57.034+0000] {logging_mixin.py:188} INFO - [2026-06-12T11:27:57.034+0000] {dag.py:3823} INFO - Setting next_dagrun for example_dynamic_task_mapping_with_no_taskflow_operators to 2026-06-11 00:00:00+00:00, run_after=2026-06-12 00:00:00+00:00
[2026-06-12T11:27:57.061+0000] {processor.py:183} INFO - Processing /home/airflow/.local/lib/python3.8/site-packages/airflow/example_dags/example_dynamic_task_mapping_with_no_taskflow_operators.py took 0.121 seconds
[2026-06-12T11:28:27.264+0000] {processor.py:161} INFO - Started process (PID=3403) to work on /home/airflow/.local/lib/python3.8/site-packages/airflow/example_dags/example_dynamic_task_mapping_with_no_taskflow_operators.py
[2026-06-12T11:28:27.265+0000] {processor.py:830} INFO - Processing file /home/airflow/.local/lib/python3.8/site-packages/airflow/example_dags/example_dynamic_task_mapping_with_no_taskflow_operators.py for tasks to queue
[2026-06-12T11:28:27.267+0000] {logging_mixin.py:188} INFO - [2026-06-12T11:28:27.267+0000] {dagbag.py:538} INFO - Filling up the DagBag from /home/airflow/.local/lib/python3.8/site-packages/airflow/example_dags/example_dynamic_task_mapping_with_no_taskflow_operators.py
[2026-06-12T11:28:27.282+0000] {processor.py:840} INFO - DAG(s) 'example_dynamic_task_mapping_with_no_taskflow_operators' retrieved from /home/airflow/.local/lib/python3.8/site-packages/airflow/example_dags/example_dynamic_task_mapping_with_no_taskflow_operators.py
[2026-06-12T11:28:27.325+0000] {logging_mixin.py:188} INFO - [2026-06-12T11:28:27.324+0000] {dag.py:3036} INFO - Sync 1 DAGs
[2026-06-12T11:28:27.370+0000] {logging_mixin.py:188} INFO - [2026-06-12T11:28:27.369+0000] {dag.py:3823} INFO - Setting next_dagrun for example_dynamic_task_mapping_with_no_taskflow_operators to 2026-06-11 00:00:00+00:00, run_after=2026-06-12 00:00:00+00:00
[2026-06-12T11:28:27.397+0000] {processor.py:183} INFO - Processing /home/airflow/.local/lib/python3.8/site-packages/airflow/example_dags/example_dynamic_task_mapping_with_no_taskflow_operators.py took 0.139 seconds
[2026-06-12T11:28:57.838+0000] {processor.py:161} INFO - Started process (PID=3468) to work on /home/airflow/.local/lib/python3.8/site-packages/airflow/example_dags/example_dynamic_task_mapping_with_no_taskflow_operators.py
[2026-06-12T11:28:57.840+0000] {processor.py:830} INFO - Processing file /home/airflow/.local/lib/python3.8/site-packages/airflow/example_dags/example_dynamic_task_mapping_with_no_taskflow_operators.py for tasks to queue
[2026-06-12T11:28:57.843+0000] {logging_mixin.py:188} INFO - [2026-06-12T11:28:57.842+0000] {dagbag.py:538} INFO - Filling up the DagBag from /home/airflow/.local/lib/python3.8/site-packages/airflow/example_dags/example_dynamic_task_mapping_with_no_taskflow_operators.py
[2026-06-12T11:28:57.854+0000] {processor.py:840} INFO - DAG(s) 'example_dynamic_task_mapping_with_no_taskflow_operators' retrieved from /home/airflow/.local/lib/python3.8/site-packages/airflow/example_dags/example_dynamic_task_mapping_with_no_taskflow_operators.py
[2026-06-12T11:28:57.895+0000] {logging_mixin.py:188} INFO - [2026-06-12T11:28:57.894+0000] {dag.py:3036} INFO - Sync 1 DAGs
[2026-06-12T11:28:57.939+0000] {logging_mixin.py:188} INFO - [2026-06-12T11:28:57.938+0000] {dag.py:3823} INFO - Setting next_dagrun for example_dynamic_task_mapping_with_no_taskflow_operators to 2026-06-11 00:00:00+00:00, run_after=2026-06-12 00:00:00+00:00
[2026-06-12T11:28:57.968+0000] {processor.py:183} INFO - Processing /home/airflow/.local/lib/python3.8/site-packages/airflow/example_dags/example_dynamic_task_mapping_with_no_taskflow_operators.py took 0.136 seconds
[2026-06-12T11:29:28.682+0000] {processor.py:161} INFO - Started process (PID=3540) to work on /home/airflow/.local/lib/python3.8/site-packages/airflow/example_dags/example_dynamic_task_mapping_with_no_taskflow_operators.py
[2026-06-12T11:29:28.683+0000] {processor.py:830} INFO - Processing file /home/airflow/.local/lib/python3.8/site-packages/airflow/example_dags/example_dynamic_task_mapping_with_no_taskflow_operators.py for tasks to queue
[2026-06-12T11:29:28.686+0000] {logging_mixin.py:188} INFO - [2026-06-12T11:29:28.686+0000] {dagbag.py:538} INFO - Filling up the DagBag from /home/airflow/.local/lib/python3.8/site-packages/airflow/example_dags/example_dynamic_task_mapping_with_no_taskflow_operators.py
[2026-06-12T11:29:28.698+0000] {processor.py:840} INFO - DAG(s) 'example_dynamic_task_mapping_with_no_taskflow_operators' retrieved from /home/airflow/.local/lib/python3.8/site-packages/airflow/example_dags/example_dynamic_task_mapping_with_no_taskflow_operators.py
[2026-06-12T11:29:28.737+0000] {logging_mixin.py:188} INFO - [2026-06-12T11:29:28.737+0000] {dag.py:3036} INFO - Sync 1 DAGs
[2026-06-12T11:29:28.785+0000] {logging_mixin.py:188} INFO - [2026-06-12T11:29:28.785+0000] {dag.py:3823} INFO - Setting next_dagrun for example_dynamic_task_mapping_with_no_taskflow_operators to 2026-06-11 00:00:00+00:00, run_after=2026-06-12 00:00:00+00:00
[2026-06-12T11:29:28.819+0000] {processor.py:183} INFO - Processing /home/airflow/.local/lib/python3.8/site-packages/airflow/example_dags/example_dynamic_task_mapping_with_no_taskflow_operators.py took 0.143 seconds
[2026-06-12T11:29:58.931+0000] {processor.py:161} INFO - Started process (PID=3606) to work on /home/airflow/.local/lib/python3.8/site-packages/airflow/example_dags/example_dynamic_task_mapping_with_no_taskflow_operators.py
[2026-06-12T11:29:58.933+0000] {processor.py:830} INFO - Processing file /home/airflow/.local/lib/python3.8/site-packages/airflow/example_dags/example_dynamic_task_mapping_with_no_taskflow_operators.py for tasks to queue
[2026-06-12T11:29:58.936+0000] {logging_mixin.py:188} INFO - [2026-06-12T11:29:58.935+0000] {dagbag.py:538} INFO - Filling up the DagBag from /home/airflow/.local/lib/python3.8/site-packages/airflow/example_dags/example_dynamic_task_mapping_with_no_taskflow_operators.py
[2026-06-12T11:29:58.947+0000] {processor.py:840} INFO - DAG(s) 'example_dynamic_task_mapping_with_no_taskflow_operators' retrieved from /home/airflow/.local/lib/python3.8/site-packages/airflow/example_dags/example_dynamic_task_mapping_with_no_taskflow_operators.py
[2026-06-12T11:29:58.988+0000] {logging_mixin.py:188} INFO - [2026-06-12T11:29:58.987+0000] {dag.py:3036} INFO - Sync 1 DAGs
[2026-06-12T11:29:59.046+0000] {logging_mixin.py:188} INFO - [2026-06-12T11:29:59.045+0000] {dag.py:3823} INFO - Setting next_dagrun for example_dynamic_task_mapping_with_no_taskflow_operators to 2026-06-11 00:00:00+00:00, run_after=2026-06-12 00:00:00+00:00
[2026-06-12T11:29:59.082+0000] {processor.py:183} INFO - Processing /home/airflow/.local/lib/python3.8/site-packages/airflow/example_dags/example_dynamic_task_mapping_with_no_taskflow_operators.py took 0.157 seconds
[2026-06-12T11:30:29.292+0000] {processor.py:161} INFO - Started process (PID=3672) to work on /home/airflow/.local/lib/python3.8/site-packages/airflow/example_dags/example_dynamic_task_mapping_with_no_taskflow_operators.py
[2026-06-12T11:30:29.294+0000] {processor.py:830} INFO - Processing file /home/airflow/.local/lib/python3.8/site-packages/airflow/example_dags/example_dynamic_task_mapping_with_no_taskflow_operators.py for tasks to queue
[2026-06-12T11:30:29.298+0000] {logging_mixin.py:188} INFO - [2026-06-12T11:30:29.297+0000] {dagbag.py:538} INFO - Filling up the DagBag from /home/airflow/.local/lib/python3.8/site-packages/airflow/example_dags/example_dynamic_task_mapping_with_no_taskflow_operators.py
[2026-06-12T11:30:29.322+0000] {processor.py:840} INFO - DAG(s) 'example_dynamic_task_mapping_with_no_taskflow_operators' retrieved from /home/airflow/.local/lib/python3.8/site-packages/airflow/example_dags/example_dynamic_task_mapping_with_no_taskflow_operators.py
[2026-06-12T11:30:29.364+0000] {logging_mixin.py:188} INFO - [2026-06-12T11:30:29.363+0000] {dag.py:3036} INFO - Sync 1 DAGs
[2026-06-12T11:30:29.404+0000] {logging_mixin.py:188} INFO - [2026-06-12T11:30:29.404+0000] {dag.py:3823} INFO - Setting next_dagrun for example_dynamic_task_mapping_with_no_taskflow_operators to 2026-06-11 00:00:00+00:00, run_after=2026-06-12 00:00:00+00:00
[2026-06-12T11:30:29.432+0000] {processor.py:183} INFO - Processing /home/airflow/.local/lib/python3.8/site-packages/airflow/example_dags/example_dynamic_task_mapping_with_no_taskflow_operators.py took 0.146 seconds
[2026-06-12T11:31:00.192+0000] {processor.py:161} INFO - Started process (PID=3739) to work on /home/airflow/.local/lib/python3.8/site-packages/airflow/example_dags/example_dynamic_task_mapping_with_no_taskflow_operators.py
[2026-06-12T11:31:00.194+0000] {processor.py:830} INFO - Processing file /home/airflow/.local/lib/python3.8/site-packages/airflow/example_dags/example_dynamic_task_mapping_with_no_taskflow_operators.py for tasks to queue
[2026-06-12T11:31:00.196+0000] {logging_mixin.py:188} INFO - [2026-06-12T11:31:00.196+0000] {dagbag.py:538} INFO - Filling up the DagBag from /home/airflow/.local/lib/python3.8/site-packages/airflow/example_dags/example_dynamic_task_mapping_with_no_taskflow_operators.py
[2026-06-12T11:31:00.206+0000] {processor.py:840} INFO - DAG(s) 'example_dynamic_task_mapping_with_no_taskflow_operators' retrieved from /home/airflow/.local/lib/python3.8/site-packages/airflow/example_dags/example_dynamic_task_mapping_with_no_taskflow_operators.py
[2026-06-12T11:31:00.238+0000] {logging_mixin.py:188} INFO - [2026-06-12T11:31:00.237+0000] {dag.py:3036} INFO - Sync 1 DAGs
[2026-06-12T11:31:00.273+0000] {logging_mixin.py:188} INFO - [2026-06-12T11:31:00.272+0000] {dag.py:3823} INFO - Setting next_dagrun for example_dynamic_task_mapping_with_no_taskflow_operators to 2026-06-11 00:00:00+00:00, run_after=2026-06-12 00:00:00+00:00
[2026-06-12T11:31:00.299+0000] {processor.py:183} INFO - Processing /home/airflow/.local/lib/python3.8/site-packages/airflow/example_dags/example_dynamic_task_mapping_with_no_taskflow_operators.py took 0.111 seconds
[2026-06-12T11:31:30.410+0000] {processor.py:161} INFO - Started process (PID=3806) to work on /home/airflow/.local/lib/python3.8/site-packages/airflow/example_dags/example_dynamic_task_mapping_with_no_taskflow_operators.py
[2026-06-12T11:31:30.412+0000] {processor.py:830} INFO - Processing file /home/airflow/.local/lib/python3.8/site-packages/airflow/example_dags/example_dynamic_task_mapping_with_no_taskflow_operators.py for tasks to queue
[2026-06-12T11:31:30.415+0000] {logging_mixin.py:188} INFO - [2026-06-12T11:31:30.414+0000] {dagbag.py:538} INFO - Filling up the DagBag from /home/airflow/.local/lib/python3.8/site-packages/airflow/example_dags/example_dynamic_task_mapping_with_no_taskflow_operators.py
[2026-06-12T11:31:30.425+0000] {processor.py:840} INFO - DAG(s) 'example_dynamic_task_mapping_with_no_taskflow_operators' retrieved from /home/airflow/.local/lib/python3.8/site-packages/airflow/example_dags/example_dynamic_task_mapping_with_no_taskflow_operators.py
[2026-06-12T11:31:30.493+0000] {logging_mixin.py:188} INFO - [2026-06-12T11:31:30.493+0000] {dag.py:3036} INFO - Sync 1 DAGs
[2026-06-12T11:31:30.537+0000] {logging_mixin.py:188} INFO - [2026-06-12T11:31:30.537+0000] {dag.py:3823} INFO - Setting next_dagrun for example_dynamic_task_mapping_with_no_taskflow_operators to 2026-06-11 00:00:00+00:00, run_after=2026-06-12 00:00:00+00:00
[2026-06-12T11:31:30.564+0000] {processor.py:183} INFO - Processing /home/airflow/.local/lib/python3.8/site-packages/airflow/example_dags/example_dynamic_task_mapping_with_no_taskflow_operators.py took 0.160 seconds
[2026-06-12T11:32:01.004+0000] {processor.py:161} INFO - Started process (PID=3873) to work on /home/airflow/.local/lib/python3.8/site-packages/airflow/example_dags/example_dynamic_task_mapping_with_no_taskflow_operators.py
[2026-06-12T11:32:01.006+0000] {processor.py:830} INFO - Processing file /home/airflow/.local/lib/python3.8/site-packages/airflow/example_dags/example_dynamic_task_mapping_with_no_taskflow_operators.py for tasks to queue
[2026-06-12T11:32:01.009+0000] {logging_mixin.py:188} INFO - [2026-06-12T11:32:01.009+0000] {dagbag.py:538} INFO - Filling up the DagBag from /home/airflow/.local/lib/python3.8/site-packages/airflow/example_dags/example_dynamic_task_mapping_with_no_taskflow_operators.py
[2026-06-12T11:32:01.019+0000] {processor.py:840} INFO - DAG(s) 'example_dynamic_task_mapping_with_no_taskflow_operators' retrieved from /home/airflow/.local/lib/python3.8/site-packages/airflow/example_dags/example_dynamic_task_mapping_with_no_taskflow_operators.py
[2026-06-12T11:32:01.056+0000] {logging_mixin.py:188} INFO - [2026-06-12T11:32:01.056+0000] {dag.py:3036} INFO - Sync 1 DAGs
[2026-06-12T11:32:01.102+0000] {logging_mixin.py:188} INFO - [2026-06-12T11:32:01.102+0000] {dag.py:3823} INFO - Setting next_dagrun for example_dynamic_task_mapping_with_no_taskflow_operators to 2026-06-11 00:00:00+00:00, run_after=2026-06-12 00:00:00+00:00
[2026-06-12T11:32:01.131+0000] {processor.py:183} INFO - Processing /home/airflow/.local/lib/python3.8/site-packages/airflow/example_dags/example_dynamic_task_mapping_with_no_taskflow_operators.py took 0.132 seconds
[2026-06-12T11:32:31.474+0000] {processor.py:161} INFO - Started process (PID=3939) to work on /home/airflow/.local/lib/python3.8/site-packages/airflow/example_dags/example_dynamic_task_mapping_with_no_taskflow_operators.py
[2026-06-12T11:32:31.476+0000] {processor.py:830} INFO - Processing file /home/airflow/.local/lib/python3.8/site-packages/airflow/example_dags/example_dynamic_task_mapping_with_no_taskflow_operators.py for tasks to queue
[2026-06-12T11:32:31.478+0000] {logging_mixin.py:188} INFO - [2026-06-12T11:32:31.478+0000] {dagbag.py:538} INFO - Filling up the DagBag from /home/airflow/.local/lib/python3.8/site-packages/airflow/example_dags/example_dynamic_task_mapping_with_no_taskflow_operators.py
[2026-06-12T11:32:31.487+0000] {processor.py:840} INFO - DAG(s) 'example_dynamic_task_mapping_with_no_taskflow_operators' retrieved from /home/airflow/.local/lib/python3.8/site-packages/airflow/example_dags/example_dynamic_task_mapping_with_no_taskflow_operators.py
[2026-06-12T11:32:31.520+0000] {logging_mixin.py:188} INFO - [2026-06-12T11:32:31.519+0000] {dag.py:3036} INFO - Sync 1 DAGs
[2026-06-12T11:32:31.555+0000] {logging_mixin.py:188} INFO - [2026-06-12T11:32:31.554+0000] {dag.py:3823} INFO - Setting next_dagrun for example_dynamic_task_mapping_with_no_taskflow_operators to 2026-06-11 00:00:00+00:00, run_after=2026-06-12 00:00:00+00:00
[2026-06-12T11:32:31.584+0000] {processor.py:183} INFO - Processing /home/airflow/.local/lib/python3.8/site-packages/airflow/example_dags/example_dynamic_task_mapping_with_no_taskflow_operators.py took 0.114 seconds
[2026-06-12T11:33:02.055+0000] {processor.py:161} INFO - Started process (PID=4004) to work on /home/airflow/.local/lib/python3.8/site-packages/airflow/example_dags/example_dynamic_task_mapping_with_no_taskflow_operators.py
[2026-06-12T11:33:02.057+0000] {processor.py:830} INFO - Processing file /home/airflow/.local/lib/python3.8/site-packages/airflow/example_dags/example_dynamic_task_mapping_with_no_taskflow_operators.py for tasks to queue
[2026-06-12T11:33:02.059+0000] {logging_mixin.py:188} INFO - [2026-06-12T11:33:02.059+0000] {dagbag.py:538} INFO - Filling up the DagBag from /home/airflow/.local/lib/python3.8/site-packages/airflow/example_dags/example_dynamic_task_mapping_with_no_taskflow_operators.py
[2026-06-12T11:33:02.069+0000] {processor.py:840} INFO - DAG(s) 'example_dynamic_task_mapping_with_no_taskflow_operators' retrieved from /home/airflow/.local/lib/python3.8/site-packages/airflow/example_dags/example_dynamic_task_mapping_with_no_taskflow_operators.py
[2026-06-12T11:33:02.105+0000] {logging_mixin.py:188} INFO - [2026-06-12T11:33:02.105+0000] {dag.py:3036} INFO - Sync 1 DAGs
[2026-06-12T11:33:02.142+0000] {logging_mixin.py:188} INFO - [2026-06-12T11:33:02.141+0000] {dag.py:3823} INFO - Setting next_dagrun for example_dynamic_task_mapping_with_no_taskflow_operators to 2026-06-11 00:00:00+00:00, run_after=2026-06-12 00:00:00+00:00
[2026-06-12T11:33:02.172+0000] {processor.py:183} INFO - Processing /home/airflow/.local/lib/python3.8/site-packages/airflow/example_dags/example_dynamic_task_mapping_with_no_taskflow_operators.py took 0.123 seconds
[2026-06-12T11:33:32.648+0000] {processor.py:161} INFO - Started process (PID=4077) to work on /home/airflow/.local/lib/python3.8/site-packages/airflow/example_dags/example_dynamic_task_mapping_with_no_taskflow_operators.py
[2026-06-12T11:33:32.650+0000] {processor.py:830} INFO - Processing file /home/airflow/.local/lib/python3.8/site-packages/airflow/example_dags/example_dynamic_task_mapping_with_no_taskflow_operators.py for tasks to queue
[2026-06-12T11:33:32.653+0000] {logging_mixin.py:188} INFO - [2026-06-12T11:33:32.652+0000] {dagbag.py:538} INFO - Filling up the DagBag from /home/airflow/.local/lib/python3.8/site-packages/airflow/example_dags/example_dynamic_task_mapping_with_no_taskflow_operators.py
[2026-06-12T11:33:32.664+0000] {processor.py:840} INFO - DAG(s) 'example_dynamic_task_mapping_with_no_taskflow_operators' retrieved from /home/airflow/.local/lib/python3.8/site-packages/airflow/example_dags/example_dynamic_task_mapping_with_no_taskflow_operators.py
[2026-06-12T11:33:32.699+0000] {logging_mixin.py:188} INFO - [2026-06-12T11:33:32.699+0000] {dag.py:3036} INFO - Sync 1 DAGs
[2026-06-12T11:33:32.739+0000] {logging_mixin.py:188} INFO - [2026-06-12T11:33:32.738+0000] {dag.py:3823} INFO - Setting next_dagrun for example_dynamic_task_mapping_with_no_taskflow_operators to 2026-06-11 00:00:00+00:00, run_after=2026-06-12 00:00:00+00:00
[2026-06-12T11:33:32.770+0000] {processor.py:183} INFO - Processing /home/airflow/.local/lib/python3.8/site-packages/airflow/example_dags/example_dynamic_task_mapping_with_no_taskflow_operators.py took 0.127 seconds
[2026-06-12T11:34:03.424+0000] {processor.py:161} INFO - Started process (PID=4143) to work on /home/airflow/.local/lib/python3.8/site-packages/airflow/example_dags/example_dynamic_task_mapping_with_no_taskflow_operators.py
[2026-06-12T11:34:03.426+0000] {processor.py:830} INFO - Processing file /home/airflow/.local/lib/python3.8/site-packages/airflow/example_dags/example_dynamic_task_mapping_with_no_taskflow_operators.py for tasks to queue
[2026-06-12T11:34:03.429+0000] {logging_mixin.py:188} INFO - [2026-06-12T11:34:03.428+0000] {dagbag.py:538} INFO - Filling up the DagBag from /home/airflow/.local/lib/python3.8/site-packages/airflow/example_dags/example_dynamic_task_mapping_with_no_taskflow_operators.py
[2026-06-12T11:34:03.440+0000] {processor.py:840} INFO - DAG(s) 'example_dynamic_task_mapping_with_no_taskflow_operators' retrieved from /home/airflow/.local/lib/python3.8/site-packages/airflow/example_dags/example_dynamic_task_mapping_with_no_taskflow_operators.py
[2026-06-12T11:34:03.477+0000] {logging_mixin.py:188} INFO - [2026-06-12T11:34:03.477+0000] {dag.py:3036} INFO - Sync 1 DAGs
[2026-06-12T11:34:03.513+0000] {logging_mixin.py:188} INFO - [2026-06-12T11:34:03.513+0000] {dag.py:3823} INFO - Setting next_dagrun for example_dynamic_task_mapping_with_no_taskflow_operators to 2026-06-11 00:00:00+00:00, run_after=2026-06-12 00:00:00+00:00
[2026-06-12T11:34:03.539+0000] {processor.py:183} INFO - Processing /home/airflow/.local/lib/python3.8/site-packages/airflow/example_dags/example_dynamic_task_mapping_with_no_taskflow_operators.py took 0.121 seconds
[2026-06-12T11:34:34.166+0000] {processor.py:161} INFO - Started process (PID=4209) to work on /home/airflow/.local/lib/python3.8/site-packages/airflow/example_dags/example_dynamic_task_mapping_with_no_taskflow_operators.py
[2026-06-12T11:34:34.168+0000] {processor.py:830} INFO - Processing file /home/airflow/.local/lib/python3.8/site-packages/airflow/example_dags/example_dynamic_task_mapping_with_no_taskflow_operators.py for tasks to queue
[2026-06-12T11:34:34.171+0000] {logging_mixin.py:188} INFO - [2026-06-12T11:34:34.170+0000] {dagbag.py:538} INFO - Filling up the DagBag from /home/airflow/.local/lib/python3.8/site-packages/airflow/example_dags/example_dynamic_task_mapping_with_no_taskflow_operators.py
[2026-06-12T11:34:34.182+0000] {processor.py:840} INFO - DAG(s) 'example_dynamic_task_mapping_with_no_taskflow_operators' retrieved from /home/airflow/.local/lib/python3.8/site-packages/airflow/example_dags/example_dynamic_task_mapping_with_no_taskflow_operators.py
[2026-06-12T11:34:34.224+0000] {logging_mixin.py:188} INFO - [2026-06-12T11:34:34.224+0000] {dag.py:3036} INFO - Sync 1 DAGs
[2026-06-12T11:34:34.265+0000] {logging_mixin.py:188} INFO - [2026-06-12T11:34:34.265+0000] {dag.py:3823} INFO - Setting next_dagrun for example_dynamic_task_mapping_with_no_taskflow_operators to 2026-06-11 00:00:00+00:00, run_after=2026-06-12 00:00:00+00:00
[2026-06-12T11:34:34.295+0000] {processor.py:183} INFO - Processing /home/airflow/.local/lib/python3.8/site-packages/airflow/example_dags/example_dynamic_task_mapping_with_no_taskflow_operators.py took 0.135 seconds
[2026-06-12T11:35:04.714+0000] {processor.py:161} INFO - Started process (PID=4275) to work on /home/airflow/.local/lib/python3.8/site-packages/airflow/example_dags/example_dynamic_task_mapping_with_no_taskflow_operators.py
[2026-06-12T11:35:04.717+0000] {processor.py:830} INFO - Processing file /home/airflow/.local/lib/python3.8/site-packages/airflow/example_dags/example_dynamic_task_mapping_with_no_taskflow_operators.py for tasks to queue
[2026-06-12T11:35:04.720+0000] {logging_mixin.py:188} INFO - [2026-06-12T11:35:04.719+0000] {dagbag.py:538} INFO - Filling up the DagBag from /home/airflow/.local/lib/python3.8/site-packages/airflow/example_dags/example_dynamic_task_mapping_with_no_taskflow_operators.py
[2026-06-12T11:35:04.731+0000] {processor.py:840} INFO - DAG(s) 'example_dynamic_task_mapping_with_no_taskflow_operators' retrieved from /home/airflow/.local/lib/python3.8/site-packages/airflow/example_dags/example_dynamic_task_mapping_with_no_taskflow_operators.py
[2026-06-12T11:35:04.772+0000] {logging_mixin.py:188} INFO - [2026-06-12T11:35:04.771+0000] {dag.py:3036} INFO - Sync 1 DAGs
[2026-06-12T11:35:04.817+0000] {logging_mixin.py:188} INFO - [2026-06-12T11:35:04.817+0000] {dag.py:3823} INFO - Setting next_dagrun for example_dynamic_task_mapping_with_no_taskflow_operators to 2026-06-11 00:00:00+00:00, run_after=2026-06-12 00:00:00+00:00
[2026-06-12T11:35:04.849+0000] {processor.py:183} INFO - Processing /home/airflow/.local/lib/python3.8/site-packages/airflow/example_dags/example_dynamic_task_mapping_with_no_taskflow_operators.py took 0.140 seconds
[2026-06-12T11:35:35.197+0000] {processor.py:161} INFO - Started process (PID=4340) to work on /home/airflow/.local/lib/python3.8/site-packages/airflow/example_dags/example_dynamic_task_mapping_with_no_taskflow_operators.py
[2026-06-12T11:35:35.198+0000] {processor.py:830} INFO - Processing file /home/airflow/.local/lib/python3.8/site-packages/airflow/example_dags/example_dynamic_task_mapping_with_no_taskflow_operators.py for tasks to queue
[2026-06-12T11:35:35.201+0000] {logging_mixin.py:188} INFO - [2026-06-12T11:35:35.201+0000] {dagbag.py:538} INFO - Filling up the DagBag from /home/airflow/.local/lib/python3.8/site-packages/airflow/example_dags/example_dynamic_task_mapping_with_no_taskflow_operators.py
[2026-06-12T11:35:35.210+0000] {processor.py:840} INFO - DAG(s) 'example_dynamic_task_mapping_with_no_taskflow_operators' retrieved from /home/airflow/.local/lib/python3.8/site-packages/airflow/example_dags/example_dynamic_task_mapping_with_no_taskflow_operators.py
[2026-06-12T11:35:35.246+0000] {logging_mixin.py:188} INFO - [2026-06-12T11:35:35.246+0000] {dag.py:3036} INFO - Sync 1 DAGs
[2026-06-12T11:35:35.288+0000] {logging_mixin.py:188} INFO - [2026-06-12T11:35:35.287+0000] {dag.py:3823} INFO - Setting next_dagrun for example_dynamic_task_mapping_with_no_taskflow_operators to 2026-06-11 00:00:00+00:00, run_after=2026-06-12 00:00:00+00:00
[2026-06-12T11:35:35.315+0000] {processor.py:183} INFO - Processing /home/airflow/.local/lib/python3.8/site-packages/airflow/example_dags/example_dynamic_task_mapping_with_no_taskflow_operators.py took 0.122 seconds
[2026-06-12T11:36:05.589+0000] {processor.py:161} INFO - Started process (PID=4404) to work on /home/airflow/.local/lib/python3.8/site-packages/airflow/example_dags/example_dynamic_task_mapping_with_no_taskflow_operators.py
[2026-06-12T11:36:05.592+0000] {processor.py:830} INFO - Processing file /home/airflow/.local/lib/python3.8/site-packages/airflow/example_dags/example_dynamic_task_mapping_with_no_taskflow_operators.py for tasks to queue
[2026-06-12T11:36:05.595+0000] {logging_mixin.py:188} INFO - [2026-06-12T11:36:05.594+0000] {dagbag.py:538} INFO - Filling up the DagBag from /home/airflow/.local/lib/python3.8/site-packages/airflow/example_dags/example_dynamic_task_mapping_with_no_taskflow_operators.py
[2026-06-12T11:36:05.605+0000] {processor.py:840} INFO - DAG(s) 'example_dynamic_task_mapping_with_no_taskflow_operators' retrieved from /home/airflow/.local/lib/python3.8/site-packages/airflow/example_dags/example_dynamic_task_mapping_with_no_taskflow_operators.py
[2026-06-12T11:36:05.645+0000] {logging_mixin.py:188} INFO - [2026-06-12T11:36:05.645+0000] {dag.py:3036} INFO - Sync 1 DAGs
[2026-06-12T11:36:05.686+0000] {logging_mixin.py:188} INFO - [2026-06-12T11:36:05.686+0000] {dag.py:3823} INFO - Setting next_dagrun for example_dynamic_task_mapping_with_no_taskflow_operators to 2026-06-11 00:00:00+00:00, run_after=2026-06-12 00:00:00+00:00
[2026-06-12T11:36:05.714+0000] {processor.py:183} INFO - Processing /home/airflow/.local/lib/python3.8/site-packages/airflow/example_dags/example_dynamic_task_mapping_with_no_taskflow_operators.py took 0.131 seconds
[2026-06-12T11:36:36.101+0000] {processor.py:161} INFO - Started process (PID=4469) to work on /home/airflow/.local/lib/python3.8/site-packages/airflow/example_dags/example_dynamic_task_mapping_with_no_taskflow_operators.py
[2026-06-12T11:36:36.102+0000] {processor.py:830} INFO - Processing file /home/airflow/.local/lib/python3.8/site-packages/airflow/example_dags/example_dynamic_task_mapping_with_no_taskflow_operators.py for tasks to queue
[2026-06-12T11:36:36.104+0000] {logging_mixin.py:188} INFO - [2026-06-12T11:36:36.104+0000] {dagbag.py:538} INFO - Filling up the DagBag from /home/airflow/.local/lib/python3.8/site-packages/airflow/example_dags/example_dynamic_task_mapping_with_no_taskflow_operators.py
[2026-06-12T11:36:36.114+0000] {processor.py:840} INFO - DAG(s) 'example_dynamic_task_mapping_with_no_taskflow_operators' retrieved from /home/airflow/.local/lib/python3.8/site-packages/airflow/example_dags/example_dynamic_task_mapping_with_no_taskflow_operators.py
[2026-06-12T11:36:36.153+0000] {logging_mixin.py:188} INFO - [2026-06-12T11:36:36.152+0000] {dag.py:3036} INFO - Sync 1 DAGs
[2026-06-12T11:36:36.197+0000] {logging_mixin.py:188} INFO - [2026-06-12T11:36:36.196+0000] {dag.py:3823} INFO - Setting next_dagrun for example_dynamic_task_mapping_with_no_taskflow_operators to 2026-06-11 00:00:00+00:00, run_after=2026-06-12 00:00:00+00:00
[2026-06-12T11:36:36.225+0000] {processor.py:183} INFO - Processing /home/airflow/.local/lib/python3.8/site-packages/airflow/example_dags/example_dynamic_task_mapping_with_no_taskflow_operators.py took 0.130 seconds
[2026-06-12T11:37:06.521+0000] {processor.py:161} INFO - Started process (PID=4536) to work on /home/airflow/.local/lib/python3.8/site-packages/airflow/example_dags/example_dynamic_task_mapping_with_no_taskflow_operators.py
[2026-06-12T11:37:06.523+0000] {processor.py:830} INFO - Processing file /home/airflow/.local/lib/python3.8/site-packages/airflow/example_dags/example_dynamic_task_mapping_with_no_taskflow_operators.py for tasks to queue
[2026-06-12T11:37:06.526+0000] {logging_mixin.py:188} INFO - [2026-06-12T11:37:06.525+0000] {dagbag.py:538} INFO - Filling up the DagBag from /home/airflow/.local/lib/python3.8/site-packages/airflow/example_dags/example_dynamic_task_mapping_with_no_taskflow_operators.py
[2026-06-12T11:37:06.537+0000] {processor.py:840} INFO - DAG(s) 'example_dynamic_task_mapping_with_no_taskflow_operators' retrieved from /home/airflow/.local/lib/python3.8/site-packages/airflow/example_dags/example_dynamic_task_mapping_with_no_taskflow_operators.py
[2026-06-12T11:37:06.582+0000] {logging_mixin.py:188} INFO - [2026-06-12T11:37:06.581+0000] {dag.py:3036} INFO - Sync 1 DAGs
[2026-06-12T11:37:06.633+0000] {logging_mixin.py:188} INFO - [2026-06-12T11:37:06.632+0000] {dag.py:3823} INFO - Setting next_dagrun for example_dynamic_task_mapping_with_no_taskflow_operators to 2026-06-11 00:00:00+00:00, run_after=2026-06-12 00:00:00+00:00
[2026-06-12T11:37:06.678+0000] {processor.py:183} INFO - Processing /home/airflow/.local/lib/python3.8/site-packages/airflow/example_dags/example_dynamic_task_mapping_with_no_taskflow_operators.py took 0.163 seconds
